"entity","id","typed_path","title","build_status","markdown_path","dateien_file_count","imported_source_count"
"akteur","Architects_for_Future_Deutschland","akteur/Architects_for_Future_Deutschland","Architects_for_Future_Deutschland","clean_phase20","_database/akteur/Architects_for_Future_Deutschland/index.md","1","1"
"akteur","Architektenkammer_Berlin_A_Wie_Zirkulaer","akteur/Architektenkammer_Berlin_A_Wie_Zirkulaer","Architektenkammer_Berlin_A_Wie_Zirkulaer","clean_phase20","_database/akteur/Architektenkammer_Berlin_A_Wie_Zirkulaer/index.md","1","1"
"akteur","Arup","akteur/Arup","Arup","clean_phase20","_database/akteur/Arup/index.md","1","1"
"akteur","baubuero_in_situ_zirkular","akteur/baubuero_in_situ_zirkular","baubuero_in_situ_zirkular","clean_phase20","_database/akteur/baubuero_in_situ_zirkular/index.md","1","1"
"akteur","Bauhaus_Erde","akteur/Bauhaus_Erde","Bauhaus_Erde","clean_phase20","_database/akteur/Bauhaus_Erde/index.md","1","1"
"akteur","Bauteilboerse_Bremen","akteur/Bauteilboerse_Bremen","Bauteilboerse_Bremen","clean_phase20","_database/akteur/Bauteilboerse_Bremen/index.md","1","1"
"akteur","Bauteilboerse_Hannover","akteur/Bauteilboerse_Hannover","Bauteilboerse_Hannover","clean_phase20","_database/akteur/Bauteilboerse_Hannover/index.md","1","1"
"akteur","Bauteilnetz_Deutschland","akteur/Bauteilnetz_Deutschland","Bauteilnetz_Deutschland","clean_phase20","_database/akteur/Bauteilnetz_Deutschland/index.md","1","1"
"akteur","BBSR_Zukunft_Bau","akteur/BBSR_Zukunft_Bau","BBSR_Zukunft_Bau","clean_phase20","_database/akteur/BBSR_Zukunft_Bau/index.md","1","1"
"akteur","BDA_Bund_Deutscher_Architektinnen_Architekten","akteur/BDA_Bund_Deutscher_Architektinnen_Architekten","BDA_Bund_Deutscher_Architektinnen_Architekten","clean_phase20","_database/akteur/BDA_Bund_Deutscher_Architektinnen_Architekten/index.md","1","1"
"akteur","Bellastock","akteur/Bellastock","Bellastock","clean_phase20","_database/akteur/Bellastock/index.md","1","1"
"akteur","BIM_Berlin","akteur/BIM_Berlin","BIM_Berlin","clean_phase20","_database/akteur/BIM_Berlin/index.md","1","1"
"akteur","BIZH","akteur/BIZH","BIZH","clean_phase20","_database/akteur/BIZH/index.md","1","1"
"akteur","BLAF_Architecten","akteur/BLAF_Architecten","BLAF_Architecten","clean_phase20","_database/akteur/BLAF_Architecten/index.md","1","1"
"akteur","Bundesstiftung_Bauakademie","akteur/Bundesstiftung_Bauakademie","Bundesstiftung_Bauakademie","clean_phase20","_database/akteur/Bundesstiftung_Bauakademie/index.md","1","1"
"akteur","Bundesstiftung_Baukultur","akteur/Bundesstiftung_Baukultur","Bundesstiftung_Baukultur","clean_phase20","_database/akteur/Bundesstiftung_Baukultur/index.md","1","1"
"akteur","C2C_NGO","akteur/C2C_NGO","C2C_NGO","clean_phase20","_database/akteur/C2C_NGO/index.md","1","1"
"akteur","cepezed","akteur/cepezed","cepezed","clean_phase20","_database/akteur/cepezed/index.md","1","1"
"akteur","Circular_Berlin","akteur/Circular_Berlin","Circular_Berlin","clean_phase20","_database/akteur/Circular_Berlin/index.md","1","1"
"akteur","Circular_Structural_Design","akteur/Circular_Structural_Design","Circular_Structural_Design","clean_phase20","_database/akteur/Circular_Structural_Design/index.md","1","1"
"akteur","CITYFOERSTER","akteur/CITYFOERSTER","CITYFOERSTER","clean_phase20","_database/akteur/CITYFOERSTER/index.md","1","1"
"akteur","Cleveland_Steel_and_Tubes","akteur/Cleveland_Steel_and_Tubes","Cleveland_Steel_and_Tubes","clean_phase20","_database/akteur/Cleveland_Steel_and_Tubes/index.md","1","1"
"akteur","Concular","akteur/Concular","Concular","clean_phase20","_database/akteur/Concular/index.md","1","1"
"akteur","Consolis_Parma","akteur/Consolis_Parma","Consolis_Parma","clean_phase20","_database/akteur/Consolis_Parma/index.md","1","1"
"akteur","CRCLR_House","akteur/CRCLR_House","CRCLR_House","clean_phase20","_database/akteur/CRCLR_House/index.md","1","1"
"akteur","desiree_mann","akteur/desiree_mann","desiree_mann","clean_phase20","_database/akteur/desiree_mann/index.md","1","1"
"akteur","DGNB","akteur/DGNB","DGNB","clean_phase20","_database/akteur/DGNB/index.md","1","1"
"akteur","Dirk_Hebel","akteur/Dirk_Hebel","Dirk_Hebel","clean_phase20","_database/akteur/Dirk_Hebel/index.md","1","1"
"akteur","Drees_und_Sommer","akteur/Drees_und_Sommer","Drees_und_Sommer","clean_phase20","_database/akteur/Drees_und_Sommer/index.md","1","1"
"akteur","ellen_macarthur","akteur/ellen_macarthur","ellen_macarthur","clean_phase20","_database/akteur/ellen_macarthur/index.md","1","1"
"akteur","EPEA","akteur/EPEA","EPEA","clean_phase20","_database/akteur/EPEA/index.md","1","1"
"akteur","fred_mudge","akteur/fred_mudge","fred_mudge","clean_phase20","_database/akteur/fred_mudge/index.md","1","1"
"akteur","gj_bart_van_den_brink","akteur/gj_bart_van_den_brink","gj_bart_van_den_brink","clean_phase20","_database/akteur/gj_bart_van_den_brink/index.md","1","1"
"akteur","Haus_der_Materialisierung","akteur/Haus_der_Materialisierung","Haus_der_Materialisierung","clean_phase20","_database/akteur/Haus_der_Materialisierung/index.md","1","1"
"akteur","Huetten_und_Palaeste","akteur/Huetten_und_Palaeste","Huetten_und_Palaeste","clean_phase20","_database/akteur/Huetten_und_Palaeste/index.md","1","1"
"akteur","IfM_Initiativen_fuer_Materialkreislaeufe","akteur/IfM_Initiativen_fuer_Materialkreislaeufe","IfM_Initiativen_fuer_Materialkreislaeufe","clean_phase20","_database/akteur/IfM_Initiativen_fuer_Materialkreislaeufe/index.md","1","1"
"akteur","IMd_Raadgevende_Ingenieurs","akteur/IMd_Raadgevende_Ingenieurs","IMd_Raadgevende_Ingenieurs","clean_phase20","_database/akteur/IMd_Raadgevende_Ingenieurs/index.md","1","1"
"akteur","Kerstin_Mueller","akteur/Kerstin_Mueller","Kerstin_Mueller","clean_phase20","_database/akteur/Kerstin_Mueller/index.md","1","1"
"akteur","Kunst_Stoffe_Berlin","akteur/Kunst_Stoffe_Berlin","Kunst_Stoffe_Berlin","clean_phase20","_database/akteur/Kunst_Stoffe_Berlin/index.md","1","1"
"akteur","Lendager","akteur/Lendager","Lendager","clean_phase20","_database/akteur/Lendager/index.md","1","1"
"akteur","Lindner_Group_ReUsed_Products","akteur/Lindner_Group_ReUsed_Products","Lindner_Group_ReUsed_Products","clean_phase20","_database/akteur/Lindner_Group_ReUsed_Products/index.md","1","1"
"akteur","LXSY_Architektur","akteur/LXSY_Architektur","LXSY_Architektur","clean_phase20","_database/akteur/LXSY_Architektur/index.md","1","1"
"akteur","Madaster","akteur/Madaster","Madaster","clean_phase20","_database/akteur/Madaster/index.md","1","1"
"akteur","Material_Mafia","akteur/Material_Mafia","Material_Mafia","clean_phase20","_database/akteur/Material_Mafia/index.md","1","1"
"akteur","Nachhaltiges_Bauen","akteur/Nachhaltiges_Bauen","Nachhaltiges_Bauen","clean_phase20","_database/akteur/Nachhaltiges_Bauen/index.md","1","1"
"akteur","Natural_Building_Lab","akteur/Natural_Building_Lab","Natural_Building_Lab","clean_phase20","_database/akteur/Natural_Building_Lab/index.md","1","1"
"akteur","PARABASE","akteur/PARABASE","PARABASE","clean_phase20","_database/akteur/PARABASE/index.md","1","1"
"akteur","patrick_teuffel","akteur/patrick_teuffel","patrick_teuffel","clean_phase20","_database/akteur/patrick_teuffel/index.md","1","1"
"akteur","Phase_Nachhaltigkeit","akteur/Phase_Nachhaltigkeit","Phase_Nachhaltigkeit","clean_phase20","_database/akteur/Phase_Nachhaltigkeit/index.md","1","1"
"akteur","Ramboll_Finland","akteur/Ramboll_Finland","Ramboll_Finland","clean_phase20","_database/akteur/Ramboll_Finland/index.md","1","1"
"akteur","re_source_Stiftung","akteur/re_source_Stiftung","re_source_Stiftung","clean_phase20","_database/akteur/re_source_Stiftung/index.md","1","1"
"akteur","Restado","akteur/Restado","Restado","clean_phase20","_database/akteur/Restado/index.md","1","1"
"akteur","ReUse_Berlin","akteur/ReUse_Berlin","ReUse_Berlin","clean_phase20","_database/akteur/ReUse_Berlin/index.md","1","1"
"akteur","Rotor","akteur/Rotor","Rotor","clean_phase20","_database/akteur/Rotor/index.md","1","1"
"akteur","Rotor_DC","akteur/Rotor_DC","Rotor_DC","clean_phase20","_database/akteur/Rotor_DC/index.md","1","1"
"akteur","Skanska_Finland","akteur/Skanska_Finland","Skanska_Finland","clean_phase20","_database/akteur/Skanska_Finland/index.md","1","1"
"akteur","Superuse_Studios","akteur/Superuse_Studios","Superuse_Studios","clean_phase20","_database/akteur/Superuse_Studios/index.md","1","1"
"akteur","Umacon","akteur/Umacon","Umacon","clean_phase20","_database/akteur/Umacon/index.md","1","1"
"akteur","Umweltbundesamt","akteur/Umweltbundesamt","Umweltbundesamt","clean_phase20","_database/akteur/Umweltbundesamt/index.md","1","1"
"akteur","Unternehmerverband_Historische_Baustoffe_UHB","akteur/Unternehmerverband_Historische_Baustoffe_UHB","Unternehmerverband_Historische_Baustoffe_UHB","clean_phase20","_database/akteur/Unternehmerverband_Historische_Baustoffe_UHB/index.md","1","1"
"akteur","VDI_ZRE","akteur/VDI_ZRE","VDI_ZRE","clean_phase20","_database/akteur/VDI_ZRE/index.md","1","1"
"akteur","Werner_Sobek","akteur/Werner_Sobek","Werner_Sobek","clean_phase20","_database/akteur/Werner_Sobek/index.md","1","1"
"akteur","Wuppertal_Institut","akteur/Wuppertal_Institut","Wuppertal_Institut","clean_phase20","_database/akteur/Wuppertal_Institut/index.md","1","1"
"akteur","Zirkular_GmbH","akteur/Zirkular_GmbH","Zirkular_GmbH","clean_phase20","_database/akteur/Zirkular_GmbH/index.md","1","1"
"akteur","ZRS_Architekten_Ingenieure","akteur/ZRS_Architekten_Ingenieure","ZRS_Architekten_Ingenieure","clean_phase20","_database/akteur/ZRS_Architekten_Ingenieure/index.md","1","1"
"akteur_beteiligung","55_Great_Suffolk_Street_London__001__Fabrix","akteur_beteiligung/55_Great_Suffolk_Street_London__001__Fabrix","55_Great_Suffolk_Street_London__001__Fabrix","clean_phase20","_database/akteur_beteiligung/55_Great_Suffolk_Street_London__001__Fabrix/index.md","1","1"
"akteur_beteiligung","55_Great_Suffolk_Street_London__002__Hawkins_Brown","akteur_beteiligung/55_Great_Suffolk_Street_London__002__Hawkins_Brown","55_Great_Suffolk_Street_London__002__Hawkins_Brown","clean_phase20","_database/akteur_beteiligung/55_Great_Suffolk_Street_London__002__Hawkins_Brown/index.md","1","1"
"akteur_beteiligung","55_Great_Suffolk_Street_London__003__Symmetrys","akteur_beteiligung/55_Great_Suffolk_Street_London__003__Symmetrys","55_Great_Suffolk_Street_London__003__Symmetrys","clean_phase20","_database/akteur_beteiligung/55_Great_Suffolk_Street_London__003__Symmetrys/index.md","1","1"
"akteur_beteiligung","55_Great_Suffolk_Street_London__004__AKT_II","akteur_beteiligung/55_Great_Suffolk_Street_London__004__AKT_II","55_Great_Suffolk_Street_London__004__AKT_II","clean_phase20","_database/akteur_beteiligung/55_Great_Suffolk_Street_London__004__AKT_II/index.md","1","1"
"akteur_beteiligung","55_Great_Suffolk_Street_London__005__CBRE","akteur_beteiligung/55_Great_Suffolk_Street_London__005__CBRE","55_Great_Suffolk_Street_London__005__CBRE","clean_phase20","_database/akteur_beteiligung/55_Great_Suffolk_Street_London__005__CBRE/index.md","1","1"
"akteur_beteiligung","55_Great_Suffolk_Street_London__006__Opera","akteur_beteiligung/55_Great_Suffolk_Street_London__006__Opera","55_Great_Suffolk_Street_London__006__Opera","clean_phase20","_database/akteur_beteiligung/55_Great_Suffolk_Street_London__006__Opera/index.md","1","1"
"akteur_beteiligung","55_Great_Suffolk_Street_London__007__Gardiner_Theobald","akteur_beteiligung/55_Great_Suffolk_Street_London__007__Gardiner_Theobald","55_Great_Suffolk_Street_London__007__Gardiner_Theobald","clean_phase20","_database/akteur_beteiligung/55_Great_Suffolk_Street_London__007__Gardiner_Theobald/index.md","1","1"
"akteur_beteiligung","55_Great_Suffolk_Street_London__008__Cantillon","akteur_beteiligung/55_Great_Suffolk_Street_London__008__Cantillon","55_Great_Suffolk_Street_London__008__Cantillon","clean_phase20","_database/akteur_beteiligung/55_Great_Suffolk_Street_London__008__Cantillon/index.md","1","1"
"akteur_beteiligung","55_Great_Suffolk_Street_London__009__Cleveland_Steel_and_Tubes","akteur_beteiligung/55_Great_Suffolk_Street_London__009__Cleveland_Steel_and_Tubes","55_Great_Suffolk_Street_London__009__Cleveland_Steel_and_Tubes","clean_phase20","_database/akteur_beteiligung/55_Great_Suffolk_Street_London__009__Cleveland_Steel_and_Tubes/index.md","1","1"
"akteur_beteiligung","Association_house_Groeditz__001__Polony_2008_Mettke_Heyn_Dechantsreiter_als_Liter","akteur_beteiligung/Association_house_Groeditz__001__Polony_2008_Mettke_Heyn_Dechantsreiter_als_Liter","Association_house_Groeditz__001__Polony_2008_Mettke_Heyn_Dechantsreiter_als_Liter","clean_phase20","_database/akteur_beteiligung/Association_house_Groeditz__001__Polony_2008_Mettke_Heyn_Dechantsreiter_als_Liter/index.md","1","1"
"akteur_beteiligung","Association_house_Plauen__001__Angelika_Mettke_Heyn_et_al_Dechantsreiter_et_al","akteur_beteiligung/Association_house_Plauen__001__Angelika_Mettke_Heyn_et_al_Dechantsreiter_et_al","Association_house_Plauen__001__Angelika_Mettke_Heyn_et_al_Dechantsreiter_et_al","clean_phase20","_database/akteur_beteiligung/Association_house_Plauen__001__Angelika_Mettke_Heyn_et_al_Dechantsreiter_et_al/index.md","1","1"
"akteur_beteiligung","AWM_Muenster_Circular_Office__001__Abfallwirtschaftsbetriebe_M_nster_urselmann_inte","akteur_beteiligung/AWM_Muenster_Circular_Office__001__Abfallwirtschaftsbetriebe_M_nster_urselmann_inte","AWM_Muenster_Circular_Office__001__Abfallwirtschaftsbetriebe_M_nster_urselmann_inte","clean_phase20","_database/akteur_beteiligung/AWM_Muenster_Circular_Office__001__Abfallwirtschaftsbetriebe_M_nster_urselmann_inte/index.md","1","1"
"akteur_beteiligung","BedZED_London_Hackbridge__001__Bill_Dunster_ZEDfactory_BioRegional_Peabody_Trus","akteur_beteiligung/BedZED_London_Hackbridge__001__Bill_Dunster_ZEDfactory_BioRegional_Peabody_Trus","BedZED_London_Hackbridge__001__Bill_Dunster_ZEDfactory_BioRegional_Peabody_Trus","clean_phase20","_database/akteur_beteiligung/BedZED_London_Hackbridge__001__Bill_Dunster_ZEDfactory_BioRegional_Peabody_Trus/index.md","1","1"
"akteur_beteiligung","Berlin_Schildow_Pilot_House_2__001__Herv_Biele_Architekturb_ro_Conclus_Claus_Asam_IE","akteur_beteiligung/Berlin_Schildow_Pilot_House_2__001__Herv_Biele_Architekturb_ro_Conclus_Claus_Asam_IE","Berlin_Schildow_Pilot_House_2__001__Herv_Biele_Architekturb_ro_Conclus_Claus_Asam_IE","clean_phase20","_database/akteur_beteiligung/Berlin_Schildow_Pilot_House_2__001__Herv_Biele_Architekturb_ro_Conclus_Claus_Asam_IE/index.md","1","1"
"akteur_beteiligung","Berlin_Schildow_Pilot_House_2__002__Detlev_Lange_Familie_Lange","akteur_beteiligung/Berlin_Schildow_Pilot_House_2__002__Detlev_Lange_Familie_Lange","Berlin_Schildow_Pilot_House_2__002__Detlev_Lange_Familie_Lange","clean_phase20","_database/akteur_beteiligung/Berlin_Schildow_Pilot_House_2__002__Detlev_Lange_Familie_Lange/index.md","1","1"
"akteur_beteiligung","Berlin_Schildow_Pilot_House__001__Claus_Asam_IEMB_TU_Berlin_Architekturb_ro_Conclu","akteur_beteiligung/Berlin_Schildow_Pilot_House__001__Claus_Asam_IEMB_TU_Berlin_Architekturb_ro_Conclu","Berlin_Schildow_Pilot_House__001__Claus_Asam_IEMB_TU_Berlin_Architekturb_ro_Conclu","clean_phase20","_database/akteur_beteiligung/Berlin_Schildow_Pilot_House__001__Claus_Asam_IEMB_TU_Berlin_Architekturb_ro_Conclu/index.md","1","1"
"akteur_beteiligung","Big_Dig_Building_Boston__001__Single_Speed_Design_SsD","akteur_beteiligung/Big_Dig_Building_Boston__001__Single_Speed_Design_SsD","Big_Dig_Building_Boston__001__Single_Speed_Design_SsD","clean_phase20","_database/akteur_beteiligung/Big_Dig_Building_Boston__001__Single_Speed_Design_SsD/index.md","1","1"
"akteur_beteiligung","Big_Dig_Building_Boston__002__John_Hong_Jinhee_Park_Paul_Pedini","akteur_beteiligung/Big_Dig_Building_Boston__002__John_Hong_Jinhee_Park_Paul_Pedini","Big_Dig_Building_Boston__002__John_Hong_Jinhee_Park_Paul_Pedini","clean_phase20","_database/akteur_beteiligung/Big_Dig_Building_Boston__002__John_Hong_Jinhee_Park_Paul_Pedini/index.md","1","1"
"akteur_beteiligung","Big_Dig_House_Lexington_Massachusetts__001__Paul_Pedini","akteur_beteiligung/Big_Dig_House_Lexington_Massachusetts__001__Paul_Pedini","Big_Dig_House_Lexington_Massachusetts__001__Paul_Pedini","clean_phase20","_database/akteur_beteiligung/Big_Dig_House_Lexington_Massachusetts__001__Paul_Pedini/index.md","1","1"
"akteur_beteiligung","Big_Dig_House_Lexington_Massachusetts__002__Single_Speed_Design","akteur_beteiligung/Big_Dig_House_Lexington_Massachusetts__002__Single_Speed_Design","Big_Dig_House_Lexington_Massachusetts__002__Single_Speed_Design","clean_phase20","_database/akteur_beteiligung/Big_Dig_House_Lexington_Massachusetts__002__Single_Speed_Design/index.md","1","1"
"akteur_beteiligung","Big_Dig_House_Lexington_Massachusetts__003__John_Hong","akteur_beteiligung/Big_Dig_House_Lexington_Massachusetts__003__John_Hong","Big_Dig_House_Lexington_Massachusetts__003__John_Hong","clean_phase20","_database/akteur_beteiligung/Big_Dig_House_Lexington_Massachusetts__003__John_Hong/index.md","1","1"
"akteur_beteiligung","Big_Dig_House_Lexington_Massachusetts__004__Jinhee_Park","akteur_beteiligung/Big_Dig_House_Lexington_Massachusetts__004__Jinhee_Park","Big_Dig_House_Lexington_Massachusetts__004__Jinhee_Park","clean_phase20","_database/akteur_beteiligung/Big_Dig_House_Lexington_Massachusetts__004__Jinhee_Park/index.md","1","1"
"akteur_beteiligung","Big_Dig_House_Lexington_Massachusetts__005__Weidlinger_Associates","akteur_beteiligung/Big_Dig_House_Lexington_Massachusetts__005__Weidlinger_Associates","Big_Dig_House_Lexington_Massachusetts__005__Weidlinger_Associates","clean_phase20","_database/akteur_beteiligung/Big_Dig_House_Lexington_Massachusetts__005__Weidlinger_Associates/index.md","1","1"
"akteur_beteiligung","BioPartner_5_Leiden_Oegstgeest__001__BioPartner_Center_Leiden","akteur_beteiligung/BioPartner_5_Leiden_Oegstgeest__001__BioPartner_Center_Leiden","BioPartner_5_Leiden_Oegstgeest__001__BioPartner_Center_Leiden","clean_phase20","_database/akteur_beteiligung/BioPartner_5_Leiden_Oegstgeest__001__BioPartner_Center_Leiden/index.md","1","1"
"akteur_beteiligung","BioPartner_5_Leiden_Oegstgeest__002__Popma_ter_Steege_Architecten_PTSA","akteur_beteiligung/BioPartner_5_Leiden_Oegstgeest__002__Popma_ter_Steege_Architecten_PTSA","BioPartner_5_Leiden_Oegstgeest__002__Popma_ter_Steege_Architecten_PTSA","clean_phase20","_database/akteur_beteiligung/BioPartner_5_Leiden_Oegstgeest__002__Popma_ter_Steege_Architecten_PTSA/index.md","1","1"
"akteur_beteiligung","BioPartner_5_Leiden_Oegstgeest__003__IMd_Raadgevende_Ingenieurs","akteur_beteiligung/BioPartner_5_Leiden_Oegstgeest__003__IMd_Raadgevende_Ingenieurs","BioPartner_5_Leiden_Oegstgeest__003__IMd_Raadgevende_Ingenieurs","clean_phase20","_database/akteur_beteiligung/BioPartner_5_Leiden_Oegstgeest__003__IMd_Raadgevende_Ingenieurs/index.md","1","1"
"akteur_beteiligung","BioPartner_5_Leiden_Oegstgeest__004__De_Vries_en_Verburg","akteur_beteiligung/BioPartner_5_Leiden_Oegstgeest__004__De_Vries_en_Verburg","BioPartner_5_Leiden_Oegstgeest__004__De_Vries_en_Verburg","clean_phase20","_database/akteur_beteiligung/BioPartner_5_Leiden_Oegstgeest__004__De_Vries_en_Verburg/index.md","1","1"
"akteur_beteiligung","BioPartner_5_Leiden_Oegstgeest__005__Vic_Obdam_Staalbouw","akteur_beteiligung/BioPartner_5_Leiden_Oegstgeest__005__Vic_Obdam_Staalbouw","BioPartner_5_Leiden_Oegstgeest__005__Vic_Obdam_Staalbouw","clean_phase20","_database/akteur_beteiligung/BioPartner_5_Leiden_Oegstgeest__005__Vic_Obdam_Staalbouw/index.md","1","1"
"akteur_beteiligung","BioPartner_5_Leiden_Oegstgeest__006__Deerns","akteur_beteiligung/BioPartner_5_Leiden_Oegstgeest__006__Deerns","BioPartner_5_Leiden_Oegstgeest__006__Deerns","clean_phase20","_database/akteur_beteiligung/BioPartner_5_Leiden_Oegstgeest__006__Deerns/index.md","1","1"
"akteur_beteiligung","BioPartner_5_Leiden_Oegstgeest__007__STONE22","akteur_beteiligung/BioPartner_5_Leiden_Oegstgeest__007__STONE22","BioPartner_5_Leiden_Oegstgeest__007__STONE22","clean_phase20","_database/akteur_beteiligung/BioPartner_5_Leiden_Oegstgeest__007__STONE22/index.md","1","1"
"akteur_beteiligung","BlueCity_Offices_Rotterdam__001__BlueCity_Superuse_Studios_COUP_Workspot_Floris_S","akteur_beteiligung/BlueCity_Offices_Rotterdam__001__BlueCity_Superuse_Studios_COUP_Workspot_Floris_S","BlueCity_Offices_Rotterdam__001__BlueCity_Superuse_Studios_COUP_Workspot_Floris_S","clean_phase20","_database/akteur_beteiligung/BlueCity_Offices_Rotterdam__001__BlueCity_Superuse_Studios_COUP_Workspot_Floris_S/index.md","1","1"
"akteur_beteiligung","Boulder_Fire_Station_3__001__Davis_Partnership_Architects","akteur_beteiligung/Boulder_Fire_Station_3__001__Davis_Partnership_Architects","Boulder_Fire_Station_3__001__Davis_Partnership_Architects","clean_phase20","_database/akteur_beteiligung/Boulder_Fire_Station_3__001__Davis_Partnership_Architects/index.md","1","1"
"akteur_beteiligung","Boulder_Fire_Station_3__002__KL_A_Engineers_and_Builders","akteur_beteiligung/Boulder_Fire_Station_3__002__KL_A_Engineers_and_Builders","Boulder_Fire_Station_3__002__KL_A_Engineers_and_Builders","clean_phase20","_database/akteur_beteiligung/Boulder_Fire_Station_3__002__KL_A_Engineers_and_Builders/index.md","1","1"
"akteur_beteiligung","Boulder_Fire_Station_3__003__Mark_Young_Construction","akteur_beteiligung/Boulder_Fire_Station_3__003__Mark_Young_Construction","Boulder_Fire_Station_3__003__Mark_Young_Construction","clean_phase20","_database/akteur_beteiligung/Boulder_Fire_Station_3__003__Mark_Young_Construction/index.md","1","1"
"akteur_beteiligung","Brent_Cross_Town_Primary_Substation_London__001__Brent_Cross_South_Limited_Partnership","akteur_beteiligung/Brent_Cross_Town_Primary_Substation_London__001__Brent_Cross_South_Limited_Partnership","Brent_Cross_Town_Primary_Substation_London__001__Brent_Cross_South_Limited_Partnership","clean_phase20","_database/akteur_beteiligung/Brent_Cross_Town_Primary_Substation_London__001__Brent_Cross_South_Limited_Partnership/index.md","1","1"
"akteur_beteiligung","Brent_Cross_Town_Primary_Substation_London__002__Related_Argent","akteur_beteiligung/Brent_Cross_Town_Primary_Substation_London__002__Related_Argent","Brent_Cross_Town_Primary_Substation_London__002__Related_Argent","clean_phase20","_database/akteur_beteiligung/Brent_Cross_Town_Primary_Substation_London__002__Related_Argent/index.md","1","1"
"akteur_beteiligung","Brent_Cross_Town_Primary_Substation_London__003__London_Borough_of_Barnet","akteur_beteiligung/Brent_Cross_Town_Primary_Substation_London__003__London_Borough_of_Barnet","Brent_Cross_Town_Primary_Substation_London__003__London_Borough_of_Barnet","clean_phase20","_database/akteur_beteiligung/Brent_Cross_Town_Primary_Substation_London__003__London_Borough_of_Barnet/index.md","1","1"
"akteur_beteiligung","Brent_Cross_Town_Primary_Substation_London__004__IF_DO","akteur_beteiligung/Brent_Cross_Town_Primary_Substation_London__004__IF_DO","Brent_Cross_Town_Primary_Substation_London__004__IF_DO","clean_phase20","_database/akteur_beteiligung/Brent_Cross_Town_Primary_Substation_London__004__IF_DO/index.md","1","1"
"akteur_beteiligung","Brent_Cross_Town_Primary_Substation_London__005__Arup","akteur_beteiligung/Brent_Cross_Town_Primary_Substation_London__005__Arup","Brent_Cross_Town_Primary_Substation_London__005__Arup","clean_phase20","_database/akteur_beteiligung/Brent_Cross_Town_Primary_Substation_London__005__Arup/index.md","1","1"
"akteur_beteiligung","Brent_Cross_Town_Primary_Substation_London__006__Whitby_Wood","akteur_beteiligung/Brent_Cross_Town_Primary_Substation_London__006__Whitby_Wood","Brent_Cross_Town_Primary_Substation_London__006__Whitby_Wood","clean_phase20","_database/akteur_beteiligung/Brent_Cross_Town_Primary_Substation_London__006__Whitby_Wood/index.md","1","1"
"akteur_beteiligung","Brent_Cross_Town_Primary_Substation_London__007__Bourne_Special_Projects_Bourne_Group","akteur_beteiligung/Brent_Cross_Town_Primary_Substation_London__007__Bourne_Special_Projects_Bourne_Group","Brent_Cross_Town_Primary_Substation_London__007__Bourne_Special_Projects_Bourne_Group","clean_phase20","_database/akteur_beteiligung/Brent_Cross_Town_Primary_Substation_London__007__Bourne_Special_Projects_Bourne_Group/index.md","1","1"
"akteur_beteiligung","Brent_Cross_Town_Primary_Substation_London__008__Galldris_Galldris_Group","akteur_beteiligung/Brent_Cross_Town_Primary_Substation_London__008__Galldris_Galldris_Group","Brent_Cross_Town_Primary_Substation_London__008__Galldris_Galldris_Group","clean_phase20","_database/akteur_beteiligung/Brent_Cross_Town_Primary_Substation_London__008__Galldris_Galldris_Group/index.md","1","1"
"akteur_beteiligung","Brent_Cross_Town_Primary_Substation_London__009__Cleveland_Steel_and_Tubes","akteur_beteiligung/Brent_Cross_Town_Primary_Substation_London__009__Cleveland_Steel_and_Tubes","Brent_Cross_Town_Primary_Substation_London__009__Cleveland_Steel_and_Tubes","clean_phase20","_database/akteur_beteiligung/Brent_Cross_Town_Primary_Substation_London__009__Cleveland_Steel_and_Tubes/index.md","1","1"
"akteur_beteiligung","Brighton_Waste_House_Brighton__001__Duncan_Baker_Brown_Cat_Fletcher_Freegle_Mears_Gr","akteur_beteiligung/Brighton_Waste_House_Brighton__001__Duncan_Baker_Brown_Cat_Fletcher_Freegle_Mears_Gr","Brighton_Waste_House_Brighton__001__Duncan_Baker_Brown_Cat_Fletcher_Freegle_Mears_Gr","clean_phase20","_database/akteur_beteiligung/Brighton_Waste_House_Brighton__001__Duncan_Baker_Brown_Cat_Fletcher_Freegle_Mears_Gr/index.md","1","1"
"akteur_beteiligung","Broethen_Twin_House_Hoyerswerda__001__unbekannt","akteur_beteiligung/Broethen_Twin_House_Hoyerswerda__001__unbekannt","Broethen_Twin_House_Hoyerswerda__001__unbekannt","clean_phase20","_database/akteur_beteiligung/Broethen_Twin_House_Hoyerswerda__001__unbekannt/index.md","1","1"
"akteur_beteiligung","Charles_Malis_Molenbeek__001__MAMOUT_architectes","akteur_beteiligung/Charles_Malis_Molenbeek__001__MAMOUT_architectes","Charles_Malis_Molenbeek__001__MAMOUT_architectes","clean_phase20","_database/akteur_beteiligung/Charles_Malis_Molenbeek__001__MAMOUT_architectes/index.md","1","1"
"akteur_beteiligung","Charles_Malis_Molenbeek__002__LD2_architecture","akteur_beteiligung/Charles_Malis_Molenbeek__002__LD2_architecture","Charles_Malis_Molenbeek__002__LD2_architecture","clean_phase20","_database/akteur_beteiligung/Charles_Malis_Molenbeek__002__LD2_architecture/index.md","1","1"
"akteur_beteiligung","Charles_Malis_Molenbeek__003__St_phanie_Willocx_architecte","akteur_beteiligung/Charles_Malis_Molenbeek__003__St_phanie_Willocx_architecte","Charles_Malis_Molenbeek__003__St_phanie_Willocx_architecte","clean_phase20","_database/akteur_beteiligung/Charles_Malis_Molenbeek__003__St_phanie_Willocx_architecte/index.md","1","1"
"akteur_beteiligung","Charles_Malis_Molenbeek__004__Commune_de_Molenbeek_Saint_Jean","akteur_beteiligung/Charles_Malis_Molenbeek__004__Commune_de_Molenbeek_Saint_Jean","Charles_Malis_Molenbeek__004__Commune_de_Molenbeek_Saint_Jean","clean_phase20","_database/akteur_beteiligung/Charles_Malis_Molenbeek__004__Commune_de_Molenbeek_Saint_Jean/index.md","1","1"
"akteur_beteiligung","Charles_Malis_Molenbeek__005__MOBAT_Ing_nierie","akteur_beteiligung/Charles_Malis_Molenbeek__005__MOBAT_Ing_nierie","Charles_Malis_Molenbeek__005__MOBAT_Ing_nierie","clean_phase20","_database/akteur_beteiligung/Charles_Malis_Molenbeek__005__MOBAT_Ing_nierie/index.md","1","1"
"akteur_beteiligung","Charles_Malis_Molenbeek__006__GTD_Consulting_GTD_Engineering","akteur_beteiligung/Charles_Malis_Molenbeek__006__GTD_Consulting_GTD_Engineering","Charles_Malis_Molenbeek__006__GTD_Consulting_GTD_Engineering","clean_phase20","_database/akteur_beteiligung/Charles_Malis_Molenbeek__006__GTD_Consulting_GTD_Engineering/index.md","1","1"
"akteur_beteiligung","Charles_Malis_Molenbeek__007__Gillion_Construct","akteur_beteiligung/Charles_Malis_Molenbeek__007__Gillion_Construct","Charles_Malis_Molenbeek__007__Gillion_Construct","clean_phase20","_database/akteur_beteiligung/Charles_Malis_Molenbeek__007__Gillion_Construct/index.md","1","1"
"akteur_beteiligung","Chiro_d_Itterbeek_Dilbeek__001__Rotor_asbl_vzw","akteur_beteiligung/Chiro_d_Itterbeek_Dilbeek__001__Rotor_asbl_vzw","Chiro_d_Itterbeek_Dilbeek__001__Rotor_asbl_vzw","clean_phase20","_database/akteur_beteiligung/Chiro_d_Itterbeek_Dilbeek__001__Rotor_asbl_vzw/index.md","1","1"
"akteur_beteiligung","Chiro_d_Itterbeek_Dilbeek__002__CC_Autrement","akteur_beteiligung/Chiro_d_Itterbeek_Dilbeek__002__CC_Autrement","Chiro_d_Itterbeek_Dilbeek__002__CC_Autrement","clean_phase20","_database/akteur_beteiligung/Chiro_d_Itterbeek_Dilbeek__002__CC_Autrement/index.md","1","1"
"akteur_beteiligung","Christ_Pavilion_Volkenroda__001__gmp_Architekten_von_Gerkan_Marg_und_Partner","akteur_beteiligung/Christ_Pavilion_Volkenroda__001__gmp_Architekten_von_Gerkan_Marg_und_Partner","Christ_Pavilion_Volkenroda__001__gmp_Architekten_von_Gerkan_Marg_und_Partner","clean_phase20","_database/akteur_beteiligung/Christ_Pavilion_Volkenroda__001__gmp_Architekten_von_Gerkan_Marg_und_Partner/index.md","1","1"
"akteur_beteiligung","Christ_Pavilion_Volkenroda__002__Evangelisches_B_ro_f_r_die_Weltausstellung_Expo","akteur_beteiligung/Christ_Pavilion_Volkenroda__002__Evangelisches_B_ro_f_r_die_Weltausstellung_Expo","Christ_Pavilion_Volkenroda__002__Evangelisches_B_ro_f_r_die_Weltausstellung_Expo","clean_phase20","_database/akteur_beteiligung/Christ_Pavilion_Volkenroda__002__Evangelisches_B_ro_f_r_die_Weltausstellung_Expo/index.md","1","1"
"akteur_beteiligung","Christ_Pavilion_Volkenroda__003__Kloster_Volkenroda_Jesus_Bruderschaft","akteur_beteiligung/Christ_Pavilion_Volkenroda__003__Kloster_Volkenroda_Jesus_Bruderschaft","Christ_Pavilion_Volkenroda__003__Kloster_Volkenroda_Jesus_Bruderschaft","clean_phase20","_database/akteur_beteiligung/Christ_Pavilion_Volkenroda__003__Kloster_Volkenroda_Jesus_Bruderschaft/index.md","1","1"
"akteur_beteiligung","Circular_Centre_Netherlands_Prinsenhof_A_reuse_pilot__001__cepezed","akteur_beteiligung/Circular_Centre_Netherlands_Prinsenhof_A_reuse_pilot__001__cepezed","Circular_Centre_Netherlands_Prinsenhof_A_reuse_pilot__001__cepezed","clean_phase20","_database/akteur_beteiligung/Circular_Centre_Netherlands_Prinsenhof_A_reuse_pilot__001__cepezed/index.md","1","1"
"akteur_beteiligung","Circular_Centre_Netherlands_Prinsenhof_A_reuse_pilot__002__Provincie_Gelderland","akteur_beteiligung/Circular_Centre_Netherlands_Prinsenhof_A_reuse_pilot__002__Provincie_Gelderland","Circular_Centre_Netherlands_Prinsenhof_A_reuse_pilot__002__Provincie_Gelderland","clean_phase20","_database/akteur_beteiligung/Circular_Centre_Netherlands_Prinsenhof_A_reuse_pilot__002__Provincie_Gelderland/index.md","1","1"
"akteur_beteiligung","Circular_Centre_Netherlands_Prinsenhof_A_reuse_pilot__003__IMd_raadgevende_ingenieurs","akteur_beteiligung/Circular_Centre_Netherlands_Prinsenhof_A_reuse_pilot__003__IMd_raadgevende_ingenieurs","Circular_Centre_Netherlands_Prinsenhof_A_reuse_pilot__003__IMd_raadgevende_ingenieurs","clean_phase20","_database/akteur_beteiligung/Circular_Centre_Netherlands_Prinsenhof_A_reuse_pilot__003__IMd_raadgevende_ingenieurs/index.md","1","1"
"akteur_beteiligung","Circular_Centre_Netherlands_Prinsenhof_A_reuse_pilot__004__Dycore","akteur_beteiligung/Circular_Centre_Netherlands_Prinsenhof_A_reuse_pilot__004__Dycore","Circular_Centre_Netherlands_Prinsenhof_A_reuse_pilot__004__Dycore","clean_phase20","_database/akteur_beteiligung/Circular_Centre_Netherlands_Prinsenhof_A_reuse_pilot__004__Dycore/index.md","1","1"
"akteur_beteiligung","Circular_Pavilion_Paris__001__Encore_Heureux_Architectes","akteur_beteiligung/Circular_Pavilion_Paris__001__Encore_Heureux_Architectes","Circular_Pavilion_Paris__001__Encore_Heureux_Architectes","clean_phase20","_database/akteur_beteiligung/Circular_Pavilion_Paris__001__Encore_Heureux_Architectes/index.md","1","1"
"akteur_beteiligung","Circular_Pavilion_Paris__002__TRIBU","akteur_beteiligung/Circular_Pavilion_Paris__002__TRIBU","Circular_Pavilion_Paris__002__TRIBU","clean_phase20","_database/akteur_beteiligung/Circular_Pavilion_Paris__002__TRIBU/index.md","1","1"
"akteur_beteiligung","Circular_Pavilion_Paris__003__Bonnefrite","akteur_beteiligung/Circular_Pavilion_Paris__003__Bonnefrite","Circular_Pavilion_Paris__003__Bonnefrite","clean_phase20","_database/akteur_beteiligung/Circular_Pavilion_Paris__003__Bonnefrite/index.md","1","1"
"akteur_beteiligung","Circular_Pavilion_Paris__004__Camping_Design","akteur_beteiligung/Circular_Pavilion_Paris__004__Camping_Design","Circular_Pavilion_Paris__004__Camping_Design","clean_phase20","_database/akteur_beteiligung/Circular_Pavilion_Paris__004__Camping_Design/index.md","1","1"
"akteur_beteiligung","Circular_Pavilion_Paris__005__Ville_de_Paris_Pavillon_de_l_Arsenal","akteur_beteiligung/Circular_Pavilion_Paris__005__Ville_de_Paris_Pavillon_de_l_Arsenal","Circular_Pavilion_Paris__005__Ville_de_Paris_Pavillon_de_l_Arsenal","clean_phase20","_database/akteur_beteiligung/Circular_Pavilion_Paris__005__Ville_de_Paris_Pavillon_de_l_Arsenal/index.md","1","1"
"akteur_beteiligung","Circular_Pavilion_Paris__006__technische_Dienste_der_Stadt_Paris","akteur_beteiligung/Circular_Pavilion_Paris__006__technische_Dienste_der_Stadt_Paris","Circular_Pavilion_Paris__006__technische_Dienste_der_Stadt_Paris","clean_phase20","_database/akteur_beteiligung/Circular_Pavilion_Paris__006__technische_Dienste_der_Stadt_Paris/index.md","1","1"
"akteur_beteiligung","CRCLR_House_Impact_Hub_Berlin__001__TRNSFRM_eG_Die_Zusammenarbeiter_LXSY_ZRS_Solares","akteur_beteiligung/CRCLR_House_Impact_Hub_Berlin__001__TRNSFRM_eG_Die_Zusammenarbeiter_LXSY_ZRS_Solares","CRCLR_House_Impact_Hub_Berlin__001__TRNSFRM_eG_Die_Zusammenarbeiter_LXSY_ZRS_Solares","clean_phase20","_database/akteur_beteiligung/CRCLR_House_Impact_Hub_Berlin__001__TRNSFRM_eG_Die_Zusammenarbeiter_LXSY_ZRS_Solares/index.md","1","1"
"akteur_beteiligung","ELYS_Kultur_Gewerbehaus_Basel__001__Immobilien_Basel_Stadt_Hochbauamt_Basel_Stadt_ba","akteur_beteiligung/ELYS_Kultur_Gewerbehaus_Basel__001__Immobilien_Basel_Stadt_Hochbauamt_Basel_Stadt_ba","ELYS_Kultur_Gewerbehaus_Basel__001__Immobilien_Basel_Stadt_Hochbauamt_Basel_Stadt_ba","clean_phase20","_database/akteur_beteiligung/ELYS_Kultur_Gewerbehaus_Basel__001__Immobilien_Basel_Stadt_Hochbauamt_Basel_Stadt_ba/index.md","1","1"
"akteur_beteiligung","Europa_Building_Brussels__001__Philippe_Samyn_and_Partners_Studio_Valle_Progett","akteur_beteiligung/Europa_Building_Brussels__001__Philippe_Samyn_and_Partners_Studio_Valle_Progett","Europa_Building_Brussels__001__Philippe_Samyn_and_Partners_Studio_Valle_Progett","clean_phase20","_database/akteur_beteiligung/Europa_Building_Brussels__001__Philippe_Samyn_and_Partners_Studio_Valle_Progett/index.md","1","1"
"akteur_beteiligung","Ferme_du_Rail_Paris__001__Grand_Huit","akteur_beteiligung/Ferme_du_Rail_Paris__001__Grand_Huit","Ferme_du_Rail_Paris__001__Grand_Huit","clean_phase20","_database/akteur_beteiligung/Ferme_du_Rail_Paris__001__Grand_Huit/index.md","1","1"
"akteur_beteiligung","Ferme_du_Rail_Paris__002__Bellastock","akteur_beteiligung/Ferme_du_Rail_Paris__002__Bellastock","Ferme_du_Rail_Paris__002__Bellastock","clean_phase20","_database/akteur_beteiligung/Ferme_du_Rail_Paris__002__Bellastock/index.md","1","1"
"akteur_beteiligung","Ferme_du_Rail_Paris__003__Travail_Vie","akteur_beteiligung/Ferme_du_Rail_Paris__003__Travail_Vie","Ferme_du_Rail_Paris__003__Travail_Vie","clean_phase20","_database/akteur_beteiligung/Ferme_du_Rail_Paris__003__Travail_Vie/index.md","1","1"
"akteur_beteiligung","Ferme_du_Rail_Paris__004__R_habail","akteur_beteiligung/Ferme_du_Rail_Paris__004__R_habail","Ferme_du_Rail_Paris__004__R_habail","clean_phase20","_database/akteur_beteiligung/Ferme_du_Rail_Paris__004__R_habail/index.md","1","1"
"akteur_beteiligung","Ferme_du_Rail_Paris__005__Albert_Compagnie","akteur_beteiligung/Ferme_du_Rail_Paris__005__Albert_Compagnie","Ferme_du_Rail_Paris__005__Albert_Compagnie","clean_phase20","_database/akteur_beteiligung/Ferme_du_Rail_Paris__005__Albert_Compagnie/index.md","1","1"
"akteur_beteiligung","Ferme_du_Rail_Paris__006__Pouget_Consultants","akteur_beteiligung/Ferme_du_Rail_Paris__006__Pouget_Consultants","Ferme_du_Rail_Paris__006__Pouget_Consultants","clean_phase20","_database/akteur_beteiligung/Ferme_du_Rail_Paris__006__Pouget_Consultants/index.md","1","1"
"akteur_beteiligung","Ferme_du_Rail_Paris__007__Scoping","akteur_beteiligung/Ferme_du_Rail_Paris__007__Scoping","Ferme_du_Rail_Paris__007__Scoping","clean_phase20","_database/akteur_beteiligung/Ferme_du_Rail_Paris__007__Scoping/index.md","1","1"
"akteur_beteiligung","Ferme_du_Rail_Paris__008__M_lanie_Devret","akteur_beteiligung/Ferme_du_Rail_Paris__008__M_lanie_Devret","Ferme_du_Rail_Paris__008__M_lanie_Devret","clean_phase20","_database/akteur_beteiligung/Ferme_du_Rail_Paris__008__M_lanie_Devret/index.md","1","1"
"akteur_beteiligung","Ferme_du_Rail_Paris__009__Philippe_Peiger","akteur_beteiligung/Ferme_du_Rail_Paris__009__Philippe_Peiger","Ferme_du_Rail_Paris__009__Philippe_Peiger","clean_phase20","_database/akteur_beteiligung/Ferme_du_Rail_Paris__009__Philippe_Peiger/index.md","1","1"
"akteur_beteiligung","gjG_House_Gentbrugge__001__BLAF_Architecten","akteur_beteiligung/gjG_House_Gentbrugge__001__BLAF_Architecten","gjG_House_Gentbrugge__001__BLAF_Architecten","clean_phase20","_database/akteur_beteiligung/gjG_House_Gentbrugge__001__BLAF_Architecten/index.md","1","1"
"akteur_beteiligung","gjG_House_Gentbrugge__002__Tecclem","akteur_beteiligung/gjG_House_Gentbrugge__002__Tecclem","gjG_House_Gentbrugge__002__Tecclem","clean_phase20","_database/akteur_beteiligung/gjG_House_Gentbrugge__002__Tecclem/index.md","1","1"
"akteur_beteiligung","gjG_House_Gentbrugge__003__G_build","akteur_beteiligung/gjG_House_Gentbrugge__003__G_build","gjG_House_Gentbrugge__003__G_build","clean_phase20","_database/akteur_beteiligung/gjG_House_Gentbrugge__003__G_build/index.md","1","1"
"akteur_beteiligung","gjG_House_Gentbrugge__004__Vlieghe","akteur_beteiligung/gjG_House_Gentbrugge__004__Vlieghe","gjG_House_Gentbrugge__004__Vlieghe","clean_phase20","_database/akteur_beteiligung/gjG_House_Gentbrugge__004__Vlieghe/index.md","1","1"
"akteur_beteiligung","gjG_House_Gentbrugge__005__Barbara_Oelbrandt","akteur_beteiligung/gjG_House_Gentbrugge__005__Barbara_Oelbrandt","gjG_House_Gentbrugge__005__Barbara_Oelbrandt","clean_phase20","_database/akteur_beteiligung/gjG_House_Gentbrugge__005__Barbara_Oelbrandt/index.md","1","1"
"akteur_beteiligung","Grande_Halle_de_Colombelles__001__Normandie_Am_nagement","akteur_beteiligung/Grande_Halle_de_Colombelles__001__Normandie_Am_nagement","Grande_Halle_de_Colombelles__001__Normandie_Am_nagement","clean_phase20","_database/akteur_beteiligung/Grande_Halle_de_Colombelles__001__Normandie_Am_nagement/index.md","1","1"
"akteur_beteiligung","Grande_Halle_de_Colombelles__002__Encore_Heureux","akteur_beteiligung/Grande_Halle_de_Colombelles__002__Encore_Heureux","Grande_Halle_de_Colombelles__002__Encore_Heureux","clean_phase20","_database/akteur_beteiligung/Grande_Halle_de_Colombelles__002__Encore_Heureux/index.md","1","1"
"akteur_beteiligung","Grande_Halle_de_Colombelles__003__Construire","akteur_beteiligung/Grande_Halle_de_Colombelles__003__Construire","Grande_Halle_de_Colombelles__003__Construire","clean_phase20","_database/akteur_beteiligung/Grande_Halle_de_Colombelles__003__Construire/index.md","1","1"
"akteur_beteiligung","Grande_Halle_de_Colombelles__004__Le_WIP","akteur_beteiligung/Grande_Halle_de_Colombelles__004__Le_WIP","Grande_Halle_de_Colombelles__004__Le_WIP","clean_phase20","_database/akteur_beteiligung/Grande_Halle_de_Colombelles__004__Le_WIP/index.md","1","1"
"akteur_beteiligung","Grande_Halle_de_Colombelles__005__St_phanie_Paly","akteur_beteiligung/Grande_Halle_de_Colombelles__005__St_phanie_Paly","Grande_Halle_de_Colombelles__005__St_phanie_Paly","clean_phase20","_database/akteur_beteiligung/Grande_Halle_de_Colombelles__005__St_phanie_Paly/index.md","1","1"
"akteur_beteiligung","Grande_Halle_de_Colombelles__006__Ligne_B_E","akteur_beteiligung/Grande_Halle_de_Colombelles__006__Ligne_B_E","Grande_Halle_de_Colombelles__006__Ligne_B_E","clean_phase20","_database/akteur_beteiligung/Grande_Halle_de_Colombelles__006__Ligne_B_E/index.md","1","1"
"akteur_beteiligung","Grande_Halle_de_Colombelles__007__Albert_Co","akteur_beteiligung/Grande_Halle_de_Colombelles__007__Albert_Co","Grande_Halle_de_Colombelles__007__Albert_Co","clean_phase20","_database/akteur_beteiligung/Grande_Halle_de_Colombelles__007__Albert_Co/index.md","1","1"
"akteur_beteiligung","Grubenstrasse_29_Werkhof_29_Zuerich__001__Marc_Angst_This_Alder_Oliver_Zbinden_u_a","akteur_beteiligung/Grubenstrasse_29_Werkhof_29_Zuerich__001__Marc_Angst_This_Alder_Oliver_Zbinden_u_a","Grubenstrasse_29_Werkhof_29_Zuerich__001__Marc_Angst_This_Alder_Oliver_Zbinden_u_a","clean_phase20","_database/akteur_beteiligung/Grubenstrasse_29_Werkhof_29_Zuerich__001__Marc_Angst_This_Alder_Oliver_Zbinden_u_a/index.md","1","1"
"akteur_beteiligung","Harmalanranta_A_Kruunu_ReCreate_mini_pilot_Tampere__001__Skanska_Finland","akteur_beteiligung/Harmalanranta_A_Kruunu_ReCreate_mini_pilot_Tampere__001__Skanska_Finland","Harmalanranta_A_Kruunu_ReCreate_mini_pilot_Tampere__001__Skanska_Finland","clean_phase20","_database/akteur_beteiligung/Harmalanranta_A_Kruunu_ReCreate_mini_pilot_Tampere__001__Skanska_Finland/index.md","1","1"
"akteur_beteiligung","Harmalanranta_A_Kruunu_ReCreate_mini_pilot_Tampere__002__Tampere_University_Satu_Huuhka","akteur_beteiligung/Harmalanranta_A_Kruunu_ReCreate_mini_pilot_Tampere__002__Tampere_University_Satu_Huuhka","Harmalanranta_A_Kruunu_ReCreate_mini_pilot_Tampere__002__Tampere_University_Satu_Huuhka","clean_phase20","_database/akteur_beteiligung/Harmalanranta_A_Kruunu_ReCreate_mini_pilot_Tampere__002__Tampere_University_Satu_Huuhka/index.md","1","1"
"akteur_beteiligung","Harmalanranta_A_Kruunu_ReCreate_mini_pilot_Tampere__003__Consolis_Parma","akteur_beteiligung/Harmalanranta_A_Kruunu_ReCreate_mini_pilot_Tampere__003__Consolis_Parma","Harmalanranta_A_Kruunu_ReCreate_mini_pilot_Tampere__003__Consolis_Parma","clean_phase20","_database/akteur_beteiligung/Harmalanranta_A_Kruunu_ReCreate_mini_pilot_Tampere__003__Consolis_Parma/index.md","1","1"
"akteur_beteiligung","Harmalanranta_A_Kruunu_ReCreate_mini_pilot_Tampere__004__Ramboll_Finland","akteur_beteiligung/Harmalanranta_A_Kruunu_ReCreate_mini_pilot_Tampere__004__Ramboll_Finland","Harmalanranta_A_Kruunu_ReCreate_mini_pilot_Tampere__004__Ramboll_Finland","clean_phase20","_database/akteur_beteiligung/Harmalanranta_A_Kruunu_ReCreate_mini_pilot_Tampere__004__Ramboll_Finland/index.md","1","1"
"akteur_beteiligung","Harmalanranta_A_Kruunu_ReCreate_mini_pilot_Tampere__005__Umacon","akteur_beteiligung/Harmalanranta_A_Kruunu_ReCreate_mini_pilot_Tampere__005__Umacon","Harmalanranta_A_Kruunu_ReCreate_mini_pilot_Tampere__005__Umacon","clean_phase20","_database/akteur_beteiligung/Harmalanranta_A_Kruunu_ReCreate_mini_pilot_Tampere__005__Umacon/index.md","1","1"
"akteur_beteiligung","Harmalanranta_A_Kruunu_ReCreate_mini_pilot_Tampere__006__LIIKE_Oy_Arkkitehtistudio","akteur_beteiligung/Harmalanranta_A_Kruunu_ReCreate_mini_pilot_Tampere__006__LIIKE_Oy_Arkkitehtistudio","Harmalanranta_A_Kruunu_ReCreate_mini_pilot_Tampere__006__LIIKE_Oy_Arkkitehtistudio","clean_phase20","_database/akteur_beteiligung/Harmalanranta_A_Kruunu_ReCreate_mini_pilot_Tampere__006__LIIKE_Oy_Arkkitehtistudio/index.md","1","1"
"akteur_beteiligung","Hastings_Pier_Visitor_Centre__001__dRMM_Architects","akteur_beteiligung/Hastings_Pier_Visitor_Centre__001__dRMM_Architects","Hastings_Pier_Visitor_Centre__001__dRMM_Architects","clean_phase20","_database/akteur_beteiligung/Hastings_Pier_Visitor_Centre__001__dRMM_Architects/index.md","1","1"
"akteur_beteiligung","Hastings_Pier_Visitor_Centre__002__Hastings_Pier_Charity","akteur_beteiligung/Hastings_Pier_Visitor_Centre__002__Hastings_Pier_Charity","Hastings_Pier_Visitor_Centre__002__Hastings_Pier_Charity","clean_phase20","_database/akteur_beteiligung/Hastings_Pier_Visitor_Centre__002__Hastings_Pier_Charity/index.md","1","1"
"akteur_beteiligung","Hastings_Pier_Visitor_Centre__003__Ramboll","akteur_beteiligung/Hastings_Pier_Visitor_Centre__003__Ramboll","Hastings_Pier_Visitor_Centre__003__Ramboll","clean_phase20","_database/akteur_beteiligung/Hastings_Pier_Visitor_Centre__003__Ramboll/index.md","1","1"
"akteur_beteiligung","Haus_HOS_Mehrfamilienhaus_Muehlhausen__001__Seidl_Seidl_Architekten_Architekturb_ro_Hose_Dr","akteur_beteiligung/Haus_HOS_Mehrfamilienhaus_Muehlhausen__001__Seidl_Seidl_Architekten_Architekturb_ro_Hose_Dr","Haus_HOS_Mehrfamilienhaus_Muehlhausen__001__Seidl_Seidl_Architekten_Architekturb_ro_Hose_Dr","clean_phase20","_database/akteur_beteiligung/Haus_HOS_Mehrfamilienhaus_Muehlhausen__001__Seidl_Seidl_Architekten_Architekturb_ro_Hose_Dr/index.md","1","1"
"akteur_beteiligung","House_of_Fraser_318_Oxford_Street_TBC_London_reuse_chain__001__FORE_Partnership","akteur_beteiligung/House_of_Fraser_318_Oxford_Street_TBC_London_reuse_chain__001__FORE_Partnership","House_of_Fraser_318_Oxford_Street_TBC_London_reuse_chain__001__FORE_Partnership","clean_phase20","_database/akteur_beteiligung/House_of_Fraser_318_Oxford_Street_TBC_London_reuse_chain__001__FORE_Partnership/index.md","1","1"
"akteur_beteiligung","House_of_Fraser_318_Oxford_Street_TBC_London_reuse_chain__002__Stiff_Trevillion","akteur_beteiligung/House_of_Fraser_318_Oxford_Street_TBC_London_reuse_chain__002__Stiff_Trevillion","House_of_Fraser_318_Oxford_Street_TBC_London_reuse_chain__002__Stiff_Trevillion","clean_phase20","_database/akteur_beteiligung/House_of_Fraser_318_Oxford_Street_TBC_London_reuse_chain__002__Stiff_Trevillion/index.md","1","1"
"akteur_beteiligung","House_of_Fraser_318_Oxford_Street_TBC_London_reuse_chain__003__ECE_Architecture","akteur_beteiligung/House_of_Fraser_318_Oxford_Street_TBC_London_reuse_chain__003__ECE_Architecture","House_of_Fraser_318_Oxford_Street_TBC_London_reuse_chain__003__ECE_Architecture","clean_phase20","_database/akteur_beteiligung/House_of_Fraser_318_Oxford_Street_TBC_London_reuse_chain__003__ECE_Architecture/index.md","1","1"
"akteur_beteiligung","House_of_Fraser_318_Oxford_Street_TBC_London_reuse_chain__004__Willmott_Dixon","akteur_beteiligung/House_of_Fraser_318_Oxford_Street_TBC_London_reuse_chain__004__Willmott_Dixon","House_of_Fraser_318_Oxford_Street_TBC_London_reuse_chain__004__Willmott_Dixon","clean_phase20","_database/akteur_beteiligung/House_of_Fraser_318_Oxford_Street_TBC_London_reuse_chain__004__Willmott_Dixon/index.md","1","1"
"akteur_beteiligung","House_of_Fraser_318_Oxford_Street_TBC_London_reuse_chain__005__Webb_Yates_Engineers","akteur_beteiligung/House_of_Fraser_318_Oxford_Street_TBC_London_reuse_chain__005__Webb_Yates_Engineers","House_of_Fraser_318_Oxford_Street_TBC_London_reuse_chain__005__Webb_Yates_Engineers","clean_phase20","_database/akteur_beteiligung/House_of_Fraser_318_Oxford_Street_TBC_London_reuse_chain__005__Webb_Yates_Engineers/index.md","1","1"
"akteur_beteiligung","House_of_Fraser_318_Oxford_Street_TBC_London_reuse_chain__006__Four_Bay_Structures","akteur_beteiligung/House_of_Fraser_318_Oxford_Street_TBC_London_reuse_chain__006__Four_Bay_Structures","House_of_Fraser_318_Oxford_Street_TBC_London_reuse_chain__006__Four_Bay_Structures","clean_phase20","_database/akteur_beteiligung/House_of_Fraser_318_Oxford_Street_TBC_London_reuse_chain__006__Four_Bay_Structures/index.md","1","1"
"akteur_beteiligung","House_of_Fraser_318_Oxford_Street_TBC_London_reuse_chain__007__Cleveland_Steel","akteur_beteiligung/House_of_Fraser_318_Oxford_Street_TBC_London_reuse_chain__007__Cleveland_Steel","House_of_Fraser_318_Oxford_Street_TBC_London_reuse_chain__007__Cleveland_Steel","clean_phase20","_database/akteur_beteiligung/House_of_Fraser_318_Oxford_Street_TBC_London_reuse_chain__007__Cleveland_Steel/index.md","1","1"
"akteur_beteiligung","House_of_Fraser_318_Oxford_Street_TBC_London_reuse_chain__008__McLaren_Construction","akteur_beteiligung/House_of_Fraser_318_Oxford_Street_TBC_London_reuse_chain__008__McLaren_Construction","House_of_Fraser_318_Oxford_Street_TBC_London_reuse_chain__008__McLaren_Construction","clean_phase20","_database/akteur_beteiligung/House_of_Fraser_318_Oxford_Street_TBC_London_reuse_chain__008__McLaren_Construction/index.md","1","1"
"akteur_beteiligung","House_of_Fraser_318_Oxford_Street_TBC_London_reuse_chain__009__Civic_Engineers","akteur_beteiligung/House_of_Fraser_318_Oxford_Street_TBC_London_reuse_chain__009__Civic_Engineers","House_of_Fraser_318_Oxford_Street_TBC_London_reuse_chain__009__Civic_Engineers","clean_phase20","_database/akteur_beteiligung/House_of_Fraser_318_Oxford_Street_TBC_London_reuse_chain__009__Civic_Engineers/index.md","1","1"
"akteur_beteiligung","House_of_Fraser_318_Oxford_Street_TBC_London_reuse_chain__010__Studio_PDP","akteur_beteiligung/House_of_Fraser_318_Oxford_Street_TBC_London_reuse_chain__010__Studio_PDP","House_of_Fraser_318_Oxford_Street_TBC_London_reuse_chain__010__Studio_PDP","clean_phase20","_database/akteur_beteiligung/House_of_Fraser_318_Oxford_Street_TBC_London_reuse_chain__010__Studio_PDP/index.md","1","1"
"akteur_beteiligung","Impact_Hub_Berlin_CRCLR_Fitout__001__Impact_Hub_Berlin_LXSY_Architektur_TRNSFRM_eG_Di","akteur_beteiligung/Impact_Hub_Berlin_CRCLR_Fitout__001__Impact_Hub_Berlin_LXSY_Architektur_TRNSFRM_eG_Di","Impact_Hub_Berlin_CRCLR_Fitout__001__Impact_Hub_Berlin_LXSY_Architektur_TRNSFRM_eG_Di","clean_phase20","_database/akteur_beteiligung/Impact_Hub_Berlin_CRCLR_Fitout__001__Impact_Hub_Berlin_LXSY_Architektur_TRNSFRM_eG_Di/index.md","1","1"
"akteur_beteiligung","Jeugdkliniek_Ithaka_Emergis_Kloetinge__001__Rothuizen_Architecten_Taco_Tuinhof","akteur_beteiligung/Jeugdkliniek_Ithaka_Emergis_Kloetinge__001__Rothuizen_Architecten_Taco_Tuinhof","Jeugdkliniek_Ithaka_Emergis_Kloetinge__001__Rothuizen_Architecten_Taco_Tuinhof","clean_phase20","_database/akteur_beteiligung/Jeugdkliniek_Ithaka_Emergis_Kloetinge__001__Rothuizen_Architecten_Taco_Tuinhof/index.md","1","1"
"akteur_beteiligung","Jeugdkliniek_Ithaka_Emergis_Kloetinge__002__Burobas","akteur_beteiligung/Jeugdkliniek_Ithaka_Emergis_Kloetinge__002__Burobas","Jeugdkliniek_Ithaka_Emergis_Kloetinge__002__Burobas","clean_phase20","_database/akteur_beteiligung/Jeugdkliniek_Ithaka_Emergis_Kloetinge__002__Burobas/index.md","1","1"
"akteur_beteiligung","Jeugdkliniek_Ithaka_Emergis_Kloetinge__003__ABT_Adviesbureau_L_ning","akteur_beteiligung/Jeugdkliniek_Ithaka_Emergis_Kloetinge__003__ABT_Adviesbureau_L_ning","Jeugdkliniek_Ithaka_Emergis_Kloetinge__003__ABT_Adviesbureau_L_ning","clean_phase20","_database/akteur_beteiligung/Jeugdkliniek_Ithaka_Emergis_Kloetinge__003__ABT_Adviesbureau_L_ning/index.md","1","1"
"akteur_beteiligung","Juch_Areal_Recyclingzentrum_Zuerich__001__Graber_Pulver_Architekt_innen","akteur_beteiligung/Juch_Areal_Recyclingzentrum_Zuerich__001__Graber_Pulver_Architekt_innen","Juch_Areal_Recyclingzentrum_Zuerich__001__Graber_Pulver_Architekt_innen","clean_phase20","_database/akteur_beteiligung/Juch_Areal_Recyclingzentrum_Zuerich__001__Graber_Pulver_Architekt_innen/index.md","1","1"
"akteur_beteiligung","Juch_Areal_Recyclingzentrum_Zuerich__002__Zirkular_GmbH","akteur_beteiligung/Juch_Areal_Recyclingzentrum_Zuerich__002__Zirkular_GmbH","Juch_Areal_Recyclingzentrum_Zuerich__002__Zirkular_GmbH","clean_phase20","_database/akteur_beteiligung/Juch_Areal_Recyclingzentrum_Zuerich__002__Zirkular_GmbH/index.md","1","1"
"akteur_beteiligung","Juch_Areal_Recyclingzentrum_Zuerich__003__manoa_Landschaftsarchitekten","akteur_beteiligung/Juch_Areal_Recyclingzentrum_Zuerich__003__manoa_Landschaftsarchitekten","Juch_Areal_Recyclingzentrum_Zuerich__003__manoa_Landschaftsarchitekten","clean_phase20","_database/akteur_beteiligung/Juch_Areal_Recyclingzentrum_Zuerich__003__manoa_Landschaftsarchitekten/index.md","1","1"
"akteur_beteiligung","Juch_Areal_Recyclingzentrum_Zuerich__004__Weber_Br_nnimann_AG","akteur_beteiligung/Juch_Areal_Recyclingzentrum_Zuerich__004__Weber_Br_nnimann_AG","Juch_Areal_Recyclingzentrum_Zuerich__004__Weber_Br_nnimann_AG","clean_phase20","_database/akteur_beteiligung/Juch_Areal_Recyclingzentrum_Zuerich__004__Weber_Br_nnimann_AG/index.md","1","1"
"akteur_beteiligung","Juch_Areal_Recyclingzentrum_Zuerich__005__EK_Energiekonzepte","akteur_beteiligung/Juch_Areal_Recyclingzentrum_Zuerich__005__EK_Energiekonzepte","Juch_Areal_Recyclingzentrum_Zuerich__005__EK_Energiekonzepte","clean_phase20","_database/akteur_beteiligung/Juch_Areal_Recyclingzentrum_Zuerich__005__EK_Energiekonzepte/index.md","1","1"
"akteur_beteiligung","K118_Kopfbau_Halle_118_Winterthur__001__Stiftung_Abendrot_Vorsorgestiftung_Abendrot","akteur_beteiligung/K118_Kopfbau_Halle_118_Winterthur__001__Stiftung_Abendrot_Vorsorgestiftung_Abendrot","K118_Kopfbau_Halle_118_Winterthur__001__Stiftung_Abendrot_Vorsorgestiftung_Abendrot","clean_phase20","_database/akteur_beteiligung/K118_Kopfbau_Halle_118_Winterthur__001__Stiftung_Abendrot_Vorsorgestiftung_Abendrot/index.md","1","1"
"akteur_beteiligung","K118_Kopfbau_Halle_118_Winterthur__002__baub_ro_in_situ","akteur_beteiligung/K118_Kopfbau_Halle_118_Winterthur__002__baub_ro_in_situ","K118_Kopfbau_Halle_118_Winterthur__002__baub_ro_in_situ","clean_phase20","_database/akteur_beteiligung/K118_Kopfbau_Halle_118_Winterthur__002__baub_ro_in_situ/index.md","1","1"
"akteur_beteiligung","K118_Kopfbau_Halle_118_Winterthur__003__Zirkular_GmbH","akteur_beteiligung/K118_Kopfbau_Halle_118_Winterthur__003__Zirkular_GmbH","K118_Kopfbau_Halle_118_Winterthur__003__Zirkular_GmbH","clean_phase20","_database/akteur_beteiligung/K118_Kopfbau_Halle_118_Winterthur__003__Zirkular_GmbH/index.md","1","1"
"akteur_beteiligung","K118_Kopfbau_Halle_118_Winterthur__004__ZHAW_IKE","akteur_beteiligung/K118_Kopfbau_Halle_118_Winterthur__004__ZHAW_IKE","K118_Kopfbau_Halle_118_Winterthur__004__ZHAW_IKE","clean_phase20","_database/akteur_beteiligung/K118_Kopfbau_Halle_118_Winterthur__004__ZHAW_IKE/index.md","1","1"
"akteur_beteiligung","K118_Kopfbau_Halle_118_Winterthur__005__Oberli_Ingenieurbau_AG","akteur_beteiligung/K118_Kopfbau_Halle_118_Winterthur__005__Oberli_Ingenieurbau_AG","K118_Kopfbau_Halle_118_Winterthur__005__Oberli_Ingenieurbau_AG","clean_phase20","_database/akteur_beteiligung/K118_Kopfbau_Halle_118_Winterthur__005__Oberli_Ingenieurbau_AG/index.md","1","1"
"akteur_beteiligung","K118_Kopfbau_Halle_118_Winterthur__006__Josef_Kolb_AG","akteur_beteiligung/K118_Kopfbau_Halle_118_Winterthur__006__Josef_Kolb_AG","K118_Kopfbau_Halle_118_Winterthur__006__Josef_Kolb_AG","clean_phase20","_database/akteur_beteiligung/K118_Kopfbau_Halle_118_Winterthur__006__Josef_Kolb_AG/index.md","1","1"
"akteur_beteiligung","K118_Kopfbau_Halle_118_Winterthur__007__Wetter_AG","akteur_beteiligung/K118_Kopfbau_Halle_118_Winterthur__007__Wetter_AG","K118_Kopfbau_Halle_118_Winterthur__007__Wetter_AG","clean_phase20","_database/akteur_beteiligung/K118_Kopfbau_Halle_118_Winterthur__007__Wetter_AG/index.md","1","1"
"akteur_beteiligung","KA13_Kristian_Augusts_gate_13_Oslo__001__Entra_MAD_FutureBuilt_Asplan_Viak_Insenti_Scenar","akteur_beteiligung/KA13_Kristian_Augusts_gate_13_Oslo__001__Entra_MAD_FutureBuilt_Asplan_Viak_Insenti_Scenar","KA13_Kristian_Augusts_gate_13_Oslo__001__Entra_MAD_FutureBuilt_Asplan_Viak_Insenti_Scenar","clean_phase20","_database/akteur_beteiligung/KA13_Kristian_Augusts_gate_13_Oslo__001__Entra_MAD_FutureBuilt_Asplan_Viak_Insenti_Scenar/index.md","1","1"
"akteur_beteiligung","Kamikatsu_Zero_Waste_Center_Hotel_WHY__001__Hiroshi_Nakamura_NAP","akteur_beteiligung/Kamikatsu_Zero_Waste_Center_Hotel_WHY__001__Hiroshi_Nakamura_NAP","Kamikatsu_Zero_Waste_Center_Hotel_WHY__001__Hiroshi_Nakamura_NAP","clean_phase20","_database/akteur_beteiligung/Kamikatsu_Zero_Waste_Center_Hotel_WHY__001__Hiroshi_Nakamura_NAP/index.md","1","1"
"akteur_beteiligung","Kamikatsu_Zero_Waste_Center_Hotel_WHY__002__Yamada_Noriaki_Structural_Design_Office","akteur_beteiligung/Kamikatsu_Zero_Waste_Center_Hotel_WHY__002__Yamada_Noriaki_Structural_Design_Office","Kamikatsu_Zero_Waste_Center_Hotel_WHY__002__Yamada_Noriaki_Structural_Design_Office","clean_phase20","_database/akteur_beteiligung/Kamikatsu_Zero_Waste_Center_Hotel_WHY__002__Yamada_Noriaki_Structural_Design_Office/index.md","1","1"
"akteur_beteiligung","Kamikatsu_Zero_Waste_Center_Hotel_WHY__003__Kitajima_Corporation","akteur_beteiligung/Kamikatsu_Zero_Waste_Center_Hotel_WHY__003__Kitajima_Corporation","Kamikatsu_Zero_Waste_Center_Hotel_WHY__003__Kitajima_Corporation","clean_phase20","_database/akteur_beteiligung/Kamikatsu_Zero_Waste_Center_Hotel_WHY__003__Kitajima_Corporation/index.md","1","1"
"akteur_beteiligung","Kamikatsu_Zero_Waste_Center_Hotel_WHY__004__Kamikatsu_Town_lokale_Einwohner","akteur_beteiligung/Kamikatsu_Zero_Waste_Center_Hotel_WHY__004__Kamikatsu_Town_lokale_Einwohner","Kamikatsu_Zero_Waste_Center_Hotel_WHY__004__Kamikatsu_Town_lokale_Einwohner","clean_phase20","_database/akteur_beteiligung/Kamikatsu_Zero_Waste_Center_Hotel_WHY__004__Kamikatsu_Town_lokale_Einwohner/index.md","1","1"
"akteur_beteiligung","Kindergarten_Moeoeslistrasse_Manegg_Zuerich__001__Stadt_Z_rich_Amt_f_r_Hochbauten_Immobilien_Stadt","akteur_beteiligung/Kindergarten_Moeoeslistrasse_Manegg_Zuerich__001__Stadt_Z_rich_Amt_f_r_Hochbauten_Immobilien_Stadt","Kindergarten_Moeoeslistrasse_Manegg_Zuerich__001__Stadt_Z_rich_Amt_f_r_Hochbauten_Immobilien_Stadt","clean_phase20","_database/akteur_beteiligung/Kindergarten_Moeoeslistrasse_Manegg_Zuerich__001__Stadt_Z_rich_Amt_f_r_Hochbauten_Immobilien_Stadt/index.md","1","1"
"akteur_beteiligung","Liander_Alliander_HQ_Duiven__001__Alliander_Liander","akteur_beteiligung/Liander_Alliander_HQ_Duiven__001__Alliander_Liander","Liander_Alliander_HQ_Duiven__001__Alliander_Liander","clean_phase20","_database/akteur_beteiligung/Liander_Alliander_HQ_Duiven__001__Alliander_Liander/index.md","1","1"
"akteur_beteiligung","Lo_Reninge_Town_Hall_Facade__001__noAarchitecten","akteur_beteiligung/Lo_Reninge_Town_Hall_Facade__001__noAarchitecten","Lo_Reninge_Town_Hall_Facade__001__noAarchitecten","clean_phase20","_database/akteur_beteiligung/Lo_Reninge_Town_Hall_Facade__001__noAarchitecten/index.md","1","1"
"akteur_beteiligung","Lo_Reninge_Town_Hall_Facade__002__Dexia_Lo_Reninge_town_council","akteur_beteiligung/Lo_Reninge_Town_Hall_Facade__002__Dexia_Lo_Reninge_town_council","Lo_Reninge_Town_Hall_Facade__002__Dexia_Lo_Reninge_town_council","clean_phase20","_database/akteur_beteiligung/Lo_Reninge_Town_Hall_Facade__002__Dexia_Lo_Reninge_town_council/index.md","1","1"
"akteur_beteiligung","Lokomotion_Technology_Centre_mini_pilot_Tampere__001__Satu_Huuhka_Tampere_University","akteur_beteiligung/Lokomotion_Technology_Centre_mini_pilot_Tampere__001__Satu_Huuhka_Tampere_University","Lokomotion_Technology_Centre_mini_pilot_Tampere__001__Satu_Huuhka_Tampere_University","clean_phase20","_database/akteur_beteiligung/Lokomotion_Technology_Centre_mini_pilot_Tampere__001__Satu_Huuhka_Tampere_University/index.md","1","1"
"akteur_beteiligung","Lokomotion_Technology_Centre_mini_pilot_Tampere__002__Skanska_Finland","akteur_beteiligung/Lokomotion_Technology_Centre_mini_pilot_Tampere__002__Skanska_Finland","Lokomotion_Technology_Centre_mini_pilot_Tampere__002__Skanska_Finland","clean_phase20","_database/akteur_beteiligung/Lokomotion_Technology_Centre_mini_pilot_Tampere__002__Skanska_Finland/index.md","1","1"
"akteur_beteiligung","Lokomotion_Technology_Centre_mini_pilot_Tampere__003__Ramboll_Finland","akteur_beteiligung/Lokomotion_Technology_Centre_mini_pilot_Tampere__003__Ramboll_Finland","Lokomotion_Technology_Centre_mini_pilot_Tampere__003__Ramboll_Finland","clean_phase20","_database/akteur_beteiligung/Lokomotion_Technology_Centre_mini_pilot_Tampere__003__Ramboll_Finland/index.md","1","1"
"akteur_beteiligung","Lokomotion_Technology_Centre_mini_pilot_Tampere__004__Consolis_Parma","akteur_beteiligung/Lokomotion_Technology_Centre_mini_pilot_Tampere__004__Consolis_Parma","Lokomotion_Technology_Centre_mini_pilot_Tampere__004__Consolis_Parma","clean_phase20","_database/akteur_beteiligung/Lokomotion_Technology_Centre_mini_pilot_Tampere__004__Consolis_Parma/index.md","1","1"
"akteur_beteiligung","Lokomotion_Technology_Centre_mini_pilot_Tampere__005__Umacon","akteur_beteiligung/Lokomotion_Technology_Centre_mini_pilot_Tampere__005__Umacon","Lokomotion_Technology_Centre_mini_pilot_Tampere__005__Umacon","clean_phase20","_database/akteur_beteiligung/Lokomotion_Technology_Centre_mini_pilot_Tampere__005__Umacon/index.md","1","1"
"akteur_beteiligung","Lycee_Michel_Lucius_Conversion_Luxembourg__001__Administration_des_b_timents_publics","akteur_beteiligung/Lycee_Michel_Lucius_Conversion_Luxembourg__001__Administration_des_b_timents_publics","Lycee_Michel_Lucius_Conversion_Luxembourg__001__Administration_des_b_timents_publics","clean_phase20","_database/akteur_beteiligung/Lycee_Michel_Lucius_Conversion_Luxembourg__001__Administration_des_b_timents_publics/index.md","1","1"
"akteur_beteiligung","Lycee_Michel_Lucius_Conversion_Luxembourg__002__Schmets_architectes","akteur_beteiligung/Lycee_Michel_Lucius_Conversion_Luxembourg__002__Schmets_architectes","Lycee_Michel_Lucius_Conversion_Luxembourg__002__Schmets_architectes","clean_phase20","_database/akteur_beteiligung/Lycee_Michel_Lucius_Conversion_Luxembourg__002__Schmets_architectes/index.md","1","1"
"akteur_beteiligung","Lycee_Michel_Lucius_Conversion_Luxembourg__003__Daedalus_Engineering","akteur_beteiligung/Lycee_Michel_Lucius_Conversion_Luxembourg__003__Daedalus_Engineering","Lycee_Michel_Lucius_Conversion_Luxembourg__003__Daedalus_Engineering","clean_phase20","_database/akteur_beteiligung/Lycee_Michel_Lucius_Conversion_Luxembourg__003__Daedalus_Engineering/index.md","1","1"
"akteur_beteiligung","Maison_des_Canaux_Paris__001__Les_Canaux_Ville_de_Paris_beteiligte_Sozialunter","akteur_beteiligung/Maison_des_Canaux_Paris__001__Les_Canaux_Ville_de_Paris_beteiligte_Sozialunter","Maison_des_Canaux_Paris__001__Les_Canaux_Ville_de_Paris_beteiligte_Sozialunter","clean_phase20","_database/akteur_beteiligung/Maison_des_Canaux_Paris__001__Les_Canaux_Ville_de_Paris_beteiligte_Sozialunter/index.md","1","1"
"akteur_beteiligung","Maison_DnA_Asse__001__BLAF_Architecten","akteur_beteiligung/Maison_DnA_Asse__001__BLAF_Architecten","Maison_DnA_Asse__001__BLAF_Architecten","clean_phase20","_database/akteur_beteiligung/Maison_DnA_Asse__001__BLAF_Architecten/index.md","1","1"
"akteur_beteiligung","Maison_DnA_Asse__002__Privat","akteur_beteiligung/Maison_DnA_Asse__002__Privat","Maison_DnA_Asse__002__Privat","clean_phase20","_database/akteur_beteiligung/Maison_DnA_Asse__002__Privat/index.md","1","1"
"akteur_beteiligung","Maison_Vignette_Auderghem__001__Karbon_architecture_urbanisme","akteur_beteiligung/Maison_Vignette_Auderghem__001__Karbon_architecture_urbanisme","Maison_Vignette_Auderghem__001__Karbon_architecture_urbanisme","clean_phase20","_database/akteur_beteiligung/Maison_Vignette_Auderghem__001__Karbon_architecture_urbanisme/index.md","1","1"
"akteur_beteiligung","Maison_Vignette_Auderghem__002__Pierre_Stoffel_BESP_Stoffel_Partners_Sofiane_Bou","akteur_beteiligung/Maison_Vignette_Auderghem__002__Pierre_Stoffel_BESP_Stoffel_Partners_Sofiane_Bou","Maison_Vignette_Auderghem__002__Pierre_Stoffel_BESP_Stoffel_Partners_Sofiane_Bou","clean_phase20","_database/akteur_beteiligung/Maison_Vignette_Auderghem__002__Pierre_Stoffel_BESP_Stoffel_Partners_Sofiane_Bou/index.md","1","1"
"akteur_beteiligung","Mehrow_Pilot_House__001__Herv_Biele_Conclus","akteur_beteiligung/Mehrow_Pilot_House__001__Herv_Biele_Conclus","Mehrow_Pilot_House__001__Herv_Biele_Conclus","clean_phase20","_database/akteur_beteiligung/Mehrow_Pilot_House__001__Herv_Biele_Conclus/index.md","1","1"
"akteur_beteiligung","Mehrow_Pilot_House__002__Claus_Asam_IEMB","akteur_beteiligung/Mehrow_Pilot_House__002__Claus_Asam_IEMB","Mehrow_Pilot_House__002__Claus_Asam_IEMB","clean_phase20","_database/akteur_beteiligung/Mehrow_Pilot_House__002__Claus_Asam_IEMB/index.md","1","1"
"akteur_beteiligung","Melkinlaituri_Primary_School_Daycare_Centre_Helsinki__001__YIT","akteur_beteiligung/Melkinlaituri_Primary_School_Daycare_Centre_Helsinki__001__YIT","Melkinlaituri_Primary_School_Daycare_Centre_Helsinki__001__YIT","clean_phase20","_database/akteur_beteiligung/Melkinlaituri_Primary_School_Daycare_Centre_Helsinki__001__YIT/index.md","1","1"
"akteur_beteiligung","Melkinlaituri_Primary_School_Daycare_Centre_Helsinki__002__Umacon","akteur_beteiligung/Melkinlaituri_Primary_School_Daycare_Centre_Helsinki__002__Umacon","Melkinlaituri_Primary_School_Daycare_Centre_Helsinki__002__Umacon","clean_phase20","_database/akteur_beteiligung/Melkinlaituri_Primary_School_Daycare_Centre_Helsinki__002__Umacon/index.md","1","1"
"akteur_beteiligung","Melkinlaituri_Primary_School_Daycare_Centre_Helsinki__003__Ramboll_Finland","akteur_beteiligung/Melkinlaituri_Primary_School_Daycare_Centre_Helsinki__003__Ramboll_Finland","Melkinlaituri_Primary_School_Daycare_Centre_Helsinki__003__Ramboll_Finland","clean_phase20","_database/akteur_beteiligung/Melkinlaituri_Primary_School_Daycare_Centre_Helsinki__003__Ramboll_Finland/index.md","1","1"
"akteur_beteiligung","Melkinlaituri_Primary_School_Daycare_Centre_Helsinki__004__Consolis_Parma","akteur_beteiligung/Melkinlaituri_Primary_School_Daycare_Centre_Helsinki__004__Consolis_Parma","Melkinlaituri_Primary_School_Daycare_Centre_Helsinki__004__Consolis_Parma","clean_phase20","_database/akteur_beteiligung/Melkinlaituri_Primary_School_Daycare_Centre_Helsinki__004__Consolis_Parma/index.md","1","1"
"akteur_beteiligung","Melkinlaituri_Primary_School_Daycare_Centre_Helsinki__005__ReCreate_Finnish_cluster","akteur_beteiligung/Melkinlaituri_Primary_School_Daycare_Centre_Helsinki__005__ReCreate_Finnish_cluster","Melkinlaituri_Primary_School_Daycare_Centre_Helsinki__005__ReCreate_Finnish_cluster","clean_phase20","_database/akteur_beteiligung/Melkinlaituri_Primary_School_Daycare_Centre_Helsinki__005__ReCreate_Finnish_cluster/index.md","1","1"
"akteur_beteiligung","Montessori_Maassluis__001__Kraaijvanger_Architects","akteur_beteiligung/Montessori_Maassluis__001__Kraaijvanger_Architects","Montessori_Maassluis__001__Kraaijvanger_Architects","clean_phase20","_database/akteur_beteiligung/Montessori_Maassluis__001__Kraaijvanger_Architects/index.md","1","1"
"akteur_beteiligung","Montessori_Maassluis__002__IMd_Raadgevende_Ingenieurs","akteur_beteiligung/Montessori_Maassluis__002__IMd_Raadgevende_Ingenieurs","Montessori_Maassluis__002__IMd_Raadgevende_Ingenieurs","clean_phase20","_database/akteur_beteiligung/Montessori_Maassluis__002__IMd_Raadgevende_Ingenieurs/index.md","1","1"
"akteur_beteiligung","Montessori_Maassluis__003__Vintis_installatieadviseurs","akteur_beteiligung/Montessori_Maassluis__003__Vintis_installatieadviseurs","Montessori_Maassluis__003__Vintis_installatieadviseurs","clean_phase20","_database/akteur_beteiligung/Montessori_Maassluis__003__Vintis_installatieadviseurs/index.md","1","1"
"akteur_beteiligung","Montessori_Maassluis__004__VIA_Landscape","akteur_beteiligung/Montessori_Maassluis__004__VIA_Landscape","Montessori_Maassluis__004__VIA_Landscape","clean_phase20","_database/akteur_beteiligung/Montessori_Maassluis__004__VIA_Landscape/index.md","1","1"
"akteur_beteiligung","Montessori_Maassluis__005__Van_Dijk_Maasland_B_V","akteur_beteiligung/Montessori_Maassluis__005__Van_Dijk_Maasland_B_V","Montessori_Maassluis__005__Van_Dijk_Maasland_B_V","clean_phase20","_database/akteur_beteiligung/Montessori_Maassluis__005__Van_Dijk_Maasland_B_V/index.md","1","1"
"akteur_beteiligung","Montessori_Maassluis__006__A_de_Jong_Groep","akteur_beteiligung/Montessori_Maassluis__006__A_de_Jong_Groep","Montessori_Maassluis__006__A_de_Jong_Groep","clean_phase20","_database/akteur_beteiligung/Montessori_Maassluis__006__A_de_Jong_Groep/index.md","1","1"
"akteur_beteiligung","Multi_Brussels_Reuse_in_MULTI__001__Whitewood_Immobel_CONIX_RDBM_Cordeel_Rotor_Rotor","akteur_beteiligung/Multi_Brussels_Reuse_in_MULTI__001__Whitewood_Immobel_CONIX_RDBM_Cordeel_Rotor_Rotor","Multi_Brussels_Reuse_in_MULTI__001__Whitewood_Immobel_CONIX_RDBM_Cordeel_Rotor_Rotor","clean_phase20","_database/akteur_beteiligung/Multi_Brussels_Reuse_in_MULTI__001__Whitewood_Immobel_CONIX_RDBM_Cordeel_Rotor_Rotor/index.md","1","1"
"akteur_beteiligung","Musee_de_Folklore_Mouscron__001__V_Projectiles","akteur_beteiligung/Musee_de_Folklore_Mouscron__001__V_Projectiles","Musee_de_Folklore_Mouscron__001__V_Projectiles","clean_phase20","_database/akteur_beteiligung/Musee_de_Folklore_Mouscron__001__V_Projectiles/index.md","1","1"
"akteur_beteiligung","Musee_de_Folklore_Mouscron__002__Simon_Boudvin","akteur_beteiligung/Musee_de_Folklore_Mouscron__002__Simon_Boudvin","Musee_de_Folklore_Mouscron__002__Simon_Boudvin","clean_phase20","_database/akteur_beteiligung/Musee_de_Folklore_Mouscron__002__Simon_Boudvin/index.md","1","1"
"akteur_beteiligung","Musee_de_Folklore_Mouscron__003__Bureau_Bouwtechniek_Greisch_Daidalos_Peutz_Takty","akteur_beteiligung/Musee_de_Folklore_Mouscron__003__Bureau_Bouwtechniek_Greisch_Daidalos_Peutz_Takty","Musee_de_Folklore_Mouscron__003__Bureau_Bouwtechniek_Greisch_Daidalos_Peutz_Takty","clean_phase20","_database/akteur_beteiligung/Musee_de_Folklore_Mouscron__003__Bureau_Bouwtechniek_Greisch_Daidalos_Peutz_Takty/index.md","1","1"
"akteur_beteiligung","Peoples_Pavilion_Eindhoven__001__bureau_SLA","akteur_beteiligung/Peoples_Pavilion_Eindhoven__001__bureau_SLA","Peoples_Pavilion_Eindhoven__001__bureau_SLA","clean_phase20","_database/akteur_beteiligung/Peoples_Pavilion_Eindhoven__001__bureau_SLA/index.md","1","1"
"akteur_beteiligung","Peoples_Pavilion_Eindhoven__002__Overtreders_W","akteur_beteiligung/Peoples_Pavilion_Eindhoven__002__Overtreders_W","Peoples_Pavilion_Eindhoven__002__Overtreders_W","clean_phase20","_database/akteur_beteiligung/Peoples_Pavilion_Eindhoven__002__Overtreders_W/index.md","1","1"
"akteur_beteiligung","Peoples_Pavilion_Eindhoven__003__Dutch_Design_Foundation","akteur_beteiligung/Peoples_Pavilion_Eindhoven__003__Dutch_Design_Foundation","Peoples_Pavilion_Eindhoven__003__Dutch_Design_Foundation","clean_phase20","_database/akteur_beteiligung/Peoples_Pavilion_Eindhoven__003__Dutch_Design_Foundation/index.md","1","1"
"akteur_beteiligung","Peoples_Pavilion_Eindhoven__004__Arup","akteur_beteiligung/Peoples_Pavilion_Eindhoven__004__Arup","Peoples_Pavilion_Eindhoven__004__Arup","clean_phase20","_database/akteur_beteiligung/Peoples_Pavilion_Eindhoven__004__Arup/index.md","1","1"
"akteur_beteiligung","Peoples_Pavilion_Eindhoven__005__Ham_Sybesma","akteur_beteiligung/Peoples_Pavilion_Eindhoven__005__Ham_Sybesma","Peoples_Pavilion_Eindhoven__005__Ham_Sybesma","clean_phase20","_database/akteur_beteiligung/Peoples_Pavilion_Eindhoven__005__Ham_Sybesma/index.md","1","1"
"akteur_beteiligung","Peoples_Pavilion_Eindhoven__006__New_Horizon","akteur_beteiligung/Peoples_Pavilion_Eindhoven__006__New_Horizon","Peoples_Pavilion_Eindhoven__006__New_Horizon","clean_phase20","_database/akteur_beteiligung/Peoples_Pavilion_Eindhoven__006__New_Horizon/index.md","1","1"
"akteur_beteiligung","Plattenpalast_Berlin__001__Anna_Hopp_Carsten_Wiewiorra_Wiewiorra_Hopp_Archi","akteur_beteiligung/Plattenpalast_Berlin__001__Anna_Hopp_Carsten_Wiewiorra_Wiewiorra_Hopp_Archi","Plattenpalast_Berlin__001__Anna_Hopp_Carsten_Wiewiorra_Wiewiorra_Hopp_Archi","clean_phase20","_database/akteur_beteiligung/Plattenpalast_Berlin__001__Anna_Hopp_Carsten_Wiewiorra_Wiewiorra_Hopp_Archi/index.md","1","1"
"akteur_beteiligung","PLP_London_HQ_Circular_Studio_Fitout__001__PLP_Architecture","akteur_beteiligung/PLP_London_HQ_Circular_Studio_Fitout__001__PLP_Architecture","PLP_London_HQ_Circular_Studio_Fitout__001__PLP_Architecture","clean_phase20","_database/akteur_beteiligung/PLP_London_HQ_Circular_Studio_Fitout__001__PLP_Architecture/index.md","1","1"
"akteur_beteiligung","PLP_London_HQ_Circular_Studio_Fitout__002__Method","akteur_beteiligung/PLP_London_HQ_Circular_Studio_Fitout__002__Method","PLP_London_HQ_Circular_Studio_Fitout__002__Method","clean_phase20","_database/akteur_beteiligung/PLP_London_HQ_Circular_Studio_Fitout__002__Method/index.md","1","1"
"akteur_beteiligung","PLP_London_HQ_Circular_Studio_Fitout__003__Maconda","akteur_beteiligung/PLP_London_HQ_Circular_Studio_Fitout__003__Maconda","PLP_London_HQ_Circular_Studio_Fitout__003__Maconda","clean_phase20","_database/akteur_beteiligung/PLP_London_HQ_Circular_Studio_Fitout__003__Maconda/index.md","1","1"
"akteur_beteiligung","PLP_London_HQ_Circular_Studio_Fitout__004__Contrax_Furniture","akteur_beteiligung/PLP_London_HQ_Circular_Studio_Fitout__004__Contrax_Furniture","PLP_London_HQ_Circular_Studio_Fitout__004__Contrax_Furniture","clean_phase20","_database/akteur_beteiligung/PLP_London_HQ_Circular_Studio_Fitout__004__Contrax_Furniture/index.md","1","1"
"akteur_beteiligung","PLP_London_HQ_Circular_Studio_Fitout__005__Solus","akteur_beteiligung/PLP_London_HQ_Circular_Studio_Fitout__005__Solus","PLP_London_HQ_Circular_Studio_Fitout__005__Solus","clean_phase20","_database/akteur_beteiligung/PLP_London_HQ_Circular_Studio_Fitout__005__Solus/index.md","1","1"
"akteur_beteiligung","PLP_London_HQ_Circular_Studio_Fitout__006__Grants_of_Shoreditch","akteur_beteiligung/PLP_London_HQ_Circular_Studio_Fitout__006__Grants_of_Shoreditch","PLP_London_HQ_Circular_Studio_Fitout__006__Grants_of_Shoreditch","clean_phase20","_database/akteur_beteiligung/PLP_London_HQ_Circular_Studio_Fitout__006__Grants_of_Shoreditch/index.md","1","1"
"akteur_beteiligung","ReCrete_footbridge_reused_concrete_blocks__001__Julie_Dev_nes_Jan_Br_tting_C_lia_K_pfer_Mal_na_B","akteur_beteiligung/ReCrete_footbridge_reused_concrete_blocks__001__Julie_Dev_nes_Jan_Br_tting_C_lia_K_pfer_Mal_na_B","ReCrete_footbridge_reused_concrete_blocks__001__Julie_Dev_nes_Jan_Br_tting_C_lia_K_pfer_Mal_na_B","clean_phase20","_database/akteur_beteiligung/ReCrete_footbridge_reused_concrete_blocks__001__Julie_Dev_nes_Jan_Br_tting_C_lia_K_pfer_Mal_na_B/index.md","1","1"
"akteur_beteiligung","Recyclinghaus_Hannover__001__Nils_Nolting_CITYF_RSTER","akteur_beteiligung/Recyclinghaus_Hannover__001__Nils_Nolting_CITYF_RSTER","Recyclinghaus_Hannover__001__Nils_Nolting_CITYF_RSTER","clean_phase20","_database/akteur_beteiligung/Recyclinghaus_Hannover__001__Nils_Nolting_CITYF_RSTER/index.md","1","1"
"akteur_beteiligung","Recypark_Demets_Anderlecht__001__Bruxelles_Propret_Net_Brussel","akteur_beteiligung/Recypark_Demets_Anderlecht__001__Bruxelles_Propret_Net_Brussel","Recypark_Demets_Anderlecht__001__Bruxelles_Propret_Net_Brussel","clean_phase20","_database/akteur_beteiligung/Recypark_Demets_Anderlecht__001__Bruxelles_Propret_Net_Brussel/index.md","1","1"
"akteur_beteiligung","Recypark_Demets_Anderlecht__002__51N4E","akteur_beteiligung/Recypark_Demets_Anderlecht__002__51N4E","Recypark_Demets_Anderlecht__002__51N4E","clean_phase20","_database/akteur_beteiligung/Recypark_Demets_Anderlecht__002__51N4E/index.md","1","1"
"akteur_beteiligung","Recypark_Demets_Anderlecht__003__Witteveen_Bos","akteur_beteiligung/Recypark_Demets_Anderlecht__003__Witteveen_Bos","Recypark_Demets_Anderlecht__003__Witteveen_Bos","clean_phase20","_database/akteur_beteiligung/Recypark_Demets_Anderlecht__003__Witteveen_Bos/index.md","1","1"
"akteur_beteiligung","Recypark_Demets_Anderlecht__004__Rotor_asbl","akteur_beteiligung/Recypark_Demets_Anderlecht__004__Rotor_asbl","Recypark_Demets_Anderlecht__004__Rotor_asbl","clean_phase20","_database/akteur_beteiligung/Recypark_Demets_Anderlecht__004__Rotor_asbl/index.md","1","1"
"akteur_beteiligung","Recypark_Demets_Anderlecht__005__Bureau_Greisch","akteur_beteiligung/Recypark_Demets_Anderlecht__005__Bureau_Greisch","Recypark_Demets_Anderlecht__005__Bureau_Greisch","clean_phase20","_database/akteur_beteiligung/Recypark_Demets_Anderlecht__005__Bureau_Greisch/index.md","1","1"
"akteur_beteiligung","Recypark_Demets_Anderlecht__006__D_tang","akteur_beteiligung/Recypark_Demets_Anderlecht__006__D_tang","Recypark_Demets_Anderlecht__006__D_tang","clean_phase20","_database/akteur_beteiligung/Recypark_Demets_Anderlecht__006__D_tang/index.md","1","1"
"akteur_beteiligung","Recypark_Demets_Anderlecht__007__SecuriSan","akteur_beteiligung/Recypark_Demets_Anderlecht__007__SecuriSan","Recypark_Demets_Anderlecht__007__SecuriSan","clean_phase20","_database/akteur_beteiligung/Recypark_Demets_Anderlecht__007__SecuriSan/index.md","1","1"
"akteur_beteiligung","Recypark_Demets_Anderlecht__008__Les_Marneurs_Janne_Saario","akteur_beteiligung/Recypark_Demets_Anderlecht__008__Les_Marneurs_Janne_Saario","Recypark_Demets_Anderlecht__008__Les_Marneurs_Janne_Saario","clean_phase20","_database/akteur_beteiligung/Recypark_Demets_Anderlecht__008__Les_Marneurs_Janne_Saario/index.md","1","1"
"akteur_beteiligung","Recypark_Demets_Anderlecht__009__Art_Valens","akteur_beteiligung/Recypark_Demets_Anderlecht__009__Art_Valens","Recypark_Demets_Anderlecht__009__Art_Valens","clean_phase20","_database/akteur_beteiligung/Recypark_Demets_Anderlecht__009__Art_Valens/index.md","1","1"
"akteur_beteiligung","Resilience_La_Ferme_des_Possibles_Stains__001__Novaedia_Nov_dia","akteur_beteiligung/Resilience_La_Ferme_des_Possibles_Stains__001__Novaedia_Nov_dia","Resilience_La_Ferme_des_Possibles_Stains__001__Novaedia_Nov_dia","clean_phase20","_database/akteur_beteiligung/Resilience_La_Ferme_des_Possibles_Stains__001__Novaedia_Nov_dia/index.md","1","1"
"akteur_beteiligung","Resilience_La_Ferme_des_Possibles_Stains__002__Fr_d_ric_Denise_Archipel_Z_ro","akteur_beteiligung/Resilience_La_Ferme_des_Possibles_Stains__002__Fr_d_ric_Denise_Archipel_Z_ro","Resilience_La_Ferme_des_Possibles_Stains__002__Fr_d_ric_Denise_Archipel_Z_ro","clean_phase20","_database/akteur_beteiligung/Resilience_La_Ferme_des_Possibles_Stains__002__Fr_d_ric_Denise_Archipel_Z_ro/index.md","1","1"
"akteur_beteiligung","Resilience_La_Ferme_des_Possibles_Stains__003__Bellastock","akteur_beteiligung/Resilience_La_Ferme_des_Possibles_Stains__003__Bellastock","Resilience_La_Ferme_des_Possibles_Stains__003__Bellastock","clean_phase20","_database/akteur_beteiligung/Resilience_La_Ferme_des_Possibles_Stains__003__Bellastock/index.md","1","1"
"akteur_beteiligung","Resilience_La_Ferme_des_Possibles_Stains__004__SOCOTEC","akteur_beteiligung/Resilience_La_Ferme_des_Possibles_Stains__004__SOCOTEC","Resilience_La_Ferme_des_Possibles_Stains__004__SOCOTEC","clean_phase20","_database/akteur_beteiligung/Resilience_La_Ferme_des_Possibles_Stains__004__SOCOTEC/index.md","1","1"
"akteur_beteiligung","Resilience_La_Ferme_des_Possibles_Stains__005__Depuis_1920","akteur_beteiligung/Resilience_La_Ferme_des_Possibles_Stains__005__Depuis_1920","Resilience_La_Ferme_des_Possibles_Stains__005__Depuis_1920","clean_phase20","_database/akteur_beteiligung/Resilience_La_Ferme_des_Possibles_Stains__005__Depuis_1920/index.md","1","1"
"akteur_beteiligung","Resilience_La_Ferme_des_Possibles_Stains__006__Terraterre","akteur_beteiligung/Resilience_La_Ferme_des_Possibles_Stains__006__Terraterre","Resilience_La_Ferme_des_Possibles_Stains__006__Terraterre","clean_phase20","_database/akteur_beteiligung/Resilience_La_Ferme_des_Possibles_Stains__006__Terraterre/index.md","1","1"
"akteur_beteiligung","Resource_Rows_Copenhagen__001__Lendager_Group_Lendager_Architects","akteur_beteiligung/Resource_Rows_Copenhagen__001__Lendager_Group_Lendager_Architects","Resource_Rows_Copenhagen__001__Lendager_Group_Lendager_Architects","clean_phase20","_database/akteur_beteiligung/Resource_Rows_Copenhagen__001__Lendager_Group_Lendager_Architects/index.md","1","1"
"akteur_beteiligung","Saxum_Vineyard_Equipment_Barn_Paso_Robles__001__Saxum_Vineyards","akteur_beteiligung/Saxum_Vineyard_Equipment_Barn_Paso_Robles__001__Saxum_Vineyards","Saxum_Vineyard_Equipment_Barn_Paso_Robles__001__Saxum_Vineyards","clean_phase20","_database/akteur_beteiligung/Saxum_Vineyard_Equipment_Barn_Paso_Robles__001__Saxum_Vineyards/index.md","1","1"
"akteur_beteiligung","Saxum_Vineyard_Equipment_Barn_Paso_Robles__002__Clayton_Little_Clayton_Korte","akteur_beteiligung/Saxum_Vineyard_Equipment_Barn_Paso_Robles__002__Clayton_Little_Clayton_Korte","Saxum_Vineyard_Equipment_Barn_Paso_Robles__002__Clayton_Little_Clayton_Korte","clean_phase20","_database/akteur_beteiligung/Saxum_Vineyard_Equipment_Barn_Paso_Robles__002__Clayton_Little_Clayton_Korte/index.md","1","1"
"akteur_beteiligung","Saxum_Vineyard_Equipment_Barn_Paso_Robles__003__SSG_Structural_Engineers","akteur_beteiligung/Saxum_Vineyard_Equipment_Barn_Paso_Robles__003__SSG_Structural_Engineers","Saxum_Vineyard_Equipment_Barn_Paso_Robles__003__SSG_Structural_Engineers","clean_phase20","_database/akteur_beteiligung/Saxum_Vineyard_Equipment_Barn_Paso_Robles__003__SSG_Structural_Engineers/index.md","1","1"
"akteur_beteiligung","Saxum_Vineyard_Equipment_Barn_Paso_Robles__004__Rarig_Construction","akteur_beteiligung/Saxum_Vineyard_Equipment_Barn_Paso_Robles__004__Rarig_Construction","Saxum_Vineyard_Equipment_Barn_Paso_Robles__004__Rarig_Construction","clean_phase20","_database/akteur_beteiligung/Saxum_Vineyard_Equipment_Barn_Paso_Robles__004__Rarig_Construction/index.md","1","1"
"akteur_beteiligung","Superlocal_Expogebouw_Bleijerheide__001__Maurer_United","akteur_beteiligung/Superlocal_Expogebouw_Bleijerheide__001__Maurer_United","Superlocal_Expogebouw_Bleijerheide__001__Maurer_United","clean_phase20","_database/akteur_beteiligung/Superlocal_Expogebouw_Bleijerheide__001__Maurer_United/index.md","1","1"
"akteur_beteiligung","Superlocal_Expogebouw_Bleijerheide__002__HEEMwonen","akteur_beteiligung/Superlocal_Expogebouw_Bleijerheide__002__HEEMwonen","Superlocal_Expogebouw_Bleijerheide__002__HEEMwonen","clean_phase20","_database/akteur_beteiligung/Superlocal_Expogebouw_Bleijerheide__002__HEEMwonen/index.md","1","1"
"akteur_beteiligung","Superlocal_Expogebouw_Bleijerheide__003__Gemeinde_Kerkrade_IBA_Parkstad","akteur_beteiligung/Superlocal_Expogebouw_Bleijerheide__003__Gemeinde_Kerkrade_IBA_Parkstad","Superlocal_Expogebouw_Bleijerheide__003__Gemeinde_Kerkrade_IBA_Parkstad","clean_phase20","_database/akteur_beteiligung/Superlocal_Expogebouw_Bleijerheide__003__Gemeinde_Kerkrade_IBA_Parkstad/index.md","1","1"
"akteur_beteiligung","Superlocal_Expogebouw_Bleijerheide__004__Volantis","akteur_beteiligung/Superlocal_Expogebouw_Bleijerheide__004__Volantis","Superlocal_Expogebouw_Bleijerheide__004__Volantis","clean_phase20","_database/akteur_beteiligung/Superlocal_Expogebouw_Bleijerheide__004__Volantis/index.md","1","1"
"akteur_beteiligung","Superlocal_Expogebouw_Bleijerheide__005__Dusseldorp","akteur_beteiligung/Superlocal_Expogebouw_Bleijerheide__005__Dusseldorp","Superlocal_Expogebouw_Bleijerheide__005__Dusseldorp","clean_phase20","_database/akteur_beteiligung/Superlocal_Expogebouw_Bleijerheide__005__Dusseldorp/index.md","1","1"
"akteur_beteiligung","Superlocal_Expogebouw_Bleijerheide__006__Bouwbedrijven_Jongen","akteur_beteiligung/Superlocal_Expogebouw_Bleijerheide__006__Bouwbedrijven_Jongen","Superlocal_Expogebouw_Bleijerheide__006__Bouwbedrijven_Jongen","clean_phase20","_database/akteur_beteiligung/Superlocal_Expogebouw_Bleijerheide__006__Bouwbedrijven_Jongen/index.md","1","1"
"akteur_beteiligung","Svanen_Kindergarten_Gladsaxe__001__Gladsaxe_Municipality_Gladsaxe_Kommune","akteur_beteiligung/Svanen_Kindergarten_Gladsaxe__001__Gladsaxe_Municipality_Gladsaxe_Kommune","Svanen_Kindergarten_Gladsaxe__001__Gladsaxe_Municipality_Gladsaxe_Kommune","clean_phase20","_database/akteur_beteiligung/Svanen_Kindergarten_Gladsaxe__001__Gladsaxe_Municipality_Gladsaxe_Kommune/index.md","1","1"
"akteur_beteiligung","Svanen_Kindergarten_Gladsaxe__002__Lendager","akteur_beteiligung/Svanen_Kindergarten_Gladsaxe__002__Lendager","Svanen_Kindergarten_Gladsaxe__002__Lendager","clean_phase20","_database/akteur_beteiligung/Svanen_Kindergarten_Gladsaxe__002__Lendager/index.md","1","1"
"akteur_beteiligung","Svanen_Kindergarten_Gladsaxe__003__Sweco_Sweco_Architects","akteur_beteiligung/Svanen_Kindergarten_Gladsaxe__003__Sweco_Sweco_Architects","Svanen_Kindergarten_Gladsaxe__003__Sweco_Sweco_Architects","clean_phase20","_database/akteur_beteiligung/Svanen_Kindergarten_Gladsaxe__003__Sweco_Sweco_Architects/index.md","1","1"
"akteur_beteiligung","Svanen_Kindergarten_Gladsaxe__004__NIRAS","akteur_beteiligung/Svanen_Kindergarten_Gladsaxe__004__NIRAS","Svanen_Kindergarten_Gladsaxe__004__NIRAS","clean_phase20","_database/akteur_beteiligung/Svanen_Kindergarten_Gladsaxe__004__NIRAS/index.md","1","1"
"akteur_beteiligung","Svanen_Kindergarten_Gladsaxe__005__Tscherning_Ason_A_S_Aksel_V_Jensen","akteur_beteiligung/Svanen_Kindergarten_Gladsaxe__005__Tscherning_Ason_A_S_Aksel_V_Jensen","Svanen_Kindergarten_Gladsaxe__005__Tscherning_Ason_A_S_Aksel_V_Jensen","clean_phase20","_database/akteur_beteiligung/Svanen_Kindergarten_Gladsaxe__005__Tscherning_Ason_A_S_Aksel_V_Jensen/index.md","1","1"
"akteur_beteiligung","The_Green_House_Utrecht__001__cepezed","akteur_beteiligung/The_Green_House_Utrecht__001__cepezed","The_Green_House_Utrecht__001__cepezed","clean_phase20","_database/akteur_beteiligung/The_Green_House_Utrecht__001__cepezed/index.md","1","1"
"akteur_beteiligung","The_Green_House_Utrecht__002__Rijksvastgoedbedrijf_Central_Government_Real_Est","akteur_beteiligung/The_Green_House_Utrecht__002__Rijksvastgoedbedrijf_Central_Government_Real_Est","The_Green_House_Utrecht__002__Rijksvastgoedbedrijf_Central_Government_Real_Est","clean_phase20","_database/akteur_beteiligung/The_Green_House_Utrecht__002__Rijksvastgoedbedrijf_Central_Government_Real_Est/index.md","1","1"
"akteur_beteiligung","The_Green_House_Utrecht__003__R_Creators","akteur_beteiligung/The_Green_House_Utrecht__003__R_Creators","The_Green_House_Utrecht__003__R_Creators","clean_phase20","_database/akteur_beteiligung/The_Green_House_Utrecht__003__R_Creators/index.md","1","1"
"akteur_beteiligung","The_Green_House_Utrecht__004__Pieters_Bouwtechniek","akteur_beteiligung/The_Green_House_Utrecht__004__Pieters_Bouwtechniek","The_Green_House_Utrecht__004__Pieters_Bouwtechniek","clean_phase20","_database/akteur_beteiligung/The_Green_House_Utrecht__004__Pieters_Bouwtechniek/index.md","1","1"
"akteur_beteiligung","The_Green_House_Utrecht__005__Strukton_Worksphere","akteur_beteiligung/The_Green_House_Utrecht__005__Strukton_Worksphere","The_Green_House_Utrecht__005__Strukton_Worksphere","clean_phase20","_database/akteur_beteiligung/The_Green_House_Utrecht__005__Strukton_Worksphere/index.md","1","1"
"akteur_beteiligung","The_Green_House_Utrecht__006__Ballast_Nedam","akteur_beteiligung/The_Green_House_Utrecht__006__Ballast_Nedam","The_Green_House_Utrecht__006__Ballast_Nedam","clean_phase20","_database/akteur_beteiligung/The_Green_House_Utrecht__006__Ballast_Nedam/index.md","1","1"
"akteur_beteiligung","The_Green_House_Utrecht__007__Kampstaal","akteur_beteiligung/The_Green_House_Utrecht__007__Kampstaal","The_Green_House_Utrecht__007__Kampstaal","clean_phase20","_database/akteur_beteiligung/The_Green_House_Utrecht__007__Kampstaal/index.md","1","1"
"akteur_beteiligung","The_Green_House_Utrecht__008__De_Groot_Visser","akteur_beteiligung/The_Green_House_Utrecht__008__De_Groot_Visser","The_Green_House_Utrecht__008__De_Groot_Visser","clean_phase20","_database/akteur_beteiligung/The_Green_House_Utrecht__008__De_Groot_Visser/index.md","1","1"
"akteur_beteiligung","Thoravej_29_Copenhagen__001__Bikubenfonden_Pihlmann_Architects_Hoffmann_A_S_A","akteur_beteiligung/Thoravej_29_Copenhagen__001__Bikubenfonden_Pihlmann_Architects_Hoffmann_A_S_A","Thoravej_29_Copenhagen__001__Bikubenfonden_Pihlmann_Architects_Hoffmann_A_S_A","clean_phase20","_database/akteur_beteiligung/Thoravej_29_Copenhagen__001__Bikubenfonden_Pihlmann_Architects_Hoffmann_A_S_A/index.md","1","1"
"akteur_beteiligung","Timber_Square_London__001__Landsec_Bennetts_Associates_HTS_Mace_Hoare_Lea_A","akteur_beteiligung/Timber_Square_London__001__Landsec_Bennetts_Associates_HTS_Mace_Hoare_Lea_A","Timber_Square_London__001__Landsec_Bennetts_Associates_HTS_Mace_Hoare_Lea_A","clean_phase20","_database/akteur_beteiligung/Timber_Square_London__001__Landsec_Bennetts_Associates_HTS_Mace_Hoare_Lea_A/index.md","1","1"
"akteur_beteiligung","TRAE_High_Rise_Aarhus__001__Lendager","akteur_beteiligung/TRAE_High_Rise_Aarhus__001__Lendager","TRAE_High_Rise_Aarhus__001__Lendager","clean_phase20","_database/akteur_beteiligung/TRAE_High_Rise_Aarhus__001__Lendager/index.md","1","1"
"akteur_beteiligung","TRAE_High_Rise_Aarhus__002__Artelia_Group","akteur_beteiligung/TRAE_High_Rise_Aarhus__002__Artelia_Group","TRAE_High_Rise_Aarhus__002__Artelia_Group","clean_phase20","_database/akteur_beteiligung/TRAE_High_Rise_Aarhus__002__Artelia_Group/index.md","1","1"
"akteur_beteiligung","Upcycle_Studios_Copenhagen__001__NREP_AG_Gruppen_Lendager_MOE_Artelia_BOGL","akteur_beteiligung/Upcycle_Studios_Copenhagen__001__NREP_AG_Gruppen_Lendager_MOE_Artelia_BOGL","Upcycle_Studios_Copenhagen__001__NREP_AG_Gruppen_Lendager_MOE_Artelia_BOGL","clean_phase20","_database/akteur_beteiligung/Upcycle_Studios_Copenhagen__001__NREP_AG_Gruppen_Lendager_MOE_Artelia_BOGL/index.md","1","1"
"akteur_beteiligung","Verbiest_Karreveld_Brussels__001__AgwA","akteur_beteiligung/Verbiest_Karreveld_Brussels__001__AgwA","Verbiest_Karreveld_Brussels__001__AgwA","clean_phase20","_database/akteur_beteiligung/Verbiest_Karreveld_Brussels__001__AgwA/index.md","1","1"
"akteur_beteiligung","Verbiest_Karreveld_Brussels__002__Evelia_Macal","akteur_beteiligung/Verbiest_Karreveld_Brussels__002__Evelia_Macal","Verbiest_Karreveld_Brussels__002__Evelia_Macal","clean_phase20","_database/akteur_beteiligung/Verbiest_Karreveld_Brussels__002__Evelia_Macal/index.md","1","1"
"akteur_beteiligung","Verbiest_Karreveld_Brussels__003__JZH_Partners","akteur_beteiligung/Verbiest_Karreveld_Brussels__003__JZH_Partners","Verbiest_Karreveld_Brussels__003__JZH_Partners","clean_phase20","_database/akteur_beteiligung/Verbiest_Karreveld_Brussels__003__JZH_Partners/index.md","1","1"
"akteur_beteiligung","Verbiest_Karreveld_Brussels__004__Daidalos_Peutz_Sixco","akteur_beteiligung/Verbiest_Karreveld_Brussels__004__Daidalos_Peutz_Sixco","Verbiest_Karreveld_Brussels__004__Daidalos_Peutz_Sixco","clean_phase20","_database/akteur_beteiligung/Verbiest_Karreveld_Brussels__004__Daidalos_Peutz_Sixco/index.md","1","1"
"akteur_beteiligung","Verbiest_Karreveld_Brussels__005__Kahle_Acoustics_Denis_Dujardin","akteur_beteiligung/Verbiest_Karreveld_Brussels__005__Kahle_Acoustics_Denis_Dujardin","Verbiest_Karreveld_Brussels__005__Kahle_Acoustics_Denis_Dujardin","clean_phase20","_database/akteur_beteiligung/Verbiest_Karreveld_Brussels__005__Kahle_Acoustics_Denis_Dujardin/index.md","1","1"
"akteur_beteiligung","Verbiest_Karreveld_Brussels__006__Pouvoir_Organisateur_Pluriel_POP","akteur_beteiligung/Verbiest_Karreveld_Brussels__006__Pouvoir_Organisateur_Pluriel_POP","Verbiest_Karreveld_Brussels__006__Pouvoir_Organisateur_Pluriel_POP","clean_phase20","_database/akteur_beteiligung/Verbiest_Karreveld_Brussels__006__Pouvoir_Organisateur_Pluriel_POP/index.md","1","1"
"akteur_beteiligung","Villa_Welpeloo_Enschede__001__Jan_Jongert_Jeroen_Bergsma_Team_Superuse_2012Arc","akteur_beteiligung/Villa_Welpeloo_Enschede__001__Jan_Jongert_Jeroen_Bergsma_Team_Superuse_2012Arc","Villa_Welpeloo_Enschede__001__Jan_Jongert_Jeroen_Bergsma_Team_Superuse_2012Arc","clean_phase20","_database/akteur_beteiligung/Villa_Welpeloo_Enschede__001__Jan_Jongert_Jeroen_Bergsma_Team_Superuse_2012Arc/index.md","1","1"
"akteur_beteiligung","Woongroep_Boschgaard_Den_Bosch__001__Bewohnerinitiative_Zayaz_Superuse_Studios_Bouwbe","akteur_beteiligung/Woongroep_Boschgaard_Den_Bosch__001__Bewohnerinitiative_Zayaz_Superuse_Studios_Bouwbe","Woongroep_Boschgaard_Den_Bosch__001__Bewohnerinitiative_Zayaz_Superuse_Studios_Bouwbe","clean_phase20","_database/akteur_beteiligung/Woongroep_Boschgaard_Den_Bosch__001__Bewohnerinitiative_Zayaz_Superuse_Studios_Bouwbe/index.md","1","1"
"akteur_beteiligung","Zinneke_Feder_Masui4ever_Brussels__001__Zinneke_asbl","akteur_beteiligung/Zinneke_Feder_Masui4ever_Brussels__001__Zinneke_asbl","Zinneke_Feder_Masui4ever_Brussels__001__Zinneke_asbl","clean_phase20","_database/akteur_beteiligung/Zinneke_Feder_Masui4ever_Brussels__001__Zinneke_asbl/index.md","1","1"
"akteur_beteiligung","Zinneke_Feder_Masui4ever_Brussels__002__Rotor","akteur_beteiligung/Zinneke_Feder_Masui4ever_Brussels__002__Rotor","Zinneke_Feder_Masui4ever_Brussels__002__Rotor","clean_phase20","_database/akteur_beteiligung/Zinneke_Feder_Masui4ever_Brussels__002__Rotor/index.md","1","1"
"akteur_beteiligung","Zinneke_Feder_Masui4ever_Brussels__003__Ouest_Architecture","akteur_beteiligung/Zinneke_Feder_Masui4ever_Brussels__003__Ouest_Architecture","Zinneke_Feder_Masui4ever_Brussels__003__Ouest_Architecture","clean_phase20","_database/akteur_beteiligung/Zinneke_Feder_Masui4ever_Brussels__003__Ouest_Architecture/index.md","1","1"
"akteur_beteiligung","Zinneke_Feder_Masui4ever_Brussels__004__Matriciel","akteur_beteiligung/Zinneke_Feder_Masui4ever_Brussels__004__Matriciel","Zinneke_Feder_Masui4ever_Brussels__004__Matriciel","clean_phase20","_database/akteur_beteiligung/Zinneke_Feder_Masui4ever_Brussels__004__Matriciel/index.md","1","1"
"akteurrolle","Architektur","akteurrolle/Architektur","Architektur","clean_phase20","_database/akteurrolle/Architektur/index.md","1","1"
"akteurrolle","Aufbereitung_Refurbishment","akteurrolle/Aufbereitung_Refurbishment","Aufbereitung_Refurbishment","clean_phase20","_database/akteurrolle/Aufbereitung_Refurbishment/index.md","1","1"
"akteurrolle","Bauausfuehrung","akteurrolle/Bauausfuehrung","Bauausfuehrung","clean_phase20","_database/akteurrolle/Bauausfuehrung/index.md","1","1"
"akteurrolle","Bauherr_Auftraggeber","akteurrolle/Bauherr_Auftraggeber","Bauherr_Auftraggeber","clean_phase20","_database/akteurrolle/Bauherr_Auftraggeber/index.md","1","1"
"akteurrolle","Betreiber_Nutzer","akteurrolle/Betreiber_Nutzer","Betreiber_Nutzer","clean_phase20","_database/akteurrolle/Betreiber_Nutzer/index.md","1","1"
"akteurrolle","Brandschutz_Barrierefreiheit","akteurrolle/Brandschutz_Barrierefreiheit","Brandschutz_Barrierefreiheit","clean_phase20","_database/akteurrolle/Brandschutz_Barrierefreiheit/index.md","1","1"
"akteurrolle","Fassade","akteurrolle/Fassade","Fassade","clean_phase20","_database/akteurrolle/Fassade/index.md","1","1"
"akteurrolle","Forschung_Dokumentation","akteurrolle/Forschung_Dokumentation","Forschung_Dokumentation","clean_phase20","_database/akteurrolle/Forschung_Dokumentation/index.md","1","1"
"akteurrolle","Kunst_Gestaltung","akteurrolle/Kunst_Gestaltung","Kunst_Gestaltung","clean_phase20","_database/akteurrolle/Kunst_Gestaltung/index.md","1","1"
"akteurrolle","Landschaftsplanung","akteurrolle/Landschaftsplanung","Landschaftsplanung","clean_phase20","_database/akteurrolle/Landschaftsplanung/index.md","1","1"
"akteurrolle","Materiallieferant","akteurrolle/Materiallieferant","Materiallieferant","clean_phase20","_database/akteurrolle/Materiallieferant/index.md","1","1"
"akteurrolle","Nachhaltigkeitsberatung","akteurrolle/Nachhaltigkeitsberatung","Nachhaltigkeitsberatung","clean_phase20","_database/akteurrolle/Nachhaltigkeitsberatung/index.md","1","1"
"akteurrolle","Oeffentliche_Hand","akteurrolle/Oeffentliche_Hand","Oeffentliche_Hand","clean_phase20","_database/akteurrolle/Oeffentliche_Hand/index.md","1","1"
"akteurrolle","Projektbeteiligte_Unbestimmt","akteurrolle/Projektbeteiligte_Unbestimmt","Projektbeteiligte_Unbestimmt","clean_phase20","_database/akteurrolle/Projektbeteiligte_Unbestimmt/index.md","1","1"
"akteurrolle","Projektmanagement_Koordination","akteurrolle/Projektmanagement_Koordination","Projektmanagement_Koordination","clean_phase20","_database/akteurrolle/Projektmanagement_Koordination/index.md","1","1"
"akteurrolle","Pruefung_Qualitaetssicherung","akteurrolle/Pruefung_Qualitaetssicherung","Pruefung_Qualitaetssicherung","clean_phase20","_database/akteurrolle/Pruefung_Qualitaetssicherung/index.md","1","1"
"akteurrolle","Reuse_Beratung","akteurrolle/Reuse_Beratung","Reuse_Beratung","clean_phase20","_database/akteurrolle/Reuse_Beratung/index.md","1","1"
"akteurrolle","Rueckbau_Demontage","akteurrolle/Rueckbau_Demontage","Rueckbau_Demontage","clean_phase20","_database/akteurrolle/Rueckbau_Demontage/index.md","1","1"
"akteurrolle","Stahlbau_Fertigung","akteurrolle/Stahlbau_Fertigung","Stahlbau_Fertigung","clean_phase20","_database/akteurrolle/Stahlbau_Fertigung/index.md","1","1"
"akteurrolle","TGA_Gebaeudetechnik","akteurrolle/TGA_Gebaeudetechnik","TGA_Gebaeudetechnik","clean_phase20","_database/akteurrolle/TGA_Gebaeudetechnik/index.md","1","1"
"akteurrolle","Tragwerksplanung","akteurrolle/Tragwerksplanung","Tragwerksplanung","clean_phase20","_database/akteurrolle/Tragwerksplanung/index.md","1","1"
"aufbereitungsverfahren","Drahtglasschneiden","aufbereitungsverfahren/Drahtglasschneiden","Drahtglasschneiden","clean_phase20","_database/aufbereitungsverfahren/Drahtglasschneiden/index.md","1","1"
"aufbereitungsverfahren","Entmoertelung_von_Fliesen","aufbereitungsverfahren/Entmoertelung_von_Fliesen","Entmoertelung_von_Fliesen","clean_phase20","_database/aufbereitungsverfahren/Entmoertelung_von_Fliesen/index.md","1","1"
"aufbereitungsverfahren","Holzaufbereitung","aufbereitungsverfahren/Holzaufbereitung","Holzaufbereitung","clean_phase20","_database/aufbereitungsverfahren/Holzaufbereitung/index.md","1","1"
"aufbereitungsverfahren","Leuchten_Refurbishment","aufbereitungsverfahren/Leuchten_Refurbishment","Leuchten_Refurbishment","clean_phase20","_database/aufbereitungsverfahren/Leuchten_Refurbishment/index.md","1","1"
"aufbereitungsverfahren","Qualitaetssicherung","aufbereitungsverfahren/Qualitaetssicherung","Qualitaetssicherung","clean_phase20","_database/aufbereitungsverfahren/Qualitaetssicherung/index.md","1","1"
"aufbereitungsverfahren","Rekonditionierung","aufbereitungsverfahren/Rekonditionierung","Rekonditionierung","clean_phase20","_database/aufbereitungsverfahren/Rekonditionierung/index.md","1","1"
"aufbereitungsverfahren","Reparatur","aufbereitungsverfahren/Reparatur","Reparatur","clean_phase20","_database/aufbereitungsverfahren/Reparatur/index.md","1","1"
"bauaufgabe_intervention","Aufstockung","bauaufgabe_intervention/Aufstockung","Aufstockung","clean_phase20","_database/bauaufgabe_intervention/Aufstockung/index.md","1","1"
"bauaufgabe_intervention","Umbau","bauaufgabe_intervention/Umbau","Umbau","clean_phase20","_database/bauaufgabe_intervention/Umbau/index.md","1","1"
"bauaufgabe_intervention","Umnutzung","bauaufgabe_intervention/Umnutzung","Umnutzung","clean_phase20","_database/bauaufgabe_intervention/Umnutzung/index.md","2","2"
"bauobjekt","55_Great_Suffolk_Street_London","bauobjekt/55_Great_Suffolk_Street_London","55_Great_Suffolk_Street_London","clean_phase20","_database/bauobjekt/55_Great_Suffolk_Street_London/index.md","1","1"
"bauobjekt","Altes_Hobelwerk_Winterthur","bauobjekt/Altes_Hobelwerk_Winterthur","Altes_Hobelwerk_Winterthur","clean_phase20","_database/bauobjekt/Altes_Hobelwerk_Winterthur/index.md","1","1"
"bauobjekt","Areal_Walkeweg_Nord","bauobjekt/Areal_Walkeweg_Nord","Areal_Walkeweg_Nord","clean_phase20","_database/bauobjekt/Areal_Walkeweg_Nord/index.md","1","1"
"bauobjekt","Association_house_Groeditz","bauobjekt/Association_house_Groeditz","Association_house_Groeditz","clean_phase20","_database/bauobjekt/Association_house_Groeditz/index.md","1","1"
"bauobjekt","Association_house_Plauen","bauobjekt/Association_house_Plauen","Association_house_Plauen","clean_phase20","_database/bauobjekt/Association_house_Plauen/index.md","1","1"
"bauobjekt","AWM_Muenster_Circular_Office","bauobjekt/AWM_Muenster_Circular_Office","AWM_Muenster_Circular_Office","clean_phase20","_database/bauobjekt/AWM_Muenster_Circular_Office/index.md","1","1"
"bauobjekt","BedZED_London_Hackbridge","bauobjekt/BedZED_London_Hackbridge","BedZED_London_Hackbridge","clean_phase20","_database/bauobjekt/BedZED_London_Hackbridge/index.md","1","1"
"bauobjekt","Berlin_Schildow_Pilot_House","bauobjekt/Berlin_Schildow_Pilot_House","Berlin_Schildow_Pilot_House","clean_phase20","_database/bauobjekt/Berlin_Schildow_Pilot_House/index.md","1","1"
"bauobjekt","Berlin_Schildow_Pilot_House_2","bauobjekt/Berlin_Schildow_Pilot_House_2","Berlin_Schildow_Pilot_House_2","clean_phase20","_database/bauobjekt/Berlin_Schildow_Pilot_House_2/index.md","1","1"
"bauobjekt","Bestandshalle_CRCLR_House","bauobjekt/Bestandshalle_CRCLR_House","Bestandshalle_CRCLR_House","clean_phase20","_database/bauobjekt/Bestandshalle_CRCLR_House/index.md","1","1"
"bauobjekt","Bestandverplanzung_Pavilion_Muenchen","bauobjekt/Bestandverplanzung_Pavilion_Muenchen","Bestandverplanzung_Pavilion_Muenchen","clean_phase20","_database/bauobjekt/Bestandverplanzung_Pavilion_Muenchen/index.md","1","1"
"bauobjekt","Big_Dig_Building_Boston","bauobjekt/Big_Dig_Building_Boston","Big_Dig_Building_Boston","clean_phase20","_database/bauobjekt/Big_Dig_Building_Boston/index.md","1","1"
"bauobjekt","Big_Dig_House_Lexington_Massachusetts","bauobjekt/Big_Dig_House_Lexington_Massachusetts","Big_Dig_House_Lexington_Massachusetts","clean_phase20","_database/bauobjekt/Big_Dig_House_Lexington_Massachusetts/index.md","1","1"
"bauobjekt","BioPartner_5_Leiden_Oegstgeest","bauobjekt/BioPartner_5_Leiden_Oegstgeest","BioPartner_5_Leiden_Oegstgeest","clean_phase20","_database/bauobjekt/BioPartner_5_Leiden_Oegstgeest/index.md","1","1"
"bauobjekt","BlueCity_Offices_Rotterdam","bauobjekt/BlueCity_Offices_Rotterdam","BlueCity_Offices_Rotterdam","clean_phase20","_database/bauobjekt/BlueCity_Offices_Rotterdam/index.md","1","1"
"bauobjekt","BOELL_LAB_Berlin","bauobjekt/BOELL_LAB_Berlin","BOELL_LAB_Berlin","clean_phase20","_database/bauobjekt/BOELL_LAB_Berlin/index.md","1","1"
"bauobjekt","Boulder_Fire_Station_3","bauobjekt/Boulder_Fire_Station_3","Boulder_Fire_Station_3","clean_phase20","_database/bauobjekt/Boulder_Fire_Station_3/index.md","1","1"
"bauobjekt","Brent_Cross_Town_Primary_Substation_London","bauobjekt/Brent_Cross_Town_Primary_Substation_London","Brent_Cross_Town_Primary_Substation_London","clean_phase20","_database/bauobjekt/Brent_Cross_Town_Primary_Substation_London/index.md","1","1"
"bauobjekt","Brighton_Waste_House_Brighton","bauobjekt/Brighton_Waste_House_Brighton","Brighton_Waste_House_Brighton","clean_phase20","_database/bauobjekt/Brighton_Waste_House_Brighton/index.md","1","1"
"bauobjekt","Broethen_Twin_House_Hoyerswerda","bauobjekt/Broethen_Twin_House_Hoyerswerda","Broethen_Twin_House_Hoyerswerda","clean_phase20","_database/bauobjekt/Broethen_Twin_House_Hoyerswerda/index.md","1","1"
"bauobjekt","CascadeUp_London_secondary_timber_glulam_demonstrator","bauobjekt/CascadeUp_London_secondary_timber_glulam_demonstrator","CascadeUp_London_secondary_timber_glulam_demonstrator","clean_phase20","_database/bauobjekt/CascadeUp_London_secondary_timber_glulam_demonstrator/index.md","1","1"
"bauobjekt","Charles_Malis_Molenbeek","bauobjekt/Charles_Malis_Molenbeek","Charles_Malis_Molenbeek","clean_phase20","_database/bauobjekt/Charles_Malis_Molenbeek/index.md","1","1"
"bauobjekt","Chiro_d_Itterbeek_Dilbeek","bauobjekt/Chiro_d_Itterbeek_Dilbeek","Chiro_d_Itterbeek_Dilbeek","clean_phase20","_database/bauobjekt/Chiro_d_Itterbeek_Dilbeek/index.md","1","1"
"bauobjekt","Christ_Pavilion_Volkenroda","bauobjekt/Christ_Pavilion_Volkenroda","Christ_Pavilion_Volkenroda","clean_phase20","_database/bauobjekt/Christ_Pavilion_Volkenroda/index.md","1","1"
"bauobjekt","Circular_Centre_Netherlands_Prinsenhof_A_reuse_pilot","bauobjekt/Circular_Centre_Netherlands_Prinsenhof_A_reuse_pilot","Circular_Centre_Netherlands_Prinsenhof_A_reuse_pilot","clean_phase20","_database/bauobjekt/Circular_Centre_Netherlands_Prinsenhof_A_reuse_pilot/index.md","1","1"
"bauobjekt","Circular_Pavilion_Paris","bauobjekt/Circular_Pavilion_Paris","Circular_Pavilion_Paris","clean_phase20","_database/bauobjekt/Circular_Pavilion_Paris/index.md","1","1"
"bauobjekt","CRCLR_House_Impact_Hub_Berlin","bauobjekt/CRCLR_House_Impact_Hub_Berlin","CRCLR_House_Impact_Hub_Berlin","clean_phase20","_database/bauobjekt/CRCLR_House_Impact_Hub_Berlin/index.md","1","1"
"bauobjekt","Da_Vinci_Business_District","bauobjekt/Da_Vinci_Business_District","Da_Vinci_Business_District","clean_phase20","_database/bauobjekt/Da_Vinci_Business_District/index.md","1","1"
"bauobjekt","Elementa","bauobjekt/Elementa","Elementa","clean_phase20","_database/bauobjekt/Elementa/index.md","1","1"
"bauobjekt","ELYS_Kultur_Gewerbehaus_Basel","bauobjekt/ELYS_Kultur_Gewerbehaus_Basel","ELYS_Kultur_Gewerbehaus_Basel","clean_phase20","_database/bauobjekt/ELYS_Kultur_Gewerbehaus_Basel/index.md","1","1"
"bauobjekt","ELYS_Kultur_und_Gewerbehaus_Basel_Lysbuechelareal","bauobjekt/ELYS_Kultur_und_Gewerbehaus_Basel_Lysbuechelareal","ELYS_Kultur_und_Gewerbehaus_Basel_Lysbuechelareal","clean_phase20","_database/bauobjekt/ELYS_Kultur_und_Gewerbehaus_Basel_Lysbuechelareal/index.md","1","1"
"bauobjekt","Europa_Building_Brussels","bauobjekt/Europa_Building_Brussels","Europa_Building_Brussels","clean_phase20","_database/bauobjekt/Europa_Building_Brussels/index.md","1","1"
"bauobjekt","Ferme_du_Rail_Paris","bauobjekt/Ferme_du_Rail_Paris","Ferme_du_Rail_Paris","clean_phase20","_database/bauobjekt/Ferme_du_Rail_Paris/index.md","1","1"
"bauobjekt","gjG_House_Gentbrugge","bauobjekt/gjG_House_Gentbrugge","gjG_House_Gentbrugge","clean_phase20","_database/bauobjekt/gjG_House_Gentbrugge/index.md","1","1"
"bauobjekt","Grande_Halle_de_Colombelles","bauobjekt/Grande_Halle_de_Colombelles","Grande_Halle_de_Colombelles","clean_phase20","_database/bauobjekt/Grande_Halle_de_Colombelles/index.md","1","1"
"bauobjekt","Grubenstrasse_29_Werkhof_29_Zuerich","bauobjekt/Grubenstrasse_29_Werkhof_29_Zuerich","Grubenstrasse_29_Werkhof_29_Zuerich","clean_phase20","_database/bauobjekt/Grubenstrasse_29_Werkhof_29_Zuerich/index.md","1","1"
"bauobjekt","Harmalanranta_A_Kruunu_ReCreate_mini_pilot_Tampere","bauobjekt/Harmalanranta_A_Kruunu_ReCreate_mini_pilot_Tampere","Harmalanranta_A_Kruunu_ReCreate_mini_pilot_Tampere","clean_phase20","_database/bauobjekt/Harmalanranta_A_Kruunu_ReCreate_mini_pilot_Tampere/index.md","1","1"
"bauobjekt","Hastings_Pier_Visitor_Centre","bauobjekt/Hastings_Pier_Visitor_Centre","Hastings_Pier_Visitor_Centre","clean_phase20","_database/bauobjekt/Hastings_Pier_Visitor_Centre/index.md","1","1"
"bauobjekt","Haus_HOS_Mehrfamilienhaus_Muehlhausen","bauobjekt/Haus_HOS_Mehrfamilienhaus_Muehlhausen","Haus_HOS_Mehrfamilienhaus_Muehlhausen","clean_phase20","_database/bauobjekt/Haus_HOS_Mehrfamilienhaus_Muehlhausen/index.md","1","1"
"bauobjekt","Hobelwerk_Haus_D_Oberwinterthur","bauobjekt/Hobelwerk_Haus_D_Oberwinterthur","Hobelwerk_Haus_D_Oberwinterthur","clean_phase20","_database/bauobjekt/Hobelwerk_Haus_D_Oberwinterthur/index.md","1","1"
"bauobjekt","Holbein_Gardens_London","bauobjekt/Holbein_Gardens_London","Holbein_Gardens_London","clean_phase20","_database/bauobjekt/Holbein_Gardens_London/index.md","1","1"
"bauobjekt","House_of_Fraser_318_Oxford_Street_TBC_London_reuse_chain","bauobjekt/House_of_Fraser_318_Oxford_Street_TBC_London_reuse_chain","House_of_Fraser_318_Oxford_Street_TBC_London_reuse_chain","clean_phase20","_database/bauobjekt/House_of_Fraser_318_Oxford_Street_TBC_London_reuse_chain/index.md","1","1"
"bauobjekt","Impact_Hub_Berlin_CRCLR_Fitout","bauobjekt/Impact_Hub_Berlin_CRCLR_Fitout","Impact_Hub_Berlin_CRCLR_Fitout","clean_phase20","_database/bauobjekt/Impact_Hub_Berlin_CRCLR_Fitout/index.md","1","1"
"bauobjekt","Institut_de_Botanique_ULg_Liege","bauobjekt/Institut_de_Botanique_ULg_Liege","Institut_de_Botanique_ULg_Liege","clean_phase20","_database/bauobjekt/Institut_de_Botanique_ULg_Liege/index.md","1","1"
"bauobjekt","Jeugdkliniek_Ithaka_Emergis_Kloetinge","bauobjekt/Jeugdkliniek_Ithaka_Emergis_Kloetinge","Jeugdkliniek_Ithaka_Emergis_Kloetinge","clean_phase20","_database/bauobjekt/Jeugdkliniek_Ithaka_Emergis_Kloetinge/index.md","1","1"
"bauobjekt","Juch_Areal_Recyclingzentrum_Zuerich","bauobjekt/Juch_Areal_Recyclingzentrum_Zuerich","Juch_Areal_Recyclingzentrum_Zuerich","clean_phase20","_database/bauobjekt/Juch_Areal_Recyclingzentrum_Zuerich/index.md","1","1"
"bauobjekt","K118_Kopfbau_Halle_118_Winterthur","bauobjekt/K118_Kopfbau_Halle_118_Winterthur","K118_Kopfbau_Halle_118_Winterthur","clean_phase20","_database/bauobjekt/K118_Kopfbau_Halle_118_Winterthur/index.md","1","1"
"bauobjekt","KA13_Kristian_Augusts_gate_13_Oslo","bauobjekt/KA13_Kristian_Augusts_gate_13_Oslo","KA13_Kristian_Augusts_gate_13_Oslo","clean_phase20","_database/bauobjekt/KA13_Kristian_Augusts_gate_13_Oslo/index.md","1","1"
"bauobjekt","Kamikatsu_Zero_Waste_Center_Hotel_WHY","bauobjekt/Kamikatsu_Zero_Waste_Center_Hotel_WHY","Kamikatsu_Zero_Waste_Center_Hotel_WHY","clean_phase20","_database/bauobjekt/Kamikatsu_Zero_Waste_Center_Hotel_WHY/index.md","1","1"
"bauobjekt","Kindergarten_Moeoeslistrasse_Manegg_Zuerich","bauobjekt/Kindergarten_Moeoeslistrasse_Manegg_Zuerich","Kindergarten_Moeoeslistrasse_Manegg_Zuerich","clean_phase20","_database/bauobjekt/Kindergarten_Moeoeslistrasse_Manegg_Zuerich/index.md","1","1"
"bauobjekt","Kindl_Areal","bauobjekt/Kindl_Areal","Kindl_Areal","clean_phase20","_database/bauobjekt/Kindl_Areal/index.md","1","1"
"bauobjekt","Liander_Alliander_HQ_Duiven","bauobjekt/Liander_Alliander_HQ_Duiven","Liander_Alliander_HQ_Duiven","clean_phase20","_database/bauobjekt/Liander_Alliander_HQ_Duiven/index.md","1","1"
"bauobjekt","Lo_Reninge_Town_Hall_Facade","bauobjekt/Lo_Reninge_Town_Hall_Facade","Lo_Reninge_Town_Hall_Facade","clean_phase20","_database/bauobjekt/Lo_Reninge_Town_Hall_Facade/index.md","1","1"
"bauobjekt","Lokomotion_Technology_Centre_mini_pilot_Tampere","bauobjekt/Lokomotion_Technology_Centre_mini_pilot_Tampere","Lokomotion_Technology_Centre_mini_pilot_Tampere","clean_phase20","_database/bauobjekt/Lokomotion_Technology_Centre_mini_pilot_Tampere/index.md","1","1"
"bauobjekt","Lycee_Michel_Lucius_Conversion_Luxembourg","bauobjekt/Lycee_Michel_Lucius_Conversion_Luxembourg","Lycee_Michel_Lucius_Conversion_Luxembourg","clean_phase20","_database/bauobjekt/Lycee_Michel_Lucius_Conversion_Luxembourg/index.md","1","1"
"bauobjekt","Lysbuechel_Parkhaus","bauobjekt/Lysbuechel_Parkhaus","Lysbuechel_Parkhaus","clean_phase20","_database/bauobjekt/Lysbuechel_Parkhaus/index.md","1","1"
"bauobjekt","LysP8_Basel_Lysbuechelareal","bauobjekt/LysP8_Basel_Lysbuechelareal","LysP8_Basel_Lysbuechelareal","clean_phase20","_database/bauobjekt/LysP8_Basel_Lysbuechelareal/index.md","1","1"
"bauobjekt","Maison_des_Canaux_Paris","bauobjekt/Maison_des_Canaux_Paris","Maison_des_Canaux_Paris","clean_phase20","_database/bauobjekt/Maison_des_Canaux_Paris/index.md","1","1"
"bauobjekt","Maison_DnA_Asse","bauobjekt/Maison_DnA_Asse","Maison_DnA_Asse","clean_phase20","_database/bauobjekt/Maison_DnA_Asse/index.md","1","1"
"bauobjekt","Maison_Vignette_Auderghem","bauobjekt/Maison_Vignette_Auderghem","Maison_Vignette_Auderghem","clean_phase20","_database/bauobjekt/Maison_Vignette_Auderghem/index.md","1","1"
"bauobjekt","Mehrow_Pilot_House","bauobjekt/Mehrow_Pilot_House","Mehrow_Pilot_House","clean_phase20","_database/bauobjekt/Mehrow_Pilot_House/index.md","1","1"
"bauobjekt","Melkinlaituri_Primary_School_Daycare_Centre_Helsinki","bauobjekt/Melkinlaituri_Primary_School_Daycare_Centre_Helsinki","Melkinlaituri_Primary_School_Daycare_Centre_Helsinki","clean_phase20","_database/bauobjekt/Melkinlaituri_Primary_School_Daycare_Centre_Helsinki/index.md","1","1"
"bauobjekt","Montessori_Maassluis","bauobjekt/Montessori_Maassluis","Montessori_Maassluis","clean_phase20","_database/bauobjekt/Montessori_Maassluis/index.md","1","1"
"bauobjekt","Multi_Brussels_Reuse_in_MULTI","bauobjekt/Multi_Brussels_Reuse_in_MULTI","Multi_Brussels_Reuse_in_MULTI","clean_phase20","_database/bauobjekt/Multi_Brussels_Reuse_in_MULTI/index.md","1","1"
"bauobjekt","Musee_de_Folklore_Mouscron","bauobjekt/Musee_de_Folklore_Mouscron","Musee_de_Folklore_Mouscron","clean_phase20","_database/bauobjekt/Musee_de_Folklore_Mouscron/index.md","1","1"
"bauobjekt","Peoples_Pavilion_Eindhoven","bauobjekt/Peoples_Pavilion_Eindhoven","Peoples_Pavilion_Eindhoven","clean_phase20","_database/bauobjekt/Peoples_Pavilion_Eindhoven/index.md","1","1"
"bauobjekt","Plattenpalast_Berlin","bauobjekt/Plattenpalast_Berlin","Plattenpalast_Berlin","clean_phase20","_database/bauobjekt/Plattenpalast_Berlin/index.md","1","1"
"bauobjekt","Plattenvereinigung_Berlin","bauobjekt/Plattenvereinigung_Berlin","Plattenvereinigung_Berlin","clean_phase20","_database/bauobjekt/Plattenvereinigung_Berlin/index.md","1","1"
"bauobjekt","PLP_London_HQ_Circular_Studio_Fitout","bauobjekt/PLP_London_HQ_Circular_Studio_Fitout","PLP_London_HQ_Circular_Studio_Fitout","clean_phase20","_database/bauobjekt/PLP_London_HQ_Circular_Studio_Fitout/index.md","1","1"
"bauobjekt","ReCrete_footbridge_reused_concrete_blocks","bauobjekt/ReCrete_footbridge_reused_concrete_blocks","ReCrete_footbridge_reused_concrete_blocks","clean_phase20","_database/bauobjekt/ReCrete_footbridge_reused_concrete_blocks/index.md","1","1"
"bauobjekt","Recyclinghaus_Hannover","bauobjekt/Recyclinghaus_Hannover","Recyclinghaus_Hannover","clean_phase20","_database/bauobjekt/Recyclinghaus_Hannover/index.md","1","1"
"bauobjekt","Recypark_Demets_Anderlecht","bauobjekt/Recypark_Demets_Anderlecht","Recypark_Demets_Anderlecht","clean_phase20","_database/bauobjekt/Recypark_Demets_Anderlecht/index.md","1","1"
"bauobjekt","Resilience_La_Ferme_des_Possibles_Stains","bauobjekt/Resilience_La_Ferme_des_Possibles_Stains","Resilience_La_Ferme_des_Possibles_Stains","clean_phase20","_database/bauobjekt/Resilience_La_Ferme_des_Possibles_Stains/index.md","1","1"
"bauobjekt","Resource_Rows_Copenhagen","bauobjekt/Resource_Rows_Copenhagen","Resource_Rows_Copenhagen","clean_phase20","_database/bauobjekt/Resource_Rows_Copenhagen/index.md","1","1"
"bauobjekt","ReUseBox_Heilbronn","bauobjekt/ReUseBox_Heilbronn","ReUseBox_Heilbronn","clean_phase20","_database/bauobjekt/ReUseBox_Heilbronn/index.md","1","1"
"bauobjekt","Roots_in_the_Sky_Blackfriars_Crown_Court","bauobjekt/Roots_in_the_Sky_Blackfriars_Crown_Court","Roots_in_the_Sky_Blackfriars_Crown_Court","clean_phase20","_database/bauobjekt/Roots_in_the_Sky_Blackfriars_Crown_Court/index.md","1","1"
"bauobjekt","Saxum_Vineyard_Equipment_Barn_Paso_Robles","bauobjekt/Saxum_Vineyard_Equipment_Barn_Paso_Robles","Saxum_Vineyard_Equipment_Barn_Paso_Robles","clean_phase20","_database/bauobjekt/Saxum_Vineyard_Equipment_Barn_Paso_Robles/index.md","1","1"
"bauobjekt","Superlocal_Expogebouw_Bleijerheide","bauobjekt/Superlocal_Expogebouw_Bleijerheide","Superlocal_Expogebouw_Bleijerheide","clean_phase20","_database/bauobjekt/Superlocal_Expogebouw_Bleijerheide/index.md","1","1"
"bauobjekt","Svanen_Kindergarten_Gladsaxe","bauobjekt/Svanen_Kindergarten_Gladsaxe","Svanen_Kindergarten_Gladsaxe","clean_phase20","_database/bauobjekt/Svanen_Kindergarten_Gladsaxe/index.md","1","1"
"bauobjekt","The_Green_House_Utrecht","bauobjekt/The_Green_House_Utrecht","The_Green_House_Utrecht","clean_phase20","_database/bauobjekt/The_Green_House_Utrecht/index.md","1","1"
"bauobjekt","Thoravej_29_Copenhagen","bauobjekt/Thoravej_29_Copenhagen","Thoravej_29_Copenhagen","clean_phase20","_database/bauobjekt/Thoravej_29_Copenhagen/index.md","1","1"
"bauobjekt","Timber_Square_London","bauobjekt/Timber_Square_London","Timber_Square_London","clean_phase20","_database/bauobjekt/Timber_Square_London/index.md","1","1"
"bauobjekt","TRAE_High_Rise_Aarhus","bauobjekt/TRAE_High_Rise_Aarhus","TRAE_High_Rise_Aarhus","clean_phase20","_database/bauobjekt/TRAE_High_Rise_Aarhus/index.md","1","1"
"bauobjekt","Upcycle_Studios_Copenhagen","bauobjekt/Upcycle_Studios_Copenhagen","Upcycle_Studios_Copenhagen","clean_phase20","_database/bauobjekt/Upcycle_Studios_Copenhagen/index.md","1","1"
"bauobjekt","Verbiest_Karreveld_Brussels","bauobjekt/Verbiest_Karreveld_Brussels","Verbiest_Karreveld_Brussels","clean_phase20","_database/bauobjekt/Verbiest_Karreveld_Brussels/index.md","1","1"
"bauobjekt","Villa_Welpeloo_Enschede","bauobjekt/Villa_Welpeloo_Enschede","Villa_Welpeloo_Enschede","clean_phase20","_database/bauobjekt/Villa_Welpeloo_Enschede/index.md","1","1"
"bauobjekt","Woongroep_Boschgaard_Den_Bosch","bauobjekt/Woongroep_Boschgaard_Den_Bosch","Woongroep_Boschgaard_Den_Bosch","clean_phase20","_database/bauobjekt/Woongroep_Boschgaard_Den_Bosch/index.md","1","1"
"bauobjekt","Zinneke_Feder_Masui4ever_Brussels","bauobjekt/Zinneke_Feder_Masui4ever_Brussels","Zinneke_Feder_Masui4ever_Brussels","clean_phase20","_database/bauobjekt/Zinneke_Feder_Masui4ever_Brussels/index.md","1","1"
"bauobjektklasse","Reuse_Centre","bauobjektklasse/Reuse_Centre","Reuse_Centre","clean_phase20","_database/bauobjektklasse/Reuse_Centre/index.md","1","1"
"bausystem","Betonfertigteil_System","bausystem/Betonfertigteil_System","Betonfertigteil_System","clean_phase20","_database/bausystem/Betonfertigteil_System/index.md","1","1"
"bausystem","Holz_Skelettbau","bausystem/Holz_Skelettbau","Holz_Skelettbau","clean_phase20","_database/bausystem/Holz_Skelettbau/index.md","1","1"
"bausystem","Stahl_Skelettbau","bausystem/Stahl_Skelettbau","Stahl_Skelettbau","clean_phase20","_database/bausystem/Stahl_Skelettbau/index.md","1","1"
"bauteiltyp","Ausbau","bauteiltyp/Ausbau","Ausbau","clean_phase20","_database/bauteiltyp/Ausbau/index.md","1","1"
"bauteiltyp","Betonfertigteil","bauteiltyp/Betonfertigteil","Betonfertigteil","clean_phase20","_database/bauteiltyp/Betonfertigteil/index.md","2","2"
"bauteiltyp","Boden","bauteiltyp/Boden","Boden","clean_phase20","_database/bauteiltyp/Boden/index.md","3","3"
"bauteiltyp","Dach","bauteiltyp/Dach","Dach","clean_phase20","_database/bauteiltyp/Dach/index.md","3","3"
"bauteiltyp","Daemmung","bauteiltyp/Daemmung","Daemmung","clean_phase20","_database/bauteiltyp/Daemmung/index.md","1","1"
"bauteiltyp","Decke","bauteiltyp/Decke","Decke","clean_phase20","_database/bauteiltyp/Decke/index.md","2","2"
"bauteiltyp","Fassade","bauteiltyp/Fassade","Fassade","clean_phase20","_database/bauteiltyp/Fassade/index.md","1","1"
"bauteiltyp","Fenster","bauteiltyp/Fenster","Fenster","clean_phase20","_database/bauteiltyp/Fenster/index.md","1","1"
"bauteiltyp","Fundament","bauteiltyp/Fundament","Fundament","clean_phase20","_database/bauteiltyp/Fundament/index.md","1","1"
"bauteiltyp","Gelaender","bauteiltyp/Gelaender","Gelaender","clean_phase20","_database/bauteiltyp/Gelaender/index.md","1","1"
"bauteiltyp","Mauerstein_Block","bauteiltyp/Mauerstein_Block","Mauerstein_Block","clean_phase20","_database/bauteiltyp/Mauerstein_Block/index.md","2","2"
"bauteiltyp","Platte_Paneel","bauteiltyp/Platte_Paneel","Platte_Paneel","clean_phase20","_database/bauteiltyp/Platte_Paneel/index.md","2","2"
"bauteiltyp","Stuetze","bauteiltyp/Stuetze","Stuetze","clean_phase20","_database/bauteiltyp/Stuetze/index.md","2","2"
"bauteiltyp","Technik","bauteiltyp/Technik","Technik","clean_phase20","_database/bauteiltyp/Technik/index.md","3","3"
"bauteiltyp","Traeger","bauteiltyp/Traeger","Traeger","clean_phase20","_database/bauteiltyp/Traeger/index.md","3","3"
"bauteiltyp","Treppe","bauteiltyp/Treppe","Treppe","clean_phase20","_database/bauteiltyp/Treppe/index.md","1","1"
"bauteiltyp","Tuer","bauteiltyp/Tuer","Tuer","clean_phase20","_database/bauteiltyp/Tuer/index.md","2","2"
"bauteiltyp","Wand","bauteiltyp/Wand","Wand","clean_phase20","_database/bauteiltyp/Wand/index.md","3","3"
"bauweise","Holzbauweise","bauweise/Holzbauweise","Holzbauweise","clean_phase20","_database/bauweise/Holzbauweise/index.md","1","1"
"bauweise","Ortbetonbauweise","bauweise/Ortbetonbauweise","Ortbetonbauweise","clean_phase20","_database/bauweise/Ortbetonbauweise/index.md","1","1"
"beschaffungsweg","Ausschreibung","beschaffungsweg/Ausschreibung","Ausschreibung","clean_phase20","_database/beschaffungsweg/Ausschreibung/index.md","1","1"
"beschaffungsweg","Bauteilboerse","beschaffungsweg/Bauteilboerse","Bauteilboerse","clean_phase20","_database/beschaffungsweg/Bauteilboerse/index.md","1","1"
"beschaffungsweg","Digitale_Plattform","beschaffungsweg/Digitale_Plattform","Digitale_Plattform","clean_phase20","_database/beschaffungsweg/Digitale_Plattform/index.md","1","1"
"bewertungslogik_abgrenzung","Bestandserhalt_Nicht_Direct_Reuse","bewertungslogik_abgrenzung/Bestandserhalt_Nicht_Direct_Reuse","Bestandserhalt_Nicht_Direct_Reuse","clean_phase20","_database/bewertungslogik_abgrenzung/Bestandserhalt_Nicht_Direct_Reuse/index.md","1","1"
"bewertungslogik_abgrenzung","Kein_Direct_Reuse_Nachweis","bewertungslogik_abgrenzung/Kein_Direct_Reuse_Nachweis","Kein_Direct_Reuse_Nachweis","clean_phase20","_database/bewertungslogik_abgrenzung/Kein_Direct_Reuse_Nachweis/index.md","1","1"
"bewertungslogik_abgrenzung","Moebel_Dekoration_Nicht_Direct_Reuse","bewertungslogik_abgrenzung/Moebel_Dekoration_Nicht_Direct_Reuse","Moebel_Dekoration_Nicht_Direct_Reuse","clean_phase20","_database/bewertungslogik_abgrenzung/Moebel_Dekoration_Nicht_Direct_Reuse/index.md","2","2"
"bewertungslogik_abgrenzung","Recycling_Nicht_Direct_Reuse","bewertungslogik_abgrenzung/Recycling_Nicht_Direct_Reuse","Recycling_Nicht_Direct_Reuse","clean_phase20","_database/bewertungslogik_abgrenzung/Recycling_Nicht_Direct_Reuse/index.md","1","1"
"bewertungslogik_abgrenzung","Reuse_Anteil_Unklar","bewertungslogik_abgrenzung/Reuse_Anteil_Unklar","Reuse_Anteil_Unklar","clean_phase20","_database/bewertungslogik_abgrenzung/Reuse_Anteil_Unklar/index.md","1","1"
"bewertungslogik_abgrenzung","Ungebaut_Nicht_Realisierte_Wiederverwendung","bewertungslogik_abgrenzung/Ungebaut_Nicht_Realisierte_Wiederverwendung","Ungebaut_Nicht_Realisierte_Wiederverwendung","clean_phase20","_database/bewertungslogik_abgrenzung/Ungebaut_Nicht_Realisierte_Wiederverwendung/index.md","1","1"
"bewertungslogik_abgrenzung","Zukunftsfaehigkeit_Nicht_Aktuelle_Wiederverwendung","bewertungslogik_abgrenzung/Zukunftsfaehigkeit_Nicht_Aktuelle_Wiederverwendung","Zukunftsfaehigkeit_Nicht_Aktuelle_Wiederverwendung","clean_phase20","_database/bewertungslogik_abgrenzung/Zukunftsfaehigkeit_Nicht_Aktuelle_Wiederverwendung/index.md","1","1"
"datenmodell","Bauteil_ID","datenmodell/Bauteil_ID","Bauteil_ID","clean_phase20","_database/datenmodell/Bauteil_ID/index.md","1","1"
"datenmodell","IFC","datenmodell/IFC","IFC","clean_phase20","_database/datenmodell/IFC/index.md","1","1"
"datenmodell","Klassifikation","datenmodell/Klassifikation","Klassifikation","clean_phase20","_database/datenmodell/Klassifikation/index.md","1","1"
"datenmodell","Materialdatenbank","datenmodell/Materialdatenbank","Materialdatenbank","clean_phase20","_database/datenmodell/Materialdatenbank/index.md","1","1"
"datenmodell","Materialpass_Schema","datenmodell/Materialpass_Schema","Materialpass_Schema","clean_phase20","_database/datenmodell/Materialpass_Schema/index.md","2","2"
"datenmodell","Ontologie","datenmodell/Ontologie","Ontologie","clean_phase20","_database/datenmodell/Ontologie/index.md","1","1"
"datenmodell","Taxonomie","datenmodell/Taxonomie","Taxonomie","clean_phase20","_database/datenmodell/Taxonomie/index.md","1","1"
"datenpunkt","55_Great_Suffolk_Street_London__001__Reused_steel_intended","datenpunkt/55_Great_Suffolk_Street_London__001__Reused_steel_intended","55_Great_Suffolk_Street_London__001__Reused_steel_intended","clean_phase20","_database/datenpunkt/55_Great_Suffolk_Street_London__001__Reused_steel_intended/index.md","1","1"
"datenpunkt","55_Great_Suffolk_Street_London__002__Gesamtstahlwerk_am_Kern","datenpunkt/55_Great_Suffolk_Street_London__002__Gesamtstahlwerk_am_Kern","55_Great_Suffolk_Street_London__002__Gesamtstahlwerk_am_Kern","clean_phase20","_database/datenpunkt/55_Great_Suffolk_Street_London__002__Gesamtstahlwerk_am_Kern/index.md","1","1"
"datenpunkt","55_Great_Suffolk_Street_London__003__Anteil_reused_steel_am_Kernstahl","datenpunkt/55_Great_Suffolk_Street_London__003__Anteil_reused_steel_am_Kernstahl","55_Great_Suffolk_Street_London__003__Anteil_reused_steel_am_Kernstahl","clean_phase20","_database/datenpunkt/55_Great_Suffolk_Street_London__003__Anteil_reused_steel_am_Kernstahl/index.md","1","1"
"datenpunkt","55_Great_Suffolk_Street_London__004__Stahl_aus_donor_site_1_Broadgate","datenpunkt/55_Great_Suffolk_Street_London__004__Stahl_aus_donor_site_1_Broadgate","55_Great_Suffolk_Street_London__004__Stahl_aus_donor_site_1_Broadgate","clean_phase20","_database/datenpunkt/55_Great_Suffolk_Street_London__004__Stahl_aus_donor_site_1_Broadgate/index.md","1","1"
"datenpunkt","55_Great_Suffolk_Street_London__005__Reclaimed_stock_Cleveland","datenpunkt/55_Great_Suffolk_Street_London__005__Reclaimed_stock_Cleveland","55_Great_Suffolk_Street_London__005__Reclaimed_stock_Cleveland","clean_phase20","_database/datenpunkt/55_Great_Suffolk_Street_London__005__Reclaimed_stock_Cleveland/index.md","1","1"
"datenpunkt","55_Great_Suffolk_Street_London__006__Gesamtstahlkauf_Fabrix","datenpunkt/55_Great_Suffolk_Street_London__006__Gesamtstahlkauf_Fabrix","55_Great_Suffolk_Street_London__006__Gesamtstahlkauf_Fabrix","clean_phase20","_database/datenpunkt/55_Great_Suffolk_Street_London__006__Gesamtstahlkauf_Fabrix/index.md","1","1"
"datenpunkt","55_Great_Suffolk_Street_London__007__CO_Einsparung_Stahlreuse","datenpunkt/55_Great_Suffolk_Street_London__007__CO_Einsparung_Stahlreuse","55_Great_Suffolk_Street_London__007__CO_Einsparung_Stahlreuse","clean_phase20","_database/datenpunkt/55_Great_Suffolk_Street_London__007__CO_Einsparung_Stahlreuse/index.md","1","1"
"datenpunkt","55_Great_Suffolk_Street_London__008__Upfront_embodied_carbon","datenpunkt/55_Great_Suffolk_Street_London__008__Upfront_embodied_carbon","55_Great_Suffolk_Street_London__008__Upfront_embodied_carbon","clean_phase20","_database/datenpunkt/55_Great_Suffolk_Street_London__008__Upfront_embodied_carbon/index.md","1","1"
"datenpunkt","55_Great_Suffolk_Street_London__009__Fr_here_RIBA_Stage_2_Sch_tzung","datenpunkt/55_Great_Suffolk_Street_London__009__Fr_here_RIBA_Stage_2_Sch_tzung","55_Great_Suffolk_Street_London__009__Fr_here_RIBA_Stage_2_Sch_tzung","clean_phase20","_database/datenpunkt/55_Great_Suffolk_Street_London__009__Fr_here_RIBA_Stage_2_Sch_tzung/index.md","1","1"
"datenpunkt","55_Great_Suffolk_Street_London__010__Reduktion_gg_LETI_2020_target","datenpunkt/55_Great_Suffolk_Street_London__010__Reduktion_gg_LETI_2020_target","55_Great_Suffolk_Street_London__010__Reduktion_gg_LETI_2020_target","clean_phase20","_database/datenpunkt/55_Great_Suffolk_Street_London__010__Reduktion_gg_LETI_2020_target/index.md","1","1"
"datenpunkt","55_Great_Suffolk_Street_London__011__Fl_che","datenpunkt/55_Great_Suffolk_Street_London__011__Fl_che","55_Great_Suffolk_Street_London__011__Fl_che","clean_phase20","_database/datenpunkt/55_Great_Suffolk_Street_London__011__Fl_che/index.md","1","1"
"datenpunkt","55_Great_Suffolk_Street_London__012__Workspace_Fl_che","datenpunkt/55_Great_Suffolk_Street_London__012__Workspace_Fl_che","55_Great_Suffolk_Street_London__012__Workspace_Fl_che","clean_phase20","_database/datenpunkt/55_Great_Suffolk_Street_London__012__Workspace_Fl_che/index.md","1","1"
"datenpunkt","Association_house_Groeditz__001__Fertigteile_aus_Dresden_Typ_Schule","datenpunkt/Association_house_Groeditz__001__Fertigteile_aus_Dresden_Typ_Schule","Association_house_Groeditz__001__Fertigteile_aus_Dresden_Typ_Schule","clean_phase20","_database/datenpunkt/Association_house_Groeditz__001__Fertigteile_aus_Dresden_Typ_Schule/index.md","1","1"
"datenpunkt","Association_house_Groeditz__002__WBS70_Paneele_aus_weiterem_Geb_ude","datenpunkt/Association_house_Groeditz__002__WBS70_Paneele_aus_weiterem_Geb_ude","Association_house_Groeditz__002__WBS70_Paneele_aus_weiterem_Geb_ude","clean_phase20","_database/datenpunkt/Association_house_Groeditz__002__WBS70_Paneele_aus_weiterem_Geb_ude/index.md","1","1"
"datenpunkt","Association_house_Groeditz__003__dokumentierte_Fertigteile_gesamt","datenpunkt/Association_house_Groeditz__003__dokumentierte_Fertigteile_gesamt","Association_house_Groeditz__003__dokumentierte_Fertigteile_gesamt","clean_phase20","_database/datenpunkt/Association_house_Groeditz__003__dokumentierte_Fertigteile_gesamt/index.md","1","1"
"datenpunkt","Association_house_Groeditz__004__Transportdistanz","datenpunkt/Association_house_Groeditz__004__Transportdistanz","Association_house_Groeditz__004__Transportdistanz","clean_phase20","_database/datenpunkt/Association_house_Groeditz__004__Transportdistanz/index.md","1","1"
"datenpunkt","Association_house_Groeditz__005__Jahr_Fallstudienstart","datenpunkt/Association_house_Groeditz__005__Jahr_Fallstudienstart","Association_house_Groeditz__005__Jahr_Fallstudienstart","clean_phase20","_database/datenpunkt/Association_house_Groeditz__005__Jahr_Fallstudienstart/index.md","1","1"
"datenpunkt","Association_house_Plauen__001__wiederverwendete_Fertigteile_gesamt","datenpunkt/Association_house_Plauen__001__wiederverwendete_Fertigteile_gesamt","Association_house_Plauen__001__wiederverwendete_Fertigteile_gesamt","clean_phase20","_database/datenpunkt/Association_house_Plauen__001__wiederverwendete_Fertigteile_gesamt/index.md","1","1"
"datenpunkt","Association_house_Plauen__002__Decken_Bodenplatten","datenpunkt/Association_house_Plauen__002__Decken_Bodenplatten","Association_house_Plauen__002__Decken_Bodenplatten","clean_phase20","_database/datenpunkt/Association_house_Plauen__002__Decken_Bodenplatten/index.md","1","1"
"datenpunkt","Association_house_Plauen__003__Au_enw_nde","datenpunkt/Association_house_Plauen__003__Au_enw_nde","Association_house_Plauen__003__Au_enw_nde","clean_phase20","_database/datenpunkt/Association_house_Plauen__003__Au_enw_nde/index.md","1","1"
"datenpunkt","Association_house_Plauen__004__Innenw_nde","datenpunkt/Association_house_Plauen__004__Innenw_nde","Association_house_Plauen__004__Innenw_nde","clean_phase20","_database/datenpunkt/Association_house_Plauen__004__Innenw_nde/index.md","1","1"
"datenpunkt","Association_house_Plauen__005__Kellerw_nde","datenpunkt/Association_house_Plauen__005__Kellerw_nde","Association_house_Plauen__005__Kellerw_nde","clean_phase20","_database/datenpunkt/Association_house_Plauen__005__Kellerw_nde/index.md","1","1"
"datenpunkt","Association_house_Plauen__006__Transportdistanz","datenpunkt/Association_house_Plauen__006__Transportdistanz","Association_house_Plauen__006__Transportdistanz","clean_phase20","_database/datenpunkt/Association_house_Plauen__006__Transportdistanz/index.md","1","1"
"datenpunkt","Association_house_Plauen__007__Jahr_Fallstudienstart","datenpunkt/Association_house_Plauen__007__Jahr_Fallstudienstart","Association_house_Plauen__007__Jahr_Fallstudienstart","clean_phase20","_database/datenpunkt/Association_house_Plauen__007__Jahr_Fallstudienstart/index.md","1","1"
"datenpunkt","AWM_Muenster_Circular_Office__001__Fl_che","datenpunkt/AWM_Muenster_Circular_Office__001__Fl_che","AWM_Muenster_Circular_Office__001__Fl_che","clean_phase20","_database/datenpunkt/AWM_Muenster_Circular_Office__001__Fl_che/index.md","1","1"
"datenpunkt","AWM_Muenster_Circular_Office__002__Fl_che","datenpunkt/AWM_Muenster_Circular_Office__002__Fl_che","AWM_Muenster_Circular_Office__002__Fl_che","clean_phase20","_database/datenpunkt/AWM_Muenster_Circular_Office__002__Fl_che/index.md","1","1"
"datenpunkt","AWM_Muenster_Circular_Office__003__wiedergewonnene_Materialien","datenpunkt/AWM_Muenster_Circular_Office__003__wiedergewonnene_Materialien","AWM_Muenster_Circular_Office__003__wiedergewonnene_Materialien","clean_phase20","_database/datenpunkt/AWM_Muenster_Circular_Office__003__wiedergewonnene_Materialien/index.md","1","1"
"datenpunkt","AWM_Muenster_Circular_Office__004__Abfallvermeidung","datenpunkt/AWM_Muenster_Circular_Office__004__Abfallvermeidung","AWM_Muenster_Circular_Office__004__Abfallvermeidung","clean_phase20","_database/datenpunkt/AWM_Muenster_Circular_Office__004__Abfallvermeidung/index.md","1","1"
"datenpunkt","AWM_Muenster_Circular_Office__005__CO_Einsparung","datenpunkt/AWM_Muenster_Circular_Office__005__CO_Einsparung","AWM_Muenster_Circular_Office__005__CO_Einsparung","clean_phase20","_database/datenpunkt/AWM_Muenster_Circular_Office__005__CO_Einsparung/index.md","1","1"
"datenpunkt","AWM_Muenster_Circular_Office__006__CO_Reduktion","datenpunkt/AWM_Muenster_Circular_Office__006__CO_Reduktion","AWM_Muenster_Circular_Office__006__CO_Reduktion","clean_phase20","_database/datenpunkt/AWM_Muenster_Circular_Office__006__CO_Reduktion/index.md","1","1"
"datenpunkt","AWM_Muenster_Circular_Office__007__Wassereinsparung","datenpunkt/AWM_Muenster_Circular_Office__007__Wassereinsparung","AWM_Muenster_Circular_Office__007__Wassereinsparung","clean_phase20","_database/datenpunkt/AWM_Muenster_Circular_Office__007__Wassereinsparung/index.md","1","1"
"datenpunkt","AWM_Muenster_Circular_Office__008__c2c_inspiriert_oder_ReUse","datenpunkt/AWM_Muenster_Circular_Office__008__c2c_inspiriert_oder_ReUse","AWM_Muenster_Circular_Office__008__c2c_inspiriert_oder_ReUse","clean_phase20","_database/datenpunkt/AWM_Muenster_Circular_Office__008__c2c_inspiriert_oder_ReUse/index.md","1","1"
"datenpunkt","AWM_Muenster_Circular_Office__009__CO_Einsparung_Glastrennw_nde","datenpunkt/AWM_Muenster_Circular_Office__009__CO_Einsparung_Glastrennw_nde","AWM_Muenster_Circular_Office__009__CO_Einsparung_Glastrennw_nde","clean_phase20","_database/datenpunkt/AWM_Muenster_Circular_Office__009__CO_Einsparung_Glastrennw_nde/index.md","1","1"
"datenpunkt","AWM_Muenster_Circular_Office__010__CO_Einsparung_Hanfkalk","datenpunkt/AWM_Muenster_Circular_Office__010__CO_Einsparung_Hanfkalk","AWM_Muenster_Circular_Office__010__CO_Einsparung_Hanfkalk","clean_phase20","_database/datenpunkt/AWM_Muenster_Circular_Office__010__CO_Einsparung_Hanfkalk/index.md","1","1"
"datenpunkt","AWM_Muenster_Circular_Office__011__alte_Holzst_hle_f_r_Wandverkleidung","datenpunkt/AWM_Muenster_Circular_Office__011__alte_Holzst_hle_f_r_Wandverkleidung","AWM_Muenster_Circular_Office__011__alte_Holzst_hle_f_r_Wandverkleidung","clean_phase20","_database/datenpunkt/AWM_Muenster_Circular_Office__011__alte_Holzst_hle_f_r_Wandverkleidung/index.md","1","1"
"datenpunkt","AWM_Muenster_Circular_Office__012__Kostenwirkung","datenpunkt/AWM_Muenster_Circular_Office__012__Kostenwirkung","AWM_Muenster_Circular_Office__012__Kostenwirkung","clean_phase20","_database/datenpunkt/AWM_Muenster_Circular_Office__012__Kostenwirkung/index.md","1","1"
"datenpunkt","BedZED_London_Hackbridge__001__Wiederverwendeter_struktureller_Stahl","datenpunkt/BedZED_London_Hackbridge__001__Wiederverwendeter_struktureller_Stahl","BedZED_London_Hackbridge__001__Wiederverwendeter_struktureller_Stahl","clean_phase20","_database/datenpunkt/BedZED_London_Hackbridge__001__Wiederverwendeter_struktureller_Stahl/index.md","1","1"
"datenpunkt","BedZED_London_Hackbridge__002__Anteil_reclaimed_steel_am_tragenden_Stahl","datenpunkt/BedZED_London_Hackbridge__002__Anteil_reclaimed_steel_am_tragenden_Stahl","BedZED_London_Hackbridge__002__Anteil_reclaimed_steel_am_tragenden_Stahl","clean_phase20","_database/datenpunkt/BedZED_London_Hackbridge__002__Anteil_reclaimed_steel_am_tragenden_Stahl/index.md","1","1"
"datenpunkt","BedZED_London_Hackbridge__003__Kosten_reclaimed_steel","datenpunkt/BedZED_London_Hackbridge__003__Kosten_reclaimed_steel","BedZED_London_Hackbridge__003__Kosten_reclaimed_steel","clean_phase20","_database/datenpunkt/BedZED_London_Hackbridge__003__Kosten_reclaimed_steel/index.md","1","1"
"datenpunkt","BedZED_London_Hackbridge__004__Vergleichspreis_neuer_Stahl","datenpunkt/BedZED_London_Hackbridge__004__Vergleichspreis_neuer_Stahl","BedZED_London_Hackbridge__004__Vergleichspreis_neuer_Stahl","clean_phase20","_database/datenpunkt/BedZED_London_Hackbridge__004__Vergleichspreis_neuer_Stahl/index.md","1","1"
"datenpunkt","BedZED_London_Hackbridge__005__Zusatzaufwand_Sourcing_Pr_fung_Stahl","datenpunkt/BedZED_London_Hackbridge__005__Zusatzaufwand_Sourcing_Pr_fung_Stahl","BedZED_London_Hackbridge__005__Zusatzaufwand_Sourcing_Pr_fung_Stahl","clean_phase20","_database/datenpunkt/BedZED_London_Hackbridge__005__Zusatzaufwand_Sourcing_Pr_fung_Stahl/index.md","1","1"
"datenpunkt","BedZED_London_Hackbridge__006__Gesamte_wiederverwendete_recycelte_Materialien","datenpunkt/BedZED_London_Hackbridge__006__Gesamte_wiederverwendete_recycelte_Materialien","BedZED_London_Hackbridge__006__Gesamte_wiederverwendete_recycelte_Materialien","clean_phase20","_database/datenpunkt/BedZED_London_Hackbridge__006__Gesamte_wiederverwendete_recycelte_Materialien/index.md","1","1"
"datenpunkt","BedZED_London_Hackbridge__007__Anteil_reclaimed_recycled_materials","datenpunkt/BedZED_London_Hackbridge__007__Anteil_reclaimed_recycled_materials","BedZED_London_Hackbridge__007__Anteil_reclaimed_recycled_materials","clean_phase20","_database/datenpunkt/BedZED_London_Hackbridge__007__Anteil_reclaimed_recycled_materials/index.md","1","1"
"datenpunkt","BedZED_London_Hackbridge__008__Baustoffe_aus_35_mile_Zielradius","datenpunkt/BedZED_London_Hackbridge__008__Baustoffe_aus_35_mile_Zielradius","BedZED_London_Hackbridge__008__Baustoffe_aus_35_mile_Zielradius","clean_phase20","_database/datenpunkt/BedZED_London_Hackbridge__008__Baustoffe_aus_35_mile_Zielradius/index.md","1","1"
"datenpunkt","BedZED_London_Hackbridge__009__Durchschnittliche_Bezugsdistanz","datenpunkt/BedZED_London_Hackbridge__009__Durchschnittliche_Bezugsdistanz","BedZED_London_Hackbridge__009__Durchschnittliche_Bezugsdistanz","clean_phase20","_database/datenpunkt/BedZED_London_Hackbridge__009__Durchschnittliche_Bezugsdistanz/index.md","1","1"
"datenpunkt","BedZED_London_Hackbridge__010__Transportbedingte_CO_Einsparung_durch_lokale_Bes","datenpunkt/BedZED_London_Hackbridge__010__Transportbedingte_CO_Einsparung_durch_lokale_Bes","BedZED_London_Hackbridge__010__Transportbedingte_CO_Einsparung_durch_lokale_Bes","clean_phase20","_database/datenpunkt/BedZED_London_Hackbridge__010__Transportbedingte_CO_Einsparung_durch_lokale_Bes/index.md","1","1"
"datenpunkt","BedZED_London_Hackbridge__011__Wohnungsanzahl","datenpunkt/BedZED_London_Hackbridge__011__Wohnungsanzahl","BedZED_London_Hackbridge__011__Wohnungsanzahl","clean_phase20","_database/datenpunkt/BedZED_London_Hackbridge__011__Wohnungsanzahl/index.md","1","1"
"datenpunkt","BedZED_London_Hackbridge__012__Arbeits_Gewerbefl_che","datenpunkt/BedZED_London_Hackbridge__012__Arbeits_Gewerbefl_che","BedZED_London_Hackbridge__012__Arbeits_Gewerbefl_che","clean_phase20","_database/datenpunkt/BedZED_London_Hackbridge__012__Arbeits_Gewerbefl_che/index.md","1","1"
"datenpunkt","Berlin_Schildow_Pilot_House_2__001__wiederverwendete_Teile","datenpunkt/Berlin_Schildow_Pilot_House_2__001__wiederverwendete_Teile","Berlin_Schildow_Pilot_House_2__001__wiederverwendete_Teile","clean_phase20","_database/datenpunkt/Berlin_Schildow_Pilot_House_2__001__wiederverwendete_Teile/index.md","1","1"
"datenpunkt","Berlin_Schildow_Pilot_House_2__002__wiederverwendetes_Betonvolumen","datenpunkt/Berlin_Schildow_Pilot_House_2__002__wiederverwendetes_Betonvolumen","Berlin_Schildow_Pilot_House_2__002__wiederverwendetes_Betonvolumen","clean_phase20","_database/datenpunkt/Berlin_Schildow_Pilot_House_2__002__wiederverwendetes_Betonvolumen/index.md","1","1"
"datenpunkt","Berlin_Schildow_Pilot_House_2__003__Ursprungs_Deckenplatten","datenpunkt/Berlin_Schildow_Pilot_House_2__003__Ursprungs_Deckenplatten","Berlin_Schildow_Pilot_House_2__003__Ursprungs_Deckenplatten","clean_phase20","_database/datenpunkt/Berlin_Schildow_Pilot_House_2__003__Ursprungs_Deckenplatten/index.md","1","1"
"datenpunkt","Berlin_Schildow_Pilot_House_2__004__Ursprungs_Innenwandplatten","datenpunkt/Berlin_Schildow_Pilot_House_2__004__Ursprungs_Innenwandplatten","Berlin_Schildow_Pilot_House_2__004__Ursprungs_Innenwandplatten","clean_phase20","_database/datenpunkt/Berlin_Schildow_Pilot_House_2__004__Ursprungs_Innenwandplatten/index.md","1","1"
"datenpunkt","Berlin_Schildow_Pilot_House_2__005__Distanz_Spender_Empf_nger","datenpunkt/Berlin_Schildow_Pilot_House_2__005__Distanz_Spender_Empf_nger","Berlin_Schildow_Pilot_House_2__005__Distanz_Spender_Empf_nger","clean_phase20","_database/datenpunkt/Berlin_Schildow_Pilot_House_2__005__Distanz_Spender_Empf_nger/index.md","1","1"
"datenpunkt","Berlin_Schildow_Pilot_House_2__006__Bauteilalter_bei_Wiederverwendung","datenpunkt/Berlin_Schildow_Pilot_House_2__006__Bauteilalter_bei_Wiederverwendung","Berlin_Schildow_Pilot_House_2__006__Bauteilalter_bei_Wiederverwendung","clean_phase20","_database/datenpunkt/Berlin_Schildow_Pilot_House_2__006__Bauteilalter_bei_Wiederverwendung/index.md","1","1"
"datenpunkt","Berlin_Schildow_Pilot_House_2__007__Baujahr_Projektstart","datenpunkt/Berlin_Schildow_Pilot_House_2__007__Baujahr_Projektstart","Berlin_Schildow_Pilot_House_2__007__Baujahr_Projektstart","clean_phase20","_database/datenpunkt/Berlin_Schildow_Pilot_House_2__007__Baujahr_Projektstart/index.md","1","1"
"datenpunkt","Berlin_Schildow_Pilot_House_2__011__Bauzeit","datenpunkt/Berlin_Schildow_Pilot_House_2__011__Bauzeit","Berlin_Schildow_Pilot_House_2__011__Bauzeit","clean_phase20","_database/datenpunkt/Berlin_Schildow_Pilot_House_2__011__Bauzeit/index.md","1","1"
"datenpunkt","Berlin_Schildow_Pilot_House__001__zugeschnittene_wiederverwendete_Teile","datenpunkt/Berlin_Schildow_Pilot_House__001__zugeschnittene_wiederverwendete_Teile","Berlin_Schildow_Pilot_House__001__zugeschnittene_wiederverwendete_Teile","clean_phase20","_database/datenpunkt/Berlin_Schildow_Pilot_House__001__zugeschnittene_wiederverwendete_Teile/index.md","1","1"
"datenpunkt","Berlin_Schildow_Pilot_House__002__Ursprungs_Deckenplatten","datenpunkt/Berlin_Schildow_Pilot_House__002__Ursprungs_Deckenplatten","Berlin_Schildow_Pilot_House__002__Ursprungs_Deckenplatten","clean_phase20","_database/datenpunkt/Berlin_Schildow_Pilot_House__002__Ursprungs_Deckenplatten/index.md","1","1"
"datenpunkt","Berlin_Schildow_Pilot_House__003__Ursprungs_Innenwandplatten","datenpunkt/Berlin_Schildow_Pilot_House__003__Ursprungs_Innenwandplatten","Berlin_Schildow_Pilot_House__003__Ursprungs_Innenwandplatten","clean_phase20","_database/datenpunkt/Berlin_Schildow_Pilot_House__003__Ursprungs_Innenwandplatten/index.md","1","1"
"datenpunkt","Berlin_Schildow_Pilot_House__004__Betonvolumen","datenpunkt/Berlin_Schildow_Pilot_House__004__Betonvolumen","Berlin_Schildow_Pilot_House__004__Betonvolumen","clean_phase20","_database/datenpunkt/Berlin_Schildow_Pilot_House__004__Betonvolumen/index.md","1","1"
"datenpunkt","Berlin_Schildow_Pilot_House__005__Transportdistanz","datenpunkt/Berlin_Schildow_Pilot_House__005__Transportdistanz","Berlin_Schildow_Pilot_House__005__Transportdistanz","clean_phase20","_database/datenpunkt/Berlin_Schildow_Pilot_House__005__Transportdistanz/index.md","1","1"
"datenpunkt","Berlin_Schildow_Pilot_House__006__Jahr_Fallstudienstart","datenpunkt/Berlin_Schildow_Pilot_House__006__Jahr_Fallstudienstart","Berlin_Schildow_Pilot_House__006__Jahr_Fallstudienstart","clean_phase20","_database/datenpunkt/Berlin_Schildow_Pilot_House__006__Jahr_Fallstudienstart/index.md","1","1"
"datenpunkt","Berlin_Schildow_Pilot_House__007__Bauteilalter","datenpunkt/Berlin_Schildow_Pilot_House__007__Bauteilalter","Berlin_Schildow_Pilot_House__007__Bauteilalter","clean_phase20","_database/datenpunkt/Berlin_Schildow_Pilot_House__007__Bauteilalter/index.md","1","1"
"datenpunkt","Bestandverplanzung_Pavilion_Muenchen__001__Jahr_Baubeginn_Empf_ngerprojekt","datenpunkt/Bestandverplanzung_Pavilion_Muenchen__001__Jahr_Baubeginn_Empf_ngerprojekt","Bestandverplanzung_Pavilion_Muenchen__001__Jahr_Baubeginn_Empf_ngerprojekt","clean_phase20","_database/datenpunkt/Bestandverplanzung_Pavilion_Muenchen__001__Jahr_Baubeginn_Empf_ngerprojekt/index.md","1","1"
"datenpunkt","Bestandverplanzung_Pavilion_Muenchen__002__Alter_der_wiederverwendeten_Komponenten","datenpunkt/Bestandverplanzung_Pavilion_Muenchen__002__Alter_der_wiederverwendeten_Komponenten","Bestandverplanzung_Pavilion_Muenchen__002__Alter_der_wiederverwendeten_Komponenten","clean_phase20","_database/datenpunkt/Bestandverplanzung_Pavilion_Muenchen__002__Alter_der_wiederverwendeten_Komponenten/index.md","1","1"
"datenpunkt","Bestandverplanzung_Pavilion_Muenchen__003__Donor_Umfang","datenpunkt/Bestandverplanzung_Pavilion_Muenchen__003__Donor_Umfang","Bestandverplanzung_Pavilion_Muenchen__003__Donor_Umfang","clean_phase20","_database/datenpunkt/Bestandverplanzung_Pavilion_Muenchen__003__Donor_Umfang/index.md","1","1"
"datenpunkt","Big_Dig_Building_Boston__001__Projektjahr","datenpunkt/Big_Dig_Building_Boston__001__Projektjahr","Big_Dig_Building_Boston__001__Projektjahr","clean_phase20","_database/datenpunkt/Big_Dig_Building_Boston__001__Projektjahr/index.md","1","1"
"datenpunkt","Big_Dig_Building_Boston__002__Site_Area","datenpunkt/Big_Dig_Building_Boston__002__Site_Area","Big_Dig_Building_Boston__002__Site_Area","clean_phase20","_database/datenpunkt/Big_Dig_Building_Boston__002__Site_Area/index.md","1","1"
"datenpunkt","Big_Dig_Building_Boston__003__Constructed_Area","datenpunkt/Big_Dig_Building_Boston__003__Constructed_Area","Big_Dig_Building_Boston__003__Constructed_Area","clean_phase20","_database/datenpunkt/Big_Dig_Building_Boston__003__Constructed_Area/index.md","1","1"
"datenpunkt","Big_Dig_Building_Boston__004__Auszeichnung","datenpunkt/Big_Dig_Building_Boston__004__Auszeichnung","Big_Dig_Building_Boston__004__Auszeichnung","clean_phase20","_database/datenpunkt/Big_Dig_Building_Boston__004__Auszeichnung/index.md","1","1"
"datenpunkt","Big_Dig_Building_Boston__005__Metropolis_Next_Generation_Prize","datenpunkt/Big_Dig_Building_Boston__005__Metropolis_Next_Generation_Prize","Big_Dig_Building_Boston__005__Metropolis_Next_Generation_Prize","clean_phase20","_database/datenpunkt/Big_Dig_Building_Boston__005__Metropolis_Next_Generation_Prize/index.md","1","1"
"datenpunkt","Big_Dig_Building_Boston__010__Bauzeit","datenpunkt/Big_Dig_Building_Boston__010__Bauzeit","Big_Dig_Building_Boston__010__Bauzeit","clean_phase20","_database/datenpunkt/Big_Dig_Building_Boston__010__Bauzeit/index.md","1","1"
"datenpunkt","Big_Dig_Building_Boston__011__Realisierter_Wiedereinbau","datenpunkt/Big_Dig_Building_Boston__011__Realisierter_Wiedereinbau","Big_Dig_Building_Boston__011__Realisierter_Wiedereinbau","clean_phase20","_database/datenpunkt/Big_Dig_Building_Boston__011__Realisierter_Wiedereinbau/index.md","1","1"
"datenpunkt","Big_Dig_House_Lexington_Massachusetts__001__wiederverwendete_Masse","datenpunkt/Big_Dig_House_Lexington_Massachusetts__001__wiederverwendete_Masse","Big_Dig_House_Lexington_Massachusetts__001__wiederverwendete_Masse","clean_phase20","_database/datenpunkt/Big_Dig_House_Lexington_Massachusetts__001__wiederverwendete_Masse/index.md","1","1"
"datenpunkt","Big_Dig_House_Lexington_Massachusetts__002__wiederverwendete_Masse","datenpunkt/Big_Dig_House_Lexington_Massachusetts__002__wiederverwendete_Masse","Big_Dig_House_Lexington_Massachusetts__002__wiederverwendete_Masse","clean_phase20","_database/datenpunkt/Big_Dig_House_Lexington_Massachusetts__002__wiederverwendete_Masse/index.md","1","1"
"datenpunkt","Big_Dig_House_Lexington_Massachusetts__003__Fl_che","datenpunkt/Big_Dig_House_Lexington_Massachusetts__003__Fl_che","Big_Dig_House_Lexington_Massachusetts__003__Fl_che","clean_phase20","_database/datenpunkt/Big_Dig_House_Lexington_Massachusetts__003__Fl_che/index.md","1","1"
"datenpunkt","Big_Dig_House_Lexington_Massachusetts__004__Fl_che","datenpunkt/Big_Dig_House_Lexington_Massachusetts__004__Fl_che","Big_Dig_House_Lexington_Massachusetts__004__Fl_che","clean_phase20","_database/datenpunkt/Big_Dig_House_Lexington_Massachusetts__004__Fl_che/index.md","1","1"
"datenpunkt","Big_Dig_House_Lexington_Massachusetts__005__Fl_che","datenpunkt/Big_Dig_House_Lexington_Massachusetts__005__Fl_che","Big_Dig_House_Lexington_Massachusetts__005__Fl_che","clean_phase20","_database/datenpunkt/Big_Dig_House_Lexington_Massachusetts__005__Fl_che/index.md","1","1"
"datenpunkt","Big_Dig_House_Lexington_Massachusetts__006__Fertigstellung","datenpunkt/Big_Dig_House_Lexington_Massachusetts__006__Fertigstellung","Big_Dig_House_Lexington_Massachusetts__006__Fertigstellung","clean_phase20","_database/datenpunkt/Big_Dig_House_Lexington_Massachusetts__006__Fertigstellung/index.md","1","1"
"datenpunkt","Big_Dig_House_Lexington_Massachusetts__007__Baukosten","datenpunkt/Big_Dig_House_Lexington_Massachusetts__007__Baukosten","Big_Dig_House_Lexington_Massachusetts__007__Baukosten","clean_phase20","_database/datenpunkt/Big_Dig_House_Lexington_Massachusetts__007__Baukosten/index.md","1","1"
"datenpunkt","Big_Dig_House_Lexington_Massachusetts__008__Baukosten","datenpunkt/Big_Dig_House_Lexington_Massachusetts__008__Baukosten","Big_Dig_House_Lexington_Massachusetts__008__Baukosten","clean_phase20","_database/datenpunkt/Big_Dig_House_Lexington_Massachusetts__008__Baukosten/index.md","1","1"
"datenpunkt","Big_Dig_House_Lexington_Massachusetts__009__Baukosten","datenpunkt/Big_Dig_House_Lexington_Massachusetts__009__Baukosten","Big_Dig_House_Lexington_Massachusetts__009__Baukosten","clean_phase20","_database/datenpunkt/Big_Dig_House_Lexington_Massachusetts__009__Baukosten/index.md","1","1"
"datenpunkt","Big_Dig_House_Lexington_Massachusetts__010__Montagezeit_Frame","datenpunkt/Big_Dig_House_Lexington_Massachusetts__010__Montagezeit_Frame","Big_Dig_House_Lexington_Massachusetts__010__Montagezeit_Frame","clean_phase20","_database/datenpunkt/Big_Dig_House_Lexington_Massachusetts__010__Montagezeit_Frame/index.md","1","1"
"datenpunkt","Big_Dig_House_Lexington_Massachusetts__011__Montagezeit_Frame_Floors","datenpunkt/Big_Dig_House_Lexington_Massachusetts__011__Montagezeit_Frame_Floors","Big_Dig_House_Lexington_Massachusetts__011__Montagezeit_Frame_Floors","clean_phase20","_database/datenpunkt/Big_Dig_House_Lexington_Massachusetts__011__Montagezeit_Frame_Floors/index.md","1","1"
"datenpunkt","Big_Dig_House_Lexington_Massachusetts__012__Roof_capacity_claim","datenpunkt/Big_Dig_House_Lexington_Massachusetts__012__Roof_capacity_claim","Big_Dig_House_Lexington_Massachusetts__012__Roof_capacity_claim","clean_phase20","_database/datenpunkt/Big_Dig_House_Lexington_Massachusetts__012__Roof_capacity_claim/index.md","1","1"
"datenpunkt","BioPartner_5_Leiden_Oegstgeest__001__wiederverwendete_Stahlmasse","datenpunkt/BioPartner_5_Leiden_Oegstgeest__001__wiederverwendete_Stahlmasse","BioPartner_5_Leiden_Oegstgeest__001__wiederverwendete_Stahlmasse","clean_phase20","_database/datenpunkt/BioPartner_5_Leiden_Oegstgeest__001__wiederverwendete_Stahlmasse/index.md","1","1"
"datenpunkt","BioPartner_5_Leiden_Oegstgeest__002__alternative_Stahlangaben","datenpunkt/BioPartner_5_Leiden_Oegstgeest__002__alternative_Stahlangaben","BioPartner_5_Leiden_Oegstgeest__002__alternative_Stahlangaben","clean_phase20","_database/datenpunkt/BioPartner_5_Leiden_Oegstgeest__002__alternative_Stahlangaben/index.md","1","1"
"datenpunkt","BioPartner_5_Leiden_Oegstgeest__003__Transportdistanz_Stahl","datenpunkt/BioPartner_5_Leiden_Oegstgeest__003__Transportdistanz_Stahl","BioPartner_5_Leiden_Oegstgeest__003__Transportdistanz_Stahl","clean_phase20","_database/datenpunkt/BioPartner_5_Leiden_Oegstgeest__003__Transportdistanz_Stahl/index.md","1","1"
"datenpunkt","BioPartner_5_Leiden_Oegstgeest__004__Fl_che","datenpunkt/BioPartner_5_Leiden_Oegstgeest__004__Fl_che","BioPartner_5_Leiden_Oegstgeest__004__Fl_che","clean_phase20","_database/datenpunkt/BioPartner_5_Leiden_Oegstgeest__004__Fl_che/index.md","1","1"
"datenpunkt","BioPartner_5_Leiden_Oegstgeest__005__embodied_carbon","datenpunkt/BioPartner_5_Leiden_Oegstgeest__005__embodied_carbon","BioPartner_5_Leiden_Oegstgeest__005__embodied_carbon","clean_phase20","_database/datenpunkt/BioPartner_5_Leiden_Oegstgeest__005__embodied_carbon/index.md","1","1"
"datenpunkt","BioPartner_5_Leiden_Oegstgeest__006__CO_Reduktion","datenpunkt/BioPartner_5_Leiden_Oegstgeest__006__CO_Reduktion","BioPartner_5_Leiden_Oegstgeest__006__CO_Reduktion","clean_phase20","_database/datenpunkt/BioPartner_5_Leiden_Oegstgeest__006__CO_Reduktion/index.md","1","1"
"datenpunkt","BioPartner_5_Leiden_Oegstgeest__007__Energie","datenpunkt/BioPartner_5_Leiden_Oegstgeest__007__Energie","BioPartner_5_Leiden_Oegstgeest__007__Energie","clean_phase20","_database/datenpunkt/BioPartner_5_Leiden_Oegstgeest__007__Energie/index.md","1","1"
"datenpunkt","BioPartner_5_Leiden_Oegstgeest__008__Anzahl_wiederverwendeter_Sanit_robjekte","datenpunkt/BioPartner_5_Leiden_Oegstgeest__008__Anzahl_wiederverwendeter_Sanit_robjekte","BioPartner_5_Leiden_Oegstgeest__008__Anzahl_wiederverwendeter_Sanit_robjekte","clean_phase20","_database/datenpunkt/BioPartner_5_Leiden_Oegstgeest__008__Anzahl_wiederverwendeter_Sanit_robjekte/index.md","1","1"
"datenpunkt","BlueCity_Offices_Rotterdam__001__Fl_che_B_rofl_gel","datenpunkt/BlueCity_Offices_Rotterdam__001__Fl_che_B_rofl_gel","BlueCity_Offices_Rotterdam__001__Fl_che_B_rofl_gel","clean_phase20","_database/datenpunkt/BlueCity_Offices_Rotterdam__001__Fl_che_B_rofl_gel/index.md","1","1"
"datenpunkt","BlueCity_Offices_Rotterdam__002__Arbeitspl_tze","datenpunkt/BlueCity_Offices_Rotterdam__002__Arbeitspl_tze","BlueCity_Offices_Rotterdam__002__Arbeitspl_tze","clean_phase20","_database/datenpunkt/BlueCity_Offices_Rotterdam__002__Arbeitspl_tze/index.md","1","1"
"datenpunkt","BlueCity_Offices_Rotterdam__003__Circularity_Reuse_Anteil","datenpunkt/BlueCity_Offices_Rotterdam__003__Circularity_Reuse_Anteil","BlueCity_Offices_Rotterdam__003__Circularity_Reuse_Anteil","clean_phase20","_database/datenpunkt/BlueCity_Offices_Rotterdam__003__Circularity_Reuse_Anteil/index.md","1","1"
"datenpunkt","BlueCity_Offices_Rotterdam__004__CO_Reduktion","datenpunkt/BlueCity_Offices_Rotterdam__004__CO_Reduktion","BlueCity_Offices_Rotterdam__004__CO_Reduktion","clean_phase20","_database/datenpunkt/BlueCity_Offices_Rotterdam__004__CO_Reduktion/index.md","1","1"
"datenpunkt","BlueCity_Offices_Rotterdam__005__CO_Einsparung","datenpunkt/BlueCity_Offices_Rotterdam__005__CO_Einsparung","BlueCity_Offices_Rotterdam__005__CO_Einsparung","clean_phase20","_database/datenpunkt/BlueCity_Offices_Rotterdam__005__CO_Einsparung/index.md","1","1"
"datenpunkt","BlueCity_Offices_Rotterdam__009__Bauzeit","datenpunkt/BlueCity_Offices_Rotterdam__009__Bauzeit","BlueCity_Offices_Rotterdam__009__Bauzeit","clean_phase20","_database/datenpunkt/BlueCity_Offices_Rotterdam__009__Bauzeit/index.md","1","1"
"datenpunkt","Boulder_Fire_Station_3__001__wiederverwendete_Stahlmember","datenpunkt/Boulder_Fire_Station_3__001__wiederverwendete_Stahlmember","Boulder_Fire_Station_3__001__wiederverwendete_Stahlmember","clean_phase20","_database/datenpunkt/Boulder_Fire_Station_3__001__wiederverwendete_Stahlmember/index.md","1","1"
"datenpunkt","Boulder_Fire_Station_3__002__wiederverwendete_Stahlmasse","datenpunkt/Boulder_Fire_Station_3__002__wiederverwendete_Stahlmasse","Boulder_Fire_Station_3__002__wiederverwendete_Stahlmasse","clean_phase20","_database/datenpunkt/Boulder_Fire_Station_3__002__wiederverwendete_Stahlmasse/index.md","1","1"
"datenpunkt","Boulder_Fire_Station_3__003__Gesamtmenge_salvaged_structural_steel_Hospital","datenpunkt/Boulder_Fire_Station_3__003__Gesamtmenge_salvaged_structural_steel_Hospital","Boulder_Fire_Station_3__003__Gesamtmenge_salvaged_structural_steel_Hospital","clean_phase20","_database/datenpunkt/Boulder_Fire_Station_3__003__Gesamtmenge_salvaged_structural_steel_Hospital/index.md","1","1"
"datenpunkt","Boulder_Fire_Station_3__004__weitere_Projekte_mit_Hospital_Stahl","datenpunkt/Boulder_Fire_Station_3__004__weitere_Projekte_mit_Hospital_Stahl","Boulder_Fire_Station_3__004__weitere_Projekte_mit_Hospital_Stahl","clean_phase20","_database/datenpunkt/Boulder_Fire_Station_3__004__weitere_Projekte_mit_Hospital_Stahl/index.md","1","1"
"datenpunkt","Boulder_Fire_Station_3__005__Geb_udefl_che","datenpunkt/Boulder_Fire_Station_3__005__Geb_udefl_che","Boulder_Fire_Station_3__005__Geb_udefl_che","clean_phase20","_database/datenpunkt/Boulder_Fire_Station_3__005__Geb_udefl_che/index.md","1","1"
"datenpunkt","Boulder_Fire_Station_3__006__Geb_udefl_che","datenpunkt/Boulder_Fire_Station_3__006__Geb_udefl_che","Boulder_Fire_Station_3__006__Geb_udefl_che","clean_phase20","_database/datenpunkt/Boulder_Fire_Station_3__006__Geb_udefl_che/index.md","1","1"
"datenpunkt","Boulder_Fire_Station_3__007__Fertigstellung_online","datenpunkt/Boulder_Fire_Station_3__007__Fertigstellung_online","Boulder_Fire_Station_3__007__Fertigstellung_online","clean_phase20","_database/datenpunkt/Boulder_Fire_Station_3__007__Fertigstellung_online/index.md","1","1"
"datenpunkt","Boulder_Fire_Station_3__008__Completion_Date","datenpunkt/Boulder_Fire_Station_3__008__Completion_Date","Boulder_Fire_Station_3__008__Completion_Date","clean_phase20","_database/datenpunkt/Boulder_Fire_Station_3__008__Completion_Date/index.md","1","1"
"datenpunkt","Boulder_Fire_Station_3__009__Diversion_requirement","datenpunkt/Boulder_Fire_Station_3__009__Diversion_requirement","Boulder_Fire_Station_3__009__Diversion_requirement","clean_phase20","_database/datenpunkt/Boulder_Fire_Station_3__009__Diversion_requirement/index.md","1","1"
"datenpunkt","Boulder_Fire_Station_3__010__Hospitalmaterial_vom_Deponieren_vermieden","datenpunkt/Boulder_Fire_Station_3__010__Hospitalmaterial_vom_Deponieren_vermieden","Boulder_Fire_Station_3__010__Hospitalmaterial_vom_Deponieren_vermieden","clean_phase20","_database/datenpunkt/Boulder_Fire_Station_3__010__Hospitalmaterial_vom_Deponieren_vermieden/index.md","1","1"
"datenpunkt","Boulder_Fire_Station_3__011__PV_Stromanteil","datenpunkt/Boulder_Fire_Station_3__011__PV_Stromanteil","Boulder_Fire_Station_3__011__PV_Stromanteil","clean_phase20","_database/datenpunkt/Boulder_Fire_Station_3__011__PV_Stromanteil/index.md","1","1"
"datenpunkt","Brent_Cross_Town_Primary_Substation_London__001__wiederverwendete_Stahlmenge","datenpunkt/Brent_Cross_Town_Primary_Substation_London__001__wiederverwendete_Stahlmenge","Brent_Cross_Town_Primary_Substation_London__001__wiederverwendete_Stahlmenge","clean_phase20","_database/datenpunkt/Brent_Cross_Town_Primary_Substation_London__001__wiederverwendete_Stahlmenge/index.md","1","1"
"datenpunkt","Brent_Cross_Town_Primary_Substation_London__002__Anteil_reused_steel","datenpunkt/Brent_Cross_Town_Primary_Substation_London__002__Anteil_reused_steel","Brent_Cross_Town_Primary_Substation_London__002__Anteil_reused_steel","clean_phase20","_database/datenpunkt/Brent_Cross_Town_Primary_Substation_London__002__Anteil_reused_steel/index.md","1","1"
"datenpunkt","Brent_Cross_Town_Primary_Substation_London__003__Anteil_salvaged_structural_steel","datenpunkt/Brent_Cross_Town_Primary_Substation_London__003__Anteil_salvaged_structural_steel","Brent_Cross_Town_Primary_Substation_London__003__Anteil_salvaged_structural_steel","clean_phase20","_database/datenpunkt/Brent_Cross_Town_Primary_Substation_London__003__Anteil_salvaged_structural_steel/index.md","1","1"
"datenpunkt","Brent_Cross_Town_Primary_Substation_London__004__weiterer_Anteil_laut_Bourne","datenpunkt/Brent_Cross_Town_Primary_Substation_London__004__weiterer_Anteil_laut_Bourne","Brent_Cross_Town_Primary_Substation_London__004__weiterer_Anteil_laut_Bourne","clean_phase20","_database/datenpunkt/Brent_Cross_Town_Primary_Substation_London__004__weiterer_Anteil_laut_Bourne/index.md","1","1"
"datenpunkt","Brent_Cross_Town_Primary_Substation_London__005__CO_e_Einsparung","datenpunkt/Brent_Cross_Town_Primary_Substation_London__005__CO_e_Einsparung","Brent_Cross_Town_Primary_Substation_London__005__CO_e_Einsparung","clean_phase20","_database/datenpunkt/Brent_Cross_Town_Primary_Substation_London__005__CO_e_Einsparung/index.md","1","1"
"datenpunkt","Brent_Cross_Town_Primary_Substation_London__006__CO_e_Einsparung","datenpunkt/Brent_Cross_Town_Primary_Substation_London__006__CO_e_Einsparung","Brent_Cross_Town_Primary_Substation_London__006__CO_e_Einsparung","clean_phase20","_database/datenpunkt/Brent_Cross_Town_Primary_Substation_London__006__CO_e_Einsparung/index.md","1","1"
"datenpunkt","Brent_Cross_Town_Primary_Substation_London__007__verpasste_zus_tzliche_Einsparung","datenpunkt/Brent_Cross_Town_Primary_Substation_London__007__verpasste_zus_tzliche_Einsparung","Brent_Cross_Town_Primary_Substation_London__007__verpasste_zus_tzliche_Einsparung","clean_phase20","_database/datenpunkt/Brent_Cross_Town_Primary_Substation_London__007__verpasste_zus_tzliche_Einsparung/index.md","1","1"
"datenpunkt","Brent_Cross_Town_Primary_Substation_London__008__H_he","datenpunkt/Brent_Cross_Town_Primary_Substation_London__008__H_he","Brent_Cross_Town_Primary_Substation_London__008__H_he","clean_phase20","_database/datenpunkt/Brent_Cross_Town_Primary_Substation_London__008__H_he/index.md","1","1"
"datenpunkt","Brent_Cross_Town_Primary_Substation_London__009__Umfang","datenpunkt/Brent_Cross_Town_Primary_Substation_London__009__Umfang","Brent_Cross_Town_Primary_Substation_London__009__Umfang","clean_phase20","_database/datenpunkt/Brent_Cross_Town_Primary_Substation_London__009__Umfang/index.md","1","1"
"datenpunkt","Brent_Cross_Town_Primary_Substation_London__010__L_nge_Artwork","datenpunkt/Brent_Cross_Town_Primary_Substation_London__010__L_nge_Artwork","Brent_Cross_Town_Primary_Substation_London__010__L_nge_Artwork","clean_phase20","_database/datenpunkt/Brent_Cross_Town_Primary_Substation_London__010__L_nge_Artwork/index.md","1","1"
"datenpunkt","Brent_Cross_Town_Primary_Substation_London__011__Substation_capacity","datenpunkt/Brent_Cross_Town_Primary_Substation_London__011__Substation_capacity","Brent_Cross_Town_Primary_Substation_London__011__Substation_capacity","clean_phase20","_database/datenpunkt/Brent_Cross_Town_Primary_Substation_London__011__Substation_capacity/index.md","1","1"
"datenpunkt","Brent_Cross_Town_Primary_Substation_London__012__Stahlbauzeit","datenpunkt/Brent_Cross_Town_Primary_Substation_London__012__Stahlbauzeit","Brent_Cross_Town_Primary_Substation_London__012__Stahlbauzeit","clean_phase20","_database/datenpunkt/Brent_Cross_Town_Primary_Substation_London__012__Stahlbauzeit/index.md","1","1"
"datenpunkt","Brent_Cross_Town_Primary_Substation_London__013__Kostenwirkung","datenpunkt/Brent_Cross_Town_Primary_Substation_London__013__Kostenwirkung","Brent_Cross_Town_Primary_Substation_London__013__Kostenwirkung","clean_phase20","_database/datenpunkt/Brent_Cross_Town_Primary_Substation_London__013__Kostenwirkung/index.md","1","1"
"datenpunkt","Brent_Cross_Town_Primary_Substation_London__014__Terminwirkung","datenpunkt/Brent_Cross_Town_Primary_Substation_London__014__Terminwirkung","Brent_Cross_Town_Primary_Substation_London__014__Terminwirkung","clean_phase20","_database/datenpunkt/Brent_Cross_Town_Primary_Substation_London__014__Terminwirkung/index.md","1","1"
"datenpunkt","Brighton_Waste_House_Brighton__001__Abfall_berschussmaterial","datenpunkt/Brighton_Waste_House_Brighton__001__Abfall_berschussmaterial","Brighton_Waste_House_Brighton__001__Abfall_berschussmaterial","clean_phase20","_database/datenpunkt/Brighton_Waste_House_Brighton__001__Abfall_berschussmaterial/index.md","1","1"
"datenpunkt","Brighton_Waste_House_Brighton__002__Alternative_Angabe","datenpunkt/Brighton_Waste_House_Brighton__002__Alternative_Angabe","Brighton_Waste_House_Brighton__002__Alternative_Angabe","clean_phase20","_database/datenpunkt/Brighton_Waste_House_Brighton__002__Alternative_Angabe/index.md","1","1"
"datenpunkt","Brighton_Waste_House_Brighton__003__Er_ffnung","datenpunkt/Brighton_Waste_House_Brighton__003__Er_ffnung","Brighton_Waste_House_Brighton__003__Er_ffnung","clean_phase20","_database/datenpunkt/Brighton_Waste_House_Brighton__003__Er_ffnung/index.md","1","1"
"datenpunkt","Brighton_Waste_House_Brighton__004__Bauzeit","datenpunkt/Brighton_Waste_House_Brighton__004__Bauzeit","Brighton_Waste_House_Brighton__004__Bauzeit","clean_phase20","_database/datenpunkt/Brighton_Waste_House_Brighton__004__Bauzeit/index.md","1","1"
"datenpunkt","Brighton_Waste_House_Brighton__005__Zahnb_rsten","datenpunkt/Brighton_Waste_House_Brighton__005__Zahnb_rsten","Brighton_Waste_House_Brighton__005__Zahnb_rsten","clean_phase20","_database/datenpunkt/Brighton_Waste_House_Brighton__005__Zahnb_rsten/index.md","1","1"
"datenpunkt","Brighton_Waste_House_Brighton__006__Denim","datenpunkt/Brighton_Waste_House_Brighton__006__Denim","Brighton_Waste_House_Brighton__006__Denim","clean_phase20","_database/datenpunkt/Brighton_Waste_House_Brighton__006__Denim/index.md","1","1"
"datenpunkt","Brighton_Waste_House_Brighton__007__Videokassetten","datenpunkt/Brighton_Waste_House_Brighton__007__Videokassetten","Brighton_Waste_House_Brighton__007__Videokassetten","clean_phase20","_database/datenpunkt/Brighton_Waste_House_Brighton__007__Videokassetten/index.md","1","1"
"datenpunkt","Brighton_Waste_House_Brighton__008__Teppichfliesen","datenpunkt/Brighton_Waste_House_Brighton__008__Teppichfliesen","Brighton_Waste_House_Brighton__008__Teppichfliesen","clean_phase20","_database/datenpunkt/Brighton_Waste_House_Brighton__008__Teppichfliesen/index.md","1","1"
"datenpunkt","Brighton_Waste_House_Brighton__009__DVD_cases","datenpunkt/Brighton_Waste_House_Brighton__009__DVD_cases","Brighton_Waste_House_Brighton__009__DVD_cases","clean_phase20","_database/datenpunkt/Brighton_Waste_House_Brighton__009__DVD_cases/index.md","1","1"
"datenpunkt","Brighton_Waste_House_Brighton__010__Floppy_Discs","datenpunkt/Brighton_Waste_House_Brighton__010__Floppy_Discs","Brighton_Waste_House_Brighton__010__Floppy_Discs","clean_phase20","_database/datenpunkt/Brighton_Waste_House_Brighton__010__Floppy_Discs/index.md","1","1"
"datenpunkt","Brighton_Waste_House_Brighton__011__Beteiligte_junge_Menschen","datenpunkt/Brighton_Waste_House_Brighton__011__Beteiligte_junge_Menschen","Brighton_Waste_House_Brighton__011__Beteiligte_junge_Menschen","clean_phase20","_database/datenpunkt/Brighton_Waste_House_Brighton__011__Beteiligte_junge_Menschen/index.md","1","1"
"datenpunkt","Brighton_Waste_House_Brighton__012__EPC","datenpunkt/Brighton_Waste_House_Brighton__012__EPC","Brighton_Waste_House_Brighton__012__EPC","clean_phase20","_database/datenpunkt/Brighton_Waste_House_Brighton__012__EPC/index.md","1","1"
"datenpunkt","Broethen_Twin_House_Hoyerswerda__001__wiederverwendete_Wandplatten","datenpunkt/Broethen_Twin_House_Hoyerswerda__001__wiederverwendete_Wandplatten","Broethen_Twin_House_Hoyerswerda__001__wiederverwendete_Wandplatten","clean_phase20","_database/datenpunkt/Broethen_Twin_House_Hoyerswerda__001__wiederverwendete_Wandplatten/index.md","1","1"
"datenpunkt","Broethen_Twin_House_Hoyerswerda__002__wiederverwendete_Deckenplatten","datenpunkt/Broethen_Twin_House_Hoyerswerda__002__wiederverwendete_Deckenplatten","Broethen_Twin_House_Hoyerswerda__002__wiederverwendete_Deckenplatten","clean_phase20","_database/datenpunkt/Broethen_Twin_House_Hoyerswerda__002__wiederverwendete_Deckenplatten/index.md","1","1"
"datenpunkt","Broethen_Twin_House_Hoyerswerda__003__wiederverwendete_Bauteile_gesamt","datenpunkt/Broethen_Twin_House_Hoyerswerda__003__wiederverwendete_Bauteile_gesamt","Broethen_Twin_House_Hoyerswerda__003__wiederverwendete_Bauteile_gesamt","clean_phase20","_database/datenpunkt/Broethen_Twin_House_Hoyerswerda__003__wiederverwendete_Bauteile_gesamt/index.md","1","1"
"datenpunkt","Broethen_Twin_House_Hoyerswerda__004__Transportdistanz","datenpunkt/Broethen_Twin_House_Hoyerswerda__004__Transportdistanz","Broethen_Twin_House_Hoyerswerda__004__Transportdistanz","clean_phase20","_database/datenpunkt/Broethen_Twin_House_Hoyerswerda__004__Transportdistanz/index.md","1","1"
"datenpunkt","Broethen_Twin_House_Hoyerswerda__005__Bauteilalter","datenpunkt/Broethen_Twin_House_Hoyerswerda__005__Bauteilalter","Broethen_Twin_House_Hoyerswerda__005__Bauteilalter","clean_phase20","_database/datenpunkt/Broethen_Twin_House_Hoyerswerda__005__Bauteilalter/index.md","1","1"
"datenpunkt","Broethen_Twin_House_Hoyerswerda__006__Projektjahr","datenpunkt/Broethen_Twin_House_Hoyerswerda__006__Projektjahr","Broethen_Twin_House_Hoyerswerda__006__Projektjahr","clean_phase20","_database/datenpunkt/Broethen_Twin_House_Hoyerswerda__006__Projektjahr/index.md","1","1"
"datenpunkt","CascadeUp_London_secondary_timber_glulam_demonstrator__001__Abmessung_Pilotstruktur","datenpunkt/CascadeUp_London_secondary_timber_glulam_demonstrator__001__Abmessung_Pilotstruktur","CascadeUp_London_secondary_timber_glulam_demonstrator__001__Abmessung_Pilotstruktur","clean_phase20","_database/datenpunkt/CascadeUp_London_secondary_timber_glulam_demonstrator__001__Abmessung_Pilotstruktur/index.md","1","1"
"datenpunkt","CascadeUp_London_secondary_timber_glulam_demonstrator__005__Ausstellungen","datenpunkt/CascadeUp_London_secondary_timber_glulam_demonstrator__005__Ausstellungen","CascadeUp_London_secondary_timber_glulam_demonstrator__005__Ausstellungen","clean_phase20","_database/datenpunkt/CascadeUp_London_secondary_timber_glulam_demonstrator__005__Ausstellungen/index.md","1","1"
"datenpunkt","Charles_Malis_Molenbeek__001__Fl_che","datenpunkt/Charles_Malis_Molenbeek__001__Fl_che","Charles_Malis_Molenbeek__001__Fl_che","clean_phase20","_database/datenpunkt/Charles_Malis_Molenbeek__001__Fl_che/index.md","1","1"
"datenpunkt","Charles_Malis_Molenbeek__002__Anzahl_Schalter","datenpunkt/Charles_Malis_Molenbeek__002__Anzahl_Schalter","Charles_Malis_Molenbeek__002__Anzahl_Schalter","clean_phase20","_database/datenpunkt/Charles_Malis_Molenbeek__002__Anzahl_Schalter/index.md","1","1"
"datenpunkt","Chiro_d_Itterbeek_Dilbeek__001__Nettofl_che","datenpunkt/Chiro_d_Itterbeek_Dilbeek__001__Nettofl_che","Chiro_d_Itterbeek_Dilbeek__001__Nettofl_che","clean_phase20","_database/datenpunkt/Chiro_d_Itterbeek_Dilbeek__001__Nettofl_che/index.md","1","1"
"datenpunkt","Chiro_d_Itterbeek_Dilbeek__002__Kosten_Bau_Renovierung","datenpunkt/Chiro_d_Itterbeek_Dilbeek__002__Kosten_Bau_Renovierung","Chiro_d_Itterbeek_Dilbeek__002__Kosten_Bau_Renovierung","clean_phase20","_database/datenpunkt/Chiro_d_Itterbeek_Dilbeek__002__Kosten_Bau_Renovierung/index.md","1","1"
"datenpunkt","Chiro_d_Itterbeek_Dilbeek__003__Kosten_m","datenpunkt/Chiro_d_Itterbeek_Dilbeek__003__Kosten_m","Chiro_d_Itterbeek_Dilbeek__003__Kosten_m","clean_phase20","_database/datenpunkt/Chiro_d_Itterbeek_Dilbeek__003__Kosten_m/index.md","1","1"
"datenpunkt","Chiro_d_Itterbeek_Dilbeek__004__neue_Materialien","datenpunkt/Chiro_d_Itterbeek_Dilbeek__004__neue_Materialien","Chiro_d_Itterbeek_Dilbeek__004__neue_Materialien","clean_phase20","_database/datenpunkt/Chiro_d_Itterbeek_Dilbeek__004__neue_Materialien/index.md","1","1"
"datenpunkt","Chiro_d_Itterbeek_Dilbeek__005__Fassadenziegel_Reuse","datenpunkt/Chiro_d_Itterbeek_Dilbeek__005__Fassadenziegel_Reuse","Chiro_d_Itterbeek_Dilbeek__005__Fassadenziegel_Reuse","clean_phase20","_database/datenpunkt/Chiro_d_Itterbeek_Dilbeek__005__Fassadenziegel_Reuse/index.md","1","1"
"datenpunkt","Chiro_d_Itterbeek_Dilbeek__006__Au_enst_rze_Reuse","datenpunkt/Chiro_d_Itterbeek_Dilbeek__006__Au_enst_rze_Reuse","Chiro_d_Itterbeek_Dilbeek__006__Au_enst_rze_Reuse","clean_phase20","_database/datenpunkt/Chiro_d_Itterbeek_Dilbeek__006__Au_enst_rze_Reuse/index.md","1","1"
"datenpunkt","Chiro_d_Itterbeek_Dilbeek__007__Dachziegel_Reuse_Rest","datenpunkt/Chiro_d_Itterbeek_Dilbeek__007__Dachziegel_Reuse_Rest","Chiro_d_Itterbeek_Dilbeek__007__Dachziegel_Reuse_Rest","clean_phase20","_database/datenpunkt/Chiro_d_Itterbeek_Dilbeek__007__Dachziegel_Reuse_Rest/index.md","1","1"
"datenpunkt","Chiro_d_Itterbeek_Dilbeek__008__Au_ent_ren_Fenster","datenpunkt/Chiro_d_Itterbeek_Dilbeek__008__Au_ent_ren_Fenster","Chiro_d_Itterbeek_Dilbeek__008__Au_ent_ren_Fenster","clean_phase20","_database/datenpunkt/Chiro_d_Itterbeek_Dilbeek__008__Au_ent_ren_Fenster/index.md","1","1"
"datenpunkt","Chiro_d_Itterbeek_Dilbeek__009__Bodenfliesen_Reuse","datenpunkt/Chiro_d_Itterbeek_Dilbeek__009__Bodenfliesen_Reuse","Chiro_d_Itterbeek_Dilbeek__009__Bodenfliesen_Reuse","clean_phase20","_database/datenpunkt/Chiro_d_Itterbeek_Dilbeek__009__Bodenfliesen_Reuse/index.md","1","1"
"datenpunkt","Chiro_d_Itterbeek_Dilbeek__010__Wandfliesen_Reuse","datenpunkt/Chiro_d_Itterbeek_Dilbeek__010__Wandfliesen_Reuse","Chiro_d_Itterbeek_Dilbeek__010__Wandfliesen_Reuse","clean_phase20","_database/datenpunkt/Chiro_d_Itterbeek_Dilbeek__010__Wandfliesen_Reuse/index.md","1","1"
"datenpunkt","Chiro_d_Itterbeek_Dilbeek__011__Sanit_r_Reuse","datenpunkt/Chiro_d_Itterbeek_Dilbeek__011__Sanit_r_Reuse","Chiro_d_Itterbeek_Dilbeek__011__Sanit_r_Reuse","clean_phase20","_database/datenpunkt/Chiro_d_Itterbeek_Dilbeek__011__Sanit_r_Reuse/index.md","1","1"
"datenpunkt","Chiro_d_Itterbeek_Dilbeek__012__Leuchten_Reuse","datenpunkt/Chiro_d_Itterbeek_Dilbeek__012__Leuchten_Reuse","Chiro_d_Itterbeek_Dilbeek__012__Leuchten_Reuse","clean_phase20","_database/datenpunkt/Chiro_d_Itterbeek_Dilbeek__012__Leuchten_Reuse/index.md","1","1"
"datenpunkt","Chiro_d_Itterbeek_Dilbeek__013__D_mmung_Boden_Wand_Surplus","datenpunkt/Chiro_d_Itterbeek_Dilbeek__013__D_mmung_Boden_Wand_Surplus","Chiro_d_Itterbeek_Dilbeek__013__D_mmung_Boden_Wand_Surplus","clean_phase20","_database/datenpunkt/Chiro_d_Itterbeek_Dilbeek__013__D_mmung_Boden_Wand_Surplus/index.md","1","1"
"datenpunkt","Chiro_d_Itterbeek_Dilbeek__014__D_mmung_Decke_Surplus","datenpunkt/Chiro_d_Itterbeek_Dilbeek__014__D_mmung_Decke_Surplus","Chiro_d_Itterbeek_Dilbeek__014__D_mmung_Decke_Surplus","clean_phase20","_database/datenpunkt/Chiro_d_Itterbeek_Dilbeek__014__D_mmung_Decke_Surplus/index.md","1","1"
"datenpunkt","Chiro_d_Itterbeek_Dilbeek__015__Betonbl_cke_Surplus","datenpunkt/Chiro_d_Itterbeek_Dilbeek__015__Betonbl_cke_Surplus","Chiro_d_Itterbeek_Dilbeek__015__Betonbl_cke_Surplus","clean_phase20","_database/datenpunkt/Chiro_d_Itterbeek_Dilbeek__015__Betonbl_cke_Surplus/index.md","1","1"
"datenpunkt","Chiro_d_Itterbeek_Dilbeek__016__Holzrahmen_Surplus","datenpunkt/Chiro_d_Itterbeek_Dilbeek__016__Holzrahmen_Surplus","Chiro_d_Itterbeek_Dilbeek__016__Holzrahmen_Surplus","clean_phase20","_database/datenpunkt/Chiro_d_Itterbeek_Dilbeek__016__Holzrahmen_Surplus/index.md","1","1"
"datenpunkt","Chiro_d_Itterbeek_Dilbeek__017__vermiedenes_CO","datenpunkt/Chiro_d_Itterbeek_Dilbeek__017__vermiedenes_CO","Chiro_d_Itterbeek_Dilbeek__017__vermiedenes_CO","clean_phase20","_database/datenpunkt/Chiro_d_Itterbeek_Dilbeek__017__vermiedenes_CO/index.md","1","1"
"datenpunkt","Chiro_d_Itterbeek_Dilbeek__018__vermiedener_Wasserverbrauch","datenpunkt/Chiro_d_Itterbeek_Dilbeek__018__vermiedener_Wasserverbrauch","Chiro_d_Itterbeek_Dilbeek__018__vermiedener_Wasserverbrauch","clean_phase20","_database/datenpunkt/Chiro_d_Itterbeek_Dilbeek__018__vermiedener_Wasserverbrauch/index.md","1","1"
"datenpunkt","Chiro_d_Itterbeek_Dilbeek__019__vermiedene_Abf_lle","datenpunkt/Chiro_d_Itterbeek_Dilbeek__019__vermiedene_Abf_lle","Chiro_d_Itterbeek_Dilbeek__019__vermiedene_Abf_lle","clean_phase20","_database/datenpunkt/Chiro_d_Itterbeek_Dilbeek__019__vermiedene_Abf_lle/index.md","1","1"
"datenpunkt","Christ_Pavilion_Volkenroda__001__Wettbewerb","datenpunkt/Christ_Pavilion_Volkenroda__001__Wettbewerb","Christ_Pavilion_Volkenroda__001__Wettbewerb","clean_phase20","_database/datenpunkt/Christ_Pavilion_Volkenroda__001__Wettbewerb/index.md","1","1"
"datenpunkt","Christ_Pavilion_Volkenroda__002__Bauzeit_EXPO","datenpunkt/Christ_Pavilion_Volkenroda__002__Bauzeit_EXPO","Christ_Pavilion_Volkenroda__002__Bauzeit_EXPO","clean_phase20","_database/datenpunkt/Christ_Pavilion_Volkenroda__002__Bauzeit_EXPO/index.md","1","1"
"datenpunkt","Christ_Pavilion_Volkenroda__003__Wiederaufbau","datenpunkt/Christ_Pavilion_Volkenroda__003__Wiederaufbau","Christ_Pavilion_Volkenroda__003__Wiederaufbau","clean_phase20","_database/datenpunkt/Christ_Pavilion_Volkenroda__003__Wiederaufbau/index.md","1","1"
"datenpunkt","Christ_Pavilion_Volkenroda__004__BGF","datenpunkt/Christ_Pavilion_Volkenroda__004__BGF","Christ_Pavilion_Volkenroda__004__BGF","clean_phase20","_database/datenpunkt/Christ_Pavilion_Volkenroda__004__BGF/index.md","1","1"
"datenpunkt","Christ_Pavilion_Volkenroda__005__BRI_Volumen","datenpunkt/Christ_Pavilion_Volkenroda__005__BRI_Volumen","Christ_Pavilion_Volkenroda__005__BRI_Volumen","clean_phase20","_database/datenpunkt/Christ_Pavilion_Volkenroda__005__BRI_Volumen/index.md","1","1"
"datenpunkt","Christ_Pavilion_Volkenroda__006__Christusraum","datenpunkt/Christ_Pavilion_Volkenroda__006__Christusraum","Christ_Pavilion_Volkenroda__006__Christusraum","clean_phase20","_database/datenpunkt/Christ_Pavilion_Volkenroda__006__Christusraum/index.md","1","1"
"datenpunkt","Christ_Pavilion_Volkenroda__007__Tragst_tzen_Christusraum","datenpunkt/Christ_Pavilion_Volkenroda__007__Tragst_tzen_Christusraum","Christ_Pavilion_Volkenroda__007__Tragst_tzen_Christusraum","clean_phase20","_database/datenpunkt/Christ_Pavilion_Volkenroda__007__Tragst_tzen_Christusraum/index.md","1","1"
"datenpunkt","Christ_Pavilion_Volkenroda__008__Besucher_Expo","datenpunkt/Christ_Pavilion_Volkenroda__008__Besucher_Expo","Christ_Pavilion_Volkenroda__008__Besucher_Expo","clean_phase20","_database/datenpunkt/Christ_Pavilion_Volkenroda__008__Besucher_Expo/index.md","1","1"
"datenpunkt","Christ_Pavilion_Volkenroda__009__Gewicht","datenpunkt/Christ_Pavilion_Volkenroda__009__Gewicht","Christ_Pavilion_Volkenroda__009__Gewicht","clean_phase20","_database/datenpunkt/Christ_Pavilion_Volkenroda__009__Gewicht/index.md","1","1"
"datenpunkt","Circular_Centre_Netherlands_Prinsenhof_A_reuse_pilot__001__demontierte_Bodenelemente","datenpunkt/Circular_Centre_Netherlands_Prinsenhof_A_reuse_pilot__001__demontierte_Bodenelemente","Circular_Centre_Netherlands_Prinsenhof_A_reuse_pilot__001__demontierte_Bodenelemente","clean_phase20","_database/datenpunkt/Circular_Centre_Netherlands_Prinsenhof_A_reuse_pilot__001__demontierte_Bodenelemente/index.md","1","1"
"datenpunkt","Circular_Centre_Netherlands_Prinsenhof_A_reuse_pilot__002__demontierte_Fassadenelemente","datenpunkt/Circular_Centre_Netherlands_Prinsenhof_A_reuse_pilot__002__demontierte_Fassadenelemente","Circular_Centre_Netherlands_Prinsenhof_A_reuse_pilot__002__demontierte_Fassadenelemente","clean_phase20","_database/datenpunkt/Circular_Centre_Netherlands_Prinsenhof_A_reuse_pilot__002__demontierte_Fassadenelemente/index.md","1","1"
"datenpunkt","Circular_Centre_Netherlands_Prinsenhof_A_reuse_pilot__003__Donor_Fl_che","datenpunkt/Circular_Centre_Netherlands_Prinsenhof_A_reuse_pilot__003__Donor_Fl_che","Circular_Centre_Netherlands_Prinsenhof_A_reuse_pilot__003__Donor_Fl_che","clean_phase20","_database/datenpunkt/Circular_Centre_Netherlands_Prinsenhof_A_reuse_pilot__003__Donor_Fl_che/index.md","1","1"
"datenpunkt","Circular_Centre_Netherlands_Prinsenhof_A_reuse_pilot__004__Donor_Fl_che_alternative_Quelle","datenpunkt/Circular_Centre_Netherlands_Prinsenhof_A_reuse_pilot__004__Donor_Fl_che_alternative_Quelle","Circular_Centre_Netherlands_Prinsenhof_A_reuse_pilot__004__Donor_Fl_che_alternative_Quelle","clean_phase20","_database/datenpunkt/Circular_Centre_Netherlands_Prinsenhof_A_reuse_pilot__004__Donor_Fl_che_alternative_Quelle/index.md","1","1"
"datenpunkt","Circular_Centre_Netherlands_Prinsenhof_A_reuse_pilot__005__Materialmenge","datenpunkt/Circular_Centre_Netherlands_Prinsenhof_A_reuse_pilot__005__Materialmenge","Circular_Centre_Netherlands_Prinsenhof_A_reuse_pilot__005__Materialmenge","clean_phase20","_database/datenpunkt/Circular_Centre_Netherlands_Prinsenhof_A_reuse_pilot__005__Materialmenge/index.md","1","1"
"datenpunkt","Circular_Centre_Netherlands_Prinsenhof_A_reuse_pilot__006__Betonmenge","datenpunkt/Circular_Centre_Netherlands_Prinsenhof_A_reuse_pilot__006__Betonmenge","Circular_Centre_Netherlands_Prinsenhof_A_reuse_pilot__006__Betonmenge","clean_phase20","_database/datenpunkt/Circular_Centre_Netherlands_Prinsenhof_A_reuse_pilot__006__Betonmenge/index.md","1","1"
"datenpunkt","Circular_Centre_Netherlands_Prinsenhof_A_reuse_pilot__007__CO_Einsparung","datenpunkt/Circular_Centre_Netherlands_Prinsenhof_A_reuse_pilot__007__CO_Einsparung","Circular_Centre_Netherlands_Prinsenhof_A_reuse_pilot__007__CO_Einsparung","clean_phase20","_database/datenpunkt/Circular_Centre_Netherlands_Prinsenhof_A_reuse_pilot__007__CO_Einsparung/index.md","1","1"
"datenpunkt","Circular_Centre_Netherlands_Prinsenhof_A_reuse_pilot__008__Materialwiederverwendung","datenpunkt/Circular_Centre_Netherlands_Prinsenhof_A_reuse_pilot__008__Materialwiederverwendung","Circular_Centre_Netherlands_Prinsenhof_A_reuse_pilot__008__Materialwiederverwendung","clean_phase20","_database/datenpunkt/Circular_Centre_Netherlands_Prinsenhof_A_reuse_pilot__008__Materialwiederverwendung/index.md","1","1"
"datenpunkt","Circular_Pavilion_Paris__001__Fl_che","datenpunkt/Circular_Pavilion_Paris__001__Fl_che","Circular_Pavilion_Paris__001__Fl_che","clean_phase20","_database/datenpunkt/Circular_Pavilion_Paris__001__Fl_che/index.md","1","1"
"datenpunkt","Circular_Pavilion_Paris__002__Materialien_mit_erster_Lebensdauer","datenpunkt/Circular_Pavilion_Paris__002__Materialien_mit_erster_Lebensdauer","Circular_Pavilion_Paris__002__Materialien_mit_erster_Lebensdauer","clean_phase20","_database/datenpunkt/Circular_Pavilion_Paris__002__Materialien_mit_erster_Lebensdauer/index.md","1","1"
"datenpunkt","Circular_Pavilion_Paris__003__Komponenten_mit_zweiter_dritter_Lebensdauer","datenpunkt/Circular_Pavilion_Paris__003__Komponenten_mit_zweiter_dritter_Lebensdauer","Circular_Pavilion_Paris__003__Komponenten_mit_zweiter_dritter_Lebensdauer","clean_phase20","_database/datenpunkt/Circular_Pavilion_Paris__003__Komponenten_mit_zweiter_dritter_Lebensdauer/index.md","1","1"
"datenpunkt","Circular_Pavilion_Paris__004__Holzt_ren","datenpunkt/Circular_Pavilion_Paris__004__Holzt_ren","Circular_Pavilion_Paris__004__Holzt_ren","clean_phase20","_database/datenpunkt/Circular_Pavilion_Paris__004__Holzt_ren/index.md","1","1"
"datenpunkt","Circular_Pavilion_Paris__005__St_hle","datenpunkt/Circular_Pavilion_Paris__005__St_hle","Circular_Pavilion_Paris__005__St_hle","clean_phase20","_database/datenpunkt/Circular_Pavilion_Paris__005__St_hle/index.md","1","1"
"datenpunkt","Circular_Pavilion_Paris__006__gro_e_Leuchten","datenpunkt/Circular_Pavilion_Paris__006__gro_e_Leuchten","Circular_Pavilion_Paris__006__gro_e_Leuchten","clean_phase20","_database/datenpunkt/Circular_Pavilion_Paris__006__gro_e_Leuchten/index.md","1","1"
"datenpunkt","Circular_Pavilion_Paris__007__Kosten","datenpunkt/Circular_Pavilion_Paris__007__Kosten","Circular_Pavilion_Paris__007__Kosten","clean_phase20","_database/datenpunkt/Circular_Pavilion_Paris__007__Kosten/index.md","1","1"
"datenpunkt","CRCLR_House_Impact_Hub_Berlin__001__BGF_Fl_che","datenpunkt/CRCLR_House_Impact_Hub_Berlin__001__BGF_Fl_che","CRCLR_House_Impact_Hub_Berlin__001__BGF_Fl_che","clean_phase20","_database/datenpunkt/CRCLR_House_Impact_Hub_Berlin__001__BGF_Fl_che/index.md","1","1"
"datenpunkt","CRCLR_House_Impact_Hub_Berlin__002__Nutzfl_che","datenpunkt/CRCLR_House_Impact_Hub_Berlin__002__Nutzfl_che","CRCLR_House_Impact_Hub_Berlin__002__Nutzfl_che","clean_phase20","_database/datenpunkt/CRCLR_House_Impact_Hub_Berlin__002__Nutzfl_che/index.md","1","1"
"datenpunkt","CRCLR_House_Impact_Hub_Berlin__003__Grundst_cksgr_e","datenpunkt/CRCLR_House_Impact_Hub_Berlin__003__Grundst_cksgr_e","CRCLR_House_Impact_Hub_Berlin__003__Grundst_cksgr_e","clean_phase20","_database/datenpunkt/CRCLR_House_Impact_Hub_Berlin__003__Grundst_cksgr_e/index.md","1","1"
"datenpunkt","CRCLR_House_Impact_Hub_Berlin__004__Bauzeit","datenpunkt/CRCLR_House_Impact_Hub_Berlin__004__Bauzeit","CRCLR_House_Impact_Hub_Berlin__004__Bauzeit","clean_phase20","_database/datenpunkt/CRCLR_House_Impact_Hub_Berlin__004__Bauzeit/index.md","1","1"
"datenpunkt","CRCLR_House_Impact_Hub_Berlin__005__Stahltr_ger_aus_Dachr_ckbau","datenpunkt/CRCLR_House_Impact_Hub_Berlin__005__Stahltr_ger_aus_Dachr_ckbau","CRCLR_House_Impact_Hub_Berlin__005__Stahltr_ger_aus_Dachr_ckbau","clean_phase20","_database/datenpunkt/CRCLR_House_Impact_Hub_Berlin__005__Stahltr_ger_aus_Dachr_ckbau/index.md","1","1"
"datenpunkt","CRCLR_House_Impact_Hub_Berlin__007__Innenausbau_reuse_recycled_upcycled","datenpunkt/CRCLR_House_Impact_Hub_Berlin__007__Innenausbau_reuse_recycled_upcycled","CRCLR_House_Impact_Hub_Berlin__007__Innenausbau_reuse_recycled_upcycled","clean_phase20","_database/datenpunkt/CRCLR_House_Impact_Hub_Berlin__007__Innenausbau_reuse_recycled_upcycled/index.md","1","1"
"datenpunkt","CRCLR_House_Impact_Hub_Berlin__008__Eingesparter_Beton","datenpunkt/CRCLR_House_Impact_Hub_Berlin__008__Eingesparter_Beton","CRCLR_House_Impact_Hub_Berlin__008__Eingesparter_Beton","clean_phase20","_database/datenpunkt/CRCLR_House_Impact_Hub_Berlin__008__Eingesparter_Beton/index.md","1","1"
"datenpunkt","ELYS_Kultur_Gewerbehaus_Basel__001__Neue_Reuse_Fassade","datenpunkt/ELYS_Kultur_Gewerbehaus_Basel__001__Neue_Reuse_Fassade","ELYS_Kultur_Gewerbehaus_Basel__001__Neue_Reuse_Fassade","clean_phase20","_database/datenpunkt/ELYS_Kultur_Gewerbehaus_Basel__001__Neue_Reuse_Fassade/index.md","1","1"
"datenpunkt","ELYS_Kultur_Gewerbehaus_Basel__002__Fassaden_ffnung","datenpunkt/ELYS_Kultur_Gewerbehaus_Basel__002__Fassaden_ffnung","ELYS_Kultur_Gewerbehaus_Basel__002__Fassaden_ffnung","clean_phase20","_database/datenpunkt/ELYS_Kultur_Gewerbehaus_Basel__002__Fassaden_ffnung/index.md","1","1"
"datenpunkt","ELYS_Kultur_Gewerbehaus_Basel__004__CO_Einsparung_durch_Wiederverwendung","datenpunkt/ELYS_Kultur_Gewerbehaus_Basel__004__CO_Einsparung_durch_Wiederverwendung","ELYS_Kultur_Gewerbehaus_Basel__004__CO_Einsparung_durch_Wiederverwendung","clean_phase20","_database/datenpunkt/ELYS_Kultur_Gewerbehaus_Basel__004__CO_Einsparung_durch_Wiederverwendung/index.md","1","1"
"datenpunkt","ELYS_Kultur_Gewerbehaus_Basel__005__CO_e_durch_Erhalt_Tragstruktur","datenpunkt/ELYS_Kultur_Gewerbehaus_Basel__005__CO_e_durch_Erhalt_Tragstruktur","ELYS_Kultur_Gewerbehaus_Basel__005__CO_e_durch_Erhalt_Tragstruktur","clean_phase20","_database/datenpunkt/ELYS_Kultur_Gewerbehaus_Basel__005__CO_e_durch_Erhalt_Tragstruktur/index.md","1","1"
"datenpunkt","ELYS_Kultur_Gewerbehaus_Basel__006__Fl_che","datenpunkt/ELYS_Kultur_Gewerbehaus_Basel__006__Fl_che","ELYS_Kultur_Gewerbehaus_Basel__006__Fl_che","clean_phase20","_database/datenpunkt/ELYS_Kultur_Gewerbehaus_Basel__006__Fl_che/index.md","1","1"
"datenpunkt","ELYS_Kultur_Gewerbehaus_Basel__007__PV_Anlage","datenpunkt/ELYS_Kultur_Gewerbehaus_Basel__007__PV_Anlage","ELYS_Kultur_Gewerbehaus_Basel__007__PV_Anlage","clean_phase20","_database/datenpunkt/ELYS_Kultur_Gewerbehaus_Basel__007__PV_Anlage/index.md","1","1"
"datenpunkt","ELYS_Kultur_Gewerbehaus_Basel__008__Bauzeit","datenpunkt/ELYS_Kultur_Gewerbehaus_Basel__008__Bauzeit","ELYS_Kultur_Gewerbehaus_Basel__008__Bauzeit","clean_phase20","_database/datenpunkt/ELYS_Kultur_Gewerbehaus_Basel__008__Bauzeit/index.md","1","1"
"datenpunkt","Europa_Building_Brussels__001__Restaurierte_Fensterrahmen","datenpunkt/Europa_Building_Brussels__001__Restaurierte_Fensterrahmen","Europa_Building_Brussels__001__Restaurierte_Fensterrahmen","clean_phase20","_database/datenpunkt/Europa_Building_Brussels__001__Restaurierte_Fensterrahmen/index.md","1","1"
"datenpunkt","Europa_Building_Brussels__002__Bruttogeschossfl_che","datenpunkt/Europa_Building_Brussels__002__Bruttogeschossfl_che","Europa_Building_Brussels__002__Bruttogeschossfl_che","clean_phase20","_database/datenpunkt/Europa_Building_Brussels__002__Bruttogeschossfl_che/index.md","1","1"
"datenpunkt","Europa_Building_Brussels__003__Baukosten","datenpunkt/Europa_Building_Brussels__003__Baukosten","Europa_Building_Brussels__003__Baukosten","clean_phase20","_database/datenpunkt/Europa_Building_Brussels__003__Baukosten/index.md","1","1"
"datenpunkt","Europa_Building_Brussels__004__LED_light_tubes","datenpunkt/Europa_Building_Brussels__004__LED_light_tubes","Europa_Building_Brussels__004__LED_light_tubes","clean_phase20","_database/datenpunkt/Europa_Building_Brussels__004__LED_light_tubes/index.md","1","1"
"datenpunkt","Europa_Building_Brussels__005__PV_Paneele","datenpunkt/Europa_Building_Brussels__005__PV_Paneele","Europa_Building_Brussels__005__PV_Paneele","clean_phase20","_database/datenpunkt/Europa_Building_Brussels__005__PV_Paneele/index.md","1","1"
"datenpunkt","Europa_Building_Brussels__006__Stahlreduktion_Fassadenstruktur","datenpunkt/Europa_Building_Brussels__006__Stahlreduktion_Fassadenstruktur","Europa_Building_Brussels__006__Stahlreduktion_Fassadenstruktur","clean_phase20","_database/datenpunkt/Europa_Building_Brussels__006__Stahlreduktion_Fassadenstruktur/index.md","1","1"
"datenpunkt","Ferme_du_Rail_Paris__001__Gesamtfl_che","datenpunkt/Ferme_du_Rail_Paris__001__Gesamtfl_che","Ferme_du_Rail_Paris__001__Gesamtfl_che","clean_phase20","_database/datenpunkt/Ferme_du_Rail_Paris__001__Gesamtfl_che/index.md","1","1"
"datenpunkt","Ferme_du_Rail_Paris__002__gebaute_Fl_che","datenpunkt/Ferme_du_Rail_Paris__002__gebaute_Fl_che","Ferme_du_Rail_Paris__002__gebaute_Fl_che","clean_phase20","_database/datenpunkt/Ferme_du_Rail_Paris__002__gebaute_Fl_che/index.md","1","1"
"datenpunkt","Ferme_du_Rail_Paris__003__SDP","datenpunkt/Ferme_du_Rail_Paris__003__SDP","Ferme_du_Rail_Paris__003__SDP","clean_phase20","_database/datenpunkt/Ferme_du_Rail_Paris__003__SDP/index.md","1","1"
"datenpunkt","Ferme_du_Rail_Paris__004__weitere_Fl_che","datenpunkt/Ferme_du_Rail_Paris__004__weitere_Fl_che","Ferme_du_Rail_Paris__004__weitere_Fl_che","clean_phase20","_database/datenpunkt/Ferme_du_Rail_Paris__004__weitere_Fl_che/index.md","1","1"
"datenpunkt","Ferme_du_Rail_Paris__005__Baukosten","datenpunkt/Ferme_du_Rail_Paris__005__Baukosten","Ferme_du_Rail_Paris__005__Baukosten","clean_phase20","_database/datenpunkt/Ferme_du_Rail_Paris__005__Baukosten/index.md","1","1"
"datenpunkt","Ferme_du_Rail_Paris__006__Anteil_biosourc_und_oder_r_employ","datenpunkt/Ferme_du_Rail_Paris__006__Anteil_biosourc_und_oder_r_employ","Ferme_du_Rail_Paris__006__Anteil_biosourc_und_oder_r_employ","clean_phase20","_database/datenpunkt/Ferme_du_Rail_Paris__006__Anteil_biosourc_und_oder_r_employ/index.md","1","1"
"datenpunkt","Ferme_du_Rail_Paris__007__Personen_in_Wiedereingliederung","datenpunkt/Ferme_du_Rail_Paris__007__Personen_in_Wiedereingliederung","Ferme_du_Rail_Paris__007__Personen_in_Wiedereingliederung","clean_phase20","_database/datenpunkt/Ferme_du_Rail_Paris__007__Personen_in_Wiedereingliederung/index.md","1","1"
"datenpunkt","Ferme_du_Rail_Paris__008__Studierende","datenpunkt/Ferme_du_Rail_Paris__008__Studierende","Ferme_du_Rail_Paris__008__Studierende","clean_phase20","_database/datenpunkt/Ferme_du_Rail_Paris__008__Studierende/index.md","1","1"
"datenpunkt","Ferme_du_Rail_Paris__009__Transport_Sourcing_Radius_Hauptmaterialien","datenpunkt/Ferme_du_Rail_Paris__009__Transport_Sourcing_Radius_Hauptmaterialien","Ferme_du_Rail_Paris__009__Transport_Sourcing_Radius_Hauptmaterialien","clean_phase20","_database/datenpunkt/Ferme_du_Rail_Paris__009__Transport_Sourcing_Radius_Hauptmaterialien/index.md","1","1"
"datenpunkt","Ferme_du_Rail_Paris__013__Kostenwirkung_Reuse","datenpunkt/Ferme_du_Rail_Paris__013__Kostenwirkung_Reuse","Ferme_du_Rail_Paris__013__Kostenwirkung_Reuse","clean_phase20","_database/datenpunkt/Ferme_du_Rail_Paris__013__Kostenwirkung_Reuse/index.md","1","1"
"datenpunkt","gjG_House_Gentbrugge__003__Fl_che","datenpunkt/gjG_House_Gentbrugge__003__Fl_che","gjG_House_Gentbrugge__003__Fl_che","clean_phase20","_database/datenpunkt/gjG_House_Gentbrugge__003__Fl_che/index.md","1","1"
"datenpunkt","Grande_Halle_de_Colombelles__001__Projektfl_che","datenpunkt/Grande_Halle_de_Colombelles__001__Projektfl_che","Grande_Halle_de_Colombelles__001__Projektfl_che","clean_phase20","_database/datenpunkt/Grande_Halle_de_Colombelles__001__Projektfl_che/index.md","1","1"
"datenpunkt","Grande_Halle_de_Colombelles__002__Projektfl_che_alternative","datenpunkt/Grande_Halle_de_Colombelles__002__Projektfl_che_alternative","Grande_Halle_de_Colombelles__002__Projektfl_che_alternative","clean_phase20","_database/datenpunkt/Grande_Halle_de_Colombelles__002__Projektfl_che_alternative/index.md","1","1"
"datenpunkt","Grande_Halle_de_Colombelles__003__Baukosten","datenpunkt/Grande_Halle_de_Colombelles__003__Baukosten","Grande_Halle_de_Colombelles__003__Baukosten","clean_phase20","_database/datenpunkt/Grande_Halle_de_Colombelles__003__Baukosten/index.md","1","1"
"datenpunkt","Grande_Halle_de_Colombelles__004__Baukosten_alternative","datenpunkt/Grande_Halle_de_Colombelles__004__Baukosten_alternative","Grande_Halle_de_Colombelles__004__Baukosten_alternative","clean_phase20","_database/datenpunkt/Grande_Halle_de_Colombelles__004__Baukosten_alternative/index.md","1","1"
"datenpunkt","Grande_Halle_de_Colombelles__005__Studienkosten","datenpunkt/Grande_Halle_de_Colombelles__005__Studienkosten","Grande_Halle_de_Colombelles__005__Studienkosten","clean_phase20","_database/datenpunkt/Grande_Halle_de_Colombelles__005__Studienkosten/index.md","1","1"
"datenpunkt","Grande_Halle_de_Colombelles__006__Abfall_vermieden_wiederverwendet","datenpunkt/Grande_Halle_de_Colombelles__006__Abfall_vermieden_wiederverwendet","Grande_Halle_de_Colombelles__006__Abfall_vermieden_wiederverwendet","clean_phase20","_database/datenpunkt/Grande_Halle_de_Colombelles__006__Abfall_vermieden_wiederverwendet/index.md","1","1"
"datenpunkt","Grande_Halle_de_Colombelles__007__D_mmung","datenpunkt/Grande_Halle_de_Colombelles__007__D_mmung","Grande_Halle_de_Colombelles__007__D_mmung","clean_phase20","_database/datenpunkt/Grande_Halle_de_Colombelles__007__D_mmung/index.md","1","1"
"datenpunkt","Grande_Halle_de_Colombelles__008__Radiatoren","datenpunkt/Grande_Halle_de_Colombelles__008__Radiatoren","Grande_Halle_de_Colombelles__008__Radiatoren","clean_phase20","_database/datenpunkt/Grande_Halle_de_Colombelles__008__Radiatoren/index.md","1","1"
"datenpunkt","Grande_Halle_de_Colombelles__009__T_ren","datenpunkt/Grande_Halle_de_Colombelles__009__T_ren","Grande_Halle_de_Colombelles__009__T_ren","clean_phase20","_database/datenpunkt/Grande_Halle_de_Colombelles__009__T_ren/index.md","1","1"
"datenpunkt","Grande_Halle_de_Colombelles__010__Sanit_robjekte","datenpunkt/Grande_Halle_de_Colombelles__010__Sanit_robjekte","Grande_Halle_de_Colombelles__010__Sanit_robjekte","clean_phase20","_database/datenpunkt/Grande_Halle_de_Colombelles__010__Sanit_robjekte/index.md","1","1"
"datenpunkt","Grande_Halle_de_Colombelles__011__Fliesen_Fayence","datenpunkt/Grande_Halle_de_Colombelles__011__Fliesen_Fayence","Grande_Halle_de_Colombelles__011__Fliesen_Fayence","clean_phase20","_database/datenpunkt/Grande_Halle_de_Colombelles__011__Fliesen_Fayence/index.md","1","1"
"datenpunkt","Grande_Halle_de_Colombelles__012__Holzpfetten","datenpunkt/Grande_Halle_de_Colombelles__012__Holzpfetten","Grande_Halle_de_Colombelles__012__Holzpfetten","clean_phase20","_database/datenpunkt/Grande_Halle_de_Colombelles__012__Holzpfetten/index.md","1","1"
"datenpunkt","Grande_Halle_de_Colombelles__013__Koordinations_Valorisationszeit","datenpunkt/Grande_Halle_de_Colombelles__013__Koordinations_Valorisationszeit","Grande_Halle_de_Colombelles__013__Koordinations_Valorisationszeit","clean_phase20","_database/datenpunkt/Grande_Halle_de_Colombelles__013__Koordinations_Valorisationszeit/index.md","1","1"
"datenpunkt","Grande_Halle_de_Colombelles__014__Arbeitspl_tze","datenpunkt/Grande_Halle_de_Colombelles__014__Arbeitspl_tze","Grande_Halle_de_Colombelles__014__Arbeitspl_tze","clean_phase20","_database/datenpunkt/Grande_Halle_de_Colombelles__014__Arbeitspl_tze/index.md","1","1"
"datenpunkt","Grande_Halle_de_Colombelles__016__Wasserersparnis","datenpunkt/Grande_Halle_de_Colombelles__016__Wasserersparnis","Grande_Halle_de_Colombelles__016__Wasserersparnis","clean_phase20","_database/datenpunkt/Grande_Halle_de_Colombelles__016__Wasserersparnis/index.md","1","1"
"datenpunkt","Grubenstrasse_29_Werkhof_29_Zuerich__001__Projektfl_che","datenpunkt/Grubenstrasse_29_Werkhof_29_Zuerich__001__Projektfl_che","Grubenstrasse_29_Werkhof_29_Zuerich__001__Projektfl_che","clean_phase20","_database/datenpunkt/Grubenstrasse_29_Werkhof_29_Zuerich__001__Projektfl_che/index.md","1","1"
"datenpunkt","Grubenstrasse_29_Werkhof_29_Zuerich__002__B_ro_Gewerbeeinheiten","datenpunkt/Grubenstrasse_29_Werkhof_29_Zuerich__002__B_ro_Gewerbeeinheiten","Grubenstrasse_29_Werkhof_29_Zuerich__002__B_ro_Gewerbeeinheiten","clean_phase20","_database/datenpunkt/Grubenstrasse_29_Werkhof_29_Zuerich__002__B_ro_Gewerbeeinheiten/index.md","1","1"
"datenpunkt","Grubenstrasse_29_Werkhof_29_Zuerich__003__Einheitengr_en","datenpunkt/Grubenstrasse_29_Werkhof_29_Zuerich__003__Einheitengr_en","Grubenstrasse_29_Werkhof_29_Zuerich__003__Einheitengr_en","clean_phase20","_database/datenpunkt/Grubenstrasse_29_Werkhof_29_Zuerich__003__Einheitengr_en/index.md","1","1"
"datenpunkt","Grubenstrasse_29_Werkhof_29_Zuerich__004__Projektzeitraum","datenpunkt/Grubenstrasse_29_Werkhof_29_Zuerich__004__Projektzeitraum","Grubenstrasse_29_Werkhof_29_Zuerich__004__Projektzeitraum","clean_phase20","_database/datenpunkt/Grubenstrasse_29_Werkhof_29_Zuerich__004__Projektzeitraum/index.md","1","1"
"datenpunkt","Grubenstrasse_29_Werkhof_29_Zuerich__005__Fertigstellung_Vermietung","datenpunkt/Grubenstrasse_29_Werkhof_29_Zuerich__005__Fertigstellung_Vermietung","Grubenstrasse_29_Werkhof_29_Zuerich__005__Fertigstellung_Vermietung","clean_phase20","_database/datenpunkt/Grubenstrasse_29_Werkhof_29_Zuerich__005__Fertigstellung_Vermietung/index.md","1","1"
"datenpunkt","Grubenstrasse_29_Werkhof_29_Zuerich__008__CO_Einsparung","datenpunkt/Grubenstrasse_29_Werkhof_29_Zuerich__008__CO_Einsparung","Grubenstrasse_29_Werkhof_29_Zuerich__008__CO_Einsparung","clean_phase20","_database/datenpunkt/Grubenstrasse_29_Werkhof_29_Zuerich__008__CO_Einsparung/index.md","1","1"
"datenpunkt","Harmalanranta_A_Kruunu_ReCreate_mini_pilot_Tampere__001__wiederverwendete_Hohlk_rperdecken","datenpunkt/Harmalanranta_A_Kruunu_ReCreate_mini_pilot_Tampere__001__wiederverwendete_Hohlk_rperdecken","Harmalanranta_A_Kruunu_ReCreate_mini_pilot_Tampere__001__wiederverwendete_Hohlk_rperdecken","clean_phase20","_database/datenpunkt/Harmalanranta_A_Kruunu_ReCreate_mini_pilot_Tampere__001__wiederverwendete_Hohlk_rperdecken/index.md","1","1"
"datenpunkt","Harmalanranta_A_Kruunu_ReCreate_mini_pilot_Tampere__002__Transportdistanz_Donor_Receiver","datenpunkt/Harmalanranta_A_Kruunu_ReCreate_mini_pilot_Tampere__002__Transportdistanz_Donor_Receiver","Harmalanranta_A_Kruunu_ReCreate_mini_pilot_Tampere__002__Transportdistanz_Donor_Receiver","clean_phase20","_database/datenpunkt/Harmalanranta_A_Kruunu_ReCreate_mini_pilot_Tampere__002__Transportdistanz_Donor_Receiver/index.md","1","1"
"datenpunkt","Harmalanranta_A_Kruunu_ReCreate_mini_pilot_Tampere__003__Wohnungen_im_Geb_ude","datenpunkt/Harmalanranta_A_Kruunu_ReCreate_mini_pilot_Tampere__003__Wohnungen_im_Geb_ude","Harmalanranta_A_Kruunu_ReCreate_mini_pilot_Tampere__003__Wohnungen_im_Geb_ude","clean_phase20","_database/datenpunkt/Harmalanranta_A_Kruunu_ReCreate_mini_pilot_Tampere__003__Wohnungen_im_Geb_ude/index.md","1","1"
"datenpunkt","Harmalanranta_A_Kruunu_ReCreate_mini_pilot_Tampere__004__Geschosse","datenpunkt/Harmalanranta_A_Kruunu_ReCreate_mini_pilot_Tampere__004__Geschosse","Harmalanranta_A_Kruunu_ReCreate_mini_pilot_Tampere__004__Geschosse","clean_phase20","_database/datenpunkt/Harmalanranta_A_Kruunu_ReCreate_mini_pilot_Tampere__004__Geschosse/index.md","1","1"
"datenpunkt","Harmalanranta_A_Kruunu_ReCreate_mini_pilot_Tampere__005__Fertigstellung","datenpunkt/Harmalanranta_A_Kruunu_ReCreate_mini_pilot_Tampere__005__Fertigstellung","Harmalanranta_A_Kruunu_ReCreate_mini_pilot_Tampere__005__Fertigstellung","clean_phase20","_database/datenpunkt/Harmalanranta_A_Kruunu_ReCreate_mini_pilot_Tampere__005__Fertigstellung/index.md","1","1"
"datenpunkt","Hastings_Pier_Visitor_Centre__004__Fl_che_Gesamtprojekt","datenpunkt/Hastings_Pier_Visitor_Centre__004__Fl_che_Gesamtprojekt","Hastings_Pier_Visitor_Centre__004__Fl_che_Gesamtprojekt","clean_phase20","_database/datenpunkt/Hastings_Pier_Visitor_Centre__004__Fl_che_Gesamtprojekt/index.md","1","1"
"datenpunkt","Hastings_Pier_Visitor_Centre__005__Pierl_nge","datenpunkt/Hastings_Pier_Visitor_Centre__005__Pierl_nge","Hastings_Pier_Visitor_Centre__005__Pierl_nge","clean_phase20","_database/datenpunkt/Hastings_Pier_Visitor_Centre__005__Pierl_nge/index.md","1","1"
"datenpunkt","Hastings_Pier_Visitor_Centre__009__Kosten","datenpunkt/Hastings_Pier_Visitor_Centre__009__Kosten","Hastings_Pier_Visitor_Centre__009__Kosten","clean_phase20","_database/datenpunkt/Hastings_Pier_Visitor_Centre__009__Kosten/index.md","1","1"
"datenpunkt","Haus_HOS_Mehrfamilienhaus_Muehlhausen__001__wiederverwendete_Elemente_gesamt","datenpunkt/Haus_HOS_Mehrfamilienhaus_Muehlhausen__001__wiederverwendete_Elemente_gesamt","Haus_HOS_Mehrfamilienhaus_Muehlhausen__001__wiederverwendete_Elemente_gesamt","clean_phase20","_database/datenpunkt/Haus_HOS_Mehrfamilienhaus_Muehlhausen__001__wiederverwendete_Elemente_gesamt/index.md","1","1"
"datenpunkt","Haus_HOS_Mehrfamilienhaus_Muehlhausen__002__Wandteile","datenpunkt/Haus_HOS_Mehrfamilienhaus_Muehlhausen__002__Wandteile","Haus_HOS_Mehrfamilienhaus_Muehlhausen__002__Wandteile","clean_phase20","_database/datenpunkt/Haus_HOS_Mehrfamilienhaus_Muehlhausen__002__Wandteile/index.md","1","1"
"datenpunkt","Haus_HOS_Mehrfamilienhaus_Muehlhausen__003__Deckenteile","datenpunkt/Haus_HOS_Mehrfamilienhaus_Muehlhausen__003__Deckenteile","Haus_HOS_Mehrfamilienhaus_Muehlhausen__003__Deckenteile","clean_phase20","_database/datenpunkt/Haus_HOS_Mehrfamilienhaus_Muehlhausen__003__Deckenteile/index.md","1","1"
"datenpunkt","Haus_HOS_Mehrfamilienhaus_Muehlhausen__004__Treppen","datenpunkt/Haus_HOS_Mehrfamilienhaus_Muehlhausen__004__Treppen","Haus_HOS_Mehrfamilienhaus_Muehlhausen__004__Treppen","clean_phase20","_database/datenpunkt/Haus_HOS_Mehrfamilienhaus_Muehlhausen__004__Treppen/index.md","1","1"
"datenpunkt","Haus_HOS_Mehrfamilienhaus_Muehlhausen__005__Gesamtgewicht","datenpunkt/Haus_HOS_Mehrfamilienhaus_Muehlhausen__005__Gesamtgewicht","Haus_HOS_Mehrfamilienhaus_Muehlhausen__005__Gesamtgewicht","clean_phase20","_database/datenpunkt/Haus_HOS_Mehrfamilienhaus_Muehlhausen__005__Gesamtgewicht/index.md","1","1"
"datenpunkt","Haus_HOS_Mehrfamilienhaus_Muehlhausen__006__Nutzfl_che","datenpunkt/Haus_HOS_Mehrfamilienhaus_Muehlhausen__006__Nutzfl_che","Haus_HOS_Mehrfamilienhaus_Muehlhausen__006__Nutzfl_che","clean_phase20","_database/datenpunkt/Haus_HOS_Mehrfamilienhaus_Muehlhausen__006__Nutzfl_che/index.md","1","1"
"datenpunkt","Haus_HOS_Mehrfamilienhaus_Muehlhausen__007__Herstellungskosten","datenpunkt/Haus_HOS_Mehrfamilienhaus_Muehlhausen__007__Herstellungskosten","Haus_HOS_Mehrfamilienhaus_Muehlhausen__007__Herstellungskosten","clean_phase20","_database/datenpunkt/Haus_HOS_Mehrfamilienhaus_Muehlhausen__007__Herstellungskosten/index.md","1","1"
"datenpunkt","Haus_HOS_Mehrfamilienhaus_Muehlhausen__008__Wiederverwendungsgrad_Rohbau_Substanz","datenpunkt/Haus_HOS_Mehrfamilienhaus_Muehlhausen__008__Wiederverwendungsgrad_Rohbau_Substanz","Haus_HOS_Mehrfamilienhaus_Muehlhausen__008__Wiederverwendungsgrad_Rohbau_Substanz","clean_phase20","_database/datenpunkt/Haus_HOS_Mehrfamilienhaus_Muehlhausen__008__Wiederverwendungsgrad_Rohbau_Substanz/index.md","1","1"
"datenpunkt","Haus_HOS_Mehrfamilienhaus_Muehlhausen__009__Kosteneinsparung","datenpunkt/Haus_HOS_Mehrfamilienhaus_Muehlhausen__009__Kosteneinsparung","Haus_HOS_Mehrfamilienhaus_Muehlhausen__009__Kosteneinsparung","clean_phase20","_database/datenpunkt/Haus_HOS_Mehrfamilienhaus_Muehlhausen__009__Kosteneinsparung/index.md","1","1"
"datenpunkt","Haus_HOS_Mehrfamilienhaus_Muehlhausen__010__Transportdistanz","datenpunkt/Haus_HOS_Mehrfamilienhaus_Muehlhausen__010__Transportdistanz","Haus_HOS_Mehrfamilienhaus_Muehlhausen__010__Transportdistanz","clean_phase20","_database/datenpunkt/Haus_HOS_Mehrfamilienhaus_Muehlhausen__010__Transportdistanz/index.md","1","1"
"datenpunkt","Haus_HOS_Mehrfamilienhaus_Muehlhausen__011__Fertigstellung","datenpunkt/Haus_HOS_Mehrfamilienhaus_Muehlhausen__011__Fertigstellung","Haus_HOS_Mehrfamilienhaus_Muehlhausen__011__Fertigstellung","clean_phase20","_database/datenpunkt/Haus_HOS_Mehrfamilienhaus_Muehlhausen__011__Fertigstellung/index.md","1","1"
"datenpunkt","Haus_HOS_Mehrfamilienhaus_Muehlhausen__012__Fallstudienstart","datenpunkt/Haus_HOS_Mehrfamilienhaus_Muehlhausen__012__Fallstudienstart","Haus_HOS_Mehrfamilienhaus_Muehlhausen__012__Fallstudienstart","clean_phase20","_database/datenpunkt/Haus_HOS_Mehrfamilienhaus_Muehlhausen__012__Fallstudienstart/index.md","1","1"
"datenpunkt","Holbein_Gardens_London__001__wiederverwendeter_Stahl","datenpunkt/Holbein_Gardens_London__001__wiederverwendeter_Stahl","Holbein_Gardens_London__001__wiederverwendeter_Stahl","clean_phase20","_database/datenpunkt/Holbein_Gardens_London__001__wiederverwendeter_Stahl/index.md","1","1"
"datenpunkt","Holbein_Gardens_London__002__wiederverwendeter_Stahl","datenpunkt/Holbein_Gardens_London__002__wiederverwendeter_Stahl","Holbein_Gardens_London__002__wiederverwendeter_Stahl","clean_phase20","_database/datenpunkt/Holbein_Gardens_London__002__wiederverwendeter_Stahl/index.md","1","1"
"datenpunkt","Holbein_Gardens_London__003__Stahl_aus_Grosvenor_Projekten","datenpunkt/Holbein_Gardens_London__003__Stahl_aus_Grosvenor_Projekten","Holbein_Gardens_London__003__Stahl_aus_Grosvenor_Projekten","clean_phase20","_database/datenpunkt/Holbein_Gardens_London__003__Stahl_aus_Grosvenor_Projekten/index.md","1","1"
"datenpunkt","Holbein_Gardens_London__004__Stahl_aus_Cleveland_Steel_stock","datenpunkt/Holbein_Gardens_London__004__Stahl_aus_Cleveland_Steel_stock","Holbein_Gardens_London__004__Stahl_aus_Cleveland_Steel_stock","clean_phase20","_database/datenpunkt/Holbein_Gardens_London__004__Stahl_aus_Cleveland_Steel_stock/index.md","1","1"
"datenpunkt","Holbein_Gardens_London__005__Gesamtstahlbedarf","datenpunkt/Holbein_Gardens_London__005__Gesamtstahlbedarf","Holbein_Gardens_London__005__Gesamtstahlbedarf","clean_phase20","_database/datenpunkt/Holbein_Gardens_London__005__Gesamtstahlbedarf/index.md","1","1"
"datenpunkt","Holbein_Gardens_London__006__Anteil_reused_steel_an_Stahltonnage","datenpunkt/Holbein_Gardens_London__006__Anteil_reused_steel_an_Stahltonnage","Holbein_Gardens_London__006__Anteil_reused_steel_an_Stahltonnage","clean_phase20","_database/datenpunkt/Holbein_Gardens_London__006__Anteil_reused_steel_an_Stahltonnage/index.md","1","1"
"datenpunkt","Holbein_Gardens_London__007__GIA","datenpunkt/Holbein_Gardens_London__007__GIA","Holbein_Gardens_London__007__GIA","clean_phase20","_database/datenpunkt/Holbein_Gardens_London__007__GIA/index.md","1","1"
"datenpunkt","Holbein_Gardens_London__008__Added_area","datenpunkt/Holbein_Gardens_London__008__Added_area","Holbein_Gardens_London__008__Added_area","clean_phase20","_database/datenpunkt/Holbein_Gardens_London__008__Added_area/index.md","1","1"
"datenpunkt","Holbein_Gardens_London__009__Bestandserhalt","datenpunkt/Holbein_Gardens_London__009__Bestandserhalt","Holbein_Gardens_London__009__Bestandserhalt","clean_phase20","_database/datenpunkt/Holbein_Gardens_London__009__Bestandserhalt/index.md","1","1"
"datenpunkt","Holbein_Gardens_London__010__CO_Einsparung_Stahlreuse","datenpunkt/Holbein_Gardens_London__010__CO_Einsparung_Stahlreuse","Holbein_Gardens_London__010__CO_Einsparung_Stahlreuse","clean_phase20","_database/datenpunkt/Holbein_Gardens_London__010__CO_Einsparung_Stahlreuse/index.md","1","1"
"datenpunkt","Holbein_Gardens_London__011__CO_Einsparung_Stahlreuse","datenpunkt/Holbein_Gardens_London__011__CO_Einsparung_Stahlreuse","Holbein_Gardens_London__011__CO_Einsparung_Stahlreuse","clean_phase20","_database/datenpunkt/Holbein_Gardens_London__011__CO_Einsparung_Stahlreuse/index.md","1","1"
"datenpunkt","Holbein_Gardens_London__012__CO_Einsparung_Stahlreuse","datenpunkt/Holbein_Gardens_London__012__CO_Einsparung_Stahlreuse","Holbein_Gardens_London__012__CO_Einsparung_Stahlreuse","clean_phase20","_database/datenpunkt/Holbein_Gardens_London__012__CO_Einsparung_Stahlreuse/index.md","1","1"
"datenpunkt","Holbein_Gardens_London__013__embodied_carbon_reused_steel","datenpunkt/Holbein_Gardens_London__013__embodied_carbon_reused_steel","Holbein_Gardens_London__013__embodied_carbon_reused_steel","clean_phase20","_database/datenpunkt/Holbein_Gardens_London__013__embodied_carbon_reused_steel/index.md","1","1"
"datenpunkt","Holbein_Gardens_London__014__embodied_carbon_virgin_steel_Vergleich","datenpunkt/Holbein_Gardens_London__014__embodied_carbon_virgin_steel_Vergleich","Holbein_Gardens_London__014__embodied_carbon_virgin_steel_Vergleich","clean_phase20","_database/datenpunkt/Holbein_Gardens_London__014__embodied_carbon_virgin_steel_Vergleich/index.md","1","1"
"datenpunkt","Holbein_Gardens_London__015__structural_embodied_carbon","datenpunkt/Holbein_Gardens_London__015__structural_embodied_carbon","Holbein_Gardens_London__015__structural_embodied_carbon","clean_phase20","_database/datenpunkt/Holbein_Gardens_London__015__structural_embodied_carbon/index.md","1","1"
"datenpunkt","Holbein_Gardens_London__016__Gesamt_embodied_carbon","datenpunkt/Holbein_Gardens_London__016__Gesamt_embodied_carbon","Holbein_Gardens_London__016__Gesamt_embodied_carbon","clean_phase20","_database/datenpunkt/Holbein_Gardens_London__016__Gesamt_embodied_carbon/index.md","1","1"
"datenpunkt","Holbein_Gardens_London__017__operational_carbon_savings","datenpunkt/Holbein_Gardens_London__017__operational_carbon_savings","Holbein_Gardens_London__017__operational_carbon_savings","clean_phase20","_database/datenpunkt/Holbein_Gardens_London__017__operational_carbon_savings/index.md","1","1"
"datenpunkt","Holbein_Gardens_London__018__site_waste_eliminated","datenpunkt/Holbein_Gardens_London__018__site_waste_eliminated","Holbein_Gardens_London__018__site_waste_eliminated","clean_phase20","_database/datenpunkt/Holbein_Gardens_London__018__site_waste_eliminated/index.md","1","1"
"datenpunkt","Holbein_Gardens_London__019__Zertifizierungen","datenpunkt/Holbein_Gardens_London__019__Zertifizierungen","Holbein_Gardens_London__019__Zertifizierungen","clean_phase20","_database/datenpunkt/Holbein_Gardens_London__019__Zertifizierungen/index.md","1","1"
"datenpunkt","House_of_Fraser_318_Oxford_Street_TBC_London_reuse_chain__001__House_of_Fraser_steel_reused_at_TBC","datenpunkt/House_of_Fraser_318_Oxford_Street_TBC_London_reuse_chain__001__House_of_Fraser_steel_reused_at_TBC","House_of_Fraser_318_Oxford_Street_TBC_London_reuse_chain__001__House_of_Fraser_steel_reused_at_TBC","clean_phase20","_database/datenpunkt/House_of_Fraser_318_Oxford_Street_TBC_London_reuse_chain__001__House_of_Fraser_steel_reused_at_TBC/index.md","1","1"
"datenpunkt","House_of_Fraser_318_Oxford_Street_TBC_London_reuse_chain__002__House_of_Fraser_steel_reused_at_TBC","datenpunkt/House_of_Fraser_318_Oxford_Street_TBC_London_reuse_chain__002__House_of_Fraser_steel_reused_at_TBC","House_of_Fraser_318_Oxford_Street_TBC_London_reuse_chain__002__House_of_Fraser_steel_reused_at_TBC","clean_phase20","_database/datenpunkt/House_of_Fraser_318_Oxford_Street_TBC_London_reuse_chain__002__House_of_Fraser_steel_reused_at_TBC/index.md","1","1"
"datenpunkt","House_of_Fraser_318_Oxford_Street_TBC_London_reuse_chain__003__House_of_Fraser_steel_reused_at_TBC","datenpunkt/House_of_Fraser_318_Oxford_Street_TBC_London_reuse_chain__003__House_of_Fraser_steel_reused_at_TBC","House_of_Fraser_318_Oxford_Street_TBC_London_reuse_chain__003__House_of_Fraser_steel_reused_at_TBC","clean_phase20","_database/datenpunkt/House_of_Fraser_318_Oxford_Street_TBC_London_reuse_chain__003__House_of_Fraser_steel_reused_at_TBC/index.md","1","1"
"datenpunkt","House_of_Fraser_318_Oxford_Street_TBC_London_reuse_chain__004__Target_claim_early","datenpunkt/House_of_Fraser_318_Oxford_Street_TBC_London_reuse_chain__004__Target_claim_early","House_of_Fraser_318_Oxford_Street_TBC_London_reuse_chain__004__Target_claim_early","clean_phase20","_database/datenpunkt/House_of_Fraser_318_Oxford_Street_TBC_London_reuse_chain__004__Target_claim_early/index.md","1","1"
"datenpunkt","House_of_Fraser_318_Oxford_Street_TBC_London_reuse_chain__005__Repurposed_Cleveland_steel","datenpunkt/House_of_Fraser_318_Oxford_Street_TBC_London_reuse_chain__005__Repurposed_Cleveland_steel","House_of_Fraser_318_Oxford_Street_TBC_London_reuse_chain__005__Repurposed_Cleveland_steel","clean_phase20","_database/datenpunkt/House_of_Fraser_318_Oxford_Street_TBC_London_reuse_chain__005__Repurposed_Cleveland_steel/index.md","1","1"
"datenpunkt","House_of_Fraser_318_Oxford_Street_TBC_London_reuse_chain__006__Anteil_reused_repurposed_steel_at_TBC","datenpunkt/House_of_Fraser_318_Oxford_Street_TBC_London_reuse_chain__006__Anteil_reused_repurposed_steel_at_TBC","House_of_Fraser_318_Oxford_Street_TBC_London_reuse_chain__006__Anteil_reused_repurposed_steel_at_TBC","clean_phase20","_database/datenpunkt/House_of_Fraser_318_Oxford_Street_TBC_London_reuse_chain__006__Anteil_reused_repurposed_steel_at_TBC/index.md","1","1"
"datenpunkt","House_of_Fraser_318_Oxford_Street_TBC_London_reuse_chain__007__total_steel_tonnage_TBC","datenpunkt/House_of_Fraser_318_Oxford_Street_TBC_London_reuse_chain__007__total_steel_tonnage_TBC","House_of_Fraser_318_Oxford_Street_TBC_London_reuse_chain__007__total_steel_tonnage_TBC","clean_phase20","_database/datenpunkt/House_of_Fraser_318_Oxford_Street_TBC_London_reuse_chain__007__total_steel_tonnage_TBC/index.md","1","1"
"datenpunkt","House_of_Fraser_318_Oxford_Street_TBC_London_reuse_chain__008__CO_saving_reused_steel","datenpunkt/House_of_Fraser_318_Oxford_Street_TBC_London_reuse_chain__008__CO_saving_reused_steel","House_of_Fraser_318_Oxford_Street_TBC_London_reuse_chain__008__CO_saving_reused_steel","clean_phase20","_database/datenpunkt/House_of_Fraser_318_Oxford_Street_TBC_London_reuse_chain__008__CO_saving_reused_steel/index.md","1","1"
"datenpunkt","House_of_Fraser_318_Oxford_Street_TBC_London_reuse_chain__009__CO_saved_vs_new_build","datenpunkt/House_of_Fraser_318_Oxford_Street_TBC_London_reuse_chain__009__CO_saved_vs_new_build","House_of_Fraser_318_Oxford_Street_TBC_London_reuse_chain__009__CO_saved_vs_new_build","clean_phase20","_database/datenpunkt/House_of_Fraser_318_Oxford_Street_TBC_London_reuse_chain__009__CO_saved_vs_new_build/index.md","1","1"
"datenpunkt","House_of_Fraser_318_Oxford_Street_TBC_London_reuse_chain__010__operational_emissions_lower_than_typical_office","datenpunkt/House_of_Fraser_318_Oxford_Street_TBC_London_reuse_chain__010__operational_emissions_lower_than_typical_office","House_of_Fraser_318_Oxford_Street_TBC_London_reuse_chain__010__operational_emissions_lower_than_typical_office","clean_phase20","_database/datenpunkt/House_of_Fraser_318_Oxford_Street_TBC_London_reuse_chain__010__operational_emissions_lower_than_typical_office/index.md","1","1"
"datenpunkt","House_of_Fraser_318_Oxford_Street_TBC_London_reuse_chain__011__embodied_carbon_anticipated","datenpunkt/House_of_Fraser_318_Oxford_Street_TBC_London_reuse_chain__011__embodied_carbon_anticipated","House_of_Fraser_318_Oxford_Street_TBC_London_reuse_chain__011__embodied_carbon_anticipated","clean_phase20","_database/datenpunkt/House_of_Fraser_318_Oxford_Street_TBC_London_reuse_chain__011__embodied_carbon_anticipated/index.md","1","1"
"datenpunkt","House_of_Fraser_318_Oxford_Street_TBC_London_reuse_chain__012__GIA_office","datenpunkt/House_of_Fraser_318_Oxford_Street_TBC_London_reuse_chain__012__GIA_office","House_of_Fraser_318_Oxford_Street_TBC_London_reuse_chain__012__GIA_office","clean_phase20","_database/datenpunkt/House_of_Fraser_318_Oxford_Street_TBC_London_reuse_chain__012__GIA_office/index.md","1","1"
"datenpunkt","House_of_Fraser_318_Oxford_Street_TBC_London_reuse_chain__013__ancillary_commercial_basement","datenpunkt/House_of_Fraser_318_Oxford_Street_TBC_London_reuse_chain__013__ancillary_commercial_basement","House_of_Fraser_318_Oxford_Street_TBC_London_reuse_chain__013__ancillary_commercial_basement","clean_phase20","_database/datenpunkt/House_of_Fraser_318_Oxford_Street_TBC_London_reuse_chain__013__ancillary_commercial_basement/index.md","1","1"
"datenpunkt","House_of_Fraser_318_Oxford_Street_TBC_London_reuse_chain__014__Energiebedarf","datenpunkt/House_of_Fraser_318_Oxford_Street_TBC_London_reuse_chain__014__Energiebedarf","House_of_Fraser_318_Oxford_Street_TBC_London_reuse_chain__014__Energiebedarf","clean_phase20","_database/datenpunkt/House_of_Fraser_318_Oxford_Street_TBC_London_reuse_chain__014__Energiebedarf/index.md","1","1"
"datenpunkt","Impact_Hub_Berlin_CRCLR_Fitout__001__Impact_Hub_Fl_che","datenpunkt/Impact_Hub_Berlin_CRCLR_Fitout__001__Impact_Hub_Fl_che","Impact_Hub_Berlin_CRCLR_Fitout__001__Impact_Hub_Fl_che","clean_phase20","_database/datenpunkt/Impact_Hub_Berlin_CRCLR_Fitout__001__Impact_Hub_Fl_che/index.md","1","1"
"datenpunkt","Impact_Hub_Berlin_CRCLR_Fitout__002__CRCLR_Gesamtfl_che","datenpunkt/Impact_Hub_Berlin_CRCLR_Fitout__002__CRCLR_Gesamtfl_che","Impact_Hub_Berlin_CRCLR_Fitout__002__CRCLR_Gesamtfl_che","clean_phase20","_database/datenpunkt/Impact_Hub_Berlin_CRCLR_Fitout__002__CRCLR_Gesamtfl_che/index.md","1","1"
"datenpunkt","Impact_Hub_Berlin_CRCLR_Fitout__003__Arbeitspl_tze","datenpunkt/Impact_Hub_Berlin_CRCLR_Fitout__003__Arbeitspl_tze","Impact_Hub_Berlin_CRCLR_Fitout__003__Arbeitspl_tze","clean_phase20","_database/datenpunkt/Impact_Hub_Berlin_CRCLR_Fitout__003__Arbeitspl_tze/index.md","1","1"
"datenpunkt","Impact_Hub_Berlin_CRCLR_Fitout__004__Materialanteil_recycled_sustainable","datenpunkt/Impact_Hub_Berlin_CRCLR_Fitout__004__Materialanteil_recycled_sustainable","Impact_Hub_Berlin_CRCLR_Fitout__004__Materialanteil_recycled_sustainable","clean_phase20","_database/datenpunkt/Impact_Hub_Berlin_CRCLR_Fitout__004__Materialanteil_recycled_sustainable/index.md","1","1"
"datenpunkt","Impact_Hub_Berlin_CRCLR_Fitout__005__Materialanteil_sustainable_recycled_upcycled","datenpunkt/Impact_Hub_Berlin_CRCLR_Fitout__005__Materialanteil_sustainable_recycled_upcycled","Impact_Hub_Berlin_CRCLR_Fitout__005__Materialanteil_sustainable_recycled_upcycled","clean_phase20","_database/datenpunkt/Impact_Hub_Berlin_CRCLR_Fitout__005__Materialanteil_sustainable_recycled_upcycled/index.md","1","1"
"datenpunkt","Jeugdkliniek_Ithaka_Emergis_Kloetinge__001__erhaltener_Bestand","datenpunkt/Jeugdkliniek_Ithaka_Emergis_Kloetinge__001__erhaltener_Bestand","Jeugdkliniek_Ithaka_Emergis_Kloetinge__001__erhaltener_Bestand","clean_phase20","_database/datenpunkt/Jeugdkliniek_Ithaka_Emergis_Kloetinge__001__erhaltener_Bestand/index.md","1","1"
"datenpunkt","Jeugdkliniek_Ithaka_Emergis_Kloetinge__002__Neubau","datenpunkt/Jeugdkliniek_Ithaka_Emergis_Kloetinge__002__Neubau","Jeugdkliniek_Ithaka_Emergis_Kloetinge__002__Neubau","clean_phase20","_database/datenpunkt/Jeugdkliniek_Ithaka_Emergis_Kloetinge__002__Neubau/index.md","1","1"
"datenpunkt","Jeugdkliniek_Ithaka_Emergis_Kloetinge__003__Materialanteil_aus_RWS","datenpunkt/Jeugdkliniek_Ithaka_Emergis_Kloetinge__003__Materialanteil_aus_RWS","Jeugdkliniek_Ithaka_Emergis_Kloetinge__003__Materialanteil_aus_RWS","clean_phase20","_database/datenpunkt/Jeugdkliniek_Ithaka_Emergis_Kloetinge__003__Materialanteil_aus_RWS/index.md","1","1"
"datenpunkt","Jeugdkliniek_Ithaka_Emergis_Kloetinge__004__Ziel_Reuse_Anteil_Neubau","datenpunkt/Jeugdkliniek_Ithaka_Emergis_Kloetinge__004__Ziel_Reuse_Anteil_Neubau","Jeugdkliniek_Ithaka_Emergis_Kloetinge__004__Ziel_Reuse_Anteil_Neubau","clean_phase20","_database/datenpunkt/Jeugdkliniek_Ithaka_Emergis_Kloetinge__004__Ziel_Reuse_Anteil_Neubau/index.md","1","1"
"datenpunkt","Jeugdkliniek_Ithaka_Emergis_Kloetinge__005__Betten","datenpunkt/Jeugdkliniek_Ithaka_Emergis_Kloetinge__005__Betten","Jeugdkliniek_Ithaka_Emergis_Kloetinge__005__Betten","clean_phase20","_database/datenpunkt/Jeugdkliniek_Ithaka_Emergis_Kloetinge__005__Betten/index.md","1","1"
"datenpunkt","Jeugdkliniek_Ithaka_Emergis_Kloetinge__006__Er_ffnung_Nutzung","datenpunkt/Jeugdkliniek_Ithaka_Emergis_Kloetinge__006__Er_ffnung_Nutzung","Jeugdkliniek_Ithaka_Emergis_Kloetinge__006__Er_ffnung_Nutzung","clean_phase20","_database/datenpunkt/Jeugdkliniek_Ithaka_Emergis_Kloetinge__006__Er_ffnung_Nutzung/index.md","1","1"
"datenpunkt","Jeugdkliniek_Ithaka_Emergis_Kloetinge__009__Energie","datenpunkt/Jeugdkliniek_Ithaka_Emergis_Kloetinge__009__Energie","Jeugdkliniek_Ithaka_Emergis_Kloetinge__009__Energie","clean_phase20","_database/datenpunkt/Jeugdkliniek_Ithaka_Emergis_Kloetinge__009__Energie/index.md","1","1"
"datenpunkt","Jeugdkliniek_Ithaka_Emergis_Kloetinge__010__Materialpass","datenpunkt/Jeugdkliniek_Ithaka_Emergis_Kloetinge__010__Materialpass","Jeugdkliniek_Ithaka_Emergis_Kloetinge__010__Materialpass","clean_phase20","_database/datenpunkt/Jeugdkliniek_Ithaka_Emergis_Kloetinge__010__Materialpass/index.md","1","1"
"datenpunkt","Juch_Areal_Recyclingzentrum_Zuerich__001__CO_Einsparung_gegen_ber_konventionellem_Neubau","datenpunkt/Juch_Areal_Recyclingzentrum_Zuerich__001__CO_Einsparung_gegen_ber_konventionellem_Neubau","Juch_Areal_Recyclingzentrum_Zuerich__001__CO_Einsparung_gegen_ber_konventionellem_Neubau","clean_phase20","_database/datenpunkt/Juch_Areal_Recyclingzentrum_Zuerich__001__CO_Einsparung_gegen_ber_konventionellem_Neubau/index.md","1","1"
"datenpunkt","Juch_Areal_Recyclingzentrum_Zuerich__002__THG_Reduktion","datenpunkt/Juch_Areal_Recyclingzentrum_Zuerich__002__THG_Reduktion","Juch_Areal_Recyclingzentrum_Zuerich__002__THG_Reduktion","clean_phase20","_database/datenpunkt/Juch_Areal_Recyclingzentrum_Zuerich__002__THG_Reduktion/index.md","1","1"
"datenpunkt","Juch_Areal_Recyclingzentrum_Zuerich__003__Ausf_hrungskredit_neue_einmalige_Ausgaben","datenpunkt/Juch_Areal_Recyclingzentrum_Zuerich__003__Ausf_hrungskredit_neue_einmalige_Ausgaben","Juch_Areal_Recyclingzentrum_Zuerich__003__Ausf_hrungskredit_neue_einmalige_Ausgaben","clean_phase20","_database/datenpunkt/Juch_Areal_Recyclingzentrum_Zuerich__003__Ausf_hrungskredit_neue_einmalige_Ausgaben/index.md","1","1"
"datenpunkt","Juch_Areal_Recyclingzentrum_Zuerich__004__fr_here_Baukostensch_tzung","datenpunkt/Juch_Areal_Recyclingzentrum_Zuerich__004__fr_here_Baukostensch_tzung","Juch_Areal_Recyclingzentrum_Zuerich__004__fr_here_Baukostensch_tzung","clean_phase20","_database/datenpunkt/Juch_Areal_Recyclingzentrum_Zuerich__004__fr_here_Baukostensch_tzung/index.md","1","1"
"datenpunkt","Juch_Areal_Recyclingzentrum_Zuerich__005__Bausumme_Perita","datenpunkt/Juch_Areal_Recyclingzentrum_Zuerich__005__Bausumme_Perita","Juch_Areal_Recyclingzentrum_Zuerich__005__Bausumme_Perita","clean_phase20","_database/datenpunkt/Juch_Areal_Recyclingzentrum_Zuerich__005__Bausumme_Perita/index.md","1","1"
"datenpunkt","Juch_Areal_Recyclingzentrum_Zuerich__006__Fertigstellung","datenpunkt/Juch_Areal_Recyclingzentrum_Zuerich__006__Fertigstellung","Juch_Areal_Recyclingzentrum_Zuerich__006__Fertigstellung","clean_phase20","_database/datenpunkt/Juch_Areal_Recyclingzentrum_Zuerich__006__Fertigstellung/index.md","1","1"
"datenpunkt","Juch_Areal_Recyclingzentrum_Zuerich__007__Bauzeit","datenpunkt/Juch_Areal_Recyclingzentrum_Zuerich__007__Bauzeit","Juch_Areal_Recyclingzentrum_Zuerich__007__Bauzeit","clean_phase20","_database/datenpunkt/Juch_Areal_Recyclingzentrum_Zuerich__007__Bauzeit/index.md","1","1"
"datenpunkt","K118_Kopfbau_Halle_118_Winterthur__001__Fl_che","datenpunkt/K118_Kopfbau_Halle_118_Winterthur__001__Fl_che","K118_Kopfbau_Halle_118_Winterthur__001__Fl_che","clean_phase20","_database/datenpunkt/K118_Kopfbau_Halle_118_Winterthur__001__Fl_che/index.md","1","1"
"datenpunkt","K118_Kopfbau_Halle_118_Winterthur__002__Geschosse_Aufstockung","datenpunkt/K118_Kopfbau_Halle_118_Winterthur__002__Geschosse_Aufstockung","K118_Kopfbau_Halle_118_Winterthur__002__Geschosse_Aufstockung","clean_phase20","_database/datenpunkt/K118_Kopfbau_Halle_118_Winterthur__002__Geschosse_Aufstockung/index.md","1","1"
"datenpunkt","K118_Kopfbau_Halle_118_Winterthur__003__Wiederverwendungsrate_Gewicht","datenpunkt/K118_Kopfbau_Halle_118_Winterthur__003__Wiederverwendungsrate_Gewicht","K118_Kopfbau_Halle_118_Winterthur__003__Wiederverwendungsrate_Gewicht","clean_phase20","_database/datenpunkt/K118_Kopfbau_Halle_118_Winterthur__003__Wiederverwendungsrate_Gewicht/index.md","1","1"
"datenpunkt","K118_Kopfbau_Halle_118_Winterthur__004__Wiederverwendungsrate_Volumen","datenpunkt/K118_Kopfbau_Halle_118_Winterthur__004__Wiederverwendungsrate_Volumen","K118_Kopfbau_Halle_118_Winterthur__004__Wiederverwendungsrate_Volumen","clean_phase20","_database/datenpunkt/K118_Kopfbau_Halle_118_Winterthur__004__Wiederverwendungsrate_Volumen/index.md","1","1"
"datenpunkt","K118_Kopfbau_Halle_118_Winterthur__005__CO_Reduktion","datenpunkt/K118_Kopfbau_Halle_118_Winterthur__005__CO_Reduktion","K118_Kopfbau_Halle_118_Winterthur__005__CO_Reduktion","clean_phase20","_database/datenpunkt/K118_Kopfbau_Halle_118_Winterthur__005__CO_Reduktion/index.md","1","1"
"datenpunkt","K118_Kopfbau_Halle_118_Winterthur__006__CO_Reduktion_absolut","datenpunkt/K118_Kopfbau_Halle_118_Winterthur__006__CO_Reduktion_absolut","K118_Kopfbau_Halle_118_Winterthur__006__CO_Reduktion_absolut","clean_phase20","_database/datenpunkt/K118_Kopfbau_Halle_118_Winterthur__006__CO_Reduktion_absolut/index.md","1","1"
"datenpunkt","K118_Kopfbau_Halle_118_Winterthur__007__Prim_rmaterial_eingespart","datenpunkt/K118_Kopfbau_Halle_118_Winterthur__007__Prim_rmaterial_eingespart","K118_Kopfbau_Halle_118_Winterthur__007__Prim_rmaterial_eingespart","clean_phase20","_database/datenpunkt/K118_Kopfbau_Halle_118_Winterthur__007__Prim_rmaterial_eingespart/index.md","1","1"
"datenpunkt","K118_Kopfbau_Halle_118_Winterthur__008__CO_Beitrag_Stahlreuse","datenpunkt/K118_Kopfbau_Halle_118_Winterthur__008__CO_Beitrag_Stahlreuse","K118_Kopfbau_Halle_118_Winterthur__008__CO_Beitrag_Stahlreuse","clean_phase20","_database/datenpunkt/K118_Kopfbau_Halle_118_Winterthur__008__CO_Beitrag_Stahlreuse/index.md","1","1"
"datenpunkt","K118_Kopfbau_Halle_118_Winterthur__009__Kostenwirkung","datenpunkt/K118_Kopfbau_Halle_118_Winterthur__009__Kostenwirkung","K118_Kopfbau_Halle_118_Winterthur__009__Kostenwirkung","clean_phase20","_database/datenpunkt/K118_Kopfbau_Halle_118_Winterthur__009__Kostenwirkung/index.md","1","1"
"datenpunkt","KA13_Kristian_Augusts_gate_13_Oslo__001__Gesamtfl_che","datenpunkt/KA13_Kristian_Augusts_gate_13_Oslo__001__Gesamtfl_che","KA13_Kristian_Augusts_gate_13_Oslo__001__Gesamtfl_che","clean_phase20","_database/datenpunkt/KA13_Kristian_Augusts_gate_13_Oslo__001__Gesamtfl_che/index.md","1","1"
"datenpunkt","KA13_Kristian_Augusts_gate_13_Oslo__002__Originalgeb_ude","datenpunkt/KA13_Kristian_Augusts_gate_13_Oslo__002__Originalgeb_ude","KA13_Kristian_Augusts_gate_13_Oslo__002__Originalgeb_ude","clean_phase20","_database/datenpunkt/KA13_Kristian_Augusts_gate_13_Oslo__002__Originalgeb_ude/index.md","1","1"
"datenpunkt","KA13_Kristian_Augusts_gate_13_Oslo__003__Basement","datenpunkt/KA13_Kristian_Augusts_gate_13_Oslo__003__Basement","KA13_Kristian_Augusts_gate_13_Oslo__003__Basement","clean_phase20","_database/datenpunkt/KA13_Kristian_Augusts_gate_13_Oslo__003__Basement/index.md","1","1"
"datenpunkt","KA13_Kristian_Augusts_gate_13_Oslo__004__Extension","datenpunkt/KA13_Kristian_Augusts_gate_13_Oslo__004__Extension","KA13_Kristian_Augusts_gate_13_Oslo__004__Extension","clean_phase20","_database/datenpunkt/KA13_Kristian_Augusts_gate_13_Oslo__004__Extension/index.md","1","1"
"datenpunkt","KA13_Kristian_Augusts_gate_13_Oslo__005__Ziel_Reuse_Anteil","datenpunkt/KA13_Kristian_Augusts_gate_13_Oslo__005__Ziel_Reuse_Anteil","KA13_Kristian_Augusts_gate_13_Oslo__005__Ziel_Reuse_Anteil","clean_phase20","_database/datenpunkt/KA13_Kristian_Augusts_gate_13_Oslo__005__Ziel_Reuse_Anteil/index.md","1","1"
"datenpunkt","KA13_Kristian_Augusts_gate_13_Oslo__006__Erreichter_Reuse_Anteil","datenpunkt/KA13_Kristian_Augusts_gate_13_Oslo__006__Erreichter_Reuse_Anteil","KA13_Kristian_Augusts_gate_13_Oslo__006__Erreichter_Reuse_Anteil","clean_phase20","_database/datenpunkt/KA13_Kristian_Augusts_gate_13_Oslo__006__Erreichter_Reuse_Anteil/index.md","1","1"
"datenpunkt","KA13_Kristian_Augusts_gate_13_Oslo__007__Treibhausgasreduktion","datenpunkt/KA13_Kristian_Augusts_gate_13_Oslo__007__Treibhausgasreduktion","KA13_Kristian_Augusts_gate_13_Oslo__007__Treibhausgasreduktion","clean_phase20","_database/datenpunkt/KA13_Kristian_Augusts_gate_13_Oslo__007__Treibhausgasreduktion/index.md","1","1"
"datenpunkt","KA13_Kristian_Augusts_gate_13_Oslo__008__Hohlk_rperdecken","datenpunkt/KA13_Kristian_Augusts_gate_13_Oslo__008__Hohlk_rperdecken","KA13_Kristian_Augusts_gate_13_Oslo__008__Hohlk_rperdecken","clean_phase20","_database/datenpunkt/KA13_Kristian_Augusts_gate_13_Oslo__008__Hohlk_rperdecken/index.md","1","1"
"datenpunkt","KA13_Kristian_Augusts_gate_13_Oslo__009__Hohlk_rperdeckenfl_che","datenpunkt/KA13_Kristian_Augusts_gate_13_Oslo__009__Hohlk_rperdeckenfl_che","KA13_Kristian_Augusts_gate_13_Oslo__009__Hohlk_rperdeckenfl_che","clean_phase20","_database/datenpunkt/KA13_Kristian_Augusts_gate_13_Oslo__009__Hohlk_rperdeckenfl_che/index.md","1","1"
"datenpunkt","KA13_Kristian_Augusts_gate_13_Oslo__010__HCS_Abmessung","datenpunkt/KA13_Kristian_Augusts_gate_13_Oslo__010__HCS_Abmessung","KA13_Kristian_Augusts_gate_13_Oslo__010__HCS_Abmessung","clean_phase20","_database/datenpunkt/KA13_Kristian_Augusts_gate_13_Oslo__010__HCS_Abmessung/index.md","1","1"
"datenpunkt","KA13_Kristian_Augusts_gate_13_Oslo__011__CO_Reduktion_HCS_gegen_ber_neu","datenpunkt/KA13_Kristian_Augusts_gate_13_Oslo__011__CO_Reduktion_HCS_gegen_ber_neu","KA13_Kristian_Augusts_gate_13_Oslo__011__CO_Reduktion_HCS_gegen_ber_neu","clean_phase20","_database/datenpunkt/KA13_Kristian_Augusts_gate_13_Oslo__011__CO_Reduktion_HCS_gegen_ber_neu/index.md","1","1"
"datenpunkt","KA13_Kristian_Augusts_gate_13_Oslo__012__Kosten_HCS_gegen_ber_neu","datenpunkt/KA13_Kristian_Augusts_gate_13_Oslo__012__Kosten_HCS_gegen_ber_neu","KA13_Kristian_Augusts_gate_13_Oslo__012__Kosten_HCS_gegen_ber_neu","clean_phase20","_database/datenpunkt/KA13_Kristian_Augusts_gate_13_Oslo__012__Kosten_HCS_gegen_ber_neu/index.md","1","1"
"datenpunkt","KA13_Kristian_Augusts_gate_13_Oslo__013__Stahl_reused","datenpunkt/KA13_Kristian_Augusts_gate_13_Oslo__013__Stahl_reused","KA13_Kristian_Augusts_gate_13_Oslo__013__Stahl_reused","clean_phase20","_database/datenpunkt/KA13_Kristian_Augusts_gate_13_Oslo__013__Stahl_reused/index.md","1","1"
"datenpunkt","KA13_Kristian_Augusts_gate_13_Oslo__014__Abfallmaximum_Ziel","datenpunkt/KA13_Kristian_Augusts_gate_13_Oslo__014__Abfallmaximum_Ziel","KA13_Kristian_Augusts_gate_13_Oslo__014__Abfallmaximum_Ziel","clean_phase20","_database/datenpunkt/KA13_Kristian_Augusts_gate_13_Oslo__014__Abfallmaximum_Ziel/index.md","1","1"
"datenpunkt","KA13_Kristian_Augusts_gate_13_Oslo__015__Anzahl_donor_buildings_projects","datenpunkt/KA13_Kristian_Augusts_gate_13_Oslo__015__Anzahl_donor_buildings_projects","KA13_Kristian_Augusts_gate_13_Oslo__015__Anzahl_donor_buildings_projects","clean_phase20","_database/datenpunkt/KA13_Kristian_Augusts_gate_13_Oslo__015__Anzahl_donor_buildings_projects/index.md","1","1"
"datenpunkt","Kamikatsu_Zero_Waste_Center_Hotel_WHY__002__Anzahl_wiederverwendeter_Fenster","datenpunkt/Kamikatsu_Zero_Waste_Center_Hotel_WHY__002__Anzahl_wiederverwendeter_Fenster","Kamikatsu_Zero_Waste_Center_Hotel_WHY__002__Anzahl_wiederverwendeter_Fenster","clean_phase20","_database/datenpunkt/Kamikatsu_Zero_Waste_Center_Hotel_WHY__002__Anzahl_wiederverwendeter_Fenster/index.md","1","1"
"datenpunkt","Kamikatsu_Zero_Waste_Center_Hotel_WHY__003__Fl_che_Ma_stab","datenpunkt/Kamikatsu_Zero_Waste_Center_Hotel_WHY__003__Fl_che_Ma_stab","Kamikatsu_Zero_Waste_Center_Hotel_WHY__003__Fl_che_Ma_stab","clean_phase20","_database/datenpunkt/Kamikatsu_Zero_Waste_Center_Hotel_WHY__003__Fl_che_Ma_stab/index.md","1","1"
"datenpunkt","Kamikatsu_Zero_Waste_Center_Hotel_WHY__013__Recyclingrate_Kamikatsu","datenpunkt/Kamikatsu_Zero_Waste_Center_Hotel_WHY__013__Recyclingrate_Kamikatsu","Kamikatsu_Zero_Waste_Center_Hotel_WHY__013__Recyclingrate_Kamikatsu","clean_phase20","_database/datenpunkt/Kamikatsu_Zero_Waste_Center_Hotel_WHY__013__Recyclingrate_Kamikatsu/index.md","1","1"
"datenpunkt","Kamikatsu_Zero_Waste_Center_Hotel_WHY__014__Sortierkategorien","datenpunkt/Kamikatsu_Zero_Waste_Center_Hotel_WHY__014__Sortierkategorien","Kamikatsu_Zero_Waste_Center_Hotel_WHY__014__Sortierkategorien","clean_phase20","_database/datenpunkt/Kamikatsu_Zero_Waste_Center_Hotel_WHY__014__Sortierkategorien/index.md","1","1"
"datenpunkt","Kindergarten_Moeoeslistrasse_Manegg_Zuerich__001__Nutzfl_che","datenpunkt/Kindergarten_Moeoeslistrasse_Manegg_Zuerich__001__Nutzfl_che","Kindergarten_Moeoeslistrasse_Manegg_Zuerich__001__Nutzfl_che","clean_phase20","_database/datenpunkt/Kindergarten_Moeoeslistrasse_Manegg_Zuerich__001__Nutzfl_che/index.md","1","1"
"datenpunkt","Kindergarten_Moeoeslistrasse_Manegg_Zuerich__002__Objektkredit","datenpunkt/Kindergarten_Moeoeslistrasse_Manegg_Zuerich__002__Objektkredit","Kindergarten_Moeoeslistrasse_Manegg_Zuerich__002__Objektkredit","clean_phase20","_database/datenpunkt/Kindergarten_Moeoeslistrasse_Manegg_Zuerich__002__Objektkredit/index.md","1","1"
"datenpunkt","Kindergarten_Moeoeslistrasse_Manegg_Zuerich__003__Bauzeit","datenpunkt/Kindergarten_Moeoeslistrasse_Manegg_Zuerich__003__Bauzeit","Kindergarten_Moeoeslistrasse_Manegg_Zuerich__003__Bauzeit","clean_phase20","_database/datenpunkt/Kindergarten_Moeoeslistrasse_Manegg_Zuerich__003__Bauzeit/index.md","1","1"
"datenpunkt","Kindergarten_Moeoeslistrasse_Manegg_Zuerich__004__graue_THG_konventionell","datenpunkt/Kindergarten_Moeoeslistrasse_Manegg_Zuerich__004__graue_THG_konventionell","Kindergarten_Moeoeslistrasse_Manegg_Zuerich__004__graue_THG_konventionell","clean_phase20","_database/datenpunkt/Kindergarten_Moeoeslistrasse_Manegg_Zuerich__004__graue_THG_konventionell/index.md","1","1"
"datenpunkt","Kindergarten_Moeoeslistrasse_Manegg_Zuerich__005__graue_THG_mit_Re_Use","datenpunkt/Kindergarten_Moeoeslistrasse_Manegg_Zuerich__005__graue_THG_mit_Re_Use","Kindergarten_Moeoeslistrasse_Manegg_Zuerich__005__graue_THG_mit_Re_Use","clean_phase20","_database/datenpunkt/Kindergarten_Moeoeslistrasse_Manegg_Zuerich__005__graue_THG_mit_Re_Use/index.md","1","1"
"datenpunkt","Kindergarten_Moeoeslistrasse_Manegg_Zuerich__006__THG_Einsparung","datenpunkt/Kindergarten_Moeoeslistrasse_Manegg_Zuerich__006__THG_Einsparung","Kindergarten_Moeoeslistrasse_Manegg_Zuerich__006__THG_Einsparung","clean_phase20","_database/datenpunkt/Kindergarten_Moeoeslistrasse_Manegg_Zuerich__006__THG_Einsparung/index.md","1","1"
"datenpunkt","Kindergarten_Moeoeslistrasse_Manegg_Zuerich__007__CO_Einsparung_absolut","datenpunkt/Kindergarten_Moeoeslistrasse_Manegg_Zuerich__007__CO_Einsparung_absolut","Kindergarten_Moeoeslistrasse_Manegg_Zuerich__007__CO_Einsparung_absolut","clean_phase20","_database/datenpunkt/Kindergarten_Moeoeslistrasse_Manegg_Zuerich__007__CO_Einsparung_absolut/index.md","1","1"
"datenpunkt","Kindergarten_Moeoeslistrasse_Manegg_Zuerich__008__Kostenwirkung_Re_Use_Bauteile","datenpunkt/Kindergarten_Moeoeslistrasse_Manegg_Zuerich__008__Kostenwirkung_Re_Use_Bauteile","Kindergarten_Moeoeslistrasse_Manegg_Zuerich__008__Kostenwirkung_Re_Use_Bauteile","clean_phase20","_database/datenpunkt/Kindergarten_Moeoeslistrasse_Manegg_Zuerich__008__Kostenwirkung_Re_Use_Bauteile/index.md","1","1"
"datenpunkt","Kindergarten_Moeoeslistrasse_Manegg_Zuerich__009__Mehrhonorar_Planung","datenpunkt/Kindergarten_Moeoeslistrasse_Manegg_Zuerich__009__Mehrhonorar_Planung","Kindergarten_Moeoeslistrasse_Manegg_Zuerich__009__Mehrhonorar_Planung","clean_phase20","_database/datenpunkt/Kindergarten_Moeoeslistrasse_Manegg_Zuerich__009__Mehrhonorar_Planung/index.md","1","1"
"datenpunkt","Kindergarten_Moeoeslistrasse_Manegg_Zuerich__010__Gesamtkostenwirkung","datenpunkt/Kindergarten_Moeoeslistrasse_Manegg_Zuerich__010__Gesamtkostenwirkung","Kindergarten_Moeoeslistrasse_Manegg_Zuerich__010__Gesamtkostenwirkung","clean_phase20","_database/datenpunkt/Kindergarten_Moeoeslistrasse_Manegg_Zuerich__010__Gesamtkostenwirkung/index.md","1","1"
"datenpunkt","Lo_Reninge_Town_Hall_Facade__001__wiederverwendete_Ziegelfl_che","datenpunkt/Lo_Reninge_Town_Hall_Facade__001__wiederverwendete_Ziegelfl_che","Lo_Reninge_Town_Hall_Facade__001__wiederverwendete_Ziegelfl_che","clean_phase20","_database/datenpunkt/Lo_Reninge_Town_Hall_Facade__001__wiederverwendete_Ziegelfl_che/index.md","1","1"
"datenpunkt","Lo_Reninge_Town_Hall_Facade__002__Projektfl_che","datenpunkt/Lo_Reninge_Town_Hall_Facade__002__Projektfl_che","Lo_Reninge_Town_Hall_Facade__002__Projektfl_che","clean_phase20","_database/datenpunkt/Lo_Reninge_Town_Hall_Facade__002__Projektfl_che/index.md","1","1"
"datenpunkt","Lo_Reninge_Town_Hall_Facade__003__Projektfl_che_alternative_Quelle","datenpunkt/Lo_Reninge_Town_Hall_Facade__003__Projektfl_che_alternative_Quelle","Lo_Reninge_Town_Hall_Facade__003__Projektfl_che_alternative_Quelle","clean_phase20","_database/datenpunkt/Lo_Reninge_Town_Hall_Facade__003__Projektfl_che_alternative_Quelle/index.md","1","1"
"datenpunkt","Lo_Reninge_Town_Hall_Facade__004__Bauzeit_Zeitraum","datenpunkt/Lo_Reninge_Town_Hall_Facade__004__Bauzeit_Zeitraum","Lo_Reninge_Town_Hall_Facade__004__Bauzeit_Zeitraum","clean_phase20","_database/datenpunkt/Lo_Reninge_Town_Hall_Facade__004__Bauzeit_Zeitraum/index.md","1","1"
"datenpunkt","Lo_Reninge_Town_Hall_Facade__005__Fertigstellung","datenpunkt/Lo_Reninge_Town_Hall_Facade__005__Fertigstellung","Lo_Reninge_Town_Hall_Facade__005__Fertigstellung","clean_phase20","_database/datenpunkt/Lo_Reninge_Town_Hall_Facade__005__Fertigstellung/index.md","1","1"
"datenpunkt","Lokomotion_Technology_Centre_mini_pilot_Tampere__001__wiederverwendete_Hohlk_rperdecken","datenpunkt/Lokomotion_Technology_Centre_mini_pilot_Tampere__001__wiederverwendete_Hohlk_rperdecken","Lokomotion_Technology_Centre_mini_pilot_Tampere__001__wiederverwendete_Hohlk_rperdecken","clean_phase20","_database/datenpunkt/Lokomotion_Technology_Centre_mini_pilot_Tampere__001__wiederverwendete_Hohlk_rperdecken/index.md","1","1"
"datenpunkt","Lokomotion_Technology_Centre_mini_pilot_Tampere__002__Transportdistanz_Donor_Receiver","datenpunkt/Lokomotion_Technology_Centre_mini_pilot_Tampere__002__Transportdistanz_Donor_Receiver","Lokomotion_Technology_Centre_mini_pilot_Tampere__002__Transportdistanz_Donor_Receiver","clean_phase20","_database/datenpunkt/Lokomotion_Technology_Centre_mini_pilot_Tampere__002__Transportdistanz_Donor_Receiver/index.md","1","1"
"datenpunkt","Lokomotion_Technology_Centre_mini_pilot_Tampere__003__Gesamtfl_che_Phase_1_Lokomotion","datenpunkt/Lokomotion_Technology_Centre_mini_pilot_Tampere__003__Gesamtfl_che_Phase_1_Lokomotion","Lokomotion_Technology_Centre_mini_pilot_Tampere__003__Gesamtfl_che_Phase_1_Lokomotion","clean_phase20","_database/datenpunkt/Lokomotion_Technology_Centre_mini_pilot_Tampere__003__Gesamtfl_che_Phase_1_Lokomotion/index.md","1","1"
"datenpunkt","Lokomotion_Technology_Centre_mini_pilot_Tampere__004__Gesamtfl_che_langfristiger_Komplex","datenpunkt/Lokomotion_Technology_Centre_mini_pilot_Tampere__004__Gesamtfl_che_langfristiger_Komplex","Lokomotion_Technology_Centre_mini_pilot_Tampere__004__Gesamtfl_che_langfristiger_Komplex","clean_phase20","_database/datenpunkt/Lokomotion_Technology_Centre_mini_pilot_Tampere__004__Gesamtfl_che_langfristiger_Komplex/index.md","1","1"
"datenpunkt","Lokomotion_Technology_Centre_mini_pilot_Tampere__005__Baukosten_Auftrag_Skanska","datenpunkt/Lokomotion_Technology_Centre_mini_pilot_Tampere__005__Baukosten_Auftrag_Skanska","Lokomotion_Technology_Centre_mini_pilot_Tampere__005__Baukosten_Auftrag_Skanska","clean_phase20","_database/datenpunkt/Lokomotion_Technology_Centre_mini_pilot_Tampere__005__Baukosten_Auftrag_Skanska/index.md","1","1"
"datenpunkt","Lycee_Michel_Lucius_Conversion_Luxembourg__001__wiederverwendete_Stahlprofile","datenpunkt/Lycee_Michel_Lucius_Conversion_Luxembourg__001__wiederverwendete_Stahlprofile","Lycee_Michel_Lucius_Conversion_Luxembourg__001__wiederverwendete_Stahlprofile","clean_phase20","_database/datenpunkt/Lycee_Michel_Lucius_Conversion_Luxembourg__001__wiederverwendete_Stahlprofile/index.md","1","1"
"datenpunkt","Lycee_Michel_Lucius_Conversion_Luxembourg__002__wiederverwendetes_Blech","datenpunkt/Lycee_Michel_Lucius_Conversion_Luxembourg__002__wiederverwendetes_Blech","Lycee_Michel_Lucius_Conversion_Luxembourg__002__wiederverwendetes_Blech","clean_phase20","_database/datenpunkt/Lycee_Michel_Lucius_Conversion_Luxembourg__002__wiederverwendetes_Blech/index.md","1","1"
"datenpunkt","Lycee_Michel_Lucius_Conversion_Luxembourg__003__wiederverwendete_Akustikpaneele","datenpunkt/Lycee_Michel_Lucius_Conversion_Luxembourg__003__wiederverwendete_Akustikpaneele","Lycee_Michel_Lucius_Conversion_Luxembourg__003__wiederverwendete_Akustikpaneele","clean_phase20","_database/datenpunkt/Lycee_Michel_Lucius_Conversion_Luxembourg__003__wiederverwendete_Akustikpaneele/index.md","1","1"
"datenpunkt","Lycee_Michel_Lucius_Conversion_Luxembourg__004__wiederverwendete_Metallpaneele","datenpunkt/Lycee_Michel_Lucius_Conversion_Luxembourg__004__wiederverwendete_Metallpaneele","Lycee_Michel_Lucius_Conversion_Luxembourg__004__wiederverwendete_Metallpaneele","clean_phase20","_database/datenpunkt/Lycee_Michel_Lucius_Conversion_Luxembourg__004__wiederverwendete_Metallpaneele/index.md","1","1"
"datenpunkt","Lycee_Michel_Lucius_Conversion_Luxembourg__005__wiederverwendete_Pflasterplatten","datenpunkt/Lycee_Michel_Lucius_Conversion_Luxembourg__005__wiederverwendete_Pflasterplatten","Lycee_Michel_Lucius_Conversion_Luxembourg__005__wiederverwendete_Pflasterplatten","clean_phase20","_database/datenpunkt/Lycee_Michel_Lucius_Conversion_Luxembourg__005__wiederverwendete_Pflasterplatten/index.md","1","1"
"datenpunkt","Lycee_Michel_Lucius_Conversion_Luxembourg__006__wiederverwendete_Fertigbetonelemente","datenpunkt/Lycee_Michel_Lucius_Conversion_Luxembourg__006__wiederverwendete_Fertigbetonelemente","Lycee_Michel_Lucius_Conversion_Luxembourg__006__wiederverwendete_Fertigbetonelemente","clean_phase20","_database/datenpunkt/Lycee_Michel_Lucius_Conversion_Luxembourg__006__wiederverwendete_Fertigbetonelemente/index.md","1","1"
"datenpunkt","Lycee_Michel_Lucius_Conversion_Luxembourg__007__Fl_che_Projektgr_e","datenpunkt/Lycee_Michel_Lucius_Conversion_Luxembourg__007__Fl_che_Projektgr_e","Lycee_Michel_Lucius_Conversion_Luxembourg__007__Fl_che_Projektgr_e","clean_phase20","_database/datenpunkt/Lycee_Michel_Lucius_Conversion_Luxembourg__007__Fl_che_Projektgr_e/index.md","1","1"
"datenpunkt","Lycee_Michel_Lucius_Conversion_Luxembourg__008__Kosten","datenpunkt/Lycee_Michel_Lucius_Conversion_Luxembourg__008__Kosten","Lycee_Michel_Lucius_Conversion_Luxembourg__008__Kosten","clean_phase20","_database/datenpunkt/Lycee_Michel_Lucius_Conversion_Luxembourg__008__Kosten/index.md","1","1"
"datenpunkt","Lycee_Michel_Lucius_Conversion_Luxembourg__009__Bauzeit","datenpunkt/Lycee_Michel_Lucius_Conversion_Luxembourg__009__Bauzeit","Lycee_Michel_Lucius_Conversion_Luxembourg__009__Bauzeit","clean_phase20","_database/datenpunkt/Lycee_Michel_Lucius_Conversion_Luxembourg__009__Bauzeit/index.md","1","1"
"datenpunkt","Lycee_Michel_Lucius_Conversion_Luxembourg__010__Planungszeit","datenpunkt/Lycee_Michel_Lucius_Conversion_Luxembourg__010__Planungszeit","Lycee_Michel_Lucius_Conversion_Luxembourg__010__Planungszeit","clean_phase20","_database/datenpunkt/Lycee_Michel_Lucius_Conversion_Luxembourg__010__Planungszeit/index.md","1","1"
"datenpunkt","Lycee_Michel_Lucius_Conversion_Luxembourg__011__CO_Einsparung","datenpunkt/Lycee_Michel_Lucius_Conversion_Luxembourg__011__CO_Einsparung","Lycee_Michel_Lucius_Conversion_Luxembourg__011__CO_Einsparung","clean_phase20","_database/datenpunkt/Lycee_Michel_Lucius_Conversion_Luxembourg__011__CO_Einsparung/index.md","1","1"
"datenpunkt","Lycee_Michel_Lucius_Conversion_Luxembourg__012__Abfallvermeidung","datenpunkt/Lycee_Michel_Lucius_Conversion_Luxembourg__012__Abfallvermeidung","Lycee_Michel_Lucius_Conversion_Luxembourg__012__Abfallvermeidung","clean_phase20","_database/datenpunkt/Lycee_Michel_Lucius_Conversion_Luxembourg__012__Abfallvermeidung/index.md","1","1"
"datenpunkt","Lycee_Michel_Lucius_Conversion_Luxembourg__013__RC_Zuschlag","datenpunkt/Lycee_Michel_Lucius_Conversion_Luxembourg__013__RC_Zuschlag","Lycee_Michel_Lucius_Conversion_Luxembourg__013__RC_Zuschlag","clean_phase20","_database/datenpunkt/Lycee_Michel_Lucius_Conversion_Luxembourg__013__RC_Zuschlag/index.md","1","1"
"datenpunkt","Maison_DnA_Asse__003__Fl_che","datenpunkt/Maison_DnA_Asse__003__Fl_che","Maison_DnA_Asse__003__Fl_che","clean_phase20","_database/datenpunkt/Maison_DnA_Asse__003__Fl_che/index.md","1","1"
"datenpunkt","Maison_Vignette_Auderghem__001__wiederverwendete_Ziegel","datenpunkt/Maison_Vignette_Auderghem__001__wiederverwendete_Ziegel","Maison_Vignette_Auderghem__001__wiederverwendete_Ziegel","clean_phase20","_database/datenpunkt/Maison_Vignette_Auderghem__001__wiederverwendete_Ziegel/index.md","1","1"
"datenpunkt","Maison_Vignette_Auderghem__002__wiederverwendete_Ziegelfl_che","datenpunkt/Maison_Vignette_Auderghem__002__wiederverwendete_Ziegelfl_che","Maison_Vignette_Auderghem__002__wiederverwendete_Ziegelfl_che","clean_phase20","_database/datenpunkt/Maison_Vignette_Auderghem__002__wiederverwendete_Ziegelfl_che/index.md","1","1"
"datenpunkt","Maison_Vignette_Auderghem__003__Wandfliesen_Reuse","datenpunkt/Maison_Vignette_Auderghem__003__Wandfliesen_Reuse","Maison_Vignette_Auderghem__003__Wandfliesen_Reuse","clean_phase20","_database/datenpunkt/Maison_Vignette_Auderghem__003__Wandfliesen_Reuse/index.md","1","1"
"datenpunkt","Maison_Vignette_Auderghem__004__Bodenfliesen_Reuse","datenpunkt/Maison_Vignette_Auderghem__004__Bodenfliesen_Reuse","Maison_Vignette_Auderghem__004__Bodenfliesen_Reuse","clean_phase20","_database/datenpunkt/Maison_Vignette_Auderghem__004__Bodenfliesen_Reuse/index.md","1","1"
"datenpunkt","Maison_Vignette_Auderghem__005__Blausteinplatten_Reuse","datenpunkt/Maison_Vignette_Auderghem__005__Blausteinplatten_Reuse","Maison_Vignette_Auderghem__005__Blausteinplatten_Reuse","clean_phase20","_database/datenpunkt/Maison_Vignette_Auderghem__005__Blausteinplatten_Reuse/index.md","1","1"
"datenpunkt","Maison_Vignette_Auderghem__006__Fl_che","datenpunkt/Maison_Vignette_Auderghem__006__Fl_che","Maison_Vignette_Auderghem__006__Fl_che","clean_phase20","_database/datenpunkt/Maison_Vignette_Auderghem__006__Fl_che/index.md","1","1"
"datenpunkt","Maison_Vignette_Auderghem__007__Fl_che_alternative_Quelle","datenpunkt/Maison_Vignette_Auderghem__007__Fl_che_alternative_Quelle","Maison_Vignette_Auderghem__007__Fl_che_alternative_Quelle","clean_phase20","_database/datenpunkt/Maison_Vignette_Auderghem__007__Fl_che_alternative_Quelle/index.md","1","1"
"datenpunkt","Maison_Vignette_Auderghem__008__Projektzeitraum","datenpunkt/Maison_Vignette_Auderghem__008__Projektzeitraum","Maison_Vignette_Auderghem__008__Projektzeitraum","clean_phase20","_database/datenpunkt/Maison_Vignette_Auderghem__008__Projektzeitraum/index.md","1","1"
"datenpunkt","Mehrow_Pilot_House__001__Wandplatten_wiederverwendet","datenpunkt/Mehrow_Pilot_House__001__Wandplatten_wiederverwendet","Mehrow_Pilot_House__001__Wandplatten_wiederverwendet","clean_phase20","_database/datenpunkt/Mehrow_Pilot_House__001__Wandplatten_wiederverwendet/index.md","1","1"
"datenpunkt","Mehrow_Pilot_House__002__Deckenplatten_wiederverwendet","datenpunkt/Mehrow_Pilot_House__002__Deckenplatten_wiederverwendet","Mehrow_Pilot_House__002__Deckenplatten_wiederverwendet","clean_phase20","_database/datenpunkt/Mehrow_Pilot_House__002__Deckenplatten_wiederverwendet/index.md","1","1"
"datenpunkt","Mehrow_Pilot_House__003__Bauteile_gesamt","datenpunkt/Mehrow_Pilot_House__003__Bauteile_gesamt","Mehrow_Pilot_House__003__Bauteile_gesamt","clean_phase20","_database/datenpunkt/Mehrow_Pilot_House__003__Bauteile_gesamt/index.md","1","1"
"datenpunkt","Mehrow_Pilot_House__004__Betonvolumen","datenpunkt/Mehrow_Pilot_House__004__Betonvolumen","Mehrow_Pilot_House__004__Betonvolumen","clean_phase20","_database/datenpunkt/Mehrow_Pilot_House__004__Betonvolumen/index.md","1","1"
"datenpunkt","Mehrow_Pilot_House__005__Fl_che","datenpunkt/Mehrow_Pilot_House__005__Fl_che","Mehrow_Pilot_House__005__Fl_che","clean_phase20","_database/datenpunkt/Mehrow_Pilot_House__005__Fl_che/index.md","1","1"
"datenpunkt","Mehrow_Pilot_House__006__Distanz_Spender_Empf_nger","datenpunkt/Mehrow_Pilot_House__006__Distanz_Spender_Empf_nger","Mehrow_Pilot_House__006__Distanz_Spender_Empf_nger","clean_phase20","_database/datenpunkt/Mehrow_Pilot_House__006__Distanz_Spender_Empf_nger/index.md","1","1"
"datenpunkt","Mehrow_Pilot_House__007__Bauteilalter","datenpunkt/Mehrow_Pilot_House__007__Bauteilalter","Mehrow_Pilot_House__007__Bauteilalter","clean_phase20","_database/datenpunkt/Mehrow_Pilot_House__007__Bauteilalter/index.md","1","1"
"datenpunkt","Mehrow_Pilot_House__008__Baujahr_Start","datenpunkt/Mehrow_Pilot_House__008__Baujahr_Start","Mehrow_Pilot_House__008__Baujahr_Start","clean_phase20","_database/datenpunkt/Mehrow_Pilot_House__008__Baujahr_Start/index.md","1","1"
"datenpunkt","Mehrow_Pilot_House__009__Baukosten","datenpunkt/Mehrow_Pilot_House__009__Baukosten","Mehrow_Pilot_House__009__Baukosten","clean_phase20","_database/datenpunkt/Mehrow_Pilot_House__009__Baukosten/index.md","1","1"
"datenpunkt","Mehrow_Pilot_House__010__Vergleichswert_Baukosten","datenpunkt/Mehrow_Pilot_House__010__Vergleichswert_Baukosten","Mehrow_Pilot_House__010__Vergleichswert_Baukosten","clean_phase20","_database/datenpunkt/Mehrow_Pilot_House__010__Vergleichswert_Baukosten/index.md","1","1"
"datenpunkt","Mehrow_Pilot_House__011__Kostenwirkung_PRECS","datenpunkt/Mehrow_Pilot_House__011__Kostenwirkung_PRECS","Mehrow_Pilot_House__011__Kostenwirkung_PRECS","clean_phase20","_database/datenpunkt/Mehrow_Pilot_House__011__Kostenwirkung_PRECS/index.md","1","1"
"datenpunkt","Melkinlaituri_Primary_School_Daycare_Centre_Helsinki__001__wiederverwendete_Hohlk_rperdecken","datenpunkt/Melkinlaituri_Primary_School_Daycare_Centre_Helsinki__001__wiederverwendete_Hohlk_rperdecken","Melkinlaituri_Primary_School_Daycare_Centre_Helsinki__001__wiederverwendete_Hohlk_rperdecken","clean_phase20","_database/datenpunkt/Melkinlaituri_Primary_School_Daycare_Centre_Helsinki__001__wiederverwendete_Hohlk_rperdecken/index.md","1","1"
"datenpunkt","Melkinlaituri_Primary_School_Daycare_Centre_Helsinki__002__wiederverwendete_Fl_che","datenpunkt/Melkinlaituri_Primary_School_Daycare_Centre_Helsinki__002__wiederverwendete_Fl_che","Melkinlaituri_Primary_School_Daycare_Centre_Helsinki__002__wiederverwendete_Fl_che","clean_phase20","_database/datenpunkt/Melkinlaituri_Primary_School_Daycare_Centre_Helsinki__002__wiederverwendete_Fl_che/index.md","1","1"
"datenpunkt","Melkinlaituri_Primary_School_Daycare_Centre_Helsinki__003__wiederverwendete_Fl_che_alternative_Quelle","datenpunkt/Melkinlaituri_Primary_School_Daycare_Centre_Helsinki__003__wiederverwendete_Fl_che_alternative_Quelle","Melkinlaituri_Primary_School_Daycare_Centre_Helsinki__003__wiederverwendete_Fl_che_alternative_Quelle","clean_phase20","_database/datenpunkt/Melkinlaituri_Primary_School_Daycare_Centre_Helsinki__003__wiederverwendete_Fl_che_alternative_Quelle/index.md","1","1"
"datenpunkt","Melkinlaituri_Primary_School_Daycare_Centre_Helsinki__004__Donor_Baujahr","datenpunkt/Melkinlaituri_Primary_School_Daycare_Centre_Helsinki__004__Donor_Baujahr","Melkinlaituri_Primary_School_Daycare_Centre_Helsinki__004__Donor_Baujahr","clean_phase20","_database/datenpunkt/Melkinlaituri_Primary_School_Daycare_Centre_Helsinki__004__Donor_Baujahr/index.md","1","1"
"datenpunkt","Melkinlaituri_Primary_School_Daycare_Centre_Helsinki__005__Refurbishment","datenpunkt/Melkinlaituri_Primary_School_Daycare_Centre_Helsinki__005__Refurbishment","Melkinlaituri_Primary_School_Daycare_Centre_Helsinki__005__Refurbishment","clean_phase20","_database/datenpunkt/Melkinlaituri_Primary_School_Daycare_Centre_Helsinki__005__Refurbishment/index.md","1","1"
"datenpunkt","Melkinlaituri_Primary_School_Daycare_Centre_Helsinki__006__Einbau","datenpunkt/Melkinlaituri_Primary_School_Daycare_Centre_Helsinki__006__Einbau","Melkinlaituri_Primary_School_Daycare_Centre_Helsinki__006__Einbau","clean_phase20","_database/datenpunkt/Melkinlaituri_Primary_School_Daycare_Centre_Helsinki__006__Einbau/index.md","1","1"
"datenpunkt","Melkinlaituri_Primary_School_Daycare_Centre_Helsinki__007__Fertigstellung_Schulr_ume","datenpunkt/Melkinlaituri_Primary_School_Daycare_Centre_Helsinki__007__Fertigstellung_Schulr_ume","Melkinlaituri_Primary_School_Daycare_Centre_Helsinki__007__Fertigstellung_Schulr_ume","clean_phase20","_database/datenpunkt/Melkinlaituri_Primary_School_Daycare_Centre_Helsinki__007__Fertigstellung_Schulr_ume/index.md","1","1"
"datenpunkt","Montessori_Maassluis__001__Entwurf","datenpunkt/Montessori_Maassluis__001__Entwurf","Montessori_Maassluis__001__Entwurf","clean_phase20","_database/datenpunkt/Montessori_Maassluis__001__Entwurf/index.md","1","1"
"datenpunkt","Montessori_Maassluis__002__Bauvertrag_unterzeichnet","datenpunkt/Montessori_Maassluis__002__Bauvertrag_unterzeichnet","Montessori_Maassluis__002__Bauvertrag_unterzeichnet","clean_phase20","_database/datenpunkt/Montessori_Maassluis__002__Bauvertrag_unterzeichnet/index.md","1","1"
"datenpunkt","Montessori_Maassluis__003__geplante_Fertigstellung","datenpunkt/Montessori_Maassluis__003__geplante_Fertigstellung","Montessori_Maassluis__003__geplante_Fertigstellung","clean_phase20","_database/datenpunkt/Montessori_Maassluis__003__geplante_Fertigstellung/index.md","1","1"
"datenpunkt","Montessori_Maassluis__004__geplante_Nutzung","datenpunkt/Montessori_Maassluis__004__geplante_Nutzung","Montessori_Maassluis__004__geplante_Nutzung","clean_phase20","_database/datenpunkt/Montessori_Maassluis__004__geplante_Nutzung/index.md","1","1"
"datenpunkt","Montessori_Maassluis__005__Fl_che_laut_News","datenpunkt/Montessori_Maassluis__005__Fl_che_laut_News","Montessori_Maassluis__005__Fl_che_laut_News","clean_phase20","_database/datenpunkt/Montessori_Maassluis__005__Fl_che_laut_News/index.md","1","1"
"datenpunkt","Montessori_Maassluis__006__Fl_che_laut_Projektseite","datenpunkt/Montessori_Maassluis__006__Fl_che_laut_Projektseite","Montessori_Maassluis__006__Fl_che_laut_Projektseite","clean_phase20","_database/datenpunkt/Montessori_Maassluis__006__Fl_che_laut_Projektseite/index.md","1","1"
"datenpunkt","Montessori_Maassluis__007__Unterrichtsgruppen","datenpunkt/Montessori_Maassluis__007__Unterrichtsgruppen","Montessori_Maassluis__007__Unterrichtsgruppen","clean_phase20","_database/datenpunkt/Montessori_Maassluis__007__Unterrichtsgruppen/index.md","1","1"
"datenpunkt","Montessori_Maassluis__008__geplante_Lebensdauer","datenpunkt/Montessori_Maassluis__008__geplante_Lebensdauer","Montessori_Maassluis__008__geplante_Lebensdauer","clean_phase20","_database/datenpunkt/Montessori_Maassluis__008__geplante_Lebensdauer/index.md","1","1"
"datenpunkt","Multi_Brussels_Reuse_in_MULTI__001__Fl_che","datenpunkt/Multi_Brussels_Reuse_in_MULTI__001__Fl_che","Multi_Brussels_Reuse_in_MULTI__001__Fl_che","clean_phase20","_database/datenpunkt/Multi_Brussels_Reuse_in_MULTI__001__Fl_che/index.md","1","1"
"datenpunkt","Multi_Brussels_Reuse_in_MULTI__002__Fl_che","datenpunkt/Multi_Brussels_Reuse_in_MULTI__002__Fl_che","Multi_Brussels_Reuse_in_MULTI__002__Fl_che","clean_phase20","_database/datenpunkt/Multi_Brussels_Reuse_in_MULTI__002__Fl_che/index.md","1","1"
"datenpunkt","Multi_Brussels_Reuse_in_MULTI__003__Fl_che","datenpunkt/Multi_Brussels_Reuse_in_MULTI__003__Fl_che","Multi_Brussels_Reuse_in_MULTI__003__Fl_che","clean_phase20","_database/datenpunkt/Multi_Brussels_Reuse_in_MULTI__003__Fl_che/index.md","1","1"
"datenpunkt","Multi_Brussels_Reuse_in_MULTI__004__vorhandener_Beton_erhalten","datenpunkt/Multi_Brussels_Reuse_in_MULTI__004__vorhandener_Beton_erhalten","Multi_Brussels_Reuse_in_MULTI__004__vorhandener_Beton_erhalten","clean_phase20","_database/datenpunkt/Multi_Brussels_Reuse_in_MULTI__004__vorhandener_Beton_erhalten/index.md","1","1"
"datenpunkt","Multi_Brussels_Reuse_in_MULTI__005__Abfall_vermieden_durch_Betonerhalt","datenpunkt/Multi_Brussels_Reuse_in_MULTI__005__Abfall_vermieden_durch_Betonerhalt","Multi_Brussels_Reuse_in_MULTI__005__Abfall_vermieden_durch_Betonerhalt","clean_phase20","_database/datenpunkt/Multi_Brussels_Reuse_in_MULTI__005__Abfall_vermieden_durch_Betonerhalt/index.md","1","1"
"datenpunkt","Multi_Brussels_Reuse_in_MULTI__006__Embodied_Carbon_durch_Betonerhalt","datenpunkt/Multi_Brussels_Reuse_in_MULTI__006__Embodied_Carbon_durch_Betonerhalt","Multi_Brussels_Reuse_in_MULTI__006__Embodied_Carbon_durch_Betonerhalt","clean_phase20","_database/datenpunkt/Multi_Brussels_Reuse_in_MULTI__006__Embodied_Carbon_durch_Betonerhalt/index.md","1","1"
"datenpunkt","Multi_Brussels_Reuse_in_MULTI__007__Blaustein_demontiert","datenpunkt/Multi_Brussels_Reuse_in_MULTI__007__Blaustein_demontiert","Multi_Brussels_Reuse_in_MULTI__007__Blaustein_demontiert","clean_phase20","_database/datenpunkt/Multi_Brussels_Reuse_in_MULTI__007__Blaustein_demontiert/index.md","1","1"
"datenpunkt","Multi_Brussels_Reuse_in_MULTI__008__Blausteinbl_cke","datenpunkt/Multi_Brussels_Reuse_in_MULTI__008__Blausteinbl_cke","Multi_Brussels_Reuse_in_MULTI__008__Blausteinbl_cke","clean_phase20","_database/datenpunkt/Multi_Brussels_Reuse_in_MULTI__008__Blausteinbl_cke/index.md","1","1"
"datenpunkt","Multi_Brussels_Reuse_in_MULTI__009__Aluminiumprofile","datenpunkt/Multi_Brussels_Reuse_in_MULTI__009__Aluminiumprofile","Multi_Brussels_Reuse_in_MULTI__009__Aluminiumprofile","clean_phase20","_database/datenpunkt/Multi_Brussels_Reuse_in_MULTI__009__Aluminiumprofile/index.md","1","1"
"datenpunkt","Multi_Brussels_Reuse_in_MULTI__010__Granitfliesen_Terrasse","datenpunkt/Multi_Brussels_Reuse_in_MULTI__010__Granitfliesen_Terrasse","Multi_Brussels_Reuse_in_MULTI__010__Granitfliesen_Terrasse","clean_phase20","_database/datenpunkt/Multi_Brussels_Reuse_in_MULTI__010__Granitfliesen_Terrasse/index.md","1","1"
"datenpunkt","Multi_Brussels_Reuse_in_MULTI__011__externer_Reuse_Urban_Mining_Anteil","datenpunkt/Multi_Brussels_Reuse_in_MULTI__011__externer_Reuse_Urban_Mining_Anteil","Multi_Brussels_Reuse_in_MULTI__011__externer_Reuse_Urban_Mining_Anteil","clean_phase20","_database/datenpunkt/Multi_Brussels_Reuse_in_MULTI__011__externer_Reuse_Urban_Mining_Anteil/index.md","1","1"
"datenpunkt","Musee_de_Folklore_Mouscron__001__wiederverwendete_Ziegel","datenpunkt/Musee_de_Folklore_Mouscron__001__wiederverwendete_Ziegel","Musee_de_Folklore_Mouscron__001__wiederverwendete_Ziegel","clean_phase20","_database/datenpunkt/Musee_de_Folklore_Mouscron__001__wiederverwendete_Ziegel/index.md","1","1"
"datenpunkt","Musee_de_Folklore_Mouscron__002__wiederverwendete_Ziegel_alternative_Angabe","datenpunkt/Musee_de_Folklore_Mouscron__002__wiederverwendete_Ziegel_alternative_Angabe","Musee_de_Folklore_Mouscron__002__wiederverwendete_Ziegel_alternative_Angabe","clean_phase20","_database/datenpunkt/Musee_de_Folklore_Mouscron__002__wiederverwendete_Ziegel_alternative_Angabe/index.md","1","1"
"datenpunkt","Musee_de_Folklore_Mouscron__003__wiederverwendetes_Ziegelvolumen","datenpunkt/Musee_de_Folklore_Mouscron__003__wiederverwendetes_Ziegelvolumen","Musee_de_Folklore_Mouscron__003__wiederverwendetes_Ziegelvolumen","clean_phase20","_database/datenpunkt/Musee_de_Folklore_Mouscron__003__wiederverwendetes_Ziegelvolumen/index.md","1","1"
"datenpunkt","Musee_de_Folklore_Mouscron__004__Herkunftsquellen","datenpunkt/Musee_de_Folklore_Mouscron__004__Herkunftsquellen","Musee_de_Folklore_Mouscron__004__Herkunftsquellen","clean_phase20","_database/datenpunkt/Musee_de_Folklore_Mouscron__004__Herkunftsquellen/index.md","1","1"
"datenpunkt","Musee_de_Folklore_Mouscron__005__Reuse_Ziegelanteil","datenpunkt/Musee_de_Folklore_Mouscron__005__Reuse_Ziegelanteil","Musee_de_Folklore_Mouscron__005__Reuse_Ziegelanteil","clean_phase20","_database/datenpunkt/Musee_de_Folklore_Mouscron__005__Reuse_Ziegelanteil/index.md","1","1"
"datenpunkt","Musee_de_Folklore_Mouscron__006__Extension","datenpunkt/Musee_de_Folklore_Mouscron__006__Extension","Musee_de_Folklore_Mouscron__006__Extension","clean_phase20","_database/datenpunkt/Musee_de_Folklore_Mouscron__006__Extension/index.md","1","1"
"datenpunkt","Musee_de_Folklore_Mouscron__007__Renovation","datenpunkt/Musee_de_Folklore_Mouscron__007__Renovation","Musee_de_Folklore_Mouscron__007__Renovation","clean_phase20","_database/datenpunkt/Musee_de_Folklore_Mouscron__007__Renovation/index.md","1","1"
"datenpunkt","Musee_de_Folklore_Mouscron__008__Park","datenpunkt/Musee_de_Folklore_Mouscron__008__Park","Musee_de_Folklore_Mouscron__008__Park","clean_phase20","_database/datenpunkt/Musee_de_Folklore_Mouscron__008__Park/index.md","1","1"
"datenpunkt","Musee_de_Folklore_Mouscron__009__Gesamtfl_che_alternative_Quelle","datenpunkt/Musee_de_Folklore_Mouscron__009__Gesamtfl_che_alternative_Quelle","Musee_de_Folklore_Mouscron__009__Gesamtfl_che_alternative_Quelle","clean_phase20","_database/datenpunkt/Musee_de_Folklore_Mouscron__009__Gesamtfl_che_alternative_Quelle/index.md","1","1"
"datenpunkt","Musee_de_Folklore_Mouscron__010__Architektur_Budget","datenpunkt/Musee_de_Folklore_Mouscron__010__Architektur_Budget","Musee_de_Folklore_Mouscron__010__Architektur_Budget","clean_phase20","_database/datenpunkt/Musee_de_Folklore_Mouscron__010__Architektur_Budget/index.md","1","1"
"datenpunkt","Musee_de_Folklore_Mouscron__011__Kunstintervention_Budget","datenpunkt/Musee_de_Folklore_Mouscron__011__Kunstintervention_Budget","Musee_de_Folklore_Mouscron__011__Kunstintervention_Budget","clean_phase20","_database/datenpunkt/Musee_de_Folklore_Mouscron__011__Kunstintervention_Budget/index.md","1","1"
"datenpunkt","Peoples_Pavilion_Eindhoven__001__Fl_che","datenpunkt/Peoples_Pavilion_Eindhoven__001__Fl_che","Peoples_Pavilion_Eindhoven__001__Fl_che","clean_phase20","_database/datenpunkt/Peoples_Pavilion_Eindhoven__001__Fl_che/index.md","1","1"
"datenpunkt","Peoples_Pavilion_Eindhoven__002__Standzeit","datenpunkt/Peoples_Pavilion_Eindhoven__002__Standzeit","Peoples_Pavilion_Eindhoven__002__Standzeit","clean_phase20","_database/datenpunkt/Peoples_Pavilion_Eindhoven__002__Standzeit/index.md","1","1"
"datenpunkt","Peoples_Pavilion_Eindhoven__003__borrowed_materials","datenpunkt/Peoples_Pavilion_Eindhoven__003__borrowed_materials","Peoples_Pavilion_Eindhoven__003__borrowed_materials","clean_phase20","_database/datenpunkt/Peoples_Pavilion_Eindhoven__003__borrowed_materials/index.md","1","1"
"datenpunkt","Peoples_Pavilion_Eindhoven__004__Kunststoffschindeln","datenpunkt/Peoples_Pavilion_Eindhoven__004__Kunststoffschindeln","Peoples_Pavilion_Eindhoven__004__Kunststoffschindeln","clean_phase20","_database/datenpunkt/Peoples_Pavilion_Eindhoven__004__Kunststoffschindeln/index.md","1","1"
"datenpunkt","Plattenpalast_Berlin__001__wiederverwendete_Betonplatten","datenpunkt/Plattenpalast_Berlin__001__wiederverwendete_Betonplatten","Plattenpalast_Berlin__001__wiederverwendete_Betonplatten","clean_phase20","_database/datenpunkt/Plattenpalast_Berlin__001__wiederverwendete_Betonplatten/index.md","1","1"
"datenpunkt","Plattenpalast_Berlin__002__Fl_che","datenpunkt/Plattenpalast_Berlin__002__Fl_che","Plattenpalast_Berlin__002__Fl_che","clean_phase20","_database/datenpunkt/Plattenpalast_Berlin__002__Fl_che/index.md","1","1"
"datenpunkt","Plattenpalast_Berlin__003__Einzelgewicht_Betonplatte","datenpunkt/Plattenpalast_Berlin__003__Einzelgewicht_Betonplatte","Plattenpalast_Berlin__003__Einzelgewicht_Betonplatte","clean_phase20","_database/datenpunkt/Plattenpalast_Berlin__003__Einzelgewicht_Betonplatte/index.md","1","1"
"datenpunkt","Plattenpalast_Berlin__004__Montagezeit_Plattenaufbau","datenpunkt/Plattenpalast_Berlin__004__Montagezeit_Plattenaufbau","Plattenpalast_Berlin__004__Montagezeit_Plattenaufbau","clean_phase20","_database/datenpunkt/Plattenpalast_Berlin__004__Montagezeit_Plattenaufbau/index.md","1","1"
"datenpunkt","Plattenpalast_Berlin__005__wiederverwendete_Fensterrahmen","datenpunkt/Plattenpalast_Berlin__005__wiederverwendete_Fensterrahmen","Plattenpalast_Berlin__005__wiederverwendete_Fensterrahmen","clean_phase20","_database/datenpunkt/Plattenpalast_Berlin__005__wiederverwendete_Fensterrahmen/index.md","1","1"
"datenpunkt","Plattenvereinigung_Berlin__001__Bauteilherk_nfte","datenpunkt/Plattenvereinigung_Berlin__001__Bauteilherk_nfte","Plattenvereinigung_Berlin__001__Bauteilherk_nfte","clean_phase20","_database/datenpunkt/Plattenvereinigung_Berlin__001__Bauteilherk_nfte/index.md","1","1"
"datenpunkt","Plattenvereinigung_Berlin__002__Entwicklung_in_Peter_Behrens_Halle","datenpunkt/Plattenvereinigung_Berlin__002__Entwicklung_in_Peter_Behrens_Halle","Plattenvereinigung_Berlin__002__Entwicklung_in_Peter_Behrens_Halle","clean_phase20","_database/datenpunkt/Plattenvereinigung_Berlin__002__Entwicklung_in_Peter_Behrens_Halle/index.md","1","1"
"datenpunkt","Plattenvereinigung_Berlin__003__Umsetzung_Tempelhofer_Feld","datenpunkt/Plattenvereinigung_Berlin__003__Umsetzung_Tempelhofer_Feld","Plattenvereinigung_Berlin__003__Umsetzung_Tempelhofer_Feld","clean_phase20","_database/datenpunkt/Plattenvereinigung_Berlin__003__Umsetzung_Tempelhofer_Feld/index.md","1","1"
"datenpunkt","PLP_London_HQ_Circular_Studio_Fitout__001__Fl_che","datenpunkt/PLP_London_HQ_Circular_Studio_Fitout__001__Fl_che","PLP_London_HQ_Circular_Studio_Fitout__001__Fl_che","clean_phase20","_database/datenpunkt/PLP_London_HQ_Circular_Studio_Fitout__001__Fl_che/index.md","1","1"
"datenpunkt","PLP_London_HQ_Circular_Studio_Fitout__002__Reused_donated_materials","datenpunkt/PLP_London_HQ_Circular_Studio_Fitout__002__Reused_donated_materials","PLP_London_HQ_Circular_Studio_Fitout__002__Reused_donated_materials","clean_phase20","_database/datenpunkt/PLP_London_HQ_Circular_Studio_Fitout__002__Reused_donated_materials/index.md","1","1"
"datenpunkt","PLP_London_HQ_Circular_Studio_Fitout__003__Recycled_materials","datenpunkt/PLP_London_HQ_Circular_Studio_Fitout__003__Recycled_materials","PLP_London_HQ_Circular_Studio_Fitout__003__Recycled_materials","clean_phase20","_database/datenpunkt/PLP_London_HQ_Circular_Studio_Fitout__003__Recycled_materials/index.md","1","1"
"datenpunkt","PLP_London_HQ_Circular_Studio_Fitout__004__Embodied_carbon_reduction","datenpunkt/PLP_London_HQ_Circular_Studio_Fitout__004__Embodied_carbon_reduction","PLP_London_HQ_Circular_Studio_Fitout__004__Embodied_carbon_reduction","clean_phase20","_database/datenpunkt/PLP_London_HQ_Circular_Studio_Fitout__004__Embodied_carbon_reduction/index.md","1","1"
"datenpunkt","PLP_London_HQ_Circular_Studio_Fitout__005__CO_diverted_from_landfill","datenpunkt/PLP_London_HQ_Circular_Studio_Fitout__005__CO_diverted_from_landfill","PLP_London_HQ_Circular_Studio_Fitout__005__CO_diverted_from_landfill","clean_phase20","_database/datenpunkt/PLP_London_HQ_Circular_Studio_Fitout__005__CO_diverted_from_landfill/index.md","1","1"
"datenpunkt","PLP_London_HQ_Circular_Studio_Fitout__006__Kosten","datenpunkt/PLP_London_HQ_Circular_Studio_Fitout__006__Kosten","PLP_London_HQ_Circular_Studio_Fitout__006__Kosten","clean_phase20","_database/datenpunkt/PLP_London_HQ_Circular_Studio_Fitout__006__Kosten/index.md","1","1"
"datenpunkt","PLP_London_HQ_Circular_Studio_Fitout__007__Kostenreduktion","datenpunkt/PLP_London_HQ_Circular_Studio_Fitout__007__Kostenreduktion","PLP_London_HQ_Circular_Studio_Fitout__007__Kostenreduktion","clean_phase20","_database/datenpunkt/PLP_London_HQ_Circular_Studio_Fitout__007__Kostenreduktion/index.md","1","1"
"datenpunkt","ReCrete_footbridge_reused_concrete_blocks__001__Anzahl_Betonbl_cke","datenpunkt/ReCrete_footbridge_reused_concrete_blocks__001__Anzahl_Betonbl_cke","ReCrete_footbridge_reused_concrete_blocks__001__Anzahl_Betonbl_cke","clean_phase20","_database/datenpunkt/ReCrete_footbridge_reused_concrete_blocks__001__Anzahl_Betonbl_cke/index.md","1","1"
"datenpunkt","ReCrete_footbridge_reused_concrete_blocks__002__Spannweite","datenpunkt/ReCrete_footbridge_reused_concrete_blocks__002__Spannweite","ReCrete_footbridge_reused_concrete_blocks__002__Spannweite","clean_phase20","_database/datenpunkt/ReCrete_footbridge_reused_concrete_blocks__002__Spannweite/index.md","1","1"
"datenpunkt","ReCrete_footbridge_reused_concrete_blocks__003__Stich_rise","datenpunkt/ReCrete_footbridge_reused_concrete_blocks__003__Stich_rise","ReCrete_footbridge_reused_concrete_blocks__003__Stich_rise","clean_phase20","_database/datenpunkt/ReCrete_footbridge_reused_concrete_blocks__003__Stich_rise/index.md","1","1"
"datenpunkt","ReCrete_footbridge_reused_concrete_blocks__004__Breite","datenpunkt/ReCrete_footbridge_reused_concrete_blocks__004__Breite","ReCrete_footbridge_reused_concrete_blocks__004__Breite","clean_phase20","_database/datenpunkt/ReCrete_footbridge_reused_concrete_blocks__004__Breite/index.md","1","1"
"datenpunkt","ReCrete_footbridge_reused_concrete_blocks__005__ffnungswinkel","datenpunkt/ReCrete_footbridge_reused_concrete_blocks__005__ffnungswinkel","ReCrete_footbridge_reused_concrete_blocks__005__ffnungswinkel","clean_phase20","_database/datenpunkt/ReCrete_footbridge_reused_concrete_blocks__005__ffnungswinkel/index.md","1","1"
"datenpunkt","ReCrete_footbridge_reused_concrete_blocks__006__Global_Warming_Potential_gegen_ber_Recyclingbeto","datenpunkt/ReCrete_footbridge_reused_concrete_blocks__006__Global_Warming_Potential_gegen_ber_Recyclingbeto","ReCrete_footbridge_reused_concrete_blocks__006__Global_Warming_Potential_gegen_ber_Recyclingbeto","clean_phase20","_database/datenpunkt/ReCrete_footbridge_reused_concrete_blocks__006__Global_Warming_Potential_gegen_ber_Recyclingbeto/index.md","1","1"
"datenpunkt","ReCrete_footbridge_reused_concrete_blocks__007__Global_Warming_Potential_gegen_ber_Stahl_Alterna","datenpunkt/ReCrete_footbridge_reused_concrete_blocks__007__Global_Warming_Potential_gegen_ber_Stahl_Alterna","ReCrete_footbridge_reused_concrete_blocks__007__Global_Warming_Potential_gegen_ber_Stahl_Alterna","clean_phase20","_database/datenpunkt/ReCrete_footbridge_reused_concrete_blocks__007__Global_Warming_Potential_gegen_ber_Stahl_Alterna/index.md","1","1"
"datenpunkt","ReCrete_footbridge_reused_concrete_blocks__008__Global_Warming_Potential_gegen_ber_Holz_Alternat","datenpunkt/ReCrete_footbridge_reused_concrete_blocks__008__Global_Warming_Potential_gegen_ber_Holz_Alternat","ReCrete_footbridge_reused_concrete_blocks__008__Global_Warming_Potential_gegen_ber_Holz_Alternat","clean_phase20","_database/datenpunkt/ReCrete_footbridge_reused_concrete_blocks__008__Global_Warming_Potential_gegen_ber_Holz_Alternat/index.md","1","1"
"datenpunkt","Recyclinghaus_Hannover__001__Fertigstellung_Bezug","datenpunkt/Recyclinghaus_Hannover__001__Fertigstellung_Bezug","Recyclinghaus_Hannover__001__Fertigstellung_Bezug","clean_phase20","_database/datenpunkt/Recyclinghaus_Hannover__001__Fertigstellung_Bezug/index.md","1","1"
"datenpunkt","Recyclinghaus_Hannover__002__BGF","datenpunkt/Recyclinghaus_Hannover__002__BGF","Recyclinghaus_Hannover__002__BGF","clean_phase20","_database/datenpunkt/Recyclinghaus_Hannover__002__BGF/index.md","1","1"
"datenpunkt","Recyclinghaus_Hannover__003__Wohnfl_che","datenpunkt/Recyclinghaus_Hannover__003__Wohnfl_che","Recyclinghaus_Hannover__003__Wohnfl_che","clean_phase20","_database/datenpunkt/Recyclinghaus_Hannover__003__Wohnfl_che/index.md","1","1"
"datenpunkt","Recyclinghaus_Hannover__004__Anteil_wiederverwendeter_Fassadenmaterialien","datenpunkt/Recyclinghaus_Hannover__004__Anteil_wiederverwendeter_Fassadenmaterialien","Recyclinghaus_Hannover__004__Anteil_wiederverwendeter_Fassadenmaterialien","clean_phase20","_database/datenpunkt/Recyclinghaus_Hannover__004__Anteil_wiederverwendeter_Fassadenmaterialien/index.md","1","1"
"datenpunkt","Recyclinghaus_Hannover__005__Anteil_Altmaterial_im_Recyclingbeton","datenpunkt/Recyclinghaus_Hannover__005__Anteil_Altmaterial_im_Recyclingbeton","Recyclinghaus_Hannover__005__Anteil_Altmaterial_im_Recyclingbeton","clean_phase20","_database/datenpunkt/Recyclinghaus_Hannover__005__Anteil_Altmaterial_im_Recyclingbeton/index.md","1","1"
"datenpunkt","Recyclinghaus_Hannover__006__gebundener_CO_Anteil","datenpunkt/Recyclinghaus_Hannover__006__gebundener_CO_Anteil","Recyclinghaus_Hannover__006__gebundener_CO_Anteil","clean_phase20","_database/datenpunkt/Recyclinghaus_Hannover__006__gebundener_CO_Anteil/index.md","1","1"
"datenpunkt","Recyclinghaus_Hannover__007__Anteil_Innenmaterialien_aus_recycelten_gebraucht","datenpunkt/Recyclinghaus_Hannover__007__Anteil_Innenmaterialien_aus_recycelten_gebraucht","Recyclinghaus_Hannover__007__Anteil_Innenmaterialien_aus_recycelten_gebraucht","clean_phase20","_database/datenpunkt/Recyclinghaus_Hannover__007__Anteil_Innenmaterialien_aus_recycelten_gebraucht/index.md","1","1"
"datenpunkt","Recypark_Demets_Anderlecht__001__wiederverwendete_B_gen","datenpunkt/Recypark_Demets_Anderlecht__001__wiederverwendete_B_gen","Recypark_Demets_Anderlecht__001__wiederverwendete_B_gen","clean_phase20","_database/datenpunkt/Recypark_Demets_Anderlecht__001__wiederverwendete_B_gen/index.md","1","1"
"datenpunkt","Recypark_Demets_Anderlecht__002__urspr_ngliche_Spannweite_Breite_der_B_gen","datenpunkt/Recypark_Demets_Anderlecht__002__urspr_ngliche_Spannweite_Breite_der_B_gen","Recypark_Demets_Anderlecht__002__urspr_ngliche_Spannweite_Breite_der_B_gen","clean_phase20","_database/datenpunkt/Recypark_Demets_Anderlecht__002__urspr_ngliche_Spannweite_Breite_der_B_gen/index.md","1","1"
"datenpunkt","Recypark_Demets_Anderlecht__003__built_surface","datenpunkt/Recypark_Demets_Anderlecht__003__built_surface","Recypark_Demets_Anderlecht__003__built_surface","clean_phase20","_database/datenpunkt/Recypark_Demets_Anderlecht__003__built_surface/index.md","1","1"
"datenpunkt","Recypark_Demets_Anderlecht__004__Designzeitraum","datenpunkt/Recypark_Demets_Anderlecht__004__Designzeitraum","Recypark_Demets_Anderlecht__004__Designzeitraum","clean_phase20","_database/datenpunkt/Recypark_Demets_Anderlecht__004__Designzeitraum/index.md","1","1"
"datenpunkt","Recypark_Demets_Anderlecht__005__Bauzeitraum","datenpunkt/Recypark_Demets_Anderlecht__005__Bauzeitraum","Recypark_Demets_Anderlecht__005__Bauzeitraum","clean_phase20","_database/datenpunkt/Recypark_Demets_Anderlecht__005__Bauzeitraum/index.md","1","1"
"datenpunkt","Recypark_Demets_Anderlecht__006__Fertigstellung","datenpunkt/Recypark_Demets_Anderlecht__006__Fertigstellung","Recypark_Demets_Anderlecht__006__Fertigstellung","clean_phase20","_database/datenpunkt/Recypark_Demets_Anderlecht__006__Fertigstellung/index.md","1","1"
"datenpunkt","Recypark_Demets_Anderlecht__007__Kosten_Gesamt","datenpunkt/Recypark_Demets_Anderlecht__007__Kosten_Gesamt","Recypark_Demets_Anderlecht__007__Kosten_Gesamt","clean_phase20","_database/datenpunkt/Recypark_Demets_Anderlecht__007__Kosten_Gesamt/index.md","1","1"
"datenpunkt","Recypark_Demets_Anderlecht__008__Kosten_Hallenteil","datenpunkt/Recypark_Demets_Anderlecht__008__Kosten_Hallenteil","Recypark_Demets_Anderlecht__008__Kosten_Hallenteil","clean_phase20","_database/datenpunkt/Recypark_Demets_Anderlecht__008__Kosten_Hallenteil/index.md","1","1"
"datenpunkt","Recypark_Demets_Anderlecht__013__Lebensdauer","datenpunkt/Recypark_Demets_Anderlecht__013__Lebensdauer","Recypark_Demets_Anderlecht__013__Lebensdauer","clean_phase20","_database/datenpunkt/Recypark_Demets_Anderlecht__013__Lebensdauer/index.md","1","1"
"datenpunkt","Resilience_La_Ferme_des_Possibles_Stains__001__Fl_che","datenpunkt/Resilience_La_Ferme_des_Possibles_Stains__001__Fl_che","Resilience_La_Ferme_des_Possibles_Stains__001__Fl_che","clean_phase20","_database/datenpunkt/Resilience_La_Ferme_des_Possibles_Stains__001__Fl_che/index.md","1","1"
"datenpunkt","Resilience_La_Ferme_des_Possibles_Stains__002__Baukosten","datenpunkt/Resilience_La_Ferme_des_Possibles_Stains__002__Baukosten","Resilience_La_Ferme_des_Possibles_Stains__002__Baukosten","clean_phase20","_database/datenpunkt/Resilience_La_Ferme_des_Possibles_Stains__002__Baukosten/index.md","1","1"
"datenpunkt","Resilience_La_Ferme_des_Possibles_Stains__003__Baukosten_alternative","datenpunkt/Resilience_La_Ferme_des_Possibles_Stains__003__Baukosten_alternative","Resilience_La_Ferme_des_Possibles_Stains__003__Baukosten_alternative","clean_phase20","_database/datenpunkt/Resilience_La_Ferme_des_Possibles_Stains__003__Baukosten_alternative/index.md","1","1"
"datenpunkt","Resilience_La_Ferme_des_Possibles_Stains__004__Kosten_m","datenpunkt/Resilience_La_Ferme_des_Possibles_Stains__004__Kosten_m","Resilience_La_Ferme_des_Possibles_Stains__004__Kosten_m","clean_phase20","_database/datenpunkt/Resilience_La_Ferme_des_Possibles_Stains__004__Kosten_m/index.md","1","1"
"datenpunkt","Resilience_La_Ferme_des_Possibles_Stains__005__Prim_renergie","datenpunkt/Resilience_La_Ferme_des_Possibles_Stains__005__Prim_renergie","Resilience_La_Ferme_des_Possibles_Stains__005__Prim_renergie","clean_phase20","_database/datenpunkt/Resilience_La_Ferme_des_Possibles_Stains__005__Prim_renergie/index.md","1","1"
"datenpunkt","Resilience_La_Ferme_des_Possibles_Stains__006__Geb_udemasse_ohne_Fundamente_und_Bodenplatte","datenpunkt/Resilience_La_Ferme_des_Possibles_Stains__006__Geb_udemasse_ohne_Fundamente_und_Bodenplatte","Resilience_La_Ferme_des_Possibles_Stains__006__Geb_udemasse_ohne_Fundamente_und_Bodenplatte","clean_phase20","_database/datenpunkt/Resilience_La_Ferme_des_Possibles_Stains__006__Geb_udemasse_ohne_Fundamente_und_Bodenplatte/index.md","1","1"
"datenpunkt","Resilience_La_Ferme_des_Possibles_Stains__007__Masse_Reuse_Material","datenpunkt/Resilience_La_Ferme_des_Possibles_Stains__007__Masse_Reuse_Material","Resilience_La_Ferme_des_Possibles_Stains__007__Masse_Reuse_Material","clean_phase20","_database/datenpunkt/Resilience_La_Ferme_des_Possibles_Stains__007__Masse_Reuse_Material/index.md","1","1"
"datenpunkt","Resilience_La_Ferme_des_Possibles_Stains__008__Reuse_Anteil","datenpunkt/Resilience_La_Ferme_des_Possibles_Stains__008__Reuse_Anteil","Resilience_La_Ferme_des_Possibles_Stains__008__Reuse_Anteil","clean_phase20","_database/datenpunkt/Resilience_La_Ferme_des_Possibles_Stains__008__Reuse_Anteil/index.md","1","1"
"datenpunkt","Resilience_La_Ferme_des_Possibles_Stains__009__einfache_Holzfenster_reused","datenpunkt/Resilience_La_Ferme_des_Possibles_Stains__009__einfache_Holzfenster_reused","Resilience_La_Ferme_des_Possibles_Stains__009__einfache_Holzfenster_reused","clean_phase20","_database/datenpunkt/Resilience_La_Ferme_des_Possibles_Stains__009__einfache_Holzfenster_reused/index.md","1","1"
"datenpunkt","Resilience_La_Ferme_des_Possibles_Stains__010__doppelte_Holzfenster_reused","datenpunkt/Resilience_La_Ferme_des_Possibles_Stains__010__doppelte_Holzfenster_reused","Resilience_La_Ferme_des_Possibles_Stains__010__doppelte_Holzfenster_reused","clean_phase20","_database/datenpunkt/Resilience_La_Ferme_des_Possibles_Stains__010__doppelte_Holzfenster_reused/index.md","1","1"
"datenpunkt","Resilience_La_Ferme_des_Possibles_Stains__011__mobile_Trennwand","datenpunkt/Resilience_La_Ferme_des_Possibles_Stains__011__mobile_Trennwand","Resilience_La_Ferme_des_Possibles_Stains__011__mobile_Trennwand","clean_phase20","_database/datenpunkt/Resilience_La_Ferme_des_Possibles_Stains__011__mobile_Trennwand/index.md","1","1"
"datenpunkt","Resilience_La_Ferme_des_Possibles_Stains__012__Glast_ren","datenpunkt/Resilience_La_Ferme_des_Possibles_Stains__012__Glast_ren","Resilience_La_Ferme_des_Possibles_Stains__012__Glast_ren","clean_phase20","_database/datenpunkt/Resilience_La_Ferme_des_Possibles_Stains__012__Glast_ren/index.md","1","1"
"datenpunkt","Resilience_La_Ferme_des_Possibles_Stains__013__Radiatoren","datenpunkt/Resilience_La_Ferme_des_Possibles_Stains__013__Radiatoren","Resilience_La_Ferme_des_Possibles_Stains__013__Radiatoren","clean_phase20","_database/datenpunkt/Resilience_La_Ferme_des_Possibles_Stains__013__Radiatoren/index.md","1","1"
"datenpunkt","Resilience_La_Ferme_des_Possibles_Stains__014__Sanit_r","datenpunkt/Resilience_La_Ferme_des_Possibles_Stains__014__Sanit_r","Resilience_La_Ferme_des_Possibles_Stains__014__Sanit_r","clean_phase20","_database/datenpunkt/Resilience_La_Ferme_des_Possibles_Stains__014__Sanit_r/index.md","1","1"
"datenpunkt","Resilience_La_Ferme_des_Possibles_Stains__015__Leuchten","datenpunkt/Resilience_La_Ferme_des_Possibles_Stains__015__Leuchten","Resilience_La_Ferme_des_Possibles_Stains__015__Leuchten","clean_phase20","_database/datenpunkt/Resilience_La_Ferme_des_Possibles_Stains__015__Leuchten/index.md","1","1"
"datenpunkt","Resilience_La_Ferme_des_Possibles_Stains__016__BTC","datenpunkt/Resilience_La_Ferme_des_Possibles_Stains__016__BTC","Resilience_La_Ferme_des_Possibles_Stains__016__BTC","clean_phase20","_database/datenpunkt/Resilience_La_Ferme_des_Possibles_Stains__016__BTC/index.md","1","1"
"datenpunkt","Resilience_La_Ferme_des_Possibles_Stains__017__Solivage_Reste","datenpunkt/Resilience_La_Ferme_des_Possibles_Stains__017__Solivage_Reste","Resilience_La_Ferme_des_Possibles_Stains__017__Solivage_Reste","clean_phase20","_database/datenpunkt/Resilience_La_Ferme_des_Possibles_Stains__017__Solivage_Reste/index.md","1","1"
"datenpunkt","Resilience_La_Ferme_des_Possibles_Stains__018__Granitpflaster","datenpunkt/Resilience_La_Ferme_des_Possibles_Stains__018__Granitpflaster","Resilience_La_Ferme_des_Possibles_Stains__018__Granitpflaster","clean_phase20","_database/datenpunkt/Resilience_La_Ferme_des_Possibles_Stains__018__Granitpflaster/index.md","1","1"
"datenpunkt","Resilience_La_Ferme_des_Possibles_Stains__019__CO_e_vermieden","datenpunkt/Resilience_La_Ferme_des_Possibles_Stains__019__CO_e_vermieden","Resilience_La_Ferme_des_Possibles_Stains__019__CO_e_vermieden","clean_phase20","_database/datenpunkt/Resilience_La_Ferme_des_Possibles_Stains__019__CO_e_vermieden/index.md","1","1"
"datenpunkt","Resilience_La_Ferme_des_Possibles_Stains__020__Wasser_vermieden","datenpunkt/Resilience_La_Ferme_des_Possibles_Stains__020__Wasser_vermieden","Resilience_La_Ferme_des_Possibles_Stains__020__Wasser_vermieden","clean_phase20","_database/datenpunkt/Resilience_La_Ferme_des_Possibles_Stains__020__Wasser_vermieden/index.md","1","1"
"datenpunkt","Resilience_La_Ferme_des_Possibles_Stains__021__Abfall_vermieden","datenpunkt/Resilience_La_Ferme_des_Possibles_Stains__021__Abfall_vermieden","Resilience_La_Ferme_des_Possibles_Stains__021__Abfall_vermieden","clean_phase20","_database/datenpunkt/Resilience_La_Ferme_des_Possibles_Stains__021__Abfall_vermieden/index.md","1","1"
"datenpunkt","Resilience_La_Ferme_des_Possibles_Stains__023__Einsparung_vs_neu","datenpunkt/Resilience_La_Ferme_des_Possibles_Stains__023__Einsparung_vs_neu","Resilience_La_Ferme_des_Possibles_Stains__023__Einsparung_vs_neu","clean_phase20","_database/datenpunkt/Resilience_La_Ferme_des_Possibles_Stains__023__Einsparung_vs_neu/index.md","1","1"
"datenpunkt","Roots_in_the_Sky_Blackfriars_Crown_Court__001__wiederverwendete_Stahlmenge","datenpunkt/Roots_in_the_Sky_Blackfriars_Crown_Court__001__wiederverwendete_Stahlmenge","Roots_in_the_Sky_Blackfriars_Crown_Court__001__wiederverwendete_Stahlmenge","clean_phase20","_database/datenpunkt/Roots_in_the_Sky_Blackfriars_Crown_Court__001__wiederverwendete_Stahlmenge/index.md","1","1"
"datenpunkt","Roots_in_the_Sky_Blackfriars_Crown_Court__002__CO_e_Einsparung_durch_30_t_Stahl","datenpunkt/Roots_in_the_Sky_Blackfriars_Crown_Court__002__CO_e_Einsparung_durch_30_t_Stahl","Roots_in_the_Sky_Blackfriars_Crown_Court__002__CO_e_Einsparung_durch_30_t_Stahl","clean_phase20","_database/datenpunkt/Roots_in_the_Sky_Blackfriars_Crown_Court__002__CO_e_Einsparung_durch_30_t_Stahl/index.md","1","1"
"datenpunkt","Roots_in_the_Sky_Blackfriars_Crown_Court__003__gekaufter_salvaged_steel","datenpunkt/Roots_in_the_Sky_Blackfriars_Crown_Court__003__gekaufter_salvaged_steel","Roots_in_the_Sky_Blackfriars_Crown_Court__003__gekaufter_salvaged_steel","clean_phase20","_database/datenpunkt/Roots_in_the_Sky_Blackfriars_Crown_Court__003__gekaufter_salvaged_steel/index.md","1","1"
"datenpunkt","Roots_in_the_Sky_Blackfriars_Crown_Court__004__Upfront_carbon_Roots","datenpunkt/Roots_in_the_Sky_Blackfriars_Crown_Court__004__Upfront_carbon_Roots","Roots_in_the_Sky_Blackfriars_Crown_Court__004__Upfront_carbon_Roots","clean_phase20","_database/datenpunkt/Roots_in_the_Sky_Blackfriars_Crown_Court__004__Upfront_carbon_Roots/index.md","1","1"
"datenpunkt","Roots_in_the_Sky_Blackfriars_Crown_Court__005__Whole_life_carbon_Roots","datenpunkt/Roots_in_the_Sky_Blackfriars_Crown_Court__005__Whole_life_carbon_Roots","Roots_in_the_Sky_Blackfriars_Crown_Court__005__Whole_life_carbon_Roots","clean_phase20","_database/datenpunkt/Roots_in_the_Sky_Blackfriars_Crown_Court__005__Whole_life_carbon_Roots/index.md","1","1"
"datenpunkt","Roots_in_the_Sky_Blackfriars_Crown_Court__006__Projektfl_che_Roots","datenpunkt/Roots_in_the_Sky_Blackfriars_Crown_Court__006__Projektfl_che_Roots","Roots_in_the_Sky_Blackfriars_Crown_Court__006__Projektfl_che_Roots","clean_phase20","_database/datenpunkt/Roots_in_the_Sky_Blackfriars_Crown_Court__006__Projektfl_che_Roots/index.md","1","1"
"datenpunkt","Roots_in_the_Sky_Blackfriars_Crown_Court__007__Rooftop_Forest","datenpunkt/Roots_in_the_Sky_Blackfriars_Crown_Court__007__Rooftop_Forest","Roots_in_the_Sky_Blackfriars_Crown_Court__007__Rooftop_Forest","clean_phase20","_database/datenpunkt/Roots_in_the_Sky_Blackfriars_Crown_Court__007__Rooftop_Forest/index.md","1","1"
"datenpunkt","Roots_in_the_Sky_Blackfriars_Crown_Court__008__iQ_Nachfolgeprojekt","datenpunkt/Roots_in_the_Sky_Blackfriars_Crown_Court__008__iQ_Nachfolgeprojekt","Roots_in_the_Sky_Blackfriars_Crown_Court__008__iQ_Nachfolgeprojekt","clean_phase20","_database/datenpunkt/Roots_in_the_Sky_Blackfriars_Crown_Court__008__iQ_Nachfolgeprojekt/index.md","1","1"
"datenpunkt","Roots_in_the_Sky_Blackfriars_Crown_Court__009__Kosten_Roots","datenpunkt/Roots_in_the_Sky_Blackfriars_Crown_Court__009__Kosten_Roots","Roots_in_the_Sky_Blackfriars_Crown_Court__009__Kosten_Roots","clean_phase20","_database/datenpunkt/Roots_in_the_Sky_Blackfriars_Crown_Court__009__Kosten_Roots/index.md","1","1"
"datenpunkt","Saxum_Vineyard_Equipment_Barn_Paso_Robles__003__Fl_che","datenpunkt/Saxum_Vineyard_Equipment_Barn_Paso_Robles__003__Fl_che","Saxum_Vineyard_Equipment_Barn_Paso_Robles__003__Fl_che","clean_phase20","_database/datenpunkt/Saxum_Vineyard_Equipment_Barn_Paso_Robles__003__Fl_che/index.md","1","1"
"datenpunkt","Saxum_Vineyard_Equipment_Barn_Paso_Robles__009__Energiebedarf_Erzeugung","datenpunkt/Saxum_Vineyard_Equipment_Barn_Paso_Robles__009__Energiebedarf_Erzeugung","Saxum_Vineyard_Equipment_Barn_Paso_Robles__009__Energiebedarf_Erzeugung","clean_phase20","_database/datenpunkt/Saxum_Vineyard_Equipment_Barn_Paso_Robles__009__Energiebedarf_Erzeugung/index.md","1","1"
"datenpunkt","Superlocal_Expogebouw_Bleijerheide__001__Reuse_Anteil","datenpunkt/Superlocal_Expogebouw_Bleijerheide__001__Reuse_Anteil","Superlocal_Expogebouw_Bleijerheide__001__Reuse_Anteil","clean_phase20","_database/datenpunkt/Superlocal_Expogebouw_Bleijerheide__001__Reuse_Anteil/index.md","1","1"
"datenpunkt","Superlocal_Expogebouw_Bleijerheide__002__Reuse_Anteil_alternative_Quelle","datenpunkt/Superlocal_Expogebouw_Bleijerheide__002__Reuse_Anteil_alternative_Quelle","Superlocal_Expogebouw_Bleijerheide__002__Reuse_Anteil_alternative_Quelle","clean_phase20","_database/datenpunkt/Superlocal_Expogebouw_Bleijerheide__002__Reuse_Anteil_alternative_Quelle/index.md","1","1"
"datenpunkt","Superlocal_Expogebouw_Bleijerheide__003__Fertigstellung_Lieferung","datenpunkt/Superlocal_Expogebouw_Bleijerheide__003__Fertigstellung_Lieferung","Superlocal_Expogebouw_Bleijerheide__003__Fertigstellung_Lieferung","clean_phase20","_database/datenpunkt/Superlocal_Expogebouw_Bleijerheide__003__Fertigstellung_Lieferung/index.md","1","1"
"datenpunkt","Superlocal_Expogebouw_Bleijerheide__004__Gro_e_Betonunits","datenpunkt/Superlocal_Expogebouw_Bleijerheide__004__Gro_e_Betonunits","Superlocal_Expogebouw_Bleijerheide__004__Gro_e_Betonunits","clean_phase20","_database/datenpunkt/Superlocal_Expogebouw_Bleijerheide__004__Gro_e_Betonunits/index.md","1","1"
"datenpunkt","Superlocal_Expogebouw_Bleijerheide__005__Gewicht_Betonunits","datenpunkt/Superlocal_Expogebouw_Bleijerheide__005__Gewicht_Betonunits","Superlocal_Expogebouw_Bleijerheide__005__Gewicht_Betonunits","clean_phase20","_database/datenpunkt/Superlocal_Expogebouw_Bleijerheide__005__Gewicht_Betonunits/index.md","1","1"
"datenpunkt","Superlocal_Expogebouw_Bleijerheide__006__Kranh_he","datenpunkt/Superlocal_Expogebouw_Bleijerheide__006__Kranh_he","Superlocal_Expogebouw_Bleijerheide__006__Kranh_he","clean_phase20","_database/datenpunkt/Superlocal_Expogebouw_Bleijerheide__006__Kranh_he/index.md","1","1"
"datenpunkt","Superlocal_Expogebouw_Bleijerheide__007__Donor_Alter","datenpunkt/Superlocal_Expogebouw_Bleijerheide__007__Donor_Alter","Superlocal_Expogebouw_Bleijerheide__007__Donor_Alter","clean_phase20","_database/datenpunkt/Superlocal_Expogebouw_Bleijerheide__007__Donor_Alter/index.md","1","1"
"datenpunkt","Superlocal_Expogebouw_Bleijerheide__011__Transportdistanz","datenpunkt/Superlocal_Expogebouw_Bleijerheide__011__Transportdistanz","Superlocal_Expogebouw_Bleijerheide__011__Transportdistanz","clean_phase20","_database/datenpunkt/Superlocal_Expogebouw_Bleijerheide__011__Transportdistanz/index.md","1","1"
"datenpunkt","Superlocal_Expogebouw_Bleijerheide__012__Materialdatenmodell","datenpunkt/Superlocal_Expogebouw_Bleijerheide__012__Materialdatenmodell","Superlocal_Expogebouw_Bleijerheide__012__Materialdatenmodell","clean_phase20","_database/datenpunkt/Superlocal_Expogebouw_Bleijerheide__012__Materialdatenmodell/index.md","1","1"
"datenpunkt","Svanen_Kindergarten_Gladsaxe__001__Fl_che_Lendager","datenpunkt/Svanen_Kindergarten_Gladsaxe__001__Fl_che_Lendager","Svanen_Kindergarten_Gladsaxe__001__Fl_che_Lendager","clean_phase20","_database/datenpunkt/Svanen_Kindergarten_Gladsaxe__001__Fl_che_Lendager/index.md","1","1"
"datenpunkt","Svanen_Kindergarten_Gladsaxe__002__Fl_che_Sweco","datenpunkt/Svanen_Kindergarten_Gladsaxe__002__Fl_che_Sweco","Svanen_Kindergarten_Gladsaxe__002__Fl_che_Sweco","clean_phase20","_database/datenpunkt/Svanen_Kindergarten_Gladsaxe__002__Fl_che_Sweco/index.md","1","1"
"datenpunkt","Svanen_Kindergarten_Gladsaxe__003__Zeitraum","datenpunkt/Svanen_Kindergarten_Gladsaxe__003__Zeitraum","Svanen_Kindergarten_Gladsaxe__003__Zeitraum","clean_phase20","_database/datenpunkt/Svanen_Kindergarten_Gladsaxe__003__Zeitraum/index.md","1","1"
"datenpunkt","Svanen_Kindergarten_Gladsaxe__004__ffnung","datenpunkt/Svanen_Kindergarten_Gladsaxe__004__ffnung","Svanen_Kindergarten_Gladsaxe__004__ffnung","clean_phase20","_database/datenpunkt/Svanen_Kindergarten_Gladsaxe__004__ffnung/index.md","1","1"
"datenpunkt","Svanen_Kindergarten_Gladsaxe__005__Materialeinsparung","datenpunkt/Svanen_Kindergarten_Gladsaxe__005__Materialeinsparung","Svanen_Kindergarten_Gladsaxe__005__Materialeinsparung","clean_phase20","_database/datenpunkt/Svanen_Kindergarten_Gladsaxe__005__Materialeinsparung/index.md","1","1"
"datenpunkt","Svanen_Kindergarten_Gladsaxe__006__CO_Einsparung","datenpunkt/Svanen_Kindergarten_Gladsaxe__006__CO_Einsparung","Svanen_Kindergarten_Gladsaxe__006__CO_Einsparung","clean_phase20","_database/datenpunkt/Svanen_Kindergarten_Gladsaxe__006__CO_Einsparung/index.md","1","1"
"datenpunkt","Svanen_Kindergarten_Gladsaxe__007__zerkleinerter_Beton","datenpunkt/Svanen_Kindergarten_Gladsaxe__007__zerkleinerter_Beton","Svanen_Kindergarten_Gladsaxe__007__zerkleinerter_Beton","clean_phase20","_database/datenpunkt/Svanen_Kindergarten_Gladsaxe__007__zerkleinerter_Beton/index.md","1","1"
"datenpunkt","Svanen_Kindergarten_Gladsaxe__008__Recyclingbeton_Zuschlag","datenpunkt/Svanen_Kindergarten_Gladsaxe__008__Recyclingbeton_Zuschlag","Svanen_Kindergarten_Gladsaxe__008__Recyclingbeton_Zuschlag","clean_phase20","_database/datenpunkt/Svanen_Kindergarten_Gladsaxe__008__Recyclingbeton_Zuschlag/index.md","1","1"
"datenpunkt","Svanen_Kindergarten_Gladsaxe__011__Transportdistanz","datenpunkt/Svanen_Kindergarten_Gladsaxe__011__Transportdistanz","Svanen_Kindergarten_Gladsaxe__011__Transportdistanz","clean_phase20","_database/datenpunkt/Svanen_Kindergarten_Gladsaxe__011__Transportdistanz/index.md","1","1"
"datenpunkt","The_Green_House_Utrecht__004__Gew_chshausfl_che","datenpunkt/The_Green_House_Utrecht__004__Gew_chshausfl_che","The_Green_House_Utrecht__004__Gew_chshausfl_che","clean_phase20","_database/datenpunkt/The_Green_House_Utrecht__004__Gew_chshausfl_che/index.md","1","1"
"datenpunkt","The_Green_House_Utrecht__005__geplante_Standortnutzungsdauer","datenpunkt/The_Green_House_Utrecht__005__geplante_Standortnutzungsdauer","The_Green_House_Utrecht__005__geplante_Standortnutzungsdauer","clean_phase20","_database/datenpunkt/The_Green_House_Utrecht__005__geplante_Standortnutzungsdauer/index.md","1","1"
"datenpunkt","The_Green_House_Utrecht__010__Bauzeit","datenpunkt/The_Green_House_Utrecht__010__Bauzeit","The_Green_House_Utrecht__010__Bauzeit","clean_phase20","_database/datenpunkt/The_Green_House_Utrecht__010__Bauzeit/index.md","1","1"
"datenpunkt","The_Green_House_Utrecht__013__Lebensdauer","datenpunkt/The_Green_House_Utrecht__013__Lebensdauer","The_Green_House_Utrecht__013__Lebensdauer","clean_phase20","_database/datenpunkt/The_Green_House_Utrecht__013__Lebensdauer/index.md","1","1"
"datenpunkt","Thoravej_29_Copenhagen__001__Materialwiederverwendung","datenpunkt/Thoravej_29_Copenhagen__001__Materialwiederverwendung","Thoravej_29_Copenhagen__001__Materialwiederverwendung","clean_phase20","_database/datenpunkt/Thoravej_29_Copenhagen__001__Materialwiederverwendung/index.md","1","1"
"datenpunkt","Thoravej_29_Copenhagen__002__CO_Reduktion_gegen_ber_Neubau","datenpunkt/Thoravej_29_Copenhagen__002__CO_Reduktion_gegen_ber_Neubau","Thoravej_29_Copenhagen__002__CO_Reduktion_gegen_ber_Neubau","clean_phase20","_database/datenpunkt/Thoravej_29_Copenhagen__002__CO_Reduktion_gegen_ber_Neubau/index.md","1","1"
"datenpunkt","Thoravej_29_Copenhagen__003__Abfallreduktion","datenpunkt/Thoravej_29_Copenhagen__003__Abfallreduktion","Thoravej_29_Copenhagen__003__Abfallreduktion","clean_phase20","_database/datenpunkt/Thoravej_29_Copenhagen__003__Abfallreduktion/index.md","1","1"
"datenpunkt","Thoravej_29_Copenhagen__004__Fl_che","datenpunkt/Thoravej_29_Copenhagen__004__Fl_che","Thoravej_29_Copenhagen__004__Fl_che","clean_phase20","_database/datenpunkt/Thoravej_29_Copenhagen__004__Fl_che/index.md","1","1"
"datenpunkt","Thoravej_29_Copenhagen__005__Fertigstellung","datenpunkt/Thoravej_29_Copenhagen__005__Fertigstellung","Thoravej_29_Copenhagen__005__Fertigstellung","clean_phase20","_database/datenpunkt/Thoravej_29_Copenhagen__005__Fertigstellung/index.md","1","1"
"datenpunkt","Thoravej_29_Copenhagen__006__DGNB_Gold","datenpunkt/Thoravej_29_Copenhagen__006__DGNB_Gold","Thoravej_29_Copenhagen__006__DGNB_Gold","clean_phase20","_database/datenpunkt/Thoravej_29_Copenhagen__006__DGNB_Gold/index.md","1","1"
"datenpunkt","Timber_Square_London__002__Wiederverwendeter_Stahl","datenpunkt/Timber_Square_London__002__Wiederverwendeter_Stahl","Timber_Square_London__002__Wiederverwendeter_Stahl","clean_phase20","_database/datenpunkt/Timber_Square_London__002__Wiederverwendeter_Stahl/index.md","1","1"
"datenpunkt","Timber_Square_London__003__Wiederverwendeter_Stahl","datenpunkt/Timber_Square_London__003__Wiederverwendeter_Stahl","Timber_Square_London__003__Wiederverwendeter_Stahl","clean_phase20","_database/datenpunkt/Timber_Square_London__003__Wiederverwendeter_Stahl/index.md","1","1"
"datenpunkt","Timber_Square_London__004__Wiederverwendeter_Stahl","datenpunkt/Timber_Square_London__004__Wiederverwendeter_Stahl","Timber_Square_London__004__Wiederverwendeter_Stahl","clean_phase20","_database/datenpunkt/Timber_Square_London__004__Wiederverwendeter_Stahl/index.md","1","1"
"datenpunkt","Timber_Square_London__005__CO_Einsparung_reused_steel","datenpunkt/Timber_Square_London__005__CO_Einsparung_reused_steel","Timber_Square_London__005__CO_Einsparung_reused_steel","clean_phase20","_database/datenpunkt/Timber_Square_London__005__CO_Einsparung_reused_steel/index.md","1","1"
"datenpunkt","Timber_Square_London__006__CO_Einsparung_reused_steel","datenpunkt/Timber_Square_London__006__CO_Einsparung_reused_steel","Timber_Square_London__006__CO_Einsparung_reused_steel","clean_phase20","_database/datenpunkt/Timber_Square_London__006__CO_Einsparung_reused_steel/index.md","1","1"
"datenpunkt","Timber_Square_London__007__Retained_Print_Building_structure","datenpunkt/Timber_Square_London__007__Retained_Print_Building_structure","Timber_Square_London__007__Retained_Print_Building_structure","clean_phase20","_database/datenpunkt/Timber_Square_London__007__Retained_Print_Building_structure/index.md","1","1"
"datenpunkt","Timber_Square_London__008__GIA","datenpunkt/Timber_Square_London__008__GIA","Timber_Square_London__008__GIA","clean_phase20","_database/datenpunkt/Timber_Square_London__008__GIA/index.md","1","1"
"datenpunkt","Timber_Square_London__009__Area","datenpunkt/Timber_Square_London__009__Area","Timber_Square_London__009__Area","clean_phase20","_database/datenpunkt/Timber_Square_London__009__Area/index.md","1","1"
"datenpunkt","Timber_Square_London__010__Workspace","datenpunkt/Timber_Square_London__010__Workspace","Timber_Square_London__010__Workspace","clean_phase20","_database/datenpunkt/Timber_Square_London__010__Workspace/index.md","1","1"
"datenpunkt","Timber_Square_London__011__Gesamtgr_e","datenpunkt/Timber_Square_London__011__Gesamtgr_e","Timber_Square_London__011__Gesamtgr_e","clean_phase20","_database/datenpunkt/Timber_Square_London__011__Gesamtgr_e/index.md","1","1"
"datenpunkt","Timber_Square_London__012__Upfront_carbon_total","datenpunkt/Timber_Square_London__012__Upfront_carbon_total","Timber_Square_London__012__Upfront_carbon_total","clean_phase20","_database/datenpunkt/Timber_Square_London__012__Upfront_carbon_total/index.md","1","1"
"datenpunkt","Timber_Square_London__013__Upfront_carbon_Stage_4","datenpunkt/Timber_Square_London__013__Upfront_carbon_Stage_4","Timber_Square_London__013__Upfront_carbon_Stage_4","clean_phase20","_database/datenpunkt/Timber_Square_London__013__Upfront_carbon_Stage_4/index.md","1","1"
"datenpunkt","Timber_Square_London__014__Structural_embodied_carbon","datenpunkt/Timber_Square_London__014__Structural_embodied_carbon","Timber_Square_London__014__Structural_embodied_carbon","clean_phase20","_database/datenpunkt/Timber_Square_London__014__Structural_embodied_carbon/index.md","1","1"
"datenpunkt","Timber_Square_London__015__Carbon_stored_by_timber","datenpunkt/Timber_Square_London__015__Carbon_stored_by_timber","Timber_Square_London__015__Carbon_stored_by_timber","clean_phase20","_database/datenpunkt/Timber_Square_London__015__Carbon_stored_by_timber/index.md","1","1"
"datenpunkt","Timber_Square_London__016__Bauzeit_Completion","datenpunkt/Timber_Square_London__016__Bauzeit_Completion","Timber_Square_London__016__Bauzeit_Completion","clean_phase20","_database/datenpunkt/Timber_Square_London__016__Bauzeit_Completion/index.md","1","1"
"datenpunkt","Timber_Square_London__018__Kosten","datenpunkt/Timber_Square_London__018__Kosten","Timber_Square_London__018__Kosten","clean_phase20","_database/datenpunkt/Timber_Square_London__018__Kosten/index.md","1","1"
"datenpunkt","TRAE_High_Rise_Aarhus__001__H_he","datenpunkt/TRAE_High_Rise_Aarhus__001__H_he","TRAE_High_Rise_Aarhus__001__H_he","clean_phase20","_database/datenpunkt/TRAE_High_Rise_Aarhus__001__H_he/index.md","1","1"
"datenpunkt","TRAE_High_Rise_Aarhus__002__Geschosse","datenpunkt/TRAE_High_Rise_Aarhus__002__Geschosse","TRAE_High_Rise_Aarhus__002__Geschosse","clean_phase20","_database/datenpunkt/TRAE_High_Rise_Aarhus__002__Geschosse/index.md","1","1"
"datenpunkt","TRAE_High_Rise_Aarhus__003__Fl_che","datenpunkt/TRAE_High_Rise_Aarhus__003__Fl_che","TRAE_High_Rise_Aarhus__003__Fl_che","clean_phase20","_database/datenpunkt/TRAE_High_Rise_Aarhus__003__Fl_che/index.md","1","1"
"datenpunkt","TRAE_High_Rise_Aarhus__004__Zeitraum","datenpunkt/TRAE_High_Rise_Aarhus__004__Zeitraum","TRAE_High_Rise_Aarhus__004__Zeitraum","clean_phase20","_database/datenpunkt/TRAE_High_Rise_Aarhus__004__Zeitraum/index.md","1","1"
"datenpunkt","TRAE_High_Rise_Aarhus__005__Er_ffnung","datenpunkt/TRAE_High_Rise_Aarhus__005__Er_ffnung","TRAE_High_Rise_Aarhus__005__Er_ffnung","clean_phase20","_database/datenpunkt/TRAE_High_Rise_Aarhus__005__Er_ffnung/index.md","1","1"
"datenpunkt","TRAE_High_Rise_Aarhus__006__embodied_carbon_reduction","datenpunkt/TRAE_High_Rise_Aarhus__006__embodied_carbon_reduction","TRAE_High_Rise_Aarhus__006__embodied_carbon_reduction","clean_phase20","_database/datenpunkt/TRAE_High_Rise_Aarhus__006__embodied_carbon_reduction/index.md","1","1"
"datenpunkt","TRAE_High_Rise_Aarhus__007__a_gain_CO_Footprint","datenpunkt/TRAE_High_Rise_Aarhus__007__a_gain_CO_Footprint","TRAE_High_Rise_Aarhus__007__a_gain_CO_Footprint","clean_phase20","_database/datenpunkt/TRAE_High_Rise_Aarhus__007__a_gain_CO_Footprint/index.md","1","1"
"datenpunkt","TRAE_High_Rise_Aarhus__008__a_gain_waste_saved","datenpunkt/TRAE_High_Rise_Aarhus__008__a_gain_waste_saved","TRAE_High_Rise_Aarhus__008__a_gain_waste_saved","clean_phase20","_database/datenpunkt/TRAE_High_Rise_Aarhus__008__a_gain_waste_saved/index.md","1","1"
"datenpunkt","TRAE_High_Rise_Aarhus__009__a_gain_Produkte","datenpunkt/TRAE_High_Rise_Aarhus__009__a_gain_Produkte","TRAE_High_Rise_Aarhus__009__a_gain_Produkte","clean_phase20","_database/datenpunkt/TRAE_High_Rise_Aarhus__009__a_gain_Produkte/index.md","1","1"
"datenpunkt","TRAE_High_Rise_Aarhus__010__U_Wert_KRONE_upcycled_windows","datenpunkt/TRAE_High_Rise_Aarhus__010__U_Wert_KRONE_upcycled_windows","TRAE_High_Rise_Aarhus__010__U_Wert_KRONE_upcycled_windows","clean_phase20","_database/datenpunkt/TRAE_High_Rise_Aarhus__010__U_Wert_KRONE_upcycled_windows/index.md","1","1"
"datenpunkt","TRAE_High_Rise_Aarhus__011__Restlebensdauer_Alu_Fassade","datenpunkt/TRAE_High_Rise_Aarhus__011__Restlebensdauer_Alu_Fassade","TRAE_High_Rise_Aarhus__011__Restlebensdauer_Alu_Fassade","clean_phase20","_database/datenpunkt/TRAE_High_Rise_Aarhus__011__Restlebensdauer_Alu_Fassade/index.md","1","1"
"datenpunkt","Upcycle_Studios_Copenhagen__001__Reihenh_user","datenpunkt/Upcycle_Studios_Copenhagen__001__Reihenh_user","Upcycle_Studios_Copenhagen__001__Reihenh_user","clean_phase20","_database/datenpunkt/Upcycle_Studios_Copenhagen__001__Reihenh_user/index.md","1","1"
"datenpunkt","Upcycle_Studios_Copenhagen__002__Fl_che","datenpunkt/Upcycle_Studios_Copenhagen__002__Fl_che","Upcycle_Studios_Copenhagen__002__Fl_che","clean_phase20","_database/datenpunkt/Upcycle_Studios_Copenhagen__002__Fl_che/index.md","1","1"
"datenpunkt","Upcycle_Studios_Copenhagen__003__Fl_che","datenpunkt/Upcycle_Studios_Copenhagen__003__Fl_che","Upcycle_Studios_Copenhagen__003__Fl_che","clean_phase20","_database/datenpunkt/Upcycle_Studios_Copenhagen__003__Fl_che/index.md","1","1"
"datenpunkt","Upcycle_Studios_Copenhagen__004__Fertigstellung","datenpunkt/Upcycle_Studios_Copenhagen__004__Fertigstellung","Upcycle_Studios_Copenhagen__004__Fertigstellung","clean_phase20","_database/datenpunkt/Upcycle_Studios_Copenhagen__004__Fertigstellung/index.md","1","1"
"datenpunkt","Upcycle_Studios_Copenhagen__005__Fertigstellung","datenpunkt/Upcycle_Studios_Copenhagen__005__Fertigstellung","Upcycle_Studios_Copenhagen__005__Fertigstellung","clean_phase20","_database/datenpunkt/Upcycle_Studios_Copenhagen__005__Fertigstellung/index.md","1","1"
"datenpunkt","Upcycle_Studios_Copenhagen__006__Fenster_wiederverwendet","datenpunkt/Upcycle_Studios_Copenhagen__006__Fenster_wiederverwendet","Upcycle_Studios_Copenhagen__006__Fenster_wiederverwendet","clean_phase20","_database/datenpunkt/Upcycle_Studios_Copenhagen__006__Fenster_wiederverwendet/index.md","1","1"
"datenpunkt","Upcycle_Studios_Copenhagen__007__Upcycled_recycled_Anteil","datenpunkt/Upcycle_Studios_Copenhagen__007__Upcycled_recycled_Anteil","Upcycle_Studios_Copenhagen__007__Upcycled_recycled_Anteil","clean_phase20","_database/datenpunkt/Upcycle_Studios_Copenhagen__007__Upcycled_recycled_Anteil/index.md","1","1"
"datenpunkt","Upcycle_Studios_Copenhagen__008__Beton_aus_Metro_Abfall","datenpunkt/Upcycle_Studios_Copenhagen__008__Beton_aus_Metro_Abfall","Upcycle_Studios_Copenhagen__008__Beton_aus_Metro_Abfall","clean_phase20","_database/datenpunkt/Upcycle_Studios_Copenhagen__008__Beton_aus_Metro_Abfall/index.md","1","1"
"datenpunkt","Upcycle_Studios_Copenhagen__009__Beton_aus_Metro_Abfall","datenpunkt/Upcycle_Studios_Copenhagen__009__Beton_aus_Metro_Abfall","Upcycle_Studios_Copenhagen__009__Beton_aus_Metro_Abfall","clean_phase20","_database/datenpunkt/Upcycle_Studios_Copenhagen__009__Beton_aus_Metro_Abfall/index.md","1","1"
"datenpunkt","Upcycle_Studios_Copenhagen__010__Beton_aus_Metro_Abfall","datenpunkt/Upcycle_Studios_Copenhagen__010__Beton_aus_Metro_Abfall","Upcycle_Studios_Copenhagen__010__Beton_aus_Metro_Abfall","clean_phase20","_database/datenpunkt/Upcycle_Studios_Copenhagen__010__Beton_aus_Metro_Abfall/index.md","1","1"
"datenpunkt","Upcycle_Studios_Copenhagen__011__Abfall_vermieden","datenpunkt/Upcycle_Studios_Copenhagen__011__Abfall_vermieden","Upcycle_Studios_Copenhagen__011__Abfall_vermieden","clean_phase20","_database/datenpunkt/Upcycle_Studios_Copenhagen__011__Abfall_vermieden/index.md","1","1"
"datenpunkt","Upcycle_Studios_Copenhagen__012__CO_Reduktion_Materialien","datenpunkt/Upcycle_Studios_Copenhagen__012__CO_Reduktion_Materialien","Upcycle_Studios_Copenhagen__012__CO_Reduktion_Materialien","clean_phase20","_database/datenpunkt/Upcycle_Studios_Copenhagen__012__CO_Reduktion_Materialien/index.md","1","1"
"datenpunkt","Upcycle_Studios_Copenhagen__013__CO_Einsparung_ber_50_Jahre","datenpunkt/Upcycle_Studios_Copenhagen__013__CO_Einsparung_ber_50_Jahre","Upcycle_Studios_Copenhagen__013__CO_Einsparung_ber_50_Jahre","clean_phase20","_database/datenpunkt/Upcycle_Studios_Copenhagen__013__CO_Einsparung_ber_50_Jahre/index.md","1","1"
"datenpunkt","Upcycle_Studios_Copenhagen__014__CO_Footprint","datenpunkt/Upcycle_Studios_Copenhagen__014__CO_Footprint","Upcycle_Studios_Copenhagen__014__CO_Footprint","clean_phase20","_database/datenpunkt/Upcycle_Studios_Copenhagen__014__CO_Footprint/index.md","1","1"
"datenpunkt","Upcycle_Studios_Copenhagen__017__Lebensdauer","datenpunkt/Upcycle_Studios_Copenhagen__017__Lebensdauer","Upcycle_Studios_Copenhagen__017__Lebensdauer","clean_phase20","_database/datenpunkt/Upcycle_Studios_Copenhagen__017__Lebensdauer/index.md","1","1"
"datenpunkt","Verbiest_Karreveld_Brussels__001__Karreveld_wiederverwendete_Innenw_nde","datenpunkt/Verbiest_Karreveld_Brussels__001__Karreveld_wiederverwendete_Innenw_nde","Verbiest_Karreveld_Brussels__001__Karreveld_wiederverwendete_Innenw_nde","clean_phase20","_database/datenpunkt/Verbiest_Karreveld_Brussels__001__Karreveld_wiederverwendete_Innenw_nde/index.md","1","1"
"datenpunkt","Verbiest_Karreveld_Brussels__002__Karreveld_wiederverwendete_abgeh_ngte_Decke_Leuc","datenpunkt/Verbiest_Karreveld_Brussels__002__Karreveld_wiederverwendete_abgeh_ngte_Decke_Leuc","Verbiest_Karreveld_Brussels__002__Karreveld_wiederverwendete_abgeh_ngte_Decke_Leuc","clean_phase20","_database/datenpunkt/Verbiest_Karreveld_Brussels__002__Karreveld_wiederverwendete_abgeh_ngte_Decke_Leuc/index.md","1","1"
"datenpunkt","Verbiest_Karreveld_Brussels__003__Verbiest_Projektfl_che","datenpunkt/Verbiest_Karreveld_Brussels__003__Verbiest_Projektfl_che","Verbiest_Karreveld_Brussels__003__Verbiest_Projektfl_che","clean_phase20","_database/datenpunkt/Verbiest_Karreveld_Brussels__003__Verbiest_Projektfl_che/index.md","1","1"
"datenpunkt","Verbiest_Karreveld_Brussels__004__Verbiest_Bestandslager","datenpunkt/Verbiest_Karreveld_Brussels__004__Verbiest_Bestandslager","Verbiest_Karreveld_Brussels__004__Verbiest_Bestandslager","clean_phase20","_database/datenpunkt/Verbiest_Karreveld_Brussels__004__Verbiest_Bestandslager/index.md","1","1"
"datenpunkt","Verbiest_Karreveld_Brussels__005__Karreveld_Phase_2_Kosten","datenpunkt/Verbiest_Karreveld_Brussels__005__Karreveld_Phase_2_Kosten","Verbiest_Karreveld_Brussels__005__Karreveld_Phase_2_Kosten","clean_phase20","_database/datenpunkt/Verbiest_Karreveld_Brussels__005__Karreveld_Phase_2_Kosten/index.md","1","1"
"datenpunkt","Verbiest_Karreveld_Brussels__011__Bauzeit","datenpunkt/Verbiest_Karreveld_Brussels__011__Bauzeit","Verbiest_Karreveld_Brussels__011__Bauzeit","clean_phase20","_database/datenpunkt/Verbiest_Karreveld_Brussels__011__Bauzeit/index.md","1","1"
"datenpunkt","Villa_Welpeloo_Enschede__001__Anteil_salvaged_reused_materials","datenpunkt/Villa_Welpeloo_Enschede__001__Anteil_salvaged_reused_materials","Villa_Welpeloo_Enschede__001__Anteil_salvaged_reused_materials","clean_phase20","_database/datenpunkt/Villa_Welpeloo_Enschede__001__Anteil_salvaged_reused_materials/index.md","1","1"
"datenpunkt","Villa_Welpeloo_Enschede__002__Anteil_Innenausbau_reused","datenpunkt/Villa_Welpeloo_Enschede__002__Anteil_Innenausbau_reused","Villa_Welpeloo_Enschede__002__Anteil_Innenausbau_reused","clean_phase20","_database/datenpunkt/Villa_Welpeloo_Enschede__002__Anteil_Innenausbau_reused/index.md","1","1"
"datenpunkt","Villa_Welpeloo_Enschede__003__CO_Reduktion_Struktur_und_Fassade","datenpunkt/Villa_Welpeloo_Enschede__003__CO_Reduktion_Struktur_und_Fassade","Villa_Welpeloo_Enschede__003__CO_Reduktion_Struktur_und_Fassade","clean_phase20","_database/datenpunkt/Villa_Welpeloo_Enschede__003__CO_Reduktion_Struktur_und_Fassade/index.md","1","1"
"datenpunkt","Villa_Welpeloo_Enschede__004__Fertigstellung","datenpunkt/Villa_Welpeloo_Enschede__004__Fertigstellung","Villa_Welpeloo_Enschede__004__Fertigstellung","clean_phase20","_database/datenpunkt/Villa_Welpeloo_Enschede__004__Fertigstellung/index.md","1","1"
"datenpunkt","Villa_Welpeloo_Enschede__005__Entwurfsbeginn","datenpunkt/Villa_Welpeloo_Enschede__005__Entwurfsbeginn","Villa_Welpeloo_Enschede__005__Entwurfsbeginn","clean_phase20","_database/datenpunkt/Villa_Welpeloo_Enschede__005__Entwurfsbeginn/index.md","1","1"
"datenpunkt","Villa_Welpeloo_Enschede__006__Fl_che","datenpunkt/Villa_Welpeloo_Enschede__006__Fl_che","Villa_Welpeloo_Enschede__006__Fl_che","clean_phase20","_database/datenpunkt/Villa_Welpeloo_Enschede__006__Fl_che/index.md","1","1"
"datenpunkt","Villa_Welpeloo_Enschede__009__Kosten","datenpunkt/Villa_Welpeloo_Enschede__009__Kosten","Villa_Welpeloo_Enschede__009__Kosten","clean_phase20","_database/datenpunkt/Villa_Welpeloo_Enschede__009__Kosten/index.md","1","1"
"datenpunkt","Woongroep_Boschgaard_Den_Bosch__001__Wohneinheiten","datenpunkt/Woongroep_Boschgaard_Den_Bosch__001__Wohneinheiten","Woongroep_Boschgaard_Den_Bosch__001__Wohneinheiten","clean_phase20","_database/datenpunkt/Woongroep_Boschgaard_Den_Bosch__001__Wohneinheiten/index.md","1","1"
"datenpunkt","Woongroep_Boschgaard_Den_Bosch__002__Fertigstellung_Nutzung","datenpunkt/Woongroep_Boschgaard_Den_Bosch__002__Fertigstellung_Nutzung","Woongroep_Boschgaard_Den_Bosch__002__Fertigstellung_Nutzung","clean_phase20","_database/datenpunkt/Woongroep_Boschgaard_Den_Bosch__002__Fertigstellung_Nutzung/index.md","1","1"
"datenpunkt","Woongroep_Boschgaard_Den_Bosch__003__Sekund_re_Materialien","datenpunkt/Woongroep_Boschgaard_Den_Bosch__003__Sekund_re_Materialien","Woongroep_Boschgaard_Den_Bosch__003__Sekund_re_Materialien","clean_phase20","_database/datenpunkt/Woongroep_Boschgaard_Den_Bosch__003__Sekund_re_Materialien/index.md","1","1"
"datenpunkt","Woongroep_Boschgaard_Den_Bosch__004__Geerntete_Materialien","datenpunkt/Woongroep_Boschgaard_Den_Bosch__004__Geerntete_Materialien","Woongroep_Boschgaard_Den_Bosch__004__Geerntete_Materialien","clean_phase20","_database/datenpunkt/Woongroep_Boschgaard_Den_Bosch__004__Geerntete_Materialien/index.md","1","1"
"datenpunkt","Woongroep_Boschgaard_Den_Bosch__005__Zielwert_Reuse","datenpunkt/Woongroep_Boschgaard_Den_Bosch__005__Zielwert_Reuse","Woongroep_Boschgaard_Den_Bosch__005__Zielwert_Reuse","clean_phase20","_database/datenpunkt/Woongroep_Boschgaard_Den_Bosch__005__Zielwert_Reuse/index.md","1","1"
"datenpunkt","Woongroep_Boschgaard_Den_Bosch__006__CO_Einsparung","datenpunkt/Woongroep_Boschgaard_Den_Bosch__006__CO_Einsparung","Woongroep_Boschgaard_Den_Bosch__006__CO_Einsparung","clean_phase20","_database/datenpunkt/Woongroep_Boschgaard_Den_Bosch__006__CO_Einsparung/index.md","1","1"
"datenpunkt","Woongroep_Boschgaard_Den_Bosch__007__vermiedene_Umweltsch_den","datenpunkt/Woongroep_Boschgaard_Den_Bosch__007__vermiedene_Umweltsch_den","Woongroep_Boschgaard_Den_Bosch__007__vermiedene_Umweltsch_den","clean_phase20","_database/datenpunkt/Woongroep_Boschgaard_Den_Bosch__007__vermiedene_Umweltsch_den/index.md","1","1"
"datenpunkt","Woongroep_Boschgaard_Den_Bosch__008__Anteil_an_Baukosten","datenpunkt/Woongroep_Boschgaard_Den_Bosch__008__Anteil_an_Baukosten","Woongroep_Boschgaard_Den_Bosch__008__Anteil_an_Baukosten","clean_phase20","_database/datenpunkt/Woongroep_Boschgaard_Den_Bosch__008__Anteil_an_Baukosten/index.md","1","1"
"datenpunkt","Woongroep_Boschgaard_Den_Bosch__009__PV_Anlage","datenpunkt/Woongroep_Boschgaard_Den_Bosch__009__PV_Anlage","Woongroep_Boschgaard_Den_Bosch__009__PV_Anlage","clean_phase20","_database/datenpunkt/Woongroep_Boschgaard_Den_Bosch__009__PV_Anlage/index.md","1","1"
"datenpunkt","Woongroep_Boschgaard_Den_Bosch__010__Erdw_rmesonden","datenpunkt/Woongroep_Boschgaard_Den_Bosch__010__Erdw_rmesonden","Woongroep_Boschgaard_Den_Bosch__010__Erdw_rmesonden","clean_phase20","_database/datenpunkt/Woongroep_Boschgaard_Den_Bosch__010__Erdw_rmesonden/index.md","1","1"
"datenpunkt","Woongroep_Boschgaard_Den_Bosch__011__Regenwasserspeicher","datenpunkt/Woongroep_Boschgaard_Den_Bosch__011__Regenwasserspeicher","Woongroep_Boschgaard_Den_Bosch__011__Regenwasserspeicher","clean_phase20","_database/datenpunkt/Woongroep_Boschgaard_Den_Bosch__011__Regenwasserspeicher/index.md","1","1"
"datenpunkt","Woongroep_Boschgaard_Den_Bosch__012__wiederverwendete_Dachspanten","datenpunkt/Woongroep_Boschgaard_Den_Bosch__012__wiederverwendete_Dachspanten","Woongroep_Boschgaard_Den_Bosch__012__wiederverwendete_Dachspanten","clean_phase20","_database/datenpunkt/Woongroep_Boschgaard_Den_Bosch__012__wiederverwendete_Dachspanten/index.md","1","1"
"datenpunkt","Zinneke_Feder_Masui4ever_Brussels__001__erhaltene_Geb_udemasse","datenpunkt/Zinneke_Feder_Masui4ever_Brussels__001__erhaltene_Geb_udemasse","Zinneke_Feder_Masui4ever_Brussels__001__erhaltene_Geb_udemasse","clean_phase20","_database/datenpunkt/Zinneke_Feder_Masui4ever_Brussels__001__erhaltene_Geb_udemasse/index.md","1","1"
"datenpunkt","Zinneke_Feder_Masui4ever_Brussels__002__Anteil_Second_hand_an_neuen_Materialien","datenpunkt/Zinneke_Feder_Masui4ever_Brussels__002__Anteil_Second_hand_an_neuen_Materialien","Zinneke_Feder_Masui4ever_Brussels__002__Anteil_Second_hand_an_neuen_Materialien","clean_phase20","_database/datenpunkt/Zinneke_Feder_Masui4ever_Brussels__002__Anteil_Second_hand_an_neuen_Materialien/index.md","1","1"
"datenpunkt","Zinneke_Feder_Masui4ever_Brussels__003__Stahltr_ger_reused","datenpunkt/Zinneke_Feder_Masui4ever_Brussels__003__Stahltr_ger_reused","Zinneke_Feder_Masui4ever_Brussels__003__Stahltr_ger_reused","clean_phase20","_database/datenpunkt/Zinneke_Feder_Masui4ever_Brussels__003__Stahltr_ger_reused/index.md","1","1"
"datenpunkt","Zinneke_Feder_Masui4ever_Brussels__004__Fensterrahmen_reused","datenpunkt/Zinneke_Feder_Masui4ever_Brussels__004__Fensterrahmen_reused","Zinneke_Feder_Masui4ever_Brussels__004__Fensterrahmen_reused","clean_phase20","_database/datenpunkt/Zinneke_Feder_Masui4ever_Brussels__004__Fensterrahmen_reused/index.md","1","1"
"datenpunkt","Zinneke_Feder_Masui4ever_Brussels__005__Steinwolle_D_mmung_reused","datenpunkt/Zinneke_Feder_Masui4ever_Brussels__005__Steinwolle_D_mmung_reused","Zinneke_Feder_Masui4ever_Brussels__005__Steinwolle_D_mmung_reused","clean_phase20","_database/datenpunkt/Zinneke_Feder_Masui4ever_Brussels__005__Steinwolle_D_mmung_reused/index.md","1","1"
"datenpunkt","Zinneke_Feder_Masui4ever_Brussels__006__Stahl_Treppen_reused","datenpunkt/Zinneke_Feder_Masui4ever_Brussels__006__Stahl_Treppen_reused","Zinneke_Feder_Masui4ever_Brussels__006__Stahl_Treppen_reused","clean_phase20","_database/datenpunkt/Zinneke_Feder_Masui4ever_Brussels__006__Stahl_Treppen_reused/index.md","1","1"
"datenpunkt","Zinneke_Feder_Masui4ever_Brussels__007__Azob_Terrassendielen","datenpunkt/Zinneke_Feder_Masui4ever_Brussels__007__Azob_Terrassendielen","Zinneke_Feder_Masui4ever_Brussels__007__Azob_Terrassendielen","clean_phase20","_database/datenpunkt/Zinneke_Feder_Masui4ever_Brussels__007__Azob_Terrassendielen/index.md","1","1"
"datenpunkt","Zinneke_Feder_Masui4ever_Brussels__008__Eichenparkett","datenpunkt/Zinneke_Feder_Masui4ever_Brussels__008__Eichenparkett","Zinneke_Feder_Masui4ever_Brussels__008__Eichenparkett","clean_phase20","_database/datenpunkt/Zinneke_Feder_Masui4ever_Brussels__008__Eichenparkett/index.md","1","1"
"datenpunkt","Zinneke_Feder_Masui4ever_Brussels__009__Heizk_rper","datenpunkt/Zinneke_Feder_Masui4ever_Brussels__009__Heizk_rper","Zinneke_Feder_Masui4ever_Brussels__009__Heizk_rper","clean_phase20","_database/datenpunkt/Zinneke_Feder_Masui4ever_Brussels__009__Heizk_rper/index.md","1","1"
"datenpunkt","Zinneke_Feder_Masui4ever_Brussels__010__T_ren","datenpunkt/Zinneke_Feder_Masui4ever_Brussels__010__T_ren","Zinneke_Feder_Masui4ever_Brussels__010__T_ren","clean_phase20","_database/datenpunkt/Zinneke_Feder_Masui4ever_Brussels__010__T_ren/index.md","1","1"
"datenpunkt","Zinneke_Feder_Masui4ever_Brussels__011__L_ftungsgruppe","datenpunkt/Zinneke_Feder_Masui4ever_Brussels__011__L_ftungsgruppe","Zinneke_Feder_Masui4ever_Brussels__011__L_ftungsgruppe","clean_phase20","_database/datenpunkt/Zinneke_Feder_Masui4ever_Brussels__011__L_ftungsgruppe/index.md","1","1"
"datenpunkt","Zinneke_Feder_Masui4ever_Brussels__012__Fl_che","datenpunkt/Zinneke_Feder_Masui4ever_Brussels__012__Fl_che","Zinneke_Feder_Masui4ever_Brussels__012__Fl_che","clean_phase20","_database/datenpunkt/Zinneke_Feder_Masui4ever_Brussels__012__Fl_che/index.md","1","1"
"datenpunkt","Zinneke_Feder_Masui4ever_Brussels__013__Budget","datenpunkt/Zinneke_Feder_Masui4ever_Brussels__013__Budget","Zinneke_Feder_Masui4ever_Brussels__013__Budget","clean_phase20","_database/datenpunkt/Zinneke_Feder_Masui4ever_Brussels__013__Budget/index.md","1","1"
"datenpunkt","Zinneke_Feder_Masui4ever_Brussels__014__EU_BCR_Budget","datenpunkt/Zinneke_Feder_Masui4ever_Brussels__014__EU_BCR_Budget","Zinneke_Feder_Masui4ever_Brussels__014__EU_BCR_Budget","clean_phase20","_database/datenpunkt/Zinneke_Feder_Masui4ever_Brussels__014__EU_BCR_Budget/index.md","1","1"
"dokumenttyp","Auditbericht","dokumenttyp/Auditbericht","Auditbericht","clean_phase20","_database/dokumenttyp/Auditbericht/index.md","1","1"
"dokumenttyp","Ausschreibung","dokumenttyp/Ausschreibung","Ausschreibung","clean_phase20","_database/dokumenttyp/Ausschreibung/index.md","1","1"
"dokumenttyp","Ausschreibungstext","dokumenttyp/Ausschreibungstext","Ausschreibungstext","clean_phase20","_database/dokumenttyp/Ausschreibungstext/index.md","1","1"
"dokumenttyp","Bauteilkatalog","dokumenttyp/Bauteilkatalog","Bauteilkatalog","clean_phase20","_database/dokumenttyp/Bauteilkatalog/index.md","1","1"
"dokumenttyp","Bauwerksdiagnose","dokumenttyp/Bauwerksdiagnose","Bauwerksdiagnose","clean_phase20","_database/dokumenttyp/Bauwerksdiagnose/index.md","1","1"
"dokumenttyp","Bestandsaufnahme","dokumenttyp/Bestandsaufnahme","Bestandsaufnahme","clean_phase20","_database/dokumenttyp/Bestandsaufnahme/index.md","1","1"
"dokumenttyp","LCA","dokumenttyp/LCA","LCA","clean_phase20","_database/dokumenttyp/LCA/index.md","1","1"
"dokumenttyp","Materialinventar","dokumenttyp/Materialinventar","Materialinventar","clean_phase20","_database/dokumenttyp/Materialinventar/index.md","1","1"
"dokumenttyp","Materialpass","dokumenttyp/Materialpass","Materialpass","clean_phase20","_database/dokumenttyp/Materialpass/index.md","1","1"
"dokumenttyp","Materialsheet","dokumenttyp/Materialsheet","Materialsheet","clean_phase20","_database/dokumenttyp/Materialsheet/index.md","1","1"
"dokumenttyp","Pre_Demolition_Audit","dokumenttyp/Pre_Demolition_Audit","Pre_Demolition_Audit","clean_phase20","_database/dokumenttyp/Pre_Demolition_Audit/index.md","1","1"
"dokumenttyp","Publikation","dokumenttyp/Publikation","Publikation","clean_phase20","_database/dokumenttyp/Publikation/index.md","1","1"
"dokumenttyp","ReUse_Toolkit","dokumenttyp/ReUse_Toolkit","ReUse_Toolkit","clean_phase20","_database/dokumenttyp/ReUse_Toolkit/index.md","2","2"
"dokumenttyp","Reversibilitaetskonzept","dokumenttyp/Reversibilitaetskonzept","Reversibilitaetskonzept","clean_phase20","_database/dokumenttyp/Reversibilitaetskonzept/index.md","1","1"
"dokumenttyp","Rueckbaukataster","dokumenttyp/Rueckbaukataster","Rueckbaukataster","clean_phase20","_database/dokumenttyp/Rueckbaukataster/index.md","1","1"
"dokumenttyp","Specification_Method","dokumenttyp/Specification_Method","Specification_Method","clean_phase20","_database/dokumenttyp/Specification_Method/index.md","1","1"
"fallstudie","55_Great_Suffolk_Street_London","fallstudie/55_Great_Suffolk_Street_London","55_Great_Suffolk_Street_London","clean_phase20","_database/fallstudie/55_Great_Suffolk_Street_London/index.md","1","1"
"fallstudie","Altes_Hobelwerk_Winterthur","fallstudie/Altes_Hobelwerk_Winterthur","Altes_Hobelwerk_Winterthur","clean_phase20","_database/fallstudie/Altes_Hobelwerk_Winterthur/index.md","1","1"
"fallstudie","Areal_Walkeweg_Nord","fallstudie/Areal_Walkeweg_Nord","Areal_Walkeweg_Nord","clean_phase20","_database/fallstudie/Areal_Walkeweg_Nord/index.md","1","1"
"fallstudie","Association_house_Groeditz","fallstudie/Association_house_Groeditz","Association_house_Groeditz","clean_phase20","_database/fallstudie/Association_house_Groeditz/index.md","1","1"
"fallstudie","Association_house_Plauen","fallstudie/Association_house_Plauen","Association_house_Plauen","clean_phase20","_database/fallstudie/Association_house_Plauen/index.md","1","1"
"fallstudie","AWM_Muenster_Circular_Office","fallstudie/AWM_Muenster_Circular_Office","AWM_Muenster_Circular_Office","clean_phase20","_database/fallstudie/AWM_Muenster_Circular_Office/index.md","1","1"
"fallstudie","Be_Ware","fallstudie/Be_Ware","Be_Ware","clean_phase20","_database/fallstudie/Be_Ware/index.md","1","1"
"fallstudie","BedZED_London_Hackbridge","fallstudie/BedZED_London_Hackbridge","BedZED_London_Hackbridge","clean_phase20","_database/fallstudie/BedZED_London_Hackbridge/index.md","1","1"
"fallstudie","Berlin_Schildow_Pilot_House","fallstudie/Berlin_Schildow_Pilot_House","Berlin_Schildow_Pilot_House","clean_phase20","_database/fallstudie/Berlin_Schildow_Pilot_House/index.md","1","1"
"fallstudie","Berlin_Schildow_Pilot_House_2","fallstudie/Berlin_Schildow_Pilot_House_2","Berlin_Schildow_Pilot_House_2","clean_phase20","_database/fallstudie/Berlin_Schildow_Pilot_House_2/index.md","1","1"
"fallstudie","Bestandshalle_CRCLR_House","fallstudie/Bestandshalle_CRCLR_House","Bestandshalle_CRCLR_House","clean_phase20","_database/fallstudie/Bestandshalle_CRCLR_House/index.md","1","1"
"fallstudie","Bestandverplanzung_Pavilion_Muenchen","fallstudie/Bestandverplanzung_Pavilion_Muenchen","Bestandverplanzung_Pavilion_Muenchen","clean_phase20","_database/fallstudie/Bestandverplanzung_Pavilion_Muenchen/index.md","1","1"
"fallstudie","Big_Dig_Building_Boston","fallstudie/Big_Dig_Building_Boston","Big_Dig_Building_Boston","clean_phase20","_database/fallstudie/Big_Dig_Building_Boston/index.md","1","1"
"fallstudie","Big_Dig_House_Lexington_Massachusetts","fallstudie/Big_Dig_House_Lexington_Massachusetts","Big_Dig_House_Lexington_Massachusetts","clean_phase20","_database/fallstudie/Big_Dig_House_Lexington_Massachusetts/index.md","1","1"
"fallstudie","BioPartner_5_Leiden_Oegstgeest","fallstudie/BioPartner_5_Leiden_Oegstgeest","BioPartner_5_Leiden_Oegstgeest","clean_phase20","_database/fallstudie/BioPartner_5_Leiden_Oegstgeest/index.md","1","1"
"fallstudie","BIZH_Reallabor","fallstudie/BIZH_Reallabor","BIZH_Reallabor","clean_phase20","_database/fallstudie/BIZH_Reallabor/index.md","1","1"
"fallstudie","BlueCity_Offices_Rotterdam","fallstudie/BlueCity_Offices_Rotterdam","BlueCity_Offices_Rotterdam","clean_phase20","_database/fallstudie/BlueCity_Offices_Rotterdam/index.md","1","1"
"fallstudie","BOELL_LAB_Berlin","fallstudie/BOELL_LAB_Berlin","BOELL_LAB_Berlin","clean_phase20","_database/fallstudie/BOELL_LAB_Berlin/index.md","1","1"
"fallstudie","Boulder_Fire_Station_3","fallstudie/Boulder_Fire_Station_3","Boulder_Fire_Station_3","clean_phase20","_database/fallstudie/Boulder_Fire_Station_3/index.md","1","1"
"fallstudie","Brent_Cross_Town_Primary_Substation_London","fallstudie/Brent_Cross_Town_Primary_Substation_London","Brent_Cross_Town_Primary_Substation_London","clean_phase20","_database/fallstudie/Brent_Cross_Town_Primary_Substation_London/index.md","1","1"
"fallstudie","Brighton_Waste_House_Brighton","fallstudie/Brighton_Waste_House_Brighton","Brighton_Waste_House_Brighton","clean_phase20","_database/fallstudie/Brighton_Waste_House_Brighton/index.md","1","1"
"fallstudie","Broethen_Twin_House_Hoyerswerda","fallstudie/Broethen_Twin_House_Hoyerswerda","Broethen_Twin_House_Hoyerswerda","clean_phase20","_database/fallstudie/Broethen_Twin_House_Hoyerswerda/index.md","1","1"
"fallstudie","CascadeUp_London_secondary_timber_glulam_demonstrator","fallstudie/CascadeUp_London_secondary_timber_glulam_demonstrator","CascadeUp_London_secondary_timber_glulam_demonstrator","clean_phase20","_database/fallstudie/CascadeUp_London_secondary_timber_glulam_demonstrator/index.md","1","1"
"fallstudie","Charles_Malis_Molenbeek","fallstudie/Charles_Malis_Molenbeek","Charles_Malis_Molenbeek","clean_phase20","_database/fallstudie/Charles_Malis_Molenbeek/index.md","1","1"
"fallstudie","Chiro_d_Itterbeek_Dilbeek","fallstudie/Chiro_d_Itterbeek_Dilbeek","Chiro_d_Itterbeek_Dilbeek","clean_phase20","_database/fallstudie/Chiro_d_Itterbeek_Dilbeek/index.md","1","1"
"fallstudie","Christ_Pavilion_Volkenroda","fallstudie/Christ_Pavilion_Volkenroda","Christ_Pavilion_Volkenroda","clean_phase20","_database/fallstudie/Christ_Pavilion_Volkenroda/index.md","1","1"
"fallstudie","Circular_Centre_Netherlands_Prinsenhof_A_reuse_pilot","fallstudie/Circular_Centre_Netherlands_Prinsenhof_A_reuse_pilot","Circular_Centre_Netherlands_Prinsenhof_A_reuse_pilot","clean_phase20","_database/fallstudie/Circular_Centre_Netherlands_Prinsenhof_A_reuse_pilot/index.md","1","1"
"fallstudie","Circular_Pavilion_Paris","fallstudie/Circular_Pavilion_Paris","Circular_Pavilion_Paris","clean_phase20","_database/fallstudie/Circular_Pavilion_Paris/index.md","1","1"
"fallstudie","CRCLR_House","fallstudie/CRCLR_House","CRCLR_House","clean_phase20","_database/fallstudie/CRCLR_House/index.md","1","1"
"fallstudie","CRCLR_House_Impact_Hub_Berlin","fallstudie/CRCLR_House_Impact_Hub_Berlin","CRCLR_House_Impact_Hub_Berlin","clean_phase20","_database/fallstudie/CRCLR_House_Impact_Hub_Berlin/index.md","1","1"
"fallstudie","Da_Vinci_Business_District","fallstudie/Da_Vinci_Business_District","Da_Vinci_Business_District","clean_phase20","_database/fallstudie/Da_Vinci_Business_District/index.md","1","1"
"fallstudie","ELEMENTA","fallstudie/ELEMENTA","ELEMENTA","clean_phase20","_database/fallstudie/ELEMENTA/index.md","1","1"
"fallstudie","ELYS_Kultur_Gewerbehaus_Basel","fallstudie/ELYS_Kultur_Gewerbehaus_Basel","ELYS_Kultur_Gewerbehaus_Basel","clean_phase20","_database/fallstudie/ELYS_Kultur_Gewerbehaus_Basel/index.md","1","1"
"fallstudie","ELYS_Kultur_und_Gewerbehaus_Basel_Lysbuechelareal","fallstudie/ELYS_Kultur_und_Gewerbehaus_Basel_Lysbuechelareal","ELYS_Kultur_und_Gewerbehaus_Basel_Lysbuechelareal","clean_phase20","_database/fallstudie/ELYS_Kultur_und_Gewerbehaus_Basel_Lysbuechelareal/index.md","1","1"
"fallstudie","Europa_Building_Brussels","fallstudie/Europa_Building_Brussels","Europa_Building_Brussels","clean_phase20","_database/fallstudie/Europa_Building_Brussels/index.md","1","1"
"fallstudie","Ferme_du_Rail_Paris","fallstudie/Ferme_du_Rail_Paris","Ferme_du_Rail_Paris","clean_phase20","_database/fallstudie/Ferme_du_Rail_Paris/index.md","1","1"
"fallstudie","gjG_House_Gentbrugge","fallstudie/gjG_House_Gentbrugge","gjG_House_Gentbrugge","clean_phase20","_database/fallstudie/gjG_House_Gentbrugge/index.md","1","1"
"fallstudie","Grande_Halle_de_Colombelles","fallstudie/Grande_Halle_de_Colombelles","Grande_Halle_de_Colombelles","clean_phase20","_database/fallstudie/Grande_Halle_de_Colombelles/index.md","1","1"
"fallstudie","Grubenstrasse_29_Werkhof_29_Zuerich","fallstudie/Grubenstrasse_29_Werkhof_29_Zuerich","Grubenstrasse_29_Werkhof_29_Zuerich","clean_phase20","_database/fallstudie/Grubenstrasse_29_Werkhof_29_Zuerich/index.md","1","1"
"fallstudie","Halle_2","fallstudie/Halle_2","Halle_2","clean_phase20","_database/fallstudie/Halle_2/index.md","1","1"
"fallstudie","Harmalanranta_A_Kruunu_ReCreate_mini_pilot_Tampere","fallstudie/Harmalanranta_A_Kruunu_ReCreate_mini_pilot_Tampere","Harmalanranta_A_Kruunu_ReCreate_mini_pilot_Tampere","clean_phase20","_database/fallstudie/Harmalanranta_A_Kruunu_ReCreate_mini_pilot_Tampere/index.md","1","1"
"fallstudie","Hastings_Pier_Visitor_Centre","fallstudie/Hastings_Pier_Visitor_Centre","Hastings_Pier_Visitor_Centre","clean_phase20","_database/fallstudie/Hastings_Pier_Visitor_Centre/index.md","1","1"
"fallstudie","Haus_der_Materialisierung","fallstudie/Haus_der_Materialisierung","Haus_der_Materialisierung","clean_phase20","_database/fallstudie/Haus_der_Materialisierung/index.md","1","1"
"fallstudie","Haus_HOS_Mehrfamilienhaus_Muehlhausen","fallstudie/Haus_HOS_Mehrfamilienhaus_Muehlhausen","Haus_HOS_Mehrfamilienhaus_Muehlhausen","clean_phase20","_database/fallstudie/Haus_HOS_Mehrfamilienhaus_Muehlhausen/index.md","1","1"
"fallstudie","Hobelwerk_Haus_D_Oberwinterthur","fallstudie/Hobelwerk_Haus_D_Oberwinterthur","Hobelwerk_Haus_D_Oberwinterthur","clean_phase20","_database/fallstudie/Hobelwerk_Haus_D_Oberwinterthur/index.md","1","1"
"fallstudie","Holbein_Gardens_London","fallstudie/Holbein_Gardens_London","Holbein_Gardens_London","clean_phase20","_database/fallstudie/Holbein_Gardens_London/index.md","1","1"
"fallstudie","House_of_Fraser_318_Oxford_Street_TBC_London_reuse_chain","fallstudie/House_of_Fraser_318_Oxford_Street_TBC_London_reuse_chain","House_of_Fraser_318_Oxford_Street_TBC_London_reuse_chain","clean_phase20","_database/fallstudie/House_of_Fraser_318_Oxford_Street_TBC_London_reuse_chain/index.md","1","1"
"fallstudie","Impact_Hub_Berlin_CRCLR_Fitout","fallstudie/Impact_Hub_Berlin_CRCLR_Fitout","Impact_Hub_Berlin_CRCLR_Fitout","clean_phase20","_database/fallstudie/Impact_Hub_Berlin_CRCLR_Fitout/index.md","1","1"
"fallstudie","Institut_de_Botanique_ULg_Liege","fallstudie/Institut_de_Botanique_ULg_Liege","Institut_de_Botanique_ULg_Liege","clean_phase20","_database/fallstudie/Institut_de_Botanique_ULg_Liege/index.md","1","1"
"fallstudie","Jeugdkliniek_Ithaka_Emergis_Kloetinge","fallstudie/Jeugdkliniek_Ithaka_Emergis_Kloetinge","Jeugdkliniek_Ithaka_Emergis_Kloetinge","clean_phase20","_database/fallstudie/Jeugdkliniek_Ithaka_Emergis_Kloetinge/index.md","1","1"
"fallstudie","Juch_Areal_Recyclingzentrum_Zuerich","fallstudie/Juch_Areal_Recyclingzentrum_Zuerich","Juch_Areal_Recyclingzentrum_Zuerich","clean_phase20","_database/fallstudie/Juch_Areal_Recyclingzentrum_Zuerich/index.md","1","1"
"fallstudie","K118_Kopfbau_Halle_118_Winterthur","fallstudie/K118_Kopfbau_Halle_118_Winterthur","K118_Kopfbau_Halle_118_Winterthur","clean_phase20","_database/fallstudie/K118_Kopfbau_Halle_118_Winterthur/index.md","1","1"
"fallstudie","KA13_Kristian_Augusts_gate_13_Oslo","fallstudie/KA13_Kristian_Augusts_gate_13_Oslo","KA13_Kristian_Augusts_gate_13_Oslo","clean_phase20","_database/fallstudie/KA13_Kristian_Augusts_gate_13_Oslo/index.md","1","1"
"fallstudie","Kamikatsu_Zero_Waste_Center_Hotel_WHY","fallstudie/Kamikatsu_Zero_Waste_Center_Hotel_WHY","Kamikatsu_Zero_Waste_Center_Hotel_WHY","clean_phase20","_database/fallstudie/Kamikatsu_Zero_Waste_Center_Hotel_WHY/index.md","1","1"
"fallstudie","Kindergarten_Moeoeslistrasse_Manegg_Zuerich","fallstudie/Kindergarten_Moeoeslistrasse_Manegg_Zuerich","Kindergarten_Moeoeslistrasse_Manegg_Zuerich","clean_phase20","_database/fallstudie/Kindergarten_Moeoeslistrasse_Manegg_Zuerich/index.md","1","1"
"fallstudie","Kindl_Areal","fallstudie/Kindl_Areal","Kindl_Areal","clean_phase20","_database/fallstudie/Kindl_Areal/index.md","1","1"
"fallstudie","Kunst_Stoffe_Berlin","fallstudie/Kunst_Stoffe_Berlin","Kunst_Stoffe_Berlin","clean_phase20","_database/fallstudie/Kunst_Stoffe_Berlin/index.md","1","1"
"fallstudie","Liander_Alliander_HQ_Duiven","fallstudie/Liander_Alliander_HQ_Duiven","Liander_Alliander_HQ_Duiven","clean_phase20","_database/fallstudie/Liander_Alliander_HQ_Duiven/index.md","1","1"
"fallstudie","Lo_Reninge_Town_Hall_Facade","fallstudie/Lo_Reninge_Town_Hall_Facade","Lo_Reninge_Town_Hall_Facade","clean_phase20","_database/fallstudie/Lo_Reninge_Town_Hall_Facade/index.md","1","1"
"fallstudie","Lokomotion_Technology_Centre_mini_pilot_Tampere","fallstudie/Lokomotion_Technology_Centre_mini_pilot_Tampere","Lokomotion_Technology_Centre_mini_pilot_Tampere","clean_phase20","_database/fallstudie/Lokomotion_Technology_Centre_mini_pilot_Tampere/index.md","1","1"
"fallstudie","Lycee_Michel_Lucius_Conversion_Luxembourg","fallstudie/Lycee_Michel_Lucius_Conversion_Luxembourg","Lycee_Michel_Lucius_Conversion_Luxembourg","clean_phase20","_database/fallstudie/Lycee_Michel_Lucius_Conversion_Luxembourg/index.md","1","1"
"fallstudie","Lysbuechel_Parkhaus","fallstudie/Lysbuechel_Parkhaus","Lysbuechel_Parkhaus","clean_phase20","_database/fallstudie/Lysbuechel_Parkhaus/index.md","1","1"
"fallstudie","LysP8_Basel_Lysbuechelareal","fallstudie/LysP8_Basel_Lysbuechelareal","LysP8_Basel_Lysbuechelareal","clean_phase20","_database/fallstudie/LysP8_Basel_Lysbuechelareal/index.md","1","1"
"fallstudie","Maison_des_Canaux_Paris","fallstudie/Maison_des_Canaux_Paris","Maison_des_Canaux_Paris","clean_phase20","_database/fallstudie/Maison_des_Canaux_Paris/index.md","1","1"
"fallstudie","Maison_DnA_Asse","fallstudie/Maison_DnA_Asse","Maison_DnA_Asse","clean_phase20","_database/fallstudie/Maison_DnA_Asse/index.md","1","1"
"fallstudie","Maison_Vignette_Auderghem","fallstudie/Maison_Vignette_Auderghem","Maison_Vignette_Auderghem","clean_phase20","_database/fallstudie/Maison_Vignette_Auderghem/index.md","1","1"
"fallstudie","Mehrow_Pilot_House","fallstudie/Mehrow_Pilot_House","Mehrow_Pilot_House","clean_phase20","_database/fallstudie/Mehrow_Pilot_House/index.md","1","1"
"fallstudie","Melkinlaituri_Primary_School_Daycare_Centre_Helsinki","fallstudie/Melkinlaituri_Primary_School_Daycare_Centre_Helsinki","Melkinlaituri_Primary_School_Daycare_Centre_Helsinki","clean_phase20","_database/fallstudie/Melkinlaituri_Primary_School_Daycare_Centre_Helsinki/index.md","1","1"
"fallstudie","Montessori_Maassluis","fallstudie/Montessori_Maassluis","Montessori_Maassluis","clean_phase20","_database/fallstudie/Montessori_Maassluis/index.md","1","1"
"fallstudie","Multi_Brussels_Reuse_in_MULTI","fallstudie/Multi_Brussels_Reuse_in_MULTI","Multi_Brussels_Reuse_in_MULTI","clean_phase20","_database/fallstudie/Multi_Brussels_Reuse_in_MULTI/index.md","1","1"
"fallstudie","Musee_de_Folklore_Mouscron","fallstudie/Musee_de_Folklore_Mouscron","Musee_de_Folklore_Mouscron","clean_phase20","_database/fallstudie/Musee_de_Folklore_Mouscron/index.md","1","1"
"fallstudie","Opalis_Plattformfall","fallstudie/Opalis_Plattformfall","Opalis_Plattformfall","clean_phase20","_database/fallstudie/Opalis_Plattformfall/index.md","1","1"
"fallstudie","Peoples_Pavilion_Eindhoven","fallstudie/Peoples_Pavilion_Eindhoven","Peoples_Pavilion_Eindhoven","clean_phase20","_database/fallstudie/Peoples_Pavilion_Eindhoven/index.md","1","1"
"fallstudie","Permanently_Temporary_Pavilion","fallstudie/Permanently_Temporary_Pavilion","Permanently_Temporary_Pavilion","clean_phase20","_database/fallstudie/Permanently_Temporary_Pavilion/index.md","1","1"
"fallstudie","Plattenpalast_Berlin","fallstudie/Plattenpalast_Berlin","Plattenpalast_Berlin","clean_phase20","_database/fallstudie/Plattenpalast_Berlin/index.md","1","1"
"fallstudie","Plattenvereinigung_Berlin","fallstudie/Plattenvereinigung_Berlin","Plattenvereinigung_Berlin","clean_phase20","_database/fallstudie/Plattenvereinigung_Berlin/index.md","1","1"
"fallstudie","PLP_London_HQ_Circular_Studio_Fitout","fallstudie/PLP_London_HQ_Circular_Studio_Fitout","PLP_London_HQ_Circular_Studio_Fitout","clean_phase20","_database/fallstudie/PLP_London_HQ_Circular_Studio_Fitout/index.md","1","1"
"fallstudie","PREUSE","fallstudie/PREUSE","PREUSE","clean_phase20","_database/fallstudie/PREUSE/index.md","1","1"
"fallstudie","ReCrete_footbridge_reused_concrete_blocks","fallstudie/ReCrete_footbridge_reused_concrete_blocks","ReCrete_footbridge_reused_concrete_blocks","clean_phase20","_database/fallstudie/ReCrete_footbridge_reused_concrete_blocks/index.md","1","1"
"fallstudie","Recyclinghaus_Hannover","fallstudie/Recyclinghaus_Hannover","Recyclinghaus_Hannover","clean_phase20","_database/fallstudie/Recyclinghaus_Hannover/index.md","1","1"
"fallstudie","Recypark_Demets_Anderlecht","fallstudie/Recypark_Demets_Anderlecht","Recypark_Demets_Anderlecht","clean_phase20","_database/fallstudie/Recypark_Demets_Anderlecht/index.md","1","1"
"fallstudie","Resilience_La_Ferme_des_Possibles_Stains","fallstudie/Resilience_La_Ferme_des_Possibles_Stains","Resilience_La_Ferme_des_Possibles_Stains","clean_phase20","_database/fallstudie/Resilience_La_Ferme_des_Possibles_Stains/index.md","1","1"
"fallstudie","Resource_Rows_Copenhagen","fallstudie/Resource_Rows_Copenhagen","Resource_Rows_Copenhagen","clean_phase20","_database/fallstudie/Resource_Rows_Copenhagen/index.md","1","1"
"fallstudie","ReUseBox_Heilbronn","fallstudie/ReUseBox_Heilbronn","ReUseBox_Heilbronn","clean_phase20","_database/fallstudie/ReUseBox_Heilbronn/index.md","1","1"
"fallstudie","Roots_in_the_Sky_Blackfriars_Crown_Court","fallstudie/Roots_in_the_Sky_Blackfriars_Crown_Court","Roots_in_the_Sky_Blackfriars_Crown_Court","clean_phase20","_database/fallstudie/Roots_in_the_Sky_Blackfriars_Crown_Court/index.md","1","1"
"fallstudie","Rotor_DC_Brussels_Model","fallstudie/Rotor_DC_Brussels_Model","Rotor_DC_Brussels_Model","clean_phase20","_database/fallstudie/Rotor_DC_Brussels_Model/index.md","1","1"
"fallstudie","Saxum_Vineyard_Equipment_Barn_Paso_Robles","fallstudie/Saxum_Vineyard_Equipment_Barn_Paso_Robles","Saxum_Vineyard_Equipment_Barn_Paso_Robles","clean_phase20","_database/fallstudie/Saxum_Vineyard_Equipment_Barn_Paso_Robles/index.md","1","1"
"fallstudie","Superlocal_Expogebouw_Bleijerheide","fallstudie/Superlocal_Expogebouw_Bleijerheide","Superlocal_Expogebouw_Bleijerheide","clean_phase20","_database/fallstudie/Superlocal_Expogebouw_Bleijerheide/index.md","1","1"
"fallstudie","Svanen_Kindergarten_Gladsaxe","fallstudie/Svanen_Kindergarten_Gladsaxe","Svanen_Kindergarten_Gladsaxe","clean_phase20","_database/fallstudie/Svanen_Kindergarten_Gladsaxe/index.md","1","1"
"fallstudie","The_Green_House_Utrecht","fallstudie/The_Green_House_Utrecht","The_Green_House_Utrecht","clean_phase20","_database/fallstudie/The_Green_House_Utrecht/index.md","1","1"
"fallstudie","Thoravej_29_Copenhagen","fallstudie/Thoravej_29_Copenhagen","Thoravej_29_Copenhagen","clean_phase20","_database/fallstudie/Thoravej_29_Copenhagen/index.md","1","1"
"fallstudie","Timber_Square_London","fallstudie/Timber_Square_London","Timber_Square_London","clean_phase20","_database/fallstudie/Timber_Square_London/index.md","1","1"
"fallstudie","TRAE_High_Rise_Aarhus","fallstudie/TRAE_High_Rise_Aarhus","TRAE_High_Rise_Aarhus","clean_phase20","_database/fallstudie/TRAE_High_Rise_Aarhus/index.md","1","1"
"fallstudie","Upcycle_Studios_Copenhagen","fallstudie/Upcycle_Studios_Copenhagen","Upcycle_Studios_Copenhagen","clean_phase20","_database/fallstudie/Upcycle_Studios_Copenhagen/index.md","1","1"
"fallstudie","Verbiest_Karreveld_Brussels","fallstudie/Verbiest_Karreveld_Brussels","Verbiest_Karreveld_Brussels","clean_phase20","_database/fallstudie/Verbiest_Karreveld_Brussels/index.md","1","1"
"fallstudie","Villa_Welpeloo_Enschede","fallstudie/Villa_Welpeloo_Enschede","Villa_Welpeloo_Enschede","clean_phase20","_database/fallstudie/Villa_Welpeloo_Enschede/index.md","1","1"
"fallstudie","Woongroep_Boschgaard_Den_Bosch","fallstudie/Woongroep_Boschgaard_Den_Bosch","Woongroep_Boschgaard_Den_Bosch","clean_phase20","_database/fallstudie/Woongroep_Boschgaard_Den_Bosch/index.md","1","1"
"fallstudie","Zinneke_Feder_Masui4ever_Brussels","fallstudie/Zinneke_Feder_Masui4ever_Brussels","Zinneke_Feder_Masui4ever_Brussels","clean_phase20","_database/fallstudie/Zinneke_Feder_Masui4ever_Brussels/index.md","1","1"
"foerderprogramm","BBSM","foerderprogramm/BBSM","BBSM","clean_phase20","_database/foerderprogramm/BBSM/index.md","1","1"
"foerderprogramm","FCRBE","foerderprogramm/FCRBE","FCRBE","clean_phase20","_database/foerderprogramm/FCRBE/index.md","1","1"
"foerderprogramm","PREUSE","foerderprogramm/PREUSE","PREUSE","clean_phase20","_database/foerderprogramm/PREUSE/index.md","1","1"
"foerderprogramm","Reallabor_Be_Ware","foerderprogramm/Reallabor_Be_Ware","Reallabor_Be_Ware","clean_phase20","_database/foerderprogramm/Reallabor_Be_Ware/index.md","1","1"
"foerderprogramm","Zukunftbau","foerderprogramm/Zukunftbau","Zukunftbau","clean_phase20","_database/foerderprogramm/Zukunftbau/index.md","1","1"
"fuegung_verbindung","Klemmverbindung","fuegung_verbindung/Klemmverbindung","Klemmverbindung","clean_phase20","_database/fuegung_verbindung/Klemmverbindung/index.md","1","1"
"fuegung_verbindung","Reversible_Fuegung","fuegung_verbindung/Reversible_Fuegung","Reversible_Fuegung","clean_phase20","_database/fuegung_verbindung/Reversible_Fuegung/index.md","1","1"
"fuegung_verbindung","Steckverbindung","fuegung_verbindung/Steckverbindung","Steckverbindung","clean_phase20","_database/fuegung_verbindung/Steckverbindung/index.md","1","1"
"fuegung_verbindung","Verleimung","fuegung_verbindung/Verleimung","Verleimung","clean_phase20","_database/fuegung_verbindung/Verleimung/index.md","1","1"
"fuegung_verbindung","Vermoertelung","fuegung_verbindung/Vermoertelung","Vermoertelung","clean_phase20","_database/fuegung_verbindung/Vermoertelung/index.md","1","1"
"fuegung_verbindung","Verschraubung","fuegung_verbindung/Verschraubung","Verschraubung","clean_phase20","_database/fuegung_verbindung/Verschraubung/index.md","1","1"
"fuegung_verbindung","Verschweissung","fuegung_verbindung/Verschweissung","Verschweissung","clean_phase20","_database/fuegung_verbindung/Verschweissung/index.md","1","1"
"huerde","Akzeptanzproblem","huerde/Akzeptanzproblem","Akzeptanzproblem","clean_phase20","_database/huerde/Akzeptanzproblem/index.md","1","1"
"huerde","Anschlussproblem","huerde/Anschlussproblem","Anschlussproblem","clean_phase20","_database/huerde/Anschlussproblem/index.md","1","1"
"huerde","Aufbereitungsaufwand","huerde/Aufbereitungsaufwand","Aufbereitungsaufwand","clean_phase20","_database/huerde/Aufbereitungsaufwand/index.md","1","1"
"huerde","Ausschreibungsproblem","huerde/Ausschreibungsproblem","Ausschreibungsproblem","clean_phase20","_database/huerde/Ausschreibungsproblem/index.md","1","1"
"huerde","Bauproduktstatus","huerde/Bauproduktstatus","Bauproduktstatus","clean_phase20","_database/huerde/Bauproduktstatus/index.md","1","1"
"huerde","Brandschutzkonflikt","huerde/Brandschutzkonflikt","Brandschutzkonflikt","clean_phase20","_database/huerde/Brandschutzkonflikt/index.md","1","1"
"huerde","Bruch_Beschaedigungsrisiko","huerde/Bruch_Beschaedigungsrisiko","Bruch_Beschaedigungsrisiko","clean_phase20","_database/huerde/Bruch_Beschaedigungsrisiko/index.md","1","1"
"huerde","Datenluecke","huerde/Datenluecke","Datenluecke","clean_phase20","_database/huerde/Datenluecke/index.md","1","1"
"huerde","Dauerhaftigkeit_Restlebensdauer","huerde/Dauerhaftigkeit_Restlebensdauer","Dauerhaftigkeit_Restlebensdauer","clean_phase20","_database/huerde/Dauerhaftigkeit_Restlebensdauer/index.md","1","1"
"huerde","Entwurfsbindung","huerde/Entwurfsbindung","Entwurfsbindung","clean_phase20","_database/huerde/Entwurfsbindung/index.md","1","1"
"huerde","Fehlende_Datenstandards","huerde/Fehlende_Datenstandards","Fehlende_Datenstandards","clean_phase20","_database/huerde/Fehlende_Datenstandards/index.md","1","1"
"huerde","Fehlende_Lagerflaeche","huerde/Fehlende_Lagerflaeche","Fehlende_Lagerflaeche","clean_phase20","_database/huerde/Fehlende_Lagerflaeche/index.md","1","1"
"huerde","Fehlende_Standardisierung","huerde/Fehlende_Standardisierung","Fehlende_Standardisierung","clean_phase20","_database/huerde/Fehlende_Standardisierung/index.md","1","1"
"huerde","Gewaehrleistung","huerde/Gewaehrleistung","Gewaehrleistung","clean_phase20","_database/huerde/Gewaehrleistung/index.md","1","1"
"huerde","Haftung","huerde/Haftung","Haftung","clean_phase20","_database/huerde/Haftung/index.md","1","1"
"huerde","Heterogenitaet_Chargen","huerde/Heterogenitaet_Chargen","Heterogenitaet_Chargen","clean_phase20","_database/huerde/Heterogenitaet_Chargen/index.md","1","1"
"huerde","Hygieneanforderung","huerde/Hygieneanforderung","Hygieneanforderung","clean_phase20","_database/huerde/Hygieneanforderung/index.md","1","1"
"huerde","Kompatibilitaetsproblem","huerde/Kompatibilitaetsproblem","Kompatibilitaetsproblem","clean_phase20","_database/huerde/Kompatibilitaetsproblem/index.md","1","1"
"huerde","Materialqualitaet_Unklar","huerde/Materialqualitaet_Unklar","Materialqualitaet_Unklar","clean_phase20","_database/huerde/Materialqualitaet_Unklar/index.md","1","1"
"huerde","Mengenunsicherheit","huerde/Mengenunsicherheit","Mengenunsicherheit","clean_phase20","_database/huerde/Mengenunsicherheit/index.md","1","1"
"huerde","Schadstoffbelastung","huerde/Schadstoffbelastung","Schadstoffbelastung","clean_phase20","_database/huerde/Schadstoffbelastung/index.md","1","1"
"huerde","Technische_Freigabe","huerde/Technische_Freigabe","Technische_Freigabe","clean_phase20","_database/huerde/Technische_Freigabe/index.md","1","1"
"huerde","Terminunsicherheit","huerde/Terminunsicherheit","Terminunsicherheit","clean_phase20","_database/huerde/Terminunsicherheit/index.md","1","1"
"huerde","Toleranzen","huerde/Toleranzen","Toleranzen","clean_phase20","_database/huerde/Toleranzen/index.md","1","1"
"huerde","Unkonventionelles_Material","huerde/Unkonventionelles_Material","Unkonventionelles_Material","clean_phase20","_database/huerde/Unkonventionelles_Material/index.md","1","1"
"huerde","Verfuegbarkeitsproblem","huerde/Verfuegbarkeitsproblem","Verfuegbarkeitsproblem","clean_phase20","_database/huerde/Verfuegbarkeitsproblem/index.md","1","1"
"huerde","Witterung_Feuchte","huerde/Witterung_Feuchte","Witterung_Feuchte","clean_phase20","_database/huerde/Witterung_Feuchte/index.md","1","1"
"huerde","Zustand_Unklar","huerde/Zustand_Unklar","Zustand_Unklar","clean_phase20","_database/huerde/Zustand_Unklar/index.md","1","1"
"kennwertdefinition","Abfallvermeidung","kennwertdefinition/Abfallvermeidung","Abfallvermeidung","clean_phase20","_database/kennwertdefinition/Abfallvermeidung/index.md","1","1"
"kennwertdefinition","Abmessung","kennwertdefinition/Abmessung","Abmessung","clean_phase20","_database/kennwertdefinition/Abmessung/index.md","1","1"
"kennwertdefinition","Arbeitsplaetze","kennwertdefinition/Arbeitsplaetze","Arbeitsplaetze","clean_phase20","_database/kennwertdefinition/Arbeitsplaetze/index.md","1","1"
"kennwertdefinition","Baukosten","kennwertdefinition/Baukosten","Baukosten","clean_phase20","_database/kennwertdefinition/Baukosten/index.md","1","1"
"kennwertdefinition","Bauteilalter","kennwertdefinition/Bauteilalter","Bauteilalter","clean_phase20","_database/kennwertdefinition/Bauteilalter/index.md","1","1"
"kennwertdefinition","Bauteilanzahl","kennwertdefinition/Bauteilanzahl","Bauteilanzahl","clean_phase20","_database/kennwertdefinition/Bauteilanzahl/index.md","1","1"
"kennwertdefinition","Bauzeit","kennwertdefinition/Bauzeit","Bauzeit","clean_phase20","_database/kennwertdefinition/Bauzeit/index.md","1","1"
"kennwertdefinition","CO2_Einsparung","kennwertdefinition/CO2_Einsparung","CO2_Einsparung","clean_phase20","_database/kennwertdefinition/CO2_Einsparung/index.md","1","1"
"kennwertdefinition","Demontagegrad","kennwertdefinition/Demontagegrad","Demontagegrad","clean_phase20","_database/kennwertdefinition/Demontagegrad/index.md","1","1"
"kennwertdefinition","Energiebedarf","kennwertdefinition/Energiebedarf","Energiebedarf","clean_phase20","_database/kennwertdefinition/Energiebedarf/index.md","1","1"
"kennwertdefinition","Energieerzeugung","kennwertdefinition/Energieerzeugung","Energieerzeugung","clean_phase20","_database/kennwertdefinition/Energieerzeugung/index.md","1","1"
"kennwertdefinition","Fertigstellung","kennwertdefinition/Fertigstellung","Fertigstellung","clean_phase20","_database/kennwertdefinition/Fertigstellung/index.md","1","1"
"kennwertdefinition","Flaeche","kennwertdefinition/Flaeche","Flaeche","clean_phase20","_database/kennwertdefinition/Flaeche/index.md","1","1"
"kennwertdefinition","Gebaeudemasse","kennwertdefinition/Gebaeudemasse","Gebaeudemasse","clean_phase20","_database/kennwertdefinition/Gebaeudemasse/index.md","1","1"
"kennwertdefinition","Geschosse","kennwertdefinition/Geschosse","Geschosse","clean_phase20","_database/kennwertdefinition/Geschosse/index.md","1","1"
"kennwertdefinition","Graue_Energie","kennwertdefinition/Graue_Energie","Graue_Energie","clean_phase20","_database/kennwertdefinition/Graue_Energie/index.md","1","1"
"kennwertdefinition","Hoehe","kennwertdefinition/Hoehe","Hoehe","clean_phase20","_database/kennwertdefinition/Hoehe/index.md","1","1"
"kennwertdefinition","Kostenwirkung","kennwertdefinition/Kostenwirkung","Kostenwirkung","clean_phase20","_database/kennwertdefinition/Kostenwirkung/index.md","1","1"
"kennwertdefinition","Lebensdauer","kennwertdefinition/Lebensdauer","Lebensdauer","clean_phase20","_database/kennwertdefinition/Lebensdauer/index.md","1","1"
"kennwertdefinition","Materialherkunft","kennwertdefinition/Materialherkunft","Materialherkunft","clean_phase20","_database/kennwertdefinition/Materialherkunft/index.md","1","1"
"kennwertdefinition","Materialmenge","kennwertdefinition/Materialmenge","Materialmenge","clean_phase20","_database/kennwertdefinition/Materialmenge/index.md","1","1"
"kennwertdefinition","Materialwert","kennwertdefinition/Materialwert","Materialwert","clean_phase20","_database/kennwertdefinition/Materialwert/index.md","1","1"
"kennwertdefinition","Nutzungsumfang","kennwertdefinition/Nutzungsumfang","Nutzungsumfang","clean_phase20","_database/kennwertdefinition/Nutzungsumfang/index.md","1","1"
"kennwertdefinition","Planungsaufwand","kennwertdefinition/Planungsaufwand","Planungsaufwand","clean_phase20","_database/kennwertdefinition/Planungsaufwand/index.md","1","1"
"kennwertdefinition","Primaermaterial_Einsparung","kennwertdefinition/Primaermaterial_Einsparung","Primaermaterial_Einsparung","clean_phase20","_database/kennwertdefinition/Primaermaterial_Einsparung/index.md","1","1"
"kennwertdefinition","Recyclingquote","kennwertdefinition/Recyclingquote","Recyclingquote","clean_phase20","_database/kennwertdefinition/Recyclingquote/index.md","1","1"
"kennwertdefinition","Transportdistanz","kennwertdefinition/Transportdistanz","Transportdistanz","clean_phase20","_database/kennwertdefinition/Transportdistanz/index.md","1","1"
"kennwertdefinition","U_Wert","kennwertdefinition/U_Wert","U_Wert","clean_phase20","_database/kennwertdefinition/U_Wert/index.md","1","1"
"kennwertdefinition","Wasserkennwert","kennwertdefinition/Wasserkennwert","Wasserkennwert","clean_phase20","_database/kennwertdefinition/Wasserkennwert/index.md","1","1"
"kennwertdefinition","Wiederverwendungsquote","kennwertdefinition/Wiederverwendungsquote","Wiederverwendungsquote","clean_phase20","_database/kennwertdefinition/Wiederverwendungsquote/index.md","1","1"
"kennwertdefinition","Zertifizierung_Auszeichnung","kennwertdefinition/Zertifizierung_Auszeichnung","Zertifizierung_Auszeichnung","clean_phase20","_database/kennwertdefinition/Zertifizierung_Auszeichnung/index.md","1","1"
"kontextmerkmal","Bestandserhalt_Policy","kontextmerkmal/Bestandserhalt_Policy","Bestandserhalt_Policy","clean_phase20","_database/kontextmerkmal/Bestandserhalt_Policy/index.md","1","1"
"kontextmerkmal","Pilotprojekt","kontextmerkmal/Pilotprojekt","Pilotprojekt","clean_phase20","_database/kontextmerkmal/Pilotprojekt/index.md","1","1"
"leistungsanforderung","Brandschutz","leistungsanforderung/Brandschutz","Brandschutz","clean_phase20","_database/leistungsanforderung/Brandschutz/index.md","2","2"
"leistungsanforderung","Brandschutzanforderung","leistungsanforderung/Brandschutzanforderung","Brandschutzanforderung","clean_phase20","_database/leistungsanforderung/Brandschutzanforderung/index.md","1","1"
"leistungsanforderung","Dauerhaftigkeit","leistungsanforderung/Dauerhaftigkeit","Dauerhaftigkeit","clean_phase20","_database/leistungsanforderung/Dauerhaftigkeit/index.md","1","1"
"leistungsanforderung","F90","leistungsanforderung/F90","F90","clean_phase20","_database/leistungsanforderung/F90/index.md","1","1"
"leistungsanforderung","Feuchteschutz","leistungsanforderung/Feuchteschutz","Feuchteschutz","clean_phase20","_database/leistungsanforderung/Feuchteschutz/index.md","1","1"
"leistungsanforderung","Feuerwiderstand","leistungsanforderung/Feuerwiderstand","Feuerwiderstand","clean_phase20","_database/leistungsanforderung/Feuerwiderstand/index.md","1","1"
"leistungsanforderung","R90","leistungsanforderung/R90","R90","clean_phase20","_database/leistungsanforderung/R90/index.md","1","1"
"leistungsanforderung","REI90","leistungsanforderung/REI90","REI90","clean_phase20","_database/leistungsanforderung/REI90/index.md","1","1"
"leistungsanforderung","Rueckbaubarkeit","leistungsanforderung/Rueckbaubarkeit","Rueckbaubarkeit","clean_phase20","_database/leistungsanforderung/Rueckbaubarkeit/index.md","1","1"
"leistungsanforderung","Schadstofffreiheit","leistungsanforderung/Schadstofffreiheit","Schadstofffreiheit","clean_phase20","_database/leistungsanforderung/Schadstofffreiheit/index.md","1","1"
"leistungsanforderung","Schallschutz","leistungsanforderung/Schallschutz","Schallschutz","clean_phase20","_database/leistungsanforderung/Schallschutz/index.md","1","1"
"leistungsanforderung","Tragfaehigkeit","leistungsanforderung/Tragfaehigkeit","Tragfaehigkeit","clean_phase20","_database/leistungsanforderung/Tragfaehigkeit/index.md","1","1"
"leistungsanforderung","Waermeschutz","leistungsanforderung/Waermeschutz","Waermeschutz","clean_phase20","_database/leistungsanforderung/Waermeschutz/index.md","1","1"
"logistik","Lagerflaeche","logistik/Lagerflaeche","Lagerflaeche","clean_phase20","_database/logistik/Lagerflaeche/index.md","1","1"
"logistik","Lagerung","logistik/Lagerung","Lagerung","clean_phase20","_database/logistik/Lagerung/index.md","1","1"
"logistik","Materialmatching","logistik/Materialmatching","Materialmatching","clean_phase20","_database/logistik/Materialmatching/index.md","1","1"
"logistik","Materialverfuegbarkeit","logistik/Materialverfuegbarkeit","Materialverfuegbarkeit","clean_phase20","_database/logistik/Materialverfuegbarkeit/index.md","1","1"
"logistik","Transport","logistik/Transport","Transport","clean_phase20","_database/logistik/Transport/index.md","1","1"
"logistik","Zwischenlagerung","logistik/Zwischenlagerung","Zwischenlagerung","clean_phase20","_database/logistik/Zwischenlagerung/index.md","1","1"
"material","Aluminium","material/Aluminium","Aluminium","clean_phase20","_database/material/Aluminium/index.md","1","1"
"material","Beton","material/Beton","Beton","clean_phase20","_database/material/Beton/index.md","1","1"
"material","Composite","material/Composite","Composite","clean_phase20","_database/material/Composite/index.md","1","1"
"material","Daemmstoff","material/Daemmstoff","Daemmstoff","clean_phase20","_database/material/Daemmstoff/index.md","1","1"
"material","Glas","material/Glas","Glas","clean_phase20","_database/material/Glas/index.md","1","1"
"material","Holz","material/Holz","Holz","clean_phase20","_database/material/Holz/index.md","1","1"
"material","Keramik","material/Keramik","Keramik","clean_phase20","_database/material/Keramik/index.md","2","2"
"material","Kunststoff","material/Kunststoff","Kunststoff","clean_phase20","_database/material/Kunststoff/index.md","1","1"
"material","Lehm","material/Lehm","Lehm","clean_phase20","_database/material/Lehm/index.md","1","1"
"material","Naturstein","material/Naturstein","Naturstein","clean_phase20","_database/material/Naturstein/index.md","1","1"
"material","Stahl","material/Stahl","Stahl","clean_phase20","_database/material/Stahl/index.md","1","1"
"material","Stahlbeton","material/Stahlbeton","Stahlbeton","clean_phase20","_database/material/Stahlbeton/index.md","0","0"
"material","Stroh","material/Stroh","Stroh","clean_phase20","_database/material/Stroh/index.md","1","1"
"material","Textil","material/Textil","Textil","clean_phase20","_database/material/Textil/index.md","1","1"
"material","Ziegel","material/Ziegel","Ziegel","clean_phase20","_database/material/Ziegel/index.md","2","2"
"methode","Abrissmonitoring","methode/Abrissmonitoring","Abrissmonitoring","clean_phase20","_database/methode/Abrissmonitoring/index.md","1","1"
"methode","Bauteilkatalogisierung","methode/Bauteilkatalogisierung","Bauteilkatalogisierung","clean_phase20","_database/methode/Bauteilkatalogisierung/index.md","1","1"
"methode","Building_Material_Scouting","methode/Building_Material_Scouting","Building_Material_Scouting","clean_phase20","_database/methode/Building_Material_Scouting/index.md","1","1"
"methode","Design_for_Disassembly","methode/Design_for_Disassembly","Design_for_Disassembly","clean_phase20","_database/methode/Design_for_Disassembly/index.md","1","1"
"methode","Form_Follows_Availability","methode/Form_Follows_Availability","Form_Follows_Availability","clean_phase20","_database/methode/Form_Follows_Availability/index.md","1","1"
"methode","Materialinventur","methode/Materialinventur","Materialinventur","clean_phase20","_database/methode/Materialinventur/index.md","1","1"
"methode","Pre_Deconstruction_Audit","methode/Pre_Deconstruction_Audit","Pre_Deconstruction_Audit","clean_phase20","_database/methode/Pre_Deconstruction_Audit/index.md","1","1"
"methode","ReUse_Assessment","methode/ReUse_Assessment","ReUse_Assessment","clean_phase20","_database/methode/ReUse_Assessment/index.md","1","1"
"methode","ReUse_Ausschreibung","methode/ReUse_Ausschreibung","ReUse_Ausschreibung","clean_phase20","_database/methode/ReUse_Ausschreibung/index.md","1","1"
"methode","Reversibilitaet","methode/Reversibilitaet","Reversibilitaet","clean_phase20","_database/methode/Reversibilitaet/index.md","1","1"
"methode","Urban_Mining","methode/Urban_Mining","Urban_Mining","clean_phase20","_database/methode/Urban_Mining/index.md","1","1"
"methode","Wiederverwendungskriterien","methode/Wiederverwendungskriterien","Wiederverwendungskriterien","clean_phase20","_database/methode/Wiederverwendungskriterien/index.md","1","1"
"methode","Zirkulaere_Ausschreibung","methode/Zirkulaere_Ausschreibung","Zirkulaere_Ausschreibung","clean_phase20","_database/methode/Zirkulaere_Ausschreibung/index.md","1","1"
"norm","DIN_18940","norm/DIN_18940","DIN_18940","clean_phase20","_database/norm/DIN_18940/index.md","1","1"
"norm","DIN_EN_15804","norm/DIN_EN_15804","DIN_EN_15804","clean_phase20","_database/norm/DIN_EN_15804/index.md","2","2"
"norm","DIN_EN_15978","norm/DIN_EN_15978","DIN_EN_15978","clean_phase20","_database/norm/DIN_EN_15978/index.md","1","1"
"norm","EN_1090","norm/EN_1090","EN_1090","clean_phase20","_database/norm/EN_1090/index.md","1","1"
"norm","ISO_14040","norm/ISO_14040","ISO_14040","clean_phase20","_database/norm/ISO_14040/index.md","1","1"
"norm","ISO_14044","norm/ISO_14044","ISO_14044","clean_phase20","_database/norm/ISO_14044/index.md","1","1"
"norm","ISO_20887","norm/ISO_20887","ISO_20887","clean_phase20","_database/norm/ISO_20887/index.md","1","1"
"ort","Barcelona","ort/Barcelona","Barcelona","clean_phase20","_database/ort/Barcelona/index.md","1","1"
"ort","Basel","ort/Basel","Basel","clean_phase20","_database/ort/Basel/index.md","1","1"
"ort","Berlin","ort/Berlin","Berlin","clean_phase20","_database/ort/Berlin/index.md","1","1"
"ort","Berlin_Neukoelln","ort/Berlin_Neukoelln","Berlin_Neukoelln","clean_phase20","_database/ort/Berlin_Neukoelln/index.md","1","1"
"ort","Bruessel","ort/Bruessel","Bruessel","clean_phase20","_database/ort/Bruessel/index.md","1","1"
"ort","Deutschland","ort/Deutschland","Deutschland","clean_phase20","_database/ort/Deutschland/index.md","1","1"
"ort","Europa","ort/Europa","Europa","clean_phase20","_database/ort/Europa/index.md","1","1"
"ort","Evere","ort/Evere","Evere","clean_phase20","_database/ort/Evere/index.md","1","1"
"ort","Kindl_Areal_Standort","ort/Kindl_Areal_Standort","Kindl_Areal_Standort","clean_phase20","_database/ort/Kindl_Areal_Standort/index.md","1","1"
"ort","Mueggelsee","ort/Mueggelsee","Mueggelsee","clean_phase20","_database/ort/Mueggelsee/index.md","1","1"
"ort","Schweiz","ort/Schweiz","Schweiz","clean_phase20","_database/ort/Schweiz/index.md","1","1"
"ort","Walkeweg","ort/Walkeweg","Walkeweg","clean_phase20","_database/ort/Walkeweg/index.md","1","1"
"projekt","55_Great_Suffolk_Street_London","projekt/55_Great_Suffolk_Street_London","55_Great_Suffolk_Street_London","clean_phase20","_database/projekt/55_Great_Suffolk_Street_London/index.md","1","1"
"projekt","Altes_Hobelwerk_Winterthur","projekt/Altes_Hobelwerk_Winterthur","Altes_Hobelwerk_Winterthur","clean_phase20","_database/projekt/Altes_Hobelwerk_Winterthur/index.md","1","1"
"projekt","Areal_Walkeweg_Nord","projekt/Areal_Walkeweg_Nord","Areal_Walkeweg_Nord","clean_phase20","_database/projekt/Areal_Walkeweg_Nord/index.md","1","1"
"projekt","Association_house_Groeditz","projekt/Association_house_Groeditz","Association_house_Groeditz","clean_phase20","_database/projekt/Association_house_Groeditz/index.md","1","1"
"projekt","Association_house_Plauen","projekt/Association_house_Plauen","Association_house_Plauen","clean_phase20","_database/projekt/Association_house_Plauen/index.md","1","1"
"projekt","AWM_Muenster_Circular_Office","projekt/AWM_Muenster_Circular_Office","AWM_Muenster_Circular_Office","clean_phase20","_database/projekt/AWM_Muenster_Circular_Office/index.md","1","1"
"projekt","BedZED_London_Hackbridge","projekt/BedZED_London_Hackbridge","BedZED_London_Hackbridge","clean_phase20","_database/projekt/BedZED_London_Hackbridge/index.md","1","1"
"projekt","Berlin_Schildow_Pilot_House","projekt/Berlin_Schildow_Pilot_House","Berlin_Schildow_Pilot_House","clean_phase20","_database/projekt/Berlin_Schildow_Pilot_House/index.md","1","1"
"projekt","Berlin_Schildow_Pilot_House_2","projekt/Berlin_Schildow_Pilot_House_2","Berlin_Schildow_Pilot_House_2","clean_phase20","_database/projekt/Berlin_Schildow_Pilot_House_2/index.md","1","1"
"projekt","Bestandshalle_CRCLR_House","projekt/Bestandshalle_CRCLR_House","Bestandshalle_CRCLR_House","clean_phase20","_database/projekt/Bestandshalle_CRCLR_House/index.md","1","1"
"projekt","Bestandverplanzung_Pavilion_Muenchen","projekt/Bestandverplanzung_Pavilion_Muenchen","Bestandverplanzung_Pavilion_Muenchen","clean_phase20","_database/projekt/Bestandverplanzung_Pavilion_Muenchen/index.md","1","1"
"projekt","Big_Dig_Building_Boston","projekt/Big_Dig_Building_Boston","Big_Dig_Building_Boston","clean_phase20","_database/projekt/Big_Dig_Building_Boston/index.md","1","1"
"projekt","Big_Dig_House_Lexington_Massachusetts","projekt/Big_Dig_House_Lexington_Massachusetts","Big_Dig_House_Lexington_Massachusetts","clean_phase20","_database/projekt/Big_Dig_House_Lexington_Massachusetts/index.md","1","1"
"projekt","BioPartner_5_Leiden_Oegstgeest","projekt/BioPartner_5_Leiden_Oegstgeest","BioPartner_5_Leiden_Oegstgeest","clean_phase20","_database/projekt/BioPartner_5_Leiden_Oegstgeest/index.md","1","1"
"projekt","BlueCity_Offices_Rotterdam","projekt/BlueCity_Offices_Rotterdam","BlueCity_Offices_Rotterdam","clean_phase20","_database/projekt/BlueCity_Offices_Rotterdam/index.md","1","1"
"projekt","BOELL_LAB_Berlin","projekt/BOELL_LAB_Berlin","BOELL_LAB_Berlin","clean_phase20","_database/projekt/BOELL_LAB_Berlin/index.md","1","1"
"projekt","Boulder_Fire_Station_3","projekt/Boulder_Fire_Station_3","Boulder_Fire_Station_3","clean_phase20","_database/projekt/Boulder_Fire_Station_3/index.md","1","1"
"projekt","Brent_Cross_Town_Primary_Substation_London","projekt/Brent_Cross_Town_Primary_Substation_London","Brent_Cross_Town_Primary_Substation_London","clean_phase20","_database/projekt/Brent_Cross_Town_Primary_Substation_London/index.md","1","1"
"projekt","Brighton_Waste_House_Brighton","projekt/Brighton_Waste_House_Brighton","Brighton_Waste_House_Brighton","clean_phase20","_database/projekt/Brighton_Waste_House_Brighton/index.md","1","1"
"projekt","Broethen_Twin_House_Hoyerswerda","projekt/Broethen_Twin_House_Hoyerswerda","Broethen_Twin_House_Hoyerswerda","clean_phase20","_database/projekt/Broethen_Twin_House_Hoyerswerda/index.md","1","1"
"projekt","CascadeUp_London_secondary_timber_glulam_demonstrator","projekt/CascadeUp_London_secondary_timber_glulam_demonstrator","CascadeUp_London_secondary_timber_glulam_demonstrator","clean_phase20","_database/projekt/CascadeUp_London_secondary_timber_glulam_demonstrator/index.md","1","1"
"projekt","Charles_Malis_Molenbeek","projekt/Charles_Malis_Molenbeek","Charles_Malis_Molenbeek","clean_phase20","_database/projekt/Charles_Malis_Molenbeek/index.md","1","1"
"projekt","Chiro_d_Itterbeek_Dilbeek","projekt/Chiro_d_Itterbeek_Dilbeek","Chiro_d_Itterbeek_Dilbeek","clean_phase20","_database/projekt/Chiro_d_Itterbeek_Dilbeek/index.md","1","1"
"projekt","Christ_Pavilion_Volkenroda","projekt/Christ_Pavilion_Volkenroda","Christ_Pavilion_Volkenroda","clean_phase20","_database/projekt/Christ_Pavilion_Volkenroda/index.md","1","1"
"projekt","Circular_Centre_Netherlands_Prinsenhof_A_reuse_pilot","projekt/Circular_Centre_Netherlands_Prinsenhof_A_reuse_pilot","Circular_Centre_Netherlands_Prinsenhof_A_reuse_pilot","clean_phase20","_database/projekt/Circular_Centre_Netherlands_Prinsenhof_A_reuse_pilot/index.md","1","1"
"projekt","Circular_Pavilion_Paris","projekt/Circular_Pavilion_Paris","Circular_Pavilion_Paris","clean_phase20","_database/projekt/Circular_Pavilion_Paris/index.md","1","1"
"projekt","CRCLR_House_Impact_Hub_Berlin","projekt/CRCLR_House_Impact_Hub_Berlin","CRCLR_House_Impact_Hub_Berlin","clean_phase20","_database/projekt/CRCLR_House_Impact_Hub_Berlin/index.md","1","1"
"projekt","Da_Vinci_Business_District","projekt/Da_Vinci_Business_District","Da_Vinci_Business_District","clean_phase20","_database/projekt/Da_Vinci_Business_District/index.md","1","1"
"projekt","Elementa","projekt/Elementa","Elementa","clean_phase20","_database/projekt/Elementa/index.md","1","1"
"projekt","ELYS_Kultur_Gewerbehaus_Basel","projekt/ELYS_Kultur_Gewerbehaus_Basel","ELYS_Kultur_Gewerbehaus_Basel","clean_phase20","_database/projekt/ELYS_Kultur_Gewerbehaus_Basel/index.md","1","1"
"projekt","ELYS_Kultur_und_Gewerbehaus_Basel_Lysbuechelareal","projekt/ELYS_Kultur_und_Gewerbehaus_Basel_Lysbuechelareal","ELYS_Kultur_und_Gewerbehaus_Basel_Lysbuechelareal","clean_phase20","_database/projekt/ELYS_Kultur_und_Gewerbehaus_Basel_Lysbuechelareal/index.md","1","1"
"projekt","Europa_Building_Brussels","projekt/Europa_Building_Brussels","Europa_Building_Brussels","clean_phase20","_database/projekt/Europa_Building_Brussels/index.md","1","1"
"projekt","Ferme_du_Rail_Paris","projekt/Ferme_du_Rail_Paris","Ferme_du_Rail_Paris","clean_phase20","_database/projekt/Ferme_du_Rail_Paris/index.md","1","1"
"projekt","gjG_House_Gentbrugge","projekt/gjG_House_Gentbrugge","gjG_House_Gentbrugge","clean_phase20","_database/projekt/gjG_House_Gentbrugge/index.md","1","1"
"projekt","Grande_Halle_de_Colombelles","projekt/Grande_Halle_de_Colombelles","Grande_Halle_de_Colombelles","clean_phase20","_database/projekt/Grande_Halle_de_Colombelles/index.md","1","1"
"projekt","Grubenstrasse_29_Werkhof_29_Zuerich","projekt/Grubenstrasse_29_Werkhof_29_Zuerich","Grubenstrasse_29_Werkhof_29_Zuerich","clean_phase20","_database/projekt/Grubenstrasse_29_Werkhof_29_Zuerich/index.md","1","1"
"projekt","Harmalanranta_A_Kruunu_ReCreate_mini_pilot_Tampere","projekt/Harmalanranta_A_Kruunu_ReCreate_mini_pilot_Tampere","Harmalanranta_A_Kruunu_ReCreate_mini_pilot_Tampere","clean_phase20","_database/projekt/Harmalanranta_A_Kruunu_ReCreate_mini_pilot_Tampere/index.md","1","1"
"projekt","Hastings_Pier_Visitor_Centre","projekt/Hastings_Pier_Visitor_Centre","Hastings_Pier_Visitor_Centre","clean_phase20","_database/projekt/Hastings_Pier_Visitor_Centre/index.md","1","1"
"projekt","Haus_HOS_Mehrfamilienhaus_Muehlhausen","projekt/Haus_HOS_Mehrfamilienhaus_Muehlhausen","Haus_HOS_Mehrfamilienhaus_Muehlhausen","clean_phase20","_database/projekt/Haus_HOS_Mehrfamilienhaus_Muehlhausen/index.md","1","1"
"projekt","Hobelwerk_Haus_D_Oberwinterthur","projekt/Hobelwerk_Haus_D_Oberwinterthur","Hobelwerk_Haus_D_Oberwinterthur","clean_phase20","_database/projekt/Hobelwerk_Haus_D_Oberwinterthur/index.md","1","1"
"projekt","Holbein_Gardens_London","projekt/Holbein_Gardens_London","Holbein_Gardens_London","clean_phase20","_database/projekt/Holbein_Gardens_London/index.md","1","1"
"projekt","House_of_Fraser_318_Oxford_Street_TBC_London_reuse_chain","projekt/House_of_Fraser_318_Oxford_Street_TBC_London_reuse_chain","House_of_Fraser_318_Oxford_Street_TBC_London_reuse_chain","clean_phase20","_database/projekt/House_of_Fraser_318_Oxford_Street_TBC_London_reuse_chain/index.md","1","1"
"projekt","Impact_Hub_Berlin_CRCLR_Fitout","projekt/Impact_Hub_Berlin_CRCLR_Fitout","Impact_Hub_Berlin_CRCLR_Fitout","clean_phase20","_database/projekt/Impact_Hub_Berlin_CRCLR_Fitout/index.md","1","1"
"projekt","Institut_de_Botanique_ULg_Liege","projekt/Institut_de_Botanique_ULg_Liege","Institut_de_Botanique_ULg_Liege","clean_phase20","_database/projekt/Institut_de_Botanique_ULg_Liege/index.md","1","1"
"projekt","Jeugdkliniek_Ithaka_Emergis_Kloetinge","projekt/Jeugdkliniek_Ithaka_Emergis_Kloetinge","Jeugdkliniek_Ithaka_Emergis_Kloetinge","clean_phase20","_database/projekt/Jeugdkliniek_Ithaka_Emergis_Kloetinge/index.md","1","1"
"projekt","Juch_Areal_Recyclingzentrum_Zuerich","projekt/Juch_Areal_Recyclingzentrum_Zuerich","Juch_Areal_Recyclingzentrum_Zuerich","clean_phase20","_database/projekt/Juch_Areal_Recyclingzentrum_Zuerich/index.md","1","1"
"projekt","K118_Kopfbau_Halle_118_Winterthur","projekt/K118_Kopfbau_Halle_118_Winterthur","K118_Kopfbau_Halle_118_Winterthur","clean_phase20","_database/projekt/K118_Kopfbau_Halle_118_Winterthur/index.md","1","1"
"projekt","KA13_Kristian_Augusts_gate_13_Oslo","projekt/KA13_Kristian_Augusts_gate_13_Oslo","KA13_Kristian_Augusts_gate_13_Oslo","clean_phase20","_database/projekt/KA13_Kristian_Augusts_gate_13_Oslo/index.md","1","1"
"projekt","Kamikatsu_Zero_Waste_Center_Hotel_WHY","projekt/Kamikatsu_Zero_Waste_Center_Hotel_WHY","Kamikatsu_Zero_Waste_Center_Hotel_WHY","clean_phase20","_database/projekt/Kamikatsu_Zero_Waste_Center_Hotel_WHY/index.md","1","1"
"projekt","Kindergarten_Moeoeslistrasse_Manegg_Zuerich","projekt/Kindergarten_Moeoeslistrasse_Manegg_Zuerich","Kindergarten_Moeoeslistrasse_Manegg_Zuerich","clean_phase20","_database/projekt/Kindergarten_Moeoeslistrasse_Manegg_Zuerich/index.md","1","1"
"projekt","Kindl_Areal","projekt/Kindl_Areal","Kindl_Areal","clean_phase20","_database/projekt/Kindl_Areal/index.md","1","1"
"projekt","Liander_Alliander_HQ_Duiven","projekt/Liander_Alliander_HQ_Duiven","Liander_Alliander_HQ_Duiven","clean_phase20","_database/projekt/Liander_Alliander_HQ_Duiven/index.md","1","1"
"projekt","Lo_Reninge_Town_Hall_Facade","projekt/Lo_Reninge_Town_Hall_Facade","Lo_Reninge_Town_Hall_Facade","clean_phase20","_database/projekt/Lo_Reninge_Town_Hall_Facade/index.md","1","1"
"projekt","Lokomotion_Technology_Centre_mini_pilot_Tampere","projekt/Lokomotion_Technology_Centre_mini_pilot_Tampere","Lokomotion_Technology_Centre_mini_pilot_Tampere","clean_phase20","_database/projekt/Lokomotion_Technology_Centre_mini_pilot_Tampere/index.md","1","1"
"projekt","Lycee_Michel_Lucius_Conversion_Luxembourg","projekt/Lycee_Michel_Lucius_Conversion_Luxembourg","Lycee_Michel_Lucius_Conversion_Luxembourg","clean_phase20","_database/projekt/Lycee_Michel_Lucius_Conversion_Luxembourg/index.md","1","1"
"projekt","Lysbuechel_Parkhaus","projekt/Lysbuechel_Parkhaus","Lysbuechel_Parkhaus","clean_phase20","_database/projekt/Lysbuechel_Parkhaus/index.md","1","1"
"projekt","LysP8_Basel_Lysbuechelareal","projekt/LysP8_Basel_Lysbuechelareal","LysP8_Basel_Lysbuechelareal","clean_phase20","_database/projekt/LysP8_Basel_Lysbuechelareal/index.md","1","1"
"projekt","Maison_des_Canaux_Paris","projekt/Maison_des_Canaux_Paris","Maison_des_Canaux_Paris","clean_phase20","_database/projekt/Maison_des_Canaux_Paris/index.md","1","1"
"projekt","Maison_DnA_Asse","projekt/Maison_DnA_Asse","Maison_DnA_Asse","clean_phase20","_database/projekt/Maison_DnA_Asse/index.md","1","1"
"projekt","Maison_Vignette_Auderghem","projekt/Maison_Vignette_Auderghem","Maison_Vignette_Auderghem","clean_phase20","_database/projekt/Maison_Vignette_Auderghem/index.md","1","1"
"projekt","Mehrow_Pilot_House","projekt/Mehrow_Pilot_House","Mehrow_Pilot_House","clean_phase20","_database/projekt/Mehrow_Pilot_House/index.md","1","1"
"projekt","Melkinlaituri_Primary_School_Daycare_Centre_Helsinki","projekt/Melkinlaituri_Primary_School_Daycare_Centre_Helsinki","Melkinlaituri_Primary_School_Daycare_Centre_Helsinki","clean_phase20","_database/projekt/Melkinlaituri_Primary_School_Daycare_Centre_Helsinki/index.md","1","1"
"projekt","Montessori_Maassluis","projekt/Montessori_Maassluis","Montessori_Maassluis","clean_phase20","_database/projekt/Montessori_Maassluis/index.md","1","1"
"projekt","Multi_Brussels_Reuse_in_MULTI","projekt/Multi_Brussels_Reuse_in_MULTI","Multi_Brussels_Reuse_in_MULTI","clean_phase20","_database/projekt/Multi_Brussels_Reuse_in_MULTI/index.md","1","1"
"projekt","Musee_de_Folklore_Mouscron","projekt/Musee_de_Folklore_Mouscron","Musee_de_Folklore_Mouscron","clean_phase20","_database/projekt/Musee_de_Folklore_Mouscron/index.md","1","1"
"projekt","Peoples_Pavilion_Eindhoven","projekt/Peoples_Pavilion_Eindhoven","Peoples_Pavilion_Eindhoven","clean_phase20","_database/projekt/Peoples_Pavilion_Eindhoven/index.md","1","1"
"projekt","Plattenpalast_Berlin","projekt/Plattenpalast_Berlin","Plattenpalast_Berlin","clean_phase20","_database/projekt/Plattenpalast_Berlin/index.md","1","1"
"projekt","Plattenvereinigung_Berlin","projekt/Plattenvereinigung_Berlin","Plattenvereinigung_Berlin","clean_phase20","_database/projekt/Plattenvereinigung_Berlin/index.md","1","1"
"projekt","PLP_London_HQ_Circular_Studio_Fitout","projekt/PLP_London_HQ_Circular_Studio_Fitout","PLP_London_HQ_Circular_Studio_Fitout","clean_phase20","_database/projekt/PLP_London_HQ_Circular_Studio_Fitout/index.md","1","1"
"projekt","PREUSE","projekt/PREUSE","PREUSE","clean_phase20","_database/projekt/PREUSE/index.md","1","1"
"projekt","ReCrete_footbridge_reused_concrete_blocks","projekt/ReCrete_footbridge_reused_concrete_blocks","ReCrete_footbridge_reused_concrete_blocks","clean_phase20","_database/projekt/ReCrete_footbridge_reused_concrete_blocks/index.md","1","1"
"projekt","Recyclinghaus_Hannover","projekt/Recyclinghaus_Hannover","Recyclinghaus_Hannover","clean_phase20","_database/projekt/Recyclinghaus_Hannover/index.md","1","1"
"projekt","Recypark_Demets_Anderlecht","projekt/Recypark_Demets_Anderlecht","Recypark_Demets_Anderlecht","clean_phase20","_database/projekt/Recypark_Demets_Anderlecht/index.md","1","1"
"projekt","Resilience_La_Ferme_des_Possibles_Stains","projekt/Resilience_La_Ferme_des_Possibles_Stains","Resilience_La_Ferme_des_Possibles_Stains","clean_phase20","_database/projekt/Resilience_La_Ferme_des_Possibles_Stains/index.md","1","1"
"projekt","Resource_Rows_Copenhagen","projekt/Resource_Rows_Copenhagen","Resource_Rows_Copenhagen","clean_phase20","_database/projekt/Resource_Rows_Copenhagen/index.md","1","1"
"projekt","ReUseBox_Heilbronn","projekt/ReUseBox_Heilbronn","ReUseBox_Heilbronn","clean_phase20","_database/projekt/ReUseBox_Heilbronn/index.md","1","1"
"projekt","Roots_in_the_Sky_Blackfriars_Crown_Court","projekt/Roots_in_the_Sky_Blackfriars_Crown_Court","Roots_in_the_Sky_Blackfriars_Crown_Court","clean_phase20","_database/projekt/Roots_in_the_Sky_Blackfriars_Crown_Court/index.md","1","1"
"projekt","Saxum_Vineyard_Equipment_Barn_Paso_Robles","projekt/Saxum_Vineyard_Equipment_Barn_Paso_Robles","Saxum_Vineyard_Equipment_Barn_Paso_Robles","clean_phase20","_database/projekt/Saxum_Vineyard_Equipment_Barn_Paso_Robles/index.md","1","1"
"projekt","Superlocal_Expogebouw_Bleijerheide","projekt/Superlocal_Expogebouw_Bleijerheide","Superlocal_Expogebouw_Bleijerheide","clean_phase20","_database/projekt/Superlocal_Expogebouw_Bleijerheide/index.md","1","1"
"projekt","Svanen_Kindergarten_Gladsaxe","projekt/Svanen_Kindergarten_Gladsaxe","Svanen_Kindergarten_Gladsaxe","clean_phase20","_database/projekt/Svanen_Kindergarten_Gladsaxe/index.md","1","1"
"projekt","The_Green_House_Utrecht","projekt/The_Green_House_Utrecht","The_Green_House_Utrecht","clean_phase20","_database/projekt/The_Green_House_Utrecht/index.md","1","1"
"projekt","Thoravej_29_Copenhagen","projekt/Thoravej_29_Copenhagen","Thoravej_29_Copenhagen","clean_phase20","_database/projekt/Thoravej_29_Copenhagen/index.md","1","1"
"projekt","Timber_Square_London","projekt/Timber_Square_London","Timber_Square_London","clean_phase20","_database/projekt/Timber_Square_London/index.md","1","1"
"projekt","TRAE_High_Rise_Aarhus","projekt/TRAE_High_Rise_Aarhus","TRAE_High_Rise_Aarhus","clean_phase20","_database/projekt/TRAE_High_Rise_Aarhus/index.md","1","1"
"projekt","Upcycle_Studios_Copenhagen","projekt/Upcycle_Studios_Copenhagen","Upcycle_Studios_Copenhagen","clean_phase20","_database/projekt/Upcycle_Studios_Copenhagen/index.md","1","1"
"projekt","Verbiest_Karreveld_Brussels","projekt/Verbiest_Karreveld_Brussels","Verbiest_Karreveld_Brussels","clean_phase20","_database/projekt/Verbiest_Karreveld_Brussels/index.md","1","1"
"projekt","Villa_Welpeloo_Enschede","projekt/Villa_Welpeloo_Enschede","Villa_Welpeloo_Enschede","clean_phase20","_database/projekt/Villa_Welpeloo_Enschede/index.md","1","1"
"projekt","Woongroep_Boschgaard_Den_Bosch","projekt/Woongroep_Boschgaard_Den_Bosch","Woongroep_Boschgaard_Den_Bosch","clean_phase20","_database/projekt/Woongroep_Boschgaard_Den_Bosch/index.md","1","1"
"projekt","Zinneke_Feder_Masui4ever_Brussels","projekt/Zinneke_Feder_Masui4ever_Brussels","Zinneke_Feder_Masui4ever_Brussels","clean_phase20","_database/projekt/Zinneke_Feder_Masui4ever_Brussels/index.md","1","1"
"prozessphase","Aufbereitung","prozessphase/Aufbereitung","Aufbereitung","clean_phase20","_database/prozessphase/Aufbereitung/index.md","1","1"
"prozessphase","Betrieb","prozessphase/Betrieb","Betrieb","clean_phase20","_database/prozessphase/Betrieb/index.md","1","1"
"prozessphase","Dokumentation","prozessphase/Dokumentation","Dokumentation","clean_phase20","_database/prozessphase/Dokumentation/index.md","1","1"
"prozessphase","Identifikation","prozessphase/Identifikation","Identifikation","clean_phase20","_database/prozessphase/Identifikation/index.md","1","1"
"prozessphase","Lagerung","prozessphase/Lagerung","Lagerung","clean_phase20","_database/prozessphase/Lagerung/index.md","1","1"
"prozessphase","Planung","prozessphase/Planung","Planung","clean_phase20","_database/prozessphase/Planung/index.md","2","2"
"prozessphase","Pruefung","prozessphase/Pruefung","Pruefung","clean_phase20","_database/prozessphase/Pruefung/index.md","0","0"
"prozessphase","Rueckbau","prozessphase/Rueckbau","Rueckbau","clean_phase20","_database/prozessphase/Rueckbau/index.md","1","1"
"prozessphase","Transport","prozessphase/Transport","Transport","clean_phase20","_database/prozessphase/Transport/index.md","1","1"
"prozessphase","Wiedereinbau","prozessphase/Wiedereinbau","Wiedereinbau","clean_phase20","_database/prozessphase/Wiedereinbau/index.md","1","1"
"pruefung_nachweis","Abbrandbemessung","pruefung_nachweis/Abbrandbemessung","Abbrandbemessung","clean_phase20","_database/pruefung_nachweis/Abbrandbemessung/index.md","1","1"
"pruefung_nachweis","Brandschutznachweis","pruefung_nachweis/Brandschutznachweis","Brandschutznachweis","clean_phase20","_database/pruefung_nachweis/Brandschutznachweis/index.md","1","1"
"pruefung_nachweis","Eignungspruefung_Baulehm","pruefung_nachweis/Eignungspruefung_Baulehm","Eignungspruefung_Baulehm","clean_phase20","_database/pruefung_nachweis/Eignungspruefung_Baulehm/index.md","1","1"
"pruefung_nachweis","Geometrische_Vermessung","pruefung_nachweis/Geometrische_Vermessung","Geometrische_Vermessung","clean_phase20","_database/pruefung_nachweis/Geometrische_Vermessung/index.md","1","1"
"pruefung_nachweis","Materialpruefung","pruefung_nachweis/Materialpruefung","Materialpruefung","clean_phase20","_database/pruefung_nachweis/Materialpruefung/index.md","1","1"
"pruefung_nachweis","Schadstoffscreening","pruefung_nachweis/Schadstoffscreening","Schadstoffscreening","clean_phase20","_database/pruefung_nachweis/Schadstoffscreening/index.md","1","1"
"pruefung_nachweis","Schweissbarkeitspruefung","pruefung_nachweis/Schweissbarkeitspruefung","Schweissbarkeitspruefung","clean_phase20","_database/pruefung_nachweis/Schweissbarkeitspruefung/index.md","1","1"
"pruefung_nachweis","Sichtpruefung","pruefung_nachweis/Sichtpruefung","Sichtpruefung","clean_phase20","_database/pruefung_nachweis/Sichtpruefung/index.md","1","1"
"pruefung_nachweis","Statische_Nachweisfuehrung","pruefung_nachweis/Statische_Nachweisfuehrung","Statische_Nachweisfuehrung","clean_phase20","_database/pruefung_nachweis/Statische_Nachweisfuehrung/index.md","1","1"
"pruefung_nachweis","Zugversuch","pruefung_nachweis/Zugversuch","Zugversuch","clean_phase20","_database/pruefung_nachweis/Zugversuch/index.md","1","1"
"pruefung_nachweis","Zustandsbewertung","pruefung_nachweis/Zustandsbewertung","Zustandsbewertung","clean_phase20","_database/pruefung_nachweis/Zustandsbewertung/index.md","1","1"
"quelle","abbruchmethode_Ausbau_von_Bauteilen_md","quelle/abbruchmethode_Ausbau_von_Bauteilen_md","abbruchmethode_Ausbau_von_Bauteilen_md","clean_phase20","_database/quelle/abbruchmethode_Ausbau_von_Bauteilen_md/index.md","1","1"
"quelle","abbruchmethode_Betonfr_sen_md","quelle/abbruchmethode_Betonfr_sen_md","abbruchmethode_Betonfr_sen_md","clean_phase20","_database/quelle/abbruchmethode_Betonfr_sen_md/index.md","1","1"
"quelle","abbruchmethode_Demontage_md","quelle/abbruchmethode_Demontage_md","abbruchmethode_Demontage_md","clean_phase20","_database/quelle/abbruchmethode_Demontage_md/index.md","1","1"
"quelle","abbruchmethode_index_md","quelle/abbruchmethode_index_md","abbruchmethode_index_md","clean_phase20","_database/quelle/abbruchmethode_index_md/index.md","1","1"
"quelle","abbruchmethode_md","quelle/abbruchmethode_md","abbruchmethode_md","clean_phase20","_database/quelle/abbruchmethode_md/index.md","1","1"
"quelle","abbruchmethode_Selektiver_Rueckbau_md","quelle/abbruchmethode_Selektiver_Rueckbau_md","abbruchmethode_Selektiver_Rueckbau_md","clean_phase20","_database/quelle/abbruchmethode_Selektiver_Rueckbau_md/index.md","1","1"
"quelle","abbruchmethode_Zerstoerungsarme_Bergung_md","quelle/abbruchmethode_Zerstoerungsarme_Bergung_md","abbruchmethode_Zerstoerungsarme_Bergung_md","clean_phase20","_database/quelle/abbruchmethode_Zerstoerungsarme_Bergung_md/index.md","1","1"
"quelle","AGENTS_md","quelle/AGENTS_md","AGENTS_md","clean_phase20","_database/quelle/AGENTS_md/index.md","1","1"
"quelle","akteur_01_oeffentliche_institutionen_foerderung_BBSR_Zukunft_Bau_md","quelle/akteur_01_oeffentliche_institutionen_foerderung_BBSR_Zukunft_Bau_md","akteur_01_oeffentliche_institutionen_foerderung_BBSR_Zukunft_Bau_md","clean_phase20","_database/quelle/akteur_01_oeffentliche_institutionen_foerderung_BBSR_Zukunft_Bau_md/index.md","1","1"
"quelle","akteur_01_oeffentliche_institutionen_foerderung_BIM_Berlin_md","quelle/akteur_01_oeffentliche_institutionen_foerderung_BIM_Berlin_md","akteur_01_oeffentliche_institutionen_foerderung_BIM_Berlin_md","clean_phase20","_database/quelle/akteur_01_oeffentliche_institutionen_foerderung_BIM_Berlin_md/index.md","1","1"
"quelle","akteur_01_oeffentliche_institutionen_foerderung_Bundesstiftung_Bauakademie_md","quelle/akteur_01_oeffentliche_institutionen_foerderung_Bundesstiftung_Bauakademie_md","akteur_01_oeffentliche_institutionen_foerderung_Bundesstiftung_Bauakademie_md","clean_phase20","_database/quelle/akteur_01_oeffentliche_institutionen_foerderung_Bundesstiftung_Bauakademie_md/index.md","1","1"
"quelle","akteur_01_oeffentliche_institutionen_foerderung_Bundesstiftung_Baukultur_md","quelle/akteur_01_oeffentliche_institutionen_foerderung_Bundesstiftung_Baukultur_md","akteur_01_oeffentliche_institutionen_foerderung_Bundesstiftung_Baukultur_md","clean_phase20","_database/quelle/akteur_01_oeffentliche_institutionen_foerderung_Bundesstiftung_Baukultur_md/index.md","1","1"
"quelle","akteur_01_oeffentliche_institutionen_foerderung_ReUse_Berlin_md","quelle/akteur_01_oeffentliche_institutionen_foerderung_ReUse_Berlin_md","akteur_01_oeffentliche_institutionen_foerderung_ReUse_Berlin_md","clean_phase20","_database/quelle/akteur_01_oeffentliche_institutionen_foerderung_ReUse_Berlin_md/index.md","1","1"
"quelle","akteur_01_oeffentliche_institutionen_foerderung_Umweltbundesamt_md","quelle/akteur_01_oeffentliche_institutionen_foerderung_Umweltbundesamt_md","akteur_01_oeffentliche_institutionen_foerderung_Umweltbundesamt_md","clean_phase20","_database/quelle/akteur_01_oeffentliche_institutionen_foerderung_Umweltbundesamt_md/index.md","1","1"
"quelle","akteur_02_kammern_verbaende_ngos_netzwerke_Architects_for_Future_Deutschland_md","quelle/akteur_02_kammern_verbaende_ngos_netzwerke_Architects_for_Future_Deutschland_md","akteur_02_kammern_verbaende_ngos_netzwerke_Architects_for_Future_Deutschland_md","clean_phase20","_database/quelle/akteur_02_kammern_verbaende_ngos_netzwerke_Architects_for_Future_Deutschland_md/index.md","1","1"
"quelle","akteur_02_kammern_verbaende_ngos_netzwerke_Architektenkammer_Berlin_A_Wie_Zirkulaer_md","quelle/akteur_02_kammern_verbaende_ngos_netzwerke_Architektenkammer_Berlin_A_Wie_Zirkulaer_md","akteur_02_kammern_verbaende_ngos_netzwerke_Architektenkammer_Berlin_A_Wie_Zirkulaer_md","clean_phase20","_database/quelle/akteur_02_kammern_verbaende_ngos_netzwerke_Architektenkammer_Berlin_A_Wie_Zirkulaer_md/index.md","1","1"
"quelle","akteur_02_kammern_verbaende_ngos_netzwerke_BDA_Bund_Deutscher_Architektinnen_Architekten_md","quelle/akteur_02_kammern_verbaende_ngos_netzwerke_BDA_Bund_Deutscher_Architektinnen_Architekten_md","akteur_02_kammern_verbaende_ngos_netzwerke_BDA_Bund_Deutscher_Architektinnen_Architekten_md","clean_phase20","_database/quelle/akteur_02_kammern_verbaende_ngos_netzwerke_BDA_Bund_Deutscher_Architektinnen_Architekten_md/index.md","1","1"
"quelle","akteur_02_kammern_verbaende_ngos_netzwerke_C2C_NGO_md","quelle/akteur_02_kammern_verbaende_ngos_netzwerke_C2C_NGO_md","akteur_02_kammern_verbaende_ngos_netzwerke_C2C_NGO_md","clean_phase20","_database/quelle/akteur_02_kammern_verbaende_ngos_netzwerke_C2C_NGO_md/index.md","1","1"
"quelle","akteur_02_kammern_verbaende_ngos_netzwerke_Circular_Berlin_md","quelle/akteur_02_kammern_verbaende_ngos_netzwerke_Circular_Berlin_md","akteur_02_kammern_verbaende_ngos_netzwerke_Circular_Berlin_md","clean_phase20","_database/quelle/akteur_02_kammern_verbaende_ngos_netzwerke_Circular_Berlin_md/index.md","1","1"
"quelle","akteur_02_kammern_verbaende_ngos_netzwerke_DGNB_md","quelle/akteur_02_kammern_verbaende_ngos_netzwerke_DGNB_md","akteur_02_kammern_verbaende_ngos_netzwerke_DGNB_md","clean_phase20","_database/quelle/akteur_02_kammern_verbaende_ngos_netzwerke_DGNB_md/index.md","1","1"
"quelle","akteur_02_kammern_verbaende_ngos_netzwerke_Phase_Nachhaltigkeit_md","quelle/akteur_02_kammern_verbaende_ngos_netzwerke_Phase_Nachhaltigkeit_md","akteur_02_kammern_verbaende_ngos_netzwerke_Phase_Nachhaltigkeit_md","clean_phase20","_database/quelle/akteur_02_kammern_verbaende_ngos_netzwerke_Phase_Nachhaltigkeit_md/index.md","1","1"
"quelle","akteur_02_kammern_verbaende_ngos_netzwerke_re_source_Stiftung_md","quelle/akteur_02_kammern_verbaende_ngos_netzwerke_re_source_Stiftung_md","akteur_02_kammern_verbaende_ngos_netzwerke_re_source_Stiftung_md","clean_phase20","_database/quelle/akteur_02_kammern_verbaende_ngos_netzwerke_re_source_Stiftung_md/index.md","1","1"
"quelle","akteur_03_forschung_lehre_wissenstransfer_Bauhaus_Erde_md","quelle/akteur_03_forschung_lehre_wissenstransfer_Bauhaus_Erde_md","akteur_03_forschung_lehre_wissenstransfer_Bauhaus_Erde_md","clean_phase20","_database/quelle/akteur_03_forschung_lehre_wissenstransfer_Bauhaus_Erde_md/index.md","1","1"
"quelle","akteur_03_forschung_lehre_wissenstransfer_Natural_Building_Lab_md","quelle/akteur_03_forschung_lehre_wissenstransfer_Natural_Building_Lab_md","akteur_03_forschung_lehre_wissenstransfer_Natural_Building_Lab_md","clean_phase20","_database/quelle/akteur_03_forschung_lehre_wissenstransfer_Natural_Building_Lab_md/index.md","1","1"
"quelle","akteur_03_forschung_lehre_wissenstransfer_VDI_ZRE_md","quelle/akteur_03_forschung_lehre_wissenstransfer_VDI_ZRE_md","akteur_03_forschung_lehre_wissenstransfer_VDI_ZRE_md","clean_phase20","_database/quelle/akteur_03_forschung_lehre_wissenstransfer_VDI_ZRE_md/index.md","1","1"
"quelle","akteur_03_forschung_lehre_wissenstransfer_Wuppertal_Institut_md","quelle/akteur_03_forschung_lehre_wissenstransfer_Wuppertal_Institut_md","akteur_03_forschung_lehre_wissenstransfer_Wuppertal_Institut_md","clean_phase20","_database/quelle/akteur_03_forschung_lehre_wissenstransfer_Wuppertal_Institut_md/index.md","1","1"
"quelle","akteur_04_planung_architektur_ingenieurwesen_baubuero_in_situ_zirkular_md","quelle/akteur_04_planung_architektur_ingenieurwesen_baubuero_in_situ_zirkular_md","akteur_04_planung_architektur_ingenieurwesen_baubuero_in_situ_zirkular_md","clean_phase20","_database/quelle/akteur_04_planung_architektur_ingenieurwesen_baubuero_in_situ_zirkular_md/index.md","1","1"
"quelle","akteur_04_planung_architektur_ingenieurwesen_Bellastock_md","quelle/akteur_04_planung_architektur_ingenieurwesen_Bellastock_md","akteur_04_planung_architektur_ingenieurwesen_Bellastock_md","clean_phase20","_database/quelle/akteur_04_planung_architektur_ingenieurwesen_Bellastock_md/index.md","1","1"
"quelle","akteur_04_planung_architektur_ingenieurwesen_Circular_Structural_Design_md","quelle/akteur_04_planung_architektur_ingenieurwesen_Circular_Structural_Design_md","akteur_04_planung_architektur_ingenieurwesen_Circular_Structural_Design_md","clean_phase20","_database/quelle/akteur_04_planung_architektur_ingenieurwesen_Circular_Structural_Design_md/index.md","1","1"
"quelle","akteur_04_planung_architektur_ingenieurwesen_CITYFOERSTER_md","quelle/akteur_04_planung_architektur_ingenieurwesen_CITYFOERSTER_md","akteur_04_planung_architektur_ingenieurwesen_CITYFOERSTER_md","clean_phase20","_database/quelle/akteur_04_planung_architektur_ingenieurwesen_CITYFOERSTER_md/index.md","1","1"
"quelle","akteur_04_planung_architektur_ingenieurwesen_Huetten_und_Palaeste_md","quelle/akteur_04_planung_architektur_ingenieurwesen_Huetten_und_Palaeste_md","akteur_04_planung_architektur_ingenieurwesen_Huetten_und_Palaeste_md","clean_phase20","_database/quelle/akteur_04_planung_architektur_ingenieurwesen_Huetten_und_Palaeste_md/index.md","1","1"
"quelle","akteur_04_planung_architektur_ingenieurwesen_Lendager_md","quelle/akteur_04_planung_architektur_ingenieurwesen_Lendager_md","akteur_04_planung_architektur_ingenieurwesen_Lendager_md","clean_phase20","_database/quelle/akteur_04_planung_architektur_ingenieurwesen_Lendager_md/index.md","1","1"
"quelle","akteur_04_planung_architektur_ingenieurwesen_LXSY_Architektur_md","quelle/akteur_04_planung_architektur_ingenieurwesen_LXSY_Architektur_md","akteur_04_planung_architektur_ingenieurwesen_LXSY_Architektur_md","clean_phase20","_database/quelle/akteur_04_planung_architektur_ingenieurwesen_LXSY_Architektur_md/index.md","1","1"
"quelle","akteur_04_planung_architektur_ingenieurwesen_PARABASE_md","quelle/akteur_04_planung_architektur_ingenieurwesen_PARABASE_md","akteur_04_planung_architektur_ingenieurwesen_PARABASE_md","clean_phase20","_database/quelle/akteur_04_planung_architektur_ingenieurwesen_PARABASE_md/index.md","1","1"
"quelle","akteur_04_planung_architektur_ingenieurwesen_Rotor_md","quelle/akteur_04_planung_architektur_ingenieurwesen_Rotor_md","akteur_04_planung_architektur_ingenieurwesen_Rotor_md","clean_phase20","_database/quelle/akteur_04_planung_architektur_ingenieurwesen_Rotor_md/index.md","1","1"
"quelle","akteur_04_planung_architektur_ingenieurwesen_Superuse_Studios_md","quelle/akteur_04_planung_architektur_ingenieurwesen_Superuse_Studios_md","akteur_04_planung_architektur_ingenieurwesen_Superuse_Studios_md","clean_phase20","_database/quelle/akteur_04_planung_architektur_ingenieurwesen_Superuse_Studios_md/index.md","1","1"
"quelle","akteur_04_planung_architektur_ingenieurwesen_Werner_Sobek_md","quelle/akteur_04_planung_architektur_ingenieurwesen_Werner_Sobek_md","akteur_04_planung_architektur_ingenieurwesen_Werner_Sobek_md","clean_phase20","_database/quelle/akteur_04_planung_architektur_ingenieurwesen_Werner_Sobek_md/index.md","1","1"
"quelle","akteur_04_planung_architektur_ingenieurwesen_ZRS_Architekten_Ingenieure_md","quelle/akteur_04_planung_architektur_ingenieurwesen_ZRS_Architekten_Ingenieure_md","akteur_04_planung_architektur_ingenieurwesen_ZRS_Architekten_Ingenieure_md","clean_phase20","_database/quelle/akteur_04_planung_architektur_ingenieurwesen_ZRS_Architekten_Ingenieure_md/index.md","1","1"
"quelle","akteur_05_reuse_beratung_prozessdienstleister_Concular_md","quelle/akteur_05_reuse_beratung_prozessdienstleister_Concular_md","akteur_05_reuse_beratung_prozessdienstleister_Concular_md","clean_phase20","_database/quelle/akteur_05_reuse_beratung_prozessdienstleister_Concular_md/index.md","1","1"
"quelle","akteur_05_reuse_beratung_prozessdienstleister_Drees_und_Sommer_md","quelle/akteur_05_reuse_beratung_prozessdienstleister_Drees_und_Sommer_md","akteur_05_reuse_beratung_prozessdienstleister_Drees_und_Sommer_md","clean_phase20","_database/quelle/akteur_05_reuse_beratung_prozessdienstleister_Drees_und_Sommer_md/index.md","1","1"
"quelle","akteur_05_reuse_beratung_prozessdienstleister_EPEA_md","quelle/akteur_05_reuse_beratung_prozessdienstleister_EPEA_md","akteur_05_reuse_beratung_prozessdienstleister_EPEA_md","clean_phase20","_database/quelle/akteur_05_reuse_beratung_prozessdienstleister_EPEA_md/index.md","1","1"
"quelle","akteur_05_reuse_beratung_prozessdienstleister_Zirkular_GmbH_md","quelle/akteur_05_reuse_beratung_prozessdienstleister_Zirkular_GmbH_md","akteur_05_reuse_beratung_prozessdienstleister_Zirkular_GmbH_md","clean_phase20","_database/quelle/akteur_05_reuse_beratung_prozessdienstleister_Zirkular_GmbH_md/index.md","1","1"
"quelle","akteur_06_bauteilboersen_marktplaetze_handel_Bauteilboerse_Bremen_md","quelle/akteur_06_bauteilboersen_marktplaetze_handel_Bauteilboerse_Bremen_md","akteur_06_bauteilboersen_marktplaetze_handel_Bauteilboerse_Bremen_md","clean_phase20","_database/quelle/akteur_06_bauteilboersen_marktplaetze_handel_Bauteilboerse_Bremen_md/index.md","1","1"
"quelle","akteur_06_bauteilboersen_marktplaetze_handel_Bauteilboerse_Hannover_md","quelle/akteur_06_bauteilboersen_marktplaetze_handel_Bauteilboerse_Hannover_md","akteur_06_bauteilboersen_marktplaetze_handel_Bauteilboerse_Hannover_md","clean_phase20","_database/quelle/akteur_06_bauteilboersen_marktplaetze_handel_Bauteilboerse_Hannover_md/index.md","1","1"
"quelle","akteur_06_bauteilboersen_marktplaetze_handel_Bauteilnetz_Deutschland_md","quelle/akteur_06_bauteilboersen_marktplaetze_handel_Bauteilnetz_Deutschland_md","akteur_06_bauteilboersen_marktplaetze_handel_Bauteilnetz_Deutschland_md","clean_phase20","_database/quelle/akteur_06_bauteilboersen_marktplaetze_handel_Bauteilnetz_Deutschland_md/index.md","1","1"
"quelle","akteur_06_bauteilboersen_marktplaetze_handel_Lindner_Group_ReUsed_Products_md","quelle/akteur_06_bauteilboersen_marktplaetze_handel_Lindner_Group_ReUsed_Products_md","akteur_06_bauteilboersen_marktplaetze_handel_Lindner_Group_ReUsed_Products_md","clean_phase20","_database/quelle/akteur_06_bauteilboersen_marktplaetze_handel_Lindner_Group_ReUsed_Products_md/index.md","1","1"
"quelle","akteur_06_bauteilboersen_marktplaetze_handel_Restado_md","quelle/akteur_06_bauteilboersen_marktplaetze_handel_Restado_md","akteur_06_bauteilboersen_marktplaetze_handel_Restado_md","clean_phase20","_database/quelle/akteur_06_bauteilboersen_marktplaetze_handel_Restado_md/index.md","1","1"
"quelle","akteur_06_bauteilboersen_marktplaetze_handel_Rotor_DC_md","quelle/akteur_06_bauteilboersen_marktplaetze_handel_Rotor_DC_md","akteur_06_bauteilboersen_marktplaetze_handel_Rotor_DC_md","clean_phase20","_database/quelle/akteur_06_bauteilboersen_marktplaetze_handel_Rotor_DC_md/index.md","1","1"
"quelle","akteur_07_materialinitiativen_hubs_BIZH_md","quelle/akteur_07_materialinitiativen_hubs_BIZH_md","akteur_07_materialinitiativen_hubs_BIZH_md","clean_phase20","_database/quelle/akteur_07_materialinitiativen_hubs_BIZH_md/index.md","1","1"
"quelle","akteur_07_materialinitiativen_hubs_CRCLR_House_md","quelle/akteur_07_materialinitiativen_hubs_CRCLR_House_md","akteur_07_materialinitiativen_hubs_CRCLR_House_md","clean_phase20","_database/quelle/akteur_07_materialinitiativen_hubs_CRCLR_House_md/index.md","1","1"
"quelle","akteur_07_materialinitiativen_hubs_Haus_der_Materialisierung_md","quelle/akteur_07_materialinitiativen_hubs_Haus_der_Materialisierung_md","akteur_07_materialinitiativen_hubs_Haus_der_Materialisierung_md","clean_phase20","_database/quelle/akteur_07_materialinitiativen_hubs_Haus_der_Materialisierung_md/index.md","1","1"
"quelle","akteur_07_materialinitiativen_hubs_IfM_Initiativen_fuer_Materialkreislaeufe_md","quelle/akteur_07_materialinitiativen_hubs_IfM_Initiativen_fuer_Materialkreislaeufe_md","akteur_07_materialinitiativen_hubs_IfM_Initiativen_fuer_Materialkreislaeufe_md","clean_phase20","_database/quelle/akteur_07_materialinitiativen_hubs_IfM_Initiativen_fuer_Materialkreislaeufe_md/index.md","1","1"
"quelle","akteur_07_materialinitiativen_hubs_Kunst_Stoffe_Berlin_md","quelle/akteur_07_materialinitiativen_hubs_Kunst_Stoffe_Berlin_md","akteur_07_materialinitiativen_hubs_Kunst_Stoffe_Berlin_md","clean_phase20","_database/quelle/akteur_07_materialinitiativen_hubs_Kunst_Stoffe_Berlin_md/index.md","1","1"
"quelle","akteur_07_materialinitiativen_hubs_Material_Mafia_md","quelle/akteur_07_materialinitiativen_hubs_Material_Mafia_md","akteur_07_materialinitiativen_hubs_Material_Mafia_md","clean_phase20","_database/quelle/akteur_07_materialinitiativen_hubs_Material_Mafia_md/index.md","1","1"
"quelle","akteur_08_digitale_plattformen_daten_Abriss_Atlas_md","quelle/akteur_08_digitale_plattformen_daten_Abriss_Atlas_md","akteur_08_digitale_plattformen_daten_Abriss_Atlas_md","clean_phase20","_database/quelle/akteur_08_digitale_plattformen_daten_Abriss_Atlas_md/index.md","1","1"
"quelle","akteur_08_digitale_plattformen_daten_Madaster_md","quelle/akteur_08_digitale_plattformen_daten_Madaster_md","akteur_08_digitale_plattformen_daten_Madaster_md","clean_phase20","_database/quelle/akteur_08_digitale_plattformen_daten_Madaster_md/index.md","1","1"
"quelle","akteur_index_md","quelle/akteur_index_md","akteur_index_md","clean_phase20","_database/quelle/akteur_index_md/index.md","1","1"
"quelle","akteur_Research_00_INDEX_md","quelle/akteur_Research_00_INDEX_md","akteur_Research_00_INDEX_md","clean_phase20","_database/quelle/akteur_Research_00_INDEX_md/index.md","1","1"
"quelle","akteur_Research_Interviewleitfaden_md","quelle/akteur_Research_Interviewleitfaden_md","akteur_Research_Interviewleitfaden_md","clean_phase20","_database/quelle/akteur_Research_Interviewleitfaden_md/index.md","1","1"
"quelle","akteur_Unternehmerverband_Historische_Baustoffe_UHB_md","quelle/akteur_Unternehmerverband_Historische_Baustoffe_UHB_md","akteur_Unternehmerverband_Historische_Baustoffe_UHB_md","clean_phase20","_database/quelle/akteur_Unternehmerverband_Historische_Baustoffe_UHB_md/index.md","1","1"
"quelle","aufbereitungsmethode_Drahtglasschneiden_md","quelle/aufbereitungsmethode_Drahtglasschneiden_md","aufbereitungsmethode_Drahtglasschneiden_md","clean_phase20","_database/quelle/aufbereitungsmethode_Drahtglasschneiden_md/index.md","1","1"
"quelle","aufbereitungsmethode_Entmoertelung_von_Fliesen_md","quelle/aufbereitungsmethode_Entmoertelung_von_Fliesen_md","aufbereitungsmethode_Entmoertelung_von_Fliesen_md","clean_phase20","_database/quelle/aufbereitungsmethode_Entmoertelung_von_Fliesen_md/index.md","1","1"
"quelle","aufbereitungsmethode_Holzaufbereitung_md","quelle/aufbereitungsmethode_Holzaufbereitung_md","aufbereitungsmethode_Holzaufbereitung_md","clean_phase20","_database/quelle/aufbereitungsmethode_Holzaufbereitung_md/index.md","1","1"
"quelle","aufbereitungsmethode_index_md","quelle/aufbereitungsmethode_index_md","aufbereitungsmethode_index_md","clean_phase20","_database/quelle/aufbereitungsmethode_index_md/index.md","1","1"
"quelle","aufbereitungsmethode_Leuchten_Refurbishment_md","quelle/aufbereitungsmethode_Leuchten_Refurbishment_md","aufbereitungsmethode_Leuchten_Refurbishment_md","clean_phase20","_database/quelle/aufbereitungsmethode_Leuchten_Refurbishment_md/index.md","1","1"
"quelle","aufbereitungsmethode_md","quelle/aufbereitungsmethode_md","aufbereitungsmethode_md","clean_phase20","_database/quelle/aufbereitungsmethode_md/index.md","1","1"
"quelle","aufbereitungsmethode_Qualitaetssicherung_md","quelle/aufbereitungsmethode_Qualitaetssicherung_md","aufbereitungsmethode_Qualitaetssicherung_md","clean_phase20","_database/quelle/aufbereitungsmethode_Qualitaetssicherung_md/index.md","1","1"
"quelle","aufbereitungsmethode_Rekonditionierung_md","quelle/aufbereitungsmethode_Rekonditionierung_md","aufbereitungsmethode_Rekonditionierung_md","clean_phase20","_database/quelle/aufbereitungsmethode_Rekonditionierung_md/index.md","1","1"
"quelle","aufbereitungsmethode_Reparatur_md","quelle/aufbereitungsmethode_Reparatur_md","aufbereitungsmethode_Reparatur_md","clean_phase20","_database/quelle/aufbereitungsmethode_Reparatur_md/index.md","1","1"
"quelle","bauteil_Betonfertigteil_md","quelle/bauteil_Betonfertigteil_md","bauteil_Betonfertigteil_md","clean_phase20","_database/quelle/bauteil_Betonfertigteil_md/index.md","1","1"
"quelle","bauteil_Brettschichtholzstuetze_md","quelle/bauteil_Brettschichtholzstuetze_md","bauteil_Brettschichtholzstuetze_md","clean_phase20","_database/quelle/bauteil_Brettschichtholzstuetze_md/index.md","1","1"
"quelle","bauteil_Brettsperrholzdecke_md","quelle/bauteil_Brettsperrholzdecke_md","bauteil_Brettsperrholzdecke_md","clean_phase20","_database/quelle/bauteil_Brettsperrholzdecke_md/index.md","1","1"
"quelle","bauteil_Dachtragwerk_md","quelle/bauteil_Dachtragwerk_md","bauteil_Dachtragwerk_md","clean_phase20","_database/quelle/bauteil_Dachtragwerk_md/index.md","1","1"
"quelle","bauteil_Deckenplatte_md","quelle/bauteil_Deckenplatte_md","bauteil_Deckenplatte_md","clean_phase20","_database/quelle/bauteil_Deckenplatte_md/index.md","1","1"
"quelle","bauteil_Fachwerktraeger_md","quelle/bauteil_Fachwerktraeger_md","bauteil_Fachwerktraeger_md","clean_phase20","_database/quelle/bauteil_Fachwerktraeger_md/index.md","1","1"
"quelle","bauteil_Fassade_md","quelle/bauteil_Fassade_md","bauteil_Fassade_md","clean_phase20","_database/quelle/bauteil_Fassade_md/index.md","1","1"
"quelle","bauteil_Fenster_md","quelle/bauteil_Fenster_md","bauteil_Fenster_md","clean_phase20","_database/quelle/bauteil_Fenster_md/index.md","1","1"
"quelle","bauteil_Feuerschutztuer_md","quelle/bauteil_Feuerschutztuer_md","bauteil_Feuerschutztuer_md","clean_phase20","_database/quelle/bauteil_Feuerschutztuer_md/index.md","1","1"
"quelle","bauteil_Holzrahmenelement_md","quelle/bauteil_Holzrahmenelement_md","bauteil_Holzrahmenelement_md","clean_phase20","_database/quelle/bauteil_Holzrahmenelement_md/index.md","1","1"
"quelle","bauteil_index_md","quelle/bauteil_index_md","bauteil_index_md","clean_phase20","_database/quelle/bauteil_index_md/index.md","1","1"
"quelle","bauteil_Leuchte_md","quelle/bauteil_Leuchte_md","bauteil_Leuchte_md","clean_phase20","_database/quelle/bauteil_Leuchte_md/index.md","1","1"
"quelle","bauteil_md","quelle/bauteil_md","bauteil_md","clean_phase20","_database/quelle/bauteil_md/index.md","1","1"
"quelle","bauteil_Pfette_md","quelle/bauteil_Pfette_md","bauteil_Pfette_md","clean_phase20","_database/quelle/bauteil_Pfette_md/index.md","1","1"
"quelle","bauteil_Sanitaerobjekt_md","quelle/bauteil_Sanitaerobjekt_md","bauteil_Sanitaerobjekt_md","clean_phase20","_database/quelle/bauteil_Sanitaerobjekt_md/index.md","1","1"
"quelle","bauteil_Stuetze_md","quelle/bauteil_Stuetze_md","bauteil_Stuetze_md","clean_phase20","_database/quelle/bauteil_Stuetze_md/index.md","1","1"
"quelle","bauteil_Traeger_md","quelle/bauteil_Traeger_md","bauteil_Traeger_md","clean_phase20","_database/quelle/bauteil_Traeger_md/index.md","1","1"
"quelle","bauteil_Treppe_md","quelle/bauteil_Treppe_md","bauteil_Treppe_md","clean_phase20","_database/quelle/bauteil_Treppe_md/index.md","1","1"
"quelle","bauteil_Treppenwange_md","quelle/bauteil_Treppenwange_md","bauteil_Treppenwange_md","clean_phase20","_database/quelle/bauteil_Treppenwange_md/index.md","1","1"
"quelle","bauteil_Wand_md","quelle/bauteil_Wand_md","bauteil_Wand_md","clean_phase20","_database/quelle/bauteil_Wand_md/index.md","1","1"
"quelle","bauteilb_rse_md","quelle/bauteilb_rse_md","bauteilb_rse_md","clean_phase20","_database/quelle/bauteilb_rse_md/index.md","1","1"
"quelle","bauteilboerse_articonnex_md","quelle/bauteilboerse_articonnex_md","bauteilboerse_articonnex_md","clean_phase20","_database/quelle/bauteilboerse_articonnex_md/index.md","1","1"
"quelle","bauteilboerse_backacia_md","quelle/bauteilboerse_backacia_md","bauteilboerse_backacia_md","clean_phase20","_database/quelle/bauteilboerse_backacia_md/index.md","1","1"
"quelle","bauteilboerse_baticycle_md","quelle/bauteilboerse_baticycle_md","bauteilboerse_baticycle_md","clean_phase20","_database/quelle/bauteilboerse_baticycle_md/index.md","1","1"
"quelle","bauteilboerse_batiterre_md","quelle/bauteilboerse_batiterre_md","bauteilboerse_batiterre_md","clean_phase20","_database/quelle/bauteilboerse_batiterre_md/index.md","1","1"
"quelle","bauteilboerse_batrecup_md","quelle/bauteilboerse_batrecup_md","bauteilboerse_batrecup_md","clean_phase20","_database/quelle/bauteilboerse_batrecup_md/index.md","1","1"
"quelle","bauteilboerse_baukarussell_md","quelle/bauteilboerse_baukarussell_md","bauteilboerse_baukarussell_md","clean_phase20","_database/quelle/bauteilboerse_baukarussell_md/index.md","1","1"
"quelle","bauteilboerse_bauteilboerse_bremen_md","quelle/bauteilboerse_bauteilboerse_bremen_md","bauteilboerse_bauteilboerse_bremen_md","clean_phase20","_database/quelle/bauteilboerse_bauteilboerse_bremen_md/index.md","1","1"
"quelle","bauteilboerse_bauteilladen_winterthur_md","quelle/bauteilboerse_bauteilladen_winterthur_md","bauteilboerse_bauteilladen_winterthur_md","clean_phase20","_database/quelle/bauteilboerse_bauteilladen_winterthur_md/index.md","1","1"
"quelle","bauteilboerse_bauteilnetz_deutschland_md","quelle/bauteilboerse_bauteilnetz_deutschland_md","bauteilboerse_bauteilnetz_deutschland_md","clean_phase20","_database/quelle/bauteilboerse_bauteilnetz_deutschland_md/index.md","1","1"
"quelle","bauteilboerse_building_spares_market_md","quelle/bauteilboerse_building_spares_market_md","bauteilboerse_building_spares_market_md","clean_phase20","_database/quelle/bauteilboerse_building_spares_market_md/index.md","1","1"
"quelle","bauteilboerse_cornermat_retrival_md","quelle/bauteilboerse_cornermat_retrival_md","bauteilboerse_cornermat_retrival_md","clean_phase20","_database/quelle/bauteilboerse_cornermat_retrival_md/index.md","1","1"
"quelle","bauteilboerse_cycle_up_md","quelle/bauteilboerse_cycle_up_md","bauteilboerse_cycle_up_md","clean_phase20","_database/quelle/bauteilboerse_cycle_up_md/index.md","1","1"
"quelle","bauteilboerse_cycle_zero_md","quelle/bauteilboerse_cycle_zero_md","bauteilboerse_cycle_zero_md","clean_phase20","_database/quelle/bauteilboerse_cycle_zero_md/index.md","1","1"
"quelle","bauteilboerse_enviromate_md","quelle/bauteilboerse_enviromate_md","bauteilboerse_enviromate_md","clean_phase20","_database/quelle/bauteilboerse_enviromate_md/index.md","1","1"
"quelle","bauteilboerse_gebruiktebouwmaterialen_gbm_md","quelle/bauteilboerse_gebruiktebouwmaterialen_gbm_md","bauteilboerse_gebruiktebouwmaterialen_gbm_md","clean_phase20","_database/quelle/bauteilboerse_gebruiktebouwmaterialen_gbm_md/index.md","1","1"
"quelle","bauteilboerse_genbyg_md","quelle/bauteilboerse_genbyg_md","bauteilboerse_genbyg_md","clean_phase20","_database/quelle/bauteilboerse_genbyg_md/index.md","1","1"
"quelle","bauteilboerse_globechain_md","quelle/bauteilboerse_globechain_md","bauteilboerse_globechain_md","clean_phase20","_database/quelle/bauteilboerse_globechain_md/index.md","1","1"
"quelle","bauteilboerse_insert_marketplace_md","quelle/bauteilboerse_insert_marketplace_md","bauteilboerse_insert_marketplace_md","clean_phase20","_database/quelle/bauteilboerse_insert_marketplace_md/index.md","1","1"
"quelle","bauteilboerse_loopfront_md","quelle/bauteilboerse_loopfront_md","bauteilboerse_loopfront_md","clean_phase20","_database/quelle/bauteilboerse_loopfront_md/index.md","1","1"
"quelle","bauteilboerse_material_index_md","quelle/bauteilboerse_material_index_md","bauteilboerse_material_index_md","clean_phase20","_database/quelle/bauteilboerse_material_index_md/index.md","1","1"
"quelle","bauteilboerse_material_reuse_portal_md","quelle/bauteilboerse_material_reuse_portal_md","bauteilboerse_material_reuse_portal_md","clean_phase20","_database/quelle/bauteilboerse_material_reuse_portal_md/index.md","1","1"
"quelle","bauteilboerse_materialenbank_leuven_atelier_circuler_md","quelle/bauteilboerse_materialenbank_leuven_atelier_circuler_md","bauteilboerse_materialenbank_leuven_atelier_circuler_md","clean_phase20","_database/quelle/bauteilboerse_materialenbank_leuven_atelier_circuler_md/index.md","1","1"
"quelle","bauteilboerse_materialrest24_md","quelle/bauteilboerse_materialrest24_md","bauteilboerse_materialrest24_md","clean_phase20","_database/quelle/bauteilboerse_materialrest24_md/index.md","1","1"
"quelle","bauteilboerse_oogstkaart_new_horizon_md","quelle/bauteilboerse_oogstkaart_new_horizon_md","bauteilboerse_oogstkaart_new_horizon_md","clean_phase20","_database/quelle/bauteilboerse_oogstkaart_new_horizon_md/index.md","1","1"
"quelle","bauteilboerse_r_place_md","quelle/bauteilboerse_r_place_md","bauteilboerse_r_place_md","clean_phase20","_database/quelle/bauteilboerse_r_place_md/index.md","1","1"
"quelle","bauteilboerse_raedificare_md","quelle/bauteilboerse_raedificare_md","bauteilboerse_raedificare_md","clean_phase20","_database/quelle/bauteilboerse_raedificare_md/index.md","1","1"
"quelle","bauteilboerse_re_store_harvestmap_vienna_md","quelle/bauteilboerse_re_store_harvestmap_vienna_md","bauteilboerse_re_store_harvestmap_vienna_md","clean_phase20","_database/quelle/bauteilboerse_re_store_harvestmap_vienna_md/index.md","1","1"
"quelle","bauteilboerse_reempro_md","quelle/bauteilboerse_reempro_md","bauteilboerse_reempro_md","clean_phase20","_database/quelle/bauteilboerse_reempro_md/index.md","1","1"
"quelle","bauteilboerse_resource_marktplaats_md","quelle/bauteilboerse_resource_marktplaats_md","bauteilboerse_resource_marktplaats_md","clean_phase20","_database/quelle/bauteilboerse_resource_marktplaats_md/index.md","1","1"
"quelle","bauteilboerse_restado_md","quelle/bauteilboerse_restado_md","bauteilboerse_restado_md","clean_phase20","_database/quelle/bauteilboerse_restado_md/index.md","1","1"
"quelle","bauteilboerse_reuse_and_trade_md","quelle/bauteilboerse_reuse_and_trade_md","bauteilboerse_reuse_and_trade_md","clean_phase20","_database/quelle/bauteilboerse_reuse_and_trade_md/index.md","1","1"
"quelle","bauteilboerse_rotordc_md","quelle/bauteilboerse_rotordc_md","bauteilboerse_rotordc_md","clean_phase20","_database/quelle/bauteilboerse_rotordc_md/index.md","1","1"
"quelle","bauteilboerse_salvoweb_md","quelle/bauteilboerse_salvoweb_md","bauteilboerse_salvoweb_md","clean_phase20","_database/quelle/bauteilboerse_salvoweb_md/index.md","1","1"
"quelle","bauteilboerse_salza_md","quelle/bauteilboerse_salza_md","bauteilboerse_salza_md","clean_phase20","_database/quelle/bauteilboerse_salza_md/index.md","1","1"
"quelle","bauteilboerse_skop_marketplace_md","quelle/bauteilboerse_skop_marketplace_md","bauteilboerse_skop_marketplace_md","clean_phase20","_database/quelle/bauteilboerse_skop_marketplace_md/index.md","1","1"
"quelle","bauteilboerse_surplus_building_and_plumbing_materials_md","quelle/bauteilboerse_surplus_building_and_plumbing_materials_md","bauteilboerse_surplus_building_and_plumbing_materials_md","clean_phase20","_database/quelle/bauteilboerse_surplus_building_and_plumbing_materials_md/index.md","1","1"
"quelle","bauteilboerse_sustainability_yard_md","quelle/bauteilboerse_sustainability_yard_md","bauteilboerse_sustainability_yard_md","clean_phase20","_database/quelle/bauteilboerse_sustainability_yard_md/index.md","1","1"
"quelle","bauteilboerse_useagain_bauteilclick_md","quelle/bauteilboerse_useagain_bauteilclick_md","bauteilboerse_useagain_bauteilclick_md","clean_phase20","_database/quelle/bauteilboerse_useagain_bauteilclick_md/index.md","1","1"
"quelle","bauteilboerse_warp_it_md","quelle/bauteilboerse_warp_it_md","bauteilboerse_warp_it_md","clean_phase20","_database/quelle/bauteilboerse_warp_it_md/index.md","1","1"
"quelle","beispiel_md","quelle/beispiel_md","beispiel_md","clean_phase20","_database/quelle/beispiel_md/index.md","1","1"
"quelle","bericht_01_BIM_Berlin_detailed_md","quelle/bericht_01_BIM_Berlin_detailed_md","bericht_01_BIM_Berlin_detailed_md","clean_phase20","_database/quelle/bericht_01_BIM_Berlin_detailed_md/index.md","1","1"
"quelle","bericht_02_Concular_detailed_md","quelle/bericht_02_Concular_detailed_md","bericht_02_Concular_detailed_md","clean_phase20","_database/quelle/bericht_02_Concular_detailed_md/index.md","1","1"
"quelle","bericht_03_Madaster_detailed_md","quelle/bericht_03_Madaster_detailed_md","bericht_03_Madaster_detailed_md","clean_phase20","_database/quelle/bericht_03_Madaster_detailed_md/index.md","1","1"
"quelle","bericht_04_Be_Ware_NBL_detailed_md","quelle/bericht_04_Be_Ware_NBL_detailed_md","bericht_04_Be_Ware_NBL_detailed_md","clean_phase20","_database/quelle/bericht_04_Be_Ware_NBL_detailed_md/index.md","1","1"
"quelle","bericht_05_BIZH_Reallabor_detailed_md","quelle/bericht_05_BIZH_Reallabor_detailed_md","bericht_05_BIZH_Reallabor_detailed_md","clean_phase20","_database/quelle/bericht_05_BIZH_Reallabor_detailed_md/index.md","1","1"
"quelle","bericht_06_Haus_der_Materialisierung_detailed_md","quelle/bericht_06_Haus_der_Materialisierung_detailed_md","bericht_06_Haus_der_Materialisierung_detailed_md","clean_phase20","_database/quelle/bericht_06_Haus_der_Materialisierung_detailed_md/index.md","1","1"
"quelle","bericht_07_Kunst_Stoffe_Berlin_detailed_md","quelle/bericht_07_Kunst_Stoffe_Berlin_detailed_md","bericht_07_Kunst_Stoffe_Berlin_detailed_md","clean_phase20","_database/quelle/bericht_07_Kunst_Stoffe_Berlin_detailed_md/index.md","1","1"
"quelle","bericht_08_ZRS_Engineering_detailed_md","quelle/bericht_08_ZRS_Engineering_detailed_md","bericht_08_ZRS_Engineering_detailed_md","clean_phase20","_database/quelle/bericht_08_ZRS_Engineering_detailed_md/index.md","1","1"
"quelle","bericht_09_CRCLR_House_detailed_md","quelle/bericht_09_CRCLR_House_detailed_md","bericht_09_CRCLR_House_detailed_md","clean_phase20","_database/quelle/bericht_09_CRCLR_House_detailed_md/index.md","1","1"
"quelle","bericht_10_PARABASE_detailed_md","quelle/bericht_10_PARABASE_detailed_md","bericht_10_PARABASE_detailed_md","clean_phase20","_database/quelle/bericht_10_PARABASE_detailed_md/index.md","1","1"
"quelle","bericht_11_Rotor_Rotor_DC_detailed_md","quelle/bericht_11_Rotor_Rotor_DC_detailed_md","bericht_11_Rotor_Rotor_DC_detailed_md","clean_phase20","_database/quelle/bericht_11_Rotor_Rotor_DC_detailed_md/index.md","1","1"
"quelle","bericht_2021_Schweiz_md","quelle/bericht_2021_Schweiz_md","bericht_2021_Schweiz_md","clean_phase20","_database/quelle/bericht_2021_Schweiz_md/index.md","1","1"
"quelle","bericht_index_md","quelle/bericht_index_md","bericht_index_md","clean_phase20","_database/quelle/bericht_index_md/index.md","1","1"
"quelle","bericht_md","quelle/bericht_md","bericht_md","clean_phase20","_database/quelle/bericht_md/index.md","1","1"
"quelle","bericht_Research_Prompts_Entities_Obsidian_md","quelle/bericht_Research_Prompts_Entities_Obsidian_md","bericht_Research_Prompts_Entities_Obsidian_md","clean_phase20","_database/quelle/bericht_Research_Prompts_Entities_Obsidian_md/index.md","1","1"
"quelle","bericht_Ueberblick_Entwerfen_mit_Bestand_Kurzfassung_md","quelle/bericht_Ueberblick_Entwerfen_mit_Bestand_Kurzfassung_md","bericht_Ueberblick_Entwerfen_mit_Bestand_Kurzfassung_md","clean_phase20","_database/quelle/bericht_Ueberblick_Entwerfen_mit_Bestand_Kurzfassung_md/index.md","1","1"
"quelle","datenmodell_Bauteil_ID_md","quelle/datenmodell_Bauteil_ID_md","datenmodell_Bauteil_ID_md","clean_phase20","_database/quelle/datenmodell_Bauteil_ID_md/index.md","1","1"
"quelle","datenmodell_IFC_md","quelle/datenmodell_IFC_md","datenmodell_IFC_md","clean_phase20","_database/quelle/datenmodell_IFC_md/index.md","1","1"
"quelle","datenmodell_index_md","quelle/datenmodell_index_md","datenmodell_index_md","clean_phase20","_database/quelle/datenmodell_index_md/index.md","1","1"
"quelle","datenmodell_Klassifikation_md","quelle/datenmodell_Klassifikation_md","datenmodell_Klassifikation_md","clean_phase20","_database/quelle/datenmodell_Klassifikation_md/index.md","1","1"
"quelle","datenmodell_Materialpass_Schema_md","quelle/datenmodell_Materialpass_Schema_md","datenmodell_Materialpass_Schema_md","clean_phase20","_database/quelle/datenmodell_Materialpass_Schema_md/index.md","1","1"
"quelle","datenmodell_md","quelle/datenmodell_md","datenmodell_md","clean_phase20","_database/quelle/datenmodell_md/index.md","1","1"
"quelle","datenmodell_Ontologie_md","quelle/datenmodell_Ontologie_md","datenmodell_Ontologie_md","clean_phase20","_database/quelle/datenmodell_Ontologie_md/index.md","1","1"
"quelle","datenmodell_Taxonomie_md","quelle/datenmodell_Taxonomie_md","datenmodell_Taxonomie_md","clean_phase20","_database/quelle/datenmodell_Taxonomie_md/index.md","1","1"
"quelle","dirk_hebel_md","quelle/dirk_hebel_md","dirk_hebel_md","clean_phase20","_database/quelle/dirk_hebel_md/index.md","1","1"
"quelle","dokument_Auditbericht_md","quelle/dokument_Auditbericht_md","dokument_Auditbericht_md","clean_phase20","_database/quelle/dokument_Auditbericht_md/index.md","1","1"
"quelle","dokument_Ausschreibungstext_md","quelle/dokument_Ausschreibungstext_md","dokument_Ausschreibungstext_md","clean_phase20","_database/quelle/dokument_Ausschreibungstext_md/index.md","1","1"
"quelle","dokument_Bauteilkatalog_md","quelle/dokument_Bauteilkatalog_md","dokument_Bauteilkatalog_md","clean_phase20","_database/quelle/dokument_Bauteilkatalog_md/index.md","1","1"
"quelle","dokument_Bauwerksdiagnose_md","quelle/dokument_Bauwerksdiagnose_md","dokument_Bauwerksdiagnose_md","clean_phase20","_database/quelle/dokument_Bauwerksdiagnose_md/index.md","1","1"
"quelle","dokument_Bestandsaufnahme_md","quelle/dokument_Bestandsaufnahme_md","dokument_Bestandsaufnahme_md","clean_phase20","_database/quelle/dokument_Bestandsaufnahme_md/index.md","1","1"
"quelle","dokument_index_md","quelle/dokument_index_md","dokument_index_md","clean_phase20","_database/quelle/dokument_index_md/index.md","1","1"
"quelle","dokument_LCA_md","quelle/dokument_LCA_md","dokument_LCA_md","clean_phase20","_database/quelle/dokument_LCA_md/index.md","1","1"
"quelle","dokument_Materialdatenbank_md","quelle/dokument_Materialdatenbank_md","dokument_Materialdatenbank_md","clean_phase20","_database/quelle/dokument_Materialdatenbank_md/index.md","1","1"
"quelle","dokument_Materialinventar_md","quelle/dokument_Materialinventar_md","dokument_Materialinventar_md","clean_phase20","_database/quelle/dokument_Materialinventar_md/index.md","1","1"
"quelle","dokument_Materialpass_md","quelle/dokument_Materialpass_md","dokument_Materialpass_md","clean_phase20","_database/quelle/dokument_Materialpass_md/index.md","1","1"
"quelle","dokument_Materialsheet_md","quelle/dokument_Materialsheet_md","dokument_Materialsheet_md","clean_phase20","_database/quelle/dokument_Materialsheet_md/index.md","1","1"
"quelle","dokument_md","quelle/dokument_md","dokument_md","clean_phase20","_database/quelle/dokument_md/index.md","1","1"
"quelle","dokument_Opalis_Datenbank_md","quelle/dokument_Opalis_Datenbank_md","dokument_Opalis_Datenbank_md","clean_phase20","_database/quelle/dokument_Opalis_Datenbank_md/index.md","1","1"
"quelle","dokument_Pre_Demolition_Audit_md","quelle/dokument_Pre_Demolition_Audit_md","dokument_Pre_Demolition_Audit_md","clean_phase20","_database/quelle/dokument_Pre_Demolition_Audit_md/index.md","1","1"
"quelle","dokument_Publikation_md","quelle/dokument_Publikation_md","dokument_Publikation_md","clean_phase20","_database/quelle/dokument_Publikation_md/index.md","1","1"
"quelle","dokument_ReUse_Toolkit_md","quelle/dokument_ReUse_Toolkit_md","dokument_ReUse_Toolkit_md","clean_phase20","_database/quelle/dokument_ReUse_Toolkit_md/index.md","1","1"
"quelle","dokument_Reversibilitaetskonzept_md","quelle/dokument_Reversibilitaetskonzept_md","dokument_Reversibilitaetskonzept_md","clean_phase20","_database/quelle/dokument_Reversibilitaetskonzept_md/index.md","1","1"
"quelle","dokument_Rueckbaukataster_md","quelle/dokument_Rueckbaukataster_md","dokument_Rueckbaukataster_md","clean_phase20","_database/quelle/dokument_Rueckbaukataster_md/index.md","1","1"
"quelle","dokument_Specification_Method_md","quelle/dokument_Specification_Method_md","dokument_Specification_Method_md","clean_phase20","_database/quelle/dokument_Specification_Method_md/index.md","1","1"
"quelle","extract_Gebaeude_Entity_Extraction_md","quelle/extract_Gebaeude_Entity_Extraction_md","extract_Gebaeude_Entity_Extraction_md","clean_phase20","_database/quelle/extract_Gebaeude_Entity_Extraction_md/index.md","1","1"
"quelle","f_rderprogramm_md","quelle/f_rderprogramm_md","f_rderprogramm_md","clean_phase20","_database/quelle/f_rderprogramm_md/index.md","1","1"
"quelle","fallstudie_Be_Ware_md","quelle/fallstudie_Be_Ware_md","fallstudie_Be_Ware_md","clean_phase20","_database/quelle/fallstudie_Be_Ware_md/index.md","1","1"
"quelle","fallstudie_BIZH_Reallabor_md","quelle/fallstudie_BIZH_Reallabor_md","fallstudie_BIZH_Reallabor_md","clean_phase20","_database/quelle/fallstudie_BIZH_Reallabor_md/index.md","1","1"
"quelle","fallstudie_CRCLR_House_md","quelle/fallstudie_CRCLR_House_md","fallstudie_CRCLR_House_md","clean_phase20","_database/quelle/fallstudie_CRCLR_House_md/index.md","1","1"
"quelle","fallstudie_ELEMENTA_md","quelle/fallstudie_ELEMENTA_md","fallstudie_ELEMENTA_md","clean_phase20","_database/quelle/fallstudie_ELEMENTA_md/index.md","1","1"
"quelle","fallstudie_Halle_2_md","quelle/fallstudie_Halle_2_md","fallstudie_Halle_2_md","clean_phase20","_database/quelle/fallstudie_Halle_2_md/index.md","1","1"
"quelle","fallstudie_Haus_der_Materialisierung_md","quelle/fallstudie_Haus_der_Materialisierung_md","fallstudie_Haus_der_Materialisierung_md","clean_phase20","_database/quelle/fallstudie_Haus_der_Materialisierung_md/index.md","1","1"
"quelle","fallstudie_index_md","quelle/fallstudie_index_md","fallstudie_index_md","clean_phase20","_database/quelle/fallstudie_index_md/index.md","1","1"
"quelle","fallstudie_Kunst_Stoffe_Berlin_md","quelle/fallstudie_Kunst_Stoffe_Berlin_md","fallstudie_Kunst_Stoffe_Berlin_md","clean_phase20","_database/quelle/fallstudie_Kunst_Stoffe_Berlin_md/index.md","1","1"
"quelle","fallstudie_md","quelle/fallstudie_md","fallstudie_md","clean_phase20","_database/quelle/fallstudie_md/index.md","1","1"
"quelle","fallstudie_Opalis_md","quelle/fallstudie_Opalis_md","fallstudie_Opalis_md","clean_phase20","_database/quelle/fallstudie_Opalis_md/index.md","1","1"
"quelle","fallstudie_Permanently_Temporary_Pavilion_md","quelle/fallstudie_Permanently_Temporary_Pavilion_md","fallstudie_Permanently_Temporary_Pavilion_md","clean_phase20","_database/quelle/fallstudie_Permanently_Temporary_Pavilion_md/index.md","1","1"
"quelle","fallstudie_PREUSE_md","quelle/fallstudie_PREUSE_md","fallstudie_PREUSE_md","clean_phase20","_database/quelle/fallstudie_PREUSE_md/index.md","1","1"
"quelle","fallstudie_Rotor_DC_Brussels_Model_md","quelle/fallstudie_Rotor_DC_Brussels_Model_md","fallstudie_Rotor_DC_Brussels_Model_md","clean_phase20","_database/quelle/fallstudie_Rotor_DC_Brussels_Model_md/index.md","1","1"
"quelle","foerderprogramm_BBSM_md","quelle/foerderprogramm_BBSM_md","foerderprogramm_BBSM_md","clean_phase20","_database/quelle/foerderprogramm_BBSM_md/index.md","1","1"
"quelle","foerderprogramm_FCRBE_md","quelle/foerderprogramm_FCRBE_md","foerderprogramm_FCRBE_md","clean_phase20","_database/quelle/foerderprogramm_FCRBE_md/index.md","1","1"
"quelle","foerderprogramm_index_md","quelle/foerderprogramm_index_md","foerderprogramm_index_md","clean_phase20","_database/quelle/foerderprogramm_index_md/index.md","1","1"
"quelle","foerderprogramm_PREUSE_md","quelle/foerderprogramm_PREUSE_md","foerderprogramm_PREUSE_md","clean_phase20","_database/quelle/foerderprogramm_PREUSE_md/index.md","1","1"
"quelle","foerderprogramm_Reallabor_Be_Ware_md","quelle/foerderprogramm_Reallabor_Be_Ware_md","foerderprogramm_Reallabor_Be_Ware_md","clean_phase20","_database/quelle/foerderprogramm_Reallabor_Be_Ware_md/index.md","1","1"
"quelle","foerderprogramm_Zukunftbau_md","quelle/foerderprogramm_Zukunftbau_md","foerderprogramm_Zukunftbau_md","clean_phase20","_database/quelle/foerderprogramm_Zukunftbau_md/index.md","1","1"
"quelle","gastprofessur_md","quelle/gastprofessur_md","gastprofessur_md","clean_phase20","_database/quelle/gastprofessur_md/index.md","1","1"
"quelle","Geb_ude_55_Great_Suffolk_Street_London_md","quelle/Geb_ude_55_Great_Suffolk_Street_London_md","Geb_ude_55_Great_Suffolk_Street_London_md","clean_phase20","_database/quelle/Geb_ude_55_Great_Suffolk_Street_London_md/index.md","1","1"
"quelle","Geb_ude_Association_house_Groeditz_md","quelle/Geb_ude_Association_house_Groeditz_md","Geb_ude_Association_house_Groeditz_md","clean_phase20","_database/quelle/Geb_ude_Association_house_Groeditz_md/index.md","1","1"
"quelle","Geb_ude_Association_house_Plauen_md","quelle/Geb_ude_Association_house_Plauen_md","Geb_ude_Association_house_Plauen_md","clean_phase20","_database/quelle/Geb_ude_Association_house_Plauen_md/index.md","1","1"
"quelle","Geb_ude_AWM_Muenster_Circular_Office_md","quelle/Geb_ude_AWM_Muenster_Circular_Office_md","Geb_ude_AWM_Muenster_Circular_Office_md","clean_phase20","_database/quelle/Geb_ude_AWM_Muenster_Circular_Office_md/index.md","1","1"
"quelle","Geb_ude_BedZED_London_Hackbridge_md","quelle/Geb_ude_BedZED_London_Hackbridge_md","Geb_ude_BedZED_London_Hackbridge_md","clean_phase20","_database/quelle/Geb_ude_BedZED_London_Hackbridge_md/index.md","1","1"
"quelle","Geb_ude_Berlin_Schildow_Pilot_House_2_md","quelle/Geb_ude_Berlin_Schildow_Pilot_House_2_md","Geb_ude_Berlin_Schildow_Pilot_House_2_md","clean_phase20","_database/quelle/Geb_ude_Berlin_Schildow_Pilot_House_2_md/index.md","1","1"
"quelle","Geb_ude_Berlin_Schildow_Pilot_House_md","quelle/Geb_ude_Berlin_Schildow_Pilot_House_md","Geb_ude_Berlin_Schildow_Pilot_House_md","clean_phase20","_database/quelle/Geb_ude_Berlin_Schildow_Pilot_House_md/index.md","1","1"
"quelle","Geb_ude_Bestandverplanzung_Pavilion_Muenchen_md","quelle/Geb_ude_Bestandverplanzung_Pavilion_Muenchen_md","Geb_ude_Bestandverplanzung_Pavilion_Muenchen_md","clean_phase20","_database/quelle/Geb_ude_Bestandverplanzung_Pavilion_Muenchen_md/index.md","1","1"
"quelle","Geb_ude_Big_Dig_Building_Boston_md","quelle/Geb_ude_Big_Dig_Building_Boston_md","Geb_ude_Big_Dig_Building_Boston_md","clean_phase20","_database/quelle/Geb_ude_Big_Dig_Building_Boston_md/index.md","1","1"
"quelle","Geb_ude_Big_Dig_House_Lexington_Massachusetts_md","quelle/Geb_ude_Big_Dig_House_Lexington_Massachusetts_md","Geb_ude_Big_Dig_House_Lexington_Massachusetts_md","clean_phase20","_database/quelle/Geb_ude_Big_Dig_House_Lexington_Massachusetts_md/index.md","1","1"
"quelle","Geb_ude_BioPartner_5_Leiden_Oegstgeest_md","quelle/Geb_ude_BioPartner_5_Leiden_Oegstgeest_md","Geb_ude_BioPartner_5_Leiden_Oegstgeest_md","clean_phase20","_database/quelle/Geb_ude_BioPartner_5_Leiden_Oegstgeest_md/index.md","1","1"
"quelle","Geb_ude_BlueCity_Offices_Rotterdam_md","quelle/Geb_ude_BlueCity_Offices_Rotterdam_md","Geb_ude_BlueCity_Offices_Rotterdam_md","clean_phase20","_database/quelle/Geb_ude_BlueCity_Offices_Rotterdam_md/index.md","1","1"
"quelle","Geb_ude_Boulder_Fire_Station_3_md","quelle/Geb_ude_Boulder_Fire_Station_3_md","Geb_ude_Boulder_Fire_Station_3_md","clean_phase20","_database/quelle/Geb_ude_Boulder_Fire_Station_3_md/index.md","1","1"
"quelle","Geb_ude_Brent_Cross_Town_Primary_Substation_London_md","quelle/Geb_ude_Brent_Cross_Town_Primary_Substation_London_md","Geb_ude_Brent_Cross_Town_Primary_Substation_London_md","clean_phase20","_database/quelle/Geb_ude_Brent_Cross_Town_Primary_Substation_London_md/index.md","1","1"
"quelle","Geb_ude_Brighton_Waste_House_Brighton_md","quelle/Geb_ude_Brighton_Waste_House_Brighton_md","Geb_ude_Brighton_Waste_House_Brighton_md","clean_phase20","_database/quelle/Geb_ude_Brighton_Waste_House_Brighton_md/index.md","1","1"
"quelle","Geb_ude_Broethen_Twin_House_Hoyerswerda_md","quelle/Geb_ude_Broethen_Twin_House_Hoyerswerda_md","Geb_ude_Broethen_Twin_House_Hoyerswerda_md","clean_phase20","_database/quelle/Geb_ude_Broethen_Twin_House_Hoyerswerda_md/index.md","1","1"
"quelle","Geb_ude_CascadeUp_London_secondary_timber_glulam_demonstrator_md","quelle/Geb_ude_CascadeUp_London_secondary_timber_glulam_demonstrator_md","Geb_ude_CascadeUp_London_secondary_timber_glulam_demonstrator_md","clean_phase20","_database/quelle/Geb_ude_CascadeUp_London_secondary_timber_glulam_demonstrator_md/index.md","1","1"
"quelle","Geb_ude_Charles_Malis_Molenbeek_md","quelle/Geb_ude_Charles_Malis_Molenbeek_md","Geb_ude_Charles_Malis_Molenbeek_md","clean_phase20","_database/quelle/Geb_ude_Charles_Malis_Molenbeek_md/index.md","1","1"
"quelle","Geb_ude_Chiro_d_Itterbeek_Dilbeek_md","quelle/Geb_ude_Chiro_d_Itterbeek_Dilbeek_md","Geb_ude_Chiro_d_Itterbeek_Dilbeek_md","clean_phase20","_database/quelle/Geb_ude_Chiro_d_Itterbeek_Dilbeek_md/index.md","1","1"
"quelle","Geb_ude_Christ_Pavilion_Volkenroda_md","quelle/Geb_ude_Christ_Pavilion_Volkenroda_md","Geb_ude_Christ_Pavilion_Volkenroda_md","clean_phase20","_database/quelle/Geb_ude_Christ_Pavilion_Volkenroda_md/index.md","1","1"
"quelle","Geb_ude_Circular_Centre_Netherlands_Prinsenhof_A_reuse_pilot_md","quelle/Geb_ude_Circular_Centre_Netherlands_Prinsenhof_A_reuse_pilot_md","Geb_ude_Circular_Centre_Netherlands_Prinsenhof_A_reuse_pilot_md","clean_phase20","_database/quelle/Geb_ude_Circular_Centre_Netherlands_Prinsenhof_A_reuse_pilot_md/index.md","1","1"
"quelle","Geb_ude_Circular_Pavilion_Paris_md","quelle/Geb_ude_Circular_Pavilion_Paris_md","Geb_ude_Circular_Pavilion_Paris_md","clean_phase20","_database/quelle/Geb_ude_Circular_Pavilion_Paris_md/index.md","1","1"
"quelle","Geb_ude_CRCLR_House_Impact_Hub_Berlin_md","quelle/Geb_ude_CRCLR_House_Impact_Hub_Berlin_md","Geb_ude_CRCLR_House_Impact_Hub_Berlin_md","clean_phase20","_database/quelle/Geb_ude_CRCLR_House_Impact_Hub_Berlin_md/index.md","1","1"
"quelle","Geb_ude_ELYS_Kultur_Gewerbehaus_Basel_md","quelle/Geb_ude_ELYS_Kultur_Gewerbehaus_Basel_md","Geb_ude_ELYS_Kultur_Gewerbehaus_Basel_md","clean_phase20","_database/quelle/Geb_ude_ELYS_Kultur_Gewerbehaus_Basel_md/index.md","1","1"
"quelle","Geb_ude_Europa_Building_Brussels_md","quelle/Geb_ude_Europa_Building_Brussels_md","Geb_ude_Europa_Building_Brussels_md","clean_phase20","_database/quelle/Geb_ude_Europa_Building_Brussels_md/index.md","1","1"
"quelle","Geb_ude_Ferme_du_Rail_Paris_md","quelle/Geb_ude_Ferme_du_Rail_Paris_md","Geb_ude_Ferme_du_Rail_Paris_md","clean_phase20","_database/quelle/Geb_ude_Ferme_du_Rail_Paris_md/index.md","1","1"
"quelle","Geb_ude_gjG_House_Gentbrugge_md","quelle/Geb_ude_gjG_House_Gentbrugge_md","Geb_ude_gjG_House_Gentbrugge_md","clean_phase20","_database/quelle/Geb_ude_gjG_House_Gentbrugge_md/index.md","1","1"
"quelle","Geb_ude_Grande_Halle_de_Colombelles_md","quelle/Geb_ude_Grande_Halle_de_Colombelles_md","Geb_ude_Grande_Halle_de_Colombelles_md","clean_phase20","_database/quelle/Geb_ude_Grande_Halle_de_Colombelles_md/index.md","1","1"
"quelle","Geb_ude_Grubenstrasse_29_Werkhof_29_Zuerich_md","quelle/Geb_ude_Grubenstrasse_29_Werkhof_29_Zuerich_md","Geb_ude_Grubenstrasse_29_Werkhof_29_Zuerich_md","clean_phase20","_database/quelle/Geb_ude_Grubenstrasse_29_Werkhof_29_Zuerich_md/index.md","1","1"
"quelle","Geb_ude_Harmalanranta_A_Kruunu_ReCreate_mini_pilot_Tampere_md","quelle/Geb_ude_Harmalanranta_A_Kruunu_ReCreate_mini_pilot_Tampere_md","Geb_ude_Harmalanranta_A_Kruunu_ReCreate_mini_pilot_Tampere_md","clean_phase20","_database/quelle/Geb_ude_Harmalanranta_A_Kruunu_ReCreate_mini_pilot_Tampere_md/index.md","1","1"
"quelle","Geb_ude_Hastings_Pier_Visitor_Centre_md","quelle/Geb_ude_Hastings_Pier_Visitor_Centre_md","Geb_ude_Hastings_Pier_Visitor_Centre_md","clean_phase20","_database/quelle/Geb_ude_Hastings_Pier_Visitor_Centre_md/index.md","1","1"
"quelle","Geb_ude_Haus_HOS_Mehrfamilienhaus_Muehlhausen_md","quelle/Geb_ude_Haus_HOS_Mehrfamilienhaus_Muehlhausen_md","Geb_ude_Haus_HOS_Mehrfamilienhaus_Muehlhausen_md","clean_phase20","_database/quelle/Geb_ude_Haus_HOS_Mehrfamilienhaus_Muehlhausen_md/index.md","1","1"
"quelle","Geb_ude_Holbein_Gardens_London_md","quelle/Geb_ude_Holbein_Gardens_London_md","Geb_ude_Holbein_Gardens_London_md","clean_phase20","_database/quelle/Geb_ude_Holbein_Gardens_London_md/index.md","1","1"
"quelle","Geb_ude_House_of_Fraser_318_Oxford_Street_TBC_London_reuse_chain_md","quelle/Geb_ude_House_of_Fraser_318_Oxford_Street_TBC_London_reuse_chain_md","Geb_ude_House_of_Fraser_318_Oxford_Street_TBC_London_reuse_chain_md","clean_phase20","_database/quelle/Geb_ude_House_of_Fraser_318_Oxford_Street_TBC_London_reuse_chain_md/index.md","1","1"
"quelle","Geb_ude_Impact_Hub_Berlin_CRCLR_Fitout_md","quelle/Geb_ude_Impact_Hub_Berlin_CRCLR_Fitout_md","Geb_ude_Impact_Hub_Berlin_CRCLR_Fitout_md","clean_phase20","_database/quelle/Geb_ude_Impact_Hub_Berlin_CRCLR_Fitout_md/index.md","1","1"
"quelle","Geb_ude_Institut_de_Botanique_ULg_Liege_md","quelle/Geb_ude_Institut_de_Botanique_ULg_Liege_md","Geb_ude_Institut_de_Botanique_ULg_Liege_md","clean_phase20","_database/quelle/Geb_ude_Institut_de_Botanique_ULg_Liege_md/index.md","1","1"
"quelle","Geb_ude_Jeugdkliniek_Ithaka_Emergis_Kloetinge_md","quelle/Geb_ude_Jeugdkliniek_Ithaka_Emergis_Kloetinge_md","Geb_ude_Jeugdkliniek_Ithaka_Emergis_Kloetinge_md","clean_phase20","_database/quelle/Geb_ude_Jeugdkliniek_Ithaka_Emergis_Kloetinge_md/index.md","1","1"
"quelle","Geb_ude_Juch_Areal_Recyclingzentrum_Zuerich_md","quelle/Geb_ude_Juch_Areal_Recyclingzentrum_Zuerich_md","Geb_ude_Juch_Areal_Recyclingzentrum_Zuerich_md","clean_phase20","_database/quelle/Geb_ude_Juch_Areal_Recyclingzentrum_Zuerich_md/index.md","1","1"
"quelle","Geb_ude_K118_Kopfbau_Halle_118_Winterthur_md","quelle/Geb_ude_K118_Kopfbau_Halle_118_Winterthur_md","Geb_ude_K118_Kopfbau_Halle_118_Winterthur_md","clean_phase20","_database/quelle/Geb_ude_K118_Kopfbau_Halle_118_Winterthur_md/index.md","1","1"
"quelle","Geb_ude_KA13_Kristian_Augusts_gate_13_Oslo_md","quelle/Geb_ude_KA13_Kristian_Augusts_gate_13_Oslo_md","Geb_ude_KA13_Kristian_Augusts_gate_13_Oslo_md","clean_phase20","_database/quelle/Geb_ude_KA13_Kristian_Augusts_gate_13_Oslo_md/index.md","1","1"
"quelle","Geb_ude_Kamikatsu_Zero_Waste_Center_Hotel_WHY_md","quelle/Geb_ude_Kamikatsu_Zero_Waste_Center_Hotel_WHY_md","Geb_ude_Kamikatsu_Zero_Waste_Center_Hotel_WHY_md","clean_phase20","_database/quelle/Geb_ude_Kamikatsu_Zero_Waste_Center_Hotel_WHY_md/index.md","1","1"
"quelle","Geb_ude_Kindergarten_Moeoeslistrasse_Manegg_Zuerich_md","quelle/Geb_ude_Kindergarten_Moeoeslistrasse_Manegg_Zuerich_md","Geb_ude_Kindergarten_Moeoeslistrasse_Manegg_Zuerich_md","clean_phase20","_database/quelle/Geb_ude_Kindergarten_Moeoeslistrasse_Manegg_Zuerich_md/index.md","1","1"
"quelle","Geb_ude_Liander_Alliander_HQ_Duiven_md","quelle/Geb_ude_Liander_Alliander_HQ_Duiven_md","Geb_ude_Liander_Alliander_HQ_Duiven_md","clean_phase20","_database/quelle/Geb_ude_Liander_Alliander_HQ_Duiven_md/index.md","1","1"
"quelle","Geb_ude_Lo_Reninge_Town_Hall_Facade_md","quelle/Geb_ude_Lo_Reninge_Town_Hall_Facade_md","Geb_ude_Lo_Reninge_Town_Hall_Facade_md","clean_phase20","_database/quelle/Geb_ude_Lo_Reninge_Town_Hall_Facade_md/index.md","1","1"
"quelle","Geb_ude_Lokomotion_Technology_Centre_mini_pilot_Tampere_md","quelle/Geb_ude_Lokomotion_Technology_Centre_mini_pilot_Tampere_md","Geb_ude_Lokomotion_Technology_Centre_mini_pilot_Tampere_md","clean_phase20","_database/quelle/Geb_ude_Lokomotion_Technology_Centre_mini_pilot_Tampere_md/index.md","1","1"
"quelle","Geb_ude_Lycee_Michel_Lucius_Conversion_Luxembourg_md","quelle/Geb_ude_Lycee_Michel_Lucius_Conversion_Luxembourg_md","Geb_ude_Lycee_Michel_Lucius_Conversion_Luxembourg_md","clean_phase20","_database/quelle/Geb_ude_Lycee_Michel_Lucius_Conversion_Luxembourg_md/index.md","1","1"
"quelle","Geb_ude_Maison_des_Canaux_Paris_md","quelle/Geb_ude_Maison_des_Canaux_Paris_md","Geb_ude_Maison_des_Canaux_Paris_md","clean_phase20","_database/quelle/Geb_ude_Maison_des_Canaux_Paris_md/index.md","1","1"
"quelle","Geb_ude_Maison_DnA_Asse_md","quelle/Geb_ude_Maison_DnA_Asse_md","Geb_ude_Maison_DnA_Asse_md","clean_phase20","_database/quelle/Geb_ude_Maison_DnA_Asse_md/index.md","1","1"
"quelle","Geb_ude_Maison_Vignette_Auderghem_md","quelle/Geb_ude_Maison_Vignette_Auderghem_md","Geb_ude_Maison_Vignette_Auderghem_md","clean_phase20","_database/quelle/Geb_ude_Maison_Vignette_Auderghem_md/index.md","1","1"
"quelle","geb_ude_md","quelle/geb_ude_md","geb_ude_md","clean_phase20","_database/quelle/geb_ude_md/index.md","1","1"
"quelle","Geb_ude_Mehrow_Pilot_House_md","quelle/Geb_ude_Mehrow_Pilot_House_md","Geb_ude_Mehrow_Pilot_House_md","clean_phase20","_database/quelle/Geb_ude_Mehrow_Pilot_House_md/index.md","1","1"
"quelle","Geb_ude_Melkinlaituri_Primary_School_Daycare_Centre_Helsinki_md","quelle/Geb_ude_Melkinlaituri_Primary_School_Daycare_Centre_Helsinki_md","Geb_ude_Melkinlaituri_Primary_School_Daycare_Centre_Helsinki_md","clean_phase20","_database/quelle/Geb_ude_Melkinlaituri_Primary_School_Daycare_Centre_Helsinki_md/index.md","1","1"
"quelle","Geb_ude_Montessori_Maassluis_md","quelle/Geb_ude_Montessori_Maassluis_md","Geb_ude_Montessori_Maassluis_md","clean_phase20","_database/quelle/Geb_ude_Montessori_Maassluis_md/index.md","1","1"
"quelle","Geb_ude_Multi_Brussels_Reuse_in_MULTI_md","quelle/Geb_ude_Multi_Brussels_Reuse_in_MULTI_md","Geb_ude_Multi_Brussels_Reuse_in_MULTI_md","clean_phase20","_database/quelle/Geb_ude_Multi_Brussels_Reuse_in_MULTI_md/index.md","1","1"
"quelle","Geb_ude_Musee_de_Folklore_Mouscron_md","quelle/Geb_ude_Musee_de_Folklore_Mouscron_md","Geb_ude_Musee_de_Folklore_Mouscron_md","clean_phase20","_database/quelle/Geb_ude_Musee_de_Folklore_Mouscron_md/index.md","1","1"
"quelle","Geb_ude_Peoples_Pavilion_Eindhoven_md","quelle/Geb_ude_Peoples_Pavilion_Eindhoven_md","Geb_ude_Peoples_Pavilion_Eindhoven_md","clean_phase20","_database/quelle/Geb_ude_Peoples_Pavilion_Eindhoven_md/index.md","1","1"
"quelle","Geb_ude_Plattenpalast_Berlin_md","quelle/Geb_ude_Plattenpalast_Berlin_md","Geb_ude_Plattenpalast_Berlin_md","clean_phase20","_database/quelle/Geb_ude_Plattenpalast_Berlin_md/index.md","1","1"
"quelle","Geb_ude_Plattenvereinigung_Berlin_md","quelle/Geb_ude_Plattenvereinigung_Berlin_md","Geb_ude_Plattenvereinigung_Berlin_md","clean_phase20","_database/quelle/Geb_ude_Plattenvereinigung_Berlin_md/index.md","1","1"
"quelle","Geb_ude_PLP_London_HQ_Circular_Studio_Fitout_md","quelle/Geb_ude_PLP_London_HQ_Circular_Studio_Fitout_md","Geb_ude_PLP_London_HQ_Circular_Studio_Fitout_md","clean_phase20","_database/quelle/Geb_ude_PLP_London_HQ_Circular_Studio_Fitout_md/index.md","1","1"
"quelle","Geb_ude_ReCrete_footbridge_reused_concrete_blocks_md","quelle/Geb_ude_ReCrete_footbridge_reused_concrete_blocks_md","Geb_ude_ReCrete_footbridge_reused_concrete_blocks_md","clean_phase20","_database/quelle/Geb_ude_ReCrete_footbridge_reused_concrete_blocks_md/index.md","1","1"
"quelle","Geb_ude_Recyclinghaus_Hannover_md","quelle/Geb_ude_Recyclinghaus_Hannover_md","Geb_ude_Recyclinghaus_Hannover_md","clean_phase20","_database/quelle/Geb_ude_Recyclinghaus_Hannover_md/index.md","1","1"
"quelle","Geb_ude_Recypark_Demets_Anderlecht_md","quelle/Geb_ude_Recypark_Demets_Anderlecht_md","Geb_ude_Recypark_Demets_Anderlecht_md","clean_phase20","_database/quelle/Geb_ude_Recypark_Demets_Anderlecht_md/index.md","1","1"
"quelle","Geb_ude_Resilience_La_Ferme_des_Possibles_Stains_md","quelle/Geb_ude_Resilience_La_Ferme_des_Possibles_Stains_md","Geb_ude_Resilience_La_Ferme_des_Possibles_Stains_md","clean_phase20","_database/quelle/Geb_ude_Resilience_La_Ferme_des_Possibles_Stains_md/index.md","1","1"
"quelle","Geb_ude_Resource_Rows_Copenhagen_md","quelle/Geb_ude_Resource_Rows_Copenhagen_md","Geb_ude_Resource_Rows_Copenhagen_md","clean_phase20","_database/quelle/Geb_ude_Resource_Rows_Copenhagen_md/index.md","1","1"
"quelle","Geb_ude_Roots_in_the_Sky_Blackfriars_Crown_Court_md","quelle/Geb_ude_Roots_in_the_Sky_Blackfriars_Crown_Court_md","Geb_ude_Roots_in_the_Sky_Blackfriars_Crown_Court_md","clean_phase20","_database/quelle/Geb_ude_Roots_in_the_Sky_Blackfriars_Crown_Court_md/index.md","1","1"
"quelle","Geb_ude_Saxum_Vineyard_Equipment_Barn_Paso_Robles_md","quelle/Geb_ude_Saxum_Vineyard_Equipment_Barn_Paso_Robles_md","Geb_ude_Saxum_Vineyard_Equipment_Barn_Paso_Robles_md","clean_phase20","_database/quelle/Geb_ude_Saxum_Vineyard_Equipment_Barn_Paso_Robles_md/index.md","1","1"
"quelle","Geb_ude_Superlocal_Expogebouw_Bleijerheide_md","quelle/Geb_ude_Superlocal_Expogebouw_Bleijerheide_md","Geb_ude_Superlocal_Expogebouw_Bleijerheide_md","clean_phase20","_database/quelle/Geb_ude_Superlocal_Expogebouw_Bleijerheide_md/index.md","1","1"
"quelle","Geb_ude_Svanen_Kindergarten_Gladsaxe_md","quelle/Geb_ude_Svanen_Kindergarten_Gladsaxe_md","Geb_ude_Svanen_Kindergarten_Gladsaxe_md","clean_phase20","_database/quelle/Geb_ude_Svanen_Kindergarten_Gladsaxe_md/index.md","1","1"
"quelle","Geb_ude_The_Green_House_Utrecht_md","quelle/Geb_ude_The_Green_House_Utrecht_md","Geb_ude_The_Green_House_Utrecht_md","clean_phase20","_database/quelle/Geb_ude_The_Green_House_Utrecht_md/index.md","1","1"
"quelle","Geb_ude_Thoravej_29_Copenhagen_md","quelle/Geb_ude_Thoravej_29_Copenhagen_md","Geb_ude_Thoravej_29_Copenhagen_md","clean_phase20","_database/quelle/Geb_ude_Thoravej_29_Copenhagen_md/index.md","1","1"
"quelle","Geb_ude_Timber_Square_London_md","quelle/Geb_ude_Timber_Square_London_md","Geb_ude_Timber_Square_London_md","clean_phase20","_database/quelle/Geb_ude_Timber_Square_London_md/index.md","1","1"
"quelle","Geb_ude_TRAE_High_Rise_Aarhus_md","quelle/Geb_ude_TRAE_High_Rise_Aarhus_md","Geb_ude_TRAE_High_Rise_Aarhus_md","clean_phase20","_database/quelle/Geb_ude_TRAE_High_Rise_Aarhus_md/index.md","1","1"
"quelle","Geb_ude_Upcycle_Studios_Copenhagen_md","quelle/Geb_ude_Upcycle_Studios_Copenhagen_md","Geb_ude_Upcycle_Studios_Copenhagen_md","clean_phase20","_database/quelle/Geb_ude_Upcycle_Studios_Copenhagen_md/index.md","1","1"
"quelle","Geb_ude_Verbiest_Karreveld_Brussels_md","quelle/Geb_ude_Verbiest_Karreveld_Brussels_md","Geb_ude_Verbiest_Karreveld_Brussels_md","clean_phase20","_database/quelle/Geb_ude_Verbiest_Karreveld_Brussels_md/index.md","1","1"
"quelle","Geb_ude_Villa_Welpeloo_Enschede_md","quelle/Geb_ude_Villa_Welpeloo_Enschede_md","Geb_ude_Villa_Welpeloo_Enschede_md","clean_phase20","_database/quelle/Geb_ude_Villa_Welpeloo_Enschede_md/index.md","1","1"
"quelle","Geb_ude_Woongroep_Boschgaard_Den_Bosch_md","quelle/Geb_ude_Woongroep_Boschgaard_Den_Bosch_md","Geb_ude_Woongroep_Boschgaard_Den_Bosch_md","clean_phase20","_database/quelle/Geb_ude_Woongroep_Boschgaard_Den_Bosch_md/index.md","1","1"
"quelle","Geb_ude_Zinneke_Feder_Masui4ever_Brussels_md","quelle/Geb_ude_Zinneke_Feder_Masui4ever_Brussels_md","Geb_ude_Zinneke_Feder_Masui4ever_Brussels_md","clean_phase20","_database/quelle/Geb_ude_Zinneke_Feder_Masui4ever_Brussels_md/index.md","1","1"
"quelle","gebaeude_Altes_Hobelwerk_Winterthur_md","quelle/gebaeude_Altes_Hobelwerk_Winterthur_md","gebaeude_Altes_Hobelwerk_Winterthur_md","clean_phase20","_database/quelle/gebaeude_Altes_Hobelwerk_Winterthur_md/index.md","1","1"
"quelle","gebaeude_Analyse_Entitaeten_Erweiterung_Gebaeude_Fallstudien_md","quelle/gebaeude_Analyse_Entitaeten_Erweiterung_Gebaeude_Fallstudien_md","gebaeude_Analyse_Entitaeten_Erweiterung_Gebaeude_Fallstudien_md","clean_phase20","_database/quelle/gebaeude_Analyse_Entitaeten_Erweiterung_Gebaeude_Fallstudien_md/index.md","1","1"
"quelle","gebaeude_Areal_Walkeweg_Nord_md","quelle/gebaeude_Areal_Walkeweg_Nord_md","gebaeude_Areal_Walkeweg_Nord_md","clean_phase20","_database/quelle/gebaeude_Areal_Walkeweg_Nord_md/index.md","1","1"
"quelle","gebaeude_Bestandshalle_CRCLR_House_md","quelle/gebaeude_Bestandshalle_CRCLR_House_md","gebaeude_Bestandshalle_CRCLR_House_md","clean_phase20","_database/quelle/gebaeude_Bestandshalle_CRCLR_House_md/index.md","1","1"
"quelle","gebaeude_BOELL_LAB_Berlin_md","quelle/gebaeude_BOELL_LAB_Berlin_md","gebaeude_BOELL_LAB_Berlin_md","clean_phase20","_database/quelle/gebaeude_BOELL_LAB_Berlin_md/index.md","1","1"
"quelle","gebaeude_Da_Vinci_Business_District_md","quelle/gebaeude_Da_Vinci_Business_District_md","gebaeude_Da_Vinci_Business_District_md","clean_phase20","_database/quelle/gebaeude_Da_Vinci_Business_District_md/index.md","1","1"
"quelle","gebaeude_Elementa_md","quelle/gebaeude_Elementa_md","gebaeude_Elementa_md","clean_phase20","_database/quelle/gebaeude_Elementa_md/index.md","1","1"
"quelle","gebaeude_ELYS_Kultur_und_Gewerbehaus_Basel_Lysbuechelareal_md","quelle/gebaeude_ELYS_Kultur_und_Gewerbehaus_Basel_Lysbuechelareal_md","gebaeude_ELYS_Kultur_und_Gewerbehaus_Basel_Lysbuechelareal_md","clean_phase20","_database/quelle/gebaeude_ELYS_Kultur_und_Gewerbehaus_Basel_Lysbuechelareal_md/index.md","1","1"
"quelle","gebaeude_geb_ude2_wiederverwendung_direct_reuse_examples_md","quelle/gebaeude_geb_ude2_wiederverwendung_direct_reuse_examples_md","gebaeude_geb_ude2_wiederverwendung_direct_reuse_examples_md","clean_phase20","_database/quelle/gebaeude_geb_ude2_wiederverwendung_direct_reuse_examples_md/index.md","1","1"
"quelle","gebaeude_geb_ude3_wiederverwendung_direct_reuse_examples_md","quelle/gebaeude_geb_ude3_wiederverwendung_direct_reuse_examples_md","gebaeude_geb_ude3_wiederverwendung_direct_reuse_examples_md","clean_phase20","_database/quelle/gebaeude_geb_ude3_wiederverwendung_direct_reuse_examples_md/index.md","1","1"
"quelle","gebaeude_geb_ude4_wiederverwendung_direct_reuse_examples_md","quelle/gebaeude_geb_ude4_wiederverwendung_direct_reuse_examples_md","gebaeude_geb_ude4_wiederverwendung_direct_reuse_examples_md","clean_phase20","_database/quelle/gebaeude_geb_ude4_wiederverwendung_direct_reuse_examples_md/index.md","1","1"
"quelle","gebaeude_geb_ude_wiederverwendung_direct_reuse_examples_md","quelle/gebaeude_geb_ude_wiederverwendung_direct_reuse_examples_md","gebaeude_geb_ude_wiederverwendung_direct_reuse_examples_md","clean_phase20","_database/quelle/gebaeude_geb_ude_wiederverwendung_direct_reuse_examples_md/index.md","1","1"
"quelle","gebaeude_Hobelwerk_Haus_D_Oberwinterthur_md","quelle/gebaeude_Hobelwerk_Haus_D_Oberwinterthur_md","gebaeude_Hobelwerk_Haus_D_Oberwinterthur_md","clean_phase20","_database/quelle/gebaeude_Hobelwerk_Haus_D_Oberwinterthur_md/index.md","1","1"
"quelle","gebaeude_index_md","quelle/gebaeude_index_md","gebaeude_index_md","clean_phase20","_database/quelle/gebaeude_index_md/index.md","1","1"
"quelle","gebaeude_K118_Kopfbau_Halle_118_Winterthur_md","quelle/gebaeude_K118_Kopfbau_Halle_118_Winterthur_md","gebaeude_K118_Kopfbau_Halle_118_Winterthur_md","clean_phase20","_database/quelle/gebaeude_K118_Kopfbau_Halle_118_Winterthur_md/index.md","1","1"
"quelle","gebaeude_Kindl_Areal_md","quelle/gebaeude_Kindl_Areal_md","gebaeude_Kindl_Areal_md","clean_phase20","_database/quelle/gebaeude_Kindl_Areal_md/index.md","1","1"
"quelle","gebaeude_Lysbuechel_Parkhaus_md","quelle/gebaeude_Lysbuechel_Parkhaus_md","gebaeude_Lysbuechel_Parkhaus_md","clean_phase20","_database/quelle/gebaeude_Lysbuechel_Parkhaus_md/index.md","1","1"
"quelle","gebaeude_LysP8_Basel_Lysbuechelareal_md","quelle/gebaeude_LysP8_Basel_Lysbuechelareal_md","gebaeude_LysP8_Basel_Lysbuechelareal_md","clean_phase20","_database/quelle/gebaeude_LysP8_Basel_Lysbuechelareal_md/index.md","1","1"
"quelle","gebaeude_ReUseBox_Heilbronn_md","quelle/gebaeude_ReUseBox_Heilbronn_md","gebaeude_ReUseBox_Heilbronn_md","clean_phase20","_database/quelle/gebaeude_ReUseBox_Heilbronn_md/index.md","1","1"
"quelle","h_rde_md","quelle/h_rde_md","h_rde_md","clean_phase20","_database/quelle/h_rde_md/index.md","1","1"
"quelle","huerde_Ausschreibungsproblem_md","quelle/huerde_Ausschreibungsproblem_md","huerde_Ausschreibungsproblem_md","clean_phase20","_database/quelle/huerde_Ausschreibungsproblem_md/index.md","1","1"
"quelle","huerde_Brandschutzkonflikt_md","quelle/huerde_Brandschutzkonflikt_md","huerde_Brandschutzkonflikt_md","clean_phase20","_database/quelle/huerde_Brandschutzkonflikt_md/index.md","1","1"
"quelle","huerde_Datenluecke_md","quelle/huerde_Datenluecke_md","huerde_Datenluecke_md","clean_phase20","_database/quelle/huerde_Datenluecke_md/index.md","1","1"
"quelle","huerde_Fehlende_Datenstandards_md","quelle/huerde_Fehlende_Datenstandards_md","huerde_Fehlende_Datenstandards_md","clean_phase20","_database/quelle/huerde_Fehlende_Datenstandards_md/index.md","1","1"
"quelle","huerde_Fehlende_Lagerflaeche_md","quelle/huerde_Fehlende_Lagerflaeche_md","huerde_Fehlende_Lagerflaeche_md","clean_phase20","_database/quelle/huerde_Fehlende_Lagerflaeche_md/index.md","1","1"
"quelle","huerde_Fehlende_Standardisierung_md","quelle/huerde_Fehlende_Standardisierung_md","huerde_Fehlende_Standardisierung_md","clean_phase20","_database/quelle/huerde_Fehlende_Standardisierung_md/index.md","1","1"
"quelle","huerde_Gewaehrleistung_md","quelle/huerde_Gewaehrleistung_md","huerde_Gewaehrleistung_md","clean_phase20","_database/quelle/huerde_Gewaehrleistung_md/index.md","1","1"
"quelle","huerde_Haftung_md","quelle/huerde_Haftung_md","huerde_Haftung_md","clean_phase20","_database/quelle/huerde_Haftung_md/index.md","1","1"
"quelle","huerde_index_md","quelle/huerde_index_md","huerde_index_md","clean_phase20","_database/quelle/huerde_index_md/index.md","1","1"
"quelle","huerde_Logistikproblem_md","quelle/huerde_Logistikproblem_md","huerde_Logistikproblem_md","clean_phase20","_database/quelle/huerde_Logistikproblem_md/index.md","1","1"
"quelle","huerde_Schadstoffbelastung_md","quelle/huerde_Schadstoffbelastung_md","huerde_Schadstoffbelastung_md","clean_phase20","_database/quelle/huerde_Schadstoffbelastung_md/index.md","1","1"
"quelle","huerde_Terminunsicherheit_md","quelle/huerde_Terminunsicherheit_md","huerde_Terminunsicherheit_md","clean_phase20","_database/quelle/huerde_Terminunsicherheit_md/index.md","1","1"
"quelle","huerde_Toleranzen_md","quelle/huerde_Toleranzen_md","huerde_Toleranzen_md","clean_phase20","_database/quelle/huerde_Toleranzen_md/index.md","1","1"
"quelle","huerde_Verfuegbarkeitsproblem_md","quelle/huerde_Verfuegbarkeitsproblem_md","huerde_Verfuegbarkeitsproblem_md","clean_phase20","_database/quelle/huerde_Verfuegbarkeitsproblem_md/index.md","1","1"
"quelle","interview_md","quelle/interview_md","interview_md","clean_phase20","_database/quelle/interview_md/index.md","1","1"
"quelle","kennwert_CO2_Einsparung_md","quelle/kennwert_CO2_Einsparung_md","kennwert_CO2_Einsparung_md","clean_phase20","_database/quelle/kennwert_CO2_Einsparung_md/index.md","1","1"
"quelle","kennwert_Demontagegrad_md","quelle/kennwert_Demontagegrad_md","kennwert_Demontagegrad_md","clean_phase20","_database/quelle/kennwert_Demontagegrad_md/index.md","1","1"
"quelle","kennwert_Graue_Energie_md","quelle/kennwert_Graue_Energie_md","kennwert_Graue_Energie_md","clean_phase20","_database/quelle/kennwert_Graue_Energie_md/index.md","1","1"
"quelle","kennwert_index_md","quelle/kennwert_index_md","kennwert_index_md","clean_phase20","_database/quelle/kennwert_index_md/index.md","1","1"
"quelle","kennwert_Materialwert_md","quelle/kennwert_Materialwert_md","kennwert_Materialwert_md","clean_phase20","_database/quelle/kennwert_Materialwert_md/index.md","1","1"
"quelle","kennwert_md","quelle/kennwert_md","kennwert_md","clean_phase20","_database/quelle/kennwert_md/index.md","1","1"
"quelle","kennwert_Wiederverwendungsquote_md","quelle/kennwert_Wiederverwendungsquote_md","kennwert_Wiederverwendungsquote_md","clean_phase20","_database/quelle/kennwert_Wiederverwendungsquote_md/index.md","1","1"
"quelle","kerstin_m_ller_md","quelle/kerstin_m_ller_md","kerstin_m_ller_md","clean_phase20","_database/quelle/kerstin_m_ller_md/index.md","1","1"
"quelle","Legacy_abbruchmethode","quelle/Legacy_abbruchmethode","Legacy_abbruchmethode","clean_phase20","_database/quelle/Legacy_abbruchmethode/index.md","1","1"
"quelle","Legacy_abbruchmethode_index","quelle/Legacy_abbruchmethode_index","Legacy_abbruchmethode_index","clean_phase20","_database/quelle/Legacy_abbruchmethode_index/index.md","1","1"
"quelle","Legacy_akteur_Research_00_INDEX","quelle/Legacy_akteur_Research_00_INDEX","Legacy_akteur_Research_00_INDEX","clean_phase20","_database/quelle/Legacy_akteur_Research_00_INDEX/index.md","1","1"
"quelle","Legacy_akteur_Research_Interviewleitfaden","quelle/Legacy_akteur_Research_Interviewleitfaden","Legacy_akteur_Research_Interviewleitfaden","clean_phase20","_database/quelle/Legacy_akteur_Research_Interviewleitfaden/index.md","1","1"
"quelle","Legacy_aufbereitungsmethode","quelle/Legacy_aufbereitungsmethode","Legacy_aufbereitungsmethode","clean_phase20","_database/quelle/Legacy_aufbereitungsmethode/index.md","1","1"
"quelle","Legacy_aufbereitungsmethode_index","quelle/Legacy_aufbereitungsmethode_index","Legacy_aufbereitungsmethode_index","clean_phase20","_database/quelle/Legacy_aufbereitungsmethode_index/index.md","1","1"
"quelle","Legacy_bauteil","quelle/Legacy_bauteil","Legacy_bauteil","clean_phase20","_database/quelle/Legacy_bauteil/index.md","1","1"
"quelle","Legacy_bauteil_index","quelle/Legacy_bauteil_index","Legacy_bauteil_index","clean_phase20","_database/quelle/Legacy_bauteil_index/index.md","1","1"
"quelle","Legacy_beispiel","quelle/Legacy_beispiel","Legacy_beispiel","clean_phase20","_database/quelle/Legacy_beispiel/index.md","1","1"
"quelle","Legacy_bericht","quelle/Legacy_bericht","Legacy_bericht","clean_phase20","_database/quelle/Legacy_bericht/index.md","1","1"
"quelle","Legacy_bericht_01_BIM_Berlin_detailed","quelle/Legacy_bericht_01_BIM_Berlin_detailed","Legacy_bericht_01_BIM_Berlin_detailed","clean_phase20","_database/quelle/Legacy_bericht_01_BIM_Berlin_detailed/index.md","1","1"
"quelle","Legacy_bericht_02_Concular_detailed","quelle/Legacy_bericht_02_Concular_detailed","Legacy_bericht_02_Concular_detailed","clean_phase20","_database/quelle/Legacy_bericht_02_Concular_detailed/index.md","1","1"
"quelle","Legacy_bericht_03_Madaster_detailed","quelle/Legacy_bericht_03_Madaster_detailed","Legacy_bericht_03_Madaster_detailed","clean_phase20","_database/quelle/Legacy_bericht_03_Madaster_detailed/index.md","1","1"
"quelle","Legacy_bericht_04_Be_Ware_NBL_detailed","quelle/Legacy_bericht_04_Be_Ware_NBL_detailed","Legacy_bericht_04_Be_Ware_NBL_detailed","clean_phase20","_database/quelle/Legacy_bericht_04_Be_Ware_NBL_detailed/index.md","1","1"
"quelle","Legacy_bericht_05_BIZH_Reallabor_detailed","quelle/Legacy_bericht_05_BIZH_Reallabor_detailed","Legacy_bericht_05_BIZH_Reallabor_detailed","clean_phase20","_database/quelle/Legacy_bericht_05_BIZH_Reallabor_detailed/index.md","1","1"
"quelle","Legacy_bericht_06_Haus_der_Materialisierung_detailed","quelle/Legacy_bericht_06_Haus_der_Materialisierung_detailed","Legacy_bericht_06_Haus_der_Materialisierung_detailed","clean_phase20","_database/quelle/Legacy_bericht_06_Haus_der_Materialisierung_detailed/index.md","1","1"
"quelle","Legacy_bericht_07_Kunst_Stoffe_Berlin_detailed","quelle/Legacy_bericht_07_Kunst_Stoffe_Berlin_detailed","Legacy_bericht_07_Kunst_Stoffe_Berlin_detailed","clean_phase20","_database/quelle/Legacy_bericht_07_Kunst_Stoffe_Berlin_detailed/index.md","1","1"
"quelle","Legacy_bericht_08_ZRS_Engineering_detailed","quelle/Legacy_bericht_08_ZRS_Engineering_detailed","Legacy_bericht_08_ZRS_Engineering_detailed","clean_phase20","_database/quelle/Legacy_bericht_08_ZRS_Engineering_detailed/index.md","1","1"
"quelle","Legacy_bericht_09_CRCLR_House_detailed","quelle/Legacy_bericht_09_CRCLR_House_detailed","Legacy_bericht_09_CRCLR_House_detailed","clean_phase20","_database/quelle/Legacy_bericht_09_CRCLR_House_detailed/index.md","1","1"
"quelle","Legacy_bericht_10_PARABASE_detailed","quelle/Legacy_bericht_10_PARABASE_detailed","Legacy_bericht_10_PARABASE_detailed","clean_phase20","_database/quelle/Legacy_bericht_10_PARABASE_detailed/index.md","1","1"
"quelle","Legacy_bericht_11_Rotor_Rotor_DC_detailed","quelle/Legacy_bericht_11_Rotor_Rotor_DC_detailed","Legacy_bericht_11_Rotor_Rotor_DC_detailed","clean_phase20","_database/quelle/Legacy_bericht_11_Rotor_Rotor_DC_detailed/index.md","1","1"
"quelle","Legacy_bericht_2021-Schweiz","quelle/Legacy_bericht_2021-Schweiz","Legacy_bericht_2021-Schweiz","clean_phase20","_database/quelle/Legacy_bericht_2021-Schweiz/index.md","1","1"
"quelle","Legacy_bericht_index","quelle/Legacy_bericht_index","Legacy_bericht_index","clean_phase20","_database/quelle/Legacy_bericht_index/index.md","1","1"
"quelle","Legacy_bericht_Research_Prompts_Entities_Obsidian","quelle/Legacy_bericht_Research_Prompts_Entities_Obsidian","Legacy_bericht_Research_Prompts_Entities_Obsidian","clean_phase20","_database/quelle/Legacy_bericht_Research_Prompts_Entities_Obsidian/index.md","1","1"
"quelle","Legacy_bericht_Ueberblick_Entwerfen_mit_Bestand_Kurzfassung","quelle/Legacy_bericht_Ueberblick_Entwerfen_mit_Bestand_Kurzfassung","Legacy_bericht_Ueberblick_Entwerfen_mit_Bestand_Kurzfassung","clean_phase20","_database/quelle/Legacy_bericht_Ueberblick_Entwerfen_mit_Bestand_Kurzfassung/index.md","1","1"
"quelle","Legacy_datenmodell","quelle/Legacy_datenmodell","Legacy_datenmodell","clean_phase20","_database/quelle/Legacy_datenmodell/index.md","1","1"
"quelle","Legacy_datenmodell_index","quelle/Legacy_datenmodell_index","Legacy_datenmodell_index","clean_phase20","_database/quelle/Legacy_datenmodell_index/index.md","1","1"
"quelle","Legacy_dokument","quelle/Legacy_dokument","Legacy_dokument","clean_phase20","_database/quelle/Legacy_dokument/index.md","1","1"
"quelle","Legacy_dokument_index","quelle/Legacy_dokument_index","Legacy_dokument_index","clean_phase20","_database/quelle/Legacy_dokument_index/index.md","1","1"
"quelle","Legacy_extract_Gebaeude_Entity_Extraction","quelle/Legacy_extract_Gebaeude_Entity_Extraction","Legacy_extract_Gebaeude_Entity_Extraction","clean_phase20","_database/quelle/Legacy_extract_Gebaeude_Entity_Extraction/index.md","1","1"
"quelle","Legacy_fallstudie","quelle/Legacy_fallstudie","Legacy_fallstudie","clean_phase20","_database/quelle/Legacy_fallstudie/index.md","1","1"
"quelle","Legacy_gastprofessur","quelle/Legacy_gastprofessur","Legacy_gastprofessur","clean_phase20","_database/quelle/Legacy_gastprofessur/index.md","1","1"
"quelle","Legacy_geb_ude","quelle/Legacy_geb_ude","Legacy_geb_ude","clean_phase20","_database/quelle/Legacy_geb_ude/index.md","1","1"
"quelle","Legacy_gebaeude_Analyse_Entitaeten_Erweiterung_Gebaeude_Fallstudien","quelle/Legacy_gebaeude_Analyse_Entitaeten_Erweiterung_Gebaeude_Fallstudien","Legacy_gebaeude_Analyse_Entitaeten_Erweiterung_Gebaeude_Fallstudien","clean_phase20","_database/quelle/Legacy_gebaeude_Analyse_Entitaeten_Erweiterung_Gebaeude_Fallstudien/index.md","1","1"
"quelle","Legacy_gebaeude_geb_ude2_wiederverwendung_direct_reuse_examples","quelle/Legacy_gebaeude_geb_ude2_wiederverwendung_direct_reuse_examples","Legacy_gebaeude_geb_ude2_wiederverwendung_direct_reuse_examples","clean_phase20","_database/quelle/Legacy_gebaeude_geb_ude2_wiederverwendung_direct_reuse_examples/index.md","1","1"
"quelle","Legacy_gebaeude_geb_ude3_wiederverwendung_direct_reuse_examples","quelle/Legacy_gebaeude_geb_ude3_wiederverwendung_direct_reuse_examples","Legacy_gebaeude_geb_ude3_wiederverwendung_direct_reuse_examples","clean_phase20","_database/quelle/Legacy_gebaeude_geb_ude3_wiederverwendung_direct_reuse_examples/index.md","1","1"
"quelle","Legacy_gebaeude_geb_ude4_wiederverwendung_direct_reuse_examples","quelle/Legacy_gebaeude_geb_ude4_wiederverwendung_direct_reuse_examples","Legacy_gebaeude_geb_ude4_wiederverwendung_direct_reuse_examples","clean_phase20","_database/quelle/Legacy_gebaeude_geb_ude4_wiederverwendung_direct_reuse_examples/index.md","1","1"
"quelle","Legacy_gebaeude_geb_ude_wiederverwendung_direct_reuse_examples","quelle/Legacy_gebaeude_geb_ude_wiederverwendung_direct_reuse_examples","Legacy_gebaeude_geb_ude_wiederverwendung_direct_reuse_examples","clean_phase20","_database/quelle/Legacy_gebaeude_geb_ude_wiederverwendung_direct_reuse_examples/index.md","1","1"
"quelle","Legacy_gebaeude_index","quelle/Legacy_gebaeude_index","Legacy_gebaeude_index","clean_phase20","_database/quelle/Legacy_gebaeude_index/index.md","1","1"
"quelle","Legacy_h_rde","quelle/Legacy_h_rde","Legacy_h_rde","clean_phase20","_database/quelle/Legacy_h_rde/index.md","1","1"
"quelle","Legacy_huerde_index","quelle/Legacy_huerde_index","Legacy_huerde_index","clean_phase20","_database/quelle/Legacy_huerde_index/index.md","1","1"
"quelle","Legacy_interview","quelle/Legacy_interview","Legacy_interview","clean_phase20","_database/quelle/Legacy_interview/index.md","1","1"
"quelle","Legacy_kennwert","quelle/Legacy_kennwert","Legacy_kennwert","clean_phase20","_database/quelle/Legacy_kennwert/index.md","1","1"
"quelle","Legacy_kennwert_index","quelle/Legacy_kennwert_index","Legacy_kennwert_index","clean_phase20","_database/quelle/Legacy_kennwert_index/index.md","1","1"
"quelle","Legacy_leistungsanforderung","quelle/Legacy_leistungsanforderung","Legacy_leistungsanforderung","clean_phase20","_database/quelle/Legacy_leistungsanforderung/index.md","1","1"
"quelle","Legacy_leistungsanforderung_index","quelle/Legacy_leistungsanforderung_index","Legacy_leistungsanforderung_index","clean_phase20","_database/quelle/Legacy_leistungsanforderung_index/index.md","1","1"
"quelle","Legacy_logistik","quelle/Legacy_logistik","Legacy_logistik","clean_phase20","_database/quelle/Legacy_logistik/index.md","1","1"
"quelle","Legacy_logistik_index","quelle/Legacy_logistik_index","Legacy_logistik_index","clean_phase20","_database/quelle/Legacy_logistik_index/index.md","1","1"
"quelle","Legacy_material","quelle/Legacy_material","Legacy_material","clean_phase20","_database/quelle/Legacy_material/index.md","1","1"
"quelle","Legacy_material_index","quelle/Legacy_material_index","Legacy_material_index","clean_phase20","_database/quelle/Legacy_material_index/index.md","1","1"
"quelle","Legacy_methode","quelle/Legacy_methode","Legacy_methode","clean_phase20","_database/quelle/Legacy_methode/index.md","1","1"
"quelle","Legacy_methode_index","quelle/Legacy_methode_index","Legacy_methode_index","clean_phase20","_database/quelle/Legacy_methode_index/index.md","1","1"
"quelle","Legacy_norm","quelle/Legacy_norm","Legacy_norm","clean_phase20","_database/quelle/Legacy_norm/index.md","1","1"
"quelle","Legacy_norm_index","quelle/Legacy_norm_index","Legacy_norm_index","clean_phase20","_database/quelle/Legacy_norm_index/index.md","1","1"
"quelle","Legacy_ort","quelle/Legacy_ort","Legacy_ort","clean_phase20","_database/quelle/Legacy_ort/index.md","1","1"
"quelle","Legacy_ort_index","quelle/Legacy_ort_index","Legacy_ort_index","clean_phase20","_database/quelle/Legacy_ort_index/index.md","1","1"
"quelle","Legacy_person_1wiederverwendung_interviewkontakte_geprueft_erweitert","quelle/Legacy_person_1wiederverwendung_interviewkontakte_geprueft_erweitert","Legacy_person_1wiederverwendung_interviewkontakte_geprueft_erweitert","clean_phase20","_database/quelle/Legacy_person_1wiederverwendung_interviewkontakte_geprueft_erweitert/index.md","1","1"
"quelle","Legacy_person_A_reuse_priority_A_contacts2","quelle/Legacy_person_A_reuse_priority_A_contacts2","Legacy_person_A_reuse_priority_A_contacts2","clean_phase20","_database/quelle/Legacy_person_A_reuse_priority_A_contacts2/index.md","1","1"
"quelle","Legacy_person_B_Wiederverwendung_Interview_Prioritaet","quelle/Legacy_person_B_Wiederverwendung_Interview_Prioritaet","Legacy_person_B_Wiederverwendung_Interview_Prioritaet","clean_phase20","_database/quelle/Legacy_person_B_Wiederverwendung_Interview_Prioritaet/index.md","1","1"
"quelle","Legacy_person_C_Wiederverwendung_Interview_Prioritaet","quelle/Legacy_person_C_Wiederverwendung_Interview_Prioritaet","Legacy_person_C_Wiederverwendung_Interview_Prioritaet","clean_phase20","_database/quelle/Legacy_person_C_Wiederverwendung_Interview_Prioritaet/index.md","1","1"
"quelle","Legacy_person_cirkla_akteure_hohe_mittlere_relevanz","quelle/Legacy_person_cirkla_akteure_hohe_mittlere_relevanz","Legacy_person_cirkla_akteure_hohe_mittlere_relevanz","clean_phase20","_database/quelle/Legacy_person_cirkla_akteure_hohe_mittlere_relevanz/index.md","1","1"
"quelle","Legacy_person_full_updated_2_wiederverwendung_akteursliste_sterne_einliste","quelle/Legacy_person_full_updated_2_wiederverwendung_akteursliste_sterne_einliste","Legacy_person_full_updated_2_wiederverwendung_akteursliste_sterne_einliste","clean_phase20","_database/quelle/Legacy_person_full_updated_2_wiederverwendung_akteursliste_sterne_einliste/index.md","1","1"
"quelle","Legacy_person_full_updated_3_wiederverwendung_akteursliste_sterne_einliste","quelle/Legacy_person_full_updated_3_wiederverwendung_akteursliste_sterne_einliste","Legacy_person_full_updated_3_wiederverwendung_akteursliste_sterne_einliste","clean_phase20","_database/quelle/Legacy_person_full_updated_3_wiederverwendung_akteursliste_sterne_einliste/index.md","1","1"
"quelle","Legacy_person_full_updated_4_v2_wiederverwendung_akteursliste_sterne_einliste","quelle/Legacy_person_full_updated_4_v2_wiederverwendung_akteursliste_sterne_einliste","Legacy_person_full_updated_4_v2_wiederverwendung_akteursliste_sterne_einliste","clean_phase20","_database/quelle/Legacy_person_full_updated_4_v2_wiederverwendung_akteursliste_sterne_einliste/index.md","1","1"
"quelle","Legacy_person_full_updated_4_wiederverwendung_akteursliste_sterne_einliste","quelle/Legacy_person_full_updated_4_wiederverwendung_akteursliste_sterne_einliste","Legacy_person_full_updated_4_wiederverwendung_akteursliste_sterne_einliste","clean_phase20","_database/quelle/Legacy_person_full_updated_4_wiederverwendung_akteursliste_sterne_einliste/index.md","1","1"
"quelle","Legacy_person_full_updated_wiederverwendung_akteursliste_sterne_einliste","quelle/Legacy_person_full_updated_wiederverwendung_akteursliste_sterne_einliste","Legacy_person_full_updated_wiederverwendung_akteursliste_sterne_einliste","clean_phase20","_database/quelle/Legacy_person_full_updated_wiederverwendung_akteursliste_sterne_einliste/index.md","1","1"
"quelle","Legacy_person_interviewkontakte_entwerfen_mit_bestand","quelle/Legacy_person_interviewkontakte_entwerfen_mit_bestand","Legacy_person_interviewkontakte_entwerfen_mit_bestand","clean_phase20","_database/quelle/Legacy_person_interviewkontakte_entwerfen_mit_bestand/index.md","1","1"
"quelle","Legacy_person_last_wiederverwendung_interview_links_aktualisiert","quelle/Legacy_person_last_wiederverwendung_interview_links_aktualisiert","Legacy_person_last_wiederverwendung_interview_links_aktualisiert","clean_phase20","_database/quelle/Legacy_person_last_wiederverwendung_interview_links_aktualisiert/index.md","1","1"
"quelle","Legacy_person_lets_wiederverwendung_must_interview_tragende_bauteile","quelle/Legacy_person_lets_wiederverwendung_must_interview_tragende_bauteile","Legacy_person_lets_wiederverwendung_must_interview_tragende_bauteile","clean_phase20","_database/quelle/Legacy_person_lets_wiederverwendung_must_interview_tragende_bauteile/index.md","1","1"
"quelle","Legacy_person_README","quelle/Legacy_person_README","Legacy_person_README","clean_phase20","_database/quelle/Legacy_person_README/index.md","1","1"
"quelle","Legacy_person_wiederverwendung_must_interview_prioritaet","quelle/Legacy_person_wiederverwendung_must_interview_prioritaet","Legacy_person_wiederverwendung_must_interview_prioritaet","clean_phase20","_database/quelle/Legacy_person_wiederverwendung_must_interview_prioritaet/index.md","1","1"
"quelle","Legacy_person_wiederverwendung_must_interview_prioritaet_direkt_reuse","quelle/Legacy_person_wiederverwendung_must_interview_prioritaet_direkt_reuse","Legacy_person_wiederverwendung_must_interview_prioritaet_direkt_reuse","clean_phase20","_database/quelle/Legacy_person_wiederverwendung_must_interview_prioritaet_direkt_reuse/index.md","1","1"
"quelle","Legacy_person_wiederverwendung_must_interview_prioritaet_erweitert","quelle/Legacy_person_wiederverwendung_must_interview_prioritaet_erweitert","Legacy_person_wiederverwendung_must_interview_prioritaet_erweitert","clean_phase20","_database/quelle/Legacy_person_wiederverwendung_must_interview_prioritaet_erweitert/index.md","1","1"
"quelle","Legacy_person_wiederverwendung_prioritaet_kompakt","quelle/Legacy_person_wiederverwendung_prioritaet_kompakt","Legacy_person_wiederverwendung_prioritaet_kompakt","clean_phase20","_database/quelle/Legacy_person_wiederverwendung_prioritaet_kompakt/index.md","1","1"
"quelle","Legacy_person_wiederverwendung_structural_elements_filtered","quelle/Legacy_person_wiederverwendung_structural_elements_filtered","Legacy_person_wiederverwendung_structural_elements_filtered","clean_phase20","_database/quelle/Legacy_person_wiederverwendung_structural_elements_filtered/index.md","1","1"
"quelle","Legacy_pr_fung","quelle/Legacy_pr_fung","Legacy_pr_fung","clean_phase20","_database/quelle/Legacy_pr_fung/index.md","1","1"
"quelle","Legacy_professur","quelle/Legacy_professur","Legacy_professur","clean_phase20","_database/quelle/Legacy_professur/index.md","1","1"
"quelle","Legacy_projekt","quelle/Legacy_projekt","Legacy_projekt","clean_phase20","_database/quelle/Legacy_projekt/index.md","1","1"
"quelle","Legacy_projekt_index","quelle/Legacy_projekt_index","Legacy_projekt_index","clean_phase20","_database/quelle/Legacy_projekt_index/index.md","1","1"
"quelle","Legacy_prompts","quelle/Legacy_prompts","Legacy_prompts","clean_phase20","_database/quelle/Legacy_prompts/index.md","1","1"
"quelle","Legacy_prozessphase","quelle/Legacy_prozessphase","Legacy_prozessphase","clean_phase20","_database/quelle/Legacy_prozessphase/index.md","1","1"
"quelle","Legacy_prozessphase_index","quelle/Legacy_prozessphase_index","Legacy_prozessphase_index","clean_phase20","_database/quelle/Legacy_prozessphase_index/index.md","1","1"
"quelle","Legacy_pruefung_index","quelle/Legacy_pruefung_index","Legacy_pruefung_index","clean_phase20","_database/quelle/Legacy_pruefung_index/index.md","1","1"
"quelle","Legacy_recht","quelle/Legacy_recht","Legacy_recht","clean_phase20","_database/quelle/Legacy_recht/index.md","1","1"
"quelle","Legacy_recht_index","quelle/Legacy_recht_index","Legacy_recht_index","clean_phase20","_database/quelle/Legacy_recht_index/index.md","1","1"
"quelle","Legacy_reuse-strategie","quelle/Legacy_reuse-strategie","Legacy_reuse-strategie","clean_phase20","_database/quelle/Legacy_reuse-strategie/index.md","1","1"
"quelle","Legacy_reuse_strategie_index","quelle/Legacy_reuse_strategie_index","Legacy_reuse_strategie_index","clean_phase20","_database/quelle/Legacy_reuse_strategie_index/index.md","1","1"
"quelle","Legacy_schadstoff","quelle/Legacy_schadstoff","Legacy_schadstoff","clean_phase20","_database/quelle/Legacy_schadstoff/index.md","1","1"
"quelle","Legacy_schadstoff_index","quelle/Legacy_schadstoff_index","Legacy_schadstoff_index","clean_phase20","_database/quelle/Legacy_schadstoff_index/index.md","1","1"
"quelle","Legacy_tragwerkssystem","quelle/Legacy_tragwerkssystem","Legacy_tragwerkssystem","clean_phase20","_database/quelle/Legacy_tragwerkssystem/index.md","1","1"
"quelle","Legacy_tragwerkssystem_index","quelle/Legacy_tragwerkssystem_index","Legacy_tragwerkssystem_index","clean_phase20","_database/quelle/Legacy_tragwerkssystem_index/index.md","1","1"
"quelle","Legacy_tragwerkssystem_to_sort_index","quelle/Legacy_tragwerkssystem_to_sort_index","Legacy_tragwerkssystem_to_sort_index","clean_phase20","_database/quelle/Legacy_tragwerkssystem_to_sort_index/index.md","1","1"
"quelle","Legacy_verbindung","quelle/Legacy_verbindung","Legacy_verbindung","clean_phase20","_database/quelle/Legacy_verbindung/index.md","1","1"
"quelle","Legacy_verbindung_index","quelle/Legacy_verbindung_index","Legacy_verbindung_index","clean_phase20","_database/quelle/Legacy_verbindung_index/index.md","1","1"
"quelle","Legacy_wirtschaft","quelle/Legacy_wirtschaft","Legacy_wirtschaft","clean_phase20","_database/quelle/Legacy_wirtschaft/index.md","1","1"
"quelle","Legacy_wirtschaft_index","quelle/Legacy_wirtschaft_index","Legacy_wirtschaft_index","clean_phase20","_database/quelle/Legacy_wirtschaft_index/index.md","1","1"
"quelle","leistungsanforderung_Brandschutz_md","quelle/leistungsanforderung_Brandschutz_md","leistungsanforderung_Brandschutz_md","clean_phase20","_database/quelle/leistungsanforderung_Brandschutz_md/index.md","1","1"
"quelle","leistungsanforderung_Dauerhaftigkeit_md","quelle/leistungsanforderung_Dauerhaftigkeit_md","leistungsanforderung_Dauerhaftigkeit_md","clean_phase20","_database/quelle/leistungsanforderung_Dauerhaftigkeit_md/index.md","1","1"
"quelle","leistungsanforderung_Feuchteschutz_md","quelle/leistungsanforderung_Feuchteschutz_md","leistungsanforderung_Feuchteschutz_md","clean_phase20","_database/quelle/leistungsanforderung_Feuchteschutz_md/index.md","1","1"
"quelle","leistungsanforderung_index_md","quelle/leistungsanforderung_index_md","leistungsanforderung_index_md","clean_phase20","_database/quelle/leistungsanforderung_index_md/index.md","1","1"
"quelle","leistungsanforderung_md","quelle/leistungsanforderung_md","leistungsanforderung_md","clean_phase20","_database/quelle/leistungsanforderung_md/index.md","1","1"
"quelle","leistungsanforderung_Rueckbaubarkeit_md","quelle/leistungsanforderung_Rueckbaubarkeit_md","leistungsanforderung_Rueckbaubarkeit_md","clean_phase20","_database/quelle/leistungsanforderung_Rueckbaubarkeit_md/index.md","1","1"
"quelle","leistungsanforderung_Schadstofffreiheit_md","quelle/leistungsanforderung_Schadstofffreiheit_md","leistungsanforderung_Schadstofffreiheit_md","clean_phase20","_database/quelle/leistungsanforderung_Schadstofffreiheit_md/index.md","1","1"
"quelle","leistungsanforderung_Schallschutz_md","quelle/leistungsanforderung_Schallschutz_md","leistungsanforderung_Schallschutz_md","clean_phase20","_database/quelle/leistungsanforderung_Schallschutz_md/index.md","1","1"
"quelle","leistungsanforderung_Tragfaehigkeit_md","quelle/leistungsanforderung_Tragfaehigkeit_md","leistungsanforderung_Tragfaehigkeit_md","clean_phase20","_database/quelle/leistungsanforderung_Tragfaehigkeit_md/index.md","1","1"
"quelle","leistungsanforderung_Waermeschutz_md","quelle/leistungsanforderung_Waermeschutz_md","leistungsanforderung_Waermeschutz_md","clean_phase20","_database/quelle/leistungsanforderung_Waermeschutz_md/index.md","1","1"
"quelle","logistik_index_md","quelle/logistik_index_md","logistik_index_md","clean_phase20","_database/quelle/logistik_index_md/index.md","1","1"
"quelle","logistik_Lagerflaeche_md","quelle/logistik_Lagerflaeche_md","logistik_Lagerflaeche_md","clean_phase20","_database/quelle/logistik_Lagerflaeche_md/index.md","1","1"
"quelle","logistik_Lagerung_md","quelle/logistik_Lagerung_md","logistik_Lagerung_md","clean_phase20","_database/quelle/logistik_Lagerung_md/index.md","1","1"
"quelle","logistik_Materialmatching_md","quelle/logistik_Materialmatching_md","logistik_Materialmatching_md","clean_phase20","_database/quelle/logistik_Materialmatching_md/index.md","1","1"
"quelle","logistik_Materialverfuegbarkeit_md","quelle/logistik_Materialverfuegbarkeit_md","logistik_Materialverfuegbarkeit_md","clean_phase20","_database/quelle/logistik_Materialverfuegbarkeit_md/index.md","1","1"
"quelle","logistik_md","quelle/logistik_md","logistik_md","clean_phase20","_database/quelle/logistik_md/index.md","1","1"
"quelle","logistik_ReUse_Centre_md","quelle/logistik_ReUse_Centre_md","logistik_ReUse_Centre_md","clean_phase20","_database/quelle/logistik_ReUse_Centre_md/index.md","1","1"
"quelle","logistik_Transport_md","quelle/logistik_Transport_md","logistik_Transport_md","clean_phase20","_database/quelle/logistik_Transport_md/index.md","1","1"
"quelle","logistik_Zwischenlagerung_md","quelle/logistik_Zwischenlagerung_md","logistik_Zwischenlagerung_md","clean_phase20","_database/quelle/logistik_Zwischenlagerung_md/index.md","1","1"
"quelle","material_Beton_Fertigteile_Verbindungen_md","quelle/material_Beton_Fertigteile_Verbindungen_md","material_Beton_Fertigteile_Verbindungen_md","clean_phase20","_database/quelle/material_Beton_Fertigteile_Verbindungen_md/index.md","1","1"
"quelle","material_Beton_md","quelle/material_Beton_md","material_Beton_md","clean_phase20","_database/quelle/material_Beton_md/index.md","1","1"
"quelle","material_Brettschichtholz_md","quelle/material_Brettschichtholz_md","material_Brettschichtholz_md","clean_phase20","_database/quelle/material_Brettschichtholz_md/index.md","1","1"
"quelle","material_Brettsperrholz_md","quelle/material_Brettsperrholz_md","material_Brettsperrholz_md","clean_phase20","_database/quelle/material_Brettsperrholz_md/index.md","1","1"
"quelle","material_Composite_Verbindungen_md","quelle/material_Composite_Verbindungen_md","material_Composite_Verbindungen_md","clean_phase20","_database/quelle/material_Composite_Verbindungen_md/index.md","1","1"
"quelle","material_Glas_md","quelle/material_Glas_md","material_Glas_md","clean_phase20","_database/quelle/material_Glas_md/index.md","1","1"
"quelle","material_Holz_md","quelle/material_Holz_md","material_Holz_md","clean_phase20","_database/quelle/material_Holz_md/index.md","1","1"
"quelle","material_Holz_Verbindungen_md","quelle/material_Holz_Verbindungen_md","material_Holz_Verbindungen_md","clean_phase20","_database/quelle/material_Holz_Verbindungen_md/index.md","1","1"
"quelle","material_index_md","quelle/material_index_md","material_index_md","clean_phase20","_database/quelle/material_index_md/index.md","1","1"
"quelle","material_Keramik_md","quelle/material_Keramik_md","material_Keramik_md","clean_phase20","_database/quelle/material_Keramik_md/index.md","1","1"
"quelle","material_Lehm_md","quelle/material_Lehm_md","material_Lehm_md","clean_phase20","_database/quelle/material_Lehm_md/index.md","1","1"
"quelle","material_md","quelle/material_md","material_md","clean_phase20","_database/quelle/material_md/index.md","1","1"
"quelle","material_Recyclingbeton_md","quelle/material_Recyclingbeton_md","material_Recyclingbeton_md","clean_phase20","_database/quelle/material_Recyclingbeton_md/index.md","1","1"
"quelle","material_Sanitarkeramik_md","quelle/material_Sanitarkeramik_md","material_Sanitarkeramik_md","clean_phase20","_database/quelle/material_Sanitarkeramik_md/index.md","1","1"
"quelle","material_Sekundaerstahl_md","quelle/material_Sekundaerstahl_md","material_Sekundaerstahl_md","clean_phase20","_database/quelle/material_Sekundaerstahl_md/index.md","1","1"
"quelle","material_Stahl_md","quelle/material_Stahl_md","material_Stahl_md","clean_phase20","_database/quelle/material_Stahl_md/index.md","1","1"
"quelle","material_Stahl_Verbindungen_md","quelle/material_Stahl_Verbindungen_md","material_Stahl_Verbindungen_md","clean_phase20","_database/quelle/material_Stahl_Verbindungen_md/index.md","1","1"
"quelle","material_Stroh_md","quelle/material_Stroh_md","material_Stroh_md","clean_phase20","_database/quelle/material_Stroh_md/index.md","1","1"
"quelle","meta_Dataview_Abfragen_md","quelle/meta_Dataview_Abfragen_md","meta_Dataview_Abfragen_md","clean_phase20","_database/quelle/meta_Dataview_Abfragen_md/index.md","1","1"
"quelle","meta_Entity_Schema_md","quelle/meta_Entity_Schema_md","meta_Entity_Schema_md","clean_phase20","_database/quelle/meta_Entity_Schema_md/index.md","1","1"
"quelle","meta_index_md","quelle/meta_index_md","meta_index_md","clean_phase20","_database/quelle/meta_index_md/index.md","1","1"
"quelle","meta_Namenskonvention_md","quelle/meta_Namenskonvention_md","meta_Namenskonvention_md","clean_phase20","_database/quelle/meta_Namenskonvention_md/index.md","1","1"
"quelle","meta_Recherche_Workflow_md","quelle/meta_Recherche_Workflow_md","meta_Recherche_Workflow_md","clean_phase20","_database/quelle/meta_Recherche_Workflow_md/index.md","1","1"
"quelle","methode_Bauteilkatalogisierung_md","quelle/methode_Bauteilkatalogisierung_md","methode_Bauteilkatalogisierung_md","clean_phase20","_database/quelle/methode_Bauteilkatalogisierung_md/index.md","1","1"
"quelle","methode_Bestandserhalt_md","quelle/methode_Bestandserhalt_md","methode_Bestandserhalt_md","clean_phase20","_database/quelle/methode_Bestandserhalt_md/index.md","1","1"
"quelle","methode_Building_Material_Scouting_md","quelle/methode_Building_Material_Scouting_md","methode_Building_Material_Scouting_md","clean_phase20","_database/quelle/methode_Building_Material_Scouting_md/index.md","1","1"
"quelle","methode_Design_for_Disassembly_md","quelle/methode_Design_for_Disassembly_md","methode_Design_for_Disassembly_md","clean_phase20","_database/quelle/methode_Design_for_Disassembly_md/index.md","1","1"
"quelle","methode_Form_Follows_Availability_md","quelle/methode_Form_Follows_Availability_md","methode_Form_Follows_Availability_md","clean_phase20","_database/quelle/methode_Form_Follows_Availability_md/index.md","1","1"
"quelle","methode_index_md","quelle/methode_index_md","methode_index_md","clean_phase20","_database/quelle/methode_index_md/index.md","1","1"
"quelle","methode_Materialinventur_md","quelle/methode_Materialinventur_md","methode_Materialinventur_md","clean_phase20","_database/quelle/methode_Materialinventur_md/index.md","1","1"
"quelle","methode_Materialpass_md","quelle/methode_Materialpass_md","methode_Materialpass_md","clean_phase20","_database/quelle/methode_Materialpass_md/index.md","1","1"
"quelle","methode_md","quelle/methode_md","methode_md","clean_phase20","_database/quelle/methode_md/index.md","1","1"
"quelle","methode_ReUse_Assessment_md","quelle/methode_ReUse_Assessment_md","methode_ReUse_Assessment_md","clean_phase20","_database/quelle/methode_ReUse_Assessment_md/index.md","1","1"
"quelle","methode_Reversibilitaet_md","quelle/methode_Reversibilitaet_md","methode_Reversibilitaet_md","clean_phase20","_database/quelle/methode_Reversibilitaet_md/index.md","1","1"
"quelle","methode_Urban_Mining_md","quelle/methode_Urban_Mining_md","methode_Urban_Mining_md","clean_phase20","_database/quelle/methode_Urban_Mining_md/index.md","1","1"
"quelle","methode_Zirkulaere_Ausschreibung_md","quelle/methode_Zirkulaere_Ausschreibung_md","methode_Zirkulaere_Ausschreibung_md","clean_phase20","_database/quelle/methode_Zirkulaere_Ausschreibung_md/index.md","1","1"
"quelle","nachhaltiges_bauen_md","quelle/nachhaltiges_bauen_md","nachhaltiges_bauen_md","clean_phase20","_database/quelle/nachhaltiges_bauen_md/index.md","1","1"
"quelle","norm_Brandschutzanforderung_md","quelle/norm_Brandschutzanforderung_md","norm_Brandschutzanforderung_md","clean_phase20","_database/quelle/norm_Brandschutzanforderung_md/index.md","1","1"
"quelle","norm_DIN_18940_md","quelle/norm_DIN_18940_md","norm_DIN_18940_md","clean_phase20","_database/quelle/norm_DIN_18940_md/index.md","1","1"
"quelle","norm_DIN_EN_15804_md","quelle/norm_DIN_EN_15804_md","norm_DIN_EN_15804_md","clean_phase20","_database/quelle/norm_DIN_EN_15804_md/index.md","1","1"
"quelle","norm_DIN_EN_15978_md","quelle/norm_DIN_EN_15978_md","norm_DIN_EN_15978_md","clean_phase20","_database/quelle/norm_DIN_EN_15978_md/index.md","1","1"
"quelle","norm_EN_15804_md","quelle/norm_EN_15804_md","norm_EN_15804_md","clean_phase20","_database/quelle/norm_EN_15804_md/index.md","1","1"
"quelle","norm_EU_Taxonomie_md","quelle/norm_EU_Taxonomie_md","norm_EU_Taxonomie_md","clean_phase20","_database/quelle/norm_EU_Taxonomie_md/index.md","1","1"
"quelle","norm_F90_md","quelle/norm_F90_md","norm_F90_md","clean_phase20","_database/quelle/norm_F90_md/index.md","1","1"
"quelle","norm_Feuerwiderstand_md","quelle/norm_Feuerwiderstand_md","norm_Feuerwiderstand_md","clean_phase20","_database/quelle/norm_Feuerwiderstand_md/index.md","1","1"
"quelle","norm_index_md","quelle/norm_index_md","norm_index_md","clean_phase20","_database/quelle/norm_index_md/index.md","1","1"
"quelle","norm_ISO_14040_md","quelle/norm_ISO_14040_md","norm_ISO_14040_md","clean_phase20","_database/quelle/norm_ISO_14040_md/index.md","1","1"
"quelle","norm_ISO_14044_md","quelle/norm_ISO_14044_md","norm_ISO_14044_md","clean_phase20","_database/quelle/norm_ISO_14044_md/index.md","1","1"
"quelle","norm_ISO_20887_md","quelle/norm_ISO_20887_md","norm_ISO_20887_md","clean_phase20","_database/quelle/norm_ISO_20887_md/index.md","1","1"
"quelle","norm_md","quelle/norm_md","norm_md","clean_phase20","_database/quelle/norm_md/index.md","1","1"
"quelle","norm_R90_md","quelle/norm_R90_md","norm_R90_md","clean_phase20","_database/quelle/norm_R90_md/index.md","1","1"
"quelle","norm_REI90_md","quelle/norm_REI90_md","norm_REI90_md","clean_phase20","_database/quelle/norm_REI90_md/index.md","1","1"
"quelle","norm_Wiederverwendungskriterien_md","quelle/norm_Wiederverwendungskriterien_md","norm_Wiederverwendungskriterien_md","clean_phase20","_database/quelle/norm_Wiederverwendungskriterien_md/index.md","1","1"
"quelle","ort_Barcelona_md","quelle/ort_Barcelona_md","ort_Barcelona_md","clean_phase20","_database/quelle/ort_Barcelona_md/index.md","1","1"
"quelle","ort_Basel_md","quelle/ort_Basel_md","ort_Basel_md","clean_phase20","_database/quelle/ort_Basel_md/index.md","1","1"
"quelle","ort_Berlin_md","quelle/ort_Berlin_md","ort_Berlin_md","clean_phase20","_database/quelle/ort_Berlin_md/index.md","1","1"
"quelle","ort_Berlin_Neukoelln_md","quelle/ort_Berlin_Neukoelln_md","ort_Berlin_Neukoelln_md","clean_phase20","_database/quelle/ort_Berlin_Neukoelln_md/index.md","1","1"
"quelle","ort_Bruessel_md","quelle/ort_Bruessel_md","ort_Bruessel_md","clean_phase20","_database/quelle/ort_Bruessel_md/index.md","1","1"
"quelle","ort_Deutschland_md","quelle/ort_Deutschland_md","ort_Deutschland_md","clean_phase20","_database/quelle/ort_Deutschland_md/index.md","1","1"
"quelle","ort_Europa_md","quelle/ort_Europa_md","ort_Europa_md","clean_phase20","_database/quelle/ort_Europa_md/index.md","1","1"
"quelle","ort_Evere_md","quelle/ort_Evere_md","ort_Evere_md","clean_phase20","_database/quelle/ort_Evere_md/index.md","1","1"
"quelle","ort_index_md","quelle/ort_index_md","ort_index_md","clean_phase20","_database/quelle/ort_index_md/index.md","1","1"
"quelle","ort_Kindl_Areal_Standort_md","quelle/ort_Kindl_Areal_Standort_md","ort_Kindl_Areal_Standort_md","clean_phase20","_database/quelle/ort_Kindl_Areal_Standort_md/index.md","1","1"
"quelle","ort_md","quelle/ort_md","ort_md","clean_phase20","_database/quelle/ort_md/index.md","1","1"
"quelle","ort_Mueggelsee_md","quelle/ort_Mueggelsee_md","ort_Mueggelsee_md","clean_phase20","_database/quelle/ort_Mueggelsee_md/index.md","1","1"
"quelle","ort_Scwheiz_md","quelle/ort_Scwheiz_md","ort_Scwheiz_md","clean_phase20","_database/quelle/ort_Scwheiz_md/index.md","1","1"
"quelle","ort_Walkeweg_md","quelle/ort_Walkeweg_md","ort_Walkeweg_md","clean_phase20","_database/quelle/ort_Walkeweg_md/index.md","1","1"
"quelle","person_1wiederverwendung_interviewkontakte_geprueft_erweitert_md","quelle/person_1wiederverwendung_interviewkontakte_geprueft_erweitert_md","person_1wiederverwendung_interviewkontakte_geprueft_erweitert_md","clean_phase20","_database/quelle/person_1wiederverwendung_interviewkontakte_geprueft_erweitert_md/index.md","1","1"
"quelle","person_A_reuse_priority_A_contacts2_md","quelle/person_A_reuse_priority_A_contacts2_md","person_A_reuse_priority_A_contacts2_md","clean_phase20","_database/quelle/person_A_reuse_priority_A_contacts2_md/index.md","1","1"
"quelle","person_B_Wiederverwendung_Interview_Prioritaet_md","quelle/person_B_Wiederverwendung_Interview_Prioritaet_md","person_B_Wiederverwendung_Interview_Prioritaet_md","clean_phase20","_database/quelle/person_B_Wiederverwendung_Interview_Prioritaet_md/index.md","1","1"
"quelle","person_C_Wiederverwendung_Interview_Prioritaet_md","quelle/person_C_Wiederverwendung_Interview_Prioritaet_md","person_C_Wiederverwendung_Interview_Prioritaet_md","clean_phase20","_database/quelle/person_C_Wiederverwendung_Interview_Prioritaet_md/index.md","1","1"
"quelle","person_cirkla_akteure_hohe_mittlere_relevanz_md","quelle/person_cirkla_akteure_hohe_mittlere_relevanz_md","person_cirkla_akteure_hohe_mittlere_relevanz_md","clean_phase20","_database/quelle/person_cirkla_akteure_hohe_mittlere_relevanz_md/index.md","1","1"
"quelle","person_desiree_mann_md","quelle/person_desiree_mann_md","person_desiree_mann_md","clean_phase20","_database/quelle/person_desiree_mann_md/index.md","1","1"
"quelle","person_ellen_macarthur_md","quelle/person_ellen_macarthur_md","person_ellen_macarthur_md","clean_phase20","_database/quelle/person_ellen_macarthur_md/index.md","1","1"
"quelle","person_fred_mudge_md","quelle/person_fred_mudge_md","person_fred_mudge_md","clean_phase20","_database/quelle/person_fred_mudge_md/index.md","1","1"
"quelle","person_full_updated_2_wiederverwendung_akteursliste_sterne_einliste_md","quelle/person_full_updated_2_wiederverwendung_akteursliste_sterne_einliste_md","person_full_updated_2_wiederverwendung_akteursliste_sterne_einliste_md","clean_phase20","_database/quelle/person_full_updated_2_wiederverwendung_akteursliste_sterne_einliste_md/index.md","1","1"
"quelle","person_full_updated_3_wiederverwendung_akteursliste_sterne_einliste_md","quelle/person_full_updated_3_wiederverwendung_akteursliste_sterne_einliste_md","person_full_updated_3_wiederverwendung_akteursliste_sterne_einliste_md","clean_phase20","_database/quelle/person_full_updated_3_wiederverwendung_akteursliste_sterne_einliste_md/index.md","1","1"
"quelle","person_full_updated_4_v2_wiederverwendung_akteursliste_sterne_einliste_md","quelle/person_full_updated_4_v2_wiederverwendung_akteursliste_sterne_einliste_md","person_full_updated_4_v2_wiederverwendung_akteursliste_sterne_einliste_md","clean_phase20","_database/quelle/person_full_updated_4_v2_wiederverwendung_akteursliste_sterne_einliste_md/index.md","1","1"
"quelle","person_full_updated_4_wiederverwendung_akteursliste_sterne_einliste_md","quelle/person_full_updated_4_wiederverwendung_akteursliste_sterne_einliste_md","person_full_updated_4_wiederverwendung_akteursliste_sterne_einliste_md","clean_phase20","_database/quelle/person_full_updated_4_wiederverwendung_akteursliste_sterne_einliste_md/index.md","1","1"
"quelle","person_full_updated_wiederverwendung_akteursliste_sterne_einliste_md","quelle/person_full_updated_wiederverwendung_akteursliste_sterne_einliste_md","person_full_updated_wiederverwendung_akteursliste_sterne_einliste_md","clean_phase20","_database/quelle/person_full_updated_wiederverwendung_akteursliste_sterne_einliste_md/index.md","1","1"
"quelle","person_gj_bart_van_den_brink_md","quelle/person_gj_bart_van_den_brink_md","person_gj_bart_van_den_brink_md","clean_phase20","_database/quelle/person_gj_bart_van_den_brink_md/index.md","1","1"
"quelle","person_interviewkontakte_entwerfen_mit_bestand_md","quelle/person_interviewkontakte_entwerfen_mit_bestand_md","person_interviewkontakte_entwerfen_mit_bestand_md","clean_phase20","_database/quelle/person_interviewkontakte_entwerfen_mit_bestand_md/index.md","1","1"
"quelle","person_last_wiederverwendung_interview_links_aktualisiert_md","quelle/person_last_wiederverwendung_interview_links_aktualisiert_md","person_last_wiederverwendung_interview_links_aktualisiert_md","clean_phase20","_database/quelle/person_last_wiederverwendung_interview_links_aktualisiert_md/index.md","1","1"
"quelle","person_lets_wiederverwendung_must_interview_tragende_bauteile_md","quelle/person_lets_wiederverwendung_must_interview_tragende_bauteile_md","person_lets_wiederverwendung_must_interview_tragende_bauteile_md","clean_phase20","_database/quelle/person_lets_wiederverwendung_must_interview_tragende_bauteile_md/index.md","1","1"
"quelle","person_md","quelle/person_md","person_md","clean_phase20","_database/quelle/person_md/index.md","1","1"
"quelle","person_patrick_teuffel_md","quelle/person_patrick_teuffel_md","person_patrick_teuffel_md","clean_phase20","_database/quelle/person_patrick_teuffel_md/index.md","1","1"
"quelle","person_README_md","quelle/person_README_md","person_README_md","clean_phase20","_database/quelle/person_README_md/index.md","1","1"
"quelle","person_wiederverwendung_must_interview_prioritaet_direkt_reuse_md","quelle/person_wiederverwendung_must_interview_prioritaet_direkt_reuse_md","person_wiederverwendung_must_interview_prioritaet_direkt_reuse_md","clean_phase20","_database/quelle/person_wiederverwendung_must_interview_prioritaet_direkt_reuse_md/index.md","1","1"
"quelle","person_wiederverwendung_must_interview_prioritaet_erweitert_md","quelle/person_wiederverwendung_must_interview_prioritaet_erweitert_md","person_wiederverwendung_must_interview_prioritaet_erweitert_md","clean_phase20","_database/quelle/person_wiederverwendung_must_interview_prioritaet_erweitert_md/index.md","1","1"
"quelle","person_wiederverwendung_must_interview_prioritaet_md","quelle/person_wiederverwendung_must_interview_prioritaet_md","person_wiederverwendung_must_interview_prioritaet_md","clean_phase20","_database/quelle/person_wiederverwendung_must_interview_prioritaet_md/index.md","1","1"
"quelle","person_wiederverwendung_prioritaet_kompakt_md","quelle/person_wiederverwendung_prioritaet_kompakt_md","person_wiederverwendung_prioritaet_kompakt_md","clean_phase20","_database/quelle/person_wiederverwendung_prioritaet_kompakt_md/index.md","1","1"
"quelle","person_wiederverwendung_structural_elements_filtered_md","quelle/person_wiederverwendung_structural_elements_filtered_md","person_wiederverwendung_structural_elements_filtered_md","clean_phase20","_database/quelle/person_wiederverwendung_structural_elements_filtered_md/index.md","1","1"
"quelle","pr_fung_md","quelle/pr_fung_md","pr_fung_md","clean_phase20","_database/quelle/pr_fung_md/index.md","1","1"
"quelle","professur_md","quelle/professur_md","professur_md","clean_phase20","_database/quelle/professur_md/index.md","1","1"
"quelle","projekt_Aufstockung_md","quelle/projekt_Aufstockung_md","projekt_Aufstockung_md","clean_phase20","_database/quelle/projekt_Aufstockung_md/index.md","1","1"
"quelle","projekt_index_md","quelle/projekt_index_md","projekt_index_md","clean_phase20","_database/quelle/projekt_index_md/index.md","1","1"
"quelle","projekt_md","quelle/projekt_md","projekt_md","clean_phase20","_database/quelle/projekt_md/index.md","1","1"
"quelle","projekt_Pilotprojekt_md","quelle/projekt_Pilotprojekt_md","projekt_Pilotprojekt_md","clean_phase20","_database/quelle/projekt_Pilotprojekt_md/index.md","1","1"
"quelle","projekt_Temporarer_Wiedereinbau_md","quelle/projekt_Temporarer_Wiedereinbau_md","projekt_Temporarer_Wiedereinbau_md","clean_phase20","_database/quelle/projekt_Temporarer_Wiedereinbau_md/index.md","1","1"
"quelle","projekt_Umbau_md","quelle/projekt_Umbau_md","projekt_Umbau_md","clean_phase20","_database/quelle/projekt_Umbau_md/index.md","1","1"
"quelle","projekt_Umnutzung_md","quelle/projekt_Umnutzung_md","projekt_Umnutzung_md","clean_phase20","_database/quelle/projekt_Umnutzung_md/index.md","1","1"
"quelle","prompts_md","quelle/prompts_md","prompts_md","clean_phase20","_database/quelle/prompts_md/index.md","1","1"
"quelle","prozessphase_Aufbereitung_md","quelle/prozessphase_Aufbereitung_md","prozessphase_Aufbereitung_md","clean_phase20","_database/quelle/prozessphase_Aufbereitung_md/index.md","1","1"
"quelle","prozessphase_Ausschreibung_md","quelle/prozessphase_Ausschreibung_md","prozessphase_Ausschreibung_md","clean_phase20","_database/quelle/prozessphase_Ausschreibung_md/index.md","1","1"
"quelle","prozessphase_Bestandserfassung_md","quelle/prozessphase_Bestandserfassung_md","prozessphase_Bestandserfassung_md","clean_phase20","_database/quelle/prozessphase_Bestandserfassung_md/index.md","1","1"
"quelle","prozessphase_Betrieb_und_Rueckbauplanung_md","quelle/prozessphase_Betrieb_und_Rueckbauplanung_md","prozessphase_Betrieb_und_Rueckbauplanung_md","clean_phase20","_database/quelle/prozessphase_Betrieb_und_Rueckbauplanung_md/index.md","1","1"
"quelle","prozessphase_Entwurf_md","quelle/prozessphase_Entwurf_md","prozessphase_Entwurf_md","clean_phase20","_database/quelle/prozessphase_Entwurf_md/index.md","1","1"
"quelle","prozessphase_index_md","quelle/prozessphase_index_md","prozessphase_index_md","clean_phase20","_database/quelle/prozessphase_index_md/index.md","1","1"
"quelle","prozessphase_Lagerung_md","quelle/prozessphase_Lagerung_md","prozessphase_Lagerung_md","clean_phase20","_database/quelle/prozessphase_Lagerung_md/index.md","1","1"
"quelle","prozessphase_md","quelle/prozessphase_md","prozessphase_md","clean_phase20","_database/quelle/prozessphase_md/index.md","1","1"
"quelle","prozessphase_Rueckbau_md","quelle/prozessphase_Rueckbau_md","prozessphase_Rueckbau_md","clean_phase20","_database/quelle/prozessphase_Rueckbau_md/index.md","1","1"
"quelle","prozessphase_Transport_md","quelle/prozessphase_Transport_md","prozessphase_Transport_md","clean_phase20","_database/quelle/prozessphase_Transport_md/index.md","1","1"
"quelle","prozessphase_Wiedereinbau_md","quelle/prozessphase_Wiedereinbau_md","prozessphase_Wiedereinbau_md","clean_phase20","_database/quelle/prozessphase_Wiedereinbau_md/index.md","1","1"
"quelle","pruefung_Abbrandbemessung_md","quelle/pruefung_Abbrandbemessung_md","pruefung_Abbrandbemessung_md","clean_phase20","_database/quelle/pruefung_Abbrandbemessung_md/index.md","1","1"
"quelle","pruefung_Brandnachweis_md","quelle/pruefung_Brandnachweis_md","pruefung_Brandnachweis_md","clean_phase20","_database/quelle/pruefung_Brandnachweis_md/index.md","1","1"
"quelle","pruefung_Eignungspruefung_Baulehm_md","quelle/pruefung_Eignungspruefung_Baulehm_md","pruefung_Eignungspruefung_Baulehm_md","clean_phase20","_database/quelle/pruefung_Eignungspruefung_Baulehm_md/index.md","1","1"
"quelle","pruefung_Geometrische_Vermessung_md","quelle/pruefung_Geometrische_Vermessung_md","pruefung_Geometrische_Vermessung_md","clean_phase20","_database/quelle/pruefung_Geometrische_Vermessung_md/index.md","1","1"
"quelle","pruefung_index_md","quelle/pruefung_index_md","pruefung_index_md","clean_phase20","_database/quelle/pruefung_index_md/index.md","1","1"
"quelle","pruefung_Materialpruefung_md","quelle/pruefung_Materialpruefung_md","pruefung_Materialpruefung_md","clean_phase20","_database/quelle/pruefung_Materialpruefung_md/index.md","1","1"
"quelle","pruefung_Schadstoffscreening_md","quelle/pruefung_Schadstoffscreening_md","pruefung_Schadstoffscreening_md","clean_phase20","_database/quelle/pruefung_Schadstoffscreening_md/index.md","1","1"
"quelle","pruefung_Schweissbarkeitspruefung_md","quelle/pruefung_Schweissbarkeitspruefung_md","pruefung_Schweissbarkeitspruefung_md","clean_phase20","_database/quelle/pruefung_Schweissbarkeitspruefung_md/index.md","1","1"
"quelle","pruefung_Sichtpruefung_md","quelle/pruefung_Sichtpruefung_md","pruefung_Sichtpruefung_md","clean_phase20","_database/quelle/pruefung_Sichtpruefung_md/index.md","1","1"
"quelle","pruefung_Statische_Nachweisfuehrung_md","quelle/pruefung_Statische_Nachweisfuehrung_md","pruefung_Statische_Nachweisfuehrung_md","clean_phase20","_database/quelle/pruefung_Statische_Nachweisfuehrung_md/index.md","1","1"
"quelle","pruefung_Zugversuch_md","quelle/pruefung_Zugversuch_md","pruefung_Zugversuch_md","clean_phase20","_database/quelle/pruefung_Zugversuch_md/index.md","1","1"
"quelle","pruefung_Zustandsbewertung_md","quelle/pruefung_Zustandsbewertung_md","pruefung_Zustandsbewertung_md","clean_phase20","_database/quelle/pruefung_Zustandsbewertung_md/index.md","1","1"
"quelle","recht_Bauordnungsrecht_md","quelle/recht_Bauordnungsrecht_md","recht_Bauordnungsrecht_md","clean_phase20","_database/quelle/recht_Bauordnungsrecht_md/index.md","1","1"
"quelle","recht_Gewaehrleistung_md","quelle/recht_Gewaehrleistung_md","recht_Gewaehrleistung_md","clean_phase20","_database/quelle/recht_Gewaehrleistung_md/index.md","1","1"
"quelle","recht_index_md","quelle/recht_index_md","recht_index_md","clean_phase20","_database/quelle/recht_index_md/index.md","1","1"
"quelle","recht_md","quelle/recht_md","recht_md","clean_phase20","_database/quelle/recht_md/index.md","1","1"
"quelle","recht_Produkthaftung_md","quelle/recht_Produkthaftung_md","recht_Produkthaftung_md","clean_phase20","_database/quelle/recht_Produkthaftung_md/index.md","1","1"
"quelle","recht_Vergaberecht_md","quelle/recht_Vergaberecht_md","recht_Vergaberecht_md","clean_phase20","_database/quelle/recht_Vergaberecht_md/index.md","1","1"
"quelle","recht_Zulassung_im_Einzelfall_md","quelle/recht_Zulassung_im_Einzelfall_md","recht_Zulassung_im_Einzelfall_md","clean_phase20","_database/quelle/recht_Zulassung_im_Einzelfall_md/index.md","1","1"
"quelle","reuse_strategie_Adaptives_ReUse_md","quelle/reuse_strategie_Adaptives_ReUse_md","reuse_strategie_Adaptives_ReUse_md","clean_phase20","_database/quelle/reuse_strategie_Adaptives_ReUse_md/index.md","1","1"
"quelle","reuse_strategie_Design_for_Disassembly_md","quelle/reuse_strategie_Design_for_Disassembly_md","reuse_strategie_Design_for_Disassembly_md","clean_phase20","_database/quelle/reuse_strategie_Design_for_Disassembly_md/index.md","1","1"
"quelle","reuse_strategie_Direkte_Wiederverwendung_md","quelle/reuse_strategie_Direkte_Wiederverwendung_md","reuse_strategie_Direkte_Wiederverwendung_md","clean_phase20","_database/quelle/reuse_strategie_Direkte_Wiederverwendung_md/index.md","1","1"
"quelle","reuse_strategie_index_md","quelle/reuse_strategie_index_md","reuse_strategie_index_md","clean_phase20","_database/quelle/reuse_strategie_index_md/index.md","1","1"
"quelle","reuse_strategie_md","quelle/reuse_strategie_md","reuse_strategie_md","clean_phase20","_database/quelle/reuse_strategie_md/index.md","1","1"
"quelle","reuse_strategie_Refurbishment_md","quelle/reuse_strategie_Refurbishment_md","reuse_strategie_Refurbishment_md","clean_phase20","_database/quelle/reuse_strategie_Refurbishment_md/index.md","1","1"
"quelle","reuse_strategie_Umnutzung_md","quelle/reuse_strategie_Umnutzung_md","reuse_strategie_Umnutzung_md","clean_phase20","_database/quelle/reuse_strategie_Umnutzung_md/index.md","1","1"
"quelle","reuse_strategie_Weiterbauen_im_Bestand_md","quelle/reuse_strategie_Weiterbauen_im_Bestand_md","reuse_strategie_Weiterbauen_im_Bestand_md","clean_phase20","_database/quelle/reuse_strategie_Weiterbauen_im_Bestand_md/index.md","1","1"
"quelle","schadstoff_Asbest_md","quelle/schadstoff_Asbest_md","schadstoff_Asbest_md","clean_phase20","_database/quelle/schadstoff_Asbest_md/index.md","1","1"
"quelle","schadstoff_Bleifarbe_md","quelle/schadstoff_Bleifarbe_md","schadstoff_Bleifarbe_md","clean_phase20","_database/quelle/schadstoff_Bleifarbe_md/index.md","1","1"
"quelle","schadstoff_Holzschutzmittel_md","quelle/schadstoff_Holzschutzmittel_md","schadstoff_Holzschutzmittel_md","clean_phase20","_database/quelle/schadstoff_Holzschutzmittel_md/index.md","1","1"
"quelle","schadstoff_index_md","quelle/schadstoff_index_md","schadstoff_index_md","clean_phase20","_database/quelle/schadstoff_index_md/index.md","1","1"
"quelle","schadstoff_md","quelle/schadstoff_md","schadstoff_md","clean_phase20","_database/quelle/schadstoff_md/index.md","1","1"
"quelle","schadstoff_PAK_md","quelle/schadstoff_PAK_md","schadstoff_PAK_md","clean_phase20","_database/quelle/schadstoff_PAK_md/index.md","1","1"
"quelle","schadstoff_PCB_md","quelle/schadstoff_PCB_md","schadstoff_PCB_md","clean_phase20","_database/quelle/schadstoff_PCB_md/index.md","1","1"
"quelle","software_klimaschutz_konfigurator_index_md","quelle/software_klimaschutz_konfigurator_index_md","software_klimaschutz_konfigurator_index_md","clean_phase20","_database/quelle/software_klimaschutz_konfigurator_index_md/index.md","1","1"
"quelle","software_md","quelle/software_md","software_md","clean_phase20","_database/quelle/software_md/index.md","1","1"
"quelle","software_one_click_lca_index_md","quelle/software_one_click_lca_index_md","software_one_click_lca_index_md","clean_phase20","_database/quelle/software_one_click_lca_index_md/index.md","1","1"
"quelle","software_Rhino_md","quelle/software_Rhino_md","software_Rhino_md","clean_phase20","_database/quelle/software_Rhino_md/index.md","1","1"
"quelle","software_sia_261_bezugsh_he_index_md","quelle/software_sia_261_bezugsh_he_index_md","software_sia_261_bezugsh_he_index_md","clean_phase20","_database/quelle/software_sia_261_bezugsh_he_index_md/index.md","1","1"
"quelle","tool_md","quelle/tool_md","tool_md","clean_phase20","_database/quelle/tool_md/index.md","1","1"
"quelle","tools_mirakel_md","quelle/tools_mirakel_md","tools_mirakel_md","clean_phase20","_database/quelle/tools_mirakel_md/index.md","1","1"
"quelle","tools_recreate_studio_md","quelle/tools_recreate_studio_md","tools_recreate_studio_md","clean_phase20","_database/quelle/tools_recreate_studio_md/index.md","1","1"
"quelle","tragwerkssystem_Aufstockung_in_Holzbauweise_md","quelle/tragwerkssystem_Aufstockung_in_Holzbauweise_md","tragwerkssystem_Aufstockung_in_Holzbauweise_md","clean_phase20","_database/quelle/tragwerkssystem_Aufstockung_in_Holzbauweise_md/index.md","1","1"
"quelle","tragwerkssystem_Betonfertigteil_System_md","quelle/tragwerkssystem_Betonfertigteil_System_md","tragwerkssystem_Betonfertigteil_System_md","clean_phase20","_database/quelle/tragwerkssystem_Betonfertigteil_System_md/index.md","1","1"
"quelle","tragwerkssystem_Dachtragwerk_und_Fachwerk_md","quelle/tragwerkssystem_Dachtragwerk_und_Fachwerk_md","tragwerkssystem_Dachtragwerk_und_Fachwerk_md","clean_phase20","_database/quelle/tragwerkssystem_Dachtragwerk_und_Fachwerk_md/index.md","1","1"
"quelle","tragwerkssystem_Design_for_Disassembly_md","quelle/tragwerkssystem_Design_for_Disassembly_md","tragwerkssystem_Design_for_Disassembly_md","clean_phase20","_database/quelle/tragwerkssystem_Design_for_Disassembly_md/index.md","1","1"
"quelle","tragwerkssystem_Holz_Skelettbau_md","quelle/tragwerkssystem_Holz_Skelettbau_md","tragwerkssystem_Holz_Skelettbau_md","clean_phase20","_database/quelle/tragwerkssystem_Holz_Skelettbau_md/index.md","1","1"
"quelle","tragwerkssystem_index_md","quelle/tragwerkssystem_index_md","tragwerkssystem_index_md","clean_phase20","_database/quelle/tragwerkssystem_index_md/index.md","1","1"
"quelle","tragwerkssystem_md","quelle/tragwerkssystem_md","tragwerkssystem_md","clean_phase20","_database/quelle/tragwerkssystem_md/index.md","1","1"
"quelle","tragwerkssystem_Reversible_Fuegung_md","quelle/tragwerkssystem_Reversible_Fuegung_md","tragwerkssystem_Reversible_Fuegung_md","clean_phase20","_database/quelle/tragwerkssystem_Reversible_Fuegung_md/index.md","1","1"
"quelle","tragwerkssystem_Skelettbauweise_md","quelle/tragwerkssystem_Skelettbauweise_md","tragwerkssystem_Skelettbauweise_md","clean_phase20","_database/quelle/tragwerkssystem_Skelettbauweise_md/index.md","1","1"
"quelle","tragwerkssystem_Stahl_Skelettbau_md","quelle/tragwerkssystem_Stahl_Skelettbau_md","tragwerkssystem_Stahl_Skelettbau_md","clean_phase20","_database/quelle/tragwerkssystem_Stahl_Skelettbau_md/index.md","1","1"
"quelle","tragwerkssystem_to_sort_Betonfertigteile_md","quelle/tragwerkssystem_to_sort_Betonfertigteile_md","tragwerkssystem_to_sort_Betonfertigteile_md","clean_phase20","_database/quelle/tragwerkssystem_to_sort_Betonfertigteile_md/index.md","1","1"
"quelle","tragwerkssystem_to_sort_Deckenplatten_md","quelle/tragwerkssystem_to_sort_Deckenplatten_md","tragwerkssystem_to_sort_Deckenplatten_md","clean_phase20","_database/quelle/tragwerkssystem_to_sort_Deckenplatten_md/index.md","1","1"
"quelle","tragwerkssystem_to_sort_Holztragwerk_md","quelle/tragwerkssystem_to_sort_Holztragwerk_md","tragwerkssystem_to_sort_Holztragwerk_md","clean_phase20","_database/quelle/tragwerkssystem_to_sort_Holztragwerk_md/index.md","1","1"
"quelle","tragwerkssystem_to_sort_index_md","quelle/tragwerkssystem_to_sort_index_md","tragwerkssystem_to_sort_index_md","clean_phase20","_database/quelle/tragwerkssystem_to_sort_index_md/index.md","1","1"
"quelle","tragwerkssystem_to_sort_Ortbeton_md","quelle/tragwerkssystem_to_sort_Ortbeton_md","tragwerkssystem_to_sort_Ortbeton_md","clean_phase20","_database/quelle/tragwerkssystem_to_sort_Ortbeton_md/index.md","1","1"
"quelle","tragwerkssystem_to_sort_Tr_ger_md","quelle/tragwerkssystem_to_sort_Tr_ger_md","tragwerkssystem_to_sort_Tr_ger_md","clean_phase20","_database/quelle/tragwerkssystem_to_sort_Tr_ger_md/index.md","1","1"
"quelle","tragwerkssystem_to_sort_Tragende_W_nde_Kerne_md","quelle/tragwerkssystem_to_sort_Tragende_W_nde_Kerne_md","tragwerkssystem_to_sort_Tragende_W_nde_Kerne_md","clean_phase20","_database/quelle/tragwerkssystem_to_sort_Tragende_W_nde_Kerne_md/index.md","1","1"
"quelle","tragwerkssystem_Tragende_Wand_md","quelle/tragwerkssystem_Tragende_Wand_md","tragwerkssystem_Tragende_Wand_md","clean_phase20","_database/quelle/tragwerkssystem_Tragende_Wand_md/index.md","1","1"
"quelle","verbindung_index_md","quelle/verbindung_index_md","verbindung_index_md","clean_phase20","_database/quelle/verbindung_index_md/index.md","1","1"
"quelle","verbindung_Klemmverbindung_md","quelle/verbindung_Klemmverbindung_md","verbindung_Klemmverbindung_md","clean_phase20","_database/quelle/verbindung_Klemmverbindung_md/index.md","1","1"
"quelle","verbindung_md","quelle/verbindung_md","verbindung_md","clean_phase20","_database/quelle/verbindung_md/index.md","1","1"
"quelle","verbindung_Stahlseil_md","quelle/verbindung_Stahlseil_md","verbindung_Stahlseil_md","clean_phase20","_database/quelle/verbindung_Stahlseil_md/index.md","1","1"
"quelle","verbindung_Steckverbindung_md","quelle/verbindung_Steckverbindung_md","verbindung_Steckverbindung_md","clean_phase20","_database/quelle/verbindung_Steckverbindung_md/index.md","1","1"
"quelle","verbindung_Verleimung_md","quelle/verbindung_Verleimung_md","verbindung_Verleimung_md","clean_phase20","_database/quelle/verbindung_Verleimung_md/index.md","1","1"
"quelle","verbindung_Vermoertelung_md","quelle/verbindung_Vermoertelung_md","verbindung_Vermoertelung_md","clean_phase20","_database/quelle/verbindung_Vermoertelung_md/index.md","1","1"
"quelle","verbindung_Verschraubung_md","quelle/verbindung_Verschraubung_md","verbindung_Verschraubung_md","clean_phase20","_database/quelle/verbindung_Verschraubung_md/index.md","1","1"
"quelle","verbindung_Verschweissung_md","quelle/verbindung_Verschweissung_md","verbindung_Verschweissung_md","clean_phase20","_database/quelle/verbindung_Verschweissung_md/index.md","1","1"
"quelle","werkzeug_BIM_md","quelle/werkzeug_BIM_md","werkzeug_BIM_md","clean_phase20","_database/quelle/werkzeug_BIM_md/index.md","1","1"
"quelle","werkzeug_Bonsai_BlenderBIM_md","quelle/werkzeug_Bonsai_BlenderBIM_md","werkzeug_Bonsai_BlenderBIM_md","clean_phase20","_database/quelle/werkzeug_Bonsai_BlenderBIM_md/index.md","1","1"
"quelle","werkzeug_CMEx_md","quelle/werkzeug_CMEx_md","werkzeug_CMEx_md","clean_phase20","_database/quelle/werkzeug_CMEx_md/index.md","1","1"
"quelle","werkzeug_Concular_Plattform_md","quelle/werkzeug_Concular_Plattform_md","werkzeug_Concular_Plattform_md","clean_phase20","_database/quelle/werkzeug_Concular_Plattform_md/index.md","1","1"
"quelle","werkzeug_Cycle_Up_md","quelle/werkzeug_Cycle_Up_md","werkzeug_Cycle_Up_md","clean_phase20","_database/quelle/werkzeug_Cycle_Up_md/index.md","1","1"
"quelle","werkzeug_Dataview_md","quelle/werkzeug_Dataview_md","werkzeug_Dataview_md","clean_phase20","_database/quelle/werkzeug_Dataview_md/index.md","1","1"
"quelle","werkzeug_DGNB_Gebaeuderessourcenpass_md","quelle/werkzeug_DGNB_Gebaeuderessourcenpass_md","werkzeug_DGNB_Gebaeuderessourcenpass_md","clean_phase20","_database/quelle/werkzeug_DGNB_Gebaeuderessourcenpass_md/index.md","1","1"
"quelle","werkzeug_Excess_Materials_Exchange_md","quelle/werkzeug_Excess_Materials_Exchange_md","werkzeug_Excess_Materials_Exchange_md","clean_phase20","_database/quelle/werkzeug_Excess_Materials_Exchange_md/index.md","1","1"
"quelle","werkzeug_GIS_Urban_Mining_md","quelle/werkzeug_GIS_Urban_Mining_md","werkzeug_GIS_Urban_Mining_md","clean_phase20","_database/quelle/werkzeug_GIS_Urban_Mining_md/index.md","1","1"
"quelle","werkzeug_Globechain_md","quelle/werkzeug_Globechain_md","werkzeug_Globechain_md","clean_phase20","_database/quelle/werkzeug_Globechain_md/index.md","1","1"
"quelle","werkzeug_IFC_Viewer_md","quelle/werkzeug_IFC_Viewer_md","werkzeug_IFC_Viewer_md","clean_phase20","_database/quelle/werkzeug_IFC_Viewer_md/index.md","1","1"
"quelle","werkzeug_IfcOpenShell_md","quelle/werkzeug_IfcOpenShell_md","werkzeug_IfcOpenShell_md","clean_phase20","_database/quelle/werkzeug_IfcOpenShell_md/index.md","1","1"
"quelle","werkzeug_index_md","quelle/werkzeug_index_md","werkzeug_index_md","clean_phase20","_database/quelle/werkzeug_index_md/index.md","1","1"
"quelle","werkzeug_Klimaschutz_Konfigurator_md","quelle/werkzeug_Klimaschutz_Konfigurator_md","werkzeug_Klimaschutz_Konfigurator_md","clean_phase20","_database/quelle/werkzeug_Klimaschutz_Konfigurator_md/index.md","1","1"
"quelle","werkzeug_Library_of_Reuse_md","quelle/werkzeug_Library_of_Reuse_md","werkzeug_Library_of_Reuse_md","clean_phase20","_database/quelle/werkzeug_Library_of_Reuse_md/index.md","1","1"
"quelle","werkzeug_Loopfront_md","quelle/werkzeug_Loopfront_md","werkzeug_Loopfront_md","clean_phase20","_database/quelle/werkzeug_Loopfront_md/index.md","1","1"
"quelle","werkzeug_Maconda_Materialpass_md","quelle/werkzeug_Maconda_Materialpass_md","werkzeug_Maconda_Materialpass_md","clean_phase20","_database/quelle/werkzeug_Maconda_Materialpass_md/index.md","1","1"
"quelle","werkzeug_Maconda_ROMULUS_md","quelle/werkzeug_Maconda_ROMULUS_md","werkzeug_Maconda_ROMULUS_md","clean_phase20","_database/quelle/werkzeug_Maconda_ROMULUS_md/index.md","1","1"
"quelle","werkzeug_Madaster_Plattform_md","quelle/werkzeug_Madaster_Plattform_md","werkzeug_Madaster_Plattform_md","clean_phase20","_database/quelle/werkzeug_Madaster_Plattform_md/index.md","1","1"
"quelle","werkzeug_Material_Index_md","quelle/werkzeug_Material_Index_md","werkzeug_Material_Index_md","clean_phase20","_database/quelle/werkzeug_Material_Index_md/index.md","1","1"
"quelle","werkzeug_Material_Reuse_Portal_md","quelle/werkzeug_Material_Reuse_Portal_md","werkzeug_Material_Reuse_Portal_md","clean_phase20","_database/quelle/werkzeug_Material_Reuse_Portal_md/index.md","1","1"
"quelle","werkzeug_Materialdatenbank_md","quelle/werkzeug_Materialdatenbank_md","werkzeug_Materialdatenbank_md","clean_phase20","_database/quelle/werkzeug_Materialdatenbank_md/index.md","1","1"
"quelle","werkzeug_md","quelle/werkzeug_md","werkzeug_md","clean_phase20","_database/quelle/werkzeug_md/index.md","1","1"
"quelle","werkzeug_One_Click_LCA_Building_Circularity_md","quelle/werkzeug_One_Click_LCA_Building_Circularity_md","werkzeug_One_Click_LCA_Building_Circularity_md","clean_phase20","_database/quelle/werkzeug_One_Click_LCA_Building_Circularity_md/index.md","1","1"
"quelle","werkzeug_One_Click_Lca_md","quelle/werkzeug_One_Click_Lca_md","werkzeug_One_Click_Lca_md","clean_phase20","_database/quelle/werkzeug_One_Click_Lca_md/index.md","1","1"
"quelle","werkzeug_Opalis_Plattform_md","quelle/werkzeug_Opalis_Plattform_md","werkzeug_Opalis_Plattform_md","clean_phase20","_database/quelle/werkzeug_Opalis_Plattform_md/index.md","1","1"
"quelle","werkzeug_Platform_CB23_md","quelle/werkzeug_Platform_CB23_md","werkzeug_Platform_CB23_md","clean_phase20","_database/quelle/werkzeug_Platform_CB23_md/index.md","1","1"
"quelle","werkzeug_Pre_Demolition_Audit_Tools_md","quelle/werkzeug_Pre_Demolition_Audit_Tools_md","werkzeug_Pre_Demolition_Audit_Tools_md","clean_phase20","_database/quelle/werkzeug_Pre_Demolition_Audit_Tools_md/index.md","1","1"
"quelle","werkzeug_Qflow_md","quelle/werkzeug_Qflow_md","werkzeug_Qflow_md","clean_phase20","_database/quelle/werkzeug_Qflow_md/index.md","1","1"
"quelle","werkzeug_QR_RFID_Materialtracking_md","quelle/werkzeug_QR_RFID_Materialtracking_md","werkzeug_QR_RFID_Materialtracking_md","clean_phase20","_database/quelle/werkzeug_QR_RFID_Materialtracking_md/index.md","1","1"
"quelle","werkzeug_Restado_md","quelle/werkzeug_Restado_md","werkzeug_Restado_md","clean_phase20","_database/quelle/werkzeug_Restado_md/index.md","1","1"
"quelle","werkzeug_ReUse_Toolkit_md","quelle/werkzeug_ReUse_Toolkit_md","werkzeug_ReUse_Toolkit_md","clean_phase20","_database/quelle/werkzeug_ReUse_Toolkit_md/index.md","1","1"
"quelle","werkzeug_Reusefully_LINK_md","quelle/werkzeug_Reusefully_LINK_md","werkzeug_Reusefully_LINK_md","clean_phase20","_database/quelle/werkzeug_Reusefully_LINK_md/index.md","1","1"
"quelle","werkzeug_Rheaply_md","quelle/werkzeug_Rheaply_md","werkzeug_Rheaply_md","clean_phase20","_database/quelle/werkzeug_Rheaply_md/index.md","1","1"
"quelle","werkzeug_Rhino_md","quelle/werkzeug_Rhino_md","werkzeug_Rhino_md","clean_phase20","_database/quelle/werkzeug_Rhino_md/index.md","1","1"
"quelle","werkzeug_RotorDB_md","quelle/werkzeug_RotorDB_md","werkzeug_RotorDB_md","clean_phase20","_database/quelle/werkzeug_RotorDB_md/index.md","1","1"
"quelle","werkzeug_RotorDC_md","quelle/werkzeug_RotorDC_md","werkzeug_RotorDC_md","clean_phase20","_database/quelle/werkzeug_RotorDC_md/index.md","1","1"
"quelle","werkzeug_SalvoWEB_md","quelle/werkzeug_SalvoWEB_md","werkzeug_SalvoWEB_md","clean_phase20","_database/quelle/werkzeug_SalvoWEB_md/index.md","1","1"
"quelle","werkzeug_Speckle_md","quelle/werkzeug_Speckle_md","werkzeug_Speckle_md","clean_phase20","_database/quelle/werkzeug_Speckle_md/index.md","1","1"
"quelle","werkzeug_Superyard_md","quelle/werkzeug_Superyard_md","werkzeug_Superyard_md","clean_phase20","_database/quelle/werkzeug_Superyard_md/index.md","1","1"
"quelle","werkzeug_Upcyclea_md","quelle/werkzeug_Upcyclea_md","werkzeug_Upcyclea_md","clean_phase20","_database/quelle/werkzeug_Upcyclea_md/index.md","1","1"
"quelle","werkzeug_Urban_Mining_Index_md","quelle/werkzeug_Urban_Mining_Index_md","werkzeug_Urban_Mining_Index_md","clean_phase20","_database/quelle/werkzeug_Urban_Mining_Index_md/index.md","1","1"
"quelle","wirtschaft_Finanzierung_md","quelle/wirtschaft_Finanzierung_md","wirtschaft_Finanzierung_md","clean_phase20","_database/quelle/wirtschaft_Finanzierung_md/index.md","1","1"
"quelle","wirtschaft_Geschaeftsmodell_md","quelle/wirtschaft_Geschaeftsmodell_md","wirtschaft_Geschaeftsmodell_md","clean_phase20","_database/quelle/wirtschaft_Geschaeftsmodell_md/index.md","1","1"
"quelle","wirtschaft_index_md","quelle/wirtschaft_index_md","wirtschaft_index_md","clean_phase20","_database/quelle/wirtschaft_index_md/index.md","1","1"
"quelle","wirtschaft_Kostenvergleich_md","quelle/wirtschaft_Kostenvergleich_md","wirtschaft_Kostenvergleich_md","clean_phase20","_database/quelle/wirtschaft_Kostenvergleich_md/index.md","1","1"
"quelle","wirtschaft_Lebenszykluskosten_md","quelle/wirtschaft_Lebenszykluskosten_md","wirtschaft_Lebenszykluskosten_md","clean_phase20","_database/quelle/wirtschaft_Lebenszykluskosten_md/index.md","1","1"
"quelle","wirtschaft_md","quelle/wirtschaft_md","wirtschaft_md","clean_phase20","_database/quelle/wirtschaft_md/index.md","1","1"
"quelle","wirtschaft_Preisbildung_md","quelle/wirtschaft_Preisbildung_md","wirtschaft_Preisbildung_md","clean_phase20","_database/quelle/wirtschaft_Preisbildung_md/index.md","1","1"
"quelle","wirtschaft_Restwert_md","quelle/wirtschaft_Restwert_md","wirtschaft_Restwert_md","clean_phase20","_database/quelle/wirtschaft_Restwert_md/index.md","1","1"
"rechtliche_bedingung","Bauordnungsrecht","rechtliche_bedingung/Bauordnungsrecht","Bauordnungsrecht","clean_phase20","_database/rechtliche_bedingung/Bauordnungsrecht/index.md","1","1"
"rechtliche_bedingung","EU_Taxonomie","rechtliche_bedingung/EU_Taxonomie","EU_Taxonomie","clean_phase20","_database/rechtliche_bedingung/EU_Taxonomie/index.md","1","1"
"rechtliche_bedingung","Gewaehrleistung","rechtliche_bedingung/Gewaehrleistung","Gewaehrleistung","clean_phase20","_database/rechtliche_bedingung/Gewaehrleistung/index.md","1","1"
"rechtliche_bedingung","Produkthaftung","rechtliche_bedingung/Produkthaftung","Produkthaftung","clean_phase20","_database/rechtliche_bedingung/Produkthaftung/index.md","1","1"
"rechtliche_bedingung","Vergaberecht","rechtliche_bedingung/Vergaberecht","Vergaberecht","clean_phase20","_database/rechtliche_bedingung/Vergaberecht/index.md","1","1"
"rechtliche_bedingung","Zulassung_im_Einzelfall","rechtliche_bedingung/Zulassung_im_Einzelfall","Zulassung_im_Einzelfall","clean_phase20","_database/rechtliche_bedingung/Zulassung_im_Einzelfall/index.md","1","1"
"ressourcenquelle","Bauteilboerse","ressourcenquelle/Bauteilboerse","Bauteilboerse","clean_phase20","_database/ressourcenquelle/Bauteilboerse/index.md","1","1"
"reuse_einsatz","55_Great_Suffolk_Street_London__001__Stahlprofile_f_r_neuen_externen_Kern","reuse_einsatz/55_Great_Suffolk_Street_London__001__Stahlprofile_f_r_neuen_externen_Kern","55_Great_Suffolk_Street_London__001__Stahlprofile_f_r_neuen_externen_Kern","clean_phase20","_database/reuse_einsatz/55_Great_Suffolk_Street_London__001__Stahlprofile_f_r_neuen_externen_Kern/index.md","1","1"
"reuse_einsatz","55_Great_Suffolk_Street_London__002__Stahl_aus_1_Broadgate","reuse_einsatz/55_Great_Suffolk_Street_London__002__Stahl_aus_1_Broadgate","55_Great_Suffolk_Street_London__002__Stahl_aus_1_Broadgate","clean_phase20","_database/reuse_einsatz/55_Great_Suffolk_Street_London__002__Stahl_aus_1_Broadgate/index.md","1","1"
"reuse_einsatz","55_Great_Suffolk_Street_London__003__Reclaimed_stock_von_Cleveland","reuse_einsatz/55_Great_Suffolk_Street_London__003__Reclaimed_stock_von_Cleveland","55_Great_Suffolk_Street_London__003__Reclaimed_stock_von_Cleveland","clean_phase20","_database/reuse_einsatz/55_Great_Suffolk_Street_London__003__Reclaimed_stock_von_Cleveland/index.md","1","1"
"reuse_einsatz","55_Great_Suffolk_Street_London__004__Bestandslagerhaus","reuse_einsatz/55_Great_Suffolk_Street_London__004__Bestandslagerhaus","55_Great_Suffolk_Street_London__004__Bestandslagerhaus","clean_phase20","_database/reuse_einsatz/55_Great_Suffolk_Street_London__004__Bestandslagerhaus/index.md","1","1"
"reuse_einsatz","55_Great_Suffolk_Street_London__005__Br_ckenlinks_zum_Kern","reuse_einsatz/55_Great_Suffolk_Street_London__005__Br_ckenlinks_zum_Kern","55_Great_Suffolk_Street_London__005__Br_ckenlinks_zum_Kern","clean_phase20","_database/reuse_einsatz/55_Great_Suffolk_Street_London__005__Br_ckenlinks_zum_Kern/index.md","1","1"
"reuse_einsatz","55_Great_Suffolk_Street_London__006__Fassadenbekleidung_externer_Kern","reuse_einsatz/55_Great_Suffolk_Street_London__006__Fassadenbekleidung_externer_Kern","55_Great_Suffolk_Street_London__006__Fassadenbekleidung_externer_Kern","clean_phase20","_database/reuse_einsatz/55_Great_Suffolk_Street_London__006__Fassadenbekleidung_externer_Kern/index.md","1","1"
"reuse_einsatz","Association_house_Groeditz__001__Au_enwand_Fertigteile","reuse_einsatz/Association_house_Groeditz__001__Au_enwand_Fertigteile","Association_house_Groeditz__001__Au_enwand_Fertigteile","clean_phase20","_database/reuse_einsatz/Association_house_Groeditz__001__Au_enwand_Fertigteile/index.md","1","1"
"reuse_einsatz","Association_house_Groeditz__002__Innenwand_Fertigteile","reuse_einsatz/Association_house_Groeditz__002__Innenwand_Fertigteile","Association_house_Groeditz__002__Innenwand_Fertigteile","clean_phase20","_database/reuse_einsatz/Association_house_Groeditz__002__Innenwand_Fertigteile/index.md","1","1"
"reuse_einsatz","Association_house_Groeditz__003__Innenwandrahmen","reuse_einsatz/Association_house_Groeditz__003__Innenwandrahmen","Association_house_Groeditz__003__Innenwandrahmen","clean_phase20","_database/reuse_einsatz/Association_house_Groeditz__003__Innenwandrahmen/index.md","1","1"
"reuse_einsatz","Association_house_Groeditz__004__Deckenelemente","reuse_einsatz/Association_house_Groeditz__004__Deckenelemente","Association_house_Groeditz__004__Deckenelemente","clean_phase20","_database/reuse_einsatz/Association_house_Groeditz__004__Deckenelemente/index.md","1","1"
"reuse_einsatz","Association_house_Groeditz__005__Sockel_Plinthenplatten","reuse_einsatz/Association_house_Groeditz__005__Sockel_Plinthenplatten","Association_house_Groeditz__005__Sockel_Plinthenplatten","clean_phase20","_database/reuse_einsatz/Association_house_Groeditz__005__Sockel_Plinthenplatten/index.md","1","1"
"reuse_einsatz","Association_house_Groeditz__006__Treppen","reuse_einsatz/Association_house_Groeditz__006__Treppen","Association_house_Groeditz__006__Treppen","clean_phase20","_database/reuse_einsatz/Association_house_Groeditz__006__Treppen/index.md","1","1"
"reuse_einsatz","Association_house_Groeditz__007__WBS70_Paneele","reuse_einsatz/Association_house_Groeditz__007__WBS70_Paneele","Association_house_Groeditz__007__WBS70_Paneele","clean_phase20","_database/reuse_einsatz/Association_house_Groeditz__007__WBS70_Paneele/index.md","1","1"
"reuse_einsatz","Association_house_Groeditz__008__Fenster_T_ren_Dach_Gel_nder_Bodenaufbauten_TGA_D","reuse_einsatz/Association_house_Groeditz__008__Fenster_T_ren_Dach_Gel_nder_Bodenaufbauten_TGA_D","Association_house_Groeditz__008__Fenster_T_ren_Dach_Gel_nder_Bodenaufbauten_TGA_D","clean_phase20","_database/reuse_einsatz/Association_house_Groeditz__008__Fenster_T_ren_Dach_Gel_nder_Bodenaufbauten_TGA_D/index.md","1","1"
"reuse_einsatz","Association_house_Plauen__001__Decken_Bodenplatten","reuse_einsatz/Association_house_Plauen__001__Decken_Bodenplatten","Association_house_Plauen__001__Decken_Bodenplatten","clean_phase20","_database/reuse_einsatz/Association_house_Plauen__001__Decken_Bodenplatten/index.md","1","1"
"reuse_einsatz","Association_house_Plauen__002__Au_enwandelemente","reuse_einsatz/Association_house_Plauen__002__Au_enwandelemente","Association_house_Plauen__002__Au_enwandelemente","clean_phase20","_database/reuse_einsatz/Association_house_Plauen__002__Au_enwandelemente/index.md","1","1"
"reuse_einsatz","Association_house_Plauen__003__Innenwandelemente","reuse_einsatz/Association_house_Plauen__003__Innenwandelemente","Association_house_Plauen__003__Innenwandelemente","clean_phase20","_database/reuse_einsatz/Association_house_Plauen__003__Innenwandelemente/index.md","1","1"
"reuse_einsatz","Association_house_Plauen__004__Kellerwandelemente","reuse_einsatz/Association_house_Plauen__004__Kellerwandelemente","Association_house_Plauen__004__Kellerwandelemente","clean_phase20","_database/reuse_einsatz/Association_house_Plauen__004__Kellerwandelemente/index.md","1","1"
"reuse_einsatz","Association_house_Plauen__005__Tr_ger","reuse_einsatz/Association_house_Plauen__005__Tr_ger","Association_house_Plauen__005__Tr_ger","clean_phase20","_database/reuse_einsatz/Association_house_Plauen__005__Tr_ger/index.md","1","1"
"reuse_einsatz","Association_house_Plauen__006__St_tzen","reuse_einsatz/Association_house_Plauen__006__St_tzen","Association_house_Plauen__006__St_tzen","clean_phase20","_database/reuse_einsatz/Association_house_Plauen__006__St_tzen/index.md","1","1"
"reuse_einsatz","Association_house_Plauen__007__Fenster_T_ren_Dach_Treppen_Gel_nder_TGA_D_mmung","reuse_einsatz/Association_house_Plauen__007__Fenster_T_ren_Dach_Treppen_Gel_nder_TGA_D_mmung","Association_house_Plauen__007__Fenster_T_ren_Dach_Treppen_Gel_nder_TGA_D_mmung","clean_phase20","_database/reuse_einsatz/Association_house_Plauen__007__Fenster_T_ren_Dach_Treppen_Gel_nder_TGA_D_mmung/index.md","1","1"
"reuse_einsatz","AWM_Muenster_Circular_Office__001__Glastrennw_nde_und_T_ren","reuse_einsatz/AWM_Muenster_Circular_Office__001__Glastrennw_nde_und_T_ren","AWM_Muenster_Circular_Office__001__Glastrennw_nde_und_T_ren","clean_phase20","_database/reuse_einsatz/AWM_Muenster_Circular_Office__001__Glastrennw_nde_und_T_ren/index.md","1","1"
"reuse_einsatz","AWM_Muenster_Circular_Office__002__WC_Trennw_nde","reuse_einsatz/AWM_Muenster_Circular_Office__002__WC_Trennw_nde","AWM_Muenster_Circular_Office__002__WC_Trennw_nde","clean_phase20","_database/reuse_einsatz/AWM_Muenster_Circular_Office__002__WC_Trennw_nde/index.md","1","1"
"reuse_einsatz","AWM_Muenster_Circular_Office__003__Kabeltrassen_als_Regale","reuse_einsatz/AWM_Muenster_Circular_Office__003__Kabeltrassen_als_Regale","AWM_Muenster_Circular_Office__003__Kabeltrassen_als_Regale","clean_phase20","_database/reuse_einsatz/AWM_Muenster_Circular_Office__003__Kabeltrassen_als_Regale/index.md","1","1"
"reuse_einsatz","AWM_Muenster_Circular_Office__004__Kabeltrassen_und_LED_Leuchten","reuse_einsatz/AWM_Muenster_Circular_Office__004__Kabeltrassen_und_LED_Leuchten","AWM_Muenster_Circular_Office__004__Kabeltrassen_und_LED_Leuchten","clean_phase20","_database/reuse_einsatz/AWM_Muenster_Circular_Office__004__Kabeltrassen_und_LED_Leuchten/index.md","1","1"
"reuse_einsatz","AWM_Muenster_Circular_Office__005__Wandverkleidung_aus_Stuhllehnen_sitzen","reuse_einsatz/AWM_Muenster_Circular_Office__005__Wandverkleidung_aus_Stuhllehnen_sitzen","AWM_Muenster_Circular_Office__005__Wandverkleidung_aus_Stuhllehnen_sitzen","clean_phase20","_database/reuse_einsatz/AWM_Muenster_Circular_Office__005__Wandverkleidung_aus_Stuhllehnen_sitzen/index.md","1","1"
"reuse_einsatz","AWM_Muenster_Circular_Office__006__Sideboard_Holzeinbauten","reuse_einsatz/AWM_Muenster_Circular_Office__006__Sideboard_Holzeinbauten","AWM_Muenster_Circular_Office__006__Sideboard_Holzeinbauten","clean_phase20","_database/reuse_einsatz/AWM_Muenster_Circular_Office__006__Sideboard_Holzeinbauten/index.md","1","1"
"reuse_einsatz","AWM_Muenster_Circular_Office__007__Hanfkalksteine","reuse_einsatz/AWM_Muenster_Circular_Office__007__Hanfkalksteine","AWM_Muenster_Circular_Office__007__Hanfkalksteine","clean_phase20","_database/reuse_einsatz/AWM_Muenster_Circular_Office__007__Hanfkalksteine/index.md","1","1"
"reuse_einsatz","AWM_Muenster_Circular_Office__008__Lehmbauw_nde","reuse_einsatz/AWM_Muenster_Circular_Office__008__Lehmbauw_nde","AWM_Muenster_Circular_Office__008__Lehmbauw_nde","clean_phase20","_database/reuse_einsatz/AWM_Muenster_Circular_Office__008__Lehmbauw_nde/index.md","1","1"
"reuse_einsatz","AWM_Muenster_Circular_Office__009__Akustik_Baffeln","reuse_einsatz/AWM_Muenster_Circular_Office__009__Akustik_Baffeln","AWM_Muenster_Circular_Office__009__Akustik_Baffeln","clean_phase20","_database/reuse_einsatz/AWM_Muenster_Circular_Office__009__Akustik_Baffeln/index.md","1","1"
"reuse_einsatz","AWM_Muenster_Circular_Office__010__M_bel","reuse_einsatz/AWM_Muenster_Circular_Office__010__M_bel","AWM_Muenster_Circular_Office__010__M_bel","clean_phase20","_database/reuse_einsatz/AWM_Muenster_Circular_Office__010__M_bel/index.md","1","1"
"reuse_einsatz","BedZED_London_Hackbridge__001__Stahlrahmen_Stahlprofile","reuse_einsatz/BedZED_London_Hackbridge__001__Stahlrahmen_Stahlprofile","BedZED_London_Hackbridge__001__Stahlrahmen_Stahlprofile","clean_phase20","_database/reuse_einsatz/BedZED_London_Hackbridge__001__Stahlrahmen_Stahlprofile/index.md","1","1"
"reuse_einsatz","BedZED_London_Hackbridge__002__Curved_steel_sections","reuse_einsatz/BedZED_London_Hackbridge__002__Curved_steel_sections","BedZED_London_Hackbridge__002__Curved_steel_sections","clean_phase20","_database/reuse_einsatz/BedZED_London_Hackbridge__002__Curved_steel_sections/index.md","1","1"
"reuse_einsatz","BedZED_London_Hackbridge__003__Holzst_nder_Wandst_nder","reuse_einsatz/BedZED_London_Hackbridge__003__Holzst_nder_Wandst_nder","BedZED_London_Hackbridge__003__Holzst_nder_Wandst_nder","clean_phase20","_database/reuse_einsatz/BedZED_London_Hackbridge__003__Holzst_nder_Wandst_nder/index.md","1","1"
"reuse_einsatz","BedZED_London_Hackbridge__004__T_ren","reuse_einsatz/BedZED_London_Hackbridge__004__T_ren","BedZED_London_Hackbridge__004__T_ren","clean_phase20","_database/reuse_einsatz/BedZED_London_Hackbridge__004__T_ren/index.md","1","1"
"reuse_einsatz","BedZED_London_Hackbridge__005__Ger_strohre_als_Rampen_Gel_nder_Balustraden","reuse_einsatz/BedZED_London_Hackbridge__005__Ger_strohre_als_Rampen_Gel_nder_Balustraden","BedZED_London_Hackbridge__005__Ger_strohre_als_Rampen_Gel_nder_Balustraden","clean_phase20","_database/reuse_einsatz/BedZED_London_Hackbridge__005__Ger_strohre_als_Rampen_Gel_nder_Balustraden/index.md","1","1"
"reuse_einsatz","BedZED_London_Hackbridge__006__Bordsteine","reuse_einsatz/BedZED_London_Hackbridge__006__Bordsteine","BedZED_London_Hackbridge__006__Bordsteine","clean_phase20","_database/reuse_einsatz/BedZED_London_Hackbridge__006__Bordsteine/index.md","1","1"
"reuse_einsatz","BedZED_London_Hackbridge__007__Natursteinplatten_paving_slabs","reuse_einsatz/BedZED_London_Hackbridge__007__Natursteinplatten_paving_slabs","BedZED_London_Hackbridge__007__Natursteinplatten_paving_slabs","clean_phase20","_database/reuse_einsatz/BedZED_London_Hackbridge__007__Natursteinplatten_paving_slabs/index.md","1","1"
"reuse_einsatz","BedZED_London_Hackbridge__008__Recycling_Glas_Sand_unter_Pflaster","reuse_einsatz/BedZED_London_Hackbridge__008__Recycling_Glas_Sand_unter_Pflaster","BedZED_London_Hackbridge__008__Recycling_Glas_Sand_unter_Pflaster","clean_phase20","_database/reuse_einsatz/BedZED_London_Hackbridge__008__Recycling_Glas_Sand_unter_Pflaster/index.md","1","1"
"reuse_einsatz","BedZED_London_Hackbridge__009__Feste_Einbauten_K_chenteile","reuse_einsatz/BedZED_London_Hackbridge__009__Feste_Einbauten_K_chenteile","BedZED_London_Hackbridge__009__Feste_Einbauten_K_chenteile","clean_phase20","_database/reuse_einsatz/BedZED_London_Hackbridge__009__Feste_Einbauten_K_chenteile/index.md","1","1"
"reuse_einsatz","BedZED_London_Hackbridge__010__D_mmung","reuse_einsatz/BedZED_London_Hackbridge__010__D_mmung","BedZED_London_Hackbridge__010__D_mmung","clean_phase20","_database/reuse_einsatz/BedZED_London_Hackbridge__010__D_mmung/index.md","1","1"
"reuse_einsatz","BedZED_London_Hackbridge__011__Sanit_r","reuse_einsatz/BedZED_London_Hackbridge__011__Sanit_r","BedZED_London_Hackbridge__011__Sanit_r","clean_phase20","_database/reuse_einsatz/BedZED_London_Hackbridge__011__Sanit_r/index.md","1","1"
"reuse_einsatz","BedZED_London_Hackbridge__012__Beleuchtung","reuse_einsatz/BedZED_London_Hackbridge__012__Beleuchtung","BedZED_London_Hackbridge__012__Beleuchtung","clean_phase20","_database/reuse_einsatz/BedZED_London_Hackbridge__012__Beleuchtung/index.md","1","1"
"reuse_einsatz","Berlin_Schildow_Pilot_House_2__001__zugeschnittene_Betonfertigteile","reuse_einsatz/Berlin_Schildow_Pilot_House_2__001__zugeschnittene_Betonfertigteile","Berlin_Schildow_Pilot_House_2__001__zugeschnittene_Betonfertigteile","clean_phase20","_database/reuse_einsatz/Berlin_Schildow_Pilot_House_2__001__zugeschnittene_Betonfertigteile/index.md","1","1"
"reuse_einsatz","Berlin_Schildow_Pilot_House_2__002__Deckenplatten_als_Ursprungsbauteile","reuse_einsatz/Berlin_Schildow_Pilot_House_2__002__Deckenplatten_als_Ursprungsbauteile","Berlin_Schildow_Pilot_House_2__002__Deckenplatten_als_Ursprungsbauteile","clean_phase20","_database/reuse_einsatz/Berlin_Schildow_Pilot_House_2__002__Deckenplatten_als_Ursprungsbauteile/index.md","1","1"
"reuse_einsatz","Berlin_Schildow_Pilot_House_2__003__Innenwandplatten_als_Ursprungsbauteile","reuse_einsatz/Berlin_Schildow_Pilot_House_2__003__Innenwandplatten_als_Ursprungsbauteile","Berlin_Schildow_Pilot_House_2__003__Innenwandplatten_als_Ursprungsbauteile","clean_phase20","_database/reuse_einsatz/Berlin_Schildow_Pilot_House_2__003__Innenwandplatten_als_Ursprungsbauteile/index.md","1","1"
"reuse_einsatz","Berlin_Schildow_Pilot_House_2__004__Treppe","reuse_einsatz/Berlin_Schildow_Pilot_House_2__004__Treppe","Berlin_Schildow_Pilot_House_2__004__Treppe","clean_phase20","_database/reuse_einsatz/Berlin_Schildow_Pilot_House_2__004__Treppe/index.md","1","1"
"reuse_einsatz","Berlin_Schildow_Pilot_House_2__005__Garage_Schuppen_Au_enmauern","reuse_einsatz/Berlin_Schildow_Pilot_House_2__005__Garage_Schuppen_Au_enmauern","Berlin_Schildow_Pilot_House_2__005__Garage_Schuppen_Au_enmauern","clean_phase20","_database/reuse_einsatz/Berlin_Schildow_Pilot_House_2__005__Garage_Schuppen_Au_enmauern/index.md","1","1"
"reuse_einsatz","Berlin_Schildow_Pilot_House_2__006__Fenster","reuse_einsatz/Berlin_Schildow_Pilot_House_2__006__Fenster","Berlin_Schildow_Pilot_House_2__006__Fenster","clean_phase20","_database/reuse_einsatz/Berlin_Schildow_Pilot_House_2__006__Fenster/index.md","1","1"
"reuse_einsatz","Berlin_Schildow_Pilot_House_2__007__T_ren","reuse_einsatz/Berlin_Schildow_Pilot_House_2__007__T_ren","Berlin_Schildow_Pilot_House_2__007__T_ren","clean_phase20","_database/reuse_einsatz/Berlin_Schildow_Pilot_House_2__007__T_ren/index.md","1","1"
"reuse_einsatz","Berlin_Schildow_Pilot_House_2__008__Dach","reuse_einsatz/Berlin_Schildow_Pilot_House_2__008__Dach","Berlin_Schildow_Pilot_House_2__008__Dach","clean_phase20","_database/reuse_einsatz/Berlin_Schildow_Pilot_House_2__008__Dach/index.md","1","1"
"reuse_einsatz","Berlin_Schildow_Pilot_House_2__009__TGA","reuse_einsatz/Berlin_Schildow_Pilot_House_2__009__TGA","Berlin_Schildow_Pilot_House_2__009__TGA","clean_phase20","_database/reuse_einsatz/Berlin_Schildow_Pilot_House_2__009__TGA/index.md","1","1"
"reuse_einsatz","Berlin_Schildow_Pilot_House__001__zugeschnittene_Betonfertigteile","reuse_einsatz/Berlin_Schildow_Pilot_House__001__zugeschnittene_Betonfertigteile","Berlin_Schildow_Pilot_House__001__zugeschnittene_Betonfertigteile","clean_phase20","_database/reuse_einsatz/Berlin_Schildow_Pilot_House__001__zugeschnittene_Betonfertigteile/index.md","1","1"
"reuse_einsatz","Berlin_Schildow_Pilot_House__002__Deckenplatten","reuse_einsatz/Berlin_Schildow_Pilot_House__002__Deckenplatten","Berlin_Schildow_Pilot_House__002__Deckenplatten","clean_phase20","_database/reuse_einsatz/Berlin_Schildow_Pilot_House__002__Deckenplatten/index.md","1","1"
"reuse_einsatz","Berlin_Schildow_Pilot_House__003__Innenwandplatten","reuse_einsatz/Berlin_Schildow_Pilot_House__003__Innenwandplatten","Berlin_Schildow_Pilot_House__003__Innenwandplatten","clean_phase20","_database/reuse_einsatz/Berlin_Schildow_Pilot_House__003__Innenwandplatten/index.md","1","1"
"reuse_einsatz","Berlin_Schildow_Pilot_House__004__Treppe","reuse_einsatz/Berlin_Schildow_Pilot_House__004__Treppe","Berlin_Schildow_Pilot_House__004__Treppe","clean_phase20","_database/reuse_einsatz/Berlin_Schildow_Pilot_House__004__Treppe/index.md","1","1"
"reuse_einsatz","Berlin_Schildow_Pilot_House__005__Dach_Satteldach","reuse_einsatz/Berlin_Schildow_Pilot_House__005__Dach_Satteldach","Berlin_Schildow_Pilot_House__005__Dach_Satteldach","clean_phase20","_database/reuse_einsatz/Berlin_Schildow_Pilot_House__005__Dach_Satteldach/index.md","1","1"
"reuse_einsatz","Berlin_Schildow_Pilot_House__006__Fenster_T_ren_Fassade_Gel_nder_Bodenaufbauten_TG","reuse_einsatz/Berlin_Schildow_Pilot_House__006__Fenster_T_ren_Fassade_Gel_nder_Bodenaufbauten_TG","Berlin_Schildow_Pilot_House__006__Fenster_T_ren_Fassade_Gel_nder_Bodenaufbauten_TG","clean_phase20","_database/reuse_einsatz/Berlin_Schildow_Pilot_House__006__Fenster_T_ren_Fassade_Gel_nder_Bodenaufbauten_TG/index.md","1","1"
"reuse_einsatz","Bestandverplanzung_Pavilion_Muenchen__001__Fertigteil_Paneele","reuse_einsatz/Bestandverplanzung_Pavilion_Muenchen__001__Fertigteil_Paneele","Bestandverplanzung_Pavilion_Muenchen__001__Fertigteil_Paneele","clean_phase20","_database/reuse_einsatz/Bestandverplanzung_Pavilion_Muenchen__001__Fertigteil_Paneele/index.md","1","1"
"reuse_einsatz","Bestandverplanzung_Pavilion_Muenchen__002__T_ren","reuse_einsatz/Bestandverplanzung_Pavilion_Muenchen__002__T_ren","Bestandverplanzung_Pavilion_Muenchen__002__T_ren","clean_phase20","_database/reuse_einsatz/Bestandverplanzung_Pavilion_Muenchen__002__T_ren/index.md","1","1"
"reuse_einsatz","Bestandverplanzung_Pavilion_Muenchen__003__Fenster_Fassade","reuse_einsatz/Bestandverplanzung_Pavilion_Muenchen__003__Fenster_Fassade","Bestandverplanzung_Pavilion_Muenchen__003__Fenster_Fassade","clean_phase20","_database/reuse_einsatz/Bestandverplanzung_Pavilion_Muenchen__003__Fenster_Fassade/index.md","1","1"
"reuse_einsatz","Bestandverplanzung_Pavilion_Muenchen__004__Dach","reuse_einsatz/Bestandverplanzung_Pavilion_Muenchen__004__Dach","Bestandverplanzung_Pavilion_Muenchen__004__Dach","clean_phase20","_database/reuse_einsatz/Bestandverplanzung_Pavilion_Muenchen__004__Dach/index.md","1","1"
"reuse_einsatz","Bestandverplanzung_Pavilion_Muenchen__005__Treppen_Gel_nder","reuse_einsatz/Bestandverplanzung_Pavilion_Muenchen__005__Treppen_Gel_nder","Bestandverplanzung_Pavilion_Muenchen__005__Treppen_Gel_nder","clean_phase20","_database/reuse_einsatz/Bestandverplanzung_Pavilion_Muenchen__005__Treppen_Gel_nder/index.md","1","1"
"reuse_einsatz","Bestandverplanzung_Pavilion_Muenchen__006__TGA_Sanit_r_Beleuchtung","reuse_einsatz/Bestandverplanzung_Pavilion_Muenchen__006__TGA_Sanit_r_Beleuchtung","Bestandverplanzung_Pavilion_Muenchen__006__TGA_Sanit_r_Beleuchtung","clean_phase20","_database/reuse_einsatz/Bestandverplanzung_Pavilion_Muenchen__006__TGA_Sanit_r_Beleuchtung/index.md","1","1"
"reuse_einsatz","Big_Dig_Building_Boston__001__Boxbeams_Infrastrukturtr_ger","reuse_einsatz/Big_Dig_Building_Boston__001__Boxbeams_Infrastrukturtr_ger","Big_Dig_Building_Boston__001__Boxbeams_Infrastrukturtr_ger","clean_phase20","_database/reuse_einsatz/Big_Dig_Building_Boston__001__Boxbeams_Infrastrukturtr_ger/index.md","1","1"
"reuse_einsatz","Big_Dig_Building_Boston__002__Stra_en_Rampenelemente","reuse_einsatz/Big_Dig_Building_Boston__002__Stra_en_Rampenelemente","Big_Dig_Building_Boston__002__Stra_en_Rampenelemente","clean_phase20","_database/reuse_einsatz/Big_Dig_Building_Boston__002__Stra_en_Rampenelemente/index.md","1","1"
"reuse_einsatz","Big_Dig_Building_Boston__003__Fassaden_Cladding_Elemente","reuse_einsatz/Big_Dig_Building_Boston__003__Fassaden_Cladding_Elemente","Big_Dig_Building_Boston__003__Fassaden_Cladding_Elemente","clean_phase20","_database/reuse_einsatz/Big_Dig_Building_Boston__003__Fassaden_Cladding_Elemente/index.md","1","1"
"reuse_einsatz","Big_Dig_Building_Boston__004__Landscape_elevated_landscape_elements","reuse_einsatz/Big_Dig_Building_Boston__004__Landscape_elevated_landscape_elements","Big_Dig_Building_Boston__004__Landscape_elevated_landscape_elements","clean_phase20","_database/reuse_einsatz/Big_Dig_Building_Boston__004__Landscape_elevated_landscape_elements/index.md","1","1"
"reuse_einsatz","Big_Dig_Building_Boston__005__TGA_Fenster_T_ren_Dach","reuse_einsatz/Big_Dig_Building_Boston__005__TGA_Fenster_T_ren_Dach","Big_Dig_Building_Boston__005__TGA_Fenster_T_ren_Dach","clean_phase20","_database/reuse_einsatz/Big_Dig_Building_Boston__005__TGA_Fenster_T_ren_Dach/index.md","1","1"
"reuse_einsatz","Big_Dig_House_Lexington_Massachusetts__001__Stahltr_ger","reuse_einsatz/Big_Dig_House_Lexington_Massachusetts__001__Stahltr_ger","Big_Dig_House_Lexington_Massachusetts__001__Stahltr_ger","clean_phase20","_database/reuse_einsatz/Big_Dig_House_Lexington_Massachusetts__001__Stahltr_ger/index.md","1","1"
"reuse_einsatz","Big_Dig_House_Lexington_Massachusetts__002__Stahlst_tzen","reuse_einsatz/Big_Dig_House_Lexington_Massachusetts__002__Stahlst_tzen","Big_Dig_House_Lexington_Massachusetts__002__Stahlst_tzen","clean_phase20","_database/reuse_einsatz/Big_Dig_House_Lexington_Massachusetts__002__Stahlst_tzen/index.md","1","1"
"reuse_einsatz","Big_Dig_House_Lexington_Massachusetts__003__Inverset_panels","reuse_einsatz/Big_Dig_House_Lexington_Massachusetts__003__Inverset_panels","Big_Dig_House_Lexington_Massachusetts__003__Inverset_panels","clean_phase20","_database/reuse_einsatz/Big_Dig_House_Lexington_Massachusetts__003__Inverset_panels/index.md","1","1"
"reuse_einsatz","Big_Dig_House_Lexington_Massachusetts__004__Ramp_pier_components","reuse_einsatz/Big_Dig_House_Lexington_Massachusetts__004__Ramp_pier_components","Big_Dig_House_Lexington_Massachusetts__004__Ramp_pier_components","clean_phase20","_database/reuse_einsatz/Big_Dig_House_Lexington_Massachusetts__004__Ramp_pier_components/index.md","1","1"
"reuse_einsatz","Big_Dig_House_Lexington_Massachusetts__005__Dachgarten_Tragunterbau","reuse_einsatz/Big_Dig_House_Lexington_Massachusetts__005__Dachgarten_Tragunterbau","Big_Dig_House_Lexington_Massachusetts__005__Dachgarten_Tragunterbau","clean_phase20","_database/reuse_einsatz/Big_Dig_House_Lexington_Massachusetts__005__Dachgarten_Tragunterbau/index.md","1","1"
"reuse_einsatz","Big_Dig_House_Lexington_Massachusetts__006__Glas_Zedernfassade","reuse_einsatz/Big_Dig_House_Lexington_Massachusetts__006__Glas_Zedernfassade","Big_Dig_House_Lexington_Massachusetts__006__Glas_Zedernfassade","clean_phase20","_database/reuse_einsatz/Big_Dig_House_Lexington_Massachusetts__006__Glas_Zedernfassade/index.md","1","1"
"reuse_einsatz","Big_Dig_House_Lexington_Massachusetts__007__Concrete_block_garage_wing","reuse_einsatz/Big_Dig_House_Lexington_Massachusetts__007__Concrete_block_garage_wing","Big_Dig_House_Lexington_Massachusetts__007__Concrete_block_garage_wing","clean_phase20","_database/reuse_einsatz/Big_Dig_House_Lexington_Massachusetts__007__Concrete_block_garage_wing/index.md","1","1"
"reuse_einsatz","BioPartner_5_Leiden_Oegstgeest__001__Tr_ger_St_tzen_Stahlrahmen","reuse_einsatz/BioPartner_5_Leiden_Oegstgeest__001__Tr_ger_St_tzen_Stahlrahmen","BioPartner_5_Leiden_Oegstgeest__001__Tr_ger_St_tzen_Stahlrahmen","clean_phase20","_database/reuse_einsatz/BioPartner_5_Leiden_Oegstgeest__001__Tr_ger_St_tzen_Stahlrahmen/index.md","1","1"
"reuse_einsatz","BioPartner_5_Leiden_Oegstgeest__002__Decken_kanaalplaatvloer","reuse_einsatz/BioPartner_5_Leiden_Oegstgeest__002__Decken_kanaalplaatvloer","BioPartner_5_Leiden_Oegstgeest__002__Decken_kanaalplaatvloer","clean_phase20","_database/reuse_einsatz/BioPartner_5_Leiden_Oegstgeest__002__Decken_kanaalplaatvloer/index.md","1","1"
"reuse_einsatz","BioPartner_5_Leiden_Oegstgeest__003__W_nde_Innenw_nde","reuse_einsatz/BioPartner_5_Leiden_Oegstgeest__003__W_nde_Innenw_nde","BioPartner_5_Leiden_Oegstgeest__003__W_nde_Innenw_nde","clean_phase20","_database/reuse_einsatz/BioPartner_5_Leiden_Oegstgeest__003__W_nde_Innenw_nde/index.md","1","1"
"reuse_einsatz","BioPartner_5_Leiden_Oegstgeest__004__Fassadenmaterial_Gabionenf_llung","reuse_einsatz/BioPartner_5_Leiden_Oegstgeest__004__Fassadenmaterial_Gabionenf_llung","BioPartner_5_Leiden_Oegstgeest__004__Fassadenmaterial_Gabionenf_llung","clean_phase20","_database/reuse_einsatz/BioPartner_5_Leiden_Oegstgeest__004__Fassadenmaterial_Gabionenf_llung/index.md","1","1"
"reuse_einsatz","BioPartner_5_Leiden_Oegstgeest__005__Bodenbelag_Eingang_Erdgeschoss","reuse_einsatz/BioPartner_5_Leiden_Oegstgeest__005__Bodenbelag_Eingang_Erdgeschoss","BioPartner_5_Leiden_Oegstgeest__005__Bodenbelag_Eingang_Erdgeschoss","clean_phase20","_database/reuse_einsatz/BioPartner_5_Leiden_Oegstgeest__005__Bodenbelag_Eingang_Erdgeschoss/index.md","1","1"
"reuse_einsatz","BioPartner_5_Leiden_Oegstgeest__006__T_ren","reuse_einsatz/BioPartner_5_Leiden_Oegstgeest__006__T_ren","BioPartner_5_Leiden_Oegstgeest__006__T_ren","clean_phase20","_database/reuse_einsatz/BioPartner_5_Leiden_Oegstgeest__006__T_ren/index.md","1","1"
"reuse_einsatz","BioPartner_5_Leiden_Oegstgeest__007__Sanit_r","reuse_einsatz/BioPartner_5_Leiden_Oegstgeest__007__Sanit_r","BioPartner_5_Leiden_Oegstgeest__007__Sanit_r","clean_phase20","_database/reuse_einsatz/BioPartner_5_Leiden_Oegstgeest__007__Sanit_r/index.md","1","1"
"reuse_einsatz","BioPartner_5_Leiden_Oegstgeest__008__Beleuchtung","reuse_einsatz/BioPartner_5_Leiden_Oegstgeest__008__Beleuchtung","BioPartner_5_Leiden_Oegstgeest__008__Beleuchtung","clean_phase20","_database/reuse_einsatz/BioPartner_5_Leiden_Oegstgeest__008__Beleuchtung/index.md","1","1"
"reuse_einsatz","BioPartner_5_Leiden_Oegstgeest__009__M_bel","reuse_einsatz/BioPartner_5_Leiden_Oegstgeest__009__M_bel","BioPartner_5_Leiden_Oegstgeest__009__M_bel","clean_phase20","_database/reuse_einsatz/BioPartner_5_Leiden_Oegstgeest__009__M_bel/index.md","1","1"
"reuse_einsatz","BlueCity_Offices_Rotterdam__001__Fensterrahmen_Red_Cedar_Rahmen","reuse_einsatz/BlueCity_Offices_Rotterdam__001__Fensterrahmen_Red_Cedar_Rahmen","BlueCity_Offices_Rotterdam__001__Fensterrahmen_Red_Cedar_Rahmen","clean_phase20","_database/reuse_einsatz/BlueCity_Offices_Rotterdam__001__Fensterrahmen_Red_Cedar_Rahmen/index.md","1","1"
"reuse_einsatz","BlueCity_Offices_Rotterdam__002__wiederverwendeter_Stahl","reuse_einsatz/BlueCity_Offices_Rotterdam__002__wiederverwendeter_Stahl","BlueCity_Offices_Rotterdam__002__wiederverwendeter_Stahl","clean_phase20","_database/reuse_einsatz/BlueCity_Offices_Rotterdam__002__wiederverwendeter_Stahl/index.md","1","1"
"reuse_einsatz","BlueCity_Offices_Rotterdam__003__Betonbl_cke","reuse_einsatz/BlueCity_Offices_Rotterdam__003__Betonbl_cke","BlueCity_Offices_Rotterdam__003__Betonbl_cke","clean_phase20","_database/reuse_einsatz/BlueCity_Offices_Rotterdam__003__Betonbl_cke/index.md","1","1"
"reuse_einsatz","BlueCity_Offices_Rotterdam__004__Balustraden","reuse_einsatz/BlueCity_Offices_Rotterdam__004__Balustraden","BlueCity_Offices_Rotterdam__004__Balustraden","clean_phase20","_database/reuse_einsatz/BlueCity_Offices_Rotterdam__004__Balustraden/index.md","1","1"
"reuse_einsatz","BlueCity_Offices_Rotterdam__005__T_ren","reuse_einsatz/BlueCity_Offices_Rotterdam__005__T_ren","BlueCity_Offices_Rotterdam__005__T_ren","clean_phase20","_database/reuse_einsatz/BlueCity_Offices_Rotterdam__005__T_ren/index.md","1","1"
"reuse_einsatz","BlueCity_Offices_Rotterdam__006__Beleuchtung","reuse_einsatz/BlueCity_Offices_Rotterdam__006__Beleuchtung","BlueCity_Offices_Rotterdam__006__Beleuchtung","clean_phase20","_database/reuse_einsatz/BlueCity_Offices_Rotterdam__006__Beleuchtung/index.md","1","1"
"reuse_einsatz","BlueCity_Offices_Rotterdam__007__feste_Einbauten","reuse_einsatz/BlueCity_Offices_Rotterdam__007__feste_Einbauten","BlueCity_Offices_Rotterdam__007__feste_Einbauten","clean_phase20","_database/reuse_einsatz/BlueCity_Offices_Rotterdam__007__feste_Einbauten/index.md","1","1"
"reuse_einsatz","Boulder_Fire_Station_3__001__Wide_flange_beams_structural_steel_members","reuse_einsatz/Boulder_Fire_Station_3__001__Wide_flange_beams_structural_steel_members","Boulder_Fire_Station_3__001__Wide_flange_beams_structural_steel_members","clean_phase20","_database/reuse_einsatz/Boulder_Fire_Station_3__001__Wide_flange_beams_structural_steel_members/index.md","1","1"
"reuse_einsatz","Boulder_Fire_Station_3__002__Stahlstockpile_gesamt","reuse_einsatz/Boulder_Fire_Station_3__002__Stahlstockpile_gesamt","Boulder_Fire_Station_3__002__Stahlstockpile_gesamt","clean_phase20","_database/reuse_einsatz/Boulder_Fire_Station_3__002__Stahlstockpile_gesamt/index.md","1","1"
"reuse_einsatz","Boulder_Fire_Station_3__003__Glulam_timber_columns","reuse_einsatz/Boulder_Fire_Station_3__003__Glulam_timber_columns","Boulder_Fire_Station_3__003__Glulam_timber_columns","clean_phase20","_database/reuse_einsatz/Boulder_Fire_Station_3__003__Glulam_timber_columns/index.md","1","1"
"reuse_einsatz","Boulder_Fire_Station_3__004__Concrete_slab_on_metal_deck_composite_framing","reuse_einsatz/Boulder_Fire_Station_3__004__Concrete_slab_on_metal_deck_composite_framing","Boulder_Fire_Station_3__004__Concrete_slab_on_metal_deck_composite_framing","clean_phase20","_database/reuse_einsatz/Boulder_Fire_Station_3__004__Concrete_slab_on_metal_deck_composite_framing/index.md","1","1"
"reuse_einsatz","Boulder_Fire_Station_3__005__PV_Dach_gro_e_Dachfl_che","reuse_einsatz/Boulder_Fire_Station_3__005__PV_Dach_gro_e_Dachfl_che","Boulder_Fire_Station_3__005__PV_Dach_gro_e_Dachfl_che","clean_phase20","_database/reuse_einsatz/Boulder_Fire_Station_3__005__PV_Dach_gro_e_Dachfl_che/index.md","1","1"
"reuse_einsatz","Boulder_Fire_Station_3__006__T_ren_Leuchten_Toiletten_Cabinets_aus_Hospital","reuse_einsatz/Boulder_Fire_Station_3__006__T_ren_Leuchten_Toiletten_Cabinets_aus_Hospital","Boulder_Fire_Station_3__006__T_ren_Leuchten_Toiletten_Cabinets_aus_Hospital","clean_phase20","_database/reuse_einsatz/Boulder_Fire_Station_3__006__T_ren_Leuchten_Toiletten_Cabinets_aus_Hospital/index.md","1","1"
"reuse_einsatz","Brent_Cross_Town_Primary_Substation_London__001__Lange_St_tzen_aus_reclaimed_tubulars","reuse_einsatz/Brent_Cross_Town_Primary_Substation_London__001__Lange_St_tzen_aus_reclaimed_tubulars","Brent_Cross_Town_Primary_Substation_London__001__Lange_St_tzen_aus_reclaimed_tubulars","clean_phase20","_database/reuse_einsatz/Brent_Cross_Town_Primary_Substation_London__001__Lange_St_tzen_aus_reclaimed_tubulars/index.md","1","1"
"reuse_einsatz","Brent_Cross_Town_Primary_Substation_London__002__Aussteifung_bracing_members","reuse_einsatz/Brent_Cross_Town_Primary_Substation_London__002__Aussteifung_bracing_members","Brent_Cross_Town_Primary_Substation_London__002__Aussteifung_bracing_members","clean_phase20","_database/reuse_einsatz/Brent_Cross_Town_Primary_Substation_London__002__Aussteifung_bracing_members/index.md","1","1"
"reuse_einsatz","Brent_Cross_Town_Primary_Substation_London__003__Fa_ade_support_members","reuse_einsatz/Brent_Cross_Town_Primary_Substation_London__003__Fa_ade_support_members","Brent_Cross_Town_Primary_Substation_London__003__Fa_ade_support_members","clean_phase20","_database/reuse_einsatz/Brent_Cross_Town_Primary_Substation_London__003__Fa_ade_support_members/index.md","1","1"
"reuse_einsatz","Brent_Cross_Town_Primary_Substation_London__004__Ovaler_Substation_Screen","reuse_einsatz/Brent_Cross_Town_Primary_Substation_London__004__Ovaler_Substation_Screen","Brent_Cross_Town_Primary_Substation_London__004__Ovaler_Substation_Screen","clean_phase20","_database/reuse_einsatz/Brent_Cross_Town_Primary_Substation_London__004__Ovaler_Substation_Screen/index.md","1","1"
"reuse_einsatz","Brent_Cross_Town_Primary_Substation_London__005__Earth_Friendly_Concrete_low_cement_concrete","reuse_einsatz/Brent_Cross_Town_Primary_Substation_London__005__Earth_Friendly_Concrete_low_cement_concrete","Brent_Cross_Town_Primary_Substation_London__005__Earth_Friendly_Concrete_low_cement_concrete","clean_phase20","_database/reuse_einsatz/Brent_Cross_Town_Primary_Substation_London__005__Earth_Friendly_Concrete_low_cement_concrete/index.md","1","1"
"reuse_einsatz","Brent_Cross_Town_Primary_Substation_London__006__Elektrotechnische_Anlagen","reuse_einsatz/Brent_Cross_Town_Primary_Substation_London__006__Elektrotechnische_Anlagen","Brent_Cross_Town_Primary_Substation_London__006__Elektrotechnische_Anlagen","clean_phase20","_database/reuse_einsatz/Brent_Cross_Town_Primary_Substation_London__006__Elektrotechnische_Anlagen/index.md","1","1"
"reuse_einsatz","Brighton_Waste_House_Brighton__001__Betonbl_cke","reuse_einsatz/Brighton_Waste_House_Brighton__001__Betonbl_cke","Brighton_Waste_House_Brighton__001__Betonbl_cke","clean_phase20","_database/reuse_einsatz/Brighton_Waste_House_Brighton__001__Betonbl_cke/index.md","1","1"
"reuse_einsatz","Brighton_Waste_House_Brighton__002__Holz_off_cut_timber","reuse_einsatz/Brighton_Waste_House_Brighton__002__Holz_off_cut_timber","Brighton_Waste_House_Brighton__002__Holz_off_cut_timber","clean_phase20","_database/reuse_einsatz/Brighton_Waste_House_Brighton__002__Holz_off_cut_timber/index.md","1","1"
"reuse_einsatz","Brighton_Waste_House_Brighton__003__Sperrholz_ply_sheets","reuse_einsatz/Brighton_Waste_House_Brighton__003__Sperrholz_ply_sheets","Brighton_Waste_House_Brighton__003__Sperrholz_ply_sheets","clean_phase20","_database/reuse_einsatz/Brighton_Waste_House_Brighton__003__Sperrholz_ply_sheets/index.md","1","1"
"reuse_einsatz","Brighton_Waste_House_Brighton__004__Teppichfliesen","reuse_einsatz/Brighton_Waste_House_Brighton__004__Teppichfliesen","Brighton_Waste_House_Brighton__004__Teppichfliesen","clean_phase20","_database/reuse_einsatz/Brighton_Waste_House_Brighton__004__Teppichfliesen/index.md","1","1"
"reuse_einsatz","Brighton_Waste_House_Brighton__005__Vinylbanner","reuse_einsatz/Brighton_Waste_House_Brighton__005__Vinylbanner","Brighton_Waste_House_Brighton__005__Vinylbanner","clean_phase20","_database/reuse_einsatz/Brighton_Waste_House_Brighton__005__Vinylbanner/index.md","1","1"
"reuse_einsatz","Brighton_Waste_House_Brighton__006__Zahnb_rsten","reuse_einsatz/Brighton_Waste_House_Brighton__006__Zahnb_rsten","Brighton_Waste_House_Brighton__006__Zahnb_rsten","clean_phase20","_database/reuse_einsatz/Brighton_Waste_House_Brighton__006__Zahnb_rsten/index.md","1","1"
"reuse_einsatz","Brighton_Waste_House_Brighton__007__Denim_jeans","reuse_einsatz/Brighton_Waste_House_Brighton__007__Denim_jeans","Brighton_Waste_House_Brighton__007__Denim_jeans","clean_phase20","_database/reuse_einsatz/Brighton_Waste_House_Brighton__007__Denim_jeans/index.md","1","1"
"reuse_einsatz","Brighton_Waste_House_Brighton__008__Videokassetten_DVD_cases_Floppy_Discs","reuse_einsatz/Brighton_Waste_House_Brighton__008__Videokassetten_DVD_cases_Floppy_Discs","Brighton_Waste_House_Brighton__008__Videokassetten_DVD_cases_Floppy_Discs","clean_phase20","_database/reuse_einsatz/Brighton_Waste_House_Brighton__008__Videokassetten_DVD_cases_Floppy_Discs/index.md","1","1"
"reuse_einsatz","Brighton_Waste_House_Brighton__009__Fahrradschl_uche","reuse_einsatz/Brighton_Waste_House_Brighton__009__Fahrradschl_uche","Brighton_Waste_House_Brighton__009__Fahrradschl_uche","clean_phase20","_database/reuse_einsatz/Brighton_Waste_House_Brighton__009__Fahrradschl_uche/index.md","1","1"
"reuse_einsatz","Brighton_Waste_House_Brighton__010__Kaffeesatz_Arbeitsplatte","reuse_einsatz/Brighton_Waste_House_Brighton__010__Kaffeesatz_Arbeitsplatte","Brighton_Waste_House_Brighton__010__Kaffeesatz_Arbeitsplatte","clean_phase20","_database/reuse_einsatz/Brighton_Waste_House_Brighton__010__Kaffeesatz_Arbeitsplatte/index.md","1","1"
"reuse_einsatz","Brighton_Waste_House_Brighton__011__Duvets_Bettdecken","reuse_einsatz/Brighton_Waste_House_Brighton__011__Duvets_Bettdecken","Brighton_Waste_House_Brighton__011__Duvets_Bettdecken","clean_phase20","_database/reuse_einsatz/Brighton_Waste_House_Brighton__011__Duvets_Bettdecken/index.md","1","1"
"reuse_einsatz","Brighton_Waste_House_Brighton__012__Austernschalen_Wandfliesen","reuse_einsatz/Brighton_Waste_House_Brighton__012__Austernschalen_Wandfliesen","Brighton_Waste_House_Brighton__012__Austernschalen_Wandfliesen","clean_phase20","_database/reuse_einsatz/Brighton_Waste_House_Brighton__012__Austernschalen_Wandfliesen/index.md","1","1"
"reuse_einsatz","Broethen_Twin_House_Hoyerswerda__001__Wandplatten","reuse_einsatz/Broethen_Twin_House_Hoyerswerda__001__Wandplatten","Broethen_Twin_House_Hoyerswerda__001__Wandplatten","clean_phase20","_database/reuse_einsatz/Broethen_Twin_House_Hoyerswerda__001__Wandplatten/index.md","1","1"
"reuse_einsatz","Broethen_Twin_House_Hoyerswerda__002__Deckenplatten","reuse_einsatz/Broethen_Twin_House_Hoyerswerda__002__Deckenplatten","Broethen_Twin_House_Hoyerswerda__002__Deckenplatten","clean_phase20","_database/reuse_einsatz/Broethen_Twin_House_Hoyerswerda__002__Deckenplatten/index.md","1","1"
"reuse_einsatz","Broethen_Twin_House_Hoyerswerda__003__Fassaden_Au_enwandanteile","reuse_einsatz/Broethen_Twin_House_Hoyerswerda__003__Fassaden_Au_enwandanteile","Broethen_Twin_House_Hoyerswerda__003__Fassaden_Au_enwandanteile","clean_phase20","_database/reuse_einsatz/Broethen_Twin_House_Hoyerswerda__003__Fassaden_Au_enwandanteile/index.md","1","1"
"reuse_einsatz","Broethen_Twin_House_Hoyerswerda__004__Fenster","reuse_einsatz/Broethen_Twin_House_Hoyerswerda__004__Fenster","Broethen_Twin_House_Hoyerswerda__004__Fenster","clean_phase20","_database/reuse_einsatz/Broethen_Twin_House_Hoyerswerda__004__Fenster/index.md","1","1"
"reuse_einsatz","Broethen_Twin_House_Hoyerswerda__005__T_ren","reuse_einsatz/Broethen_Twin_House_Hoyerswerda__005__T_ren","Broethen_Twin_House_Hoyerswerda__005__T_ren","clean_phase20","_database/reuse_einsatz/Broethen_Twin_House_Hoyerswerda__005__T_ren/index.md","1","1"
"reuse_einsatz","Broethen_Twin_House_Hoyerswerda__006__Dach","reuse_einsatz/Broethen_Twin_House_Hoyerswerda__006__Dach","Broethen_Twin_House_Hoyerswerda__006__Dach","clean_phase20","_database/reuse_einsatz/Broethen_Twin_House_Hoyerswerda__006__Dach/index.md","1","1"
"reuse_einsatz","Broethen_Twin_House_Hoyerswerda__007__Treppen","reuse_einsatz/Broethen_Twin_House_Hoyerswerda__007__Treppen","Broethen_Twin_House_Hoyerswerda__007__Treppen","clean_phase20","_database/reuse_einsatz/Broethen_Twin_House_Hoyerswerda__007__Treppen/index.md","1","1"
"reuse_einsatz","Broethen_Twin_House_Hoyerswerda__008__TGA","reuse_einsatz/Broethen_Twin_House_Hoyerswerda__008__TGA","Broethen_Twin_House_Hoyerswerda__008__TGA","clean_phase20","_database/reuse_einsatz/Broethen_Twin_House_Hoyerswerda__008__TGA/index.md","1","1"
"reuse_einsatz","CascadeUp_London_secondary_timber_glulam_demonstrator__001__Tragwerksrahmen_Balken_St_tzen","reuse_einsatz/CascadeUp_London_secondary_timber_glulam_demonstrator__001__Tragwerksrahmen_Balken_St_tzen","CascadeUp_London_secondary_timber_glulam_demonstrator__001__Tragwerksrahmen_Balken_St_tzen","clean_phase20","_database/reuse_einsatz/CascadeUp_London_secondary_timber_glulam_demonstrator__001__Tragwerksrahmen_Balken_St_tzen/index.md","1","1"
"reuse_einsatz","CascadeUp_London_secondary_timber_glulam_demonstrator__002__Wandpaneele","reuse_einsatz/CascadeUp_London_secondary_timber_glulam_demonstrator__002__Wandpaneele","CascadeUp_London_secondary_timber_glulam_demonstrator__002__Wandpaneele","clean_phase20","_database/reuse_einsatz/CascadeUp_London_secondary_timber_glulam_demonstrator__002__Wandpaneele/index.md","1","1"
"reuse_einsatz","CascadeUp_London_secondary_timber_glulam_demonstrator__003__Bodenpaneele","reuse_einsatz/CascadeUp_London_secondary_timber_glulam_demonstrator__003__Bodenpaneele","CascadeUp_London_secondary_timber_glulam_demonstrator__003__Bodenpaneele","clean_phase20","_database/reuse_einsatz/CascadeUp_London_secondary_timber_glulam_demonstrator__003__Bodenpaneele/index.md","1","1"
"reuse_einsatz","CascadeUp_London_secondary_timber_glulam_demonstrator__004__Dach_Abdichtung_TGA_Sanit_r","reuse_einsatz/CascadeUp_London_secondary_timber_glulam_demonstrator__004__Dach_Abdichtung_TGA_Sanit_r","CascadeUp_London_secondary_timber_glulam_demonstrator__004__Dach_Abdichtung_TGA_Sanit_r","clean_phase20","_database/reuse_einsatz/CascadeUp_London_secondary_timber_glulam_demonstrator__004__Dach_Abdichtung_TGA_Sanit_r/index.md","1","1"
"reuse_einsatz","Charles_Malis_Molenbeek__001__Bodenpflaster_Bruseleye_tiles","reuse_einsatz/Charles_Malis_Molenbeek__001__Bodenpflaster_Bruseleye_tiles","Charles_Malis_Molenbeek__001__Bodenpflaster_Bruseleye_tiles","clean_phase20","_database/reuse_einsatz/Charles_Malis_Molenbeek__001__Bodenpflaster_Bruseleye_tiles/index.md","1","1"
"reuse_einsatz","Charles_Malis_Molenbeek__002__Leuchten","reuse_einsatz/Charles_Malis_Molenbeek__002__Leuchten","Charles_Malis_Molenbeek__002__Leuchten","clean_phase20","_database/reuse_einsatz/Charles_Malis_Molenbeek__002__Leuchten/index.md","1","1"
"reuse_einsatz","Charles_Malis_Molenbeek__003__Betonst_tzen_balken_Binder","reuse_einsatz/Charles_Malis_Molenbeek__003__Betonst_tzen_balken_Binder","Charles_Malis_Molenbeek__003__Betonst_tzen_balken_Binder","clean_phase20","_database/reuse_einsatz/Charles_Malis_Molenbeek__003__Betonst_tzen_balken_Binder/index.md","1","1"
"reuse_einsatz","Charles_Malis_Molenbeek__004__Ornamentale_Fassade","reuse_einsatz/Charles_Malis_Molenbeek__004__Ornamentale_Fassade","Charles_Malis_Molenbeek__004__Ornamentale_Fassade","clean_phase20","_database/reuse_einsatz/Charles_Malis_Molenbeek__004__Ornamentale_Fassade/index.md","1","1"
"reuse_einsatz","Charles_Malis_Molenbeek__005__Schalter_Counter","reuse_einsatz/Charles_Malis_Molenbeek__005__Schalter_Counter","Charles_Malis_Molenbeek__005__Schalter_Counter","clean_phase20","_database/reuse_einsatz/Charles_Malis_Molenbeek__005__Schalter_Counter/index.md","1","1"
"reuse_einsatz","Chiro_d_Itterbeek_Dilbeek__001__Fassadenziegel","reuse_einsatz/Chiro_d_Itterbeek_Dilbeek__001__Fassadenziegel","Chiro_d_Itterbeek_Dilbeek__001__Fassadenziegel","clean_phase20","_database/reuse_einsatz/Chiro_d_Itterbeek_Dilbeek__001__Fassadenziegel/index.md","1","1"
"reuse_einsatz","Chiro_d_Itterbeek_Dilbeek__002__Au_enst_rze","reuse_einsatz/Chiro_d_Itterbeek_Dilbeek__002__Au_enst_rze","Chiro_d_Itterbeek_Dilbeek__002__Au_enst_rze","clean_phase20","_database/reuse_einsatz/Chiro_d_Itterbeek_Dilbeek__002__Au_enst_rze/index.md","1","1"
"reuse_einsatz","Chiro_d_Itterbeek_Dilbeek__003__Dachziegel","reuse_einsatz/Chiro_d_Itterbeek_Dilbeek__003__Dachziegel","Chiro_d_Itterbeek_Dilbeek__003__Dachziegel","clean_phase20","_database/reuse_einsatz/Chiro_d_Itterbeek_Dilbeek__003__Dachziegel/index.md","1","1"
"reuse_einsatz","Chiro_d_Itterbeek_Dilbeek__004__Au_ent_ren","reuse_einsatz/Chiro_d_Itterbeek_Dilbeek__004__Au_ent_ren","Chiro_d_Itterbeek_Dilbeek__004__Au_ent_ren","clean_phase20","_database/reuse_einsatz/Chiro_d_Itterbeek_Dilbeek__004__Au_ent_ren/index.md","1","1"
"reuse_einsatz","Chiro_d_Itterbeek_Dilbeek__005__Holzfenster","reuse_einsatz/Chiro_d_Itterbeek_Dilbeek__005__Holzfenster","Chiro_d_Itterbeek_Dilbeek__005__Holzfenster","clean_phase20","_database/reuse_einsatz/Chiro_d_Itterbeek_Dilbeek__005__Holzfenster/index.md","1","1"
"reuse_einsatz","Chiro_d_Itterbeek_Dilbeek__006__Bodenfliesen","reuse_einsatz/Chiro_d_Itterbeek_Dilbeek__006__Bodenfliesen","Chiro_d_Itterbeek_Dilbeek__006__Bodenfliesen","clean_phase20","_database/reuse_einsatz/Chiro_d_Itterbeek_Dilbeek__006__Bodenfliesen/index.md","1","1"
"reuse_einsatz","Chiro_d_Itterbeek_Dilbeek__007__Wandfliesen","reuse_einsatz/Chiro_d_Itterbeek_Dilbeek__007__Wandfliesen","Chiro_d_Itterbeek_Dilbeek__007__Wandfliesen","clean_phase20","_database/reuse_einsatz/Chiro_d_Itterbeek_Dilbeek__007__Wandfliesen/index.md","1","1"
"reuse_einsatz","Chiro_d_Itterbeek_Dilbeek__008__Sanit_robjekte","reuse_einsatz/Chiro_d_Itterbeek_Dilbeek__008__Sanit_robjekte","Chiro_d_Itterbeek_Dilbeek__008__Sanit_robjekte","clean_phase20","_database/reuse_einsatz/Chiro_d_Itterbeek_Dilbeek__008__Sanit_robjekte/index.md","1","1"
"reuse_einsatz","Chiro_d_Itterbeek_Dilbeek__009__Leuchten","reuse_einsatz/Chiro_d_Itterbeek_Dilbeek__009__Leuchten","Chiro_d_Itterbeek_Dilbeek__009__Leuchten","clean_phase20","_database/reuse_einsatz/Chiro_d_Itterbeek_Dilbeek__009__Leuchten/index.md","1","1"
"reuse_einsatz","Chiro_d_Itterbeek_Dilbeek__010__D_mmung_Boden_Wand","reuse_einsatz/Chiro_d_Itterbeek_Dilbeek__010__D_mmung_Boden_Wand","Chiro_d_Itterbeek_Dilbeek__010__D_mmung_Boden_Wand","clean_phase20","_database/reuse_einsatz/Chiro_d_Itterbeek_Dilbeek__010__D_mmung_Boden_Wand/index.md","1","1"
"reuse_einsatz","Chiro_d_Itterbeek_Dilbeek__011__D_mmung_Decke","reuse_einsatz/Chiro_d_Itterbeek_Dilbeek__011__D_mmung_Decke","Chiro_d_Itterbeek_Dilbeek__011__D_mmung_Decke","clean_phase20","_database/reuse_einsatz/Chiro_d_Itterbeek_Dilbeek__011__D_mmung_Decke/index.md","1","1"
"reuse_einsatz","Chiro_d_Itterbeek_Dilbeek__012__Betonbl_cke","reuse_einsatz/Chiro_d_Itterbeek_Dilbeek__012__Betonbl_cke","Chiro_d_Itterbeek_Dilbeek__012__Betonbl_cke","clean_phase20","_database/reuse_einsatz/Chiro_d_Itterbeek_Dilbeek__012__Betonbl_cke/index.md","1","1"
"reuse_einsatz","Chiro_d_Itterbeek_Dilbeek__013__Holzrahmen_Dachtragwerk","reuse_einsatz/Chiro_d_Itterbeek_Dilbeek__013__Holzrahmen_Dachtragwerk","Chiro_d_Itterbeek_Dilbeek__013__Holzrahmen_Dachtragwerk","clean_phase20","_database/reuse_einsatz/Chiro_d_Itterbeek_Dilbeek__013__Holzrahmen_Dachtragwerk/index.md","1","1"
"reuse_einsatz","Christ_Pavilion_Volkenroda__001__gesamtes_Pavillonensemble","reuse_einsatz/Christ_Pavilion_Volkenroda__001__gesamtes_Pavillonensemble","Christ_Pavilion_Volkenroda__001__gesamtes_Pavillonensemble","clean_phase20","_database/reuse_einsatz/Christ_Pavilion_Volkenroda__001__gesamtes_Pavillonensemble/index.md","1","1"
"reuse_einsatz","Christ_Pavilion_Volkenroda__002__Dachtragwerk_Christusraum","reuse_einsatz/Christ_Pavilion_Volkenroda__002__Dachtragwerk_Christusraum","Christ_Pavilion_Volkenroda__002__Dachtragwerk_Christusraum","clean_phase20","_database/reuse_einsatz/Christ_Pavilion_Volkenroda__002__Dachtragwerk_Christusraum/index.md","1","1"
"reuse_einsatz","Christ_Pavilion_Volkenroda__003__neun_kreuzf_rmige_St_tzen","reuse_einsatz/Christ_Pavilion_Volkenroda__003__neun_kreuzf_rmige_St_tzen","Christ_Pavilion_Volkenroda__003__neun_kreuzf_rmige_St_tzen","clean_phase20","_database/reuse_einsatz/Christ_Pavilion_Volkenroda__003__neun_kreuzf_rmige_St_tzen/index.md","1","1"
"reuse_einsatz","Christ_Pavilion_Volkenroda__004__Marmor_Glas_Wand_Christusraum","reuse_einsatz/Christ_Pavilion_Volkenroda__004__Marmor_Glas_Wand_Christusraum","Christ_Pavilion_Volkenroda__004__Marmor_Glas_Wand_Christusraum","clean_phase20","_database/reuse_einsatz/Christ_Pavilion_Volkenroda__004__Marmor_Glas_Wand_Christusraum/index.md","1","1"
"reuse_einsatz","Christ_Pavilion_Volkenroda__005__Kreuzgang","reuse_einsatz/Christ_Pavilion_Volkenroda__005__Kreuzgang","Christ_Pavilion_Volkenroda__005__Kreuzgang","clean_phase20","_database/reuse_einsatz/Christ_Pavilion_Volkenroda__005__Kreuzgang/index.md","1","1"
"reuse_einsatz","Christ_Pavilion_Volkenroda__006__Glasfassade_Vitrinen","reuse_einsatz/Christ_Pavilion_Volkenroda__006__Glasfassade_Vitrinen","Christ_Pavilion_Volkenroda__006__Glasfassade_Vitrinen","clean_phase20","_database/reuse_einsatz/Christ_Pavilion_Volkenroda__006__Glasfassade_Vitrinen/index.md","1","1"
"reuse_einsatz","Christ_Pavilion_Volkenroda__007__Sichtbetonteile","reuse_einsatz/Christ_Pavilion_Volkenroda__007__Sichtbetonteile","Christ_Pavilion_Volkenroda__007__Sichtbetonteile","clean_phase20","_database/reuse_einsatz/Christ_Pavilion_Volkenroda__007__Sichtbetonteile/index.md","1","1"
"reuse_einsatz","Christ_Pavilion_Volkenroda__008__Krypta_Kolonnade_Wasserbecken","reuse_einsatz/Christ_Pavilion_Volkenroda__008__Krypta_Kolonnade_Wasserbecken","Christ_Pavilion_Volkenroda__008__Krypta_Kolonnade_Wasserbecken","clean_phase20","_database/reuse_einsatz/Christ_Pavilion_Volkenroda__008__Krypta_Kolonnade_Wasserbecken/index.md","1","1"
"reuse_einsatz","Circular_Centre_Netherlands_Prinsenhof_A_reuse_pilot__001__Hohlk_rperdecken_kanaalplaatvloeren","reuse_einsatz/Circular_Centre_Netherlands_Prinsenhof_A_reuse_pilot__001__Hohlk_rperdecken_kanaalplaatvloeren","Circular_Centre_Netherlands_Prinsenhof_A_reuse_pilot__001__Hohlk_rperdecken_kanaalplaatvloeren","clean_phase20","_database/reuse_einsatz/Circular_Centre_Netherlands_Prinsenhof_A_reuse_pilot__001__Hohlk_rperdecken_kanaalplaatvloeren/index.md","1","1"
"reuse_einsatz","Circular_Centre_Netherlands_Prinsenhof_A_reuse_pilot__002__Prefab_Fassadenelemente","reuse_einsatz/Circular_Centre_Netherlands_Prinsenhof_A_reuse_pilot__002__Prefab_Fassadenelemente","Circular_Centre_Netherlands_Prinsenhof_A_reuse_pilot__002__Prefab_Fassadenelemente","clean_phase20","_database/reuse_einsatz/Circular_Centre_Netherlands_Prinsenhof_A_reuse_pilot__002__Prefab_Fassadenelemente/index.md","1","1"
"reuse_einsatz","Circular_Centre_Netherlands_Prinsenhof_A_reuse_pilot__003__Br_stungen_parapets","reuse_einsatz/Circular_Centre_Netherlands_Prinsenhof_A_reuse_pilot__003__Br_stungen_parapets","Circular_Centre_Netherlands_Prinsenhof_A_reuse_pilot__003__Br_stungen_parapets","clean_phase20","_database/reuse_einsatz/Circular_Centre_Netherlands_Prinsenhof_A_reuse_pilot__003__Br_stungen_parapets/index.md","1","1"
"reuse_einsatz","Circular_Centre_Netherlands_Prinsenhof_A_reuse_pilot__004__sonstige_Materialien","reuse_einsatz/Circular_Centre_Netherlands_Prinsenhof_A_reuse_pilot__004__sonstige_Materialien","Circular_Centre_Netherlands_Prinsenhof_A_reuse_pilot__004__sonstige_Materialien","clean_phase20","_database/reuse_einsatz/Circular_Centre_Netherlands_Prinsenhof_A_reuse_pilot__004__sonstige_Materialien/index.md","1","1"
"reuse_einsatz","Circular_Centre_Netherlands_Prinsenhof_A_reuse_pilot__005__Fenster_TGA_Sanit_r","reuse_einsatz/Circular_Centre_Netherlands_Prinsenhof_A_reuse_pilot__005__Fenster_TGA_Sanit_r","Circular_Centre_Netherlands_Prinsenhof_A_reuse_pilot__005__Fenster_TGA_Sanit_r","clean_phase20","_database/reuse_einsatz/Circular_Centre_Netherlands_Prinsenhof_A_reuse_pilot__005__Fenster_TGA_Sanit_r/index.md","1","1"
"reuse_einsatz","Circular_Pavilion_Paris__001__Holzt_ren","reuse_einsatz/Circular_Pavilion_Paris__001__Holzt_ren","Circular_Pavilion_Paris__001__Holzt_ren","clean_phase20","_database/reuse_einsatz/Circular_Pavilion_Paris__001__Holzt_ren/index.md","1","1"
"reuse_einsatz","Circular_Pavilion_Paris__002__Mineral_Steinwolle","reuse_einsatz/Circular_Pavilion_Paris__002__Mineral_Steinwolle","Circular_Pavilion_Paris__002__Mineral_Steinwolle","clean_phase20","_database/reuse_einsatz/Circular_Pavilion_Paris__002__Mineral_Steinwolle/index.md","1","1"
"reuse_einsatz","Circular_Pavilion_Paris__003__Holzstruktur","reuse_einsatz/Circular_Pavilion_Paris__003__Holzstruktur","Circular_Pavilion_Paris__003__Holzstruktur","clean_phase20","_database/reuse_einsatz/Circular_Pavilion_Paris__003__Holzstruktur/index.md","1","1"
"reuse_einsatz","Circular_Pavilion_Paris__004__ehemalige_Ausstellungspaneele","reuse_einsatz/Circular_Pavilion_Paris__004__ehemalige_Ausstellungspaneele","Circular_Pavilion_Paris__004__ehemalige_Ausstellungspaneele","clean_phase20","_database/reuse_einsatz/Circular_Pavilion_Paris__004__ehemalige_Ausstellungspaneele/index.md","1","1"
"reuse_einsatz","Circular_Pavilion_Paris__005__Terrassen_Caillebotis","reuse_einsatz/Circular_Pavilion_Paris__005__Terrassen_Caillebotis","Circular_Pavilion_Paris__005__Terrassen_Caillebotis","clean_phase20","_database/reuse_einsatz/Circular_Pavilion_Paris__005__Terrassen_Caillebotis/index.md","1","1"
"reuse_einsatz","Circular_Pavilion_Paris__006__vier_gro_e_Leuchten","reuse_einsatz/Circular_Pavilion_Paris__006__vier_gro_e_Leuchten","Circular_Pavilion_Paris__006__vier_gro_e_Leuchten","clean_phase20","_database/reuse_einsatz/Circular_Pavilion_Paris__006__vier_gro_e_Leuchten/index.md","1","1"
"reuse_einsatz","Circular_Pavilion_Paris__007__50_St_hle","reuse_einsatz/Circular_Pavilion_Paris__007__50_St_hle","Circular_Pavilion_Paris__007__50_St_hle","clean_phase20","_database/reuse_einsatz/Circular_Pavilion_Paris__007__50_St_hle/index.md","1","1"
"reuse_einsatz","Circular_Pavilion_Paris__008__Abdichtung","reuse_einsatz/Circular_Pavilion_Paris__008__Abdichtung","Circular_Pavilion_Paris__008__Abdichtung","clean_phase20","_database/reuse_einsatz/Circular_Pavilion_Paris__008__Abdichtung/index.md","1","1"
"reuse_einsatz","CRCLR_House_Impact_Hub_Berlin__001__Stahlpfetten_I_Tr_ger","reuse_einsatz/CRCLR_House_Impact_Hub_Berlin__001__Stahlpfetten_I_Tr_ger","CRCLR_House_Impact_Hub_Berlin__001__Stahlpfetten_I_Tr_ger","clean_phase20","_database/reuse_einsatz/CRCLR_House_Impact_Hub_Berlin__001__Stahlpfetten_I_Tr_ger/index.md","1","1"
"reuse_einsatz","CRCLR_House_Impact_Hub_Berlin__002__Stahlfachwerktr_ger","reuse_einsatz/CRCLR_House_Impact_Hub_Berlin__002__Stahlfachwerktr_ger","CRCLR_House_Impact_Hub_Berlin__002__Stahlfachwerktr_ger","clean_phase20","_database/reuse_einsatz/CRCLR_House_Impact_Hub_Berlin__002__Stahlfachwerktr_ger/index.md","1","1"
"reuse_einsatz","CRCLR_House_Impact_Hub_Berlin__003__Holz_Alu_Fenster_Au_enfenster","reuse_einsatz/CRCLR_House_Impact_Hub_Berlin__003__Holz_Alu_Fenster_Au_enfenster","CRCLR_House_Impact_Hub_Berlin__003__Holz_Alu_Fenster_Au_enfenster","clean_phase20","_database/reuse_einsatz/CRCLR_House_Impact_Hub_Berlin__003__Holz_Alu_Fenster_Au_enfenster/index.md","1","1"
"reuse_einsatz","CRCLR_House_Impact_Hub_Berlin__004__Sanit_robjekte_Duschtassen","reuse_einsatz/CRCLR_House_Impact_Hub_Berlin__004__Sanit_robjekte_Duschtassen","CRCLR_House_Impact_Hub_Berlin__004__Sanit_robjekte_Duschtassen","clean_phase20","_database/reuse_einsatz/CRCLR_House_Impact_Hub_Berlin__004__Sanit_robjekte_Duschtassen/index.md","1","1"
"reuse_einsatz","CRCLR_House_Impact_Hub_Berlin__005__Vorhangfassadenelemente_Blech_Glas","reuse_einsatz/CRCLR_House_Impact_Hub_Berlin__005__Vorhangfassadenelemente_Blech_Glas","CRCLR_House_Impact_Hub_Berlin__005__Vorhangfassadenelemente_Blech_Glas","clean_phase20","_database/reuse_einsatz/CRCLR_House_Impact_Hub_Berlin__005__Vorhangfassadenelemente_Blech_Glas/index.md","1","1"
"reuse_einsatz","CRCLR_House_Impact_Hub_Berlin__006__Holzgalerie_Innenausbau","reuse_einsatz/CRCLR_House_Impact_Hub_Berlin__006__Holzgalerie_Innenausbau","CRCLR_House_Impact_Hub_Berlin__006__Holzgalerie_Innenausbau","clean_phase20","_database/reuse_einsatz/CRCLR_House_Impact_Hub_Berlin__006__Holzgalerie_Innenausbau/index.md","1","1"
"reuse_einsatz","CRCLR_House_Impact_Hub_Berlin__007__TGA_sichtbar_gef_hrt","reuse_einsatz/CRCLR_House_Impact_Hub_Berlin__007__TGA_sichtbar_gef_hrt","CRCLR_House_Impact_Hub_Berlin__007__TGA_sichtbar_gef_hrt","clean_phase20","_database/reuse_einsatz/CRCLR_House_Impact_Hub_Berlin__007__TGA_sichtbar_gef_hrt/index.md","1","1"
"reuse_einsatz","ELYS_Kultur_Gewerbehaus_Basel__001__Holzrahmen_Fassade","reuse_einsatz/ELYS_Kultur_Gewerbehaus_Basel__001__Holzrahmen_Fassade","ELYS_Kultur_Gewerbehaus_Basel__001__Holzrahmen_Fassade","clean_phase20","_database/reuse_einsatz/ELYS_Kultur_Gewerbehaus_Basel__001__Holzrahmen_Fassade/index.md","1","1"
"reuse_einsatz","ELYS_Kultur_Gewerbehaus_Basel__002__Aluminium_Trapezblech","reuse_einsatz/ELYS_Kultur_Gewerbehaus_Basel__002__Aluminium_Trapezblech","ELYS_Kultur_Gewerbehaus_Basel__002__Aluminium_Trapezblech","clean_phase20","_database/reuse_einsatz/ELYS_Kultur_Gewerbehaus_Basel__002__Aluminium_Trapezblech/index.md","1","1"
"reuse_einsatz","ELYS_Kultur_Gewerbehaus_Basel__003__Fenster","reuse_einsatz/ELYS_Kultur_Gewerbehaus_Basel__003__Fenster","ELYS_Kultur_Gewerbehaus_Basel__003__Fenster","clean_phase20","_database/reuse_einsatz/ELYS_Kultur_Gewerbehaus_Basel__003__Fenster/index.md","1","1"
"reuse_einsatz","ELYS_Kultur_Gewerbehaus_Basel__004__Holz_aus_R_ckbauten_Dachst_hlen","reuse_einsatz/ELYS_Kultur_Gewerbehaus_Basel__004__Holz_aus_R_ckbauten_Dachst_hlen","ELYS_Kultur_Gewerbehaus_Basel__004__Holz_aus_R_ckbauten_Dachst_hlen","clean_phase20","_database/reuse_einsatz/ELYS_Kultur_Gewerbehaus_Basel__004__Holz_aus_R_ckbauten_Dachst_hlen/index.md","1","1"
"reuse_einsatz","ELYS_Kultur_Gewerbehaus_Basel__005__Steinwolled_mmung","reuse_einsatz/ELYS_Kultur_Gewerbehaus_Basel__005__Steinwolled_mmung","ELYS_Kultur_Gewerbehaus_Basel__005__Steinwolled_mmung","clean_phase20","_database/reuse_einsatz/ELYS_Kultur_Gewerbehaus_Basel__005__Steinwolled_mmung/index.md","1","1"
"reuse_einsatz","ELYS_Kultur_Gewerbehaus_Basel__006__Gitterroste_Br_stungsgitter","reuse_einsatz/ELYS_Kultur_Gewerbehaus_Basel__006__Gitterroste_Br_stungsgitter","ELYS_Kultur_Gewerbehaus_Basel__006__Gitterroste_Br_stungsgitter","clean_phase20","_database/reuse_einsatz/ELYS_Kultur_Gewerbehaus_Basel__006__Gitterroste_Br_stungsgitter/index.md","1","1"
"reuse_einsatz","ELYS_Kultur_Gewerbehaus_Basel__007__Garagentor","reuse_einsatz/ELYS_Kultur_Gewerbehaus_Basel__007__Garagentor","ELYS_Kultur_Gewerbehaus_Basel__007__Garagentor","clean_phase20","_database/reuse_einsatz/ELYS_Kultur_Gewerbehaus_Basel__007__Garagentor/index.md","1","1"
"reuse_einsatz","ELYS_Kultur_Gewerbehaus_Basel__008__Betonhallen_Tragstruktur","reuse_einsatz/ELYS_Kultur_Gewerbehaus_Basel__008__Betonhallen_Tragstruktur","ELYS_Kultur_Gewerbehaus_Basel__008__Betonhallen_Tragstruktur","clean_phase20","_database/reuse_einsatz/ELYS_Kultur_Gewerbehaus_Basel__008__Betonhallen_Tragstruktur/index.md","1","1"
"reuse_einsatz","Europa_Building_Brussels__001__Holzfensterrahmen","reuse_einsatz/Europa_Building_Brussels__001__Holzfensterrahmen","Europa_Building_Brussels__001__Holzfensterrahmen","clean_phase20","_database/reuse_einsatz/Europa_Building_Brussels__001__Holzfensterrahmen/index.md","1","1"
"reuse_einsatz","Europa_Building_Brussels__002__Glas_Stahlw_rfel","reuse_einsatz/Europa_Building_Brussels__002__Glas_Stahlw_rfel","Europa_Building_Brussels__002__Glas_Stahlw_rfel","clean_phase20","_database/reuse_einsatz/Europa_Building_Brussels__002__Glas_Stahlw_rfel/index.md","1","1"
"reuse_einsatz","Europa_Building_Brussels__003__Residence_Palace_Bestand","reuse_einsatz/Europa_Building_Brussels__003__Residence_Palace_Bestand","Europa_Building_Brussels__003__Residence_Palace_Bestand","clean_phase20","_database/reuse_einsatz/Europa_Building_Brussels__003__Residence_Palace_Bestand/index.md","1","1"
"reuse_einsatz","Europa_Building_Brussels__004__LED_Lichttubes","reuse_einsatz/Europa_Building_Brussels__004__LED_Lichttubes","Europa_Building_Brussels__004__LED_Lichttubes","clean_phase20","_database/reuse_einsatz/Europa_Building_Brussels__004__LED_Lichttubes/index.md","1","1"
"reuse_einsatz","Europa_Building_Brussels__005__Photovoltaik","reuse_einsatz/Europa_Building_Brussels__005__Photovoltaik","Europa_Building_Brussels__005__Photovoltaik","clean_phase20","_database/reuse_einsatz/Europa_Building_Brussels__005__Photovoltaik/index.md","1","1"
"reuse_einsatz","Ferme_du_Rail_Paris__001__Holzfensterrahmen_Ch_ssis_bois","reuse_einsatz/Ferme_du_Rail_Paris__001__Holzfensterrahmen_Ch_ssis_bois","Ferme_du_Rail_Paris__001__Holzfensterrahmen_Ch_ssis_bois","clean_phase20","_database/reuse_einsatz/Ferme_du_Rail_Paris__001__Holzfensterrahmen_Ch_ssis_bois/index.md","1","1"
"reuse_einsatz","Ferme_du_Rail_Paris__002__Holzfensterrahmen","reuse_einsatz/Ferme_du_Rail_Paris__002__Holzfensterrahmen","Ferme_du_Rail_Paris__002__Holzfensterrahmen","clean_phase20","_database/reuse_einsatz/Ferme_du_Rail_Paris__002__Holzfensterrahmen/index.md","1","1"
"reuse_einsatz","Ferme_du_Rail_Paris__003__Granitbordsteine","reuse_einsatz/Ferme_du_Rail_Paris__003__Granitbordsteine","Ferme_du_Rail_Paris__003__Granitbordsteine","clean_phase20","_database/reuse_einsatz/Ferme_du_Rail_Paris__003__Granitbordsteine/index.md","1","1"
"reuse_einsatz","Ferme_du_Rail_Paris__004__Bitumen_Betonbl_cke","reuse_einsatz/Ferme_du_Rail_Paris__004__Bitumen_Betonbl_cke","Ferme_du_Rail_Paris__004__Bitumen_Betonbl_cke","clean_phase20","_database/reuse_einsatz/Ferme_du_Rail_Paris__004__Bitumen_Betonbl_cke/index.md","1","1"
"reuse_einsatz","Ferme_du_Rail_Paris__005__Steinplatten_von_Dachterrassen_B_ro_Fu_bodenplat","reuse_einsatz/Ferme_du_Rail_Paris__005__Steinplatten_von_Dachterrassen_B_ro_Fu_bodenplat","Ferme_du_Rail_Paris__005__Steinplatten_von_Dachterrassen_B_ro_Fu_bodenplat","clean_phase20","_database/reuse_einsatz/Ferme_du_Rail_Paris__005__Steinplatten_von_Dachterrassen_B_ro_Fu_bodenplat/index.md","1","1"
"reuse_einsatz","Ferme_du_Rail_Paris__006__Fliesen_Fayence","reuse_einsatz/Ferme_du_Rail_Paris__006__Fliesen_Fayence","Ferme_du_Rail_Paris__006__Fliesen_Fayence","clean_phase20","_database/reuse_einsatz/Ferme_du_Rail_Paris__006__Fliesen_Fayence/index.md","1","1"
"reuse_einsatz","Ferme_du_Rail_Paris__007__Holz_f_r_Schr_nke","reuse_einsatz/Ferme_du_Rail_Paris__007__Holz_f_r_Schr_nke","Ferme_du_Rail_Paris__007__Holz_f_r_Schr_nke","clean_phase20","_database/reuse_einsatz/Ferme_du_Rail_Paris__007__Holz_f_r_Schr_nke/index.md","1","1"
"reuse_einsatz","Ferme_du_Rail_Paris__008__textile_rezyklierte_Fasern","reuse_einsatz/Ferme_du_Rail_Paris__008__textile_rezyklierte_Fasern","Ferme_du_Rail_Paris__008__textile_rezyklierte_Fasern","clean_phase20","_database/reuse_einsatz/Ferme_du_Rail_Paris__008__textile_rezyklierte_Fasern/index.md","1","1"
"reuse_einsatz","Ferme_du_Rail_Paris__009__Metallteile","reuse_einsatz/Ferme_du_Rail_Paris__009__Metallteile","Ferme_du_Rail_Paris__009__Metallteile","clean_phase20","_database/reuse_einsatz/Ferme_du_Rail_Paris__009__Metallteile/index.md","1","1"
"reuse_einsatz","Ferme_du_Rail_Paris__010__Dallettes_pr_fabriqu_es","reuse_einsatz/Ferme_du_Rail_Paris__010__Dallettes_pr_fabriqu_es","Ferme_du_Rail_Paris__010__Dallettes_pr_fabriqu_es","clean_phase20","_database/reuse_einsatz/Ferme_du_Rail_Paris__010__Dallettes_pr_fabriqu_es/index.md","1","1"
"reuse_einsatz","Ferme_du_Rail_Paris__011__Holz_Strohbau","reuse_einsatz/Ferme_du_Rail_Paris__011__Holz_Strohbau","Ferme_du_Rail_Paris__011__Holz_Strohbau","clean_phase20","_database/reuse_einsatz/Ferme_du_Rail_Paris__011__Holz_Strohbau/index.md","1","1"
"reuse_einsatz","gjG_House_Gentbrugge__001__gekr_mmte_Au_enwand_Schale","reuse_einsatz/gjG_House_Gentbrugge__001__gekr_mmte_Au_enwand_Schale","gjG_House_Gentbrugge__001__gekr_mmte_Au_enwand_Schale","clean_phase20","_database/reuse_einsatz/gjG_House_Gentbrugge__001__gekr_mmte_Au_enwand_Schale/index.md","1","1"
"reuse_einsatz","gjG_House_Gentbrugge__002__Dach","reuse_einsatz/gjG_House_Gentbrugge__002__Dach","gjG_House_Gentbrugge__002__Dach","clean_phase20","_database/reuse_einsatz/gjG_House_Gentbrugge__002__Dach/index.md","1","1"
"reuse_einsatz","gjG_House_Gentbrugge__003__Infill_Struktur","reuse_einsatz/gjG_House_Gentbrugge__003__Infill_Struktur","gjG_House_Gentbrugge__003__Infill_Struktur","clean_phase20","_database/reuse_einsatz/gjG_House_Gentbrugge__003__Infill_Struktur/index.md","1","1"
"reuse_einsatz","gjG_House_Gentbrugge__004__Innenoberfl_chen_der_Schale","reuse_einsatz/gjG_House_Gentbrugge__004__Innenoberfl_chen_der_Schale","gjG_House_Gentbrugge__004__Innenoberfl_chen_der_Schale","clean_phase20","_database/reuse_einsatz/gjG_House_Gentbrugge__004__Innenoberfl_chen_der_Schale/index.md","1","1"
"reuse_einsatz","gjG_House_Gentbrugge__005__Fenster_ffnungen","reuse_einsatz/gjG_House_Gentbrugge__005__Fenster_ffnungen","gjG_House_Gentbrugge__005__Fenster_ffnungen","clean_phase20","_database/reuse_einsatz/gjG_House_Gentbrugge__005__Fenster_ffnungen/index.md","1","1"
"reuse_einsatz","gjG_House_Gentbrugge__006__T_ren","reuse_einsatz/gjG_House_Gentbrugge__006__T_ren","gjG_House_Gentbrugge__006__T_ren","clean_phase20","_database/reuse_einsatz/gjG_House_Gentbrugge__006__T_ren/index.md","1","1"
"reuse_einsatz","gjG_House_Gentbrugge__007__Treppen","reuse_einsatz/gjG_House_Gentbrugge__007__Treppen","gjG_House_Gentbrugge__007__Treppen","clean_phase20","_database/reuse_einsatz/gjG_House_Gentbrugge__007__Treppen/index.md","1","1"
"reuse_einsatz","gjG_House_Gentbrugge__008__Gel_nder","reuse_einsatz/gjG_House_Gentbrugge__008__Gel_nder","gjG_House_Gentbrugge__008__Gel_nder","clean_phase20","_database/reuse_einsatz/gjG_House_Gentbrugge__008__Gel_nder/index.md","1","1"
"reuse_einsatz","gjG_House_Gentbrugge__009__Innenw_nde","reuse_einsatz/gjG_House_Gentbrugge__009__Innenw_nde","gjG_House_Gentbrugge__009__Innenw_nde","clean_phase20","_database/reuse_einsatz/gjG_House_Gentbrugge__009__Innenw_nde/index.md","1","1"
"reuse_einsatz","gjG_House_Gentbrugge__010__D_mmung","reuse_einsatz/gjG_House_Gentbrugge__010__D_mmung","gjG_House_Gentbrugge__010__D_mmung","clean_phase20","_database/reuse_einsatz/gjG_House_Gentbrugge__010__D_mmung/index.md","1","1"
"reuse_einsatz","gjG_House_Gentbrugge__011__TGA","reuse_einsatz/gjG_House_Gentbrugge__011__TGA","gjG_House_Gentbrugge__011__TGA","clean_phase20","_database/reuse_einsatz/gjG_House_Gentbrugge__011__TGA/index.md","1","1"
"reuse_einsatz","Grande_Halle_de_Colombelles__001__Mineralwolle_D_mmung","reuse_einsatz/Grande_Halle_de_Colombelles__001__Mineralwolle_D_mmung","Grande_Halle_de_Colombelles__001__Mineralwolle_D_mmung","clean_phase20","_database/reuse_einsatz/Grande_Halle_de_Colombelles__001__Mineralwolle_D_mmung/index.md","1","1"
"reuse_einsatz","Grande_Halle_de_Colombelles__002__Radiatoren","reuse_einsatz/Grande_Halle_de_Colombelles__002__Radiatoren","Grande_Halle_de_Colombelles__002__Radiatoren","clean_phase20","_database/reuse_einsatz/Grande_Halle_de_Colombelles__002__Radiatoren/index.md","1","1"
"reuse_einsatz","Grande_Halle_de_Colombelles__003__Waschbecken_Sanit_r","reuse_einsatz/Grande_Halle_de_Colombelles__003__Waschbecken_Sanit_r","Grande_Halle_de_Colombelles__003__Waschbecken_Sanit_r","clean_phase20","_database/reuse_einsatz/Grande_Halle_de_Colombelles__003__Waschbecken_Sanit_r/index.md","1","1"
"reuse_einsatz","Grande_Halle_de_Colombelles__004__WC","reuse_einsatz/Grande_Halle_de_Colombelles__004__WC","Grande_Halle_de_Colombelles__004__WC","clean_phase20","_database/reuse_einsatz/Grande_Halle_de_Colombelles__004__WC/index.md","1","1"
"reuse_einsatz","Grande_Halle_de_Colombelles__005__Urinale","reuse_einsatz/Grande_Halle_de_Colombelles__005__Urinale","Grande_Halle_de_Colombelles__005__Urinale","clean_phase20","_database/reuse_einsatz/Grande_Halle_de_Colombelles__005__Urinale/index.md","1","1"
"reuse_einsatz","Grande_Halle_de_Colombelles__006__T_ren_massiv_Brandschutzt_ren","reuse_einsatz/Grande_Halle_de_Colombelles__006__T_ren_massiv_Brandschutzt_ren","Grande_Halle_de_Colombelles__006__T_ren_massiv_Brandschutzt_ren","clean_phase20","_database/reuse_einsatz/Grande_Halle_de_Colombelles__006__T_ren_massiv_Brandschutzt_ren/index.md","1","1"
"reuse_einsatz","Grande_Halle_de_Colombelles__007__Au_enfenster_Au_enschreinerei","reuse_einsatz/Grande_Halle_de_Colombelles__007__Au_enfenster_Au_enschreinerei","Grande_Halle_de_Colombelles__007__Au_enfenster_Au_enschreinerei","clean_phase20","_database/reuse_einsatz/Grande_Halle_de_Colombelles__007__Au_enfenster_Au_enschreinerei/index.md","1","1"
"reuse_einsatz","Grande_Halle_de_Colombelles__008__Holzpfetten_Holzst_cke","reuse_einsatz/Grande_Halle_de_Colombelles__008__Holzpfetten_Holzst_cke","Grande_Halle_de_Colombelles__008__Holzpfetten_Holzst_cke","clean_phase20","_database/reuse_einsatz/Grande_Halle_de_Colombelles__008__Holzpfetten_Holzst_cke/index.md","1","1"
"reuse_einsatz","Grande_Halle_de_Colombelles__009__Fliesen_Fayence","reuse_einsatz/Grande_Halle_de_Colombelles__009__Fliesen_Fayence","Grande_Halle_de_Colombelles__009__Fliesen_Fayence","clean_phase20","_database/reuse_einsatz/Grande_Halle_de_Colombelles__009__Fliesen_Fayence/index.md","1","1"
"reuse_einsatz","Grande_Halle_de_Colombelles__010__Metalltr_ger_Poutres_m_talliques","reuse_einsatz/Grande_Halle_de_Colombelles__010__Metalltr_ger_Poutres_m_talliques","Grande_Halle_de_Colombelles__010__Metalltr_ger_Poutres_m_talliques","clean_phase20","_database/reuse_einsatz/Grande_Halle_de_Colombelles__010__Metalltr_ger_Poutres_m_talliques/index.md","1","1"
"reuse_einsatz","Grande_Halle_de_Colombelles__011__Bestand_Betonstruktur","reuse_einsatz/Grande_Halle_de_Colombelles__011__Bestand_Betonstruktur","Grande_Halle_de_Colombelles__011__Bestand_Betonstruktur","clean_phase20","_database/reuse_einsatz/Grande_Halle_de_Colombelles__011__Bestand_Betonstruktur/index.md","1","1"
"reuse_einsatz","Grubenstrasse_29_Werkhof_29_Zuerich__001__Fassadenbleche_blau","reuse_einsatz/Grubenstrasse_29_Werkhof_29_Zuerich__001__Fassadenbleche_blau","Grubenstrasse_29_Werkhof_29_Zuerich__001__Fassadenbleche_blau","clean_phase20","_database/reuse_einsatz/Grubenstrasse_29_Werkhof_29_Zuerich__001__Fassadenbleche_blau/index.md","1","1"
"reuse_einsatz","Grubenstrasse_29_Werkhof_29_Zuerich__002__Dachbleche","reuse_einsatz/Grubenstrasse_29_Werkhof_29_Zuerich__002__Dachbleche","Grubenstrasse_29_Werkhof_29_Zuerich__002__Dachbleche","clean_phase20","_database/reuse_einsatz/Grubenstrasse_29_Werkhof_29_Zuerich__002__Dachbleche/index.md","1","1"
"reuse_einsatz","Grubenstrasse_29_Werkhof_29_Zuerich__003__Stahlbauteile_Laubeng_nge","reuse_einsatz/Grubenstrasse_29_Werkhof_29_Zuerich__003__Stahlbauteile_Laubeng_nge","Grubenstrasse_29_Werkhof_29_Zuerich__003__Stahlbauteile_Laubeng_nge","clean_phase20","_database/reuse_einsatz/Grubenstrasse_29_Werkhof_29_Zuerich__003__Stahlbauteile_Laubeng_nge/index.md","1","1"
"reuse_einsatz","Grubenstrasse_29_Werkhof_29_Zuerich__004__Treppent_rme_Au_entreppe","reuse_einsatz/Grubenstrasse_29_Werkhof_29_Zuerich__004__Treppent_rme_Au_entreppe","Grubenstrasse_29_Werkhof_29_Zuerich__004__Treppent_rme_Au_entreppe","clean_phase20","_database/reuse_einsatz/Grubenstrasse_29_Werkhof_29_Zuerich__004__Treppent_rme_Au_entreppe/index.md","1","1"
"reuse_einsatz","Grubenstrasse_29_Werkhof_29_Zuerich__005__Gel_nder","reuse_einsatz/Grubenstrasse_29_Werkhof_29_Zuerich__005__Gel_nder","Grubenstrasse_29_Werkhof_29_Zuerich__005__Gel_nder","clean_phase20","_database/reuse_einsatz/Grubenstrasse_29_Werkhof_29_Zuerich__005__Gel_nder/index.md","1","1"
"reuse_einsatz","Grubenstrasse_29_Werkhof_29_Zuerich__006__Gitterroste","reuse_einsatz/Grubenstrasse_29_Werkhof_29_Zuerich__006__Gitterroste","Grubenstrasse_29_Werkhof_29_Zuerich__006__Gitterroste","clean_phase20","_database/reuse_einsatz/Grubenstrasse_29_Werkhof_29_Zuerich__006__Gitterroste/index.md","1","1"
"reuse_einsatz","Grubenstrasse_29_Werkhof_29_Zuerich__007__Fenster","reuse_einsatz/Grubenstrasse_29_Werkhof_29_Zuerich__007__Fenster","Grubenstrasse_29_Werkhof_29_Zuerich__007__Fenster","clean_phase20","_database/reuse_einsatz/Grubenstrasse_29_Werkhof_29_Zuerich__007__Fenster/index.md","1","1"
"reuse_einsatz","Grubenstrasse_29_Werkhof_29_Zuerich__008__T_ren","reuse_einsatz/Grubenstrasse_29_Werkhof_29_Zuerich__008__T_ren","Grubenstrasse_29_Werkhof_29_Zuerich__008__T_ren","clean_phase20","_database/reuse_einsatz/Grubenstrasse_29_Werkhof_29_Zuerich__008__T_ren/index.md","1","1"
"reuse_einsatz","Grubenstrasse_29_Werkhof_29_Zuerich__009__Heizk_rper_Radiatoren","reuse_einsatz/Grubenstrasse_29_Werkhof_29_Zuerich__009__Heizk_rper_Radiatoren","Grubenstrasse_29_Werkhof_29_Zuerich__009__Heizk_rper_Radiatoren","clean_phase20","_database/reuse_einsatz/Grubenstrasse_29_Werkhof_29_Zuerich__009__Heizk_rper_Radiatoren/index.md","1","1"
"reuse_einsatz","Grubenstrasse_29_Werkhof_29_Zuerich__010__Sanit_rapparate","reuse_einsatz/Grubenstrasse_29_Werkhof_29_Zuerich__010__Sanit_rapparate","Grubenstrasse_29_Werkhof_29_Zuerich__010__Sanit_rapparate","clean_phase20","_database/reuse_einsatz/Grubenstrasse_29_Werkhof_29_Zuerich__010__Sanit_rapparate/index.md","1","1"
"reuse_einsatz","Grubenstrasse_29_Werkhof_29_Zuerich__011__D_mmplatten","reuse_einsatz/Grubenstrasse_29_Werkhof_29_Zuerich__011__D_mmplatten","Grubenstrasse_29_Werkhof_29_Zuerich__011__D_mmplatten","clean_phase20","_database/reuse_einsatz/Grubenstrasse_29_Werkhof_29_Zuerich__011__D_mmplatten/index.md","1","1"
"reuse_einsatz","Grubenstrasse_29_Werkhof_29_Zuerich__012__alte_Holzpfetten_des_vormaligen_Flachdachs","reuse_einsatz/Grubenstrasse_29_Werkhof_29_Zuerich__012__alte_Holzpfetten_des_vormaligen_Flachdachs","Grubenstrasse_29_Werkhof_29_Zuerich__012__alte_Holzpfetten_des_vormaligen_Flachdachs","clean_phase20","_database/reuse_einsatz/Grubenstrasse_29_Werkhof_29_Zuerich__012__alte_Holzpfetten_des_vormaligen_Flachdachs/index.md","1","1"
"reuse_einsatz","Grubenstrasse_29_Werkhof_29_Zuerich__013__feste_Innenausbauten","reuse_einsatz/Grubenstrasse_29_Werkhof_29_Zuerich__013__feste_Innenausbauten","Grubenstrasse_29_Werkhof_29_Zuerich__013__feste_Innenausbauten","clean_phase20","_database/reuse_einsatz/Grubenstrasse_29_Werkhof_29_Zuerich__013__feste_Innenausbauten/index.md","1","1"
"reuse_einsatz","Harmalanranta_A_Kruunu_ReCreate_mini_pilot_Tampere__001__Hohlk_rperdecken","reuse_einsatz/Harmalanranta_A_Kruunu_ReCreate_mini_pilot_Tampere__001__Hohlk_rperdecken","Harmalanranta_A_Kruunu_ReCreate_mini_pilot_Tampere__001__Hohlk_rperdecken","clean_phase20","_database/reuse_einsatz/Harmalanranta_A_Kruunu_ReCreate_mini_pilot_Tampere__001__Hohlk_rperdecken/index.md","1","1"
"reuse_einsatz","Harmalanranta_A_Kruunu_ReCreate_mini_pilot_Tampere__002__Luftschutzraum_Deckenbereich","reuse_einsatz/Harmalanranta_A_Kruunu_ReCreate_mini_pilot_Tampere__002__Luftschutzraum_Deckenbereich","Harmalanranta_A_Kruunu_ReCreate_mini_pilot_Tampere__002__Luftschutzraum_Deckenbereich","clean_phase20","_database/reuse_einsatz/Harmalanranta_A_Kruunu_ReCreate_mini_pilot_Tampere__002__Luftschutzraum_Deckenbereich/index.md","1","1"
"reuse_einsatz","Harmalanranta_A_Kruunu_ReCreate_mini_pilot_Tampere__003__Fassaden","reuse_einsatz/Harmalanranta_A_Kruunu_ReCreate_mini_pilot_Tampere__003__Fassaden","Harmalanranta_A_Kruunu_ReCreate_mini_pilot_Tampere__003__Fassaden","clean_phase20","_database/reuse_einsatz/Harmalanranta_A_Kruunu_ReCreate_mini_pilot_Tampere__003__Fassaden/index.md","1","1"
"reuse_einsatz","Harmalanranta_A_Kruunu_ReCreate_mini_pilot_Tampere__004__Fenster_T_ren_TGA_Sanit_r","reuse_einsatz/Harmalanranta_A_Kruunu_ReCreate_mini_pilot_Tampere__004__Fenster_T_ren_TGA_Sanit_r","Harmalanranta_A_Kruunu_ReCreate_mini_pilot_Tampere__004__Fenster_T_ren_TGA_Sanit_r","clean_phase20","_database/reuse_einsatz/Harmalanranta_A_Kruunu_ReCreate_mini_pilot_Tampere__004__Fenster_T_ren_TGA_Sanit_r/index.md","1","1"
"reuse_einsatz","Hastings_Pier_Visitor_Centre__001__Fassadenbekleidung_Besucherzentrum","reuse_einsatz/Hastings_Pier_Visitor_Centre__001__Fassadenbekleidung_Besucherzentrum","Hastings_Pier_Visitor_Centre__001__Fassadenbekleidung_Besucherzentrum","clean_phase20","_database/reuse_einsatz/Hastings_Pier_Visitor_Centre__001__Fassadenbekleidung_Besucherzentrum/index.md","1","1"
"reuse_einsatz","Hastings_Pier_Visitor_Centre__002__Bekleidung_Toiletten_Outbuildings_am_Old_Pavilio","reuse_einsatz/Hastings_Pier_Visitor_Centre__002__Bekleidung_Toiletten_Outbuildings_am_Old_Pavilio","Hastings_Pier_Visitor_Centre__002__Bekleidung_Toiletten_Outbuildings_am_Old_Pavilio","clean_phase20","_database/reuse_einsatz/Hastings_Pier_Visitor_Centre__002__Bekleidung_Toiletten_Outbuildings_am_Old_Pavilio/index.md","1","1"
"reuse_einsatz","Hastings_Pier_Visitor_Centre__003__Deckm_bel","reuse_einsatz/Hastings_Pier_Visitor_Centre__003__Deckm_bel","Hastings_Pier_Visitor_Centre__003__Deckm_bel","clean_phase20","_database/reuse_einsatz/Hastings_Pier_Visitor_Centre__003__Deckm_bel/index.md","1","1"
"reuse_einsatz","Hastings_Pier_Visitor_Centre__004__neues_Tragwerk_Besucherzentrum","reuse_einsatz/Hastings_Pier_Visitor_Centre__004__neues_Tragwerk_Besucherzentrum","Hastings_Pier_Visitor_Centre__004__neues_Tragwerk_Besucherzentrum","clean_phase20","_database/reuse_einsatz/Hastings_Pier_Visitor_Centre__004__neues_Tragwerk_Besucherzentrum/index.md","1","1"
"reuse_einsatz","Hastings_Pier_Visitor_Centre__005__Pier_Balustraden_Deck","reuse_einsatz/Hastings_Pier_Visitor_Centre__005__Pier_Balustraden_Deck","Hastings_Pier_Visitor_Centre__005__Pier_Balustraden_Deck","clean_phase20","_database/reuse_einsatz/Hastings_Pier_Visitor_Centre__005__Pier_Balustraden_Deck/index.md","1","1"
"reuse_einsatz","Hastings_Pier_Visitor_Centre__006__viktorianischer_Pavillon","reuse_einsatz/Hastings_Pier_Visitor_Centre__006__viktorianischer_Pavillon","Hastings_Pier_Visitor_Centre__006__viktorianischer_Pavillon","clean_phase20","_database/reuse_einsatz/Hastings_Pier_Visitor_Centre__006__viktorianischer_Pavillon/index.md","1","1"
"reuse_einsatz","Haus_HOS_Mehrfamilienhaus_Muehlhausen__001__Wandelemente","reuse_einsatz/Haus_HOS_Mehrfamilienhaus_Muehlhausen__001__Wandelemente","Haus_HOS_Mehrfamilienhaus_Muehlhausen__001__Wandelemente","clean_phase20","_database/reuse_einsatz/Haus_HOS_Mehrfamilienhaus_Muehlhausen__001__Wandelemente/index.md","1","1"
"reuse_einsatz","Haus_HOS_Mehrfamilienhaus_Muehlhausen__002__Deckenelemente","reuse_einsatz/Haus_HOS_Mehrfamilienhaus_Muehlhausen__002__Deckenelemente","Haus_HOS_Mehrfamilienhaus_Muehlhausen__002__Deckenelemente","clean_phase20","_database/reuse_einsatz/Haus_HOS_Mehrfamilienhaus_Muehlhausen__002__Deckenelemente/index.md","1","1"
"reuse_einsatz","Haus_HOS_Mehrfamilienhaus_Muehlhausen__003__Treppen","reuse_einsatz/Haus_HOS_Mehrfamilienhaus_Muehlhausen__003__Treppen","Haus_HOS_Mehrfamilienhaus_Muehlhausen__003__Treppen","clean_phase20","_database/reuse_einsatz/Haus_HOS_Mehrfamilienhaus_Muehlhausen__003__Treppen/index.md","1","1"
"reuse_einsatz","Haus_HOS_Mehrfamilienhaus_Muehlhausen__004__Gesamtbauteile","reuse_einsatz/Haus_HOS_Mehrfamilienhaus_Muehlhausen__004__Gesamtbauteile","Haus_HOS_Mehrfamilienhaus_Muehlhausen__004__Gesamtbauteile","clean_phase20","_database/reuse_einsatz/Haus_HOS_Mehrfamilienhaus_Muehlhausen__004__Gesamtbauteile/index.md","1","1"
"reuse_einsatz","Haus_HOS_Mehrfamilienhaus_Muehlhausen__005__Fassaden","reuse_einsatz/Haus_HOS_Mehrfamilienhaus_Muehlhausen__005__Fassaden","Haus_HOS_Mehrfamilienhaus_Muehlhausen__005__Fassaden","clean_phase20","_database/reuse_einsatz/Haus_HOS_Mehrfamilienhaus_Muehlhausen__005__Fassaden/index.md","1","1"
"reuse_einsatz","Haus_HOS_Mehrfamilienhaus_Muehlhausen__006__Fenster_T_ren_Dach_Gel_nder_Bodenaufbauten_Innen","reuse_einsatz/Haus_HOS_Mehrfamilienhaus_Muehlhausen__006__Fenster_T_ren_Dach_Gel_nder_Bodenaufbauten_Innen","Haus_HOS_Mehrfamilienhaus_Muehlhausen__006__Fenster_T_ren_Dach_Gel_nder_Bodenaufbauten_Innen","clean_phase20","_database/reuse_einsatz/Haus_HOS_Mehrfamilienhaus_Muehlhausen__006__Fenster_T_ren_Dach_Gel_nder_Bodenaufbauten_Innen/index.md","1","1"
"reuse_einsatz","Holbein_Gardens_London__001__Stahltr_ger_st_tzen","reuse_einsatz/Holbein_Gardens_London__001__Stahltr_ger_st_tzen","Holbein_Gardens_London__001__Stahltr_ger_st_tzen","clean_phase20","_database/reuse_einsatz/Holbein_Gardens_London__001__Stahltr_ger_st_tzen/index.md","1","1"
"reuse_einsatz","Holbein_Gardens_London__002__Reclaimed_stone_brickwork","reuse_einsatz/Holbein_Gardens_London__002__Reclaimed_stone_brickwork","Holbein_Gardens_London__002__Reclaimed_stone_brickwork","clean_phase20","_database/reuse_einsatz/Holbein_Gardens_London__002__Reclaimed_stone_brickwork/index.md","1","1"
"reuse_einsatz","Holbein_Gardens_London__003__bestehender_Betonrahmen","reuse_einsatz/Holbein_Gardens_London__003__bestehender_Betonrahmen","Holbein_Gardens_London__003__bestehender_Betonrahmen","clean_phase20","_database/reuse_einsatz/Holbein_Gardens_London__003__bestehender_Betonrahmen/index.md","1","1"
"reuse_einsatz","Holbein_Gardens_London__004__bestehende_Fassade","reuse_einsatz/Holbein_Gardens_London__004__bestehende_Fassade","Holbein_Gardens_London__004__bestehende_Fassade","clean_phase20","_database/reuse_einsatz/Holbein_Gardens_London__004__bestehende_Fassade/index.md","1","1"
"reuse_einsatz","Holbein_Gardens_London__005__CLT_Decken","reuse_einsatz/Holbein_Gardens_London__005__CLT_Decken","Holbein_Gardens_London__005__CLT_Decken","clean_phase20","_database/reuse_einsatz/Holbein_Gardens_London__005__CLT_Decken/index.md","1","1"
"reuse_einsatz","Holbein_Gardens_London__006__Cemfree_concrete","reuse_einsatz/Holbein_Gardens_London__006__Cemfree_concrete","Holbein_Gardens_London__006__Cemfree_concrete","clean_phase20","_database/reuse_einsatz/Holbein_Gardens_London__006__Cemfree_concrete/index.md","1","1"
"reuse_einsatz","Holbein_Gardens_London__007__TGA","reuse_einsatz/Holbein_Gardens_London__007__TGA","Holbein_Gardens_London__007__TGA","clean_phase20","_database/reuse_einsatz/Holbein_Gardens_London__007__TGA/index.md","1","1"
"reuse_einsatz","Holbein_Gardens_London__008__Gel_nder_Treppen_Fenster_T_ren","reuse_einsatz/Holbein_Gardens_London__008__Gel_nder_Treppen_Fenster_T_ren","Holbein_Gardens_London__008__Gel_nder_Treppen_Fenster_T_ren","clean_phase20","_database/reuse_einsatz/Holbein_Gardens_London__008__Gel_nder_Treppen_Fenster_T_ren/index.md","1","1"
"reuse_einsatz","House_of_Fraser_318_Oxford_Street_TBC_London_reuse_chain__001__1930er_Stahltr_ger_vom_House_of_Fraser","reuse_einsatz/House_of_Fraser_318_Oxford_Street_TBC_London_reuse_chain__001__1930er_Stahltr_ger_vom_House_of_Fraser","House_of_Fraser_318_Oxford_Street_TBC_London_reuse_chain__001__1930er_Stahltr_ger_vom_House_of_Fraser","clean_phase20","_database/reuse_einsatz/House_of_Fraser_318_Oxford_Street_TBC_London_reuse_chain__001__1930er_Stahltr_ger_vom_House_of_Fraser/index.md","1","1"
"reuse_einsatz","House_of_Fraser_318_Oxford_Street_TBC_London_reuse_chain__002__Stahlst_tzen_aus_unteren_Geschossen_318_Oxford_S","reuse_einsatz/House_of_Fraser_318_Oxford_Street_TBC_London_reuse_chain__002__Stahlst_tzen_aus_unteren_Geschossen_318_Oxford_S","House_of_Fraser_318_Oxford_Street_TBC_London_reuse_chain__002__Stahlst_tzen_aus_unteren_Geschossen_318_Oxford_S","clean_phase20","_database/reuse_einsatz/House_of_Fraser_318_Oxford_Street_TBC_London_reuse_chain__002__Stahlst_tzen_aus_unteren_Geschossen_318_Oxford_S/index.md","1","1"
"reuse_einsatz","House_of_Fraser_318_Oxford_Street_TBC_London_reuse_chain__003__Repurposed_steel_von_Cleveland","reuse_einsatz/House_of_Fraser_318_Oxford_Street_TBC_London_reuse_chain__003__Repurposed_steel_von_Cleveland","House_of_Fraser_318_Oxford_Street_TBC_London_reuse_chain__003__Repurposed_steel_von_Cleveland","clean_phase20","_database/reuse_einsatz/House_of_Fraser_318_Oxford_Street_TBC_London_reuse_chain__003__Repurposed_steel_von_Cleveland/index.md","1","1"
"reuse_einsatz","House_of_Fraser_318_Oxford_Street_TBC_London_reuse_chain__004__Retained_1990s_concrete_frame_TBC","reuse_einsatz/House_of_Fraser_318_Oxford_Street_TBC_London_reuse_chain__004__Retained_1990s_concrete_frame_TBC","House_of_Fraser_318_Oxford_Street_TBC_London_reuse_chain__004__Retained_1990s_concrete_frame_TBC","clean_phase20","_database/reuse_einsatz/House_of_Fraser_318_Oxford_Street_TBC_London_reuse_chain__004__Retained_1990s_concrete_frame_TBC/index.md","1","1"
"reuse_einsatz","House_of_Fraser_318_Oxford_Street_TBC_London_reuse_chain__005__Handrails_and_other_fixtures","reuse_einsatz/House_of_Fraser_318_Oxford_Street_TBC_London_reuse_chain__005__Handrails_and_other_fixtures","House_of_Fraser_318_Oxford_Street_TBC_London_reuse_chain__005__Handrails_and_other_fixtures","clean_phase20","_database/reuse_einsatz/House_of_Fraser_318_Oxford_Street_TBC_London_reuse_chain__005__Handrails_and_other_fixtures/index.md","1","1"
"reuse_einsatz","House_of_Fraser_318_Oxford_Street_TBC_London_reuse_chain__006__Bricks_demolition_materials","reuse_einsatz/House_of_Fraser_318_Oxford_Street_TBC_London_reuse_chain__006__Bricks_demolition_materials","House_of_Fraser_318_Oxford_Street_TBC_London_reuse_chain__006__Bricks_demolition_materials","clean_phase20","_database/reuse_einsatz/House_of_Fraser_318_Oxford_Street_TBC_London_reuse_chain__006__Bricks_demolition_materials/index.md","1","1"
"reuse_einsatz","Impact_Hub_Berlin_CRCLR_Fitout__001__Schwarze_MDF_Platten","reuse_einsatz/Impact_Hub_Berlin_CRCLR_Fitout__001__Schwarze_MDF_Platten","Impact_Hub_Berlin_CRCLR_Fitout__001__Schwarze_MDF_Platten","clean_phase20","_database/reuse_einsatz/Impact_Hub_Berlin_CRCLR_Fitout__001__Schwarze_MDF_Platten/index.md","1","1"
"reuse_einsatz","Impact_Hub_Berlin_CRCLR_Fitout__002__Red_MDF_boards","reuse_einsatz/Impact_Hub_Berlin_CRCLR_Fitout__002__Red_MDF_boards","Impact_Hub_Berlin_CRCLR_Fitout__002__Red_MDF_boards","clean_phase20","_database/reuse_einsatz/Impact_Hub_Berlin_CRCLR_Fitout__002__Red_MDF_boards/index.md","1","1"
"reuse_einsatz","Impact_Hub_Berlin_CRCLR_Fitout__003__Ziegel_im_Empfang","reuse_einsatz/Impact_Hub_Berlin_CRCLR_Fitout__003__Ziegel_im_Empfang","Impact_Hub_Berlin_CRCLR_Fitout__003__Ziegel_im_Empfang","clean_phase20","_database/reuse_einsatz/Impact_Hub_Berlin_CRCLR_Fitout__003__Ziegel_im_Empfang/index.md","1","1"
"reuse_einsatz","Impact_Hub_Berlin_CRCLR_Fitout__004__Holzlatten","reuse_einsatz/Impact_Hub_Berlin_CRCLR_Fitout__004__Holzlatten","Impact_Hub_Berlin_CRCLR_Fitout__004__Holzlatten","clean_phase20","_database/reuse_einsatz/Impact_Hub_Berlin_CRCLR_Fitout__004__Holzlatten/index.md","1","1"
"reuse_einsatz","Impact_Hub_Berlin_CRCLR_Fitout__005__Filzpaneele","reuse_einsatz/Impact_Hub_Berlin_CRCLR_Fitout__005__Filzpaneele","Impact_Hub_Berlin_CRCLR_Fitout__005__Filzpaneele","clean_phase20","_database/reuse_einsatz/Impact_Hub_Berlin_CRCLR_Fitout__005__Filzpaneele/index.md","1","1"
"reuse_einsatz","Impact_Hub_Berlin_CRCLR_Fitout__006__Holzgalerie","reuse_einsatz/Impact_Hub_Berlin_CRCLR_Fitout__006__Holzgalerie","Impact_Hub_Berlin_CRCLR_Fitout__006__Holzgalerie","clean_phase20","_database/reuse_einsatz/Impact_Hub_Berlin_CRCLR_Fitout__006__Holzgalerie/index.md","1","1"
"reuse_einsatz","Impact_Hub_Berlin_CRCLR_Fitout__007__T_ren_Fenster_Sanit_r","reuse_einsatz/Impact_Hub_Berlin_CRCLR_Fitout__007__T_ren_Fenster_Sanit_r","Impact_Hub_Berlin_CRCLR_Fitout__007__T_ren_Fenster_Sanit_r","clean_phase20","_database/reuse_einsatz/Impact_Hub_Berlin_CRCLR_Fitout__007__T_ren_Fenster_Sanit_r/index.md","1","1"
"reuse_einsatz","Impact_Hub_Berlin_CRCLR_Fitout__008__M_bel","reuse_einsatz/Impact_Hub_Berlin_CRCLR_Fitout__008__M_bel","Impact_Hub_Berlin_CRCLR_Fitout__008__M_bel","clean_phase20","_database/reuse_einsatz/Impact_Hub_Berlin_CRCLR_Fitout__008__M_bel/index.md","1","1"
"reuse_einsatz","Institut_de_Botanique_ULg_Liege__001__Fassadenbekleidung_Holzfassade","reuse_einsatz/Institut_de_Botanique_ULg_Liege__001__Fassadenbekleidung_Holzfassade","Institut_de_Botanique_ULg_Liege__001__Fassadenbekleidung_Holzfassade","clean_phase20","_database/reuse_einsatz/Institut_de_Botanique_ULg_Liege__001__Fassadenbekleidung_Holzfassade/index.md","1","1"
"reuse_einsatz","Institut_de_Botanique_ULg_Liege__002__Haupttragwerk_Bestand","reuse_einsatz/Institut_de_Botanique_ULg_Liege__002__Haupttragwerk_Bestand","Institut_de_Botanique_ULg_Liege__002__Haupttragwerk_Bestand","clean_phase20","_database/reuse_einsatz/Institut_de_Botanique_ULg_Liege__002__Haupttragwerk_Bestand/index.md","1","1"
"reuse_einsatz","Institut_de_Botanique_ULg_Liege__003__Fenster","reuse_einsatz/Institut_de_Botanique_ULg_Liege__003__Fenster","Institut_de_Botanique_ULg_Liege__003__Fenster","clean_phase20","_database/reuse_einsatz/Institut_de_Botanique_ULg_Liege__003__Fenster/index.md","1","1"
"reuse_einsatz","Institut_de_Botanique_ULg_Liege__004__T_ren","reuse_einsatz/Institut_de_Botanique_ULg_Liege__004__T_ren","Institut_de_Botanique_ULg_Liege__004__T_ren","clean_phase20","_database/reuse_einsatz/Institut_de_Botanique_ULg_Liege__004__T_ren/index.md","1","1"
"reuse_einsatz","Institut_de_Botanique_ULg_Liege__005__TGA","reuse_einsatz/Institut_de_Botanique_ULg_Liege__005__TGA","Institut_de_Botanique_ULg_Liege__005__TGA","clean_phase20","_database/reuse_einsatz/Institut_de_Botanique_ULg_Liege__005__TGA/index.md","1","1"
"reuse_einsatz","Jeugdkliniek_Ithaka_Emergis_Kloetinge__001__Holztr_ger_houten_balken","reuse_einsatz/Jeugdkliniek_Ithaka_Emergis_Kloetinge__001__Holztr_ger_houten_balken","Jeugdkliniek_Ithaka_Emergis_Kloetinge__001__Holztr_ger_houten_balken","clean_phase20","_database/reuse_einsatz/Jeugdkliniek_Ithaka_Emergis_Kloetinge__001__Holztr_ger_houten_balken/index.md","1","1"
"reuse_einsatz","Jeugdkliniek_Ithaka_Emergis_Kloetinge__002__Au_enkozijnen_Fensterrahmen","reuse_einsatz/Jeugdkliniek_Ithaka_Emergis_Kloetinge__002__Au_enkozijnen_Fensterrahmen","Jeugdkliniek_Ithaka_Emergis_Kloetinge__002__Au_enkozijnen_Fensterrahmen","clean_phase20","_database/reuse_einsatz/Jeugdkliniek_Ithaka_Emergis_Kloetinge__002__Au_enkozijnen_Fensterrahmen/index.md","1","1"
"reuse_einsatz","Jeugdkliniek_Ithaka_Emergis_Kloetinge__003__HSB_binnenbladen","reuse_einsatz/Jeugdkliniek_Ithaka_Emergis_Kloetinge__003__HSB_binnenbladen","Jeugdkliniek_Ithaka_Emergis_Kloetinge__003__HSB_binnenbladen","clean_phase20","_database/reuse_einsatz/Jeugdkliniek_Ithaka_Emergis_Kloetinge__003__HSB_binnenbladen/index.md","1","1"
"reuse_einsatz","Jeugdkliniek_Ithaka_Emergis_Kloetinge__004__Vord_cher_luifels","reuse_einsatz/Jeugdkliniek_Ithaka_Emergis_Kloetinge__004__Vord_cher_luifels","Jeugdkliniek_Ithaka_Emergis_Kloetinge__004__Vord_cher_luifels","clean_phase20","_database/reuse_einsatz/Jeugdkliniek_Ithaka_Emergis_Kloetinge__004__Vord_cher_luifels/index.md","1","1"
"reuse_einsatz","Jeugdkliniek_Ithaka_Emergis_Kloetinge__005__horizontale_Stahlroste_Sonnenschutz","reuse_einsatz/Jeugdkliniek_Ithaka_Emergis_Kloetinge__005__horizontale_Stahlroste_Sonnenschutz","Jeugdkliniek_Ithaka_Emergis_Kloetinge__005__horizontale_Stahlroste_Sonnenschutz","clean_phase20","_database/reuse_einsatz/Jeugdkliniek_Ithaka_Emergis_Kloetinge__005__horizontale_Stahlroste_Sonnenschutz/index.md","1","1"
"reuse_einsatz","Jeugdkliniek_Ithaka_Emergis_Kloetinge__006__Azob_Shingles","reuse_einsatz/Jeugdkliniek_Ithaka_Emergis_Kloetinge__006__Azob_Shingles","Jeugdkliniek_Ithaka_Emergis_Kloetinge__006__Azob_Shingles","clean_phase20","_database/reuse_einsatz/Jeugdkliniek_Ithaka_Emergis_Kloetinge__006__Azob_Shingles/index.md","1","1"
"reuse_einsatz","Jeugdkliniek_Ithaka_Emergis_Kloetinge__007__Innent_ren","reuse_einsatz/Jeugdkliniek_Ithaka_Emergis_Kloetinge__007__Innent_ren","Jeugdkliniek_Ithaka_Emergis_Kloetinge__007__Innent_ren","clean_phase20","_database/reuse_einsatz/Jeugdkliniek_Ithaka_Emergis_Kloetinge__007__Innent_ren/index.md","1","1"
"reuse_einsatz","Jeugdkliniek_Ithaka_Emergis_Kloetinge__008__Hang_und_Schlie_werk","reuse_einsatz/Jeugdkliniek_Ithaka_Emergis_Kloetinge__008__Hang_und_Schlie_werk","Jeugdkliniek_Ithaka_Emergis_Kloetinge__008__Hang_und_Schlie_werk","clean_phase20","_database/reuse_einsatz/Jeugdkliniek_Ithaka_Emergis_Kloetinge__008__Hang_und_Schlie_werk/index.md","1","1"
"reuse_einsatz","Jeugdkliniek_Ithaka_Emergis_Kloetinge__009__Holzfu_b_den_vloerdelen","reuse_einsatz/Jeugdkliniek_Ithaka_Emergis_Kloetinge__009__Holzfu_b_den_vloerdelen","Jeugdkliniek_Ithaka_Emergis_Kloetinge__009__Holzfu_b_den_vloerdelen","clean_phase20","_database/reuse_einsatz/Jeugdkliniek_Ithaka_Emergis_Kloetinge__009__Holzfu_b_den_vloerdelen/index.md","1","1"
"reuse_einsatz","Jeugdkliniek_Ithaka_Emergis_Kloetinge__010__Stra_enklinker","reuse_einsatz/Jeugdkliniek_Ithaka_Emergis_Kloetinge__010__Stra_enklinker","Jeugdkliniek_Ithaka_Emergis_Kloetinge__010__Stra_enklinker","clean_phase20","_database/reuse_einsatz/Jeugdkliniek_Ithaka_Emergis_Kloetinge__010__Stra_enklinker/index.md","1","1"
"reuse_einsatz","Jeugdkliniek_Ithaka_Emergis_Kloetinge__011__Fassadenbekleidung_allgemein","reuse_einsatz/Jeugdkliniek_Ithaka_Emergis_Kloetinge__011__Fassadenbekleidung_allgemein","Jeugdkliniek_Ithaka_Emergis_Kloetinge__011__Fassadenbekleidung_allgemein","clean_phase20","_database/reuse_einsatz/Jeugdkliniek_Ithaka_Emergis_Kloetinge__011__Fassadenbekleidung_allgemein/index.md","1","1"
"reuse_einsatz","Jeugdkliniek_Ithaka_Emergis_Kloetinge__012__Beleuchtungsarmaturen","reuse_einsatz/Jeugdkliniek_Ithaka_Emergis_Kloetinge__012__Beleuchtungsarmaturen","Jeugdkliniek_Ithaka_Emergis_Kloetinge__012__Beleuchtungsarmaturen","clean_phase20","_database/reuse_einsatz/Jeugdkliniek_Ithaka_Emergis_Kloetinge__012__Beleuchtungsarmaturen/index.md","1","1"
"reuse_einsatz","Jeugdkliniek_Ithaka_Emergis_Kloetinge__013__Elektroinstallationen_Rohre","reuse_einsatz/Jeugdkliniek_Ithaka_Emergis_Kloetinge__013__Elektroinstallationen_Rohre","Jeugdkliniek_Ithaka_Emergis_Kloetinge__013__Elektroinstallationen_Rohre","clean_phase20","_database/reuse_einsatz/Jeugdkliniek_Ithaka_Emergis_Kloetinge__013__Elektroinstallationen_Rohre/index.md","1","1"
"reuse_einsatz","Jeugdkliniek_Ithaka_Emergis_Kloetinge__014__Sanit_r_TGA_feste_Einbauten","reuse_einsatz/Jeugdkliniek_Ithaka_Emergis_Kloetinge__014__Sanit_r_TGA_feste_Einbauten","Jeugdkliniek_Ithaka_Emergis_Kloetinge__014__Sanit_r_TGA_feste_Einbauten","clean_phase20","_database/reuse_einsatz/Jeugdkliniek_Ithaka_Emergis_Kloetinge__014__Sanit_r_TGA_feste_Einbauten/index.md","1","1"
"reuse_einsatz","Juch_Areal_Recyclingzentrum_Zuerich__001__Stahlstruktur_der_Traghalle_Hagenholz","reuse_einsatz/Juch_Areal_Recyclingzentrum_Zuerich__001__Stahlstruktur_der_Traghalle_Hagenholz","Juch_Areal_Recyclingzentrum_Zuerich__001__Stahlstruktur_der_Traghalle_Hagenholz","clean_phase20","_database/reuse_einsatz/Juch_Areal_Recyclingzentrum_Zuerich__001__Stahlstruktur_der_Traghalle_Hagenholz/index.md","1","1"
"reuse_einsatz","Juch_Areal_Recyclingzentrum_Zuerich__002__Betonplatten_aus_Kerenzerbergtunnel","reuse_einsatz/Juch_Areal_Recyclingzentrum_Zuerich__002__Betonplatten_aus_Kerenzerbergtunnel","Juch_Areal_Recyclingzentrum_Zuerich__002__Betonplatten_aus_Kerenzerbergtunnel","clean_phase20","_database/reuse_einsatz/Juch_Areal_Recyclingzentrum_Zuerich__002__Betonplatten_aus_Kerenzerbergtunnel/index.md","1","1"
"reuse_einsatz","Juch_Areal_Recyclingzentrum_Zuerich__003__Beton_Pilzst_tzen_mit_Deckenelementen","reuse_einsatz/Juch_Areal_Recyclingzentrum_Zuerich__003__Beton_Pilzst_tzen_mit_Deckenelementen","Juch_Areal_Recyclingzentrum_Zuerich__003__Beton_Pilzst_tzen_mit_Deckenelementen","clean_phase20","_database/reuse_einsatz/Juch_Areal_Recyclingzentrum_Zuerich__003__Beton_Pilzst_tzen_mit_Deckenelementen/index.md","1","1"
"reuse_einsatz","Juch_Areal_Recyclingzentrum_Zuerich__004__Stahltr_ger_und_Trapezbleche_Dach","reuse_einsatz/Juch_Areal_Recyclingzentrum_Zuerich__004__Stahltr_ger_und_Trapezbleche_Dach","Juch_Areal_Recyclingzentrum_Zuerich__004__Stahltr_ger_und_Trapezbleche_Dach","clean_phase20","_database/reuse_einsatz/Juch_Areal_Recyclingzentrum_Zuerich__004__Stahltr_ger_und_Trapezbleche_Dach/index.md","1","1"
"reuse_einsatz","Juch_Areal_Recyclingzentrum_Zuerich__005__Bauteilkatalog_Elemente","reuse_einsatz/Juch_Areal_Recyclingzentrum_Zuerich__005__Bauteilkatalog_Elemente","Juch_Areal_Recyclingzentrum_Zuerich__005__Bauteilkatalog_Elemente","clean_phase20","_database/reuse_einsatz/Juch_Areal_Recyclingzentrum_Zuerich__005__Bauteilkatalog_Elemente/index.md","1","1"
"reuse_einsatz","Juch_Areal_Recyclingzentrum_Zuerich__006__Betriebsgeb_ude","reuse_einsatz/Juch_Areal_Recyclingzentrum_Zuerich__006__Betriebsgeb_ude","Juch_Areal_Recyclingzentrum_Zuerich__006__Betriebsgeb_ude","clean_phase20","_database/reuse_einsatz/Juch_Areal_Recyclingzentrum_Zuerich__006__Betriebsgeb_ude/index.md","1","1"
"reuse_einsatz","Juch_Areal_Recyclingzentrum_Zuerich__007__Photovoltaik_Gr_ndach","reuse_einsatz/Juch_Areal_Recyclingzentrum_Zuerich__007__Photovoltaik_Gr_ndach","Juch_Areal_Recyclingzentrum_Zuerich__007__Photovoltaik_Gr_ndach","clean_phase20","_database/reuse_einsatz/Juch_Areal_Recyclingzentrum_Zuerich__007__Photovoltaik_Gr_ndach/index.md","1","1"
"reuse_einsatz","Juch_Areal_Recyclingzentrum_Zuerich__008__vertikaler_Pflanzenfilter_B_ume","reuse_einsatz/Juch_Areal_Recyclingzentrum_Zuerich__008__vertikaler_Pflanzenfilter_B_ume","Juch_Areal_Recyclingzentrum_Zuerich__008__vertikaler_Pflanzenfilter_B_ume","clean_phase20","_database/reuse_einsatz/Juch_Areal_Recyclingzentrum_Zuerich__008__vertikaler_Pflanzenfilter_B_ume/index.md","1","1"
"reuse_einsatz","Juch_Areal_Recyclingzentrum_Zuerich__009__Fenster_T_ren_TGA_Sanit_r_Beleuchtung_Dach_Trepp","reuse_einsatz/Juch_Areal_Recyclingzentrum_Zuerich__009__Fenster_T_ren_TGA_Sanit_r_Beleuchtung_Dach_Trepp","Juch_Areal_Recyclingzentrum_Zuerich__009__Fenster_T_ren_TGA_Sanit_r_Beleuchtung_Dach_Trepp","clean_phase20","_database/reuse_einsatz/Juch_Areal_Recyclingzentrum_Zuerich__009__Fenster_T_ren_TGA_Sanit_r_Beleuchtung_Dach_Trepp/index.md","1","1"
"reuse_einsatz","K118_Kopfbau_Halle_118_Winterthur__001__Stahltr_ger_St_tzen","reuse_einsatz/K118_Kopfbau_Halle_118_Winterthur__001__Stahltr_ger_St_tzen","K118_Kopfbau_Halle_118_Winterthur__001__Stahltr_ger_St_tzen","clean_phase20","_database/reuse_einsatz/K118_Kopfbau_Halle_118_Winterthur__001__Stahltr_ger_St_tzen/index.md","1","1"
"reuse_einsatz","K118_Kopfbau_Halle_118_Winterthur__002__Profilbleche_Verbunddecken","reuse_einsatz/K118_Kopfbau_Halle_118_Winterthur__002__Profilbleche_Verbunddecken","K118_Kopfbau_Halle_118_Winterthur__002__Profilbleche_Verbunddecken","clean_phase20","_database/reuse_einsatz/K118_Kopfbau_Halle_118_Winterthur__002__Profilbleche_Verbunddecken/index.md","1","1"
"reuse_einsatz","K118_Kopfbau_Halle_118_Winterthur__003__Externe_Treppe","reuse_einsatz/K118_Kopfbau_Halle_118_Winterthur__003__Externe_Treppe","K118_Kopfbau_Halle_118_Winterthur__003__Externe_Treppe","clean_phase20","_database/reuse_einsatz/K118_Kopfbau_Halle_118_Winterthur__003__Externe_Treppe/index.md","1","1"
"reuse_einsatz","K118_Kopfbau_Halle_118_Winterthur__004__Fenster","reuse_einsatz/K118_Kopfbau_Halle_118_Winterthur__004__Fenster","K118_Kopfbau_Halle_118_Winterthur__004__Fenster","clean_phase20","_database/reuse_einsatz/K118_Kopfbau_Halle_118_Winterthur__004__Fenster/index.md","1","1"
"reuse_einsatz","K118_Kopfbau_Halle_118_Winterthur__005__Fassadenbleche_Profilbleche","reuse_einsatz/K118_Kopfbau_Halle_118_Winterthur__005__Fassadenbleche_Profilbleche","K118_Kopfbau_Halle_118_Winterthur__005__Fassadenbleche_Profilbleche","clean_phase20","_database/reuse_einsatz/K118_Kopfbau_Halle_118_Winterthur__005__Fassadenbleche_Profilbleche/index.md","1","1"
"reuse_einsatz","K118_Kopfbau_Halle_118_Winterthur__006__EPS_D_mmung","reuse_einsatz/K118_Kopfbau_Halle_118_Winterthur__006__EPS_D_mmung","K118_Kopfbau_Halle_118_Winterthur__006__EPS_D_mmung","clean_phase20","_database/reuse_einsatz/K118_Kopfbau_Halle_118_Winterthur__006__EPS_D_mmung/index.md","1","1"
"reuse_einsatz","K118_Kopfbau_Halle_118_Winterthur__007__Holzdachelemente","reuse_einsatz/K118_Kopfbau_Halle_118_Winterthur__007__Holzdachelemente","K118_Kopfbau_Halle_118_Winterthur__007__Holzdachelemente","clean_phase20","_database/reuse_einsatz/K118_Kopfbau_Halle_118_Winterthur__007__Holzdachelemente/index.md","1","1"
"reuse_einsatz","K118_Kopfbau_Halle_118_Winterthur__008__T_ren","reuse_einsatz/K118_Kopfbau_Halle_118_Winterthur__008__T_ren","K118_Kopfbau_Halle_118_Winterthur__008__T_ren","clean_phase20","_database/reuse_einsatz/K118_Kopfbau_Halle_118_Winterthur__008__T_ren/index.md","1","1"
"reuse_einsatz","K118_Kopfbau_Halle_118_Winterthur__009__Dreischichtplatten_Holzplatten","reuse_einsatz/K118_Kopfbau_Halle_118_Winterthur__009__Dreischichtplatten_Holzplatten","K118_Kopfbau_Halle_118_Winterthur__009__Dreischichtplatten_Holzplatten","clean_phase20","_database/reuse_einsatz/K118_Kopfbau_Halle_118_Winterthur__009__Dreischichtplatten_Holzplatten/index.md","1","1"
"reuse_einsatz","K118_Kopfbau_Halle_118_Winterthur__010__Naturstein_Granitplatten","reuse_einsatz/K118_Kopfbau_Halle_118_Winterthur__010__Naturstein_Granitplatten","K118_Kopfbau_Halle_118_Winterthur__010__Naturstein_Granitplatten","clean_phase20","_database/reuse_einsatz/K118_Kopfbau_Halle_118_Winterthur__010__Naturstein_Granitplatten/index.md","1","1"
"reuse_einsatz","K118_Kopfbau_Halle_118_Winterthur__011__Klinker_Backstein","reuse_einsatz/K118_Kopfbau_Halle_118_Winterthur__011__Klinker_Backstein","K118_Kopfbau_Halle_118_Winterthur__011__Klinker_Backstein","clean_phase20","_database/reuse_einsatz/K118_Kopfbau_Halle_118_Winterthur__011__Klinker_Backstein/index.md","1","1"
"reuse_einsatz","K118_Kopfbau_Halle_118_Winterthur__012__Sanit_r_TGA","reuse_einsatz/K118_Kopfbau_Halle_118_Winterthur__012__Sanit_r_TGA","K118_Kopfbau_Halle_118_Winterthur__012__Sanit_r_TGA","clean_phase20","_database/reuse_einsatz/K118_Kopfbau_Halle_118_Winterthur__012__Sanit_r_TGA/index.md","1","1"
"reuse_einsatz","KA13_Kristian_Augusts_gate_13_Oslo__001__Hohlk_rperdecken_hollow_core_slabs","reuse_einsatz/KA13_Kristian_Augusts_gate_13_Oslo__001__Hohlk_rperdecken_hollow_core_slabs","KA13_Kristian_Augusts_gate_13_Oslo__001__Hohlk_rperdecken_hollow_core_slabs","clean_phase20","_database/reuse_einsatz/KA13_Kristian_Augusts_gate_13_Oslo__001__Hohlk_rperdecken_hollow_core_slabs/index.md","1","1"
"reuse_einsatz","KA13_Kristian_Augusts_gate_13_Oslo__002__Stahltr_ger_st_tzen_reused","reuse_einsatz/KA13_Kristian_Augusts_gate_13_Oslo__002__Stahltr_ger_st_tzen_reused","KA13_Kristian_Augusts_gate_13_Oslo__002__Stahltr_ger_st_tzen_reused","clean_phase20","_database/reuse_einsatz/KA13_Kristian_Augusts_gate_13_Oslo__002__Stahltr_ger_st_tzen_reused/index.md","1","1"
"reuse_einsatz","KA13_Kristian_Augusts_gate_13_Oslo__003__Bestehendes_Tragwerk","reuse_einsatz/KA13_Kristian_Augusts_gate_13_Oslo__003__Bestehendes_Tragwerk","KA13_Kristian_Augusts_gate_13_Oslo__003__Bestehendes_Tragwerk","clean_phase20","_database/reuse_einsatz/KA13_Kristian_Augusts_gate_13_Oslo__003__Bestehendes_Tragwerk/index.md","1","1"
"reuse_einsatz","KA13_Kristian_Augusts_gate_13_Oslo__004__Au_enw_nde_Bestand","reuse_einsatz/KA13_Kristian_Augusts_gate_13_Oslo__004__Au_enw_nde_Bestand","KA13_Kristian_Augusts_gate_13_Oslo__004__Au_enw_nde_Bestand","clean_phase20","_database/reuse_einsatz/KA13_Kristian_Augusts_gate_13_Oslo__004__Au_enw_nde_Bestand/index.md","1","1"
"reuse_einsatz","KA13_Kristian_Augusts_gate_13_Oslo__005__Fassadenbekleidung_concrete_plates_and_brick","reuse_einsatz/KA13_Kristian_Augusts_gate_13_Oslo__005__Fassadenbekleidung_concrete_plates_and_brick","KA13_Kristian_Augusts_gate_13_Oslo__005__Fassadenbekleidung_concrete_plates_and_brick","clean_phase20","_database/reuse_einsatz/KA13_Kristian_Augusts_gate_13_Oslo__005__Fassadenbekleidung_concrete_plates_and_brick/index.md","1","1"
"reuse_einsatz","KA13_Kristian_Augusts_gate_13_Oslo__006__Radiatoren","reuse_einsatz/KA13_Kristian_Augusts_gate_13_Oslo__006__Radiatoren","KA13_Kristian_Augusts_gate_13_Oslo__006__Radiatoren","clean_phase20","_database/reuse_einsatz/KA13_Kristian_Augusts_gate_13_Oslo__006__Radiatoren/index.md","1","1"
"reuse_einsatz","KA13_Kristian_Augusts_gate_13_Oslo__007__Sanit_r_Waschbecken_Toiletten","reuse_einsatz/KA13_Kristian_Augusts_gate_13_Oslo__007__Sanit_r_Waschbecken_Toiletten","KA13_Kristian_Augusts_gate_13_Oslo__007__Sanit_r_Waschbecken_Toiletten","clean_phase20","_database/reuse_einsatz/KA13_Kristian_Augusts_gate_13_Oslo__007__Sanit_r_Waschbecken_Toiletten/index.md","1","1"
"reuse_einsatz","KA13_Kristian_Augusts_gate_13_Oslo__008__L_ftungskan_le_ducts_and_pipes","reuse_einsatz/KA13_Kristian_Augusts_gate_13_Oslo__008__L_ftungskan_le_ducts_and_pipes","KA13_Kristian_Augusts_gate_13_Oslo__008__L_ftungskan_le_ducts_and_pipes","clean_phase20","_database/reuse_einsatz/KA13_Kristian_Augusts_gate_13_Oslo__008__L_ftungskan_le_ducts_and_pipes/index.md","1","1"
"reuse_einsatz","KA13_Kristian_Augusts_gate_13_Oslo__009__Office_fronts_Innenverglasung","reuse_einsatz/KA13_Kristian_Augusts_gate_13_Oslo__009__Office_fronts_Innenverglasung","KA13_Kristian_Augusts_gate_13_Oslo__009__Office_fronts_Innenverglasung","clean_phase20","_database/reuse_einsatz/KA13_Kristian_Augusts_gate_13_Oslo__009__Office_fronts_Innenverglasung/index.md","1","1"
"reuse_einsatz","KA13_Kristian_Augusts_gate_13_Oslo__010__T_ren","reuse_einsatz/KA13_Kristian_Augusts_gate_13_Oslo__010__T_ren","KA13_Kristian_Augusts_gate_13_Oslo__010__T_ren","clean_phase20","_database/reuse_einsatz/KA13_Kristian_Augusts_gate_13_Oslo__010__T_ren/index.md","1","1"
"reuse_einsatz","KA13_Kristian_Augusts_gate_13_Oslo__011__Innere_Oberfl_chen_Mosaikfliesen_Terrazzo","reuse_einsatz/KA13_Kristian_Augusts_gate_13_Oslo__011__Innere_Oberfl_chen_Mosaikfliesen_Terrazzo","KA13_Kristian_Augusts_gate_13_Oslo__011__Innere_Oberfl_chen_Mosaikfliesen_Terrazzo","clean_phase20","_database/reuse_einsatz/KA13_Kristian_Augusts_gate_13_Oslo__011__Innere_Oberfl_chen_Mosaikfliesen_Terrazzo/index.md","1","1"
"reuse_einsatz","KA13_Kristian_Augusts_gate_13_Oslo__012__Dachbegr_nung_blau_gr_ne_L_sungen","reuse_einsatz/KA13_Kristian_Augusts_gate_13_Oslo__012__Dachbegr_nung_blau_gr_ne_L_sungen","KA13_Kristian_Augusts_gate_13_Oslo__012__Dachbegr_nung_blau_gr_ne_L_sungen","clean_phase20","_database/reuse_einsatz/KA13_Kristian_Augusts_gate_13_Oslo__012__Dachbegr_nung_blau_gr_ne_L_sungen/index.md","1","1"
"reuse_einsatz","Kamikatsu_Zero_Waste_Center_Hotel_WHY__001__Fassadenfenster","reuse_einsatz/Kamikatsu_Zero_Waste_Center_Hotel_WHY__001__Fassadenfenster","Kamikatsu_Zero_Waste_Center_Hotel_WHY__001__Fassadenfenster","clean_phase20","_database/reuse_einsatz/Kamikatsu_Zero_Waste_Center_Hotel_WHY__001__Fassadenfenster/index.md","1","1"
"reuse_einsatz","Kamikatsu_Zero_Waste_Center_Hotel_WHY__002__Hotel_ffnungen","reuse_einsatz/Kamikatsu_Zero_Waste_Center_Hotel_WHY__002__Hotel_ffnungen","Kamikatsu_Zero_Waste_Center_Hotel_WHY__002__Hotel_ffnungen","clean_phase20","_database/reuse_einsatz/Kamikatsu_Zero_Waste_Center_Hotel_WHY__002__Hotel_ffnungen/index.md","1","1"
"reuse_einsatz","Kamikatsu_Zero_Waste_Center_Hotel_WHY__003__Terrazzo_M_rtelboden_Reuse_Shop","reuse_einsatz/Kamikatsu_Zero_Waste_Center_Hotel_WHY__003__Terrazzo_M_rtelboden_Reuse_Shop","Kamikatsu_Zero_Waste_Center_Hotel_WHY__003__Terrazzo_M_rtelboden_Reuse_Shop","clean_phase20","_database/reuse_einsatz/Kamikatsu_Zero_Waste_Center_Hotel_WHY__003__Terrazzo_M_rtelboden_Reuse_Shop/index.md","1","1"
"reuse_einsatz","Kamikatsu_Zero_Waste_Center_Hotel_WHY__004__Mosaikboden_Community_Hall","reuse_einsatz/Kamikatsu_Zero_Waste_Center_Hotel_WHY__004__Mosaikboden_Community_Hall","Kamikatsu_Zero_Waste_Center_Hotel_WHY__004__Mosaikboden_Community_Hall","clean_phase20","_database/reuse_einsatz/Kamikatsu_Zero_Waste_Center_Hotel_WHY__004__Mosaikboden_Community_Hall/index.md","1","1"
"reuse_einsatz","Kamikatsu_Zero_Waste_Center_Hotel_WHY__005__Fliesen_unter_Traufe_Regenf_nger_Rand","reuse_einsatz/Kamikatsu_Zero_Waste_Center_Hotel_WHY__005__Fliesen_unter_Traufe_Regenf_nger_Rand","Kamikatsu_Zero_Waste_Center_Hotel_WHY__005__Fliesen_unter_Traufe_Regenf_nger_Rand","clean_phase20","_database/reuse_einsatz/Kamikatsu_Zero_Waste_Center_Hotel_WHY__005__Fliesen_unter_Traufe_Regenf_nger_Rand/index.md","1","1"
"reuse_einsatz","Kamikatsu_Zero_Waste_Center_Hotel_WHY__006__Au_enwand_Receiving_wall_Elemente","reuse_einsatz/Kamikatsu_Zero_Waste_Center_Hotel_WHY__006__Au_enwand_Receiving_wall_Elemente","Kamikatsu_Zero_Waste_Center_Hotel_WHY__006__Au_enwand_Receiving_wall_Elemente","clean_phase20","_database/reuse_einsatz/Kamikatsu_Zero_Waste_Center_Hotel_WHY__006__Au_enwand_Receiving_wall_Elemente/index.md","1","1"
"reuse_einsatz","Kamikatsu_Zero_Waste_Center_Hotel_WHY__007__B_cherregal","reuse_einsatz/Kamikatsu_Zero_Waste_Center_Hotel_WHY__007__B_cherregal","Kamikatsu_Zero_Waste_Center_Hotel_WHY__007__B_cherregal","clean_phase20","_database/reuse_einsatz/Kamikatsu_Zero_Waste_Center_Hotel_WHY__007__B_cherregal/index.md","1","1"
"reuse_einsatz","Kamikatsu_Zero_Waste_Center_Hotel_WHY__008__Hotelsofas_Vorh_nge_Betten","reuse_einsatz/Kamikatsu_Zero_Waste_Center_Hotel_WHY__008__Hotelsofas_Vorh_nge_Betten","Kamikatsu_Zero_Waste_Center_Hotel_WHY__008__Hotelsofas_Vorh_nge_Betten","clean_phase20","_database/reuse_einsatz/Kamikatsu_Zero_Waste_Center_Hotel_WHY__008__Hotelsofas_Vorh_nge_Betten/index.md","1","1"
"reuse_einsatz","Kamikatsu_Zero_Waste_Center_Hotel_WHY__009__Tragstruktur","reuse_einsatz/Kamikatsu_Zero_Waste_Center_Hotel_WHY__009__Tragstruktur","Kamikatsu_Zero_Waste_Center_Hotel_WHY__009__Tragstruktur","clean_phase20","_database/reuse_einsatz/Kamikatsu_Zero_Waste_Center_Hotel_WHY__009__Tragstruktur/index.md","1","1"
"reuse_einsatz","Kamikatsu_Zero_Waste_Center_Hotel_WHY__010__TGA","reuse_einsatz/Kamikatsu_Zero_Waste_Center_Hotel_WHY__010__TGA","Kamikatsu_Zero_Waste_Center_Hotel_WHY__010__TGA","clean_phase20","_database/reuse_einsatz/Kamikatsu_Zero_Waste_Center_Hotel_WHY__010__TGA/index.md","1","1"
"reuse_einsatz","Kindergarten_Moeoeslistrasse_Manegg_Zuerich__001__Au_entreppe","reuse_einsatz/Kindergarten_Moeoeslistrasse_Manegg_Zuerich__001__Au_entreppe","Kindergarten_Moeoeslistrasse_Manegg_Zuerich__001__Au_entreppe","clean_phase20","_database/reuse_einsatz/Kindergarten_Moeoeslistrasse_Manegg_Zuerich__001__Au_entreppe/index.md","1","1"
"reuse_einsatz","Kindergarten_Moeoeslistrasse_Manegg_Zuerich__002__Vordach_Pergola","reuse_einsatz/Kindergarten_Moeoeslistrasse_Manegg_Zuerich__002__Vordach_Pergola","Kindergarten_Moeoeslistrasse_Manegg_Zuerich__002__Vordach_Pergola","clean_phase20","_database/reuse_einsatz/Kindergarten_Moeoeslistrasse_Manegg_Zuerich__002__Vordach_Pergola/index.md","1","1"
"reuse_einsatz","Kindergarten_Moeoeslistrasse_Manegg_Zuerich__003__Holzst_tzen","reuse_einsatz/Kindergarten_Moeoeslistrasse_Manegg_Zuerich__003__Holzst_tzen","Kindergarten_Moeoeslistrasse_Manegg_Zuerich__003__Holzst_tzen","clean_phase20","_database/reuse_einsatz/Kindergarten_Moeoeslistrasse_Manegg_Zuerich__003__Holzst_tzen/index.md","1","1"
"reuse_einsatz","Kindergarten_Moeoeslistrasse_Manegg_Zuerich__004__Stahlkonstruktion_Beschattung","reuse_einsatz/Kindergarten_Moeoeslistrasse_Manegg_Zuerich__004__Stahlkonstruktion_Beschattung","Kindergarten_Moeoeslistrasse_Manegg_Zuerich__004__Stahlkonstruktion_Beschattung","clean_phase20","_database/reuse_einsatz/Kindergarten_Moeoeslistrasse_Manegg_Zuerich__004__Stahlkonstruktion_Beschattung/index.md","1","1"
"reuse_einsatz","Kindergarten_Moeoeslistrasse_Manegg_Zuerich__005__Gel_nder_Br_stungsgel_nder","reuse_einsatz/Kindergarten_Moeoeslistrasse_Manegg_Zuerich__005__Gel_nder_Br_stungsgel_nder","Kindergarten_Moeoeslistrasse_Manegg_Zuerich__005__Gel_nder_Br_stungsgel_nder","clean_phase20","_database/reuse_einsatz/Kindergarten_Moeoeslistrasse_Manegg_Zuerich__005__Gel_nder_Br_stungsgel_nder/index.md","1","1"
"reuse_einsatz","Kindergarten_Moeoeslistrasse_Manegg_Zuerich__006__Stahltr_ger_Unterz_ge_St_tzen","reuse_einsatz/Kindergarten_Moeoeslistrasse_Manegg_Zuerich__006__Stahltr_ger_Unterz_ge_St_tzen","Kindergarten_Moeoeslistrasse_Manegg_Zuerich__006__Stahltr_ger_Unterz_ge_St_tzen","clean_phase20","_database/reuse_einsatz/Kindergarten_Moeoeslistrasse_Manegg_Zuerich__006__Stahltr_ger_Unterz_ge_St_tzen/index.md","1","1"
"reuse_einsatz","Kindergarten_Moeoeslistrasse_Manegg_Zuerich__007__Brandschutzt_ren","reuse_einsatz/Kindergarten_Moeoeslistrasse_Manegg_Zuerich__007__Brandschutzt_ren","Kindergarten_Moeoeslistrasse_Manegg_Zuerich__007__Brandschutzt_ren","clean_phase20","_database/reuse_einsatz/Kindergarten_Moeoeslistrasse_Manegg_Zuerich__007__Brandschutzt_ren/index.md","1","1"
"reuse_einsatz","Kindergarten_Moeoeslistrasse_Manegg_Zuerich__008__Akustikelemente_Deckenpaneele","reuse_einsatz/Kindergarten_Moeoeslistrasse_Manegg_Zuerich__008__Akustikelemente_Deckenpaneele","Kindergarten_Moeoeslistrasse_Manegg_Zuerich__008__Akustikelemente_Deckenpaneele","clean_phase20","_database/reuse_einsatz/Kindergarten_Moeoeslistrasse_Manegg_Zuerich__008__Akustikelemente_Deckenpaneele/index.md","1","1"
"reuse_einsatz","Kindergarten_Moeoeslistrasse_Manegg_Zuerich__009__Sanit_rapparate_Lavabos_Toiletten","reuse_einsatz/Kindergarten_Moeoeslistrasse_Manegg_Zuerich__009__Sanit_rapparate_Lavabos_Toiletten","Kindergarten_Moeoeslistrasse_Manegg_Zuerich__009__Sanit_rapparate_Lavabos_Toiletten","clean_phase20","_database/reuse_einsatz/Kindergarten_Moeoeslistrasse_Manegg_Zuerich__009__Sanit_rapparate_Lavabos_Toiletten/index.md","1","1"
"reuse_einsatz","Kindergarten_Moeoeslistrasse_Manegg_Zuerich__010__gebrauchte_K_che","reuse_einsatz/Kindergarten_Moeoeslistrasse_Manegg_Zuerich__010__gebrauchte_K_che","Kindergarten_Moeoeslistrasse_Manegg_Zuerich__010__gebrauchte_K_che","clean_phase20","_database/reuse_einsatz/Kindergarten_Moeoeslistrasse_Manegg_Zuerich__010__gebrauchte_K_che/index.md","1","1"
"reuse_einsatz","Kindergarten_Moeoeslistrasse_Manegg_Zuerich__011__Pflanztr_ge","reuse_einsatz/Kindergarten_Moeoeslistrasse_Manegg_Zuerich__011__Pflanztr_ge","Kindergarten_Moeoeslistrasse_Manegg_Zuerich__011__Pflanztr_ge","clean_phase20","_database/reuse_einsatz/Kindergarten_Moeoeslistrasse_Manegg_Zuerich__011__Pflanztr_ge/index.md","1","1"
"reuse_einsatz","Kindergarten_Moeoeslistrasse_Manegg_Zuerich__012__Garderoben","reuse_einsatz/Kindergarten_Moeoeslistrasse_Manegg_Zuerich__012__Garderoben","Kindergarten_Moeoeslistrasse_Manegg_Zuerich__012__Garderoben","clean_phase20","_database/reuse_einsatz/Kindergarten_Moeoeslistrasse_Manegg_Zuerich__012__Garderoben/index.md","1","1"
"reuse_einsatz","Kindergarten_Moeoeslistrasse_Manegg_Zuerich__013__Mobiliar_Ger_te","reuse_einsatz/Kindergarten_Moeoeslistrasse_Manegg_Zuerich__013__Mobiliar_Ger_te","Kindergarten_Moeoeslistrasse_Manegg_Zuerich__013__Mobiliar_Ger_te","clean_phase20","_database/reuse_einsatz/Kindergarten_Moeoeslistrasse_Manegg_Zuerich__013__Mobiliar_Ger_te/index.md","1","1"
"reuse_einsatz","Liander_Alliander_HQ_Duiven__001__Bestandsgeb_ude_Hauptstruktur","reuse_einsatz/Liander_Alliander_HQ_Duiven__001__Bestandsgeb_ude_Hauptstruktur","Liander_Alliander_HQ_Duiven__001__Bestandsgeb_ude_Hauptstruktur","clean_phase20","_database/reuse_einsatz/Liander_Alliander_HQ_Duiven__001__Bestandsgeb_ude_Hauptstruktur/index.md","1","1"
"reuse_einsatz","Liander_Alliander_HQ_Duiven__002__gemeinsame_berdachung_Atriumh_lle","reuse_einsatz/Liander_Alliander_HQ_Duiven__002__gemeinsame_berdachung_Atriumh_lle","Liander_Alliander_HQ_Duiven__002__gemeinsame_berdachung_Atriumh_lle","clean_phase20","_database/reuse_einsatz/Liander_Alliander_HQ_Duiven__002__gemeinsame_berdachung_Atriumh_lle/index.md","1","1"
"reuse_einsatz","Liander_Alliander_HQ_Duiven__003__wiederverwendete_Innenausbau_Elemente","reuse_einsatz/Liander_Alliander_HQ_Duiven__003__wiederverwendete_Innenausbau_Elemente","Liander_Alliander_HQ_Duiven__003__wiederverwendete_Innenausbau_Elemente","clean_phase20","_database/reuse_einsatz/Liander_Alliander_HQ_Duiven__003__wiederverwendete_Innenausbau_Elemente/index.md","1","1"
"reuse_einsatz","Liander_Alliander_HQ_Duiven__004__Fassaden_H_llbauteile","reuse_einsatz/Liander_Alliander_HQ_Duiven__004__Fassaden_H_llbauteile","Liander_Alliander_HQ_Duiven__004__Fassaden_H_llbauteile","clean_phase20","_database/reuse_einsatz/Liander_Alliander_HQ_Duiven__004__Fassaden_H_llbauteile/index.md","1","1"
"reuse_einsatz","Liander_Alliander_HQ_Duiven__005__TGA_technische_Elemente","reuse_einsatz/Liander_Alliander_HQ_Duiven__005__TGA_technische_Elemente","Liander_Alliander_HQ_Duiven__005__TGA_technische_Elemente","clean_phase20","_database/reuse_einsatz/Liander_Alliander_HQ_Duiven__005__TGA_technische_Elemente/index.md","1","1"
"reuse_einsatz","Liander_Alliander_HQ_Duiven__006__Materialpass_dokumentierte_Materialien","reuse_einsatz/Liander_Alliander_HQ_Duiven__006__Materialpass_dokumentierte_Materialien","Liander_Alliander_HQ_Duiven__006__Materialpass_dokumentierte_Materialien","clean_phase20","_database/reuse_einsatz/Liander_Alliander_HQ_Duiven__006__Materialpass_dokumentierte_Materialien/index.md","1","1"
"reuse_einsatz","Lo_Reninge_Town_Hall_Facade__001__Fassadenziegel","reuse_einsatz/Lo_Reninge_Town_Hall_Facade__001__Fassadenziegel","Lo_Reninge_Town_Hall_Facade__001__Fassadenziegel","clean_phase20","_database/reuse_einsatz/Lo_Reninge_Town_Hall_Facade__001__Fassadenziegel/index.md","1","1"
"reuse_einsatz","Lo_Reninge_Town_Hall_Facade__002__Holzstruktur","reuse_einsatz/Lo_Reninge_Town_Hall_Facade__002__Holzstruktur","Lo_Reninge_Town_Hall_Facade__002__Holzstruktur","clean_phase20","_database/reuse_einsatz/Lo_Reninge_Town_Hall_Facade__002__Holzstruktur/index.md","1","1"
"reuse_einsatz","Lo_Reninge_Town_Hall_Facade__003__Dachziegel_Dach","reuse_einsatz/Lo_Reninge_Town_Hall_Facade__003__Dachziegel_Dach","Lo_Reninge_Town_Hall_Facade__003__Dachziegel_Dach","clean_phase20","_database/reuse_einsatz/Lo_Reninge_Town_Hall_Facade__003__Dachziegel_Dach/index.md","1","1"
"reuse_einsatz","Lo_Reninge_Town_Hall_Facade__004__Glasgang","reuse_einsatz/Lo_Reninge_Town_Hall_Facade__004__Glasgang","Lo_Reninge_Town_Hall_Facade__004__Glasgang","clean_phase20","_database/reuse_einsatz/Lo_Reninge_Town_Hall_Facade__004__Glasgang/index.md","1","1"
"reuse_einsatz","Lo_Reninge_Town_Hall_Facade__005__T_ren_Fenster","reuse_einsatz/Lo_Reninge_Town_Hall_Facade__005__T_ren_Fenster","Lo_Reninge_Town_Hall_Facade__005__T_ren_Fenster","clean_phase20","_database/reuse_einsatz/Lo_Reninge_Town_Hall_Facade__005__T_ren_Fenster/index.md","1","1"
"reuse_einsatz","Lokomotion_Technology_Centre_mini_pilot_Tampere__001__Hohlk_rperdecken","reuse_einsatz/Lokomotion_Technology_Centre_mini_pilot_Tampere__001__Hohlk_rperdecken","Lokomotion_Technology_Centre_mini_pilot_Tampere__001__Hohlk_rperdecken","clean_phase20","_database/reuse_einsatz/Lokomotion_Technology_Centre_mini_pilot_Tampere__001__Hohlk_rperdecken/index.md","1","1"
"reuse_einsatz","Lokomotion_Technology_Centre_mini_pilot_Tampere__002__Tr_ger_St_tzen","reuse_einsatz/Lokomotion_Technology_Centre_mini_pilot_Tampere__002__Tr_ger_St_tzen","Lokomotion_Technology_Centre_mini_pilot_Tampere__002__Tr_ger_St_tzen","clean_phase20","_database/reuse_einsatz/Lokomotion_Technology_Centre_mini_pilot_Tampere__002__Tr_ger_St_tzen/index.md","1","1"
"reuse_einsatz","Lokomotion_Technology_Centre_mini_pilot_Tampere__003__Fassaden","reuse_einsatz/Lokomotion_Technology_Centre_mini_pilot_Tampere__003__Fassaden","Lokomotion_Technology_Centre_mini_pilot_Tampere__003__Fassaden","clean_phase20","_database/reuse_einsatz/Lokomotion_Technology_Centre_mini_pilot_Tampere__003__Fassaden/index.md","1","1"
"reuse_einsatz","Lokomotion_Technology_Centre_mini_pilot_Tampere__004__TGA","reuse_einsatz/Lokomotion_Technology_Centre_mini_pilot_Tampere__004__TGA","Lokomotion_Technology_Centre_mini_pilot_Tampere__004__TGA","clean_phase20","_database/reuse_einsatz/Lokomotion_Technology_Centre_mini_pilot_Tampere__004__TGA/index.md","1","1"
"reuse_einsatz","Lokomotion_Technology_Centre_mini_pilot_Tampere__005__T_ren_Fenster_Sanit_r_Beleuchtung","reuse_einsatz/Lokomotion_Technology_Centre_mini_pilot_Tampere__005__T_ren_Fenster_Sanit_r_Beleuchtung","Lokomotion_Technology_Centre_mini_pilot_Tampere__005__T_ren_Fenster_Sanit_r_Beleuchtung","clean_phase20","_database/reuse_einsatz/Lokomotion_Technology_Centre_mini_pilot_Tampere__005__T_ren_Fenster_Sanit_r_Beleuchtung/index.md","1","1"
"reuse_einsatz","Lycee_Michel_Lucius_Conversion_Luxembourg__001__Stahlprofile","reuse_einsatz/Lycee_Michel_Lucius_Conversion_Luxembourg__001__Stahlprofile","Lycee_Michel_Lucius_Conversion_Luxembourg__001__Stahlprofile","clean_phase20","_database/reuse_einsatz/Lycee_Michel_Lucius_Conversion_Luxembourg__001__Stahlprofile/index.md","1","1"
"reuse_einsatz","Lycee_Michel_Lucius_Conversion_Luxembourg__002__Blech_aus_B_den","reuse_einsatz/Lycee_Michel_Lucius_Conversion_Luxembourg__002__Blech_aus_B_den","Lycee_Michel_Lucius_Conversion_Luxembourg__002__Blech_aus_B_den","clean_phase20","_database/reuse_einsatz/Lycee_Michel_Lucius_Conversion_Luxembourg__002__Blech_aus_B_den/index.md","1","1"
"reuse_einsatz","Lycee_Michel_Lucius_Conversion_Luxembourg__003__Stahlfassadenpaneele","reuse_einsatz/Lycee_Michel_Lucius_Conversion_Luxembourg__003__Stahlfassadenpaneele","Lycee_Michel_Lucius_Conversion_Luxembourg__003__Stahlfassadenpaneele","clean_phase20","_database/reuse_einsatz/Lycee_Michel_Lucius_Conversion_Luxembourg__003__Stahlfassadenpaneele/index.md","1","1"
"reuse_einsatz","Lycee_Michel_Lucius_Conversion_Luxembourg__004__Akustikpaneele","reuse_einsatz/Lycee_Michel_Lucius_Conversion_Luxembourg__004__Akustikpaneele","Lycee_Michel_Lucius_Conversion_Luxembourg__004__Akustikpaneele","clean_phase20","_database/reuse_einsatz/Lycee_Michel_Lucius_Conversion_Luxembourg__004__Akustikpaneele/index.md","1","1"
"reuse_einsatz","Lycee_Michel_Lucius_Conversion_Luxembourg__005__Metall_Deckenpaneele","reuse_einsatz/Lycee_Michel_Lucius_Conversion_Luxembourg__005__Metall_Deckenpaneele","Lycee_Michel_Lucius_Conversion_Luxembourg__005__Metall_Deckenpaneele","clean_phase20","_database/reuse_einsatz/Lycee_Michel_Lucius_Conversion_Luxembourg__005__Metall_Deckenpaneele/index.md","1","1"
"reuse_einsatz","Lycee_Michel_Lucius_Conversion_Luxembourg__006__Stra_enpflasterplatten","reuse_einsatz/Lycee_Michel_Lucius_Conversion_Luxembourg__006__Stra_enpflasterplatten","Lycee_Michel_Lucius_Conversion_Luxembourg__006__Stra_enpflasterplatten","clean_phase20","_database/reuse_einsatz/Lycee_Michel_Lucius_Conversion_Luxembourg__006__Stra_enpflasterplatten/index.md","1","1"
"reuse_einsatz","Lycee_Michel_Lucius_Conversion_Luxembourg__007__Fertigbetonelemente_als_Rinnen","reuse_einsatz/Lycee_Michel_Lucius_Conversion_Luxembourg__007__Fertigbetonelemente_als_Rinnen","Lycee_Michel_Lucius_Conversion_Luxembourg__007__Fertigbetonelemente_als_Rinnen","clean_phase20","_database/reuse_einsatz/Lycee_Michel_Lucius_Conversion_Luxembourg__007__Fertigbetonelemente_als_Rinnen/index.md","1","1"
"reuse_einsatz","Lycee_Michel_Lucius_Conversion_Luxembourg__008__Palettenholz_B_nke","reuse_einsatz/Lycee_Michel_Lucius_Conversion_Luxembourg__008__Palettenholz_B_nke","Lycee_Michel_Lucius_Conversion_Luxembourg__008__Palettenholz_B_nke","clean_phase20","_database/reuse_einsatz/Lycee_Michel_Lucius_Conversion_Luxembourg__008__Palettenholz_B_nke/index.md","1","1"
"reuse_einsatz","Lycee_Michel_Lucius_Conversion_Luxembourg__009__Bibliotheksm_bel","reuse_einsatz/Lycee_Michel_Lucius_Conversion_Luxembourg__009__Bibliotheksm_bel","Lycee_Michel_Lucius_Conversion_Luxembourg__009__Bibliotheksm_bel","clean_phase20","_database/reuse_einsatz/Lycee_Michel_Lucius_Conversion_Luxembourg__009__Bibliotheksm_bel/index.md","1","1"
"reuse_einsatz","Lycee_Michel_Lucius_Conversion_Luxembourg__010__RC_Zuschl_ge","reuse_einsatz/Lycee_Michel_Lucius_Conversion_Luxembourg__010__RC_Zuschl_ge","Lycee_Michel_Lucius_Conversion_Luxembourg__010__RC_Zuschl_ge","clean_phase20","_database/reuse_einsatz/Lycee_Michel_Lucius_Conversion_Luxembourg__010__RC_Zuschl_ge/index.md","1","1"
"reuse_einsatz","Lycee_Michel_Lucius_Conversion_Luxembourg__011__Bestand_Block_6000","reuse_einsatz/Lycee_Michel_Lucius_Conversion_Luxembourg__011__Bestand_Block_6000","Lycee_Michel_Lucius_Conversion_Luxembourg__011__Bestand_Block_6000","clean_phase20","_database/reuse_einsatz/Lycee_Michel_Lucius_Conversion_Luxembourg__011__Bestand_Block_6000/index.md","1","1"
"reuse_einsatz","Maison_des_Canaux_Paris__001__T_ren","reuse_einsatz/Maison_des_Canaux_Paris__001__T_ren","Maison_des_Canaux_Paris__001__T_ren","clean_phase20","_database/reuse_einsatz/Maison_des_Canaux_Paris__001__T_ren/index.md","1","1"
"reuse_einsatz","Maison_des_Canaux_Paris__002__Boden_Wandbel_ge","reuse_einsatz/Maison_des_Canaux_Paris__002__Boden_Wandbel_ge","Maison_des_Canaux_Paris__002__Boden_Wandbel_ge","clean_phase20","_database/reuse_einsatz/Maison_des_Canaux_Paris__002__Boden_Wandbel_ge/index.md","1","1"
"reuse_einsatz","Maison_des_Canaux_Paris__003__Sanit_rkeramik_Sanit_rteile","reuse_einsatz/Maison_des_Canaux_Paris__003__Sanit_rkeramik_Sanit_rteile","Maison_des_Canaux_Paris__003__Sanit_rkeramik_Sanit_rteile","clean_phase20","_database/reuse_einsatz/Maison_des_Canaux_Paris__003__Sanit_rkeramik_Sanit_rteile/index.md","1","1"
"reuse_einsatz","Maison_des_Canaux_Paris__004__Beleuchtung_technische_Elemente","reuse_einsatz/Maison_des_Canaux_Paris__004__Beleuchtung_technische_Elemente","Maison_des_Canaux_Paris__004__Beleuchtung_technische_Elemente","clean_phase20","_database/reuse_einsatz/Maison_des_Canaux_Paris__004__Beleuchtung_technische_Elemente/index.md","1","1"
"reuse_einsatz","Maison_des_Canaux_Paris__005__Fenster","reuse_einsatz/Maison_des_Canaux_Paris__005__Fenster","Maison_des_Canaux_Paris__005__Fenster","clean_phase20","_database/reuse_einsatz/Maison_des_Canaux_Paris__005__Fenster/index.md","1","1"
"reuse_einsatz","Maison_des_Canaux_Paris__006__feste_Einbauten","reuse_einsatz/Maison_des_Canaux_Paris__006__feste_Einbauten","Maison_des_Canaux_Paris__006__feste_Einbauten","clean_phase20","_database/reuse_einsatz/Maison_des_Canaux_Paris__006__feste_Einbauten/index.md","1","1"
"reuse_einsatz","Maison_des_Canaux_Paris__007__Tragwerk_Bestand","reuse_einsatz/Maison_des_Canaux_Paris__007__Tragwerk_Bestand","Maison_des_Canaux_Paris__007__Tragwerk_Bestand","clean_phase20","_database/reuse_einsatz/Maison_des_Canaux_Paris__007__Tragwerk_Bestand/index.md","1","1"
"reuse_einsatz","Maison_DnA_Asse__001__u_ere_Ziegelw_nde","reuse_einsatz/Maison_DnA_Asse__001__u_ere_Ziegelw_nde","Maison_DnA_Asse__001__u_ere_Ziegelw_nde","clean_phase20","_database/reuse_einsatz/Maison_DnA_Asse__001__u_ere_Ziegelw_nde/index.md","1","1"
"reuse_einsatz","Maison_DnA_Asse__002__flaches_Dach","reuse_einsatz/Maison_DnA_Asse__002__flaches_Dach","Maison_DnA_Asse__002__flaches_Dach","clean_phase20","_database/reuse_einsatz/Maison_DnA_Asse__002__flaches_Dach/index.md","1","1"
"reuse_einsatz","Maison_DnA_Asse__003__innere_Box","reuse_einsatz/Maison_DnA_Asse__003__innere_Box","Maison_DnA_Asse__003__innere_Box","clean_phase20","_database/reuse_einsatz/Maison_DnA_Asse__003__innere_Box/index.md","1","1"
"reuse_einsatz","Maison_DnA_Asse__004__Decken","reuse_einsatz/Maison_DnA_Asse__004__Decken","Maison_DnA_Asse__004__Decken","clean_phase20","_database/reuse_einsatz/Maison_DnA_Asse__004__Decken/index.md","1","1"
"reuse_einsatz","Maison_DnA_Asse__005__Fassaden_ffnungen_Fenster","reuse_einsatz/Maison_DnA_Asse__005__Fassaden_ffnungen_Fenster","Maison_DnA_Asse__005__Fassaden_ffnungen_Fenster","clean_phase20","_database/reuse_einsatz/Maison_DnA_Asse__005__Fassaden_ffnungen_Fenster/index.md","1","1"
"reuse_einsatz","Maison_DnA_Asse__006__T_ren","reuse_einsatz/Maison_DnA_Asse__006__T_ren","Maison_DnA_Asse__006__T_ren","clean_phase20","_database/reuse_einsatz/Maison_DnA_Asse__006__T_ren/index.md","1","1"
"reuse_einsatz","Maison_DnA_Asse__007__Treppen","reuse_einsatz/Maison_DnA_Asse__007__Treppen","Maison_DnA_Asse__007__Treppen","clean_phase20","_database/reuse_einsatz/Maison_DnA_Asse__007__Treppen/index.md","1","1"
"reuse_einsatz","Maison_DnA_Asse__008__Innenw_nde","reuse_einsatz/Maison_DnA_Asse__008__Innenw_nde","Maison_DnA_Asse__008__Innenw_nde","clean_phase20","_database/reuse_einsatz/Maison_DnA_Asse__008__Innenw_nde/index.md","1","1"
"reuse_einsatz","Maison_DnA_Asse__009__D_mmung","reuse_einsatz/Maison_DnA_Asse__009__D_mmung","Maison_DnA_Asse__009__D_mmung","clean_phase20","_database/reuse_einsatz/Maison_DnA_Asse__009__D_mmung/index.md","1","1"
"reuse_einsatz","Maison_DnA_Asse__010__TGA","reuse_einsatz/Maison_DnA_Asse__010__TGA","Maison_DnA_Asse__010__TGA","clean_phase20","_database/reuse_einsatz/Maison_DnA_Asse__010__TGA/index.md","1","1"
"reuse_einsatz","Maison_DnA_Asse__011__feste_Einbauten","reuse_einsatz/Maison_DnA_Asse__011__feste_Einbauten","Maison_DnA_Asse__011__feste_Einbauten","clean_phase20","_database/reuse_einsatz/Maison_DnA_Asse__011__feste_Einbauten/index.md","1","1"
"reuse_einsatz","Maison_Vignette_Auderghem__001__Fassaden_Claustra_Ziegel","reuse_einsatz/Maison_Vignette_Auderghem__001__Fassaden_Claustra_Ziegel","Maison_Vignette_Auderghem__001__Fassaden_Claustra_Ziegel","clean_phase20","_database/reuse_einsatz/Maison_Vignette_Auderghem__001__Fassaden_Claustra_Ziegel/index.md","1","1"
"reuse_einsatz","Maison_Vignette_Auderghem__002__Restliche_Ziegel","reuse_einsatz/Maison_Vignette_Auderghem__002__Restliche_Ziegel","Maison_Vignette_Auderghem__002__Restliche_Ziegel","clean_phase20","_database/reuse_einsatz/Maison_Vignette_Auderghem__002__Restliche_Ziegel/index.md","1","1"
"reuse_einsatz","Maison_Vignette_Auderghem__003__Wandfliesen","reuse_einsatz/Maison_Vignette_Auderghem__003__Wandfliesen","Maison_Vignette_Auderghem__003__Wandfliesen","clean_phase20","_database/reuse_einsatz/Maison_Vignette_Auderghem__003__Wandfliesen/index.md","1","1"
"reuse_einsatz","Maison_Vignette_Auderghem__004__Bodenfliesen","reuse_einsatz/Maison_Vignette_Auderghem__004__Bodenfliesen","Maison_Vignette_Auderghem__004__Bodenfliesen","clean_phase20","_database/reuse_einsatz/Maison_Vignette_Auderghem__004__Bodenfliesen/index.md","1","1"
"reuse_einsatz","Maison_Vignette_Auderghem__005__Blausteinplatten","reuse_einsatz/Maison_Vignette_Auderghem__005__Blausteinplatten","Maison_Vignette_Auderghem__005__Blausteinplatten","clean_phase20","_database/reuse_einsatz/Maison_Vignette_Auderghem__005__Blausteinplatten/index.md","1","1"
"reuse_einsatz","Maison_Vignette_Auderghem__006__Sanit_robjekte","reuse_einsatz/Maison_Vignette_Auderghem__006__Sanit_robjekte","Maison_Vignette_Auderghem__006__Sanit_robjekte","clean_phase20","_database/reuse_einsatz/Maison_Vignette_Auderghem__006__Sanit_robjekte/index.md","1","1"
"reuse_einsatz","Maison_Vignette_Auderghem__007__Tragstruktur","reuse_einsatz/Maison_Vignette_Auderghem__007__Tragstruktur","Maison_Vignette_Auderghem__007__Tragstruktur","clean_phase20","_database/reuse_einsatz/Maison_Vignette_Auderghem__007__Tragstruktur/index.md","1","1"
"reuse_einsatz","Maison_Vignette_Auderghem__008__Strohballen","reuse_einsatz/Maison_Vignette_Auderghem__008__Strohballen","Maison_Vignette_Auderghem__008__Strohballen","clean_phase20","_database/reuse_einsatz/Maison_Vignette_Auderghem__008__Strohballen/index.md","1","1"
"reuse_einsatz","Maison_Vignette_Auderghem__009__Hanf_Kalk_Bl_cke","reuse_einsatz/Maison_Vignette_Auderghem__009__Hanf_Kalk_Bl_cke","Maison_Vignette_Auderghem__009__Hanf_Kalk_Bl_cke","clean_phase20","_database/reuse_einsatz/Maison_Vignette_Auderghem__009__Hanf_Kalk_Bl_cke/index.md","1","1"
"reuse_einsatz","Mehrow_Pilot_House__001__Wandplatten","reuse_einsatz/Mehrow_Pilot_House__001__Wandplatten","Mehrow_Pilot_House__001__Wandplatten","clean_phase20","_database/reuse_einsatz/Mehrow_Pilot_House__001__Wandplatten/index.md","1","1"
"reuse_einsatz","Mehrow_Pilot_House__002__Deckenplatten","reuse_einsatz/Mehrow_Pilot_House__002__Deckenplatten","Mehrow_Pilot_House__002__Deckenplatten","clean_phase20","_database/reuse_einsatz/Mehrow_Pilot_House__002__Deckenplatten/index.md","1","1"
"reuse_einsatz","Mehrow_Pilot_House__003__Betonvolumen_gesamt","reuse_einsatz/Mehrow_Pilot_House__003__Betonvolumen_gesamt","Mehrow_Pilot_House__003__Betonvolumen_gesamt","clean_phase20","_database/reuse_einsatz/Mehrow_Pilot_House__003__Betonvolumen_gesamt/index.md","1","1"
"reuse_einsatz","Mehrow_Pilot_House__004__Fenster","reuse_einsatz/Mehrow_Pilot_House__004__Fenster","Mehrow_Pilot_House__004__Fenster","clean_phase20","_database/reuse_einsatz/Mehrow_Pilot_House__004__Fenster/index.md","1","1"
"reuse_einsatz","Mehrow_Pilot_House__005__T_ren","reuse_einsatz/Mehrow_Pilot_House__005__T_ren","Mehrow_Pilot_House__005__T_ren","clean_phase20","_database/reuse_einsatz/Mehrow_Pilot_House__005__T_ren/index.md","1","1"
"reuse_einsatz","Mehrow_Pilot_House__006__Dach","reuse_einsatz/Mehrow_Pilot_House__006__Dach","Mehrow_Pilot_House__006__Dach","clean_phase20","_database/reuse_einsatz/Mehrow_Pilot_House__006__Dach/index.md","1","1"
"reuse_einsatz","Mehrow_Pilot_House__007__Treppe","reuse_einsatz/Mehrow_Pilot_House__007__Treppe","Mehrow_Pilot_House__007__Treppe","clean_phase20","_database/reuse_einsatz/Mehrow_Pilot_House__007__Treppe/index.md","1","1"
"reuse_einsatz","Mehrow_Pilot_House__008__TGA","reuse_einsatz/Mehrow_Pilot_House__008__TGA","Mehrow_Pilot_House__008__TGA","clean_phase20","_database/reuse_einsatz/Mehrow_Pilot_House__008__TGA/index.md","1","1"
"reuse_einsatz","Mehrow_Pilot_House__009__D_mmung","reuse_einsatz/Mehrow_Pilot_House__009__D_mmung","Mehrow_Pilot_House__009__D_mmung","clean_phase20","_database/reuse_einsatz/Mehrow_Pilot_House__009__D_mmung/index.md","1","1"
"reuse_einsatz","Melkinlaituri_Primary_School_Daycare_Centre_Helsinki__001__Hohlk_rperdecken","reuse_einsatz/Melkinlaituri_Primary_School_Daycare_Centre_Helsinki__001__Hohlk_rperdecken","Melkinlaituri_Primary_School_Daycare_Centre_Helsinki__001__Hohlk_rperdecken","clean_phase20","_database/reuse_einsatz/Melkinlaituri_Primary_School_Daycare_Centre_Helsinki__001__Hohlk_rperdecken/index.md","1","1"
"reuse_einsatz","Melkinlaituri_Primary_School_Daycare_Centre_Helsinki__002__W_rmed_mmung_an_slabs","reuse_einsatz/Melkinlaituri_Primary_School_Daycare_Centre_Helsinki__002__W_rmed_mmung_an_slabs","Melkinlaituri_Primary_School_Daycare_Centre_Helsinki__002__W_rmed_mmung_an_slabs","clean_phase20","_database/reuse_einsatz/Melkinlaituri_Primary_School_Daycare_Centre_Helsinki__002__W_rmed_mmung_an_slabs/index.md","1","1"
"reuse_einsatz","Melkinlaituri_Primary_School_Daycare_Centre_Helsinki__003__Bodenaufbau","reuse_einsatz/Melkinlaituri_Primary_School_Daycare_Centre_Helsinki__003__Bodenaufbau","Melkinlaituri_Primary_School_Daycare_Centre_Helsinki__003__Bodenaufbau","clean_phase20","_database/reuse_einsatz/Melkinlaituri_Primary_School_Daycare_Centre_Helsinki__003__Bodenaufbau/index.md","1","1"
"reuse_einsatz","Melkinlaituri_Primary_School_Daycare_Centre_Helsinki__004__TGA_Durchdringungen","reuse_einsatz/Melkinlaituri_Primary_School_Daycare_Centre_Helsinki__004__TGA_Durchdringungen","Melkinlaituri_Primary_School_Daycare_Centre_Helsinki__004__TGA_Durchdringungen","clean_phase20","_database/reuse_einsatz/Melkinlaituri_Primary_School_Daycare_Centre_Helsinki__004__TGA_Durchdringungen/index.md","1","1"
"reuse_einsatz","Melkinlaituri_Primary_School_Daycare_Centre_Helsinki__005__Fassaden_Fenster_T_ren_Sanit_r","reuse_einsatz/Melkinlaituri_Primary_School_Daycare_Centre_Helsinki__005__Fassaden_Fenster_T_ren_Sanit_r","Melkinlaituri_Primary_School_Daycare_Centre_Helsinki__005__Fassaden_Fenster_T_ren_Sanit_r","clean_phase20","_database/reuse_einsatz/Melkinlaituri_Primary_School_Daycare_Centre_Helsinki__005__Fassaden_Fenster_T_ren_Sanit_r/index.md","1","1"
"reuse_einsatz","Montessori_Maassluis__001__Hohlk_rperdecken_hollow_core_slabs","reuse_einsatz/Montessori_Maassluis__001__Hohlk_rperdecken_hollow_core_slabs","Montessori_Maassluis__001__Hohlk_rperdecken_hollow_core_slabs","clean_phase20","_database/reuse_einsatz/Montessori_Maassluis__001__Hohlk_rperdecken_hollow_core_slabs/index.md","1","1"
"reuse_einsatz","Montessori_Maassluis__002__Holzst_tzen","reuse_einsatz/Montessori_Maassluis__002__Holzst_tzen","Montessori_Maassluis__002__Holzst_tzen","clean_phase20","_database/reuse_einsatz/Montessori_Maassluis__002__Holzst_tzen/index.md","1","1"
"reuse_einsatz","Montessori_Maassluis__003__Dach_mit_vorbereitetem_Ausbau_Gem_segarten","reuse_einsatz/Montessori_Maassluis__003__Dach_mit_vorbereitetem_Ausbau_Gem_segarten","Montessori_Maassluis__003__Dach_mit_vorbereitetem_Ausbau_Gem_segarten","clean_phase20","_database/reuse_einsatz/Montessori_Maassluis__003__Dach_mit_vorbereitetem_Ausbau_Gem_segarten/index.md","1","1"
"reuse_einsatz","Montessori_Maassluis__004__Sonnenschutz_awnings","reuse_einsatz/Montessori_Maassluis__004__Sonnenschutz_awnings","Montessori_Maassluis__004__Sonnenschutz_awnings","clean_phase20","_database/reuse_einsatz/Montessori_Maassluis__004__Sonnenschutz_awnings/index.md","1","1"
"reuse_einsatz","Montessori_Maassluis__005__Fassade_Fenster","reuse_einsatz/Montessori_Maassluis__005__Fassade_Fenster","Montessori_Maassluis__005__Fassade_Fenster","clean_phase20","_database/reuse_einsatz/Montessori_Maassluis__005__Fassade_Fenster/index.md","1","1"
"reuse_einsatz","Montessori_Maassluis__006__Innenw_nde_Lernpl_tze","reuse_einsatz/Montessori_Maassluis__006__Innenw_nde_Lernpl_tze","Montessori_Maassluis__006__Innenw_nde_Lernpl_tze","clean_phase20","_database/reuse_einsatz/Montessori_Maassluis__006__Innenw_nde_Lernpl_tze/index.md","1","1"
"reuse_einsatz","Montessori_Maassluis__007__TGA","reuse_einsatz/Montessori_Maassluis__007__TGA","Montessori_Maassluis__007__TGA","clean_phase20","_database/reuse_einsatz/Montessori_Maassluis__007__TGA/index.md","1","1"
"reuse_einsatz","Montessori_Maassluis__008__Sanit_r","reuse_einsatz/Montessori_Maassluis__008__Sanit_r","Montessori_Maassluis__008__Sanit_r","clean_phase20","_database/reuse_einsatz/Montessori_Maassluis__008__Sanit_r/index.md","1","1"
"reuse_einsatz","Multi_Brussels_Reuse_in_MULTI__001__Blausteinbl_cke_Fassadenplatten","reuse_einsatz/Multi_Brussels_Reuse_in_MULTI__001__Blausteinbl_cke_Fassadenplatten","Multi_Brussels_Reuse_in_MULTI__001__Blausteinbl_cke_Fassadenplatten","clean_phase20","_database/reuse_einsatz/Multi_Brussels_Reuse_in_MULTI__001__Blausteinbl_cke_Fassadenplatten/index.md","1","1"
"reuse_einsatz","Multi_Brussels_Reuse_in_MULTI__002__Blaustein_Flagstones","reuse_einsatz/Multi_Brussels_Reuse_in_MULTI__002__Blaustein_Flagstones","Multi_Brussels_Reuse_in_MULTI__002__Blaustein_Flagstones","clean_phase20","_database/reuse_einsatz/Multi_Brussels_Reuse_in_MULTI__002__Blaustein_Flagstones/index.md","1","1"
"reuse_einsatz","Multi_Brussels_Reuse_in_MULTI__003__Granitboden","reuse_einsatz/Multi_Brussels_Reuse_in_MULTI__003__Granitboden","Multi_Brussels_Reuse_in_MULTI__003__Granitboden","clean_phase20","_database/reuse_einsatz/Multi_Brussels_Reuse_in_MULTI__003__Granitboden/index.md","1","1"
"reuse_einsatz","Multi_Brussels_Reuse_in_MULTI__004__Granitplatten_Terrasse","reuse_einsatz/Multi_Brussels_Reuse_in_MULTI__004__Granitplatten_Terrasse","Multi_Brussels_Reuse_in_MULTI__004__Granitplatten_Terrasse","clean_phase20","_database/reuse_einsatz/Multi_Brussels_Reuse_in_MULTI__004__Granitplatten_Terrasse/index.md","1","1"
"reuse_einsatz","Multi_Brussels_Reuse_in_MULTI__005__Aluminiumprofile","reuse_einsatz/Multi_Brussels_Reuse_in_MULTI__005__Aluminiumprofile","Multi_Brussels_Reuse_in_MULTI__005__Aluminiumprofile","clean_phase20","_database/reuse_einsatz/Multi_Brussels_Reuse_in_MULTI__005__Aluminiumprofile/index.md","1","1"
"reuse_einsatz","Multi_Brussels_Reuse_in_MULTI__006__Aufzugsmotoren","reuse_einsatz/Multi_Brussels_Reuse_in_MULTI__006__Aufzugsmotoren","Multi_Brussels_Reuse_in_MULTI__006__Aufzugsmotoren","clean_phase20","_database/reuse_einsatz/Multi_Brussels_Reuse_in_MULTI__006__Aufzugsmotoren/index.md","1","1"
"reuse_einsatz","Multi_Brussels_Reuse_in_MULTI__007__T_ren_W_nde_Einbauten","reuse_einsatz/Multi_Brussels_Reuse_in_MULTI__007__T_ren_W_nde_Einbauten","Multi_Brussels_Reuse_in_MULTI__007__T_ren_W_nde_Einbauten","clean_phase20","_database/reuse_einsatz/Multi_Brussels_Reuse_in_MULTI__007__T_ren_W_nde_Einbauten/index.md","1","1"
"reuse_einsatz","Musee_de_Folklore_Mouscron__001__Fassadenziegel","reuse_einsatz/Musee_de_Folklore_Mouscron__001__Fassadenziegel","Musee_de_Folklore_Mouscron__001__Fassadenziegel","clean_phase20","_database/reuse_einsatz/Musee_de_Folklore_Mouscron__001__Fassadenziegel/index.md","1","1"
"reuse_einsatz","Musee_de_Folklore_Mouscron__002__Neue_Ziegel","reuse_einsatz/Musee_de_Folklore_Mouscron__002__Neue_Ziegel","Musee_de_Folklore_Mouscron__002__Neue_Ziegel","clean_phase20","_database/reuse_einsatz/Musee_de_Folklore_Mouscron__002__Neue_Ziegel/index.md","1","1"
"reuse_einsatz","Musee_de_Folklore_Mouscron__003__Cartels_Nummern","reuse_einsatz/Musee_de_Folklore_Mouscron__003__Cartels_Nummern","Musee_de_Folklore_Mouscron__003__Cartels_Nummern","clean_phase20","_database/reuse_einsatz/Musee_de_Folklore_Mouscron__003__Cartels_Nummern/index.md","1","1"
"reuse_einsatz","Musee_de_Folklore_Mouscron__004__Park_Au_enraum","reuse_einsatz/Musee_de_Folklore_Mouscron__004__Park_Au_enraum","Musee_de_Folklore_Mouscron__004__Park_Au_enraum","clean_phase20","_database/reuse_einsatz/Musee_de_Folklore_Mouscron__004__Park_Au_enraum/index.md","1","1"
"reuse_einsatz","Musee_de_Folklore_Mouscron__005__Szenografie","reuse_einsatz/Musee_de_Folklore_Mouscron__005__Szenografie","Musee_de_Folklore_Mouscron__005__Szenografie","clean_phase20","_database/reuse_einsatz/Musee_de_Folklore_Mouscron__005__Szenografie/index.md","1","1"
"reuse_einsatz","Peoples_Pavilion_Eindhoven__001__Betonpf_hle_concrete_elements","reuse_einsatz/Peoples_Pavilion_Eindhoven__001__Betonpf_hle_concrete_elements","Peoples_Pavilion_Eindhoven__001__Betonpf_hle_concrete_elements","clean_phase20","_database/reuse_einsatz/Peoples_Pavilion_Eindhoven__001__Betonpf_hle_concrete_elements/index.md","1","1"
"reuse_einsatz","Peoples_Pavilion_Eindhoven__002__Holztr_ger","reuse_einsatz/Peoples_Pavilion_Eindhoven__002__Holztr_ger","Peoples_Pavilion_Eindhoven__002__Holztr_ger","clean_phase20","_database/reuse_einsatz/Peoples_Pavilion_Eindhoven__002__Holztr_ger/index.md","1","1"
"reuse_einsatz","Peoples_Pavilion_Eindhoven__003__Fassadenelemente","reuse_einsatz/Peoples_Pavilion_Eindhoven__003__Fassadenelemente","Peoples_Pavilion_Eindhoven__003__Fassadenelemente","clean_phase20","_database/reuse_einsatz/Peoples_Pavilion_Eindhoven__003__Fassadenelemente/index.md","1","1"
"reuse_einsatz","Peoples_Pavilion_Eindhoven__004__Glasdach","reuse_einsatz/Peoples_Pavilion_Eindhoven__004__Glasdach","Peoples_Pavilion_Eindhoven__004__Glasdach","clean_phase20","_database/reuse_einsatz/Peoples_Pavilion_Eindhoven__004__Glasdach/index.md","1","1"
"reuse_einsatz","Peoples_Pavilion_Eindhoven__005__Pretty_Plastic_shingles","reuse_einsatz/Peoples_Pavilion_Eindhoven__005__Pretty_Plastic_shingles","Peoples_Pavilion_Eindhoven__005__Pretty_Plastic_shingles","clean_phase20","_database/reuse_einsatz/Peoples_Pavilion_Eindhoven__005__Pretty_Plastic_shingles/index.md","1","1"
"reuse_einsatz","Peoples_Pavilion_Eindhoven__006__Beleuchtung","reuse_einsatz/Peoples_Pavilion_Eindhoven__006__Beleuchtung","Peoples_Pavilion_Eindhoven__006__Beleuchtung","clean_phase20","_database/reuse_einsatz/Peoples_Pavilion_Eindhoven__006__Beleuchtung/index.md","1","1"
"reuse_einsatz","Peoples_Pavilion_Eindhoven__007__lose_M_bel","reuse_einsatz/Peoples_Pavilion_Eindhoven__007__lose_M_bel","Peoples_Pavilion_Eindhoven__007__lose_M_bel","clean_phase20","_database/reuse_einsatz/Peoples_Pavilion_Eindhoven__007__lose_M_bel/index.md","1","1"
"reuse_einsatz","Plattenpalast_Berlin__001__Wand_Deckenelemente_Gro_fl_chenplatten","reuse_einsatz/Plattenpalast_Berlin__001__Wand_Deckenelemente_Gro_fl_chenplatten","Plattenpalast_Berlin__001__Wand_Deckenelemente_Gro_fl_chenplatten","clean_phase20","_database/reuse_einsatz/Plattenpalast_Berlin__001__Wand_Deckenelemente_Gro_fl_chenplatten/index.md","1","1"
"reuse_einsatz","Plattenpalast_Berlin__002__Fenster_inkl_Rahmen","reuse_einsatz/Plattenpalast_Berlin__002__Fenster_inkl_Rahmen","Plattenpalast_Berlin__002__Fenster_inkl_Rahmen","clean_phase20","_database/reuse_einsatz/Plattenpalast_Berlin__002__Fenster_inkl_Rahmen/index.md","1","1"
"reuse_einsatz","Plattenpalast_Berlin__003__Stahllaschen_Bolzen_reversible_D_bel","reuse_einsatz/Plattenpalast_Berlin__003__Stahllaschen_Bolzen_reversible_D_bel","Plattenpalast_Berlin__003__Stahllaschen_Bolzen_reversible_D_bel","clean_phase20","_database/reuse_einsatz/Plattenpalast_Berlin__003__Stahllaschen_Bolzen_reversible_D_bel/index.md","1","1"
"reuse_einsatz","Plattenpalast_Berlin__004__Plattenauflager","reuse_einsatz/Plattenpalast_Berlin__004__Plattenauflager","Plattenpalast_Berlin__004__Plattenauflager","clean_phase20","_database/reuse_einsatz/Plattenpalast_Berlin__004__Plattenauflager/index.md","1","1"
"reuse_einsatz","Plattenpalast_Berlin__005__St_rze_ber_ffnungen","reuse_einsatz/Plattenpalast_Berlin__005__St_rze_ber_ffnungen","Plattenpalast_Berlin__005__St_rze_ber_ffnungen","clean_phase20","_database/reuse_einsatz/Plattenpalast_Berlin__005__St_rze_ber_ffnungen/index.md","1","1"
"reuse_einsatz","Plattenpalast_Berlin__006__Fugenverschluss","reuse_einsatz/Plattenpalast_Berlin__006__Fugenverschluss","Plattenpalast_Berlin__006__Fugenverschluss","clean_phase20","_database/reuse_einsatz/Plattenpalast_Berlin__006__Fugenverschluss/index.md","1","1"
"reuse_einsatz","Plattenpalast_Berlin__007__Innend_mmung","reuse_einsatz/Plattenpalast_Berlin__007__Innend_mmung","Plattenpalast_Berlin__007__Innend_mmung","clean_phase20","_database/reuse_einsatz/Plattenpalast_Berlin__007__Innend_mmung/index.md","1","1"
"reuse_einsatz","Plattenpalast_Berlin__008__TGA_Sanit_r_Beleuchtung_feste_Einbauten","reuse_einsatz/Plattenpalast_Berlin__008__TGA_Sanit_r_Beleuchtung_feste_Einbauten","Plattenpalast_Berlin__008__TGA_Sanit_r_Beleuchtung_feste_Einbauten","clean_phase20","_database/reuse_einsatz/Plattenpalast_Berlin__008__TGA_Sanit_r_Beleuchtung_feste_Einbauten/index.md","1","1"
"reuse_einsatz","Plattenvereinigung_Berlin__001__ost_und_westdeutsche_Plattenbauteile","reuse_einsatz/Plattenvereinigung_Berlin__001__ost_und_westdeutsche_Plattenbauteile","Plattenvereinigung_Berlin__001__ost_und_westdeutsche_Plattenbauteile","clean_phase20","_database/reuse_einsatz/Plattenvereinigung_Berlin__001__ost_und_westdeutsche_Plattenbauteile/index.md","1","1"
"reuse_einsatz","Plattenvereinigung_Berlin__002__Wand_Fassadenelemente","reuse_einsatz/Plattenvereinigung_Berlin__002__Wand_Fassadenelemente","Plattenvereinigung_Berlin__002__Wand_Fassadenelemente","clean_phase20","_database/reuse_einsatz/Plattenvereinigung_Berlin__002__Wand_Fassadenelemente/index.md","1","1"
"reuse_einsatz","Plattenvereinigung_Berlin__003__Deckenelemente_Zwischendecke","reuse_einsatz/Plattenvereinigung_Berlin__003__Deckenelemente_Zwischendecke","Plattenvereinigung_Berlin__003__Deckenelemente_Zwischendecke","clean_phase20","_database/reuse_einsatz/Plattenvereinigung_Berlin__003__Deckenelemente_Zwischendecke/index.md","1","1"
"reuse_einsatz","Plattenvereinigung_Berlin__004__Treppenelemente","reuse_einsatz/Plattenvereinigung_Berlin__004__Treppenelemente","Plattenvereinigung_Berlin__004__Treppenelemente","clean_phase20","_database/reuse_einsatz/Plattenvereinigung_Berlin__004__Treppenelemente/index.md","1","1"
"reuse_einsatz","Plattenvereinigung_Berlin__005__Prim_rtragwerk_Aussteifung","reuse_einsatz/Plattenvereinigung_Berlin__005__Prim_rtragwerk_Aussteifung","Plattenvereinigung_Berlin__005__Prim_rtragwerk_Aussteifung","clean_phase20","_database/reuse_einsatz/Plattenvereinigung_Berlin__005__Prim_rtragwerk_Aussteifung/index.md","1","1"
"reuse_einsatz","Plattenvereinigung_Berlin__006__Fenster_T_ren_Dach_TGA_Sanit_r_Beleuchtung_feste","reuse_einsatz/Plattenvereinigung_Berlin__006__Fenster_T_ren_Dach_TGA_Sanit_r_Beleuchtung_feste","Plattenvereinigung_Berlin__006__Fenster_T_ren_Dach_TGA_Sanit_r_Beleuchtung_feste","clean_phase20","_database/reuse_einsatz/Plattenvereinigung_Berlin__006__Fenster_T_ren_Dach_TGA_Sanit_r_Beleuchtung_feste/index.md","1","1"
"reuse_einsatz","PLP_London_HQ_Circular_Studio_Fitout__001__Terrazzo_Arbeitsfl_chen_K_chenfl_chen","reuse_einsatz/PLP_London_HQ_Circular_Studio_Fitout__001__Terrazzo_Arbeitsfl_chen_K_chenfl_chen","PLP_London_HQ_Circular_Studio_Fitout__001__Terrazzo_Arbeitsfl_chen_K_chenfl_chen","clean_phase20","_database/reuse_einsatz/PLP_London_HQ_Circular_Studio_Fitout__001__Terrazzo_Arbeitsfl_chen_K_chenfl_chen/index.md","1","1"
"reuse_einsatz","PLP_London_HQ_Circular_Studio_Fitout__002__Materialbibliothek_Oberfl_chen","reuse_einsatz/PLP_London_HQ_Circular_Studio_Fitout__002__Materialbibliothek_Oberfl_chen","PLP_London_HQ_Circular_Studio_Fitout__002__Materialbibliothek_Oberfl_chen","clean_phase20","_database/reuse_einsatz/PLP_London_HQ_Circular_Studio_Fitout__002__Materialbibliothek_Oberfl_chen/index.md","1","1"
"reuse_einsatz","PLP_London_HQ_Circular_Studio_Fitout__003__Reclaimed_marble","reuse_einsatz/PLP_London_HQ_Circular_Studio_Fitout__003__Reclaimed_marble","PLP_London_HQ_Circular_Studio_Fitout__003__Reclaimed_marble","clean_phase20","_database/reuse_einsatz/PLP_London_HQ_Circular_Studio_Fitout__003__Reclaimed_marble/index.md","1","1"
"reuse_einsatz","PLP_London_HQ_Circular_Studio_Fitout__004__vorhandene_Elemente_aus_altem_neuem_Studio","reuse_einsatz/PLP_London_HQ_Circular_Studio_Fitout__004__vorhandene_Elemente_aus_altem_neuem_Studio","PLP_London_HQ_Circular_Studio_Fitout__004__vorhandene_Elemente_aus_altem_neuem_Studio","clean_phase20","_database/reuse_einsatz/PLP_London_HQ_Circular_Studio_Fitout__004__vorhandene_Elemente_aus_altem_neuem_Studio/index.md","1","1"
"reuse_einsatz","PLP_London_HQ_Circular_Studio_Fitout__005__reconditioned_office_furniture","reuse_einsatz/PLP_London_HQ_Circular_Studio_Fitout__005__reconditioned_office_furniture","PLP_London_HQ_Circular_Studio_Fitout__005__reconditioned_office_furniture","clean_phase20","_database/reuse_einsatz/PLP_London_HQ_Circular_Studio_Fitout__005__reconditioned_office_furniture/index.md","1","1"
"reuse_einsatz","PLP_London_HQ_Circular_Studio_Fitout__006__technische_Komponenten","reuse_einsatz/PLP_London_HQ_Circular_Studio_Fitout__006__technische_Komponenten","PLP_London_HQ_Circular_Studio_Fitout__006__technische_Komponenten","clean_phase20","_database/reuse_einsatz/PLP_London_HQ_Circular_Studio_Fitout__006__technische_Komponenten/index.md","1","1"
"reuse_einsatz","ReCrete_footbridge_reused_concrete_blocks__001__Betonbl_cke_Bogensegmente","reuse_einsatz/ReCrete_footbridge_reused_concrete_blocks__001__Betonbl_cke_Bogensegmente","ReCrete_footbridge_reused_concrete_blocks__001__Betonbl_cke_Bogensegmente","clean_phase20","_database/reuse_einsatz/ReCrete_footbridge_reused_concrete_blocks__001__Betonbl_cke_Bogensegmente/index.md","1","1"
"reuse_einsatz","ReCrete_footbridge_reused_concrete_blocks__002__Nachspannkabel_Verbindungssystem","reuse_einsatz/ReCrete_footbridge_reused_concrete_blocks__002__Nachspannkabel_Verbindungssystem","ReCrete_footbridge_reused_concrete_blocks__002__Nachspannkabel_Verbindungssystem","clean_phase20","_database/reuse_einsatz/ReCrete_footbridge_reused_concrete_blocks__002__Nachspannkabel_Verbindungssystem/index.md","1","1"
"reuse_einsatz","ReCrete_footbridge_reused_concrete_blocks__003__Widerlager_Auflager","reuse_einsatz/ReCrete_footbridge_reused_concrete_blocks__003__Widerlager_Auflager","ReCrete_footbridge_reused_concrete_blocks__003__Widerlager_Auflager","clean_phase20","_database/reuse_einsatz/ReCrete_footbridge_reused_concrete_blocks__003__Widerlager_Auflager/index.md","1","1"
"reuse_einsatz","ReCrete_footbridge_reused_concrete_blocks__004__Gel_nder_Belag_Beleuchtung_TGA_Sanit_r","reuse_einsatz/ReCrete_footbridge_reused_concrete_blocks__004__Gel_nder_Belag_Beleuchtung_TGA_Sanit_r","ReCrete_footbridge_reused_concrete_blocks__004__Gel_nder_Belag_Beleuchtung_TGA_Sanit_r","clean_phase20","_database/reuse_einsatz/ReCrete_footbridge_reused_concrete_blocks__004__Gel_nder_Belag_Beleuchtung_TGA_Sanit_r/index.md","1","1"
"reuse_einsatz","Recyclinghaus_Hannover__001__Aluminiumfenster","reuse_einsatz/Recyclinghaus_Hannover__001__Aluminiumfenster","Recyclinghaus_Hannover__001__Aluminiumfenster","clean_phase20","_database/reuse_einsatz/Recyclinghaus_Hannover__001__Aluminiumfenster/index.md","1","1"
"reuse_einsatz","Recyclinghaus_Hannover__002__alte_Glasscheiben_aus_Fenstern","reuse_einsatz/Recyclinghaus_Hannover__002__alte_Glasscheiben_aus_Fenstern","Recyclinghaus_Hannover__002__alte_Glasscheiben_aus_Fenstern","clean_phase20","_database/reuse_einsatz/Recyclinghaus_Hannover__002__alte_Glasscheiben_aus_Fenstern/index.md","1","1"
"reuse_einsatz","Recyclinghaus_Hannover__003__Faserzement_Eternitplatten","reuse_einsatz/Recyclinghaus_Hannover__003__Faserzement_Eternitplatten","Recyclinghaus_Hannover__003__Faserzement_Eternitplatten","clean_phase20","_database/reuse_einsatz/Recyclinghaus_Hannover__003__Faserzement_Eternitplatten/index.md","1","1"
"reuse_einsatz","Recyclinghaus_Hannover__004__Profilbauglas","reuse_einsatz/Recyclinghaus_Hannover__004__Profilbauglas","Recyclinghaus_Hannover__004__Profilbauglas","clean_phase20","_database/reuse_einsatz/Recyclinghaus_Hannover__004__Profilbauglas/index.md","1","1"
"reuse_einsatz","Recyclinghaus_Hannover__005__Wellblech","reuse_einsatz/Recyclinghaus_Hannover__005__Wellblech","Recyclinghaus_Hannover__005__Wellblech","clean_phase20","_database/reuse_einsatz/Recyclinghaus_Hannover__005__Wellblech/index.md","1","1"
"reuse_einsatz","Recyclinghaus_Hannover__006__Holzleisten_alte_Saunab_nke","reuse_einsatz/Recyclinghaus_Hannover__006__Holzleisten_alte_Saunab_nke","Recyclinghaus_Hannover__006__Holzleisten_alte_Saunab_nke","clean_phase20","_database/reuse_einsatz/Recyclinghaus_Hannover__006__Holzleisten_alte_Saunab_nke/index.md","1","1"
"reuse_einsatz","Recyclinghaus_Hannover__007__historische_Bauernhaust_r","reuse_einsatz/Recyclinghaus_Hannover__007__historische_Bauernhaust_r","Recyclinghaus_Hannover__007__historische_Bauernhaust_r","clean_phase20","_database/reuse_einsatz/Recyclinghaus_Hannover__007__historische_Bauernhaust_r/index.md","1","1"
"reuse_einsatz","Recyclinghaus_Hannover__008__Messebauplatten","reuse_einsatz/Recyclinghaus_Hannover__008__Messebauplatten","Recyclinghaus_Hannover__008__Messebauplatten","clean_phase20","_database/reuse_einsatz/Recyclinghaus_Hannover__008__Messebauplatten/index.md","1","1"
"reuse_einsatz","Recyclinghaus_Hannover__009__Abbruchziegel","reuse_einsatz/Recyclinghaus_Hannover__009__Abbruchziegel","Recyclinghaus_Hannover__009__Abbruchziegel","clean_phase20","_database/reuse_einsatz/Recyclinghaus_Hannover__009__Abbruchziegel/index.md","1","1"
"reuse_einsatz","Recyclinghaus_Hannover__010__Waschbecken_Sanit_r","reuse_einsatz/Recyclinghaus_Hannover__010__Waschbecken_Sanit_r","Recyclinghaus_Hannover__010__Waschbecken_Sanit_r","clean_phase20","_database/reuse_einsatz/Recyclinghaus_Hannover__010__Waschbecken_Sanit_r/index.md","1","1"
"reuse_einsatz","Recyclinghaus_Hannover__011__Fliesen_Kronkorken_Mosaik","reuse_einsatz/Recyclinghaus_Hannover__011__Fliesen_Kronkorken_Mosaik","Recyclinghaus_Hannover__011__Fliesen_Kronkorken_Mosaik","clean_phase20","_database/reuse_einsatz/Recyclinghaus_Hannover__011__Fliesen_Kronkorken_Mosaik/index.md","1","1"
"reuse_einsatz","Recyclinghaus_Hannover__012__alter_vor_Ort_gefundener_Beton_Gehwegplatten_Blo","reuse_einsatz/Recyclinghaus_Hannover__012__alter_vor_Ort_gefundener_Beton_Gehwegplatten_Blo","Recyclinghaus_Hannover__012__alter_vor_Ort_gefundener_Beton_Gehwegplatten_Blo","clean_phase20","_database/reuse_einsatz/Recyclinghaus_Hannover__012__alter_vor_Ort_gefundener_Beton_Gehwegplatten_Blo/index.md","1","1"
"reuse_einsatz","Recyclinghaus_Hannover__013__Rohbau","reuse_einsatz/Recyclinghaus_Hannover__013__Rohbau","Recyclinghaus_Hannover__013__Rohbau","clean_phase20","_database/reuse_einsatz/Recyclinghaus_Hannover__013__Rohbau/index.md","1","1"
"reuse_einsatz","Recyclinghaus_Hannover__014__Fundament_Bodenplatte","reuse_einsatz/Recyclinghaus_Hannover__014__Fundament_Bodenplatte","Recyclinghaus_Hannover__014__Fundament_Bodenplatte","clean_phase20","_database/reuse_einsatz/Recyclinghaus_Hannover__014__Fundament_Bodenplatte/index.md","1","1"
"reuse_einsatz","Recypark_Demets_Anderlecht__001__Brettschichtholzb_gen","reuse_einsatz/Recypark_Demets_Anderlecht__001__Brettschichtholzb_gen","Recypark_Demets_Anderlecht__001__Brettschichtholzb_gen","clean_phase20","_database/reuse_einsatz/Recypark_Demets_Anderlecht__001__Brettschichtholzb_gen/index.md","1","1"
"reuse_einsatz","Recypark_Demets_Anderlecht__002__Neue_Brettschichtholzb_gen","reuse_einsatz/Recypark_Demets_Anderlecht__002__Neue_Brettschichtholzb_gen","Recypark_Demets_Anderlecht__002__Neue_Brettschichtholzb_gen","clean_phase20","_database/reuse_einsatz/Recypark_Demets_Anderlecht__002__Neue_Brettschichtholzb_gen/index.md","1","1"
"reuse_einsatz","Recypark_Demets_Anderlecht__003__Dachaufbau","reuse_einsatz/Recypark_Demets_Anderlecht__003__Dachaufbau","Recypark_Demets_Anderlecht__003__Dachaufbau","clean_phase20","_database/reuse_einsatz/Recypark_Demets_Anderlecht__003__Dachaufbau/index.md","1","1"
"reuse_einsatz","Recypark_Demets_Anderlecht__004__PV_Anlage","reuse_einsatz/Recypark_Demets_Anderlecht__004__PV_Anlage","Recypark_Demets_Anderlecht__004__PV_Anlage","clean_phase20","_database/reuse_einsatz/Recypark_Demets_Anderlecht__004__PV_Anlage/index.md","1","1"
"reuse_einsatz","Recypark_Demets_Anderlecht__005__Skatepark_Fl_chen","reuse_einsatz/Recypark_Demets_Anderlecht__005__Skatepark_Fl_chen","Recypark_Demets_Anderlecht__005__Skatepark_Fl_chen","clean_phase20","_database/reuse_einsatz/Recypark_Demets_Anderlecht__005__Skatepark_Fl_chen/index.md","1","1"
"reuse_einsatz","Recypark_Demets_Anderlecht__006__Fassaden_W_nde","reuse_einsatz/Recypark_Demets_Anderlecht__006__Fassaden_W_nde","Recypark_Demets_Anderlecht__006__Fassaden_W_nde","clean_phase20","_database/reuse_einsatz/Recypark_Demets_Anderlecht__006__Fassaden_W_nde/index.md","1","1"
"reuse_einsatz","Recypark_Demets_Anderlecht__007__T_ren_Tore","reuse_einsatz/Recypark_Demets_Anderlecht__007__T_ren_Tore","Recypark_Demets_Anderlecht__007__T_ren_Tore","clean_phase20","_database/reuse_einsatz/Recypark_Demets_Anderlecht__007__T_ren_Tore/index.md","1","1"
"reuse_einsatz","Recypark_Demets_Anderlecht__008__TGA_Sanit_r_Beleuchtung","reuse_einsatz/Recypark_Demets_Anderlecht__008__TGA_Sanit_r_Beleuchtung","Recypark_Demets_Anderlecht__008__TGA_Sanit_r_Beleuchtung","clean_phase20","_database/reuse_einsatz/Recypark_Demets_Anderlecht__008__TGA_Sanit_r_Beleuchtung/index.md","1","1"
"reuse_einsatz","Resilience_La_Ferme_des_Possibles_Stains__001__einfachverglaste_Holzfenster","reuse_einsatz/Resilience_La_Ferme_des_Possibles_Stains__001__einfachverglaste_Holzfenster","Resilience_La_Ferme_des_Possibles_Stains__001__einfachverglaste_Holzfenster","clean_phase20","_database/reuse_einsatz/Resilience_La_Ferme_des_Possibles_Stains__001__einfachverglaste_Holzfenster/index.md","1","1"
"reuse_einsatz","Resilience_La_Ferme_des_Possibles_Stains__002__doppeltverglaste_Holzfenster","reuse_einsatz/Resilience_La_Ferme_des_Possibles_Stains__002__doppeltverglaste_Holzfenster","Resilience_La_Ferme_des_Possibles_Stains__002__doppeltverglaste_Holzfenster","clean_phase20","_database/reuse_einsatz/Resilience_La_Ferme_des_Possibles_Stains__002__doppeltverglaste_Holzfenster/index.md","1","1"
"reuse_einsatz","Resilience_La_Ferme_des_Possibles_Stains__003__BTC_Ziegel","reuse_einsatz/Resilience_La_Ferme_des_Possibles_Stains__003__BTC_Ziegel","Resilience_La_Ferme_des_Possibles_Stains__003__BTC_Ziegel","clean_phase20","_database/reuse_einsatz/Resilience_La_Ferme_des_Possibles_Stains__003__BTC_Ziegel/index.md","1","1"
"reuse_einsatz","Resilience_La_Ferme_des_Possibles_Stains__004__ausgehobene_Erde","reuse_einsatz/Resilience_La_Ferme_des_Possibles_Stains__004__ausgehobene_Erde","Resilience_La_Ferme_des_Possibles_Stains__004__ausgehobene_Erde","clean_phase20","_database/reuse_einsatz/Resilience_La_Ferme_des_Possibles_Stains__004__ausgehobene_Erde/index.md","1","1"
"reuse_einsatz","Resilience_La_Ferme_des_Possibles_Stains__005__Solivage_Reste","reuse_einsatz/Resilience_La_Ferme_des_Possibles_Stains__005__Solivage_Reste","Resilience_La_Ferme_des_Possibles_Stains__005__Solivage_Reste","clean_phase20","_database/reuse_einsatz/Resilience_La_Ferme_des_Possibles_Stains__005__Solivage_Reste/index.md","1","1"
"reuse_einsatz","Resilience_La_Ferme_des_Possibles_Stains__006__mobile_Trennwand","reuse_einsatz/Resilience_La_Ferme_des_Possibles_Stains__006__mobile_Trennwand","Resilience_La_Ferme_des_Possibles_Stains__006__mobile_Trennwand","clean_phase20","_database/reuse_einsatz/Resilience_La_Ferme_des_Possibles_Stains__006__mobile_Trennwand/index.md","1","1"
"reuse_einsatz","Resilience_La_Ferme_des_Possibles_Stains__007__Glast_ren","reuse_einsatz/Resilience_La_Ferme_des_Possibles_Stains__007__Glast_ren","Resilience_La_Ferme_des_Possibles_Stains__007__Glast_ren","clean_phase20","_database/reuse_einsatz/Resilience_La_Ferme_des_Possibles_Stains__007__Glast_ren/index.md","1","1"
"reuse_einsatz","Resilience_La_Ferme_des_Possibles_Stains__008__Leuchten","reuse_einsatz/Resilience_La_Ferme_des_Possibles_Stains__008__Leuchten","Resilience_La_Ferme_des_Possibles_Stains__008__Leuchten","clean_phase20","_database/reuse_einsatz/Resilience_La_Ferme_des_Possibles_Stains__008__Leuchten/index.md","1","1"
"reuse_einsatz","Resilience_La_Ferme_des_Possibles_Stains__009__Obstk_rbe_als_Lampenschirme","reuse_einsatz/Resilience_La_Ferme_des_Possibles_Stains__009__Obstk_rbe_als_Lampenschirme","Resilience_La_Ferme_des_Possibles_Stains__009__Obstk_rbe_als_Lampenschirme","clean_phase20","_database/reuse_einsatz/Resilience_La_Ferme_des_Possibles_Stains__009__Obstk_rbe_als_Lampenschirme/index.md","1","1"
"reuse_einsatz","Resilience_La_Ferme_des_Possibles_Stains__010__WC_und_Handwaschbecken","reuse_einsatz/Resilience_La_Ferme_des_Possibles_Stains__010__WC_und_Handwaschbecken","Resilience_La_Ferme_des_Possibles_Stains__010__WC_und_Handwaschbecken","clean_phase20","_database/reuse_einsatz/Resilience_La_Ferme_des_Possibles_Stains__010__WC_und_Handwaschbecken/index.md","1","1"
"reuse_einsatz","Resilience_La_Ferme_des_Possibles_Stains__011__Radiatoren","reuse_einsatz/Resilience_La_Ferme_des_Possibles_Stains__011__Radiatoren","Resilience_La_Ferme_des_Possibles_Stains__011__Radiatoren","clean_phase20","_database/reuse_einsatz/Resilience_La_Ferme_des_Possibles_Stains__011__Radiatoren/index.md","1","1"
"reuse_einsatz","Resilience_La_Ferme_des_Possibles_Stains__012__Granitpflaster","reuse_einsatz/Resilience_La_Ferme_des_Possibles_Stains__012__Granitpflaster","Resilience_La_Ferme_des_Possibles_Stains__012__Granitpflaster","clean_phase20","_database/reuse_einsatz/Resilience_La_Ferme_des_Possibles_Stains__012__Granitpflaster/index.md","1","1"
"reuse_einsatz","Resilience_La_Ferme_des_Possibles_Stains__013__Paletten","reuse_einsatz/Resilience_La_Ferme_des_Possibles_Stains__013__Paletten","Resilience_La_Ferme_des_Possibles_Stains__013__Paletten","clean_phase20","_database/reuse_einsatz/Resilience_La_Ferme_des_Possibles_Stains__013__Paletten/index.md","1","1"
"reuse_einsatz","Resilience_La_Ferme_des_Possibles_Stains__014__Akustik_Baffles","reuse_einsatz/Resilience_La_Ferme_des_Possibles_Stains__014__Akustik_Baffles","Resilience_La_Ferme_des_Possibles_Stains__014__Akustik_Baffles","clean_phase20","_database/reuse_einsatz/Resilience_La_Ferme_des_Possibles_Stains__014__Akustik_Baffles/index.md","1","1"
"reuse_einsatz","Resilience_La_Ferme_des_Possibles_Stains__015__Holz_CLT_Leimholz","reuse_einsatz/Resilience_La_Ferme_des_Possibles_Stains__015__Holz_CLT_Leimholz","Resilience_La_Ferme_des_Possibles_Stains__015__Holz_CLT_Leimholz","clean_phase20","_database/reuse_einsatz/Resilience_La_Ferme_des_Possibles_Stains__015__Holz_CLT_Leimholz/index.md","1","1"
"reuse_einsatz","Resilience_La_Ferme_des_Possibles_Stains__016__Stroh_Lehmputz","reuse_einsatz/Resilience_La_Ferme_des_Possibles_Stains__016__Stroh_Lehmputz","Resilience_La_Ferme_des_Possibles_Stains__016__Stroh_Lehmputz","clean_phase20","_database/reuse_einsatz/Resilience_La_Ferme_des_Possibles_Stains__016__Stroh_Lehmputz/index.md","1","1"
"reuse_einsatz","Resource_Rows_Copenhagen__001__Ziegelfassadenmodule_Mauerwerksausschnitte","reuse_einsatz/Resource_Rows_Copenhagen__001__Ziegelfassadenmodule_Mauerwerksausschnitte","Resource_Rows_Copenhagen__001__Ziegelfassadenmodule_Mauerwerksausschnitte","clean_phase20","_database/reuse_einsatz/Resource_Rows_Copenhagen__001__Ziegelfassadenmodule_Mauerwerksausschnitte/index.md","1","1"
"reuse_einsatz","Resource_Rows_Copenhagen__002__Reuse_Holz_Au_enbereiche","reuse_einsatz/Resource_Rows_Copenhagen__002__Reuse_Holz_Au_enbereiche","Resource_Rows_Copenhagen__002__Reuse_Holz_Au_enbereiche","clean_phase20","_database/reuse_einsatz/Resource_Rows_Copenhagen__002__Reuse_Holz_Au_enbereiche/index.md","1","1"
"reuse_einsatz","Resource_Rows_Copenhagen__003__Fenster_Glas","reuse_einsatz/Resource_Rows_Copenhagen__003__Fenster_Glas","Resource_Rows_Copenhagen__003__Fenster_Glas","clean_phase20","_database/reuse_einsatz/Resource_Rows_Copenhagen__003__Fenster_Glas/index.md","1","1"
"reuse_einsatz","Resource_Rows_Copenhagen__004__Tragwerk_Neubau","reuse_einsatz/Resource_Rows_Copenhagen__004__Tragwerk_Neubau","Resource_Rows_Copenhagen__004__Tragwerk_Neubau","clean_phase20","_database/reuse_einsatz/Resource_Rows_Copenhagen__004__Tragwerk_Neubau/index.md","1","1"
"reuse_einsatz","Resource_Rows_Copenhagen__005__Innenw_nde","reuse_einsatz/Resource_Rows_Copenhagen__005__Innenw_nde","Resource_Rows_Copenhagen__005__Innenw_nde","clean_phase20","_database/reuse_einsatz/Resource_Rows_Copenhagen__005__Innenw_nde/index.md","1","1"
"reuse_einsatz","Resource_Rows_Copenhagen__006__D_mmung","reuse_einsatz/Resource_Rows_Copenhagen__006__D_mmung","Resource_Rows_Copenhagen__006__D_mmung","clean_phase20","_database/reuse_einsatz/Resource_Rows_Copenhagen__006__D_mmung/index.md","1","1"
"reuse_einsatz","Resource_Rows_Copenhagen__007__Sanit_r_TGA","reuse_einsatz/Resource_Rows_Copenhagen__007__Sanit_r_TGA","Resource_Rows_Copenhagen__007__Sanit_r_TGA","clean_phase20","_database/reuse_einsatz/Resource_Rows_Copenhagen__007__Sanit_r_TGA/index.md","1","1"
"reuse_einsatz","Roots_in_the_Sky_Blackfriars_Crown_Court__001__Stahltr_ger_profile","reuse_einsatz/Roots_in_the_Sky_Blackfriars_Crown_Court__001__Stahltr_ger_profile","Roots_in_the_Sky_Blackfriars_Crown_Court__001__Stahltr_ger_profile","clean_phase20","_database/reuse_einsatz/Roots_in_the_Sky_Blackfriars_Crown_Court__001__Stahltr_ger_profile/index.md","1","1"
"reuse_einsatz","Roots_in_the_Sky_Blackfriars_Crown_Court__002__vorhandener_Stahl_aus_Blackfriars_Bestand","reuse_einsatz/Roots_in_the_Sky_Blackfriars_Crown_Court__002__vorhandener_Stahl_aus_Blackfriars_Bestand","Roots_in_the_Sky_Blackfriars_Crown_Court__002__vorhandener_Stahl_aus_Blackfriars_Bestand","clean_phase20","_database/reuse_einsatz/Roots_in_the_Sky_Blackfriars_Crown_Court__002__vorhandener_Stahl_aus_Blackfriars_Bestand/index.md","1","1"
"reuse_einsatz","Roots_in_the_Sky_Blackfriars_Crown_Court__003__Fundamente_erste_Geschosse","reuse_einsatz/Roots_in_the_Sky_Blackfriars_Crown_Court__003__Fundamente_erste_Geschosse","Roots_in_the_Sky_Blackfriars_Crown_Court__003__Fundamente_erste_Geschosse","clean_phase20","_database/reuse_einsatz/Roots_in_the_Sky_Blackfriars_Crown_Court__003__Fundamente_erste_Geschosse/index.md","1","1"
"reuse_einsatz","Roots_in_the_Sky_Blackfriars_Crown_Court__004__Fassade_Au_enw_nde_Bestand","reuse_einsatz/Roots_in_the_Sky_Blackfriars_Crown_Court__004__Fassade_Au_enw_nde_Bestand","Roots_in_the_Sky_Blackfriars_Crown_Court__004__Fassade_Au_enw_nde_Bestand","clean_phase20","_database/reuse_einsatz/Roots_in_the_Sky_Blackfriars_Crown_Court__004__Fassade_Au_enw_nde_Bestand/index.md","1","1"
"reuse_einsatz","Roots_in_the_Sky_Blackfriars_Crown_Court__005__Bestandsglas_ffnungsfenster","reuse_einsatz/Roots_in_the_Sky_Blackfriars_Crown_Court__005__Bestandsglas_ffnungsfenster","Roots_in_the_Sky_Blackfriars_Crown_Court__005__Bestandsglas_ffnungsfenster","clean_phase20","_database/reuse_einsatz/Roots_in_the_Sky_Blackfriars_Crown_Court__005__Bestandsglas_ffnungsfenster/index.md","1","1"
"reuse_einsatz","Roots_in_the_Sky_Blackfriars_Crown_Court__006__iQ_Nachfolge_recycelte_Materialien","reuse_einsatz/Roots_in_the_Sky_Blackfriars_Crown_Court__006__iQ_Nachfolge_recycelte_Materialien","Roots_in_the_Sky_Blackfriars_Crown_Court__006__iQ_Nachfolge_recycelte_Materialien","clean_phase20","_database/reuse_einsatz/Roots_in_the_Sky_Blackfriars_Crown_Court__006__iQ_Nachfolge_recycelte_Materialien/index.md","1","1"
"reuse_einsatz","Roots_in_the_Sky_Blackfriars_Crown_Court__007__T_ren_Treppen_Gel_nder_TGA_Sanit_r_Beleuchtung_f","reuse_einsatz/Roots_in_the_Sky_Blackfriars_Crown_Court__007__T_ren_Treppen_Gel_nder_TGA_Sanit_r_Beleuchtung_f","Roots_in_the_Sky_Blackfriars_Crown_Court__007__T_ren_Treppen_Gel_nder_TGA_Sanit_r_Beleuchtung_f","clean_phase20","_database/reuse_einsatz/Roots_in_the_Sky_Blackfriars_Crown_Court__007__T_ren_Treppen_Gel_nder_TGA_Sanit_r_Beleuchtung_f/index.md","1","1"
"reuse_einsatz","Saxum_Vineyard_Equipment_Barn_Paso_Robles__001__St_tzen_Pfosten","reuse_einsatz/Saxum_Vineyard_Equipment_Barn_Paso_Robles__001__St_tzen_Pfosten","Saxum_Vineyard_Equipment_Barn_Paso_Robles__001__St_tzen_Pfosten","clean_phase20","_database/reuse_einsatz/Saxum_Vineyard_Equipment_Barn_Paso_Robles__001__St_tzen_Pfosten/index.md","1","1"
"reuse_einsatz","Saxum_Vineyard_Equipment_Barn_Paso_Robles__002__Dachtragwerk_Rohrtr_ger","reuse_einsatz/Saxum_Vineyard_Equipment_Barn_Paso_Robles__002__Dachtragwerk_Rohrtr_ger","Saxum_Vineyard_Equipment_Barn_Paso_Robles__002__Dachtragwerk_Rohrtr_ger","clean_phase20","_database/reuse_einsatz/Saxum_Vineyard_Equipment_Barn_Paso_Robles__002__Dachtragwerk_Rohrtr_ger/index.md","1","1"
"reuse_einsatz","Saxum_Vineyard_Equipment_Barn_Paso_Robles__003__Purlins","reuse_einsatz/Saxum_Vineyard_Equipment_Barn_Paso_Robles__003__Purlins","Saxum_Vineyard_Equipment_Barn_Paso_Robles__003__Purlins","clean_phase20","_database/reuse_einsatz/Saxum_Vineyard_Equipment_Barn_Paso_Robles__003__Purlins/index.md","1","1"
"reuse_einsatz","Saxum_Vineyard_Equipment_Barn_Paso_Robles__004__Aussteifung","reuse_einsatz/Saxum_Vineyard_Equipment_Barn_Paso_Robles__004__Aussteifung","Saxum_Vineyard_Equipment_Barn_Paso_Robles__004__Aussteifung","clean_phase20","_database/reuse_einsatz/Saxum_Vineyard_Equipment_Barn_Paso_Robles__004__Aussteifung/index.md","1","1"
"reuse_einsatz","Saxum_Vineyard_Equipment_Barn_Paso_Robles__005__Tore_Bekleidung","reuse_einsatz/Saxum_Vineyard_Equipment_Barn_Paso_Robles__005__Tore_Bekleidung","Saxum_Vineyard_Equipment_Barn_Paso_Robles__005__Tore_Bekleidung","clean_phase20","_database/reuse_einsatz/Saxum_Vineyard_Equipment_Barn_Paso_Robles__005__Tore_Bekleidung/index.md","1","1"
"reuse_einsatz","Saxum_Vineyard_Equipment_Barn_Paso_Robles__006__Wellstahlpaneele","reuse_einsatz/Saxum_Vineyard_Equipment_Barn_Paso_Robles__006__Wellstahlpaneele","Saxum_Vineyard_Equipment_Barn_Paso_Robles__006__Wellstahlpaneele","clean_phase20","_database/reuse_einsatz/Saxum_Vineyard_Equipment_Barn_Paso_Robles__006__Wellstahlpaneele/index.md","1","1"
"reuse_einsatz","Saxum_Vineyard_Equipment_Barn_Paso_Robles__007__Glas_PV_Dach","reuse_einsatz/Saxum_Vineyard_Equipment_Barn_Paso_Robles__007__Glas_PV_Dach","Saxum_Vineyard_Equipment_Barn_Paso_Robles__007__Glas_PV_Dach","clean_phase20","_database/reuse_einsatz/Saxum_Vineyard_Equipment_Barn_Paso_Robles__007__Glas_PV_Dach/index.md","1","1"
"reuse_einsatz","Saxum_Vineyard_Equipment_Barn_Paso_Robles__008__Decken","reuse_einsatz/Saxum_Vineyard_Equipment_Barn_Paso_Robles__008__Decken","Saxum_Vineyard_Equipment_Barn_Paso_Robles__008__Decken","clean_phase20","_database/reuse_einsatz/Saxum_Vineyard_Equipment_Barn_Paso_Robles__008__Decken/index.md","1","1"
"reuse_einsatz","Saxum_Vineyard_Equipment_Barn_Paso_Robles__009__Fenster","reuse_einsatz/Saxum_Vineyard_Equipment_Barn_Paso_Robles__009__Fenster","Saxum_Vineyard_Equipment_Barn_Paso_Robles__009__Fenster","clean_phase20","_database/reuse_einsatz/Saxum_Vineyard_Equipment_Barn_Paso_Robles__009__Fenster/index.md","1","1"
"reuse_einsatz","Saxum_Vineyard_Equipment_Barn_Paso_Robles__010__T_ren","reuse_einsatz/Saxum_Vineyard_Equipment_Barn_Paso_Robles__010__T_ren","Saxum_Vineyard_Equipment_Barn_Paso_Robles__010__T_ren","clean_phase20","_database/reuse_einsatz/Saxum_Vineyard_Equipment_Barn_Paso_Robles__010__T_ren/index.md","1","1"
"reuse_einsatz","Saxum_Vineyard_Equipment_Barn_Paso_Robles__011__TGA","reuse_einsatz/Saxum_Vineyard_Equipment_Barn_Paso_Robles__011__TGA","Saxum_Vineyard_Equipment_Barn_Paso_Robles__011__TGA","clean_phase20","_database/reuse_einsatz/Saxum_Vineyard_Equipment_Barn_Paso_Robles__011__TGA/index.md","1","1"
"reuse_einsatz","Superlocal_Expogebouw_Bleijerheide__001__Wohnungsteile_Betonunits","reuse_einsatz/Superlocal_Expogebouw_Bleijerheide__001__Wohnungsteile_Betonunits","Superlocal_Expogebouw_Bleijerheide__001__Wohnungsteile_Betonunits","clean_phase20","_database/reuse_einsatz/Superlocal_Expogebouw_Bleijerheide__001__Wohnungsteile_Betonunits/index.md","1","1"
"reuse_einsatz","Superlocal_Expogebouw_Bleijerheide__002__Aluminiumrohre","reuse_einsatz/Superlocal_Expogebouw_Bleijerheide__002__Aluminiumrohre","Superlocal_Expogebouw_Bleijerheide__002__Aluminiumrohre","clean_phase20","_database/reuse_einsatz/Superlocal_Expogebouw_Bleijerheide__002__Aluminiumrohre/index.md","1","1"
"reuse_einsatz","Superlocal_Expogebouw_Bleijerheide__003__Heizk_rper_Radiatoren","reuse_einsatz/Superlocal_Expogebouw_Bleijerheide__003__Heizk_rper_Radiatoren","Superlocal_Expogebouw_Bleijerheide__003__Heizk_rper_Radiatoren","clean_phase20","_database/reuse_einsatz/Superlocal_Expogebouw_Bleijerheide__003__Heizk_rper_Radiatoren/index.md","1","1"
"reuse_einsatz","Superlocal_Expogebouw_Bleijerheide__004__Plattenmaterial","reuse_einsatz/Superlocal_Expogebouw_Bleijerheide__004__Plattenmaterial","Superlocal_Expogebouw_Bleijerheide__004__Plattenmaterial","clean_phase20","_database/reuse_einsatz/Superlocal_Expogebouw_Bleijerheide__004__Plattenmaterial/index.md","1","1"
"reuse_einsatz","Superlocal_Expogebouw_Bleijerheide__005__Fenster_Kozijnen","reuse_einsatz/Superlocal_Expogebouw_Bleijerheide__005__Fenster_Kozijnen","Superlocal_Expogebouw_Bleijerheide__005__Fenster_Kozijnen","clean_phase20","_database/reuse_einsatz/Superlocal_Expogebouw_Bleijerheide__005__Fenster_Kozijnen/index.md","1","1"
"reuse_einsatz","Superlocal_Expogebouw_Bleijerheide__006__Haust_ren_Voordeuren","reuse_einsatz/Superlocal_Expogebouw_Bleijerheide__006__Haust_ren_Voordeuren","Superlocal_Expogebouw_Bleijerheide__006__Haust_ren_Voordeuren","clean_phase20","_database/reuse_einsatz/Superlocal_Expogebouw_Bleijerheide__006__Haust_ren_Voordeuren/index.md","1","1"
"reuse_einsatz","Superlocal_Expogebouw_Bleijerheide__007__Gel_nder","reuse_einsatz/Superlocal_Expogebouw_Bleijerheide__007__Gel_nder","Superlocal_Expogebouw_Bleijerheide__007__Gel_nder","clean_phase20","_database/reuse_einsatz/Superlocal_Expogebouw_Bleijerheide__007__Gel_nder/index.md","1","1"
"reuse_einsatz","Superlocal_Expogebouw_Bleijerheide__008__Br_stungen_Borstweringen","reuse_einsatz/Superlocal_Expogebouw_Bleijerheide__008__Br_stungen_Borstweringen","Superlocal_Expogebouw_Bleijerheide__008__Br_stungen_Borstweringen","clean_phase20","_database/reuse_einsatz/Superlocal_Expogebouw_Bleijerheide__008__Br_stungen_Borstweringen/index.md","1","1"
"reuse_einsatz","Superlocal_Expogebouw_Bleijerheide__009__K_che_K_chenunit","reuse_einsatz/Superlocal_Expogebouw_Bleijerheide__009__K_che_K_chenunit","Superlocal_Expogebouw_Bleijerheide__009__K_che_K_chenunit","clean_phase20","_database/reuse_einsatz/Superlocal_Expogebouw_Bleijerheide__009__K_che_K_chenunit/index.md","1","1"
"reuse_einsatz","Superlocal_Expogebouw_Bleijerheide__010__Pflaster_Bodenplatten_au_en","reuse_einsatz/Superlocal_Expogebouw_Bleijerheide__010__Pflaster_Bodenplatten_au_en","Superlocal_Expogebouw_Bleijerheide__010__Pflaster_Bodenplatten_au_en","clean_phase20","_database/reuse_einsatz/Superlocal_Expogebouw_Bleijerheide__010__Pflaster_Bodenplatten_au_en/index.md","1","1"
"reuse_einsatz","Svanen_Kindergarten_Gladsaxe__001__Holz_Dachbinder_timber_trusses","reuse_einsatz/Svanen_Kindergarten_Gladsaxe__001__Holz_Dachbinder_timber_trusses","Svanen_Kindergarten_Gladsaxe__001__Holz_Dachbinder_timber_trusses","clean_phase20","_database/reuse_einsatz/Svanen_Kindergarten_Gladsaxe__001__Holz_Dachbinder_timber_trusses/index.md","1","1"
"reuse_einsatz","Svanen_Kindergarten_Gladsaxe__002__Holzrafters_tr_sp_r","reuse_einsatz/Svanen_Kindergarten_Gladsaxe__002__Holzrafters_tr_sp_r","Svanen_Kindergarten_Gladsaxe__002__Holzrafters_tr_sp_r","clean_phase20","_database/reuse_einsatz/Svanen_Kindergarten_Gladsaxe__002__Holzrafters_tr_sp_r/index.md","1","1"
"reuse_einsatz","Svanen_Kindergarten_Gladsaxe__003__Ziegel_bricks","reuse_einsatz/Svanen_Kindergarten_Gladsaxe__003__Ziegel_bricks","Svanen_Kindergarten_Gladsaxe__003__Ziegel_bricks","clean_phase20","_database/reuse_einsatz/Svanen_Kindergarten_Gladsaxe__003__Ziegel_bricks/index.md","1","1"
"reuse_einsatz","Svanen_Kindergarten_Gladsaxe__004__Dachziegel_roof_tiles_vingetegl","reuse_einsatz/Svanen_Kindergarten_Gladsaxe__004__Dachziegel_roof_tiles_vingetegl","Svanen_Kindergarten_Gladsaxe__004__Dachziegel_roof_tiles_vingetegl","clean_phase20","_database/reuse_einsatz/Svanen_Kindergarten_Gladsaxe__004__Dachziegel_roof_tiles_vingetegl/index.md","1","1"
"reuse_einsatz","Svanen_Kindergarten_Gladsaxe__005__Stahlfassadenelemente_facade_panels","reuse_einsatz/Svanen_Kindergarten_Gladsaxe__005__Stahlfassadenelemente_facade_panels","Svanen_Kindergarten_Gladsaxe__005__Stahlfassadenelemente_facade_panels","clean_phase20","_database/reuse_einsatz/Svanen_Kindergarten_Gladsaxe__005__Stahlfassadenelemente_facade_panels/index.md","1","1"
"reuse_einsatz","Svanen_Kindergarten_Gladsaxe__006__Beton","reuse_einsatz/Svanen_Kindergarten_Gladsaxe__006__Beton","Svanen_Kindergarten_Gladsaxe__006__Beton","clean_phase20","_database/reuse_einsatz/Svanen_Kindergarten_Gladsaxe__006__Beton/index.md","1","1"
"reuse_einsatz","Svanen_Kindergarten_Gladsaxe__007__Schuluhr","reuse_einsatz/Svanen_Kindergarten_Gladsaxe__007__Schuluhr","Svanen_Kindergarten_Gladsaxe__007__Schuluhr","clean_phase20","_database/reuse_einsatz/Svanen_Kindergarten_Gladsaxe__007__Schuluhr/index.md","1","1"
"reuse_einsatz","Svanen_Kindergarten_Gladsaxe__008__Observatoriumskuppel","reuse_einsatz/Svanen_Kindergarten_Gladsaxe__008__Observatoriumskuppel","Svanen_Kindergarten_Gladsaxe__008__Observatoriumskuppel","clean_phase20","_database/reuse_einsatz/Svanen_Kindergarten_Gladsaxe__008__Observatoriumskuppel/index.md","1","1"
"reuse_einsatz","Svanen_Kindergarten_Gladsaxe__009__Lampen","reuse_einsatz/Svanen_Kindergarten_Gladsaxe__009__Lampen","Svanen_Kindergarten_Gladsaxe__009__Lampen","clean_phase20","_database/reuse_einsatz/Svanen_Kindergarten_Gladsaxe__009__Lampen/index.md","1","1"
"reuse_einsatz","Svanen_Kindergarten_Gladsaxe__010__Fahrradst_nder","reuse_einsatz/Svanen_Kindergarten_Gladsaxe__010__Fahrradst_nder","Svanen_Kindergarten_Gladsaxe__010__Fahrradst_nder","clean_phase20","_database/reuse_einsatz/Svanen_Kindergarten_Gladsaxe__010__Fahrradst_nder/index.md","1","1"
"reuse_einsatz","Svanen_Kindergarten_Gladsaxe__011__Sanit_r","reuse_einsatz/Svanen_Kindergarten_Gladsaxe__011__Sanit_r","Svanen_Kindergarten_Gladsaxe__011__Sanit_r","clean_phase20","_database/reuse_einsatz/Svanen_Kindergarten_Gladsaxe__011__Sanit_r/index.md","1","1"
"reuse_einsatz","Svanen_Kindergarten_Gladsaxe__012__Innenw_nde_Decken","reuse_einsatz/Svanen_Kindergarten_Gladsaxe__012__Innenw_nde_Decken","Svanen_Kindergarten_Gladsaxe__012__Innenw_nde_Decken","clean_phase20","_database/reuse_einsatz/Svanen_Kindergarten_Gladsaxe__012__Innenw_nde_Decken/index.md","1","1"
"reuse_einsatz","The_Green_House_Utrecht__001__Rauchglas_Fassadenpaneele","reuse_einsatz/The_Green_House_Utrecht__001__Rauchglas_Fassadenpaneele","The_Green_House_Utrecht__001__Rauchglas_Fassadenpaneele","clean_phase20","_database/reuse_einsatz/The_Green_House_Utrecht__001__Rauchglas_Fassadenpaneele/index.md","1","1"
"reuse_einsatz","The_Green_House_Utrecht__002__Pflasterklinker_Erdgeschoss","reuse_einsatz/The_Green_House_Utrecht__002__Pflasterklinker_Erdgeschoss","The_Green_House_Utrecht__002__Pflasterklinker_Erdgeschoss","clean_phase20","_database/reuse_einsatz/The_Green_House_Utrecht__002__Pflasterklinker_Erdgeschoss/index.md","1","1"
"reuse_einsatz","The_Green_House_Utrecht__003__Geschossdecke","reuse_einsatz/The_Green_House_Utrecht__003__Geschossdecke","The_Green_House_Utrecht__003__Geschossdecke","clean_phase20","_database/reuse_einsatz/The_Green_House_Utrecht__003__Geschossdecke/index.md","1","1"
"reuse_einsatz","The_Green_House_Utrecht__004__D_mmung_in_Holzbodenelementen","reuse_einsatz/The_Green_House_Utrecht__004__D_mmung_in_Holzbodenelementen","The_Green_House_Utrecht__004__D_mmung_in_Holzbodenelementen","clean_phase20","_database/reuse_einsatz/The_Green_House_Utrecht__004__D_mmung_in_Holzbodenelementen/index.md","1","1"
"reuse_einsatz","The_Green_House_Utrecht__005__Wandverkleidung_Wainscot","reuse_einsatz/The_Green_House_Utrecht__005__Wandverkleidung_Wainscot","The_Green_House_Utrecht__005__Wandverkleidung_Wainscot","clean_phase20","_database/reuse_einsatz/The_Green_House_Utrecht__005__Wandverkleidung_Wainscot/index.md","1","1"
"reuse_einsatz","The_Green_House_Utrecht__006__Innenw_nde","reuse_einsatz/The_Green_House_Utrecht__006__Innenw_nde","The_Green_House_Utrecht__006__Innenw_nde","clean_phase20","_database/reuse_einsatz/The_Green_House_Utrecht__006__Innenw_nde/index.md","1","1"
"reuse_einsatz","The_Green_House_Utrecht__007__Stahltragwerk","reuse_einsatz/The_Green_House_Utrecht__007__Stahltragwerk","The_Green_House_Utrecht__007__Stahltragwerk","clean_phase20","_database/reuse_einsatz/The_Green_House_Utrecht__007__Stahltragwerk/index.md","1","1"
"reuse_einsatz","The_Green_House_Utrecht__008__prefab_Betonblock_Fundamente","reuse_einsatz/The_Green_House_Utrecht__008__prefab_Betonblock_Fundamente","The_Green_House_Utrecht__008__prefab_Betonblock_Fundamente","clean_phase20","_database/reuse_einsatz/The_Green_House_Utrecht__008__prefab_Betonblock_Fundamente/index.md","1","1"
"reuse_einsatz","The_Green_House_Utrecht__009__Beleuchtung_M_bel","reuse_einsatz/The_Green_House_Utrecht__009__Beleuchtung_M_bel","The_Green_House_Utrecht__009__Beleuchtung_M_bel","clean_phase20","_database/reuse_einsatz/The_Green_House_Utrecht__009__Beleuchtung_M_bel/index.md","1","1"
"reuse_einsatz","The_Green_House_Utrecht__010__TGA_K_che_Solar","reuse_einsatz/The_Green_House_Utrecht__010__TGA_K_che_Solar","The_Green_House_Utrecht__010__TGA_K_che_Solar","clean_phase20","_database/reuse_einsatz/The_Green_House_Utrecht__010__TGA_K_che_Solar/index.md","1","1"
"reuse_einsatz","Thoravej_29_Copenhagen__001__TT_Decken_Betondecken","reuse_einsatz/Thoravej_29_Copenhagen__001__TT_Decken_Betondecken","Thoravej_29_Copenhagen__001__TT_Decken_Betondecken","clean_phase20","_database/reuse_einsatz/Thoravej_29_Copenhagen__001__TT_Decken_Betondecken/index.md","1","1"
"reuse_einsatz","Thoravej_29_Copenhagen__002__Fassaden_Ziegel_berschuss","reuse_einsatz/Thoravej_29_Copenhagen__002__Fassaden_Ziegel_berschuss","Thoravej_29_Copenhagen__002__Fassaden_Ziegel_berschuss","clean_phase20","_database/reuse_einsatz/Thoravej_29_Copenhagen__002__Fassaden_Ziegel_berschuss/index.md","1","1"
"reuse_einsatz","Thoravej_29_Copenhagen__003__Kunststofffenster","reuse_einsatz/Thoravej_29_Copenhagen__003__Kunststofffenster","Thoravej_29_Copenhagen__003__Kunststofffenster","clean_phase20","_database/reuse_einsatz/Thoravej_29_Copenhagen__003__Kunststofffenster/index.md","1","1"
"reuse_einsatz","Thoravej_29_Copenhagen__004__T_ren","reuse_einsatz/Thoravej_29_Copenhagen__004__T_ren","Thoravej_29_Copenhagen__004__T_ren","clean_phase20","_database/reuse_einsatz/Thoravej_29_Copenhagen__004__T_ren/index.md","1","1"
"reuse_einsatz","Thoravej_29_Copenhagen__005__Innenausstattung_aus_Bestand","reuse_einsatz/Thoravej_29_Copenhagen__005__Innenausstattung_aus_Bestand","Thoravej_29_Copenhagen__005__Innenausstattung_aus_Bestand","clean_phase20","_database/reuse_einsatz/Thoravej_29_Copenhagen__005__Innenausstattung_aus_Bestand/index.md","1","1"
"reuse_einsatz","Timber_Square_London__001__Wiederverwendete_Stahltr_ger","reuse_einsatz/Timber_Square_London__001__Wiederverwendete_Stahltr_ger","Timber_Square_London__001__Wiederverwendete_Stahltr_ger","clean_phase20","_database/reuse_einsatz/Timber_Square_London__001__Wiederverwendete_Stahltr_ger/index.md","1","1"
"reuse_einsatz","Timber_Square_London__002__Stahltr_ger_f_r_Empfangstresen","reuse_einsatz/Timber_Square_London__002__Stahltr_ger_f_r_Empfangstresen","Timber_Square_London__002__Stahltr_ger_f_r_Empfangstresen","clean_phase20","_database/reuse_einsatz/Timber_Square_London__002__Stahltr_ger_f_r_Empfangstresen/index.md","1","1"
"reuse_einsatz","Timber_Square_London__003__Retained_Print_Building_structure","reuse_einsatz/Timber_Square_London__003__Retained_Print_Building_structure","Timber_Square_London__003__Retained_Print_Building_structure","clean_phase20","_database/reuse_einsatz/Timber_Square_London__003__Retained_Print_Building_structure/index.md","1","1"
"reuse_einsatz","Timber_Square_London__004__CLT_floor_panels","reuse_einsatz/Timber_Square_London__004__CLT_floor_panels","Timber_Square_London__004__CLT_floor_panels","clean_phase20","_database/reuse_einsatz/Timber_Square_London__004__CLT_floor_panels/index.md","1","1"
"reuse_einsatz","Timber_Square_London__005__Neue_recycled_content_Stahlbauteile","reuse_einsatz/Timber_Square_London__005__Neue_recycled_content_Stahlbauteile","Timber_Square_London__005__Neue_recycled_content_Stahlbauteile","clean_phase20","_database/reuse_einsatz/Timber_Square_London__005__Neue_recycled_content_Stahlbauteile/index.md","1","1"
"reuse_einsatz","Timber_Square_London__006__Fassaden_Curtain_wall_modules","reuse_einsatz/Timber_Square_London__006__Fassaden_Curtain_wall_modules","Timber_Square_London__006__Fassaden_Curtain_wall_modules","clean_phase20","_database/reuse_einsatz/Timber_Square_London__006__Fassaden_Curtain_wall_modules/index.md","1","1"
"reuse_einsatz","Timber_Square_London__007__Major_plant","reuse_einsatz/Timber_Square_London__007__Major_plant","Timber_Square_London__007__Major_plant","clean_phase20","_database/reuse_einsatz/Timber_Square_London__007__Major_plant/index.md","1","1"
"reuse_einsatz","Timber_Square_London__008__T_ren","reuse_einsatz/Timber_Square_London__008__T_ren","Timber_Square_London__008__T_ren","clean_phase20","_database/reuse_einsatz/Timber_Square_London__008__T_ren/index.md","1","1"
"reuse_einsatz","Timber_Square_London__009__Bodenaufbauten","reuse_einsatz/Timber_Square_London__009__Bodenaufbauten","Timber_Square_London__009__Bodenaufbauten","clean_phase20","_database/reuse_einsatz/Timber_Square_London__009__Bodenaufbauten/index.md","1","1"
"reuse_einsatz","Timber_Square_London__010__Sanit_r","reuse_einsatz/Timber_Square_London__010__Sanit_r","Timber_Square_London__010__Sanit_r","clean_phase20","_database/reuse_einsatz/Timber_Square_London__010__Sanit_r/index.md","1","1"
"reuse_einsatz","TRAE_High_Rise_Aarhus__001__Prim_rstruktur","reuse_einsatz/TRAE_High_Rise_Aarhus__001__Prim_rstruktur","TRAE_High_Rise_Aarhus__001__Prim_rstruktur","clean_phase20","_database/reuse_einsatz/TRAE_High_Rise_Aarhus__001__Prim_rstruktur/index.md","1","1"
"reuse_einsatz","TRAE_High_Rise_Aarhus__002__Aluminium_Fassadenplatten","reuse_einsatz/TRAE_High_Rise_Aarhus__002__Aluminium_Fassadenplatten","TRAE_High_Rise_Aarhus__002__Aluminium_Fassadenplatten","clean_phase20","_database/reuse_einsatz/TRAE_High_Rise_Aarhus__002__Aluminium_Fassadenplatten/index.md","1","1"
"reuse_einsatz","TRAE_High_Rise_Aarhus__003__Windturbinenfl_gel","reuse_einsatz/TRAE_High_Rise_Aarhus__003__Windturbinenfl_gel","TRAE_High_Rise_Aarhus__003__Windturbinenfl_gel","clean_phase20","_database/reuse_einsatz/TRAE_High_Rise_Aarhus__003__Windturbinenfl_gel/index.md","1","1"
"reuse_einsatz","TRAE_High_Rise_Aarhus__004__wiederverwendete_upgecycelte_Fenster","reuse_einsatz/TRAE_High_Rise_Aarhus__004__wiederverwendete_upgecycelte_Fenster","TRAE_High_Rise_Aarhus__004__wiederverwendete_upgecycelte_Fenster","clean_phase20","_database/reuse_einsatz/TRAE_High_Rise_Aarhus__004__wiederverwendete_upgecycelte_Fenster/index.md","1","1"
"reuse_einsatz","TRAE_High_Rise_Aarhus__005__Boden_aus_alten_Fensterrahmen","reuse_einsatz/TRAE_High_Rise_Aarhus__005__Boden_aus_alten_Fensterrahmen","TRAE_High_Rise_Aarhus__005__Boden_aus_alten_Fensterrahmen","clean_phase20","_database/reuse_einsatz/TRAE_High_Rise_Aarhus__005__Boden_aus_alten_Fensterrahmen/index.md","1","1"
"reuse_einsatz","TRAE_High_Rise_Aarhus__006__Boden_Decken_aus_Gellerupparken","reuse_einsatz/TRAE_High_Rise_Aarhus__006__Boden_Decken_aus_Gellerupparken","TRAE_High_Rise_Aarhus__006__Boden_Decken_aus_Gellerupparken","clean_phase20","_database/reuse_einsatz/TRAE_High_Rise_Aarhus__006__Boden_Decken_aus_Gellerupparken/index.md","1","1"
"reuse_einsatz","TRAE_High_Rise_Aarhus__007__Troldtekt_Akustikplatten","reuse_einsatz/TRAE_High_Rise_Aarhus__007__Troldtekt_Akustikplatten","TRAE_High_Rise_Aarhus__007__Troldtekt_Akustikplatten","clean_phase20","_database/reuse_einsatz/TRAE_High_Rise_Aarhus__007__Troldtekt_Akustikplatten/index.md","1","1"
"reuse_einsatz","TRAE_High_Rise_Aarhus__008__Akustikfl_chen_aus_Textilien_PET_Filz","reuse_einsatz/TRAE_High_Rise_Aarhus__008__Akustikfl_chen_aus_Textilien_PET_Filz","TRAE_High_Rise_Aarhus__008__Akustikfl_chen_aus_Textilien_PET_Filz","clean_phase20","_database/reuse_einsatz/TRAE_High_Rise_Aarhus__008__Akustikfl_chen_aus_Textilien_PET_Filz/index.md","1","1"
"reuse_einsatz","TRAE_High_Rise_Aarhus__009__D_mmung","reuse_einsatz/TRAE_High_Rise_Aarhus__009__D_mmung","TRAE_High_Rise_Aarhus__009__D_mmung","clean_phase20","_database/reuse_einsatz/TRAE_High_Rise_Aarhus__009__D_mmung/index.md","1","1"
"reuse_einsatz","TRAE_High_Rise_Aarhus__010__T_ren_Sanit_r_Beleuchtung_TGA","reuse_einsatz/TRAE_High_Rise_Aarhus__010__T_ren_Sanit_r_Beleuchtung_TGA","TRAE_High_Rise_Aarhus__010__T_ren_Sanit_r_Beleuchtung_TGA","clean_phase20","_database/reuse_einsatz/TRAE_High_Rise_Aarhus__010__T_ren_Sanit_r_Beleuchtung_TGA/index.md","1","1"
"reuse_einsatz","Upcycle_Studios_Copenhagen__001__Fenster_Doppelverglasung","reuse_einsatz/Upcycle_Studios_Copenhagen__001__Fenster_Doppelverglasung","Upcycle_Studios_Copenhagen__001__Fenster_Doppelverglasung","clean_phase20","_database/reuse_einsatz/Upcycle_Studios_Copenhagen__001__Fenster_Doppelverglasung/index.md","1","1"
"reuse_einsatz","Upcycle_Studios_Copenhagen__002__Bodenbretter_Dinesen_Restholz","reuse_einsatz/Upcycle_Studios_Copenhagen__002__Bodenbretter_Dinesen_Restholz","Upcycle_Studios_Copenhagen__002__Bodenbretter_Dinesen_Restholz","clean_phase20","_database/reuse_einsatz/Upcycle_Studios_Copenhagen__002__Bodenbretter_Dinesen_Restholz/index.md","1","1"
"reuse_einsatz","Upcycle_Studios_Copenhagen__003__Fassadenholz","reuse_einsatz/Upcycle_Studios_Copenhagen__003__Fassadenholz","Upcycle_Studios_Copenhagen__003__Fassadenholz","clean_phase20","_database/reuse_einsatz/Upcycle_Studios_Copenhagen__003__Fassadenholz/index.md","1","1"
"reuse_einsatz","Upcycle_Studios_Copenhagen__004__Beton","reuse_einsatz/Upcycle_Studios_Copenhagen__004__Beton","Upcycle_Studios_Copenhagen__004__Beton","clean_phase20","_database/reuse_einsatz/Upcycle_Studios_Copenhagen__004__Beton/index.md","1","1"
"reuse_einsatz","Upcycle_Studios_Copenhagen__005__Solarzellen","reuse_einsatz/Upcycle_Studios_Copenhagen__005__Solarzellen","Upcycle_Studios_Copenhagen__005__Solarzellen","clean_phase20","_database/reuse_einsatz/Upcycle_Studios_Copenhagen__005__Solarzellen/index.md","1","1"
"reuse_einsatz","Upcycle_Studios_Copenhagen__006__W_rmepumpen","reuse_einsatz/Upcycle_Studios_Copenhagen__006__W_rmepumpen","Upcycle_Studios_Copenhagen__006__W_rmepumpen","clean_phase20","_database/reuse_einsatz/Upcycle_Studios_Copenhagen__006__W_rmepumpen/index.md","1","1"
"reuse_einsatz","Upcycle_Studios_Copenhagen__007__T_ren","reuse_einsatz/Upcycle_Studios_Copenhagen__007__T_ren","Upcycle_Studios_Copenhagen__007__T_ren","clean_phase20","_database/reuse_einsatz/Upcycle_Studios_Copenhagen__007__T_ren/index.md","1","1"
"reuse_einsatz","Upcycle_Studios_Copenhagen__008__Treppen","reuse_einsatz/Upcycle_Studios_Copenhagen__008__Treppen","Upcycle_Studios_Copenhagen__008__Treppen","clean_phase20","_database/reuse_einsatz/Upcycle_Studios_Copenhagen__008__Treppen/index.md","1","1"
"reuse_einsatz","Upcycle_Studios_Copenhagen__009__Sanit_r_Beleuchtung_TGA","reuse_einsatz/Upcycle_Studios_Copenhagen__009__Sanit_r_Beleuchtung_TGA","Upcycle_Studios_Copenhagen__009__Sanit_r_Beleuchtung_TGA","clean_phase20","_database/reuse_einsatz/Upcycle_Studios_Copenhagen__009__Sanit_r_Beleuchtung_TGA/index.md","1","1"
"reuse_einsatz","Verbiest_Karreveld_Brussels__001__Karreveld_Innenwandsystem","reuse_einsatz/Verbiest_Karreveld_Brussels__001__Karreveld_Innenwandsystem","Verbiest_Karreveld_Brussels__001__Karreveld_Innenwandsystem","clean_phase20","_database/reuse_einsatz/Verbiest_Karreveld_Brussels__001__Karreveld_Innenwandsystem/index.md","1","1"
"reuse_einsatz","Verbiest_Karreveld_Brussels__002__Karreveld_abgeh_ngte_Decken_Leuchten","reuse_einsatz/Verbiest_Karreveld_Brussels__002__Karreveld_abgeh_ngte_Decken_Leuchten","Verbiest_Karreveld_Brussels__002__Karreveld_abgeh_ngte_Decken_Leuchten","clean_phase20","_database/reuse_einsatz/Verbiest_Karreveld_Brussels__002__Karreveld_abgeh_ngte_Decken_Leuchten/index.md","1","1"
"reuse_einsatz","Verbiest_Karreveld_Brussels__003__Karreveld_bestehende_Treppen","reuse_einsatz/Verbiest_Karreveld_Brussels__003__Karreveld_bestehende_Treppen","Verbiest_Karreveld_Brussels__003__Karreveld_bestehende_Treppen","clean_phase20","_database/reuse_einsatz/Verbiest_Karreveld_Brussels__003__Karreveld_bestehende_Treppen/index.md","1","1"
"reuse_einsatz","Verbiest_Karreveld_Brussels__004__Karreveld_Toiletten","reuse_einsatz/Verbiest_Karreveld_Brussels__004__Karreveld_Toiletten","Verbiest_Karreveld_Brussels__004__Karreveld_Toiletten","clean_phase20","_database/reuse_einsatz/Verbiest_Karreveld_Brussels__004__Karreveld_Toiletten/index.md","1","1"
"reuse_einsatz","Verbiest_Karreveld_Brussels__005__Karreveld_technische_Sch_chte","reuse_einsatz/Verbiest_Karreveld_Brussels__005__Karreveld_technische_Sch_chte","Verbiest_Karreveld_Brussels__005__Karreveld_technische_Sch_chte","clean_phase20","_database/reuse_einsatz/Verbiest_Karreveld_Brussels__005__Karreveld_technische_Sch_chte/index.md","1","1"
"reuse_einsatz","Verbiest_Karreveld_Brussels__006__Verbiest_Dachfliesen","reuse_einsatz/Verbiest_Karreveld_Brussels__006__Verbiest_Dachfliesen","Verbiest_Karreveld_Brussels__006__Verbiest_Dachfliesen","clean_phase20","_database/reuse_einsatz/Verbiest_Karreveld_Brussels__006__Verbiest_Dachfliesen/index.md","1","1"
"reuse_einsatz","Verbiest_Karreveld_Brussels__007__Verbiest_Terrassenfliesen","reuse_einsatz/Verbiest_Karreveld_Brussels__007__Verbiest_Terrassenfliesen","Verbiest_Karreveld_Brussels__007__Verbiest_Terrassenfliesen","clean_phase20","_database/reuse_einsatz/Verbiest_Karreveld_Brussels__007__Verbiest_Terrassenfliesen/index.md","1","1"
"reuse_einsatz","Verbiest_Karreveld_Brussels__008__Verbiest_Gel_nder","reuse_einsatz/Verbiest_Karreveld_Brussels__008__Verbiest_Gel_nder","Verbiest_Karreveld_Brussels__008__Verbiest_Gel_nder","clean_phase20","_database/reuse_einsatz/Verbiest_Karreveld_Brussels__008__Verbiest_Gel_nder/index.md","1","1"
"reuse_einsatz","Verbiest_Karreveld_Brussels__009__Verbiest_Fliesen","reuse_einsatz/Verbiest_Karreveld_Brussels__009__Verbiest_Fliesen","Verbiest_Karreveld_Brussels__009__Verbiest_Fliesen","clean_phase20","_database/reuse_einsatz/Verbiest_Karreveld_Brussels__009__Verbiest_Fliesen/index.md","1","1"
"reuse_einsatz","Verbiest_Karreveld_Brussels__010__Verbiest_Steine","reuse_einsatz/Verbiest_Karreveld_Brussels__010__Verbiest_Steine","Verbiest_Karreveld_Brussels__010__Verbiest_Steine","clean_phase20","_database/reuse_einsatz/Verbiest_Karreveld_Brussels__010__Verbiest_Steine/index.md","1","1"
"reuse_einsatz","Verbiest_Karreveld_Brussels__011__Verbiest_dekorative_Fliesen","reuse_einsatz/Verbiest_Karreveld_Brussels__011__Verbiest_dekorative_Fliesen","Verbiest_Karreveld_Brussels__011__Verbiest_dekorative_Fliesen","clean_phase20","_database/reuse_einsatz/Verbiest_Karreveld_Brussels__011__Verbiest_dekorative_Fliesen/index.md","1","1"
"reuse_einsatz","Verbiest_Karreveld_Brussels__012__Verbiest_massive_Holzplatten_tr_ger","reuse_einsatz/Verbiest_Karreveld_Brussels__012__Verbiest_massive_Holzplatten_tr_ger","Verbiest_Karreveld_Brussels__012__Verbiest_massive_Holzplatten_tr_ger","clean_phase20","_database/reuse_einsatz/Verbiest_Karreveld_Brussels__012__Verbiest_massive_Holzplatten_tr_ger/index.md","1","1"
"reuse_einsatz","Verbiest_Karreveld_Brussels__013__Verbiest_Industriegew_chshaus","reuse_einsatz/Verbiest_Karreveld_Brussels__013__Verbiest_Industriegew_chshaus","Verbiest_Karreveld_Brussels__013__Verbiest_Industriegew_chshaus","clean_phase20","_database/reuse_einsatz/Verbiest_Karreveld_Brussels__013__Verbiest_Industriegew_chshaus/index.md","1","1"
"reuse_einsatz","Villa_Welpeloo_Enschede__001__Stahltr_ger_Stahlrahmen","reuse_einsatz/Villa_Welpeloo_Enschede__001__Stahltr_ger_Stahlrahmen","Villa_Welpeloo_Enschede__001__Stahltr_ger_Stahlrahmen","clean_phase20","_database/reuse_einsatz/Villa_Welpeloo_Enschede__001__Stahltr_ger_Stahlrahmen/index.md","1","1"
"reuse_einsatz","Villa_Welpeloo_Enschede__002__Holzfassade","reuse_einsatz/Villa_Welpeloo_Enschede__002__Holzfassade","Villa_Welpeloo_Enschede__002__Holzfassade","clean_phase20","_database/reuse_einsatz/Villa_Welpeloo_Enschede__002__Holzfassade/index.md","1","1"
"reuse_einsatz","Villa_Welpeloo_Enschede__003__Bau_Montagelift_als_Innenlift","reuse_einsatz/Villa_Welpeloo_Enschede__003__Bau_Montagelift_als_Innenlift","Villa_Welpeloo_Enschede__003__Bau_Montagelift_als_Innenlift","clean_phase20","_database/reuse_einsatz/Villa_Welpeloo_Enschede__003__Bau_Montagelift_als_Innenlift/index.md","1","1"
"reuse_einsatz","Villa_Welpeloo_Enschede__004__Polystyrol_D_mmplatten","reuse_einsatz/Villa_Welpeloo_Enschede__004__Polystyrol_D_mmplatten","Villa_Welpeloo_Enschede__004__Polystyrol_D_mmplatten","clean_phase20","_database/reuse_einsatz/Villa_Welpeloo_Enschede__004__Polystyrol_D_mmplatten/index.md","1","1"
"reuse_einsatz","Villa_Welpeloo_Enschede__005__Alte_Werbetafeln_billboard_boards","reuse_einsatz/Villa_Welpeloo_Enschede__005__Alte_Werbetafeln_billboard_boards","Villa_Welpeloo_Enschede__005__Alte_Werbetafeln_billboard_boards","clean_phase20","_database/reuse_einsatz/Villa_Welpeloo_Enschede__005__Alte_Werbetafeln_billboard_boards/index.md","1","1"
"reuse_einsatz","Villa_Welpeloo_Enschede__006__Regenschirmrippen_Leuchten","reuse_einsatz/Villa_Welpeloo_Enschede__006__Regenschirmrippen_Leuchten","Villa_Welpeloo_Enschede__006__Regenschirmrippen_Leuchten","clean_phase20","_database/reuse_einsatz/Villa_Welpeloo_Enschede__006__Regenschirmrippen_Leuchten/index.md","1","1"
"reuse_einsatz","Villa_Welpeloo_Enschede__007__Innenw_nde","reuse_einsatz/Villa_Welpeloo_Enschede__007__Innenw_nde","Villa_Welpeloo_Enschede__007__Innenw_nde","clean_phase20","_database/reuse_einsatz/Villa_Welpeloo_Enschede__007__Innenw_nde/index.md","1","1"
"reuse_einsatz","Villa_Welpeloo_Enschede__008__Fenster","reuse_einsatz/Villa_Welpeloo_Enschede__008__Fenster","Villa_Welpeloo_Enschede__008__Fenster","clean_phase20","_database/reuse_einsatz/Villa_Welpeloo_Enschede__008__Fenster/index.md","1","1"
"reuse_einsatz","Villa_Welpeloo_Enschede__009__T_ren","reuse_einsatz/Villa_Welpeloo_Enschede__009__T_ren","Villa_Welpeloo_Enschede__009__T_ren","clean_phase20","_database/reuse_einsatz/Villa_Welpeloo_Enschede__009__T_ren/index.md","1","1"
"reuse_einsatz","Villa_Welpeloo_Enschede__010__Dach","reuse_einsatz/Villa_Welpeloo_Enschede__010__Dach","Villa_Welpeloo_Enschede__010__Dach","clean_phase20","_database/reuse_einsatz/Villa_Welpeloo_Enschede__010__Dach/index.md","1","1"
"reuse_einsatz","Villa_Welpeloo_Enschede__011__Sanit_r","reuse_einsatz/Villa_Welpeloo_Enschede__011__Sanit_r","Villa_Welpeloo_Enschede__011__Sanit_r","clean_phase20","_database/reuse_einsatz/Villa_Welpeloo_Enschede__011__Sanit_r/index.md","1","1"
"reuse_einsatz","Woongroep_Boschgaard_Den_Bosch__001__Dachspanten_Kniespanten","reuse_einsatz/Woongroep_Boschgaard_Den_Bosch__001__Dachspanten_Kniespanten","Woongroep_Boschgaard_Den_Bosch__001__Dachspanten_Kniespanten","clean_phase20","_database/reuse_einsatz/Woongroep_Boschgaard_Den_Bosch__001__Dachspanten_Kniespanten/index.md","1","1"
"reuse_einsatz","Woongroep_Boschgaard_Den_Bosch__002__Aluminium_Fassadensystem","reuse_einsatz/Woongroep_Boschgaard_Den_Bosch__002__Aluminium_Fassadensystem","Woongroep_Boschgaard_Den_Bosch__002__Aluminium_Fassadensystem","clean_phase20","_database/reuse_einsatz/Woongroep_Boschgaard_Den_Bosch__002__Aluminium_Fassadensystem/index.md","1","1"
"reuse_einsatz","Woongroep_Boschgaard_Den_Bosch__003__HSB_Holz_Balken","reuse_einsatz/Woongroep_Boschgaard_Den_Bosch__003__HSB_Holz_Balken","Woongroep_Boschgaard_Den_Bosch__003__HSB_Holz_Balken","clean_phase20","_database/reuse_einsatz/Woongroep_Boschgaard_Den_Bosch__003__HSB_Holz_Balken/index.md","1","1"
"reuse_einsatz","Woongroep_Boschgaard_Den_Bosch__004__Betonplatten_Bestand","reuse_einsatz/Woongroep_Boschgaard_Den_Bosch__004__Betonplatten_Bestand","Woongroep_Boschgaard_Den_Bosch__004__Betonplatten_Bestand","clean_phase20","_database/reuse_einsatz/Woongroep_Boschgaard_Den_Bosch__004__Betonplatten_Bestand/index.md","1","1"
"reuse_einsatz","Woongroep_Boschgaard_Den_Bosch__005__T_ren_Schiebet_ren","reuse_einsatz/Woongroep_Boschgaard_Den_Bosch__005__T_ren_Schiebet_ren","Woongroep_Boschgaard_Den_Bosch__005__T_ren_Schiebet_ren","clean_phase20","_database/reuse_einsatz/Woongroep_Boschgaard_Den_Bosch__005__T_ren_Schiebet_ren/index.md","1","1"
"reuse_einsatz","Woongroep_Boschgaard_Den_Bosch__006__K_chenbl_cke","reuse_einsatz/Woongroep_Boschgaard_Den_Bosch__006__K_chenbl_cke","Woongroep_Boschgaard_Den_Bosch__006__K_chenbl_cke","clean_phase20","_database/reuse_einsatz/Woongroep_Boschgaard_Den_Bosch__006__K_chenbl_cke/index.md","1","1"
"reuse_einsatz","Woongroep_Boschgaard_Den_Bosch__007__WC_Sanit_r","reuse_einsatz/Woongroep_Boschgaard_Den_Bosch__007__WC_Sanit_r","Woongroep_Boschgaard_Den_Bosch__007__WC_Sanit_r","clean_phase20","_database/reuse_einsatz/Woongroep_Boschgaard_Den_Bosch__007__WC_Sanit_r/index.md","1","1"
"reuse_einsatz","Woongroep_Boschgaard_Den_Bosch__008__Kabelgoten_Notbeleuchtung","reuse_einsatz/Woongroep_Boschgaard_Den_Bosch__008__Kabelgoten_Notbeleuchtung","Woongroep_Boschgaard_Den_Bosch__008__Kabelgoten_Notbeleuchtung","clean_phase20","_database/reuse_einsatz/Woongroep_Boschgaard_Den_Bosch__008__Kabelgoten_Notbeleuchtung/index.md","1","1"
"reuse_einsatz","Woongroep_Boschgaard_Den_Bosch__009__Feste_Ausstattung_Garderobe","reuse_einsatz/Woongroep_Boschgaard_Den_Bosch__009__Feste_Ausstattung_Garderobe","Woongroep_Boschgaard_Den_Bosch__009__Feste_Ausstattung_Garderobe","clean_phase20","_database/reuse_einsatz/Woongroep_Boschgaard_Den_Bosch__009__Feste_Ausstattung_Garderobe/index.md","1","1"
"reuse_einsatz","Zinneke_Feder_Masui4ever_Brussels__001__Stahltr_ger","reuse_einsatz/Zinneke_Feder_Masui4ever_Brussels__001__Stahltr_ger","Zinneke_Feder_Masui4ever_Brussels__001__Stahltr_ger","clean_phase20","_database/reuse_einsatz/Zinneke_Feder_Masui4ever_Brussels__001__Stahltr_ger/index.md","1","1"
"reuse_einsatz","Zinneke_Feder_Masui4ever_Brussels__002__Fensterrahmen","reuse_einsatz/Zinneke_Feder_Masui4ever_Brussels__002__Fensterrahmen","Zinneke_Feder_Masui4ever_Brussels__002__Fensterrahmen","clean_phase20","_database/reuse_einsatz/Zinneke_Feder_Masui4ever_Brussels__002__Fensterrahmen/index.md","1","1"
"reuse_einsatz","Zinneke_Feder_Masui4ever_Brussels__003__Steinwolle_D_mmplatten","reuse_einsatz/Zinneke_Feder_Masui4ever_Brussels__003__Steinwolle_D_mmplatten","Zinneke_Feder_Masui4ever_Brussels__003__Steinwolle_D_mmplatten","clean_phase20","_database/reuse_einsatz/Zinneke_Feder_Masui4ever_Brussels__003__Steinwolle_D_mmplatten/index.md","1","1"
"reuse_einsatz","Zinneke_Feder_Masui4ever_Brussels__004__Stahl_Treppen","reuse_einsatz/Zinneke_Feder_Masui4ever_Brussels__004__Stahl_Treppen","Zinneke_Feder_Masui4ever_Brussels__004__Stahl_Treppen","clean_phase20","_database/reuse_einsatz/Zinneke_Feder_Masui4ever_Brussels__004__Stahl_Treppen/index.md","1","1"
"reuse_einsatz","Zinneke_Feder_Masui4ever_Brussels__005__Azob_Dielen","reuse_einsatz/Zinneke_Feder_Masui4ever_Brussels__005__Azob_Dielen","Zinneke_Feder_Masui4ever_Brussels__005__Azob_Dielen","clean_phase20","_database/reuse_einsatz/Zinneke_Feder_Masui4ever_Brussels__005__Azob_Dielen/index.md","1","1"
"reuse_einsatz","Zinneke_Feder_Masui4ever_Brussels__006__Eichenparkett","reuse_einsatz/Zinneke_Feder_Masui4ever_Brussels__006__Eichenparkett","Zinneke_Feder_Masui4ever_Brussels__006__Eichenparkett","clean_phase20","_database/reuse_einsatz/Zinneke_Feder_Masui4ever_Brussels__006__Eichenparkett/index.md","1","1"
"reuse_einsatz","Zinneke_Feder_Masui4ever_Brussels__007__Heizk_rper","reuse_einsatz/Zinneke_Feder_Masui4ever_Brussels__007__Heizk_rper","Zinneke_Feder_Masui4ever_Brussels__007__Heizk_rper","clean_phase20","_database/reuse_einsatz/Zinneke_Feder_Masui4ever_Brussels__007__Heizk_rper/index.md","1","1"
"reuse_einsatz","Zinneke_Feder_Masui4ever_Brussels__008__T_ren_inkl_Brandschutzt_ren","reuse_einsatz/Zinneke_Feder_Masui4ever_Brussels__008__T_ren_inkl_Brandschutzt_ren","Zinneke_Feder_Masui4ever_Brussels__008__T_ren_inkl_Brandschutzt_ren","clean_phase20","_database/reuse_einsatz/Zinneke_Feder_Masui4ever_Brussels__008__T_ren_inkl_Brandschutzt_ren/index.md","1","1"
"reuse_einsatz","Zinneke_Feder_Masui4ever_Brussels__009__L_ftungsgruppe","reuse_einsatz/Zinneke_Feder_Masui4ever_Brussels__009__L_ftungsgruppe","Zinneke_Feder_Masui4ever_Brussels__009__L_ftungsgruppe","clean_phase20","_database/reuse_einsatz/Zinneke_Feder_Masui4ever_Brussels__009__L_ftungsgruppe/index.md","1","1"
"reuse_einsatz","Zinneke_Feder_Masui4ever_Brussels__010__Bestandstragwerk","reuse_einsatz/Zinneke_Feder_Masui4ever_Brussels__010__Bestandstragwerk","Zinneke_Feder_Masui4ever_Brussels__010__Bestandstragwerk","clean_phase20","_database/reuse_einsatz/Zinneke_Feder_Masui4ever_Brussels__010__Bestandstragwerk/index.md","1","1"
"reuse_einsatzstatus","Temporaer","reuse_einsatzstatus/Temporaer","Temporaer","clean_phase20","_database/reuse_einsatzstatus/Temporaer/index.md","1","1"
"reuse_kette","55_Great_Suffolk_Street_London","reuse_kette/55_Great_Suffolk_Street_London","55_Great_Suffolk_Street_London","clean_phase20","_database/reuse_kette/55_Great_Suffolk_Street_London/index.md","1","1"
"reuse_kette","AWM_Muenster_Circular_Office","reuse_kette/AWM_Muenster_Circular_Office","AWM_Muenster_Circular_Office","clean_phase20","_database/reuse_kette/AWM_Muenster_Circular_Office/index.md","1","1"
"reuse_kette","BedZED_London_Hackbridge","reuse_kette/BedZED_London_Hackbridge","BedZED_London_Hackbridge","clean_phase20","_database/reuse_kette/BedZED_London_Hackbridge/index.md","1","1"
"reuse_kette","Bestandverplanzung_Pavilion_Muenchen","reuse_kette/Bestandverplanzung_Pavilion_Muenchen","Bestandverplanzung_Pavilion_Muenchen","clean_phase20","_database/reuse_kette/Bestandverplanzung_Pavilion_Muenchen/index.md","1","1"
"reuse_kette","Big_Dig_Building_Boston","reuse_kette/Big_Dig_Building_Boston","Big_Dig_Building_Boston","clean_phase20","_database/reuse_kette/Big_Dig_Building_Boston/index.md","1","1"
"reuse_kette","Big_Dig_House_Lexington_Massachusetts","reuse_kette/Big_Dig_House_Lexington_Massachusetts","Big_Dig_House_Lexington_Massachusetts","clean_phase20","_database/reuse_kette/Big_Dig_House_Lexington_Massachusetts/index.md","1","1"
"reuse_kette","BioPartner_5_Leiden_Oegstgeest","reuse_kette/BioPartner_5_Leiden_Oegstgeest","BioPartner_5_Leiden_Oegstgeest","clean_phase20","_database/reuse_kette/BioPartner_5_Leiden_Oegstgeest/index.md","1","1"
"reuse_kette","BlueCity_Offices_Rotterdam","reuse_kette/BlueCity_Offices_Rotterdam","BlueCity_Offices_Rotterdam","clean_phase20","_database/reuse_kette/BlueCity_Offices_Rotterdam/index.md","1","1"
"reuse_kette","Boulder_Fire_Station_3","reuse_kette/Boulder_Fire_Station_3","Boulder_Fire_Station_3","clean_phase20","_database/reuse_kette/Boulder_Fire_Station_3/index.md","1","1"
"reuse_kette","Brent_Cross_Town_Primary_Substation_London","reuse_kette/Brent_Cross_Town_Primary_Substation_London","Brent_Cross_Town_Primary_Substation_London","clean_phase20","_database/reuse_kette/Brent_Cross_Town_Primary_Substation_London/index.md","1","1"
"reuse_kette","Broethen_Twin_House_Hoyerswerda","reuse_kette/Broethen_Twin_House_Hoyerswerda","Broethen_Twin_House_Hoyerswerda","clean_phase20","_database/reuse_kette/Broethen_Twin_House_Hoyerswerda/index.md","1","1"
"reuse_kette","CascadeUp_London_secondary_timber_glulam_demonstrator","reuse_kette/CascadeUp_London_secondary_timber_glulam_demonstrator","CascadeUp_London_secondary_timber_glulam_demonstrator","clean_phase20","_database/reuse_kette/CascadeUp_London_secondary_timber_glulam_demonstrator/index.md","1","1"
"reuse_kette","Christ_Pavilion_Volkenroda","reuse_kette/Christ_Pavilion_Volkenroda","Christ_Pavilion_Volkenroda","clean_phase20","_database/reuse_kette/Christ_Pavilion_Volkenroda/index.md","1","1"
"reuse_kette","Circular_Centre_Netherlands_Prinsenhof_A_reuse_pilot","reuse_kette/Circular_Centre_Netherlands_Prinsenhof_A_reuse_pilot","Circular_Centre_Netherlands_Prinsenhof_A_reuse_pilot","clean_phase20","_database/reuse_kette/Circular_Centre_Netherlands_Prinsenhof_A_reuse_pilot/index.md","1","1"
"reuse_kette","Circular_Pavilion_Paris","reuse_kette/Circular_Pavilion_Paris","Circular_Pavilion_Paris","clean_phase20","_database/reuse_kette/Circular_Pavilion_Paris/index.md","1","1"
"reuse_kette","Europa_Building_Brussels","reuse_kette/Europa_Building_Brussels","Europa_Building_Brussels","clean_phase20","_database/reuse_kette/Europa_Building_Brussels/index.md","1","1"
"reuse_kette","Harmalanranta_A_Kruunu_ReCreate_mini_pilot_Tampere","reuse_kette/Harmalanranta_A_Kruunu_ReCreate_mini_pilot_Tampere","Harmalanranta_A_Kruunu_ReCreate_mini_pilot_Tampere","clean_phase20","_database/reuse_kette/Harmalanranta_A_Kruunu_ReCreate_mini_pilot_Tampere/index.md","1","1"
"reuse_kette","Holbein_Gardens_London","reuse_kette/Holbein_Gardens_London","Holbein_Gardens_London","clean_phase20","_database/reuse_kette/Holbein_Gardens_London/index.md","1","1"
"reuse_kette","House_of_Fraser_318_Oxford_Street_TBC_London_reuse_chain","reuse_kette/House_of_Fraser_318_Oxford_Street_TBC_London_reuse_chain","House_of_Fraser_318_Oxford_Street_TBC_London_reuse_chain","clean_phase20","_database/reuse_kette/House_of_Fraser_318_Oxford_Street_TBC_London_reuse_chain/index.md","1","1"
"reuse_kette","Jeugdkliniek_Ithaka_Emergis_Kloetinge","reuse_kette/Jeugdkliniek_Ithaka_Emergis_Kloetinge","Jeugdkliniek_Ithaka_Emergis_Kloetinge","clean_phase20","_database/reuse_kette/Jeugdkliniek_Ithaka_Emergis_Kloetinge/index.md","1","1"
"reuse_kette","Juch_Areal_Recyclingzentrum_Zuerich","reuse_kette/Juch_Areal_Recyclingzentrum_Zuerich","Juch_Areal_Recyclingzentrum_Zuerich","clean_phase20","_database/reuse_kette/Juch_Areal_Recyclingzentrum_Zuerich/index.md","1","1"
"reuse_kette","K118_Kopfbau_Halle_118_Winterthur","reuse_kette/K118_Kopfbau_Halle_118_Winterthur","K118_Kopfbau_Halle_118_Winterthur","clean_phase20","_database/reuse_kette/K118_Kopfbau_Halle_118_Winterthur/index.md","1","1"
"reuse_kette","KA13_Kristian_Augusts_gate_13_Oslo","reuse_kette/KA13_Kristian_Augusts_gate_13_Oslo","KA13_Kristian_Augusts_gate_13_Oslo","clean_phase20","_database/reuse_kette/KA13_Kristian_Augusts_gate_13_Oslo/index.md","1","1"
"reuse_kette","Liander_Alliander_HQ_Duiven","reuse_kette/Liander_Alliander_HQ_Duiven","Liander_Alliander_HQ_Duiven","clean_phase20","_database/reuse_kette/Liander_Alliander_HQ_Duiven/index.md","1","1"
"reuse_kette","Lokomotion_Technology_Centre_mini_pilot_Tampere","reuse_kette/Lokomotion_Technology_Centre_mini_pilot_Tampere","Lokomotion_Technology_Centre_mini_pilot_Tampere","clean_phase20","_database/reuse_kette/Lokomotion_Technology_Centre_mini_pilot_Tampere/index.md","1","1"
"reuse_kette","Maison_des_Canaux_Paris","reuse_kette/Maison_des_Canaux_Paris","Maison_des_Canaux_Paris","clean_phase20","_database/reuse_kette/Maison_des_Canaux_Paris/index.md","1","1"
"reuse_kette","Melkinlaituri_Primary_School_Daycare_Centre_Helsinki","reuse_kette/Melkinlaituri_Primary_School_Daycare_Centre_Helsinki","Melkinlaituri_Primary_School_Daycare_Centre_Helsinki","clean_phase20","_database/reuse_kette/Melkinlaituri_Primary_School_Daycare_Centre_Helsinki/index.md","1","1"
"reuse_kette","Montessori_Maassluis","reuse_kette/Montessori_Maassluis","Montessori_Maassluis","clean_phase20","_database/reuse_kette/Montessori_Maassluis/index.md","1","1"
"reuse_kette","Musee_de_Folklore_Mouscron","reuse_kette/Musee_de_Folklore_Mouscron","Musee_de_Folklore_Mouscron","clean_phase20","_database/reuse_kette/Musee_de_Folklore_Mouscron/index.md","1","1"
"reuse_kette","Peoples_Pavilion_Eindhoven","reuse_kette/Peoples_Pavilion_Eindhoven","Peoples_Pavilion_Eindhoven","clean_phase20","_database/reuse_kette/Peoples_Pavilion_Eindhoven/index.md","1","1"
"reuse_kette","Plattenpalast_Berlin","reuse_kette/Plattenpalast_Berlin","Plattenpalast_Berlin","clean_phase20","_database/reuse_kette/Plattenpalast_Berlin/index.md","1","1"
"reuse_kette","Plattenvereinigung_Berlin","reuse_kette/Plattenvereinigung_Berlin","Plattenvereinigung_Berlin","clean_phase20","_database/reuse_kette/Plattenvereinigung_Berlin/index.md","1","1"
"reuse_kette","ReCrete_footbridge_reused_concrete_blocks","reuse_kette/ReCrete_footbridge_reused_concrete_blocks","ReCrete_footbridge_reused_concrete_blocks","clean_phase20","_database/reuse_kette/ReCrete_footbridge_reused_concrete_blocks/index.md","1","1"
"reuse_kette","Recypark_Demets_Anderlecht","reuse_kette/Recypark_Demets_Anderlecht","Recypark_Demets_Anderlecht","clean_phase20","_database/reuse_kette/Recypark_Demets_Anderlecht/index.md","1","1"
"reuse_kette","Resource_Rows_Copenhagen","reuse_kette/Resource_Rows_Copenhagen","Resource_Rows_Copenhagen","clean_phase20","_database/reuse_kette/Resource_Rows_Copenhagen/index.md","1","1"
"reuse_kette","Roots_in_the_Sky_Blackfriars_Crown_Court","reuse_kette/Roots_in_the_Sky_Blackfriars_Crown_Court","Roots_in_the_Sky_Blackfriars_Crown_Court","clean_phase20","_database/reuse_kette/Roots_in_the_Sky_Blackfriars_Crown_Court/index.md","1","1"
"reuse_kette","Saxum_Vineyard_Equipment_Barn_Paso_Robles","reuse_kette/Saxum_Vineyard_Equipment_Barn_Paso_Robles","Saxum_Vineyard_Equipment_Barn_Paso_Robles","clean_phase20","_database/reuse_kette/Saxum_Vineyard_Equipment_Barn_Paso_Robles/index.md","1","1"
"reuse_kette","Superlocal_Expogebouw_Bleijerheide","reuse_kette/Superlocal_Expogebouw_Bleijerheide","Superlocal_Expogebouw_Bleijerheide","clean_phase20","_database/reuse_kette/Superlocal_Expogebouw_Bleijerheide/index.md","1","1"
"reuse_kette","Svanen_Kindergarten_Gladsaxe","reuse_kette/Svanen_Kindergarten_Gladsaxe","Svanen_Kindergarten_Gladsaxe","clean_phase20","_database/reuse_kette/Svanen_Kindergarten_Gladsaxe/index.md","1","1"
"reuse_kette","Timber_Square_London","reuse_kette/Timber_Square_London","Timber_Square_London","clean_phase20","_database/reuse_kette/Timber_Square_London/index.md","1","1"
"reuse_kette","TRAE_High_Rise_Aarhus","reuse_kette/TRAE_High_Rise_Aarhus","TRAE_High_Rise_Aarhus","clean_phase20","_database/reuse_kette/TRAE_High_Rise_Aarhus/index.md","1","1"
"reuse_kette","Verbiest_Karreveld_Brussels","reuse_kette/Verbiest_Karreveld_Brussels","Verbiest_Karreveld_Brussels","clean_phase20","_database/reuse_kette/Verbiest_Karreveld_Brussels/index.md","1","1"
"reuse_kettenstation","55_Great_Suffolk_Street_London__Donor","reuse_kettenstation/55_Great_Suffolk_Street_London__Donor","55_Great_Suffolk_Street_London__Donor","clean_phase20","_database/reuse_kettenstation/55_Great_Suffolk_Street_London__Donor/index.md","1","1"
"reuse_kettenstation","55_Great_Suffolk_Street_London__Receiver","reuse_kettenstation/55_Great_Suffolk_Street_London__Receiver","55_Great_Suffolk_Street_London__Receiver","clean_phase20","_database/reuse_kettenstation/55_Great_Suffolk_Street_London__Receiver/index.md","1","1"
"reuse_kettenstation","AWM_Muenster_Circular_Office__Donor","reuse_kettenstation/AWM_Muenster_Circular_Office__Donor","AWM_Muenster_Circular_Office__Donor","clean_phase20","_database/reuse_kettenstation/AWM_Muenster_Circular_Office__Donor/index.md","1","1"
"reuse_kettenstation","AWM_Muenster_Circular_Office__Receiver","reuse_kettenstation/AWM_Muenster_Circular_Office__Receiver","AWM_Muenster_Circular_Office__Receiver","clean_phase20","_database/reuse_kettenstation/AWM_Muenster_Circular_Office__Receiver/index.md","1","1"
"reuse_kettenstation","BedZED_London_Hackbridge__Donor","reuse_kettenstation/BedZED_London_Hackbridge__Donor","BedZED_London_Hackbridge__Donor","clean_phase20","_database/reuse_kettenstation/BedZED_London_Hackbridge__Donor/index.md","1","1"
"reuse_kettenstation","BedZED_London_Hackbridge__Receiver","reuse_kettenstation/BedZED_London_Hackbridge__Receiver","BedZED_London_Hackbridge__Receiver","clean_phase20","_database/reuse_kettenstation/BedZED_London_Hackbridge__Receiver/index.md","1","1"
"reuse_kettenstation","Bestandverplanzung_Pavilion_Muenchen__Donor","reuse_kettenstation/Bestandverplanzung_Pavilion_Muenchen__Donor","Bestandverplanzung_Pavilion_Muenchen__Donor","clean_phase20","_database/reuse_kettenstation/Bestandverplanzung_Pavilion_Muenchen__Donor/index.md","1","1"
"reuse_kettenstation","Bestandverplanzung_Pavilion_Muenchen__Receiver","reuse_kettenstation/Bestandverplanzung_Pavilion_Muenchen__Receiver","Bestandverplanzung_Pavilion_Muenchen__Receiver","clean_phase20","_database/reuse_kettenstation/Bestandverplanzung_Pavilion_Muenchen__Receiver/index.md","1","1"
"reuse_kettenstation","Big_Dig_Building_Boston__Donor","reuse_kettenstation/Big_Dig_Building_Boston__Donor","Big_Dig_Building_Boston__Donor","clean_phase20","_database/reuse_kettenstation/Big_Dig_Building_Boston__Donor/index.md","1","1"
"reuse_kettenstation","Big_Dig_Building_Boston__Receiver","reuse_kettenstation/Big_Dig_Building_Boston__Receiver","Big_Dig_Building_Boston__Receiver","clean_phase20","_database/reuse_kettenstation/Big_Dig_Building_Boston__Receiver/index.md","1","1"
"reuse_kettenstation","Big_Dig_House_Lexington_Massachusetts__Donor","reuse_kettenstation/Big_Dig_House_Lexington_Massachusetts__Donor","Big_Dig_House_Lexington_Massachusetts__Donor","clean_phase20","_database/reuse_kettenstation/Big_Dig_House_Lexington_Massachusetts__Donor/index.md","1","1"
"reuse_kettenstation","Big_Dig_House_Lexington_Massachusetts__Receiver","reuse_kettenstation/Big_Dig_House_Lexington_Massachusetts__Receiver","Big_Dig_House_Lexington_Massachusetts__Receiver","clean_phase20","_database/reuse_kettenstation/Big_Dig_House_Lexington_Massachusetts__Receiver/index.md","1","1"
"reuse_kettenstation","BioPartner_5_Leiden_Oegstgeest__Donor","reuse_kettenstation/BioPartner_5_Leiden_Oegstgeest__Donor","BioPartner_5_Leiden_Oegstgeest__Donor","clean_phase20","_database/reuse_kettenstation/BioPartner_5_Leiden_Oegstgeest__Donor/index.md","1","1"
"reuse_kettenstation","BioPartner_5_Leiden_Oegstgeest__Receiver","reuse_kettenstation/BioPartner_5_Leiden_Oegstgeest__Receiver","BioPartner_5_Leiden_Oegstgeest__Receiver","clean_phase20","_database/reuse_kettenstation/BioPartner_5_Leiden_Oegstgeest__Receiver/index.md","1","1"
"reuse_kettenstation","BlueCity_Offices_Rotterdam__Donor","reuse_kettenstation/BlueCity_Offices_Rotterdam__Donor","BlueCity_Offices_Rotterdam__Donor","clean_phase20","_database/reuse_kettenstation/BlueCity_Offices_Rotterdam__Donor/index.md","1","1"
"reuse_kettenstation","BlueCity_Offices_Rotterdam__Receiver","reuse_kettenstation/BlueCity_Offices_Rotterdam__Receiver","BlueCity_Offices_Rotterdam__Receiver","clean_phase20","_database/reuse_kettenstation/BlueCity_Offices_Rotterdam__Receiver/index.md","1","1"
"reuse_kettenstation","Boulder_Fire_Station_3__Donor","reuse_kettenstation/Boulder_Fire_Station_3__Donor","Boulder_Fire_Station_3__Donor","clean_phase20","_database/reuse_kettenstation/Boulder_Fire_Station_3__Donor/index.md","1","1"
"reuse_kettenstation","Boulder_Fire_Station_3__Receiver","reuse_kettenstation/Boulder_Fire_Station_3__Receiver","Boulder_Fire_Station_3__Receiver","clean_phase20","_database/reuse_kettenstation/Boulder_Fire_Station_3__Receiver/index.md","1","1"
"reuse_kettenstation","Brent_Cross_Town_Primary_Substation_London__Donor","reuse_kettenstation/Brent_Cross_Town_Primary_Substation_London__Donor","Brent_Cross_Town_Primary_Substation_London__Donor","clean_phase20","_database/reuse_kettenstation/Brent_Cross_Town_Primary_Substation_London__Donor/index.md","1","1"
"reuse_kettenstation","Brent_Cross_Town_Primary_Substation_London__Receiver","reuse_kettenstation/Brent_Cross_Town_Primary_Substation_London__Receiver","Brent_Cross_Town_Primary_Substation_London__Receiver","clean_phase20","_database/reuse_kettenstation/Brent_Cross_Town_Primary_Substation_London__Receiver/index.md","1","1"
"reuse_kettenstation","Broethen_Twin_House_Hoyerswerda__Donor","reuse_kettenstation/Broethen_Twin_House_Hoyerswerda__Donor","Broethen_Twin_House_Hoyerswerda__Donor","clean_phase20","_database/reuse_kettenstation/Broethen_Twin_House_Hoyerswerda__Donor/index.md","1","1"
"reuse_kettenstation","Broethen_Twin_House_Hoyerswerda__Receiver","reuse_kettenstation/Broethen_Twin_House_Hoyerswerda__Receiver","Broethen_Twin_House_Hoyerswerda__Receiver","clean_phase20","_database/reuse_kettenstation/Broethen_Twin_House_Hoyerswerda__Receiver/index.md","1","1"
"reuse_kettenstation","CascadeUp_London_secondary_timber_glulam_demonstrator__Donor","reuse_kettenstation/CascadeUp_London_secondary_timber_glulam_demonstrator__Donor","CascadeUp_London_secondary_timber_glulam_demonstrator__Donor","clean_phase20","_database/reuse_kettenstation/CascadeUp_London_secondary_timber_glulam_demonstrator__Donor/index.md","1","1"
"reuse_kettenstation","CascadeUp_London_secondary_timber_glulam_demonstrator__Receiver","reuse_kettenstation/CascadeUp_London_secondary_timber_glulam_demonstrator__Receiver","CascadeUp_London_secondary_timber_glulam_demonstrator__Receiver","clean_phase20","_database/reuse_kettenstation/CascadeUp_London_secondary_timber_glulam_demonstrator__Receiver/index.md","1","1"
"reuse_kettenstation","Christ_Pavilion_Volkenroda__Donor","reuse_kettenstation/Christ_Pavilion_Volkenroda__Donor","Christ_Pavilion_Volkenroda__Donor","clean_phase20","_database/reuse_kettenstation/Christ_Pavilion_Volkenroda__Donor/index.md","1","1"
"reuse_kettenstation","Christ_Pavilion_Volkenroda__Receiver","reuse_kettenstation/Christ_Pavilion_Volkenroda__Receiver","Christ_Pavilion_Volkenroda__Receiver","clean_phase20","_database/reuse_kettenstation/Christ_Pavilion_Volkenroda__Receiver/index.md","1","1"
"reuse_kettenstation","Circular_Centre_Netherlands_Prinsenhof_A_reuse_pilot__Donor","reuse_kettenstation/Circular_Centre_Netherlands_Prinsenhof_A_reuse_pilot__Donor","Circular_Centre_Netherlands_Prinsenhof_A_reuse_pilot__Donor","clean_phase20","_database/reuse_kettenstation/Circular_Centre_Netherlands_Prinsenhof_A_reuse_pilot__Donor/index.md","1","1"
"reuse_kettenstation","Circular_Centre_Netherlands_Prinsenhof_A_reuse_pilot__Receiver","reuse_kettenstation/Circular_Centre_Netherlands_Prinsenhof_A_reuse_pilot__Receiver","Circular_Centre_Netherlands_Prinsenhof_A_reuse_pilot__Receiver","clean_phase20","_database/reuse_kettenstation/Circular_Centre_Netherlands_Prinsenhof_A_reuse_pilot__Receiver/index.md","1","1"
"reuse_kettenstation","Circular_Pavilion_Paris__Donor","reuse_kettenstation/Circular_Pavilion_Paris__Donor","Circular_Pavilion_Paris__Donor","clean_phase20","_database/reuse_kettenstation/Circular_Pavilion_Paris__Donor/index.md","1","1"
"reuse_kettenstation","Circular_Pavilion_Paris__Receiver","reuse_kettenstation/Circular_Pavilion_Paris__Receiver","Circular_Pavilion_Paris__Receiver","clean_phase20","_database/reuse_kettenstation/Circular_Pavilion_Paris__Receiver/index.md","1","1"
"reuse_kettenstation","Europa_Building_Brussels__Donor","reuse_kettenstation/Europa_Building_Brussels__Donor","Europa_Building_Brussels__Donor","clean_phase20","_database/reuse_kettenstation/Europa_Building_Brussels__Donor/index.md","1","1"
"reuse_kettenstation","Europa_Building_Brussels__Receiver","reuse_kettenstation/Europa_Building_Brussels__Receiver","Europa_Building_Brussels__Receiver","clean_phase20","_database/reuse_kettenstation/Europa_Building_Brussels__Receiver/index.md","1","1"
"reuse_kettenstation","Harmalanranta_A_Kruunu_ReCreate_mini_pilot_Tampere__Donor","reuse_kettenstation/Harmalanranta_A_Kruunu_ReCreate_mini_pilot_Tampere__Donor","Harmalanranta_A_Kruunu_ReCreate_mini_pilot_Tampere__Donor","clean_phase20","_database/reuse_kettenstation/Harmalanranta_A_Kruunu_ReCreate_mini_pilot_Tampere__Donor/index.md","1","1"
"reuse_kettenstation","Harmalanranta_A_Kruunu_ReCreate_mini_pilot_Tampere__Receiver","reuse_kettenstation/Harmalanranta_A_Kruunu_ReCreate_mini_pilot_Tampere__Receiver","Harmalanranta_A_Kruunu_ReCreate_mini_pilot_Tampere__Receiver","clean_phase20","_database/reuse_kettenstation/Harmalanranta_A_Kruunu_ReCreate_mini_pilot_Tampere__Receiver/index.md","1","1"
"reuse_kettenstation","Holbein_Gardens_London__Donor","reuse_kettenstation/Holbein_Gardens_London__Donor","Holbein_Gardens_London__Donor","clean_phase20","_database/reuse_kettenstation/Holbein_Gardens_London__Donor/index.md","1","1"
"reuse_kettenstation","Holbein_Gardens_London__Receiver","reuse_kettenstation/Holbein_Gardens_London__Receiver","Holbein_Gardens_London__Receiver","clean_phase20","_database/reuse_kettenstation/Holbein_Gardens_London__Receiver/index.md","1","1"
"reuse_kettenstation","House_of_Fraser_318_Oxford_Street_TBC_London_reuse_chain__Donor","reuse_kettenstation/House_of_Fraser_318_Oxford_Street_TBC_London_reuse_chain__Donor","House_of_Fraser_318_Oxford_Street_TBC_London_reuse_chain__Donor","clean_phase20","_database/reuse_kettenstation/House_of_Fraser_318_Oxford_Street_TBC_London_reuse_chain__Donor/index.md","1","1"
"reuse_kettenstation","House_of_Fraser_318_Oxford_Street_TBC_London_reuse_chain__Receiver","reuse_kettenstation/House_of_Fraser_318_Oxford_Street_TBC_London_reuse_chain__Receiver","House_of_Fraser_318_Oxford_Street_TBC_London_reuse_chain__Receiver","clean_phase20","_database/reuse_kettenstation/House_of_Fraser_318_Oxford_Street_TBC_London_reuse_chain__Receiver/index.md","1","1"
"reuse_kettenstation","Jeugdkliniek_Ithaka_Emergis_Kloetinge__Donor","reuse_kettenstation/Jeugdkliniek_Ithaka_Emergis_Kloetinge__Donor","Jeugdkliniek_Ithaka_Emergis_Kloetinge__Donor","clean_phase20","_database/reuse_kettenstation/Jeugdkliniek_Ithaka_Emergis_Kloetinge__Donor/index.md","1","1"
"reuse_kettenstation","Jeugdkliniek_Ithaka_Emergis_Kloetinge__Receiver","reuse_kettenstation/Jeugdkliniek_Ithaka_Emergis_Kloetinge__Receiver","Jeugdkliniek_Ithaka_Emergis_Kloetinge__Receiver","clean_phase20","_database/reuse_kettenstation/Jeugdkliniek_Ithaka_Emergis_Kloetinge__Receiver/index.md","1","1"
"reuse_kettenstation","Juch_Areal_Recyclingzentrum_Zuerich__Donor","reuse_kettenstation/Juch_Areal_Recyclingzentrum_Zuerich__Donor","Juch_Areal_Recyclingzentrum_Zuerich__Donor","clean_phase20","_database/reuse_kettenstation/Juch_Areal_Recyclingzentrum_Zuerich__Donor/index.md","1","1"
"reuse_kettenstation","Juch_Areal_Recyclingzentrum_Zuerich__Receiver","reuse_kettenstation/Juch_Areal_Recyclingzentrum_Zuerich__Receiver","Juch_Areal_Recyclingzentrum_Zuerich__Receiver","clean_phase20","_database/reuse_kettenstation/Juch_Areal_Recyclingzentrum_Zuerich__Receiver/index.md","1","1"
"reuse_kettenstation","K118_Kopfbau_Halle_118_Winterthur__Donor","reuse_kettenstation/K118_Kopfbau_Halle_118_Winterthur__Donor","K118_Kopfbau_Halle_118_Winterthur__Donor","clean_phase20","_database/reuse_kettenstation/K118_Kopfbau_Halle_118_Winterthur__Donor/index.md","1","1"
"reuse_kettenstation","K118_Kopfbau_Halle_118_Winterthur__Receiver","reuse_kettenstation/K118_Kopfbau_Halle_118_Winterthur__Receiver","K118_Kopfbau_Halle_118_Winterthur__Receiver","clean_phase20","_database/reuse_kettenstation/K118_Kopfbau_Halle_118_Winterthur__Receiver/index.md","1","1"
"reuse_kettenstation","KA13_Kristian_Augusts_gate_13_Oslo__Donor","reuse_kettenstation/KA13_Kristian_Augusts_gate_13_Oslo__Donor","KA13_Kristian_Augusts_gate_13_Oslo__Donor","clean_phase20","_database/reuse_kettenstation/KA13_Kristian_Augusts_gate_13_Oslo__Donor/index.md","1","1"
"reuse_kettenstation","KA13_Kristian_Augusts_gate_13_Oslo__Receiver","reuse_kettenstation/KA13_Kristian_Augusts_gate_13_Oslo__Receiver","KA13_Kristian_Augusts_gate_13_Oslo__Receiver","clean_phase20","_database/reuse_kettenstation/KA13_Kristian_Augusts_gate_13_Oslo__Receiver/index.md","1","1"
"reuse_kettenstation","Liander_Alliander_HQ_Duiven__Donor","reuse_kettenstation/Liander_Alliander_HQ_Duiven__Donor","Liander_Alliander_HQ_Duiven__Donor","clean_phase20","_database/reuse_kettenstation/Liander_Alliander_HQ_Duiven__Donor/index.md","1","1"
"reuse_kettenstation","Liander_Alliander_HQ_Duiven__Receiver","reuse_kettenstation/Liander_Alliander_HQ_Duiven__Receiver","Liander_Alliander_HQ_Duiven__Receiver","clean_phase20","_database/reuse_kettenstation/Liander_Alliander_HQ_Duiven__Receiver/index.md","1","1"
"reuse_kettenstation","Lokomotion_Technology_Centre_mini_pilot_Tampere__Donor","reuse_kettenstation/Lokomotion_Technology_Centre_mini_pilot_Tampere__Donor","Lokomotion_Technology_Centre_mini_pilot_Tampere__Donor","clean_phase20","_database/reuse_kettenstation/Lokomotion_Technology_Centre_mini_pilot_Tampere__Donor/index.md","1","1"
"reuse_kettenstation","Lokomotion_Technology_Centre_mini_pilot_Tampere__Receiver","reuse_kettenstation/Lokomotion_Technology_Centre_mini_pilot_Tampere__Receiver","Lokomotion_Technology_Centre_mini_pilot_Tampere__Receiver","clean_phase20","_database/reuse_kettenstation/Lokomotion_Technology_Centre_mini_pilot_Tampere__Receiver/index.md","1","1"
"reuse_kettenstation","Maison_des_Canaux_Paris__Donor","reuse_kettenstation/Maison_des_Canaux_Paris__Donor","Maison_des_Canaux_Paris__Donor","clean_phase20","_database/reuse_kettenstation/Maison_des_Canaux_Paris__Donor/index.md","1","1"
"reuse_kettenstation","Maison_des_Canaux_Paris__Receiver","reuse_kettenstation/Maison_des_Canaux_Paris__Receiver","Maison_des_Canaux_Paris__Receiver","clean_phase20","_database/reuse_kettenstation/Maison_des_Canaux_Paris__Receiver/index.md","1","1"
"reuse_kettenstation","Melkinlaituri_Primary_School_Daycare_Centre_Helsinki__Donor","reuse_kettenstation/Melkinlaituri_Primary_School_Daycare_Centre_Helsinki__Donor","Melkinlaituri_Primary_School_Daycare_Centre_Helsinki__Donor","clean_phase20","_database/reuse_kettenstation/Melkinlaituri_Primary_School_Daycare_Centre_Helsinki__Donor/index.md","1","1"
"reuse_kettenstation","Melkinlaituri_Primary_School_Daycare_Centre_Helsinki__Receiver","reuse_kettenstation/Melkinlaituri_Primary_School_Daycare_Centre_Helsinki__Receiver","Melkinlaituri_Primary_School_Daycare_Centre_Helsinki__Receiver","clean_phase20","_database/reuse_kettenstation/Melkinlaituri_Primary_School_Daycare_Centre_Helsinki__Receiver/index.md","1","1"
"reuse_kettenstation","Montessori_Maassluis__Donor","reuse_kettenstation/Montessori_Maassluis__Donor","Montessori_Maassluis__Donor","clean_phase20","_database/reuse_kettenstation/Montessori_Maassluis__Donor/index.md","1","1"
"reuse_kettenstation","Montessori_Maassluis__Receiver","reuse_kettenstation/Montessori_Maassluis__Receiver","Montessori_Maassluis__Receiver","clean_phase20","_database/reuse_kettenstation/Montessori_Maassluis__Receiver/index.md","1","1"
"reuse_kettenstation","Musee_de_Folklore_Mouscron__Donor","reuse_kettenstation/Musee_de_Folklore_Mouscron__Donor","Musee_de_Folklore_Mouscron__Donor","clean_phase20","_database/reuse_kettenstation/Musee_de_Folklore_Mouscron__Donor/index.md","1","1"
"reuse_kettenstation","Musee_de_Folklore_Mouscron__Receiver","reuse_kettenstation/Musee_de_Folklore_Mouscron__Receiver","Musee_de_Folklore_Mouscron__Receiver","clean_phase20","_database/reuse_kettenstation/Musee_de_Folklore_Mouscron__Receiver/index.md","1","1"
"reuse_kettenstation","Peoples_Pavilion_Eindhoven__Donor","reuse_kettenstation/Peoples_Pavilion_Eindhoven__Donor","Peoples_Pavilion_Eindhoven__Donor","clean_phase20","_database/reuse_kettenstation/Peoples_Pavilion_Eindhoven__Donor/index.md","1","1"
"reuse_kettenstation","Peoples_Pavilion_Eindhoven__Receiver","reuse_kettenstation/Peoples_Pavilion_Eindhoven__Receiver","Peoples_Pavilion_Eindhoven__Receiver","clean_phase20","_database/reuse_kettenstation/Peoples_Pavilion_Eindhoven__Receiver/index.md","1","1"
"reuse_kettenstation","Plattenpalast_Berlin__Donor","reuse_kettenstation/Plattenpalast_Berlin__Donor","Plattenpalast_Berlin__Donor","clean_phase20","_database/reuse_kettenstation/Plattenpalast_Berlin__Donor/index.md","1","1"
"reuse_kettenstation","Plattenpalast_Berlin__Receiver","reuse_kettenstation/Plattenpalast_Berlin__Receiver","Plattenpalast_Berlin__Receiver","clean_phase20","_database/reuse_kettenstation/Plattenpalast_Berlin__Receiver/index.md","1","1"
"reuse_kettenstation","Plattenvereinigung_Berlin__Donor","reuse_kettenstation/Plattenvereinigung_Berlin__Donor","Plattenvereinigung_Berlin__Donor","clean_phase20","_database/reuse_kettenstation/Plattenvereinigung_Berlin__Donor/index.md","1","1"
"reuse_kettenstation","Plattenvereinigung_Berlin__Receiver","reuse_kettenstation/Plattenvereinigung_Berlin__Receiver","Plattenvereinigung_Berlin__Receiver","clean_phase20","_database/reuse_kettenstation/Plattenvereinigung_Berlin__Receiver/index.md","1","1"
"reuse_kettenstation","ReCrete_footbridge_reused_concrete_blocks__Donor","reuse_kettenstation/ReCrete_footbridge_reused_concrete_blocks__Donor","ReCrete_footbridge_reused_concrete_blocks__Donor","clean_phase20","_database/reuse_kettenstation/ReCrete_footbridge_reused_concrete_blocks__Donor/index.md","1","1"
"reuse_kettenstation","ReCrete_footbridge_reused_concrete_blocks__Receiver","reuse_kettenstation/ReCrete_footbridge_reused_concrete_blocks__Receiver","ReCrete_footbridge_reused_concrete_blocks__Receiver","clean_phase20","_database/reuse_kettenstation/ReCrete_footbridge_reused_concrete_blocks__Receiver/index.md","1","1"
"reuse_kettenstation","Recypark_Demets_Anderlecht__Donor","reuse_kettenstation/Recypark_Demets_Anderlecht__Donor","Recypark_Demets_Anderlecht__Donor","clean_phase20","_database/reuse_kettenstation/Recypark_Demets_Anderlecht__Donor/index.md","1","1"
"reuse_kettenstation","Recypark_Demets_Anderlecht__Receiver","reuse_kettenstation/Recypark_Demets_Anderlecht__Receiver","Recypark_Demets_Anderlecht__Receiver","clean_phase20","_database/reuse_kettenstation/Recypark_Demets_Anderlecht__Receiver/index.md","1","1"
"reuse_kettenstation","Resource_Rows_Copenhagen__Donor","reuse_kettenstation/Resource_Rows_Copenhagen__Donor","Resource_Rows_Copenhagen__Donor","clean_phase20","_database/reuse_kettenstation/Resource_Rows_Copenhagen__Donor/index.md","1","1"
"reuse_kettenstation","Resource_Rows_Copenhagen__Receiver","reuse_kettenstation/Resource_Rows_Copenhagen__Receiver","Resource_Rows_Copenhagen__Receiver","clean_phase20","_database/reuse_kettenstation/Resource_Rows_Copenhagen__Receiver/index.md","1","1"
"reuse_kettenstation","Roots_in_the_Sky_Blackfriars_Crown_Court__Donor","reuse_kettenstation/Roots_in_the_Sky_Blackfriars_Crown_Court__Donor","Roots_in_the_Sky_Blackfriars_Crown_Court__Donor","clean_phase20","_database/reuse_kettenstation/Roots_in_the_Sky_Blackfriars_Crown_Court__Donor/index.md","1","1"
"reuse_kettenstation","Roots_in_the_Sky_Blackfriars_Crown_Court__Receiver","reuse_kettenstation/Roots_in_the_Sky_Blackfriars_Crown_Court__Receiver","Roots_in_the_Sky_Blackfriars_Crown_Court__Receiver","clean_phase20","_database/reuse_kettenstation/Roots_in_the_Sky_Blackfriars_Crown_Court__Receiver/index.md","1","1"
"reuse_kettenstation","Saxum_Vineyard_Equipment_Barn_Paso_Robles__Donor","reuse_kettenstation/Saxum_Vineyard_Equipment_Barn_Paso_Robles__Donor","Saxum_Vineyard_Equipment_Barn_Paso_Robles__Donor","clean_phase20","_database/reuse_kettenstation/Saxum_Vineyard_Equipment_Barn_Paso_Robles__Donor/index.md","1","1"
"reuse_kettenstation","Saxum_Vineyard_Equipment_Barn_Paso_Robles__Receiver","reuse_kettenstation/Saxum_Vineyard_Equipment_Barn_Paso_Robles__Receiver","Saxum_Vineyard_Equipment_Barn_Paso_Robles__Receiver","clean_phase20","_database/reuse_kettenstation/Saxum_Vineyard_Equipment_Barn_Paso_Robles__Receiver/index.md","1","1"
"reuse_kettenstation","Superlocal_Expogebouw_Bleijerheide__Donor","reuse_kettenstation/Superlocal_Expogebouw_Bleijerheide__Donor","Superlocal_Expogebouw_Bleijerheide__Donor","clean_phase20","_database/reuse_kettenstation/Superlocal_Expogebouw_Bleijerheide__Donor/index.md","1","1"
"reuse_kettenstation","Superlocal_Expogebouw_Bleijerheide__Receiver","reuse_kettenstation/Superlocal_Expogebouw_Bleijerheide__Receiver","Superlocal_Expogebouw_Bleijerheide__Receiver","clean_phase20","_database/reuse_kettenstation/Superlocal_Expogebouw_Bleijerheide__Receiver/index.md","1","1"
"reuse_kettenstation","Svanen_Kindergarten_Gladsaxe__Donor","reuse_kettenstation/Svanen_Kindergarten_Gladsaxe__Donor","Svanen_Kindergarten_Gladsaxe__Donor","clean_phase20","_database/reuse_kettenstation/Svanen_Kindergarten_Gladsaxe__Donor/index.md","1","1"
"reuse_kettenstation","Svanen_Kindergarten_Gladsaxe__Receiver","reuse_kettenstation/Svanen_Kindergarten_Gladsaxe__Receiver","Svanen_Kindergarten_Gladsaxe__Receiver","clean_phase20","_database/reuse_kettenstation/Svanen_Kindergarten_Gladsaxe__Receiver/index.md","1","1"
"reuse_kettenstation","Timber_Square_London__Donor","reuse_kettenstation/Timber_Square_London__Donor","Timber_Square_London__Donor","clean_phase20","_database/reuse_kettenstation/Timber_Square_London__Donor/index.md","1","1"
"reuse_kettenstation","Timber_Square_London__Receiver","reuse_kettenstation/Timber_Square_London__Receiver","Timber_Square_London__Receiver","clean_phase20","_database/reuse_kettenstation/Timber_Square_London__Receiver/index.md","1","1"
"reuse_kettenstation","TRAE_High_Rise_Aarhus__Donor","reuse_kettenstation/TRAE_High_Rise_Aarhus__Donor","TRAE_High_Rise_Aarhus__Donor","clean_phase20","_database/reuse_kettenstation/TRAE_High_Rise_Aarhus__Donor/index.md","1","1"
"reuse_kettenstation","TRAE_High_Rise_Aarhus__Receiver","reuse_kettenstation/TRAE_High_Rise_Aarhus__Receiver","TRAE_High_Rise_Aarhus__Receiver","clean_phase20","_database/reuse_kettenstation/TRAE_High_Rise_Aarhus__Receiver/index.md","1","1"
"reuse_kettenstation","Verbiest_Karreveld_Brussels__Donor","reuse_kettenstation/Verbiest_Karreveld_Brussels__Donor","Verbiest_Karreveld_Brussels__Donor","clean_phase20","_database/reuse_kettenstation/Verbiest_Karreveld_Brussels__Donor/index.md","1","1"
"reuse_kettenstation","Verbiest_Karreveld_Brussels__Receiver","reuse_kettenstation/Verbiest_Karreveld_Brussels__Receiver","Verbiest_Karreveld_Brussels__Receiver","clean_phase20","_database/reuse_kettenstation/Verbiest_Karreveld_Brussels__Receiver/index.md","1","1"
"reuse_strategie","Adaptives_ReUse","reuse_strategie/Adaptives_ReUse","Adaptives_ReUse","clean_phase20","_database/reuse_strategie/Adaptives_ReUse/index.md","1","1"
"reuse_strategie","Bestandserhalt","reuse_strategie/Bestandserhalt","Bestandserhalt","clean_phase20","_database/reuse_strategie/Bestandserhalt/index.md","1","1"
"reuse_strategie","Design_for_Disassembly","reuse_strategie/Design_for_Disassembly","Design_for_Disassembly","clean_phase20","_database/reuse_strategie/Design_for_Disassembly/index.md","1","1"
"reuse_strategie","Direkte_Wiederverwendung","reuse_strategie/Direkte_Wiederverwendung","Direkte_Wiederverwendung","clean_phase20","_database/reuse_strategie/Direkte_Wiederverwendung/index.md","1","1"
"reuse_strategie","Refurbishment","reuse_strategie/Refurbishment","Refurbishment","clean_phase20","_database/reuse_strategie/Refurbishment/index.md","1","1"
"reuse_strategie","Weiterbauen_im_Bestand","reuse_strategie/Weiterbauen_im_Bestand","Weiterbauen_im_Bestand","clean_phase20","_database/reuse_strategie/Weiterbauen_im_Bestand/index.md","1","1"
"rueckbauverfahren","Ausbau_von_Bauteilen","rueckbauverfahren/Ausbau_von_Bauteilen","Ausbau_von_Bauteilen","clean_phase20","_database/rueckbauverfahren/Ausbau_von_Bauteilen/index.md","1","1"
"rueckbauverfahren","Betonfraesen","rueckbauverfahren/Betonfraesen","Betonfraesen","clean_phase20","_database/rueckbauverfahren/Betonfraesen/index.md","1","1"
"rueckbauverfahren","Demontage","rueckbauverfahren/Demontage","Demontage","clean_phase20","_database/rueckbauverfahren/Demontage/index.md","1","1"
"rueckbauverfahren","Selektiver_Rueckbau","rueckbauverfahren/Selektiver_Rueckbau","Selektiver_Rueckbau","clean_phase20","_database/rueckbauverfahren/Selektiver_Rueckbau/index.md","1","1"
"rueckbauverfahren","Zerstoerungsarme_Bergung","rueckbauverfahren/Zerstoerungsarme_Bergung","Zerstoerungsarme_Bergung","clean_phase20","_database/rueckbauverfahren/Zerstoerungsarme_Bergung/index.md","1","1"
"schadstoff","Asbest","schadstoff/Asbest","Asbest","clean_phase20","_database/schadstoff/Asbest/index.md","1","1"
"schadstoff","Bleifarbe","schadstoff/Bleifarbe","Bleifarbe","clean_phase20","_database/schadstoff/Bleifarbe/index.md","1","1"
"schadstoff","Holzschutzmittel","schadstoff/Holzschutzmittel","Holzschutzmittel","clean_phase20","_database/schadstoff/Holzschutzmittel/index.md","1","1"
"schadstoff","PAK","schadstoff/PAK","PAK","clean_phase20","_database/schadstoff/PAK/index.md","1","1"
"schadstoff","PCB","schadstoff/PCB","PCB","clean_phase20","_database/schadstoff/PCB/index.md","1","1"
"software_digitaltool","Abriss_Atlas","software_digitaltool/Abriss_Atlas","Abriss_Atlas","clean_phase20","_database/software_digitaltool/Abriss_Atlas/index.md","1","1"
"software_digitaltool","articonnex","software_digitaltool/articonnex","articonnex","clean_phase20","_database/software_digitaltool/articonnex/index.md","1","1"
"software_digitaltool","backacia","software_digitaltool/backacia","backacia","clean_phase20","_database/software_digitaltool/backacia/index.md","1","1"
"software_digitaltool","baticycle","software_digitaltool/baticycle","baticycle","clean_phase20","_database/software_digitaltool/baticycle/index.md","1","1"
"software_digitaltool","batiterre","software_digitaltool/batiterre","batiterre","clean_phase20","_database/software_digitaltool/batiterre/index.md","1","1"
"software_digitaltool","batrecup","software_digitaltool/batrecup","batrecup","clean_phase20","_database/software_digitaltool/batrecup/index.md","1","1"
"software_digitaltool","baukarussell","software_digitaltool/baukarussell","baukarussell","clean_phase20","_database/software_digitaltool/baukarussell/index.md","1","1"
"software_digitaltool","Bauteilboerse_Bremen","software_digitaltool/Bauteilboerse_Bremen","Bauteilboerse_Bremen","clean_phase20","_database/software_digitaltool/Bauteilboerse_Bremen/index.md","1","1"
"software_digitaltool","Bauteilboerse_Hannover","software_digitaltool/Bauteilboerse_Hannover","Bauteilboerse_Hannover","clean_phase20","_database/software_digitaltool/Bauteilboerse_Hannover/index.md","1","1"
"software_digitaltool","bauteilladen_winterthur","software_digitaltool/bauteilladen_winterthur","bauteilladen_winterthur","clean_phase20","_database/software_digitaltool/bauteilladen_winterthur/index.md","1","1"
"software_digitaltool","Bauteilnetz_Deutschland","software_digitaltool/Bauteilnetz_Deutschland","Bauteilnetz_Deutschland","clean_phase20","_database/software_digitaltool/Bauteilnetz_Deutschland/index.md","1","1"
"software_digitaltool","BIM","software_digitaltool/BIM","BIM","clean_phase20","_database/software_digitaltool/BIM/index.md","1","1"
"software_digitaltool","Bonsai_BlenderBIM","software_digitaltool/Bonsai_BlenderBIM","Bonsai_BlenderBIM","clean_phase20","_database/software_digitaltool/Bonsai_BlenderBIM/index.md","1","1"
"software_digitaltool","building_spares_market","software_digitaltool/building_spares_market","building_spares_market","clean_phase20","_database/software_digitaltool/building_spares_market/index.md","1","1"
"software_digitaltool","CMEx","software_digitaltool/CMEx","CMEx","clean_phase20","_database/software_digitaltool/CMEx/index.md","1","1"
"software_digitaltool","Concular_Plattform","software_digitaltool/Concular_Plattform","Concular_Plattform","clean_phase20","_database/software_digitaltool/Concular_Plattform/index.md","1","1"
"software_digitaltool","cornermat_retrival","software_digitaltool/cornermat_retrival","cornermat_retrival","clean_phase20","_database/software_digitaltool/cornermat_retrival/index.md","1","1"
"software_digitaltool","Cycle_Up","software_digitaltool/Cycle_Up","Cycle_Up","clean_phase20","_database/software_digitaltool/Cycle_Up/index.md","1","1"
"software_digitaltool","cycle_zero","software_digitaltool/cycle_zero","cycle_zero","clean_phase20","_database/software_digitaltool/cycle_zero/index.md","1","1"
"software_digitaltool","Dataview","software_digitaltool/Dataview","Dataview","clean_phase20","_database/software_digitaltool/Dataview/index.md","1","1"
"software_digitaltool","enviromate","software_digitaltool/enviromate","enviromate","clean_phase20","_database/software_digitaltool/enviromate/index.md","1","1"
"software_digitaltool","Excess_Materials_Exchange","software_digitaltool/Excess_Materials_Exchange","Excess_Materials_Exchange","clean_phase20","_database/software_digitaltool/Excess_Materials_Exchange/index.md","1","1"
"software_digitaltool","gebruiktebouwmaterialen_gbm","software_digitaltool/gebruiktebouwmaterialen_gbm","gebruiktebouwmaterialen_gbm","clean_phase20","_database/software_digitaltool/gebruiktebouwmaterialen_gbm/index.md","1","1"
"software_digitaltool","genbyg","software_digitaltool/genbyg","genbyg","clean_phase20","_database/software_digitaltool/genbyg/index.md","1","1"
"software_digitaltool","GIS_Urban_Mining","software_digitaltool/GIS_Urban_Mining","GIS_Urban_Mining","clean_phase20","_database/software_digitaltool/GIS_Urban_Mining/index.md","1","1"
"software_digitaltool","Globechain","software_digitaltool/Globechain","Globechain","clean_phase20","_database/software_digitaltool/Globechain/index.md","1","1"
"software_digitaltool","IFC_Viewer","software_digitaltool/IFC_Viewer","IFC_Viewer","clean_phase20","_database/software_digitaltool/IFC_Viewer/index.md","1","1"
"software_digitaltool","IfcOpenShell","software_digitaltool/IfcOpenShell","IfcOpenShell","clean_phase20","_database/software_digitaltool/IfcOpenShell/index.md","1","1"
"software_digitaltool","insert_marketplace","software_digitaltool/insert_marketplace","insert_marketplace","clean_phase20","_database/software_digitaltool/insert_marketplace/index.md","1","1"
"software_digitaltool","Klimaschutz_Konfigurator","software_digitaltool/Klimaschutz_Konfigurator","Klimaschutz_Konfigurator","clean_phase20","_database/software_digitaltool/Klimaschutz_Konfigurator/index.md","1","1"
"software_digitaltool","Library_of_Reuse","software_digitaltool/Library_of_Reuse","Library_of_Reuse","clean_phase20","_database/software_digitaltool/Library_of_Reuse/index.md","1","1"
"software_digitaltool","Lindner_Group_ReUsed_Products","software_digitaltool/Lindner_Group_ReUsed_Products","Lindner_Group_ReUsed_Products","clean_phase20","_database/software_digitaltool/Lindner_Group_ReUsed_Products/index.md","1","1"
"software_digitaltool","Loopfront","software_digitaltool/Loopfront","Loopfront","clean_phase20","_database/software_digitaltool/Loopfront/index.md","1","1"
"software_digitaltool","Maconda_Materialpass","software_digitaltool/Maconda_Materialpass","Maconda_Materialpass","clean_phase20","_database/software_digitaltool/Maconda_Materialpass/index.md","1","1"
"software_digitaltool","Maconda_ROMULUS","software_digitaltool/Maconda_ROMULUS","Maconda_ROMULUS","clean_phase20","_database/software_digitaltool/Maconda_ROMULUS/index.md","1","1"
"software_digitaltool","Madaster","software_digitaltool/Madaster","Madaster","clean_phase20","_database/software_digitaltool/Madaster/index.md","1","1"
"software_digitaltool","Material_Index","software_digitaltool/Material_Index","Material_Index","clean_phase20","_database/software_digitaltool/Material_Index/index.md","1","1"
"software_digitaltool","Material_Reuse_Portal","software_digitaltool/Material_Reuse_Portal","Material_Reuse_Portal","clean_phase20","_database/software_digitaltool/Material_Reuse_Portal/index.md","1","1"
"software_digitaltool","materialenbank_leuven_atelier_circuler","software_digitaltool/materialenbank_leuven_atelier_circuler","materialenbank_leuven_atelier_circuler","clean_phase20","_database/software_digitaltool/materialenbank_leuven_atelier_circuler/index.md","1","1"
"software_digitaltool","materialrest24","software_digitaltool/materialrest24","materialrest24","clean_phase20","_database/software_digitaltool/materialrest24/index.md","1","1"
"software_digitaltool","mirakel","software_digitaltool/mirakel","mirakel","clean_phase20","_database/software_digitaltool/mirakel/index.md","1","1"
"software_digitaltool","One_Click_LCA","software_digitaltool/One_Click_LCA","One_Click_LCA","clean_phase20","_database/software_digitaltool/One_Click_LCA/index.md","1","1"
"software_digitaltool","One_Click_LCA_Building_Circularity","software_digitaltool/One_Click_LCA_Building_Circularity","One_Click_LCA_Building_Circularity","clean_phase20","_database/software_digitaltool/One_Click_LCA_Building_Circularity/index.md","1","1"
"software_digitaltool","oogstkaart_new_horizon","software_digitaltool/oogstkaart_new_horizon","oogstkaart_new_horizon","clean_phase20","_database/software_digitaltool/oogstkaart_new_horizon/index.md","1","1"
"software_digitaltool","Opalis","software_digitaltool/Opalis","Opalis","clean_phase20","_database/software_digitaltool/Opalis/index.md","1","1"
"software_digitaltool","Platform_CB23","software_digitaltool/Platform_CB23","Platform_CB23","clean_phase20","_database/software_digitaltool/Platform_CB23/index.md","1","1"
"software_digitaltool","Pre_Demolition_Audit_Tools","software_digitaltool/Pre_Demolition_Audit_Tools","Pre_Demolition_Audit_Tools","clean_phase20","_database/software_digitaltool/Pre_Demolition_Audit_Tools/index.md","1","1"
"software_digitaltool","Qflow","software_digitaltool/Qflow","Qflow","clean_phase20","_database/software_digitaltool/Qflow/index.md","1","1"
"software_digitaltool","QR_RFID_Materialtracking","software_digitaltool/QR_RFID_Materialtracking","QR_RFID_Materialtracking","clean_phase20","_database/software_digitaltool/QR_RFID_Materialtracking/index.md","1","1"
"software_digitaltool","r_place","software_digitaltool/r_place","r_place","clean_phase20","_database/software_digitaltool/r_place/index.md","1","1"
"software_digitaltool","raedificare","software_digitaltool/raedificare","raedificare","clean_phase20","_database/software_digitaltool/raedificare/index.md","1","1"
"software_digitaltool","re_store_harvestmap_vienna","software_digitaltool/re_store_harvestmap_vienna","re_store_harvestmap_vienna","clean_phase20","_database/software_digitaltool/re_store_harvestmap_vienna/index.md","1","1"
"software_digitaltool","recreate_studio","software_digitaltool/recreate_studio","recreate_studio","clean_phase20","_database/software_digitaltool/recreate_studio/index.md","1","1"
"software_digitaltool","reempro","software_digitaltool/reempro","reempro","clean_phase20","_database/software_digitaltool/reempro/index.md","1","1"
"software_digitaltool","resource_marktplaats","software_digitaltool/resource_marktplaats","resource_marktplaats","clean_phase20","_database/software_digitaltool/resource_marktplaats/index.md","1","1"
"software_digitaltool","Restado","software_digitaltool/Restado","Restado","clean_phase20","_database/software_digitaltool/Restado/index.md","1","1"
"software_digitaltool","reuse_and_trade","software_digitaltool/reuse_and_trade","reuse_and_trade","clean_phase20","_database/software_digitaltool/reuse_and_trade/index.md","1","1"
"software_digitaltool","Reusefully_LINK","software_digitaltool/Reusefully_LINK","Reusefully_LINK","clean_phase20","_database/software_digitaltool/Reusefully_LINK/index.md","1","1"
"software_digitaltool","Rheaply","software_digitaltool/Rheaply","Rheaply","clean_phase20","_database/software_digitaltool/Rheaply/index.md","1","1"
"software_digitaltool","Rhino","software_digitaltool/Rhino","Rhino","clean_phase20","_database/software_digitaltool/Rhino/index.md","1","1"
"software_digitaltool","RotorDB","software_digitaltool/RotorDB","RotorDB","clean_phase20","_database/software_digitaltool/RotorDB/index.md","1","1"
"software_digitaltool","RotorDC","software_digitaltool/RotorDC","RotorDC","clean_phase20","_database/software_digitaltool/RotorDC/index.md","1","1"
"software_digitaltool","SalvoWEB","software_digitaltool/SalvoWEB","SalvoWEB","clean_phase20","_database/software_digitaltool/SalvoWEB/index.md","1","1"
"software_digitaltool","salza","software_digitaltool/salza","salza","clean_phase20","_database/software_digitaltool/salza/index.md","1","1"
"software_digitaltool","sia_261_bezugshoehe","software_digitaltool/sia_261_bezugshoehe","sia_261_bezugshoehe","clean_phase20","_database/software_digitaltool/sia_261_bezugshoehe/index.md","1","1"
"software_digitaltool","skop_marketplace","software_digitaltool/skop_marketplace","skop_marketplace","clean_phase20","_database/software_digitaltool/skop_marketplace/index.md","1","1"
"software_digitaltool","Speckle","software_digitaltool/Speckle","Speckle","clean_phase20","_database/software_digitaltool/Speckle/index.md","1","1"
"software_digitaltool","Superyard","software_digitaltool/Superyard","Superyard","clean_phase20","_database/software_digitaltool/Superyard/index.md","1","1"
"software_digitaltool","surplus_building_and_plumbing_materials","software_digitaltool/surplus_building_and_plumbing_materials","surplus_building_and_plumbing_materials","clean_phase20","_database/software_digitaltool/surplus_building_and_plumbing_materials/index.md","1","1"
"software_digitaltool","sustainability_yard","software_digitaltool/sustainability_yard","sustainability_yard","clean_phase20","_database/software_digitaltool/sustainability_yard/index.md","1","1"
"software_digitaltool","Upcyclea","software_digitaltool/Upcyclea","Upcyclea","clean_phase20","_database/software_digitaltool/Upcyclea/index.md","1","1"
"software_digitaltool","Urban_Mining_Index","software_digitaltool/Urban_Mining_Index","Urban_Mining_Index","clean_phase20","_database/software_digitaltool/Urban_Mining_Index/index.md","1","1"
"software_digitaltool","useagain_bauteilclick","software_digitaltool/useagain_bauteilclick","useagain_bauteilclick","clean_phase20","_database/software_digitaltool/useagain_bauteilclick/index.md","1","1"
"software_digitaltool","warp_it","software_digitaltool/warp_it","warp_it","clean_phase20","_database/software_digitaltool/warp_it/index.md","1","1"
"tooltyp","Bauteilboerse","tooltyp/Bauteilboerse","Bauteilboerse","clean_phase20","_database/tooltyp/Bauteilboerse/index.md","1","1"
"tooltyp","Materialdatenbank","tooltyp/Materialdatenbank","Materialdatenbank","clean_phase20","_database/tooltyp/Materialdatenbank/index.md","1","1"
"tooltyp","Materialkataster","tooltyp/Materialkataster","Materialkataster","clean_phase20","_database/tooltyp/Materialkataster/index.md","1","1"
"tragwerksprinzip","Fachwerk","tragwerksprinzip/Fachwerk","Fachwerk","clean_phase20","_database/tragwerksprinzip/Fachwerk/index.md","1","1"
"tragwerksprinzip","Skeletttragwerk","tragwerksprinzip/Skeletttragwerk","Skeletttragwerk","clean_phase20","_database/tragwerksprinzip/Skeletttragwerk/index.md","2","2"
"tragwerksprinzip","Wand_Kern_Tragwerk","tragwerksprinzip/Wand_Kern_Tragwerk","Wand_Kern_Tragwerk","clean_phase20","_database/tragwerksprinzip/Wand_Kern_Tragwerk/index.md","1","1"
"tragwerksprinzip","Wandtragwerk","tragwerksprinzip/Wandtragwerk","Wandtragwerk","clean_phase20","_database/tragwerksprinzip/Wandtragwerk/index.md","1","1"
"tragwerkstyp","Betonfertigteiltragwerk","tragwerkstyp/Betonfertigteiltragwerk","Betonfertigteiltragwerk","clean_phase20","_database/tragwerkstyp/Betonfertigteiltragwerk/index.md","1","1"
"tragwerkstyp","Dachtragwerk","tragwerkstyp/Dachtragwerk","Dachtragwerk","clean_phase20","_database/tragwerkstyp/Dachtragwerk/index.md","2","2"
"tragwerkstyp","Demontierbares_Tragwerk","tragwerkstyp/Demontierbares_Tragwerk","Demontierbares_Tragwerk","clean_phase20","_database/tragwerkstyp/Demontierbares_Tragwerk/index.md","1","1"
"tragwerkstyp","Holz_Skeletttragwerk","tragwerkstyp/Holz_Skeletttragwerk","Holz_Skeletttragwerk","clean_phase20","_database/tragwerkstyp/Holz_Skeletttragwerk/index.md","1","1"
"tragwerkstyp","Holztragwerk","tragwerkstyp/Holztragwerk","Holztragwerk","clean_phase20","_database/tragwerkstyp/Holztragwerk/index.md","1","1"
"tragwerkstyp","Ortbetontragwerk","tragwerkstyp/Ortbetontragwerk","Ortbetontragwerk","clean_phase20","_database/tragwerkstyp/Ortbetontragwerk/index.md","1","1"
"tragwerkstyp","Plattentragwerk","tragwerkstyp/Plattentragwerk","Plattentragwerk","clean_phase20","_database/tragwerkstyp/Plattentragwerk/index.md","1","1"
"tragwerkstyp","Stahl_Skeletttragwerk","tragwerkstyp/Stahl_Skeletttragwerk","Stahl_Skeletttragwerk","clean_phase20","_database/tragwerkstyp/Stahl_Skeletttragwerk/index.md","1","1"
"wirtschaft","Finanzierung","wirtschaft/Finanzierung","Finanzierung","clean_phase20","_database/wirtschaft/Finanzierung/index.md","1","1"
"wirtschaft","Geschaeftsmodell","wirtschaft/Geschaeftsmodell","Geschaeftsmodell","clean_phase20","_database/wirtschaft/Geschaeftsmodell/index.md","1","1"
"wirtschaft","Kostenvergleich","wirtschaft/Kostenvergleich","Kostenvergleich","clean_phase20","_database/wirtschaft/Kostenvergleich/index.md","1","1"
"wirtschaft","Lebenszykluskosten","wirtschaft/Lebenszykluskosten","Lebenszykluskosten","clean_phase20","_database/wirtschaft/Lebenszykluskosten/index.md","1","1"
"wirtschaft","Preisbildung","wirtschaft/Preisbildung","Preisbildung","clean_phase20","_database/wirtschaft/Preisbildung/index.md","1","1"
"wirtschaft","Restwert","wirtschaft/Restwert","Restwert","clean_phase20","_database/wirtschaft/Restwert/index.md","1","1"
