id;cc;von;richtung;nach;beziehungsart;beschreibung;dauer;dauer_status;dauer_begruendung;dauer_warnung;type_correction;evidence_quote;evidence_url;dauer_evidence_quote;dauer_evidence_url
AT:K001;AT;re:store / HarvestMAP Vienna;B→A;materialnomaden;Betreiberschaft;Betrieb als Herausgeberin.;dauerhaft;checked;Der Beleg beschreibt eine fortlaufende strukturelle Rolle.;;;Medieninhaber und Herausgeber: materialnomaden GmbH;https://www.restore.or.at/impressum;Medieninhaber und Herausgeber: materialnomaden GmbH;https://www.restore.or.at/impressum
AT:K002;AT;BIG (Bundesimmob.);B→A;BauKarussell;Dienstleistungsbeziehung;Führte Social Urban Mining am MedUni-Campus durch.;projektgebunden;checked;Die belegte Leistung ist an das benannte Vorhaben gebunden.;;;Zwischen Oktober 2019 und Juli 2020 fuehrte BauKarussell im Auftrag der Bundesimmobiliengesellschaft (BIG) Social Urban Mining in Wien Alsergrund durch.;https://www.baukarussell.at/meduni-campus-mariannengasse-wien/;Zwischen Oktober 2019 und Juli 2020 fuehrte BauKarussell im Auftrag der Bundesimmobiliengesellschaft (BIG) Social Urban Mining in Wien Alsergrund durch.;https://www.baukarussell.at/meduni-campus-mariannengasse-wien/
AT:K003;AT;MedUni Wien;—;BauKarussell;Gemeinsames Bauvorhaben;Zusammenarbeit.;projektgebunden;checked;Die belegte Leistung ist an das benannte Vorhaben gebunden.;;;Wir freuen uns, dass wir BauKarussell als Projektpartner beim MedUni Campus Mariannengasse gewinnen konnten.;https://www.meduniwien.ac.at/web/ueber-uns/news/detailseite/2019/news-im-dezember-2020/aus-alt-wird-neu-big-meduni-wien-und-baukarussell-nutzen-grosses-re-use-potential-beim-meduni-campus-mariannengasse/;Wir freuen uns, dass wir BauKarussell als Projektpartner beim MedUni Campus Mariannengasse gewinnen konnten.;https://www.meduniwien.ac.at/web/ueber-uns/news/detailseite/2019/news-im-dezember-2020/aus-alt-wird-neu-big-meduni-wien-und-baukarussell-nutzen-grosses-re-use-potential-beim-meduni-campus-mariannengasse/
AT:K004;AT;DRZ;A→B;MedUni Campus Wien;Projektbeteiligung, Aufgabe unklar;"Beteiligung; genaue Rolle noch offen.";projektgebunden;checked;Die belegte Leistung ist an das benannte Vorhaben gebunden.;;;Operative Partner sind das Demontage- und Recyclingzentrum DRZ Wien.;https://www.baukarussell.at/vom-luster-bis-zum-kupferkabel/;Operative Partner sind das Demontage- und Recyclingzentrum DRZ Wien.;https://www.baukarussell.at/vom-luster-bis-zum-kupferkabel/
AT:K005;AT;DRZ;A→B;Ferry-Dusika-Stadion Rückbau;Rückbau;Rückbau.;projektgebunden;checked;Die belegte Leistung ist an das benannte Vorhaben gebunden.;;;Operative Partner sind das Demontage- und Recyclingzentrum DRZ Wien.;https://www.ots.at/presseaussendung/OTS_20211014_OTS0116/ferry-dusika-stadion-erfolg-fuer-kreislaufwirtschaftliches-rueckbauprojekt;Operative Partner sind das Demontage- und Recyclingzentrum DRZ Wien.;https://www.ots.at/presseaussendung/OTS_20211014_OTS0116/ferry-dusika-stadion-erfolg-fuer-kreislaufwirtschaftliches-rueckbauprojekt
AT:K006;AT;Die Kümmerei;A→B;Ferry-Dusika-Stadion Rückbau;Rückbau;Rückbau.;projektgebunden;checked;Die belegte Leistung ist an das benannte Vorhaben gebunden.;;;Die KUEMMEREI (Traegerin: BFI Wien/Job-TransFair);https://www.ots.at/presseaussendung/OTS_20211014_OTS0116/ferry-dusika-stadion-erfolg-fuer-kreislaufwirtschaftliches-rueckbauprojekt;Die KUEMMEREI (Traegerin: BFI Wien/Job-TransFair);https://www.ots.at/presseaussendung/OTS_20211014_OTS0116/ferry-dusika-stadion-erfolg-fuer-kreislaufwirtschaftliches-rueckbauprojekt
AT:K008;AT;MedUni Campus Wien;B→A;BauKarussell;Reuse-Konzept;Reuse-Konzept.;projektgebunden;checked;Die belegte Leistung ist an das benannte Vorhaben gebunden.;;;Zwischen Oktober 2019 und Juli 2020 fuehrte BauKarussell im Auftrag der Bundesimmobiliengesellschaft (BIG) Social Urban Mining in Wien Alsergrund durch.;https://www.baukarussell.at/meduni-campus-mariannengasse-wien/;Zwischen Oktober 2019 und Juli 2020 fuehrte BauKarussell im Auftrag der Bundesimmobiliengesellschaft (BIG) Social Urban Mining in Wien Alsergrund durch.;https://www.baukarussell.at/meduni-campus-mariannengasse-wien/
AT:K009;AT;BauKarussell;B→A;Re-Use Austria;Gründung;Gründung der Genossenschaft.;einmalig;checked;Der Beleg beschreibt einen abgeschlossenen Einzelakt.;;;Als Gruendungsmitglied von BauKarussell ist es Re-Use Austria ein besonderes Anliegen, sozialwirtschaftlichen Re-Use-Betrieben ... eine starke Position ...;https://www.baukarussell.at/genossenschaft/;Als Gruendungsmitglied von BauKarussell ist es Re-Use Austria ein besonderes Anliegen, sozialwirtschaftlichen Re-Use-Betrieben ... eine starke Position ...;https://www.baukarussell.at/genossenschaft/
AT:K011;AT;BauKarussell;A→B;Ferry-Dusika-Stadion Rückbau;Reuse-Konzept;Reuse-Konzept.;projektgebunden;checked;Die belegte Leistung ist an das benannte Vorhaben gebunden.;;;BauKarussell mit seinen Partnern im Stadion am Werk;https://www.ots.at/presseaussendung/OTS_20211014_OTS0116/ferry-dusika-stadion-erfolg-fuer-kreislaufwirtschaftliches-rueckbauprojekt;BauKarussell mit seinen Partnern im Stadion am Werk;https://www.ots.at/presseaussendung/OTS_20211014_OTS0116/ferry-dusika-stadion-erfolg-fuer-kreislaufwirtschaftliches-rueckbauprojekt
AT:K013;AT;BauKarussell;—;Job-TransFair gemeinnützige GmbH;Konsortialpartner;Mitgliedschaft in der Genossenschaft.;dauerhaft;checked;Der Beleg beschreibt eine fortlaufende strukturelle Rolle.;;;Geschaeftsfuehrer Job-TransFair GmbH ... weil wir dadurch die Chance sehen, unseren Transitarbeitskraeften sehr gute Chancen ... zu eroeffnen.;https://www.baukarussell.at/genossenschaft/;Geschaeftsfuehrer Job-TransFair GmbH ... weil wir dadurch die Chance sehen, unseren Transitarbeitskraeften sehr gute Chancen ... zu eroeffnen.;https://www.baukarussell.at/genossenschaft/
AT:K014;AT;BauKarussell;—;pulswerk GmbH;Konsortialpartner;Mitgliedschaft in der Genossenschaft.;dauerhaft;checked;Der Beleg beschreibt eine fortlaufende strukturelle Rolle.;;;Das BauKarussell-Team setzt sich aus Partnern von pulswerk GmbH, Romm ZT und RepaNet;https://www.ots.at/presseaussendung/OTS_20211014_OTS0116/ferry-dusika-stadion-erfolg-fuer-kreislaufwirtschaftliches-rueckbauprojekt;Das BauKarussell-Team setzt sich aus Partnern von pulswerk GmbH, Romm ZT und RepaNet;https://www.ots.at/presseaussendung/OTS_20211014_OTS0116/ferry-dusika-stadion-erfolg-fuer-kreislaufwirtschaftliches-rueckbauprojekt
AT:K021;AT;Re-Use Austria;A→B;Ferry-Dusika-Stadion Rückbau;Rückbau;Rückbau.;projektgebunden;checked;Die belegte Leistung ist an das benannte Vorhaben gebunden.;;;Das BauKarussell-Team setzt sich aus Partnern von pulswerk GmbH, Romm ZT und RepaNet;https://www.ots.at/presseaussendung/OTS_20211014_OTS0116/ferry-dusika-stadion-erfolg-fuer-kreislaufwirtschaftliches-rueckbauprojekt;Das BauKarussell-Team setzt sich aus Partnern von pulswerk GmbH, Romm ZT und RepaNet;https://www.ots.at/presseaussendung/OTS_20211014_OTS0116/ferry-dusika-stadion-erfolg-fuer-kreislaufwirtschaftliches-rueckbauprojekt
AT:K023;AT;Ferry-Dusika-Stadion Rückbau;B→A;Job-TransFair gemeinnützige GmbH;Projektbeteiligung, Aufgabe unklar;"Beteiligung; genaue Rolle noch offen.";projektgebunden;checked;Die belegte Leistung ist an das benannte Vorhaben gebunden.;;;Die KUEMMEREI (Traegerin: BFI Wien/Job-TransFair);https://www.ots.at/presseaussendung/OTS_20211014_OTS0116/ferry-dusika-stadion-erfolg-fuer-kreislaufwirtschaftliches-rueckbauprojekt;Die KUEMMEREI (Traegerin: BFI Wien/Job-TransFair);https://www.ots.at/presseaussendung/OTS_20211014_OTS0116/ferry-dusika-stadion-erfolg-fuer-kreislaufwirtschaftliches-rueckbauprojekt
AT:K024;AT;Ferry-Dusika-Stadion Rückbau;B→A;pulswerk GmbH;Rückbau;Rückbau.;projektgebunden;checked;Die belegte Leistung ist an das benannte Vorhaben gebunden.;;;Das BauKarussell-Team setzt sich aus Partnern von pulswerk GmbH, Romm ZT und RepaNet;https://www.ots.at/presseaussendung/OTS_20211014_OTS0116/ferry-dusika-stadion-erfolg-fuer-kreislaufwirtschaftliches-rueckbauprojekt;Das BauKarussell-Team setzt sich aus Partnern von pulswerk GmbH, Romm ZT und RepaNet;https://www.ots.at/presseaussendung/OTS_20211014_OTS0116/ferry-dusika-stadion-erfolg-fuer-kreislaufwirtschaftliches-rueckbauprojekt
AT:K029;AT;Ferry-Dusika-Stadion Rückbau;B→A;WSE Wiener Standortentwicklung GmbH;Betrieb;Projektsteuerung.;projektgebunden;checked;Die belegte Leistung ist an das benannte Vorhaben gebunden.;;;Umgesetzt wird das Projekt vom Bauprojektmanagement-Team der WSE.;https://www.ots.at/presseaussendung/OTS_20211014_OTS0116/ferry-dusika-stadion-erfolg-fuer-kreislaufwirtschaftliches-rueckbauprojekt;Umgesetzt wird das Projekt vom Bauprojektmanagement-Team der WSE.;https://www.ots.at/presseaussendung/OTS_20211014_OTS0116/ferry-dusika-stadion-erfolg-fuer-kreislaufwirtschaftliches-rueckbauprojekt
BE:K003;BE;Chiro d’Itterbeek;B→A;Franck;Bauteillieferung;Lieferte Reuse-Ziegel.;projektgebunden;checked;Die belegte Leistung ist an das benannte Vorhaben gebunden.;;;The facade, for example, is entirely made of reusable bricks provided by Jan Franck.;https://rotordb.org/en/projects/sanitary-block-itterbeek-chiro;The facade, for example, is entirely made of reusable bricks provided by Jan Franck.;https://rotordb.org/en/projects/sanitary-block-itterbeek-chiro
BE:K005;BE;Chiro d’Itterbeek;B→A;RotorDC;Bauteillieferung;Lieferte Reuse-Bauteile.;projektgebunden;checked;Die belegte Leistung ist an das benannte Vorhaben gebunden.;;;The interior of the sanitary block is mainly made of reuse materials sold by RotorDC.;https://rotordb.org/en/projects/sanitary-block-itterbeek-chiro;The interior of the sanitary block is mainly made of reuse materials sold by RotorDC.;https://rotordb.org/en/projects/sanitary-block-itterbeek-chiro
BE:K006;BE;BLAF Architecten;A→B;Maison DnA;Entwurf;Entwurf.;projektgebunden;checked;Die belegte Leistung ist an das benannte Vorhaben gebunden.;;;dnA House / BLAF Architecten (Architekt: BLAF Architecten);https://www.archdaily.com/423660/dna-house-blaf-architecten;dnA House / BLAF Architecten (Architekt: BLAF Architecten);https://www.archdaily.com/423660/dna-house-blaf-architecten
BE:K012;BE;Maison Vignette;B→A;Franck Bricks;Bauteillieferung;Lieferte Reuse-Ziegel.;projektgebunden;checked;Die belegte Leistung ist an das benannte Vorhaben gebunden.;;;Brique: Grote Boomse Steen, provenant de chez Franck;https://opalis.eu/fr/projets/maison-vignette-karbon-architecture-et-urbanisme;Brique: Grote Boomse Steen, provenant de chez Franck;https://opalis.eu/fr/projets/maison-vignette-karbon-architecture-et-urbanisme
BE:K023;BE;Musée de Folklore de Mouscron;B→A;Bureau Bouwtechniek;Fachplanung;Tragwerksplanung.;projektgebunden;checked;Die belegte Leistung ist an das benannte Vorhaben gebunden.;;;L'équipe formée par V+ (architecture), Projectiles (architecture, muséographie), Taktyk (paysage), Greisch, Daidalos Peutz et Bureau Bouwtechniek (bureaux d'études);https://www.architectura.be/fr/actualite/un-nouvel-ecrin-pour-le-musee-de-folklore-de-mouscron;L'équipe formée par V+ (architecture), Projectiles (architecture, muséographie), Taktyk (paysage), Greisch, Daidalos Peutz et Bureau Bouwtechniek (bureaux d'études);https://www.architectura.be/fr/actualite/un-nouvel-ecrin-pour-le-musee-de-folklore-de-mouscron
BE:K027;BE;Recypark Demets;B→A;51N4E;Entwurf;Entwurf.;projektgebunden;checked;Die belegte Leistung ist an das benannte Vorhaben gebunden.;;;51N4E, Witteveen&Bos and Rotor joined forces and won the competition with a project that focused on reusing an existing structure;https://rotordb.org/en/projects/recypark-anderlecht;51N4E, Witteveen&Bos and Rotor joined forces and won the competition with a project that focused on reusing an existing structure;https://rotordb.org/en/projects/recypark-anderlecht
BE:K028;BE;Recypark Demets;B→A;Rotor;Entwurf;Entwurf.;projektgebunden;checked;Die belegte Leistung ist an das benannte Vorhaben gebunden.;;;51N4E, Witteveen&Bos and Rotor joined forces and won the competition with a project that focused on reusing an existing structure;https://rotordb.org/en/projects/recypark-anderlecht;51N4E, Witteveen&Bos and Rotor joined forces and won the competition with a project that focused on reusing an existing structure;https://rotordb.org/en/projects/recypark-anderlecht
BE:K037;BE;Zinneke;B→A;Zinneke asbl;Bauherrschaft;Bauherrschaft.;projektgebunden;checked;Die belegte Leistung ist an das benannte Vorhaben gebunden.;;;In 2015, Zinneke invited Rotor to join the long-term project for the renovation of their 4.000 m² new facilities at Place Masui.;https://rotordb.org/en/projects/zinneke-feder-masui4ever;In 2015, Zinneke invited Rotor to join the long-term project for the renovation of their 4.000 m² new facilities at Place Masui.;https://rotordb.org/en/projects/zinneke-feder-masui4ever
BE:K041;BE;Zinneke;B→A;ERDF / FEDER Brüssel-Hauptstadt;Förderung;Förderung.;projektgebunden;checked;Die belegte Leistung ist an das benannte Vorhaben gebunden.;;;This project was made possible thanks to an ERDF subvention from the Brussels-Capital Region.;https://rotordb.org/en/projects/zinneke-feder-masui4ever;This project was made possible thanks to an ERDF subvention from the Brussels-Capital Region.;https://rotordb.org/en/projects/zinneke-feder-masui4ever
BE:K042;BE;Zinneke;B→A;Rotor;Fachplanung;Fachplanung.;projektgebunden;checked;Die belegte Leistung ist an das benannte Vorhaben gebunden.;;;In 2015, Zinneke invited Rotor to join the long-term project for the renovation of their 4.000 m² new facilities at Place Masui.;https://rotordb.org/en/projects/zinneke-feder-masui4ever;In 2015, Zinneke invited Rotor to join the long-term project for the renovation of their 4.000 m² new facilities at Place Masui.;https://rotordb.org/en/projects/zinneke-feder-masui4ever
BE:K043;BE;Rotor;A→B;RotorDC;Gründung;Gründung als Spin-off.;einmalig;checked;Der Beleg beschreibt einen abgeschlossenen Einzelakt.;;;Please check our spin-off RotorDC's website.;https://rotordb.org/en/projects/oxy-centre-monnaie;Please check our spin-off RotorDC's website.;https://rotordb.org/en/projects/oxy-centre-monnaie
BE:K046;BE;Opalis;B→A;Brussels Environment;Trägerschaft;Unterstützte die Entwicklung.;einmalig;checked;Der Beleg beschreibt einen abgeschlossenen Einzelakt.;;;Opalis was developed with the support of Brussels Environment.;https://opalis.eu/en/about;Opalis was developed with the support of Brussels Environment.;https://opalis.eu/en/about
BE:K072;BE;Embuild;—;Buildwise;Zusammenarbeit, Art unklar;Entwickelten das Tool Circulair Gebouwd gemeinsam.;projektgebunden;checked;Die belegte Leistung ist an das benannte Vorhaben gebunden.;;;Embuild Vlaanderen en Buildwise hebben op 6 december ... de nieuwe tool 'Circulair Gebouwd' voorgesteld.;https://www.embuildvlaanderen.be/press-room/circulair-gebouwd/;Embuild Vlaanderen en Buildwise hebben op 6 december ... de nieuwe tool 'Circulair Gebouwd' voorgesteld.;https://www.embuildvlaanderen.be/press-room/circulair-gebouwd/
BE:K073;BE;Buildwise;—;Vrije Universiteit Brussel (VUB) – Architectural Engineering;Konsortialpartner;Erarbeiteten gemeinsam einen Reuse-Umbau-Bericht.;projektgebunden;checked;Die belegte Leistung ist an das benannte Vorhaben gebunden.;;;The work was performed by VITO, Buildwise, UHasselt and VUB.;https://researchportal.vub.be/en/publications/aanbevelingen-veranderingsgericht-verbouwen-eindrapportage-deelop;The work was performed by VITO, Buildwise, UHasselt and VUB.;https://researchportal.vub.be/en/publications/aanbevelingen-veranderingsgericht-verbouwen-eindrapportage-deelop
BE:K075;BE;BauMaB Kassel / Bauteilbörse Kassel;B→A;Stadt Kassel;Trägerschaft;Initiierte in Klimastrategie.;einmalig;checked;Der Beleg beschreibt einen abgeschlossenen Einzelakt.;;;Das Projekt wurde im Rahmen der Klimaschutzstrategie der Stadt Kassel initiiert.;https://baumab-kassel.de/konzept/;Das Projekt wurde im Rahmen der Klimaschutzstrategie der Stadt Kassel initiiert.;https://baumab-kassel.de/konzept/
BE:K086;BE;OVAM (Openbare Vlaamse Afvalstoffenmaatschappij);A→B;Tracimat vzw;Regulatorische Anerkennung;Erkannte Tracimat als Sloopbeheerorganisation an.;dauerhaft;source_reopened;OVAM nennt Tracimat aktuell als einzige anerkannte Stelle.;;OVAM nennt Tracimat als einzige anerkannte Sloopbeheerorganisation.;Voor de sloopopvolging worden de standaarddocumenten van Tracimat gebruikt.;https://ovam.vlaanderen.be/bouw-sloopopvolging;Tracimat is momenteel de enige erkende sloopbeheerorganisatie.;https://ovam.vlaanderen.be/bouw-sloopopvolging
CH:K001;CH;Ressourcerie Lausanne / Matériuum / R-UUL;B→A;Matériuum;Konzernbindung;Führung als Zweigbetrieb.;dauerhaft;checked;Der Beleg beschreibt eine fortlaufende strukturelle Rolle.;;;la Ressourcerie Matériuum Lausanne (RUUL) permet de stocker et de prolonger la durée de vie d'une grande quantité de matières;https://materiuum.ch/ressourcerie-lausanne-magasin-shop/;la Ressourcerie Matériuum Lausanne (RUUL) permet de stocker et de prolonger la durée de vie d'une grande quantité de matières;https://materiuum.ch/ressourcerie-lausanne-magasin-shop/
CH:K002;CH;Bauteilbörse Basel;—;Gruner ReUse;Gemeinsames Bauvorhaben;Inventarisierung und Vermarktung.;projektgebunden;checked;Die belegte Leistung ist an das benannte Vorhaben gebunden.;;;Nach dem Ausbau übernimmt die Bauteilbörse Basel die Lagerung und den Weiterverkauf über useagain.ch.;https://www.gruner.ch/de/news/bauteile-aus-rueckbauten-jetzt-imeshop-von-grunerreuse-live;Nach dem Ausbau übernimmt die Bauteilbörse Basel die Lagerung und den Weiterverkauf über useagain.ch.;https://www.gruner.ch/de/news/bauteile-aus-rueckbauten-jetzt-imeshop-von-grunerreuse-live
CH:K003;CH;Bauteilbörse Basel;B→A;useagain / Bauteilclick;Dienstleistungsbeziehung;Stellt Marktplatz für ihren Bauteilverkauf.;dauerhaft;checked;Der Beleg beschreibt eine fortlaufende strukturelle Rolle.;;;Nach dem Ausbau übernimmt die Bauteilbörse Basel die Lagerung und den Weiterverkauf über useagain.ch.;https://www.gruner.ch/de/news/bauteile-aus-rueckbauten-jetzt-imeshop-von-grunerreuse-live;Nach dem Ausbau übernimmt die Bauteilbörse Basel die Lagerung und den Weiterverkauf über useagain.ch.;https://www.gruner.ch/de/news/bauteile-aus-rueckbauten-jetzt-imeshop-von-grunerreuse-live
CH:K004;CH;Bauteilvermittlung Zürichsee-Oberland;B→A;Stiftung Chance BauTeile Zürich / Glattbrugg;Dienstleistungsbeziehung;Prüft, demontiert und transportiert.;dauerhaft;checked;Der Beleg beschreibt eine fortlaufende strukturelle Rolle.;;;Fachleute der Stiftung Chance prüfen die Bauteile, demontieren sie und übernehmen den Transport.;https://www.btvz.ch/portraet/;Fachleute der Stiftung Chance prüfen die Bauteile, demontieren sie und übernehmen den Transport.;https://www.btvz.ch/portraet/
CH:K006;CH;useagain / Bauteilclick;A→B;Bauteilladen Winterthur;Dienstleistungsbeziehung;Bauteilvermittlung.;dauerhaft;checked;Der Beleg beschreibt eine fortlaufende strukturelle Rolle.;;;promotes direct exchange between various organisations, such as Bauteilbörse Basel, BauTeile Zürich and Bauteilladen Winterthur;https://library-of-reuse.ch/pioneers/useagain;promotes direct exchange between various organisations, such as Bauteilbörse Basel, BauTeile Zürich and Bauteilladen Winterthur;https://library-of-reuse.ch/pioneers/useagain
CH:K007;CH;ELYS Kultur- und Gewerbezentrum Basel;B→A;Zirkular;Projektbeteiligung, Aufgabe unklar;"Beteiligung; genaue Rolle noch offen.";projektgebunden;checked;Die belegte Leistung ist an das benannte Vorhaben gebunden.;;;They received a lot of attention and were the trigger for the foundation of Zirkular by the involved planners.;https://zirkular.net/en/project/culture-commercial-center-elys;They received a lot of attention and were the trigger for the foundation of Zirkular by the involved planners.;https://zirkular.net/en/project/culture-commercial-center-elys
CH:K008;CH;baubüro in situ;A→B;Grubenstrasse 29;Entwurf;Entwurf.;projektgebunden;checked;Die belegte Leistung ist an das benannte Vorhaben gebunden.;;;Architekten: baubüro in situ ag;https://www.bauwelt.de/rubriken/bauten/Werkhof-29-Zuerich-baubuero-in-situ-ag-4385137.html;Architekten: baubüro in situ ag;https://www.bauwelt.de/rubriken/bauten/Werkhof-29-Zuerich-baubuero-in-situ-ag-4385137.html
CH:K009;CH;baubüro in situ;A→B;K.118 Winterthur;Entwurf;Entwurf.;projektgebunden;checked;Die belegte Leistung ist an das benannte Vorhaben gebunden.;;;Architektur: Baubüro in situ;https://circularmaterialsystems.com/de/case/06_k-118/;Architektur: Baubüro in situ;https://circularmaterialsystems.com/de/case/06_k-118/
CH:K011;CH;baubüro in situ;—;RE-WIN;Zusammenarbeit, Art unklar;Unterstützten gemeinsam das Netzwerk.;dauerhaft;source_reopened;Der RE-WIN-Jahresbericht führt baubüro in situ als Partner.;;;Zusammenarbeit mit Baubüro in situ;https://re-win.ch/verein/ueber/;Partner:innen Schweiz und Liechtenstein: Baubüro in situ AG, Zürich;https://re-win.ch/wordpress/wp-content/uploads/2024/06/240526_Jahresbericht-Verein-RE-WIN_2024_final.pdf
CH:K012;CH;baubüro in situ;—;Pascal Flammer Architekten;Gemeinsames Bauvorhaben;Wählten Reuse-Bauteile für Hobelwerk Haus D aus.;projektgebunden;checked;Die belegte Leistung ist an das benannte Vorhaben gebunden.;;;untersuchten in situ und PFA 60 Elemente, aus denen schlussendlich 21 für Erwerb und Einbau ausgewählt wurden;https://www.espazium.ch/de/aktuelles/winterthur-hobelwerk-architektur-reuse-flammerarchitkten-nettonull;untersuchten in situ und PFA 60 Elemente, aus denen schlussendlich 21 für Erwerb und Einbau ausgewählt wurden;https://www.espazium.ch/de/aktuelles/winterthur-hobelwerk-architektur-reuse-flammerarchitkten-nettonull
CH:K013;CH;Grubenstrasse 29;B→A;Modissa Immobilien AG;Bauherrschaft;Bauherrschaft.;projektgebunden;checked;Die belegte Leistung ist an das benannte Vorhaben gebunden.;;;Auftraggeber (Client): Modissa Immobilien AG;https://zirkular.net/de/projekt/grubenstrasse-29/;Auftraggeber (Client): Modissa Immobilien AG;https://zirkular.net/de/projekt/grubenstrasse-29/
CH:K015;CH;Grubenstrasse 29;B→A;Tschudin Rückbau und Demontagen GmbH;Rückbau;Rückbau.;projektgebunden;checked;Die belegte Leistung ist an das benannte Vorhaben gebunden.;;;Material Suppliers (Wiederverwendete Bauteile): Tschudin Rückbau und Demontagen GmbH;https://zirkular.net/de/projekt/grubenstrasse-29/;Material Suppliers (Wiederverwendete Bauteile): Tschudin Rückbau und Demontagen GmbH;https://zirkular.net/de/projekt/grubenstrasse-29/
CH:K016;CH;Grubenstrasse 29;B→A;Zirkular;Bauteilinventarisierung;Bauteilinventarisierung.;projektgebunden;checked;Die belegte Leistung ist an das benannte Vorhaben gebunden.;;;Zirkular Projektteam: Marc Angst, Leonard Schönfelder;https://zirkular.net/de/projekt/grubenstrasse-29/;Zirkular Projektteam: Marc Angst, Leonard Schönfelder;https://zirkular.net/de/projekt/grubenstrasse-29/
CH:K017;CH;Recyclingzentrum Juch-Areal;B→A;Entsorgung + Recycling Zürich (ERZ);Betrieb;Betrieb.;dauerhaft;checked;Der Beleg nennt ERZ als Eigentümervertretung.;;;Eigentümervertretung Entsorgung + Recycling Zürich (ERZ);https://www.stadt-zuerich.ch/de/planen-und-bauen/projekte-und-ausschreibungen/hochbauvorhaben/planung-ausfuehrung/recyclingzentrum-juch-areal.html;Eigentümervertretung Entsorgung + Recycling Zürich (ERZ);https://www.stadt-zuerich.ch/de/planen-und-bauen/projekte-und-ausschreibungen/hochbauvorhaben/planung-ausfuehrung/recyclingzentrum-juch-areal.html
CH:K018;CH;Recyclingzentrum Juch-Areal;B→A;Weber + Brönnimann AG;Fachplanung;Tragwerksplanung.;projektgebunden;checked;Die belegte Leistung ist an das benannte Vorhaben gebunden.;;;Bauingenieurwesen Weber + Brönnimann AG, Bern;https://www.stadt-zuerich.ch/de/planen-und-bauen/projekte-und-ausschreibungen/hochbauvorhaben/planung-ausfuehrung/recyclingzentrum-juch-areal.html;Bauingenieurwesen Weber + Brönnimann AG, Bern;https://www.stadt-zuerich.ch/de/planen-und-bauen/projekte-und-ausschreibungen/hochbauvorhaben/planung-ausfuehrung/recyclingzentrum-juch-areal.html
CH:K019;CH;Recyclingzentrum Juch-Areal;B→A;manoa Landschaftsarchitekten;Entwurf;Entwurf.;projektgebunden;checked;Die belegte Leistung ist an das benannte Vorhaben gebunden.;;;Landschaftsarchitektur manoa Landschaftsarchitekten GmbH, Meilen;https://www.stadt-zuerich.ch/de/planen-und-bauen/projekte-und-ausschreibungen/hochbauvorhaben/planung-ausfuehrung/recyclingzentrum-juch-areal.html;Landschaftsarchitektur manoa Landschaftsarchitekten GmbH, Meilen;https://www.stadt-zuerich.ch/de/planen-und-bauen/projekte-und-ausschreibungen/hochbauvorhaben/planung-ausfuehrung/recyclingzentrum-juch-areal.html
CH:K020;CH;Recyclingzentrum Juch-Areal;B→A;Graber Pulver;Entwurf;Entwurf.;projektgebunden;checked;Die belegte Leistung ist an das benannte Vorhaben gebunden.;;;Generalplanung und Architektur Graber Pulver Architekt:innen AG, Zürich;https://www.stadt-zuerich.ch/de/planen-und-bauen/projekte-und-ausschreibungen/hochbauvorhaben/planung-ausfuehrung/recyclingzentrum-juch-areal.html;Generalplanung und Architektur Graber Pulver Architekt:innen AG, Zürich;https://www.stadt-zuerich.ch/de/planen-und-bauen/projekte-und-ausschreibungen/hochbauvorhaben/planung-ausfuehrung/recyclingzentrum-juch-areal.html
CH:K021;CH;K.118 Winterthur;B→A;Stiftung Abendrot / Vorsorgestiftung Abendrot;Bauherrschaft;Bauherrschaft.;projektgebunden;checked;Die belegte Leistung ist an das benannte Vorhaben gebunden.;;;Client: Stiftung Abendrot;https://zirkular.net/en/project/building-k-118/;Client: Stiftung Abendrot;https://zirkular.net/en/project/building-k-118/
CH:K022;CH;K.118 Winterthur;B→A;Institut Konstruktives Entwerfen (IKE) / ZHAW;Forschungsbegleitung;Forschungsbegleitung.;projektgebunden;checked;Die belegte Leistung ist an das benannte Vorhaben gebunden.;;;mit dem Projekt K.118 den derzeit grössten Neubau der Schweiz, der zu grossen Teilen aus wiederverwendeten Bauteilen konzipiert ist;https://www.zhaw.ch/de/forschung/projekt/71771;mit dem Projekt K.118 den derzeit grössten Neubau der Schweiz, der zu grossen Teilen aus wiederverwendeten Bauteilen konzipiert ist;https://www.zhaw.ch/de/forschung/projekt/71771
CH:K023;CH;K.118 Winterthur;B→A;Oberli Ingenieurbau AG;Fachplanung;Tragwerksplanung.;projektgebunden;checked;Die belegte Leistung ist an das benannte Vorhaben gebunden.;;;Civil engineer: Oberli Ingenieurbau AG;https://www.archdaily.com/968958/k118-kopfbau-halle-118-hauburo-in-situ;Civil engineer: Oberli Ingenieurbau AG;https://www.archdaily.com/968958/k118-kopfbau-halle-118-hauburo-in-situ
CH:K024;CH;K.118 Winterthur;B→A;Josef Kolb AG;Fachplanung;Tragwerksplanung.;projektgebunden;checked;Die belegte Leistung ist an das benannte Vorhaben gebunden.;;;Timber Engineering: Josef Kolb AG;https://www.archdaily.com/968958/k118-kopfbau-halle-118-hauburo-in-situ;Timber Engineering: Josef Kolb AG;https://www.archdaily.com/968958/k118-kopfbau-halle-118-hauburo-in-situ
CH:K025;CH;K.118 Winterthur;B→A;Wetter AG;Bauausführung;Bauausführung.;projektgebunden;checked;Die belegte Leistung ist an das benannte Vorhaben gebunden.;;;Steel Construction: Wetter AG;https://www.archdaily.com/968958/k118-kopfbau-halle-118-hauburo-in-situ;Steel Construction: Wetter AG;https://www.archdaily.com/968958/k118-kopfbau-halle-118-hauburo-in-situ
CH:K026;CH;K.118 Winterthur;B→A;Zirkular;Projektbeteiligung, Aufgabe unklar;"Beteiligung; genaue Rolle noch offen.";projektgebunden;checked;Die belegte Leistung ist an das benannte Vorhaben gebunden.;;;Sie erhielten viel Aufmerksamkeit und waren Auslöser der Gründung von Zirkular durch die involvierten Planenden.;https://zirkular.net/de/projekt/k-118-kopfbau-halle-118/;Sie erhielten viel Aufmerksamkeit und waren Auslöser der Gründung von Zirkular durch die involvierten Planenden.;https://zirkular.net/de/projekt/k-118-kopfbau-halle-118/
CH:K027;CH;Kindergarten Mööslistrasse;B→A;Amt für Hochbauten und Immobilien Stadt Zürich;Bauherrschaft;Bauherrschaft.;projektgebunden;checked;Die belegte Leistung ist an das benannte Vorhaben gebunden.;;;Bauherrschaft: Stadt Zürich, Eigentümervertretung: Immobilien Stadt Zürich, Bauherrenvertretung: Amt für Hochbauten;https://www.stadt-zuerich.ch/de/planen-und-bauen/portfolio/bauten-anlagen/schulbauten/kindergarten-moeoeslistrasse.html;Bauherrschaft: Stadt Zürich, Eigentümervertretung: Immobilien Stadt Zürich, Bauherrenvertretung: Amt für Hochbauten;https://www.stadt-zuerich.ch/de/planen-und-bauen/portfolio/bauten-anlagen/schulbauten/kindergarten-moeoeslistrasse.html
CH:K029;CH;Kindergarten Mööslistrasse;B→A;Ingenieurbureau Heierli AG;Fachplanung;Tragwerksplanung.;projektgebunden;checked;Die belegte Leistung ist an das benannte Vorhaben gebunden.;;;Bauingenieurwesen (Structural Engineering): Ingenieurbureau Heierli AG, Zürich;https://www.stadt-zuerich.ch/de/planen-und-bauen/portfolio/bauten-anlagen/schulbauten/kindergarten-moeoeslistrasse.html;Bauingenieurwesen (Structural Engineering): Ingenieurbureau Heierli AG, Zürich;https://www.stadt-zuerich.ch/de/planen-und-bauen/portfolio/bauten-anlagen/schulbauten/kindergarten-moeoeslistrasse.html
CH:K031;CH;Kindergarten Mööslistrasse;B→A;Schmidiger + Rosasco AG;Fachplanung;Fachplanung.;projektgebunden;checked;Die belegte Leistung ist an das benannte Vorhaben gebunden.;;;Elektroplanung (Electrical Planning): Schmidiger + Rosasco AG, Zürich;https://www.stadt-zuerich.ch/de/planen-und-bauen/portfolio/bauten-anlagen/schulbauten/kindergarten-moeoeslistrasse.html;Elektroplanung (Electrical Planning): Schmidiger + Rosasco AG, Zürich;https://www.stadt-zuerich.ch/de/planen-und-bauen/portfolio/bauten-anlagen/schulbauten/kindergarten-moeoeslistrasse.html
CH:K032;CH;Kindergarten Mööslistrasse;B→A;aik Architektur + Ingenieur Kollektiv;Fachplanung;Tragwerksplanung.;projektgebunden;checked;Die belegte Leistung ist an das benannte Vorhaben gebunden.;;;Bauphysik (Building Physics): aik, Architektur + Ingenieur Kollektiv, Zürich;https://www.stadt-zuerich.ch/de/planen-und-bauen/portfolio/bauten-anlagen/schulbauten/kindergarten-moeoeslistrasse.html;Bauphysik (Building Physics): aik, Architektur + Ingenieur Kollektiv, Zürich;https://www.stadt-zuerich.ch/de/planen-und-bauen/portfolio/bauten-anlagen/schulbauten/kindergarten-moeoeslistrasse.html
CH:K033;CH;Kindergarten Mööslistrasse;B→A;Zirkular;Entwurf;Entwurf.;projektgebunden;checked;Die belegte Leistung ist an das benannte Vorhaben gebunden.;;;landscape architecture planning for the re-use concept was handled by Zirkular GmbH, Zürich;https://www.stadt-zuerich.ch/de/planen-und-bauen/portfolio/bauten-anlagen/schulbauten/kindergarten-moeoeslistrasse.html;landscape architecture planning for the re-use concept was handled by Zirkular GmbH, Zürich;https://www.stadt-zuerich.ch/de/planen-und-bauen/portfolio/bauten-anlagen/schulbauten/kindergarten-moeoeslistrasse.html
CH:K035;CH;Re:Crete footbridge;B→A;Structural Xploration Lab (SXL) / EPFL;Bauausführung;Bauausführung.;projektgebunden;checked;Die belegte Leistung ist an das benannte Vorhaben gebunden.;;;the Sructural Xploration Lab (SXL) has built the RE:CRETE prototype, a footbridge built from 25 reused concrete blocks;https://www.epfl.ch/schools/enac/recrete/;the Sructural Xploration Lab (SXL) has built the RE:CRETE prototype, a footbridge built from 25 reused concrete blocks;https://www.epfl.ch/schools/enac/recrete/
CH:K036;CH;NEST Research and Innovation Platform / Empa–Eawag;A→B;UMAR Unit;Forschungsbegleitung;Forschungsbegleitung.;projektgebunden;checked;Die belegte Leistung ist an das benannte Vorhaben gebunden.;;;In der NEST-Unit »UMAR« (Urban Mining & Recycling) wohnen und arbeiten seit Mai zwei Studenten, um sich regelmäßig mit den Wissenschaftlern der Empa;https://www.db-bauzeitung.de/db/heizung-klima-lueftung/forschungsmodul/;In der NEST-Unit »UMAR« (Urban Mining & Recycling) wohnen und arbeiten seit Mai zwei Studenten, um sich regelmäßig mit den Wissenschaftlern der Empa;https://www.db-bauzeitung.de/db/heizung-klima-lueftung/forschungsmodul/
CH:K038;CH;Stiftung Habitat;A→B;LYSP8 Basel;Betrieb;Betrieb.;dauerhaft;checked;Der Beleg ordnet das Wohnhaus der Stiftung Habitat zu.;;;Entstanden ist hier ein weiteres Wohnhaus der Stiftung Habitat.;https://www.stiftung-habitat.ch/sh/liegenschaften/haeuser-und-projekte/wohnhaus-weinlagerstrasse-33.html;Entstanden ist hier ein weiteres Wohnhaus der Stiftung Habitat.;https://www.stiftung-habitat.ch/sh/liegenschaften/haeuser-und-projekte/wohnhaus-weinlagerstrasse-33.html
CH:K039;CH;LYSP8 Basel;B→A;PIRMIN JUNG Schweiz AG;Fachplanung;Fachplanung.;projektgebunden;checked;Die belegte Leistung ist an das benannte Vorhaben gebunden.;;;Pirmin Jung (Fachplanung Holzbau);https://zirkular.net/en/project/lysp8/;Pirmin Jung (Fachplanung Holzbau);https://zirkular.net/en/project/lysp8/
CH:K040;CH;Zirkular;—;Studio Trachsler Hoffmann;Gemeinsames Bauvorhaben;Arbeiteten an Schärenmoosstrasse zusammen.;projektgebunden;checked;Die belegte Leistung ist an das benannte Vorhaben gebunden.;;;Nach dem Wettbewerbsgewinn wurde Zirkular mit in das Projektteam geholt.;https://zirkular.net/de/projekt/schaerenmoosstrasse/;Nach dem Wettbewerbsgewinn wurde Zirkular mit in das Projektteam geholt.;https://zirkular.net/de/projekt/schaerenmoosstrasse/
CH:K041;CH;Zirkular;A→B;RE-WIN;Gründung;Initiierten die erste Fenstersammlung.;einmalig;checked;Der Beleg beschreibt einen abgeschlossenen Einzelakt.;;;Das Baubüro in situ hat zusammen mit der Zirkular GmbH die erste Fenster-Sammelaktion gestartet und den ersten LKW Transport in die Ukraine bezahlt.;https://re-win.ch/supporters/baubuero-in-situ-ag-und-zirkular-gmbh/;Das Baubüro in situ hat zusammen mit der Zirkular GmbH die erste Fenster-Sammelaktion gestartet und den ersten LKW Transport in die Ukraine bezahlt.;https://re-win.ch/supporters/baubuero-in-situ-ag-und-zirkular-gmbh/
CH:K042;CH;Zirkular;A→B;Bauteilkatalog Immobilien Basel-Stadt;Dienstleistungsbeziehung;Katalogisierte Bauteile für Basler Wettbewerbe.;projektgebunden;checked;Die belegte Leistung ist an das benannte Vorhaben gebunden.;;;Im Rahmen der Projektwettbewerbe «Walkeweg» und «Schliengerweg» katalogisierte Zirkular die Re-Use-Bauteile;https://zirkular.net/de/projekt/bauteilkatalog-immobilien-basel-stadt/;Im Rahmen der Projektwettbewerbe «Walkeweg» und «Schliengerweg» katalogisierte Zirkular die Re-Use-Bauteile;https://zirkular.net/de/projekt/bauteilkatalog-immobilien-basel-stadt/
CH:K043;CH;UMAR Unit;B→A;Lindner SE;Bauteillieferung;Lieferte Reuse-Bauteile.;projektgebunden;checked;Die belegte Leistung ist an das benannte Vorhaben gebunden.;;;Lindner realisierte dort speziell entwickelte Plafotherm® Heiz-/Kühldecken.;https://www.lindner-group.com/de/referenzen/nest-unit-umar;Lindner realisierte dort speziell entwickelte Plafotherm® Heiz-/Kühldecken.;https://www.lindner-group.com/de/referenzen/nest-unit-umar
CH:K044;CH;ZHAW;—;INEB – FHNW (Leitfaden Reuse Stahl/Stahlbeton);Konsortialpartner;Verbundpartnerschaft.;befristeter Verbund;checked;Der Beleg ordnet beide einem benannten Projektverbund zu.;;;Zwei Institute - INEB der FHNW und IKE der ZHAW - untersuchen im Rahmen eines Projekts die Wiederverwendung.;https://www.fhnw.ch/de/die-fhnw/hochschulen/architektur-bau-geomatik/institute/ineb/ineb-forschung/ressourceneffizientes-und-zirkulaeres-bauen/leitfaden-reuse-stahl-und-stahlbetonbauteilen;Zwei Institute - INEB der FHNW und IKE der ZHAW - untersuchen im Rahmen eines Projekts die Wiederverwendung.;https://www.fhnw.ch/de/die-fhnw/hochschulen/architektur-bau-geomatik/institute/ineb/ineb-forschung/ressourceneffizientes-und-zirkulaeres-bauen/leitfaden-reuse-stahl-und-stahlbetonbauteilen
CH:K045;CH;ELEMENTA Walkeweg;B→A;Monotti Ingegneri;Fachplanung;Tragwerksplanung.;projektgebunden;checked;Die belegte Leistung ist an das benannte Vorhaben gebunden.;;;Bauingenieurwesen: Monotti Ingegneri Consulenti SA;https://media.bs.ch/original_file/8e80b99a92a09ee372ff54721421eb6497819e1f/bvd-jurybericht-walkeweg-komprimiert-1.pdf;Bauingenieurwesen: Monotti Ingegneri Consulenti SA;https://media.bs.ch/original_file/8e80b99a92a09ee372ff54721421eb6497819e1f/bvd-jurybericht-walkeweg-komprimiert-1.pdf
CH:K046;CH;Digvis GmbH;A→B;Bauteilkatalog Immobilien Basel-Stadt;Dienstleistungsbeziehung;Programmierte Basler.;einmalig;checked;Der Beleg beschreibt einen abgeschlossenen Einzelakt.;;;Programmierung: digvis GmbH Industriestrasse 59 8152 Glattbrugg;https://bauteile-ibs.ch/contact;Programmierung: digvis GmbH Industriestrasse 59 8152 Glattbrugg;https://bauteile-ibs.ch/contact
DE:K001;DE;Abfallwirtschaftsbetriebe Münster;A→B;AWM Münster – zirkulärer Büroumbau;Bauherrschaft;Bauherrschaft.;projektgebunden;checked;Die belegte Leistung ist an das benannte Vorhaben gebunden.;;;In Zusammenarbeit mit dem Düsseldorfer Unternehmen Urselmann interior, das sich auf Innenausbau nach dem Prinzip cradle-to-cradle spezialisiert hat, ist auf 250 m2 eine moderne Arbeitswelt;https://awm.stadt-muenster.de/aktuelles/newsdetail/moderne-arbeitswelt-aus-gebrauchten-materialien;In Zusammenarbeit mit dem Düsseldorfer Unternehmen Urselmann interior, das sich auf Innenausbau nach dem Prinzip cradle-to-cradle spezialisiert hat, ist auf 250 m2 eine moderne Arbeitswelt;https://awm.stadt-muenster.de/aktuelles/newsdetail/moderne-arbeitswelt-aus-gebrauchten-materialien
DE:K002;DE;Berlin-Schildow Pilot;B→A;Claus Asam;Prüfung und Nachweis;Prüfung der Reuse-Bauteile.;projektgebunden;checked;Die belegte Leistung ist an das benannte Vorhaben gebunden.;;;Gemeinsam mit Claus Asam vom IEMB hat Hervé Biele aus den Platten in der AEG-Halle drei Testbauten errichtet.;https://taz.de/Die-Wiedergeburt-der-Platte/!493469/;Gemeinsam mit Claus Asam vom IEMB hat Hervé Biele aus den Platten in der AEG-Halle drei Testbauten errichtet.;https://taz.de/Die-Wiedergeburt-der-Platte/!493469/
DE:K005;DE;Claus Asam;A→B;Mehrow Pilot House;Projektbeteiligung, Aufgabe unklar;"Beteiligung; genaue Rolle noch offen.";projektgebunden;checked;Die belegte Leistung ist an das benannte Vorhaben gebunden.;;;sagt Dipl.-Ing. Claus Asam vom IEMB, der das Projekt leitete und maßgeblich mitinitiierte;https://www.baulinks.de/webplugin/2005/1177.php4;sagt Dipl.-Ing. Claus Asam vom IEMB, der das Projekt leitete und maßgeblich mitinitiierte;https://www.baulinks.de/webplugin/2005/1177.php4
DE:K009;DE;CRCLR House;B→A;LXSY Architektur;Entwurf;Entwurf.;projektgebunden;checked;Die belegte Leistung ist an das benannte Vorhaben gebunden.;;;Rund 70% der verwendeten Materialien und Produkte sind recycelt oder nachhaltig.;https://lxsy.de/projekte/impact-hub-berlin-at-crclr-house;Rund 70% der verwendeten Materialien und Produkte sind recycelt oder nachhaltig.;https://lxsy.de/projekte/impact-hub-berlin-at-crclr-house
DE:K010;DE;ZRS Ingenieure;A→B;Impact Hub Berlin at CRCLR-House (Innenausbau);Fachplanung;Tragwerksplanung.;projektgebunden;checked;Die belegte Leistung ist an das benannte Vorhaben gebunden.;;;"polis AWARD 2023, 3rd prize, category „Ökologische Wirklichkeit"" for Impact Hub";https://www.zrs.berlin/en/project/crclr-house-2/;"polis AWARD 2023, 3rd prize, category „Ökologische Wirklichkeit"" for Impact Hub";https://www.zrs.berlin/en/project/crclr-house-2/
DE:K014;DE;Impact Hub Berlin at CRCLR-House (Innenausbau);B→A;Die Zusammenarbeiter;Entwurf;Entwurf.;projektgebunden;checked;Die belegte Leistung ist an das benannte Vorhaben gebunden.;;;"Christian Schöningh ist Teil der TRNSFRM eG und mit „Die Zusammenarbeiter"" einer der planenden Architekten vor Ort.";https://www.dbz.de/artikel/crclr-house-berlin-3945221.html;"Christian Schöningh ist Teil der TRNSFRM eG und mit „Die Zusammenarbeiter"" einer der planenden Architekten vor Ort.";https://www.dbz.de/artikel/crclr-house-berlin-3945221.html
DE:K015;DE;Impact Hub Berlin at CRCLR-House (Innenausbau);B→A;LXSY Architektur;Entwurf;Entwurf.;projektgebunden;checked;Die belegte Leistung ist an das benannte Vorhaben gebunden.;;;Rund 70% der verwendeten Materialien und Produkte sind recycelt oder nachhaltig.;https://lxsy.de/projekte/impact-hub-berlin-at-crclr-house;Rund 70% der verwendeten Materialien und Produkte sind recycelt oder nachhaltig.;https://lxsy.de/projekte/impact-hub-berlin-at-crclr-house
DE:K016;DE;Plattenpalast Berlin;B→A;Wiewiorra Hopp Architekten;Entwurf;Entwurf.;projektgebunden;checked;Die belegte Leistung ist an das benannte Vorhaben gebunden.;;;Forschungsprojekt der TU Berlin unter der Leitung von Claus Asam vom IEMB in Zusammenarbeit mit dem Berliner Architekturbüro wiewiorra hopp architekten;https://wwstudio.de/projects/plattenpalst;Forschungsprojekt der TU Berlin unter der Leitung von Claus Asam vom IEMB in Zusammenarbeit mit dem Berliner Architekturbüro wiewiorra hopp architekten;https://wwstudio.de/projects/plattenpalst
DE:K018;DE;Plattenvereinigung Berlin;B→A;TU Berlin Fachgebiet Bauphysik und Baukonstruktionen;Forschungsbegleitung;Forschungsbegleitung.;projektgebunden;checked;Die belegte Leistung ist an das benannte Vorhaben gebunden.;;;The building was developed in partnership with the Chair of Building Physics and Building Constructions at TU Berlin.;https://www.tu.berlin/en/bauphysik/research/past-projects/projekt-plattenvereinigung;The building was developed in partnership with the Chair of Building Physics and Building Constructions at TU Berlin.;https://www.tu.berlin/en/bauphysik/research/past-projects/projekt-plattenvereinigung
DE:K019;DE;Plattenvereinigung Berlin;B→A;Deutsche Bundesstiftung Umwelt (DBU);Förderung;Förderung.;projektgebunden;checked;Die belegte Leistung ist an das benannte Vorhaben gebunden.;;;Plattenvereinigung wird durch die Deutsche Bundesstiftung Umwelt (DBU) als Projekt für „Berufsbildung und öffentlichen Diskurs zum Ressourcenschutz am Beispiel eines modellhaften mobilen Recyclinggebäudes;https://www.plattenvereinigung.de/project/;Plattenvereinigung wird durch die Deutsche Bundesstiftung Umwelt (DBU) als Projekt für „Berufsbildung und öffentlichen Diskurs zum Ressourcenschutz am Beispiel eines modellhaften mobilen Recyclinggebäudes;https://www.plattenvereinigung.de/project/
DE:K020;DE;Plattenvereinigung Berlin;B→A;Bundeszentrale für politische Bildung (bpb);Förderung;Förderung.;projektgebunden;checked;Die belegte Leistung ist an das benannte Vorhaben gebunden.;;;Das vielfältige Programm wurde ebenso von der Bundeszentrale für politische Bildung (bpb) gefördert.;https://www.plattenvereinigung.de/project/;Das vielfältige Programm wurde ebenso von der Bundeszentrale für politische Bildung (bpb) gefördert.;https://www.plattenvereinigung.de/project/
DE:K021;DE;Recyclinghaus Hannover;B→A;Gundlach GmbH & Co. KG Wohnungsunternehmen;Bauherrschaft;Bauherrschaft.;projektgebunden;checked;Die belegte Leistung ist an das benannte Vorhaben gebunden.;;;Bauherrin (Client): Gundlach GmbH & Co. KG Wohnungsunternehmen, Hannover;https://www.aknds.de/architektur-baukultur/staatspreis-2020/engere-wahl-2020/recyclinghaus-hannover-kronsberg-hannover;Bauherrin (Client): Gundlach GmbH & Co. KG Wohnungsunternehmen, Hannover;https://www.aknds.de/architektur-baukultur/staatspreis-2020/engere-wahl-2020/recyclinghaus-hannover-kronsberg-hannover
DE:K023;DE;Recyclinghaus Hannover;B→A;H2A;Fachplanung;Tragwerksplanung.;projektgebunden;checked;Die belegte Leistung ist an das benannte Vorhaben gebunden.;;;Bauphysik: H2A – v. Heeren Habibi Architekt und Ingenieur PartGmbB, Hannover;https://www.aknds.de/architektur-baukultur/staatspreis-2020/engere-wahl-2020/recyclinghaus-hannover-kronsberg-hannover;Bauphysik: H2A – v. Heeren Habibi Architekt und Ingenieur PartGmbB, Hannover;https://www.aknds.de/architektur-baukultur/staatspreis-2020/engere-wahl-2020/recyclinghaus-hannover-kronsberg-hannover
DE:K024;DE;Recyclinghaus Hannover;B→A;CITYFÖRSTER;Entwurf;Entwurf.;projektgebunden;checked;Die belegte Leistung ist an das benannte Vorhaben gebunden.;;;Architekten (Design): CITYFÖRSTER architecture + urbanism, Hannover, Architekt Dipl.-Ing. Nils Nolting;https://www.aknds.de/architektur-baukultur/staatspreis-2020/engere-wahl-2020/recyclinghaus-hannover-kronsberg-hannover;Architekten (Design): CITYFÖRSTER architecture + urbanism, Hannover, Architekt Dipl.-Ing. Nils Nolting;https://www.aknds.de/architektur-baukultur/staatspreis-2020/engere-wahl-2020/recyclinghaus-hannover-kronsberg-hannover
DE:K025;DE;Jugendtreff Ingersheim;B→A;Gemeinde Ingersheim;Bauherrschaft;Bauherrschaft.;projektgebunden;checked;Die belegte Leistung ist an das benannte Vorhaben gebunden.;;;Bauherr: Gemeinde Ingersheim;https://klingelhoefer-kroetsch.de/projekte/jugendtreff-ingersheim/;Bauherr: Gemeinde Ingersheim;https://klingelhoefer-kroetsch.de/projekte/jugendtreff-ingersheim/
DE:K026;DE;AWM Münster – zirkulärer Büroumbau;B→A;Urselmann Interior;Bauausführung;Bauausführung.;projektgebunden;checked;Die belegte Leistung ist an das benannte Vorhaben gebunden.;;;In Zusammenarbeit mit dem Düsseldorfer Unternehmen Urselmann interior, das sich auf Innenausbau nach dem Prinzip cradle-to-cradle spezialisiert hat, ist auf 250 m2 eine moderne Arbeitswelt;https://awm.stadt-muenster.de/aktuelles/newsdetail/moderne-arbeitswelt-aus-gebrauchten-materialien;In Zusammenarbeit mit dem Düsseldorfer Unternehmen Urselmann interior, das sich auf Innenausbau nach dem Prinzip cradle-to-cradle spezialisiert hat, ist auf 250 m2 eine moderne Arbeitswelt;https://awm.stadt-muenster.de/aktuelles/newsdetail/moderne-arbeitswelt-aus-gebrauchten-materialien
DE:K027;DE;AWM Münster – zirkulärer Büroumbau;B→A;Petra Jablonická;Entwurf;Entwurf.;projektgebunden;checked;Die belegte Leistung ist an das benannte Vorhaben gebunden.;;;Petra Jablonická (Architect) — 95,6% circular reconstruction of offices for AWM Münster;https://www.jablonicka.com/work/95,6%25-circular-reconstruction-of-offices-for-awm-m%C3%BCnster-;Petra Jablonická (Architect) — 95,6% circular reconstruction of offices for AWM Münster;https://www.jablonicka.com/work/95,6%25-circular-reconstruction-of-offices-for-awm-m%C3%BCnster-
DE:K029;DE;AWM Münster – zirkulärer Büroumbau;B→A;Concular;Reuse-Konzept;Beschaffte Reuse-Material.;projektgebunden;checked;Die belegte Leistung ist an das benannte Vorhaben gebunden.;;;hat urselmann interior eng mit Concular zusammengearbeit – sowohl bei der Beschaffung der zirkulären Materialien als auch bei der Auswertung;https://concular.de/bueroetage-muenster/;hat urselmann interior eng mit Concular zusammengearbeit – sowohl bei der Beschaffung der zirkulären Materialien als auch bei der Auswertung;https://concular.de/bueroetage-muenster/
DE:K031;DE;Circular Structural Design;—;Concular;Konsortialpartner;Entwickelten Matching-Algorithmen im Green-AI-Hub.;projektgebunden;checked;Die belegte Leistung ist an das benannte Vorhaben gebunden.;;;Together with its partner Circular Structural Design from Berlin, matching algorithms are being developed within the AI pilot project;https://www.green-ai-hub.de/en/pilot-projects/pilotproject-concular;Together with its partner Circular Structural Design from Berlin, matching algorithms are being developed within the AI pilot project;https://www.green-ai-hub.de/en/pilot-projects/pilotproject-concular
DE:K033;DE;Professur Nachhaltiges Bauen / KIT;—;Baukreisel e.V.;Kooperationsvereinbarung;Starteten einen Ausbau-Stegreif am KIT.;projektgebunden;checked;Die belegte Leistung ist an das benannte Vorhaben gebunden.;;;Als freies Kollektiv für zirkuläres Bauen ruft der Baukreisel gemeinsam mit dem Lehrstuhl für Nachhaltiges Bauen am KIT einen Ausbau Stegreif aus.;https://nb.ieb.kit.edu/index.php/ausbau-stegreif-konrad-kocher-schule-kitzingen/;Als freies Kollektiv für zirkuläres Bauen ruft der Baukreisel gemeinsam mit dem Lehrstuhl für Nachhaltiges Bauen am KIT einen Ausbau Stegreif aus.;https://nb.ieb.kit.edu/index.php/ausbau-stegreif-konrad-kocher-schule-kitzingen/
DE:K034;DE;Urban Mining Index;B→A;Lehrstuhl TEAMhillebrandt / Bergische Universität Wuppertal;Trägerschaft;Entwickelte zur Software.;einmalig;checked;Der Beleg beschreibt einen abgeschlossenen Einzelakt.;;;"Die Bergische Universität Wuppertal hat den „UMI"" zu einer anwenderfreundlichen Software weiterentwickelt und im Urban Solar Decathlon 2021 eingesetzt.";https://urban-mining-index.de/initiative/;"Die Bergische Universität Wuppertal hat den „UMI"" zu einer anwenderfreundlichen Software weiterentwickelt und im Urban Solar Decathlon 2021 eingesetzt.";https://urban-mining-index.de/initiative/
DE:K035;DE;Concular;—;ALBA Berlin;Kooperationsvereinbarung;Betreiben Urban Mining Hub gemeinsam.;dauerhaft;checked;Der Beleg beschreibt eine fortlaufende strukturelle Rolle.;;;ALBA Berlin versteht sich in diesem Projekt als einer dieser starken Partner, der neben der benötigten Fläche auch effektive Logistikdienstleistungen anbietet.;https://www.alba.info/unternehmen/newsroom/pressemitteilungen/detail/urban-mining-hub-berlin-gekommen-um-zu-bleiben/;ALBA Berlin versteht sich in diesem Projekt als einer dieser starken Partner, der neben der benötigten Fläche auch effektive Logistikdienstleistungen anbietet.;https://www.alba.info/unternehmen/newsroom/pressemitteilungen/detail/urban-mining-hub-berlin-gekommen-um-zu-bleiben/
DE:K036;DE;Concular;A→B;München Bauteilbörse (CirCoFin pilot);Betreiberschaft;Mitentwicklung.;projektgebunden;checked;Die belegte Leistung ist an das benannte Vorhaben gebunden.;;;Im Rahmen des europäischen CIRCOFIN-Projekts entwickelt Concular gemeinsam mit der Stadt München eine digitale und physische Bauteilbörse.;https://concular.de/regionale-knotenpunkte-fuer-ganz-deutschland/;Im Rahmen des europäischen CIRCOFIN-Projekts entwickelt Concular gemeinsam mit der Stadt München eine digitale und physische Bauteilbörse.;https://concular.de/regionale-knotenpunkte-fuer-ganz-deutschland/
DE:K048;DE;Historische Bauelemente (Marwitz);—;Unternehmerverband Historische Baustoffe e.V. (UHB);Konsortialpartner;Nimmt als Mitglied am UHB teil.;dauerhaft;checked;Der Beleg beschreibt eine fortlaufende strukturelle Rolle.;;;Historische Bauelemente - Olaf Elias e.K. ... Latest news about this member:;https://www.historische-baustoffe.de/en/the-dealers/list-of-dealers/elias/;Historische Bauelemente - Olaf Elias e.K. ... Latest news about this member:;https://www.historische-baustoffe.de/en/the-dealers/list-of-dealers/elias/
DE:K049;DE;Historische Baustoffe Ostalb (Söhnstetten);—;Unternehmerverband Historische Baustoffe e.V. (UHB);Konsortialpartner;Nimmt als Mitglied am UHB teil.;dauerhaft;checked;Der Beleg beschreibt eine fortlaufende strukturelle Rolle.;;;Historische Baustoffe Ostalb ... Latest news about this member: ... Members from this region: Baden-Wuerttemberg;https://www.historische-baustoffe.de/en/the-dealers/list-of-dealers/hbostalb/;Historische Baustoffe Ostalb ... Latest news about this member: ... Members from this region: Baden-Wuerttemberg;https://www.historische-baustoffe.de/en/the-dealers/list-of-dealers/hbostalb/
DK:K001;DK;Resource Rows;B→A;Lendager;Entwurf;Entwurf.;projektgebunden;checked;Die belegte Leistung ist an das benannte Vorhaben gebunden.;;;In an intensive cooperation between the client and the team of Lendager Group, Resource Rows proves that ... upcycling ... is possible.;https://circularmaterialsystems.com/en/case/02_en_resource-rows/;In an intensive cooperation between the client and the team of Lendager Group, Resource Rows proves that ... upcycling ... is possible.;https://circularmaterialsystems.com/en/case/02_en_resource-rows/
DK:K005;DK;Svanen;B→A;Tscherning;Rückbau;Rückbau.;projektgebunden;checked;Die belegte Leistung ist an das benannte Vorhaben gebunden.;;;For entreprenoeren Tscherning har udfordringen vaeret, at man normalt kan nedrive meget med maskine;https://vaerdibyg.dk/case/svanen-i-gladsaxe-cirkulaer-nedrivning/;For entreprenoeren Tscherning har udfordringen vaeret, at man normalt kan nedrive meget med maskine;https://vaerdibyg.dk/case/svanen-i-gladsaxe-cirkulaer-nedrivning/
DK:K008;DK;Svanen;B→A;Lendager;Entwurf;Entwurf.;projektgebunden;checked;Die belegte Leistung ist an das benannte Vorhaben gebunden.;;;Architects: Lendager Arkitekter ApS / SWECO architects;https://www.troldtekt.com/references/children-and-youth/boernehuset-svanen;Architects: Lendager Arkitekter ApS / SWECO architects;https://www.troldtekt.com/references/children-and-youth/boernehuset-svanen
DK:K010;DK;Tscherning;—;GreenDozer ApS;Zusammenarbeit, Art unklar;Vertieften ihre Zusammenarbeit.;dauerhaft;checked;Der Beleg beschreibt eine fortlaufende strukturelle Rolle.;;;styrket samarbejdet med GreenDozer;https://regnskaber.cvrapi.dk/34487362/amNsb3VkczovLzAzL2RkL2MxLzBjLzRlLzM1ZjUtNDdiNy1hYzYxLTU3NjA1MzRmMDQxYg.pdf;styrket samarbejdet med GreenDozer;https://regnskaber.cvrapi.dk/34487362/amNsb3VkczovLzAzL2RkL2MxLzBjLzRlLzM1ZjUtNDdiNy1hYzYxLTU3NjA1MzRmMDQxYg.pdf
DK:K012;DK;Thoravej 29 Copenhagen;B→A;DTU Byg – Sektion Materialer og Holdbarhed;Prüfung und Nachweis;Prüfung der Reuse-Bauteile.;projektgebunden;checked;Die belegte Leistung ist an das benannte Vorhaben gebunden.;;;A report from the Technical University of Denmark (DTU) on the Thoravej 29 project shows that compared to constructing an entirely new building, CO2 emissions;https://dac.dk/en/magazine/places/thoravej-29-what-can-be-reused-must-be-reused-376;A report from the Technical University of Denmark (DTU) on the Thoravej 29 project shows that compared to constructing an entirely new building, CO2 emissions;https://dac.dk/en/magazine/places/thoravej-29-what-can-be-reused-must-be-reused-376
DK:K015;DK;TRÆ High-Rise;B→A;a:gain;Bauteillieferung;Lieferte Reuse-Bauteile.;projektgebunden;checked;Die belegte Leistung ist an das benannte Vorhaben gebunden.;;;Leverede produkter til TRÆ;https://www.again.dk/da/project-references/trae;Leverede produkter til TRÆ;https://www.again.dk/da/project-references/trae
DK:K016;DK;TRÆ High-Rise;B→A;DOVISTA / KRONE;Bauteillieferung;Lieferte Reuse-Bauteile.;projektgebunden;checked;Die belegte Leistung ist an das benannte Vorhaben gebunden.;;;KRONE supplied all the windows to the building, including the upcycled windows.;https://dovista.com/krone-brandcase;KRONE supplied all the windows to the building, including the upcycled windows.;https://dovista.com/krone-brandcase
DK:K017;DK;TRÆ High-Rise;B→A;Artelia;Fachplanung;Tragwerksplanung.;projektgebunden;checked;Die belegte Leistung ist an das benannte Vorhaben gebunden.;;;Artelia is the engineer on TRÆ.;https://www.arteliagroup.com/fr/project/trae-a-wooden-tower-at-the-highest-level/;Artelia is the engineer on TRÆ.;https://www.arteliagroup.com/fr/project/trae-a-wooden-tower-at-the-highest-level/
DK:K018;DK;TRÆ High-Rise;B→A;Lendager;Entwurf;Entwurf.;projektgebunden;checked;Die belegte Leistung ist an das benannte Vorhaben gebunden.;;;TRAE ... a 78-meter beacon of circular construction, showing that large-scale architecture can combine reused materials;https://lendager.com/project/trae;TRAE ... a 78-meter beacon of circular construction, showing that large-scale architecture can combine reused materials;https://lendager.com/project/trae
DK:K019;DK;a:gain;A→B;Upcycle Studios Copenhag…;Bauteillieferung;Lieferte einen Viddø-Fensterprototyp.;projektgebunden;checked;Die belegte Leistung ist an das benannte Vorhaben gebunden.;;;In Upcycle Studios, 75% of the windows came from public housing in North Jutland;https://www.again.dk/project-references/upcycle-studios;In Upcycle Studios, 75% of the windows came from public housing in North Jutland;https://www.again.dk/project-references/upcycle-studios
DK:K024;DK;Circue;—;GreenDozer ApS;Kooperationsvereinbarung;Verknüpften mit Revit.;dauerhaft;checked;Der Beleg beschreibt eine fortlaufende strukturelle Rolle.;;;Den digitale materialebørs gør det muligt at eksportere genbrugsmaterialer fra markedspladser som Genbyg, J Jensen og Greendozer ind i Revit;https://www.strateginetvaerket.dk/case-circue-digital-platform-baner-vejen-for-cirkulaert-byggeri-og-baeredygtig-transformation/;Den digitale materialebørs gør det muligt at eksportere genbrugsmaterialer fra markedspladser som Genbyg, J Jensen og Greendozer ind i Revit;https://www.strateginetvaerket.dk/case-circue-digital-platform-baner-vejen-for-cirkulaert-byggeri-og-baeredygtig-transformation/
DK:K030;DK;GreenDozer ApS;B→A;Kingo (Kingo Karlsen A/S);Konzernbindung;Investition.;dauerhaft;checked;Der Beleg beschreibt eine fortlaufende strukturelle Rolle.;;;Senest har tre store nedrivningsvirksomheder, P. Olesen, Kingo og Tscherning, investeret i virksomheden;https://greendozer.com/nyt-samarbejde-fremmer-genbrug-af-byggematerialer;Senest har tre store nedrivningsvirksomheder, P. Olesen, Kingo og Tscherning, investeret i virksomheden;https://greendozer.com/nyt-samarbejde-fremmer-genbrug-af-byggematerialer
DK:K031;DK;GreenDozer ApS;B→A;P. Olesen / PO Genbrug;Konzernbindung;Investition.;dauerhaft;checked;Der Beleg beschreibt eine fortlaufende strukturelle Rolle.;;;Senest har tre store nedrivningsvirksomheder, P. Olesen, Kingo og Tscherning, investeret i virksomheden;https://greendozer.com/nyt-samarbejde-fremmer-genbrug-af-byggematerialer;Senest har tre store nedrivningsvirksomheder, P. Olesen, Kingo og Tscherning, investeret i virksomheden;https://greendozer.com/nyt-samarbejde-fremmer-genbrug-af-byggematerialer
FI:K001;FI;Härmälänranta;B→A;A-Kruunu;Bauherrschaft;Bauherrschaft.;projektgebunden;checked;Die belegte Leistung ist an das benannte Vorhaben gebunden.;;;The building was built by Skanska for the client, affordable rental housing company A-Kruunu;https://recreate-project.eu/tag/city-of-tampere/;The building was built by Skanska for the client, affordable rental housing company A-Kruunu;https://recreate-project.eu/tag/city-of-tampere/
FI:K002;FI;Härmälänranta;B→A;Skanska Finland;Bauausführung;Bauausführung.;projektgebunden;checked;Die belegte Leistung ist an das benannte Vorhaben gebunden.;;;The building was built by Skanska for the client, affordable rental housing company A-Kruunu;https://recreate-project.eu/tag/city-of-tampere/;The building was built by Skanska for the client, affordable rental housing company A-Kruunu;https://recreate-project.eu/tag/city-of-tampere/
FI:K003;FI;Härmälänranta;B→A;Consolis Parma;Aufarbeitung;Aufarbeitung der Reuse-Bauteile.;projektgebunden;checked;Die belegte Leistung ist an das benannte Vorhaben gebunden.;;;were quality controlled and factory refurbished in Consolis Parma's factory in Kangasala;https://recreate-project.eu/tag/precast-concrete;were quality controlled and factory refurbished in Consolis Parma's factory in Kangasala;https://recreate-project.eu/tag/precast-concrete
FI:K004;FI;Härmälänranta;B→A;Ramboll Finland;Fachplanung;Tragwerksplanung.;projektgebunden;checked;Die belegte Leistung ist an das benannte Vorhaben gebunden.;;;we at Ramboll developed designing the refurbishment of the reclaimed elements in collaboration with the factory;https://recreate-project.eu/tag/consolis-parma/;we at Ramboll developed designing the refurbishment of the reclaimed elements in collaboration with the factory;https://recreate-project.eu/tag/consolis-parma/
FI:K007;FI;Skanska Finland;—;Consolis Parma;Konsortialpartner;Arbeiteten im ReCreate-Verbund zusammen.;befristeter Verbund;checked;Der Beleg ordnet beide einem benannten Projektverbund zu.;;;ReCreate's Finnish cluster is formed by Tampere University, Skanska, Consolis Parma, Ramboll Finland, Umacon, LIIKE architects, and the City of Tampere.;https://recreate-project.eu/tag/precast-concrete;ReCreate's Finnish cluster is formed by Tampere University, Skanska, Consolis Parma, Ramboll Finland, Umacon, LIIKE architects, and the City of Tampere.;https://recreate-project.eu/tag/precast-concrete
FI:K009;FI;Skanska Finland;—;Ramboll Finland;Konsortialpartner;Arbeiteten im ReCreate-Verbund zusammen.;befristeter Verbund;checked;Der Beleg ordnet beide einem benannten Projektverbund zu.;;;ReCreate's Finnish cluster is formed by Tampere University, Skanska, Consolis Parma, Ramboll Finland, Umacon, LIIKE architects, and the City of Tampere.;https://recreate-project.eu/tag/precast-concrete;ReCreate's Finnish cluster is formed by Tampere University, Skanska, Consolis Parma, Ramboll Finland, Umacon, LIIKE architects, and the City of Tampere.;https://recreate-project.eu/tag/precast-concrete
FI:K010;FI;Skanska Finland;A→B;Lokomotion Technology Center;Bauausführung;Bauausführung.;projektgebunden;checked;Die belegte Leistung ist an das benannte Vorhaben gebunden.;;;In the ReCreate research project, companies have participated in Skanska's building projects, which serve as the study's minipilots.;https://parma.fi/betonielementtien-uudelleenkayttoa-koeponnistettu-onnistuneesti-recreate-hankkeen-minipiloteissa/;In the ReCreate research project, companies have participated in Skanska's building projects, which serve as the study's minipilots.;https://parma.fi/betonielementtien-uudelleenkayttoa-koeponnistettu-onnistuneesti-recreate-hankkeen-minipiloteissa/
FI:K011;FI;Skanska Finland;—;Tampereen kaupunki (City of Tampere);Konsortialpartner;Arbeiteten im ReCreate-Verbund zusammen.;befristeter Verbund;checked;Der Beleg ordnet beide einem benannten Projektverbund zu.;;;ReCreate's Finnish cluster is formed by Tampere University, Skanska, Consolis Parma, Ramboll Finland, Umacon, LIIKE architects, and the City of Tampere.;https://recreate-project.eu/tag/precast-concrete;ReCreate's Finnish cluster is formed by Tampere University, Skanska, Consolis Parma, Ramboll Finland, Umacon, LIIKE architects, and the City of Tampere.;https://recreate-project.eu/tag/precast-concrete
FI:K013;FI;Consolis Parma;—;Ramboll Finland;Konsortialpartner;Bestimmte die Aufarbeitung Reuse-Bauteile.;projektgebunden;checked;Die belegte Leistung ist an das benannte Vorhaben gebunden.;;;Consolis Parma used Ramboll's help determine suitable refurbishment measures;https://recreate-project.eu/tag/consolis-parma/;Consolis Parma used Ramboll's help determine suitable refurbishment measures;https://recreate-project.eu/tag/consolis-parma/
FI:K014;FI;Consolis Parma;A→B;Lokomotion Technology Center;Aufarbeitung;Aufarbeitung der Reuse-Bauteile.;projektgebunden;checked;Die belegte Leistung ist an das benannte Vorhaben gebunden.;;;In the ReCreate research project, companies have participated in Skanska's building projects, which serve as the study's minipilots.;https://parma.fi/betonielementtien-uudelleenkayttoa-koeponnistettu-onnistuneesti-recreate-hankkeen-minipiloteissa/;In the ReCreate research project, companies have participated in Skanska's building projects, which serve as the study's minipilots.;https://parma.fi/betonielementtien-uudelleenkayttoa-koeponnistettu-onnistuneesti-recreate-hankkeen-minipiloteissa/
FI:K015;FI;Consolis Parma;A→B;Melkinlaituri Primary School and Daycare Centre;Aufarbeitung;Aufarbeitung der Reuse-Bauteile.;projektgebunden;checked;Die belegte Leistung ist an das benannte Vorhaben gebunden.;;;Slabs were transported to Consolis Parma's Nummela factory, where the refurbishment of the elements could begin;https://recreate-project.eu/tag/consolis-parma/;Slabs were transported to Consolis Parma's Nummela factory, where the refurbishment of the elements could begin;https://recreate-project.eu/tag/consolis-parma/
FI:K016;FI;Consolis Parma;—;Peikko Finland;Konsortialpartner;Erprobten demontierbare Betonverbindungen.;projektgebunden;checked;Die belegte Leistung ist an das benannte Vorhaben gebunden.;;;We implemented a pilot project at the end of 2021...to prove that the connecting technology between load-bearing structures enables easy dismantling and reassembly.;https://www.peikko.com/blog/pilot-project-proves-that-the-dismount-and-reuse-of-concrete-elements-is-realistic-and-economical/;We implemented a pilot project at the end of 2021...to prove that the connecting technology between load-bearing structures enables easy dismantling and reassembly.;https://www.peikko.com/blog/pilot-project-proves-that-the-dismount-and-reuse-of-concrete-elements-is-realistic-and-economical/
FI:K017;FI;Consolis Parma;—;Tampereen kaupunki (City of Tampere);Konsortialpartner;Arbeiteten im ReCreate-Verbund zusammen.;befristeter Verbund;checked;Der Beleg ordnet beide einem benannten Projektverbund zu.;;;ReCreate's Finnish cluster is formed by Tampere University, Skanska, Consolis Parma, Ramboll Finland, Umacon, LIIKE architects, and the City of Tampere.;https://recreate-project.eu/tag/precast-concrete;ReCreate's Finnish cluster is formed by Tampere University, Skanska, Consolis Parma, Ramboll Finland, Umacon, LIIKE architects, and the City of Tampere.;https://recreate-project.eu/tag/precast-concrete
FI:K021;FI;Ramboll Finland;A→B;Lokomotion Technology Center;Fachplanung;Fachplanung.;projektgebunden;checked;Die belegte Leistung ist an das benannte Vorhaben gebunden.;;;In the ReCreate research project, companies have participated in Skanska's building projects, which serve as the study's minipilots.;https://parma.fi/betonielementtien-uudelleenkayttoa-koeponnistettu-onnistuneesti-recreate-hankkeen-minipiloteissa/;In the ReCreate research project, companies have participated in Skanska's building projects, which serve as the study's minipilots.;https://parma.fi/betonielementtien-uudelleenkayttoa-koeponnistettu-onnistuneesti-recreate-hankkeen-minipiloteissa/
FI:K022;FI;Ramboll Finland;A→B;Melkinlaituri Primary School and Daycare Centre;Prüfung und Nachweis;Prüfung der Reuse-Bauteile.;projektgebunden;checked;Die belegte Leistung ist an das benannte Vorhaben gebunden.;;;Consolis Parma used Ramboll's help determine suitable refurbishment measures;https://recreate-project.eu/tag/consolis-parma/;Consolis Parma used Ramboll's help determine suitable refurbishment measures;https://recreate-project.eu/tag/consolis-parma/
FI:K024;FI;Ramboll Finland;—;Tampereen kaupunki (City of Tampere);Konsortialpartner;Arbeiteten im ReCreate-Verbund zusammen.;befristeter Verbund;checked;Der Beleg ordnet beide einem benannten Projektverbund zu.;;;ReCreate's Finnish cluster is formed by Tampere University, Skanska, Consolis Parma, Ramboll Finland, Umacon, LIIKE architects, and the City of Tampere.;https://recreate-project.eu/tag/precast-concrete;ReCreate's Finnish cluster is formed by Tampere University, Skanska, Consolis Parma, Ramboll Finland, Umacon, LIIKE architects, and the City of Tampere.;https://recreate-project.eu/tag/precast-concrete
FI:K026;FI;Lokomotion Technology Center;B→A;ReCreate-Koordination / Faculty of Built Environment / Tampere University;Forschungsbegleitung;Forschungsbegleitung.;projektgebunden;checked;Die belegte Leistung ist an das benannte Vorhaben gebunden.;;;The Finnish ReCreate cluster and Lokomotion Technology completed the second reuse mini-pilot.;https://recreate-project.eu/2026/02/24/second-reuse-mini-pilot-successful-in-finland/;The Finnish ReCreate cluster and Lokomotion Technology completed the second reuse mini-pilot.;https://recreate-project.eu/2026/02/24/second-reuse-mini-pilot-successful-in-finland/
FI:K027;FI;Melkinlaituri Primary School and Daycare Centre;B→A;Urban Environment Division / City of Helsinki;Bauherrschaft;Bauherrschaft.;projektgebunden;checked;Die belegte Leistung ist an das benannte Vorhaben gebunden.;;;Melkinlaiturin peruskoulu ... Helsingin kaupunki;https://paatokset.hel.fi/fi/asia/hel-2024-003973;Melkinlaiturin peruskoulu ... Helsingin kaupunki;https://paatokset.hel.fi/fi/asia/hel-2024-003973
FI:K028;FI;Melkinlaituri Primary School and Daycare Centre;B→A;YIT;Bauausführung;Bauausführung.;projektgebunden;checked;Die belegte Leistung ist an das benannte Vorhaben gebunden.;;;YIT is delivering the Melkinlaituri school and day care centre for the City of Helsinki as a life-cycle project.;https://sustera.com/melkinlaituri-primary-school-and-day-care-centre-pilot-project-for-the-reuse-of-hollow-core-slabs/;YIT is delivering the Melkinlaituri school and day care centre for the City of Helsinki as a life-cycle project.;https://sustera.com/melkinlaituri-primary-school-and-day-care-centre-pilot-project-for-the-reuse-of-hollow-core-slabs/
FI:K029;FI;Urban Environment Division / City of Helsinki;—;Kiilto Family;Gemeinsames Bauvorhaben;Erprobten wiederlösbare Fliesen.;projektgebunden;checked;Die belegte Leistung ist an das benannte Vorhaben gebunden.;;;pilottihanke Forum Virium Helsingin ja Business Helsingin ARKI 135 kiertotaloushubin kanssa tarjoaa mahdollisuuden testata ja demonstroida teknologian toimivuutta;https://www.kiilto.fi/uutishuone/rakennusmateriaalit-jotka-elavat-useamman-kerran/;pilottihanke Forum Virium Helsingin ja Business Helsingin ARKI 135 kiertotaloushubin kanssa tarjoaa mahdollisuuden testata ja demonstroida teknologian toimivuutta;https://www.kiilto.fi/uutishuone/rakennusmateriaalit-jotka-elavat-useamman-kerran/
FI:K030;FI;ReCreate-Koordination / Faculty of Built Environment / Tampere University;—;SÄILÖ: Purusta säilöön ja kiertoon;Konsortialpartner;Verbundpartnerschaft.;befristeter Verbund;checked;Der Beleg ordnet beide einem benannten Projektverbund zu.;;;SÄILÖ-hanke toteutetaan yhteistyössä Oriveden kaupungin, Nokian kaupungin ja Tampereen yliopiston kanssa.;https://ekokumppanit.fi/hankkeet/sailo/;SÄILÖ-hanke toteutetaan yhteistyössä Oriveden kaupungin, Nokian kaupungin ja Tampereen yliopiston kanssa.;https://ekokumppanit.fi/hankkeet/sailo/
FI:K031;FI;ReCreate-Koordination / Faculty of Built Environment / Tampere University;—;Tampereen kaupunki (City of Tampere);Kooperationsvereinbarung;Stärken als Bildungs- und Wissenschaftsstandort.;dauerhaft;checked;Der Beleg beschreibt eine fortlaufende strukturelle Rolle.;;;Strategic partnership between Tampere Universities and the City of Tampere;https://www.tampere.fi/en/current/2026/02/19/strategic-partnership-between-tampere-universities-and-city-tampere;Strategic partnership between Tampere Universities and the City of Tampere;https://www.tampere.fi/en/current/2026/02/19/strategic-partnership-between-tampere-universities-and-city-tampere
FI:K032;FI;Housing Design / Department of Architecture / Aalto University;—;VTT – Circularity in the Built Environment;Kooperationsvereinbarung;Forschen zur grünen und digitalen Transformation.;dauerhaft;checked;Der Beleg beschreibt eine fortlaufende strukturelle Rolle.;;;Aalto University and VTT have signed a strategic partnership agreement.;https://www.aalto.fi/en/corporate-collaboration/strategic-research-institute-partner-vtt;Aalto University and VTT have signed a strategic partnership agreement.;https://www.aalto.fi/en/corporate-collaboration/strategic-research-institute-partner-vtt
FI:K036;FI;Ekokumppanit (Kiertotalous Pirkanmaa);A→B;SÄILÖ: Purusta säilöön ja kiertoon;Trägerschaft;Trägt das federführend.;befristeter Verbund;checked;Der Beleg ordnet beide einem benannten Projektverbund zu.;;;Hankkeen päätoteuttajana toimii Ekokumppanien operoima Kiertotalous Pirkanmaa;https://ekokumppanit.fi/hankkeet/sailo/;Hankkeen päätoteuttajana toimii Ekokumppanien operoima Kiertotalous Pirkanmaa;https://ekokumppanit.fi/hankkeet/sailo/
FI:K038;FI;KIELO-Projektteam / Xamk;—;Mikkelin Kehitysyhtiö Miksei Oy;Konsortialpartner;Verbundpartnerschaft.;befristeter Verbund;checked;Der Beleg ordnet beide einem benannten Projektverbund zu.;;;KIELO – Kiertotalousloikka rakennusmateriaalien uudelleenkäytön parantamiseksi Mikkelissä on Mikkelin kehitysyhtiö Miksei Oy:n ja Kaakkois-Suomen ammattikorkeakoulun yhteinen ryhmähanke.;https://mikseimikkeli.fi/hankkeet/kielo/;KIELO – Kiertotalousloikka rakennusmateriaalien uudelleenkäytön parantamiseksi Mikkelissä on Mikkelin kehitysyhtiö Miksei Oy:n ja Kaakkois-Suomen ammattikorkeakoulun yhteinen ryhmähanke.;https://mikseimikkeli.fi/hankkeet/kielo/
FI:K039;FI;Mikkelin Kehitysyhtiö Miksei Oy;B→A;Purkupiha;Dienstleistungsbeziehung;Führte Rückbau im KIELO-Piloten aus.;projektgebunden;checked;Die belegte Leistung ist an das benannte Vorhaben gebunden.;;;Purkatyö toteutettiin yhteistyössä paikallisen rakennusliike OW-Yhtiöt Oy:n ja kohteen purku-urakoitsijaksi valikoituneen Purkupiha Oy:n kanssa.;https://arkisto.mikseimikkeli.fi/hiilineutraalit-terasportaat-onnistunut-purkumateriaalien-uudelleenkayttokokeilu-mikkelissa/;Purkatyö toteutettiin yhteistyössä paikallisen rakennusliike OW-Yhtiöt Oy:n ja kohteen purku-urakoitsijaksi valikoituneen Purkupiha Oy:n kanssa.;https://arkisto.mikseimikkeli.fi/hiilineutraalit-terasportaat-onnistunut-purkumateriaalien-uudelleenkayttokokeilu-mikkelissa/
FI:K040;FI;Purkutori.fi;B→A;Purkupiha;Betreiberschaft;Betreibt Marktplatz.;dauerhaft;checked;Der Beleg beschreibt eine fortlaufende strukturelle Rolle.;;;Purkutori.fi-palvelun tarjoaa Purkupiha Oy – yksi Suomen suurimmista purkuliikkeistä ja johtava suomalaisomisteinen rakennusten ja teollisuuden purkaja Suomessa.;https://www.purkutori.fi/tietoja-meista;Purkutori.fi-palvelun tarjoaa Purkupiha Oy – yksi Suomen suurimmista purkuliikkeistä ja johtava suomalaisomisteinen rakennusten ja teollisuuden purkaja Suomessa.;https://www.purkutori.fi/tietoja-meista
FR:K006;FR;Cycle Up;—;ORAK;Kooperationsvereinbarung;Entwickelten eine Reuse-Lösung für Teppichfliesen.;dauerhaft;checked;Der Beleg beschreibt eine fortlaufende strukturelle Rolle.;;;Aujourd'hui Orak propose, en partenariat avec Cycle Up, une solution globale pour dalles textiles neuves ou réemployées;https://site.cycle-up.fr/annonceur-plus-orak/;Aujourd'hui Orak propose, en partenariat avec Cycle Up, une solution globale pour dalles textiles neuves ou réemployées;https://site.cycle-up.fr/annonceur-plus-orak/
FR:K008;FR;Cycle Up;—;TEXTIFLOOR;Kooperationsvereinbarung;Verbessern gemeinsam Bodenbelag-Reuse.;dauerhaft;checked;Der Beleg beschreibt eine fortlaufende strukturelle Rolle.;;;le partenariat Cycle Up X Textifloor a pour objectif de contribuer à l'amélioration de la chaine de valeur;https://site.cycle-up.fr/textifloor-annonceurplus/;le partenariat Cycle Up X Textifloor a pour objectif de contribuer à l'amélioration de la chaine de valeur;https://site.cycle-up.fr/textifloor-annonceurplus/
FR:K010;FR;Réempro;A→B;CD2E;Mitgliedschaft;Mitgliedschaft im Netzwerk.;dauerhaft;checked;Der Beleg beschreibt eine fortlaufende strukturelle Rolle.;;;Grâce à la notoriété du CD2E, nous avons pu bénéficier d'un grand réseau d'acteurs du réemploi et ainsi améliorer notre expertise sur le sujet.;https://cd2e.com/portraits-adherents/reempro-cd2e-portraits-adherents/;Grâce à la notoriété du CD2E, nous avons pu bénéficier d'un grand réseau d'acteurs du réemploi et ainsi améliorer notre expertise sur le sujet.;https://cd2e.com/portraits-adherents/reempro-cd2e-portraits-adherents/
FR:K015;FR;Circular Pavilion Paris;B→A;Encore Heureux;Entwurf;Entwurf.;projektgebunden;checked;Die belegte Leistung ist an das benannte Vorhaben gebunden.;;;ENCORE HEUREUX ARCHITECTES (mandataires);https://encoreheureux.org/en/projects/pavillon-circulaire;ENCORE HEUREUX ARCHITECTES (mandataires);https://encoreheureux.org/en/projects/pavillon-circulaire
FR:K016;FR;Ferme du Rail Paris;B→A;Travail & Vie;Bauausführung;Bauausführung.;projektgebunden;checked;Die belegte Leistung ist an das benannte Vorhaben gebunden.;;;Dans les entreprises : Apijbat et Travail et Vie;https://www.ekopolis.fr/operations-batiment/la-ferme-du-rail;Dans les entreprises : Apijbat et Travail et Vie;https://www.ekopolis.fr/operations-batiment/la-ferme-du-rail
FR:K017;FR;Ferme du Rail Paris;B→A;Réhabail;Bauherrschaft;Bauherrschaft.;projektgebunden;checked;Die belegte Leistung ist an das benannte Vorhaben gebunden.;;;La maîtrise d'ouvrage privée Réhabail a été un acteur moteur et volontaire dans la démarche de réemploi;https://www.ekopolis.fr/operations-batiment/la-ferme-du-rail;La maîtrise d'ouvrage privée Réhabail a été un acteur moteur et volontaire dans la démarche de réemploi;https://www.ekopolis.fr/operations-batiment/la-ferme-du-rail
FR:K018;FR;Ferme du Rail Paris;B→A;Pouget Consultants;Fachplanung;Fachplanung.;projektgebunden;checked;Die belegte Leistung ist an das benannte Vorhaben gebunden.;;;Grand Huit avec Albert et cie (AMO), Scoping (BET TCE), Gamba (BET acoustique) et Toreana, Pouget (BE thermique), Mélanie Drevet paysagiste;https://grandhuit.eu/projet/ferme-du-rail/;Grand Huit avec Albert et cie (AMO), Scoping (BET TCE), Gamba (BET acoustique) et Toreana, Pouget (BE thermique), Mélanie Drevet paysagiste;https://grandhuit.eu/projet/ferme-du-rail/
FR:K020;FR;Ferme du Rail Paris;B→A;Albert & Co;Fachplanung;Fachplanung.;projektgebunden;checked;Die belegte Leistung ist an das benannte Vorhaben gebunden.;;;rand huit avec albert et cie (amo), scoping (bet tce), gamba (bet acoustique) et toreana, pouget (be thermique), melanie drevet paysagi;https://grandhuit.eu/projet/ferme-du-rail/;rand huit avec albert et cie (amo), scoping (bet tce), gamba (bet acoustique) et toreana, pouget (be thermique), melanie drevet paysagi;https://grandhuit.eu/projet/ferme-du-rail/
FR:K021;FR;Grande Halle de Colombelles;B→A;Le WIP;Betrieb;Betrieb.;dauerhaft;checked;Der Beleg nennt Le WIP als aktuellen Betreiber.;;;Le WIP, actuel exploitant du bâtiment, a été titulaire de ce lot Réemploi;https://www.ekopolis.fr/operations-batiment/grande-halle-de-colombelles;Le WIP, actuel exploitant du bâtiment, a été titulaire de ce lot Réemploi;https://www.ekopolis.fr/operations-batiment/grande-halle-de-colombelles
FR:K022;FR;Maison des Canaux, Paris;B→A;Les Canaux;Betrieb;Betrieb.;dauerhaft;checked;Der Beleg nennt Les Canaux als Gebäudebetreiber.;;;la Maison des Canaux, gérée par l'association Les Canaux;https://www.paris.fr/pages/les-canaux-une-maison-des-economies-solidaires-et-innovantes-4133;la Maison des Canaux, gérée par l'association Les Canaux;https://www.paris.fr/pages/les-canaux-une-maison-des-economies-solidaires-et-innovantes-4133
FR:K023;FR;Maison des Canaux, Paris;B→A;Ville de Paris;Bauherrschaft;Bauherrschaft.;projektgebunden;checked;Die belegte Leistung ist an das benannte Vorhaben gebunden.;;;La Ville de Paris a décidé d'en faire un chantier de travaux exemplaire, sur le plan environnemental, notamment en économie circulaire, et solidaire.;https://www.paris.fr/pages/l-economie-circulaire-au-coeur-du-chantier-de-la-maison-des-canaux-16966;La Ville de Paris a décidé d'en faire un chantier de travaux exemplaire, sur le plan environnemental, notamment en économie circulaire, et solidaire.;https://www.paris.fr/pages/l-economie-circulaire-au-coeur-du-chantier-de-la-maison-des-canaux-16966
FR:K024;FR;Ville de Paris;A→B;Plateforme de réemploi des matériaux de voirie de la Ville de Paris;Betreiberschaft;Betreibt das Straßenbau-Depot.;dauerhaft;checked;Der Beleg beschreibt eine fortlaufende strukturelle Rolle.;;;Tous les chantiers de voirie parisiens ont leur réserve de granit au cœur d'un immense dépôt de la Direction de la voirie et des déplacements à Bonneuil sur Marne.;https://www.paris.fr/pages/le-pave-parisien-a-l-epreuve-du-temps-7511;Tous les chantiers de voirie parisiens ont leur réserve de granit au cœur d'un immense dépôt de la Direction de la voirie et des déplacements à Bonneuil sur Marne.;https://www.paris.fr/pages/le-pave-parisien-a-l-epreuve-du-temps-7511
FR:K025;FR;Résilience;B→A;Novaedia / Novædia;Betrieb;Betrieb.;dauerhaft;checked;Der Beleg nennt Résilience als Sitz und Werkstatt.;;;Le bâtiment accueillera en mars 2020 le siège social et les ateliers de Novaedia, coopérative à but d'insertion sociale;http://materiauxreemploi.com/visite-de-chantier-resilience-la-ferme-des-possibles-a-stains/;Le bâtiment accueillera en mars 2020 le siège social et les ateliers de Novaedia, coopérative à but d'insertion sociale;http://materiauxreemploi.com/visite-de-chantier-resilience-la-ferme-des-possibles-a-stains/
FR:K026;FR;Résilience;B→A;SOCOTEC;Prüfung und Nachweis;Prüfung der Reuse-Bauteile.;projektgebunden;checked;Die belegte Leistung ist an das benannte Vorhaben gebunden.;;;contrôleur technique : SOCOTEC;https://topophile.net/faire/la-ferme-des-possibles-ou-de-la-serendipite/;contrôleur technique : SOCOTEC;https://topophile.net/faire/la-ferme-des-possibles-ou-de-la-serendipite/
FR:K027;FR;Résilience;B→A;Depuis 1920;Bauausführung;Bauausführung.;projektgebunden;checked;Die belegte Leistung ist an das benannte Vorhaben gebunden.;;;Les châssis ont été déposés, transportés et retravaillés dans les ateliers de l'entreprise de menuiseries Depuis1920;http://materiauxreemploi.com/visite-de-chantier-resilience-la-ferme-des-possibles-a-stains/;Les châssis ont été déposés, transportés et retravaillés dans les ateliers de l'entreprise de menuiseries Depuis1920;http://materiauxreemploi.com/visite-de-chantier-resilience-la-ferme-des-possibles-a-stains/
FR:K028;FR;Résilience;B→A;Association Réavie;Bauteillieferung;Lieferte Reuse-Bauteile.;projektgebunden;checked;Die belegte Leistung ist an das benannte Vorhaben gebunden.;;;L'association Réavie a préparé et livré des éléments tels que des WC, des luminaires, des poignées de portes, des mitigeurs;http://materiauxreemploi.com/visite-de-chantier-resilience-la-ferme-des-possibles-a-stains/;L'association Réavie a préparé et livré des éléments tels que des WC, des luminaires, des poignées de portes, des mitigeurs;http://materiauxreemploi.com/visite-de-chantier-resilience-la-ferme-des-possibles-a-stains/
FR:K030;FR;Résilience;B→A;Archipel zéro;Entwurf;Entwurf.;projektgebunden;checked;Die belegte Leistung ist an das benannte Vorhaben gebunden.;;;Conçu par l'agence d'architecture Frédéric Denise – Archipel Zéro, le projet illustre l'engagement de la maîtrise d'ouvrage;http://materiauxreemploi.com/visite-de-chantier-resilience-la-ferme-des-possibles-a-stains/;Conçu par l'agence d'architecture Frédéric Denise – Archipel Zéro, le projet illustre l'engagement de la maîtrise d'ouvrage;http://materiauxreemploi.com/visite-de-chantier-resilience-la-ferme-des-possibles-a-stains/
FR:K031;FR;La Fab Bordeaux;B→A;Collectif CANCAN;Dienstleistungsbeziehung;Arbeitete im Auftrag.;projektgebunden;checked;Die belegte Leistung ist an das benannte Vorhaben gebunden.;;;Commanditaire : La Fab;https://www.collectifcancan.fr/project/promenade/;Commanditaire : La Fab;https://www.collectifcancan.fr/project/promenade/
FR:K032;FR;Encore Heureux;A→B;REMIX / matériaux réemploi;Gründung;Mitgründung des Reuse-Büros.;einmalig;checked;Der Beleg beschreibt einen abgeschlossenen Einzelakt.;;;Encore Heureux Architectes et Morgan Moinet décident de fonder REMIX, un bureau d'études;https://encoreheureux.org/en/news/creation-d-un-bureau-d-etudes-dedie-au-reemploi;Encore Heureux Architectes et Morgan Moinet décident de fonder REMIX, un bureau d'études;https://encoreheureux.org/en/news/creation-d-un-bureau-d-etudes-dedie-au-reemploi
FR:K033;FR;Mobius Réemploi;—;CSTB;Konsortialpartner;Arbeiteten im SPIROU-Verbund zusammen.;befristeter Verbund;checked;Der Beleg ordnet beide einem benannten Projektverbund zu.;;;le projet de recherche SPIROU (Sécuriser les Pratiques Innovantes de Réemploi via une Offre Unifiée) co-financé par l'ADEME, le CSTB et ses partenaires Mobius réemploi, le Booster du Réemploi / A4MT et Qualiconsult;https://www.cstb.fr/nos-offres/toutes-nos-offres/accompagner-developpement-reemploi;le projet de recherche SPIROU (Sécuriser les Pratiques Innovantes de Réemploi via une Offre Unifiée) co-financé par l'ADEME, le CSTB et ses partenaires Mobius réemploi, le Booster du Réemploi / A4MT et Qualiconsult;https://www.cstb.fr/nos-offres/toutes-nos-offres/accompagner-developpement-reemploi
FR:K034;FR;CANCAN Architecture;—;REFAIR Bordeaux;Zusammenarbeit, Art unklar;Begleitete beim Reuse-Vorhaben.;projektgebunden;checked;Die belegte Leistung ist an das benannte Vorhaben gebunden.;;;REFAIR accompagne CANCAN Architecture sur le réemploi.;https://refair-bm.fr/le-reemploi-cest-la-base/;REFAIR accompagne CANCAN Architecture sur le réemploi.;https://refair-bm.fr/le-reemploi-cest-la-base/
FR:K035;FR;CSTB;—;Bellastock;Konsortialpartner;Arbeiteten im FCRBE-Verbund zusammen.;befristeter Verbund;checked;Der Beleg ordnet beide einem benannten Projektverbund zu.;;;Bellastock et le CSTB en France, Bruxelles-Environnement, Belgian Building Research Institute (BBRI) et la Confédération de la Construction en Belgique, la School of Architecture and Design de l'Université de Brighton et l'opérateur;https://lecho-circulaire.com/le-projet-fcrbe-facilite-le-reemploi-dans-la-construction/;Bellastock et le CSTB en France, Bruxelles-Environnement, Belgian Building Research Institute (BBRI) et la Confédération de la Construction en Belgique, la School of Architecture and Design de l'Université de Brighton et l'opérateur;https://lecho-circulaire.com/le-projet-fcrbe-facilite-le-reemploi-dans-la-construction/
FR:K038;FR;CSTB;—;Institut National de l'Économie Circulaire (INEC);Konsortialpartner;Arbeiteten im LIFE-Waste2Build-Verbund zusammen.;befristeter Verbund;checked;Der Beleg ordnet beide einem benannten Projektverbund zu.;;;Le CSTB a rejoint le consortium ... avec l'Institut National de l'Économie Circulaire.;https://www.cstb.fr/toutes-les-actualites/economie-circulaire-batiment;Le CSTB a rejoint le consortium ... avec l'Institut National de l'Économie Circulaire.;https://www.cstb.fr/toutes-les-actualites/economie-circulaire-batiment
FR:K039;FR;CSTB;—;Booster du Réemploi (A4MT);Konsortialpartner;Arbeiteten im SPIROU-Verbund zusammen.;befristeter Verbund;checked;Der Beleg ordnet beide einem benannten Projektverbund zu.;;;le projet de recherche SPIROU (Sécuriser les Pratiques Innovantes de Réemploi via une Offre Unifiée) co-financé par l'ADEME, le CSTB et ses partenaires Mobius réemploi, le Booster du Réemploi / A4MT et Qualiconsult;https://www.cstb.fr/nos-offres/toutes-nos-offres/accompagner-developpement-reemploi;le projet de recherche SPIROU (Sécuriser les Pratiques Innovantes de Réemploi via une Offre Unifiée) co-financé par l'ADEME, le CSTB et ses partenaires Mobius réemploi, le Booster du Réemploi / A4MT et Qualiconsult;https://www.cstb.fr/nos-offres/toutes-nos-offres/accompagner-developpement-reemploi
FR:K041;FR;Lascombes Matériaux Anciens;A→B;Lascombes Matériaux Anciens Sud-Ouest;Konzernbindung;Führt Sud- als Regionaldepot.;dauerhaft;checked;Der Beleg beschreibt eine fortlaufende strukturelle Rolle.;;;Lascombes Sud-Ouest est le dépôt régional secondaire de l'entreprise.;https://www.lascombes-sud-ouest.fr/p-infos-pratiques_fr.htm;Lascombes Sud-Ouest est le dépôt régional secondaire de l'entreprise.;https://www.lascombes-sud-ouest.fr/p-infos-pratiques_fr.htm
FR:K044;FR;Booster du Réemploi (A4MT);—;CD2E;Kooperationsvereinbarung;Organisieren lokalen Reuse- gemeinsam.;projektgebunden;checked;Die belegte Leistung ist an das benannte Vorhaben gebunden.;;;le CD2E et Action for Market Transformation – A4MT joignent leurs forces pour organiser un nouveau Booster du Réemploi local;https://cd2e.com/domaines-dexpertise/economie-circulaire/booster-du-reemploi/;le CD2E et Action for Market Transformation – A4MT joignent leurs forces pour organiser un nouveau Booster du Réemploi local;https://cd2e.com/domaines-dexpertise/economie-circulaire/booster-du-reemploi/
GB:K002;GB;Gardiner & Theobald;A→B;BedZED;Fachplanung;Tragwerksplanung.;projektgebunden;checked;Die belegte Leistung ist an das benannte Vorhaben gebunden.;;;led by the Peabody Trust in partnership with Bill Dunster Architects, Ellis & Moore Consulting Engineers, BioRegional, Arup and the cost consultants Gardiner and Theobald;https://en.wikipedia.org/wiki/BedZED;led by the Peabody Trust in partnership with Bill Dunster Architects, Ellis & Moore Consulting Engineers, BioRegional, Arup and the cost consultants Gardiner and Theobald;https://en.wikipedia.org/wiki/BedZED
GB:K003;GB;Gardiner & Theobald;A→B;55 Great Suffolk Street;Fachplanung;Fachplanung.;projektgebunden;checked;Die belegte Leistung ist an das benannte Vorhaben gebunden.;;;Gardiner & Theobald (Project Manager – reclaimed steel initiative);https://asbp.org.uk/case-studies/55-great-suffolk-street;Gardiner & Theobald (Project Manager – reclaimed steel initiative);https://asbp.org.uk/case-studies/55-great-suffolk-street
GB:K016;GB;CascadeUp;B→A;UCL Circular Economy Lab;Forschungsbegleitung;Forschungsbegleitung.;projektgebunden;checked;Die belegte Leistung ist an das benannte Vorhaben gebunden.;;;The pilot, known as CascadeUp, brings our bio-based, circular economy research to life.;https://www.ucl.ac.uk/circular-economy-lab/research/reusing-wood-demolition-mass-timber-products;The pilot, known as CascadeUp, brings our bio-based, circular economy research to life.;https://www.ucl.ac.uk/circular-economy-lab/research/reusing-wood-demolition-mass-timber-products
GB:K017;GB;CascadeUp;B→A;UK CLT;Bauteillieferung;Lieferte Reuse-Holz.;projektgebunden;checked;Die belegte Leistung ist an das benannte Vorhaben gebunden.;;;This pilot modular building uses glulamST for its structural frame, and CLST as wall and floor panels.;https://ukclt.com/;This pilot modular building uses glulamST for its structural frame, and CLST as wall and floor panels.;https://ukclt.com/
GB:K026;GB;Whitby Wood;A→B;The Engineers Reuse Collective (TERC);Gründung;Gründung als Mitgründerin.;einmalig;checked;Der Beleg beschreibt einen abgeschlossenen Einzelakt.;;;The group has been founded by Buro Happold, Civic Engineers, Elliott Wood, Heyne Tillett Steel, Webb Yates Engineers and Whitby Wood, and is supported by The Institution of Structural Engineers.;https://terc.org.uk/news_launch/;The group has been founded by Buro Happold, Civic Engineers, Elliott Wood, Heyne Tillett Steel, Webb Yates Engineers and Whitby Wood, and is supported by The Institution of Structural Engineers.;https://terc.org.uk/news_launch/
GB:K030;GB;Brighton Waste House;B→A;Studierende, Schulkinder und Freiwillige;Bauausführung;Bauausführung.;projektgebunden;checked;Die belegte Leistung ist an das benannte Vorhaben gebunden.;;;70 students worked on the Waste House in their workshops and over 250 students helped in total;https://www.brighton.ac.uk/mrm/building-the-future/index.aspx;70 students worked on the Waste House in their workshops and over 250 students helped in total;https://www.brighton.ac.uk/mrm/building-the-future/index.aspx
GB:K038;GB;Hastings Pier Visitor Centre;B→A;National Lottery Heritage Fund;Förderung;Förderung.;projektgebunden;checked;Die belegte Leistung ist an das benannte Vorhaben gebunden.;;;Funding: Heritage Lottery Fund (£11.4 million grant);http://drmmstudio.com/project/hastings-pier/;Funding: Heritage Lottery Fund (£11.4 million grant);http://drmmstudio.com/project/hastings-pier/
GB:K041;GB;Holbein Gardens, London;B→A;Heyne Tillett Steel / HTS;Fachplanung;Tragwerksplanung.;projektgebunden;checked;Die belegte Leistung ist an das benannte Vorhaben gebunden.;;;Engineers and consultants: TFT (Sustainability Consultant) HTS (Structural Engineer);https://asbp.org.uk/case-studies/holbein-gardens;Engineers and consultants: TFT (Sustainability Consultant) HTS (Structural Engineer);https://asbp.org.uk/case-studies/holbein-gardens
GB:K042;GB;Holbein Gardens, London;B→A;Cleveland Steel & Tubes;Bauteillieferung;Lieferte Reuse-Stahl.;projektgebunden;checked;Die belegte Leistung ist an das benannte Vorhaben gebunden.;;;Steel supplier: Cleveland Steel & Tubes;https://terc.org.uk/54-2/;Steel supplier: Cleveland Steel & Tubes;https://terc.org.uk/54-2/
GB:K044;GB;Holbein Gardens, London;B→A;TFT Consultants;Reuse-Konzept;Reuse-Konzept.;projektgebunden;checked;Die belegte Leistung ist an das benannte Vorhaben gebunden.;;;Engineers and consultants: TFT (Sustainability Consultant);https://asbp.org.uk/case-studies/holbein-gardens;Engineers and consultants: TFT (Sustainability Consultant);https://asbp.org.uk/case-studies/holbein-gardens
GB:K046;GB;Heyne Tillett Steel / HTS;B→A;Cleveland Steel & Tubes;Lieferbeziehung;Liefert Reuse-Stahl.;dauerhaft;checked;Der Beleg beschreibt eine fortlaufende strukturelle Rolle.;;;We work closely with Cleveland Steel & Tubes.;https://hts.uk.com/news-views/the-future-of-steel-reuse/;We work closely with Cleveland Steel & Tubes.;https://hts.uk.com/news-views/the-future-of-steel-reuse/
GB:K047;GB;Heyne Tillett Steel / HTS;A→B;The Engineers Reuse Collective (TERC);Gründung;Gründung als Mitgründerin.;einmalig;checked;Der Beleg beschreibt einen abgeschlossenen Einzelakt.;;;Founding members include Heyne Tillett Steel.;https://hts.uk.com/news-views/introducing-the-engineers-reuse-collective/;Founding members include Heyne Tillett Steel.;https://hts.uk.com/news-views/introducing-the-engineers-reuse-collective/
GB:K048;GB;Cleveland Steel & Tubes;A→B;Timber Square London;Bauteillieferung;Lieferte Reuse-Stahl.;projektgebunden;checked;Die belegte Leistung ist an das benannte Vorhaben gebunden.;;;125 tonnes of reused steel were sourced from Cleveland Steel & Tubes.;https://timberdevelopment.uk/print-and-ink-buildings-timber-square/;125 tonnes of reused steel were sourced from Cleveland Steel & Tubes.;https://timberdevelopment.uk/print-and-ink-buildings-timber-square/
GB:K049;GB;Cleveland Steel & Tubes;A→B;55 Great Suffolk Street;Bauteillieferung;Lieferte Reuse-Stahl.;projektgebunden;checked;Die belegte Leistung ist an das benannte Vorhaben gebunden.;;;11.1 tonnes of steel were procured from Cleveland Steel & Tubes.;https://asbp.org.uk/case-studies/55-great-suffolk-street;11.1 tonnes of steel were procured from Cleveland Steel & Tubes.;https://asbp.org.uk/case-studies/55-great-suffolk-street
GB:K051;GB;Cleveland Steel & Tubes;A→B;Elliott Wood;Lieferbeziehung;Liefert Reuse-Stahl.;projektgebunden;checked;Die belegte Leistung ist an das benannte Vorhaben gebunden.;;;Sourced from Cleveland Steel Stock, 4% of the steel is reclaimed, and 1% is recovered;https://www.elliottwood.co.uk/latest/180-piccadilly-londons-largest-steel-reuse-project;Sourced from Cleveland Steel Stock, 4% of the steel is reclaimed, and 1% is recovered;https://www.elliottwood.co.uk/latest/180-piccadilly-londons-largest-steel-reuse-project
GB:K052;GB;House of Fraser;B→A;FORE Partnership;Bauherrschaft;Bauherrschaft.;projektgebunden;checked;Die belegte Leistung ist an das benannte Vorhaben gebunden.;;;The deal to reuse steel from House of Fraser was conceived between Fore and its consultants, Civic Engineers;https://www.theconstructionindex.co.uk/news/view/london-office-project-reuses-90-year-old-department-store-steel;The deal to reuse steel from House of Fraser was conceived between Fore and its consultants, Civic Engineers;https://www.theconstructionindex.co.uk/news/view/london-office-project-reuses-90-year-old-department-store-steel
GB:K053;GB;House of Fraser;B→A;Willmott Dixon;Bauausführung;Bauausführung.;projektgebunden;checked;Die belegte Leistung ist an das benannte Vorhaben gebunden.;;;Collaboration between supply chain partners flagged the potential to reuse steel from the demolition of the House of Fraser building on Oxford Street;https://www.willmottdixon.co.uk/now-or-never/case-studies/tower-bridge-court-sets-standard-for-reuse-of-building-materials;Collaboration between supply chain partners flagged the potential to reuse steel from the demolition of the House of Fraser building on Oxford Street;https://www.willmottdixon.co.uk/now-or-never/case-studies/tower-bridge-court-sets-standard-for-reuse-of-building-materials
GB:K056;GB;House of Fraser;B→A;Webb Yates Engineers;Fachplanung;Tragwerksplanung.;projektgebunden;checked;Die belegte Leistung ist an das benannte Vorhaben gebunden.;;;Webb Yates, the engineer appointed to TBC London, ensured there was a smooth transition for using the recycled materials in the Thames-side design;https://www.theconstructionindex.co.uk/news/view/london-office-project-reuses-90-year-old-department-store-steel;Webb Yates, the engineer appointed to TBC London, ensured there was a smooth transition for using the recycled materials in the Thames-side design;https://www.theconstructionindex.co.uk/news/view/london-office-project-reuses-90-year-old-department-store-steel
GB:K059;GB;House of Fraser;B→A;Civic Engineers;Fachplanung;Tragwerksplanung.;projektgebunden;checked;Die belegte Leistung ist an das benannte Vorhaben gebunden.;;;Structural engineer: Civic Engineers;https://www.building.co.uk/buildings/its-mandss-oxford-street-neighbour-and-its-being-refurbished-not-demolished/5129238.article;Structural engineer: Civic Engineers;https://www.building.co.uk/buildings/its-mandss-oxford-street-neighbour-and-its-being-refurbished-not-demolished/5129238.article
GB:K060;GB;House of Fraser;B→A;Studio PDP;Entwurf;Entwurf.;projektgebunden;checked;Die belegte Leistung ist an das benannte Vorhaben gebunden.;;;Studio PDP is leading the transformation of 318 Oxford Street.;https://studiopdp.com/blog/oxford-streets-sleeping-giant-awakens;Studio PDP is leading the transformation of 318 Oxford Street.;https://studiopdp.com/blog/oxford-streets-sleeping-giant-awakens
GB:K061;GB;Webb Yates Engineers;A→B;The Engineers Reuse Collective (TERC);Gründung;Gründung als Mitgründerin.;einmalig;checked;Der Beleg beschreibt einen abgeschlossenen Einzelakt.;;;Founding members include Webb Yates Engineers.;https://hts.uk.com/news-views/introducing-the-engineers-reuse-collective/;Founding members include Webb Yates Engineers.;https://hts.uk.com/news-views/introducing-the-engineers-reuse-collective/
GB:K062;GB;Civic Engineers;—;Studio PDP;Gemeinsames Bauvorhaben;Planten 318 Oxford Street gemeinsam.;projektgebunden;checked;Die belegte Leistung ist an das benannte Vorhaben gebunden.;;;Structural and Facade Engineer: Civic Engineers;https://studiopdp.com/blog/permission-granted-318-oxford-street;Structural and Facade Engineer: Civic Engineers;https://studiopdp.com/blog/permission-granted-318-oxford-street
GB:K063;GB;Civic Engineers;A→B;The Engineers Reuse Collective (TERC);Gründung;Gründung als Mitgründerin.;einmalig;checked;Der Beleg beschreibt einen abgeschlossenen Einzelakt.;;;Founding members include Civic Engineers.;https://hts.uk.com/news-views/introducing-the-engineers-reuse-collective/;Founding members include Civic Engineers.;https://hts.uk.com/news-views/introducing-the-engineers-reuse-collective/
GB:K068;GB;PLP Architecture London Studio Circular Fit-out;B→A;Method;Bauausführung;Führte Ausbauarbeiten aus.;projektgebunden;checked;Die belegte Leistung ist an das benannte Vorhaben gebunden.;;;Contractor Method;https://plparchitecture.com/plp-architecture-circular-studio-fit-out/;Contractor Method;https://plparchitecture.com/plp-architecture-circular-studio-fit-out/
GB:K071;GB;PLP Architecture London Studio Circular Fit-out;B→A;Grants of Shoreditch;Bauteillieferung;Lieferte Reuse-Marmor.;projektgebunden;checked;Die belegte Leistung ist an das benannte Vorhaben gebunden.;;;Reclaimed Marble Grants of Shoreditch;https://plparchitecture.com/plp-architecture-circular-studio-fit-out/;Reclaimed Marble Grants of Shoreditch;https://plparchitecture.com/plp-architecture-circular-studio-fit-out/
GB:K072;GB;Method;—;PLP Architecture;Gemeinsames Bauvorhaben;Gemeinsames Bauvorhaben.;projektgebunden;checked;Die belegte Leistung ist an das benannte Vorhaben gebunden.;;;Contractor Method;https://plparchitecture.com/plp-architecture-circular-studio-fit-out/;Contractor Method;https://plparchitecture.com/plp-architecture-circular-studio-fit-out/
GB:K075;GB;Grants of Shoreditch;A→B;PLP Architecture;Lieferbeziehung;Lieferte Reuse-Marmor.;projektgebunden;checked;Die belegte Leistung ist an das benannte Vorhaben gebunden.;;;Reclaimed Marble Grants of Shoreditch;https://plparchitecture.com/plp-architecture-circular-studio-fit-out/;Reclaimed Marble Grants of Shoreditch;https://plparchitecture.com/plp-architecture-circular-studio-fit-out/
GB:K078;GB;Roots in the Sky;B→A;AKT II;Fachplanung;Tragwerksplanung.;projektgebunden;checked;Die belegte Leistung ist an das benannte Vorhaben gebunden.;;;collaboration from AKT II, Gardiner & Theobald and Atelier Ten;https://www.architectsjournal.co.uk/news/developer-urban-mines-broadgate-steel-frame-for-southwark-retrofits;collaboration from AKT II, Gardiner & Theobald and Atelier Ten;https://www.architectsjournal.co.uk/news/developer-urban-mines-broadgate-steel-frame-for-southwark-retrofits
GB:K083;GB;AKT II;A→B;55 Great Suffolk Street;Prüfung und Nachweis;Prüfung der Reuse-Bauteile.;projektgebunden;checked;Die belegte Leistung ist an das benannte Vorhaben gebunden.;;;AKT II was involved in assessing and repurposing the steel.;https://www.architectsjournal.co.uk/news/developer-urban-mines-broadgate-steel-frame-for-southwark-retrofits;AKT II was involved in assessing and repurposing the steel.;https://www.architectsjournal.co.uk/news/developer-urban-mines-broadgate-steel-frame-for-southwark-retrofits
GB:K090;GB;Timber Square London;B→A;Opera Property & Asset Management;Fachplanung;Fachplanung.;projektgebunden;checked;Die belegte Leistung ist an das benannte Vorhaben gebunden.;;;Opera have led the procurement and management of the professional team, programming and contractor procurement strategy for the site;https://www.operapm.co.uk/place/our-projects/timber-square-southwark;Opera have led the procurement and management of the professional team, programming and contractor procurement strategy for the site;https://www.operapm.co.uk/place/our-projects/timber-square-southwark
GB:K092;GB;Opera Property & Asset Management;A→B;55 Great Suffolk Street;Fachplanung;Fachplanung.;projektgebunden;checked;Die belegte Leistung ist an das benannte Vorhaben gebunden.;;;Opera (Project Manager – 55 Great Suffolk Street);https://asbp.org.uk/case-studies/55-great-suffolk-street;Opera (Project Manager – 55 Great Suffolk Street);https://asbp.org.uk/case-studies/55-great-suffolk-street
GB:K093;GB;Hawkins\Brown;A→B;55 Great Suffolk Street;Entwurf;Entwurf.;projektgebunden;checked;Die belegte Leistung ist an das benannte Vorhaben gebunden.;;;Scope: Architecture;https://www.hawkinsbrown.com/projects/55-great-suffolk-street/;Scope: Architecture;https://www.hawkinsbrown.com/projects/55-great-suffolk-street/
GB:K095;GB;The Engineers Reuse Collective (TERC);B→A;Elliott Wood;Gründung;Gründung als Mitgründerin.;einmalig;checked;Der Beleg beschreibt einen abgeschlossenen Einzelakt.;;;Founding members include Elliott Wood.;https://hts.uk.com/news-views/introducing-the-engineers-reuse-collective/;Founding members include Elliott Wood.;https://hts.uk.com/news-views/introducing-the-engineers-reuse-collective/
NL:K007;NL;Lagemaat Heerde;A→B;lcp-circulair;Gründung;Gründung als Mitgründerin.;einmalig;checked;Der Beleg beschreibt einen abgeschlossenen Einzelakt.;;;LCP circulair is een samenwerking tussen cepezed projects en Lagemaat;https://lcp-circulair.nl/;LCP circulair is een samenwerking tussen cepezed projects en Lagemaat;https://lcp-circulair.nl/
NL:K009;NL;cepezed;A→B;The Green House Utrecht;Entwurf;Entwurf.;projektgebunden;checked;Die belegte Leistung ist an das benannte Vorhaben gebunden.;;;The circular and highly sustainable design was made by cepezed in commission of consortium R Creators.;https://www.cepezed.com/recent/circulair-paviljoen-the-green-house-geopend/;The circular and highly sustainable design was made by cepezed in commission of consortium R Creators.;https://www.cepezed.com/recent/circulair-paviljoen-the-green-house-geopend/
NL:K010;NL;cepezed;A→B;lcp-circulair;Gründung;Gründung als Mitgründerin.;einmalig;checked;Der Beleg beschreibt einen abgeschlossenen Einzelakt.;;;Lcp circulair, a joint venture between cepezedprojects and Lagemaat.;https://iconrealestate.com/news/landmark-for-circular-innovation-circl-dismantling-to-commence/;Lcp circulair, a joint venture between cepezedprojects and Lagemaat.;https://iconrealestate.com/news/landmark-for-circular-innovation-circl-dismantling-to-commence/
NL:K011;NL;IMd Raadgevende Ingenieurs;A→B;BioPartner 5;Entwurf;Entwurf.;projektgebunden;checked;Die belegte Leistung ist an das benannte Vorhaben gebunden.;;;Constructief ontwerp: IMd Raadgevende Ingenieurs;https://www.staalmakers.nl/projecten/biopartner-5/;Constructief ontwerp: IMd Raadgevende Ingenieurs;https://www.staalmakers.nl/projecten/biopartner-5/
NL:K012;NL;IMd Raadgevende Ingenieurs;A→B;Montessori Maassluis;Fachplanung;Tragwerksplanung.;projektgebunden;checked;Die belegte Leistung ist an das benannte Vorhaben gebunden.;;;Designteam: IMd Raadgevende Ingenieurs;https://www.kraaijvanger.nl/nl/projecten/montessori-maassluis;Designteam: IMd Raadgevende Ingenieurs;https://www.kraaijvanger.nl/nl/projecten/montessori-maassluis
NL:K014;NL;BioPartner 5;B→A;Popma ter Steege Architecten / PTSA;Entwurf;Entwurf.;projektgebunden;checked;Die belegte Leistung ist an das benannte Vorhaben gebunden.;;;Architectuur: Popma ter Steege Architecten;https://www.staalmakers.nl/projecten/biopartner-5/;Architectuur: Popma ter Steege Architecten;https://www.staalmakers.nl/projecten/biopartner-5/
NL:K016;NL;BioPartner 5;B→A;Vic Obdam Staalbouw;Bauausführung;Bauausführung.;projektgebunden;checked;Die belegte Leistung ist an das benannte Vorhaben gebunden.;;;Staalbouw: Vic Obdam Staalbouw;https://www.staalmakers.nl/projecten/biopartner-5/;Staalbouw: Vic Obdam Staalbouw;https://www.staalmakers.nl/projecten/biopartner-5/
NL:K019;NL;BioPartner 5;B→A;Leiden University;Bauteillieferung;Lieferte Reuse-Stahl.;projektgebunden;checked;Die belegte Leistung ist an das benannte Vorhaben gebunden.;;;The same beams have also been used for the circular construction of BioPartner 5 at the Leiden Bio Science Park.;https://www.universiteitleiden.nl/en/news/2020/11/gorlaeus-highrise-lives-on-in-two-new-buildings-in-leiden;The same beams have also been used for the circular construction of BioPartner 5 at the Leiden Bio Science Park.;https://www.universiteitleiden.nl/en/news/2020/11/gorlaeus-highrise-lives-on-in-two-new-buildings-in-leiden
NL:K025;NL;Jeugdkliniek Ithaka;B→A;Rothuizen Architecten / Taco Tuinhof;Entwurf;Entwurf.;projektgebunden;checked;Die belegte Leistung ist an das benannte Vorhaben gebunden.;;;Architect - Partner Taco Tuinhof;https://rothuizen-architecten.nl/project/circulair-gebouw-voor-kind-en-jeugdkliniek/;Architect - Partner Taco Tuinhof;https://rothuizen-architecten.nl/project/circulair-gebouw-voor-kind-en-jeugdkliniek/
NL:K027;NL;Jeugdkliniek Ithaka;B→A;ABT;Fachplanung;Fachplanung.;projektgebunden;checked;Die belegte Leistung ist an das benannte Vorhaben gebunden.;;;Houtconstructeur - ABT en Adviesbureau Lüning ontwierpen samen de hergebruikte houten draagconstructie voor de Emergis-kliniek.;https://luning.nl/projecten/zorgkliniek-emergis-kloetinge/;Houtconstructeur - ABT en Adviesbureau Lüning ontwierpen samen de hergebruikte houten draagconstructie voor de Emergis-kliniek.;https://luning.nl/projecten/zorgkliniek-emergis-kloetinge/
NL:K029;NL;Jeugdkliniek Ithaka;B→A;Rijkswaterstaat;Bauteillieferung;Lieferte Reuse-Bauteile.;projektgebunden;checked;Die belegte Leistung ist an das benannte Vorhaben gebunden.;;;Het kantoor van Rijkswaterstaat in Terneuzen...is afgebroken en zoveel mogelijk materialen zijn hergebruikt voor de nieuwbouw van deze kliniek.;https://www.burobas.nl/project/emergis-ithaka-circulariteit-duurzaamheid-healing-environment-ontwerp;Het kantoor van Rijkswaterstaat in Terneuzen...is afgebroken en zoveel mogelijk materialen zijn hergebruikt voor de nieuwbouw van deze kliniek.;https://www.burobas.nl/project/emergis-ithaka-circulariteit-duurzaamheid-healing-environment-ontwerp
NL:K031;NL;Jeugdkliniek Ithaka;B→A;DWT Groep;Bauausführung;Bauausführung.;projektgebunden;checked;Die belegte Leistung ist an das benannte Vorhaben gebunden.;;;Aan DWT Groep werd gevraagd dit op te pakken.;https://demakersvanmorgen.com/ithaka-kliniek-circulair-en-energieneutraal/;Aan DWT Groep werd gevraagd dit op te pakken.;https://demakersvanmorgen.com/ithaka-kliniek-circulair-en-energieneutraal/
NL:K032;NL;Liander;B→A;Alliander / Liander;Bauherrschaft;Bauherrschaft.;projektgebunden;checked;Die belegte Leistung ist an das benannte Vorhaben gebunden.;;;Client: Alliander - VolkerWessels;https://www.rau.eu/portfolio/liander/;Client: Alliander - VolkerWessels;https://www.rau.eu/portfolio/liander/
NL:K034;NL;Liander;B→A;Madaster / Materialpass-Kontext;Bauteilinventarisierung;Bauteilinventarisierung.;projektgebunden;checked;Die belegte Leistung ist an das benannte Vorhaben gebunden.;;;We hadden toen al enige ervaring opgedaan met het gemeentehuis in Brummen [2011-2013] en het Alliander-kantoor in Duiven [2011-2015].;https://milieudatabase.nl/en/latest/news/en-madaster-we-willen-aansluiten-bij-datgene-wat-er-al-is/;We hadden toen al enige ervaring opgedaan met het gemeentehuis in Brummen [2011-2013] en het Alliander-kantoor in Duiven [2011-2015].;https://milieudatabase.nl/en/latest/news/en-madaster-we-willen-aansluiten-bij-datgene-wat-er-al-is/
NL:K035;NL;Liander;B→A;RAU;Bauherrschaft;Bauherrschaft.;projektgebunden;checked;Die belegte Leistung ist an das benannte Vorhaben gebunden.;;;Bij de bouw van het complex zijn grondstoffen en materialen hergebruikt en gedocumenteerd in een grondstoffenpaspoort.;https://www.rau.eu/portfolio/liander/;Bij de bouw van het complex zijn grondstoffen en materialen hergebruikt en gedocumenteerd in een grondstoffenpaspoort.;https://www.rau.eu/portfolio/liander/
NL:K036;NL;Montessori Maassluis;B→A;Kraaijvanger Architects;Entwurf;Entwurf.;projektgebunden;checked;Die belegte Leistung ist an das benannte Vorhaben gebunden.;;;Kraaijvanger Architects is collaborating on this project with the client Stichting Montessorischolen Monton, A. de Jong Groep, Anculus, Vintis Installatieadviseurs, VIA landscape, IMd Raadgevende Ingenieurs, and Van Dijk Maasland B.V.;https://www.kraaijvanger.nl/en/news/de-handtekeningen-zijn-gezet-montessorischool-maassluis;Kraaijvanger Architects is collaborating on this project with the client Stichting Montessorischolen Monton, A. de Jong Groep, Anculus, Vintis Installatieadviseurs, VIA landscape, IMd Raadgevende Ingenieurs, and Van Dijk Maasland B.V.;https://www.kraaijvanger.nl/en/news/de-handtekeningen-zijn-gezet-montessorischool-maassluis
NL:K051;NL;SUPERLOCAL Expogebouw;B→A;HEEMwonen;Bauherrschaft;Bauherrschaft.;projektgebunden;checked;Die belegte Leistung ist an das benannte Vorhaben gebunden.;;;HEEMwonen, gemeente Kerkrade en IBA Parkstad hebben de ambitie en uitgangspunten van het concept bewaakt en gecoördineerd.;https://www.superlocal.eu/superlocal/expogebouw/;HEEMwonen, gemeente Kerkrade en IBA Parkstad hebben de ambitie en uitgangspunten van het concept bewaakt en gecoördineerd.;https://www.superlocal.eu/superlocal/expogebouw/
NL:K053;NL;SUPERLOCAL Expogebouw;B→A;IBA Parkstad;Reuse-Konzept;Reuse-Konzept.;projektgebunden;checked;Die belegte Leistung ist an das benannte Vorhaben gebunden.;;;HEEMwonen, gemeente Kerkrade en IBA Parkstad hebben de ambitie en uitgangspunten van het concept bewaakt en gecoördineerd.;https://www.superlocal.eu/superlocal/expogebouw/;HEEMwonen, gemeente Kerkrade en IBA Parkstad hebben de ambitie en uitgangspunten van het concept bewaakt en gecoördineerd.;https://www.superlocal.eu/superlocal/expogebouw/
NL:K054;NL;SUPERLOCAL Expogebouw;B→A;Maurer United;Entwurf;Entwurf.;projektgebunden;checked;Die belegte Leistung ist an das benannte Vorhaben gebunden.;;;De architect Maurer United is in zijn ontwerp gebonden aan deze herbruikbare elementen in plaats van nieuwe onderdelen.;https://www.superlocal.eu/superlocal/expogebouw/;De architect Maurer United is in zijn ontwerp gebonden aan deze herbruikbare elementen in plaats van nieuwe onderdelen.;https://www.superlocal.eu/superlocal/expogebouw/
NL:K056;NL;SUPERLOCAL Expogebouw;B→A;Dusseldorp;Bauteillieferung;Lieferte Reuse-Bauteile.;projektgebunden;checked;Die belegte Leistung ist an das benannte Vorhaben gebunden.;;;Sloopbedrijf Dusseldorp is leverancier van de bouwmaterialen, die ze oogsten tijdens de sloop van de flat.;https://www.superlocal.eu/superlocal/expogebouw/;Sloopbedrijf Dusseldorp is leverancier van de bouwmaterialen, die ze oogsten tijdens de sloop van de flat.;https://www.superlocal.eu/superlocal/expogebouw/
NL:K057;NL;SUPERLOCAL Expogebouw;B→A;Bouwbedrijven Jongen;Bauausführung;Bauausführung.;projektgebunden;checked;Die belegte Leistung ist an das benannte Vorhaben gebunden.;;;De aannemer, Bouwbedrijven Jongen was afhankelijk van de staat en kwaliteit van de geoogste materialen.;https://www.superlocal.eu/superlocal/expogebouw/;De aannemer, Bouwbedrijven Jongen was afhankelijk van de staat en kwaliteit van de geoogste materialen.;https://www.superlocal.eu/superlocal/expogebouw/
NL:K058;NL;SUPERLOCAL Expogebouw;B→A;SURD Research Centre / Zuyd;Forschungsbegleitung;Forschungsbegleitung.;projektgebunden;checked;Die belegte Leistung ist an das benannte Vorhaben gebunden.;;;een partnerschap gevormd tussen 12 partijen: HEEMwonen, Dusseldorp infra, sloop en milieutechniek, Bouwbedrijven Jongen, WML, Waterschapsbedrijf Limburg, Zuyd Hogeschool;https://www.kerkrade.nl/superlocal-bleijerheide;een partnerschap gevormd tussen 12 partijen: HEEMwonen, Dusseldorp infra, sloop en milieutechniek, Bouwbedrijven Jongen, WML, Waterschapsbedrijf Limburg, Zuyd Hogeschool;https://www.kerkrade.nl/superlocal-bleijerheide
NL:K061;NL;The Green House Utrecht;B→A;Pieters;Fachplanung;Tragwerksplanung.;projektgebunden;checked;Die belegte Leistung ist an das benannte Vorhaben gebunden.;;;stability: pieters bouwtechniek;https://www.cepezed.com/projects/the-green-house/;stability: pieters bouwtechniek;https://www.cepezed.com/projects/the-green-house/
NL:K063;NL;The Green House Utrecht;B→A;Ballast Nedam;Bauausführung;Bauausführung.;projektgebunden;checked;Die belegte Leistung ist an das benannte Vorhaben gebunden.;;;main contractor: ballast nedam;https://www.cepezed.com/projects/the-green-house/;main contractor: ballast nedam;https://www.cepezed.com/projects/the-green-house/
NL:K065;NL;The Green House Utrecht;B→A;De Groot & Visser;Bauausführung;Bauausführung.;projektgebunden;checked;Die belegte Leistung ist an das benannte Vorhaben gebunden.;;;facades: de groot & visser;https://www.cepezed.com/projects/the-green-house/;facades: de groot & visser;https://www.cepezed.com/projects/the-green-house/
NL:K066;NL;ABN AMRO;A→B;Circl;Bauherrschaft;Entwickelte und baute Circl.;einmalig;checked;Der Beleg beschreibt den abgeschlossenen Bau von Circl.;;Der Beleg nennt Entwicklung und Bau, aber keinen laufenden Betrieb.;ABN AMRO heeft dit pand circulair ontwikkeld en gebouwd om de opgedane kennis te delen en klanten goed over circulariteit te kunnen adviseren.;https://www.duurzaamnieuws.nl/abn-amro-geeft-circulair-bouwen-gezicht-met-paviljoen-circl/;ABN AMRO heeft dit pand circulair ontwikkeld en gebouwd om de opgedane kennis te delen en klanten goed over circulariteit te kunnen adviseren.;https://www.duurzaamnieuws.nl/abn-amro-geeft-circulair-bouwen-gezicht-met-paviljoen-circl/
NL:K068;NL;Villa Welpeloo Enschede;B→A;Superuse Studios / 2012Architecten;Entwurf;Entwurf.;projektgebunden;checked;Die belegte Leistung ist an das benannte Vorhaben gebunden.;;;Villa Welpeloo is a house and art studio designed and constructed in 2005 by Superuse Studios.;https://www.ellenmacarthurfoundation.org/circular-examples/finding-and-utilising-waste-materials-for-construction-purposes;Villa Welpeloo is a house and art studio designed and constructed in 2005 by Superuse Studios.;https://www.ellenmacarthurfoundation.org/circular-examples/finding-and-utilising-waste-materials-for-construction-purposes
NL:K069;NL;Superuse Studios / 2012Architecten;—;New Horizon UM;Kooperationsvereinbarung;Führen Oogstkaart.nl nach Übernahme fort.;einmalig;checked;Der Beleg beschreibt einen abgeschlossenen Einzelakt.;;;Om die vraag te beantwoorden ontwikkelde Superuse Studios tien jaar geleden het platform Oogstkaart.nl. Met de overname door New Horizon Urban Mining moet het platform doorgroeien tot het belangrijkste platform op dit gebied in Nederland.;https://architectenweb.nl/nieuws/artikel.aspx?ID=47638;Om die vraag te beantwoorden ontwikkelde Superuse Studios tien jaar geleden het platform Oogstkaart.nl. Met de overname door New Horizon Urban Mining moet het platform doorgroeien tot het belangrijkste platform op dit gebied in Nederland.;https://architectenweb.nl/nieuws/artikel.aspx?ID=47638
NL:K070;NL;Woongroep Boschgaard;B→A;Bewohnerinitiative Boschgaard;Bauherrschaft;Bauherrschaft.;projektgebunden;checked;Die belegte Leistung ist an das benannte Vorhaben gebunden.;;;het initiatief volledig bij de toekomstige bewoners vandaan komt;https://www.crowdbuilding.com/d/initiatieven/boschgaard;het initiatief volledig bij de toekomstige bewoners vandaan komt;https://www.crowdbuilding.com/d/initiatieven/boschgaard
NL:K071;NL;Woongroep Boschgaard;B→A;Zayaz;Bauherrschaft;Bauherrschaft.;dauerhaft;checked;Der Beleg sagt ausdrücklich, dass Zayaz Eigentümer bleibt.;;;Zayaz ondersteunt en faciliteert hen hierin. En blijft eigenaar van het gebouw;https://www.zayaz.nl/boschgaard;Zayaz ondersteunt en faciliteert hen hierin. En blijft eigenaar van het gebouw;https://www.zayaz.nl/boschgaard
NO:K001;NO;Loopfront;A→B;Regionalt ombruksnettverk for byggematerialer (Oslo-Trondheim);Gründung;Gründung des Reuse-Netzes.;einmalig;checked;Der Beleg beschreibt einen abgeschlossenen Einzelakt.;;;Loopfront og Multiconsult etablerer nå nettverk for ombruk av byggematerialer.;https://www.multiconsult.no/etablerer-nettverk-for-mer-ombruk-av-byggematerialer/;Loopfront og Multiconsult etablerer nå nettverk for ombruk av byggematerialer.;https://www.multiconsult.no/etablerer-nettverk-for-mer-ombruk-av-byggematerialer/
NO:K002;NO;KA13;B→A;Entra AS;Bauherrschaft;Bauherrschaft.;projektgebunden;checked;Die belegte Leistung ist an das benannte Vorhaben gebunden.;;;Developer: Entra;https://www.futurebuilt.no/forbildeprosjekter/kristian-augusts-gate-13-oslo;Developer: Entra;https://www.futurebuilt.no/forbildeprosjekter/kristian-augusts-gate-13-oslo
NO:K003;NO;KA13;B→A;MAD arkitekter / Mad as;Entwurf;Entwurf.;projektgebunden;checked;Die belegte Leistung ist an das benannte Vorhaben gebunden.;;;Architect: Mad;https://www.futurebuilt.no/forbildeprosjekter/kristian-augusts-gate-13-oslo;Architect: Mad;https://www.futurebuilt.no/forbildeprosjekter/kristian-augusts-gate-13-oslo
NO:K004;NO;KA13;B→A;FutureBuilt;Bauausführung;Bauausführung.;projektgebunden;checked;Die belegte Leistung ist an das benannte Vorhaben gebunden.;;;Kristian Augusts gate relates to FutureBuilt's criteria for circular buildings.;https://www.futurebuilt.no/forbildeprosjekter/kristian-augusts-gate-13-oslo;Kristian Augusts gate relates to FutureBuilt's criteria for circular buildings.;https://www.futurebuilt.no/forbildeprosjekter/kristian-augusts-gate-13-oslo
NO:K005;NO;KA13;B→A;Asplan Viak;Entwurf;Entwurf.;projektgebunden;checked;Die belegte Leistung ist an das benannte Vorhaben gebunden.;;;Landscape Architect: Asplan Viak / Environmental Consultant: Asplan Viak AS;https://www.futurebuilt.no/forbildeprosjekter/kristian-augusts-gate-13-oslo;Landscape Architect: Asplan Viak / Environmental Consultant: Asplan Viak AS;https://www.futurebuilt.no/forbildeprosjekter/kristian-augusts-gate-13-oslo
NO:K006;NO;KA13;B→A;Insenti;Reuse-Konzept;Reuse-Konzept.;projektgebunden;checked;Die belegte Leistung ist an das benannte Vorhaben gebunden.;;;Insenti er engasjert av Entra som byggherrens representant med byggeledelse, prosjektledelse, prosjekteringsgruppeledelse, miljørådgiving og ombrukskoordinering.;https://insenti.no/prosjekt/kristian-augusts-gate-13-ka13/;Insenti er engasjert av Entra som byggherrens representant med byggeledelse, prosjektledelse, prosjekteringsgruppeledelse, miljørådgiving og ombrukskoordinering.;https://insenti.no/prosjekt/kristian-augusts-gate-13-ka13/
NO:K007;NO;KA13;B→A;Scenario Interiørarkitekter;Entwurf;Entwurf.;projektgebunden;checked;Die belegte Leistung ist an das benannte Vorhaben gebunden.;;;Her har Scenario hatt ansvar for interiøret i kontorbyggets åtte etasjer.;https://www.scenario.no/prosjekter/ka13-tullinlokka;Her har Scenario hatt ansvar for interiøret i kontorbyggets åtte etasjer.;https://www.scenario.no/prosjekter/ka13-tullinlokka
NO:K011;NO;Asker kommune – Ombruk;A→B;Regionalt ombruksnettverk for byggematerialer (Oslo-Trondheim);Mitgliedschaft;Mitgliedschaft im Reuse-Netz.;befristeter Verbund;source_reopened;Die Folgequelle begrenzt das Netzwerkprojekt bis Sommer 2021.;;;deltar med bygg som skal kartlegges, blant annet Oslo Areal, Omsorgsbygg Oslo KF, Asker kommune, Trondheim kommune, TOBB, NTNU og SINTEF;https://www.multiconsult.no/etablerer-nettverk-for-mer-ombruk-av-byggematerialer/;The project with regional reuse networks will initially run until spring and summer 2021.;https://blog.loopfront.com/blog/pressrelease-kpmg-building
NO:K012;NO;Asker kommune – Ombruk;B→A;Sirken;Dienstleistungsbeziehung;Erprobte Reuse-Container.;projektgebunden;checked;Die belegte Leistung ist an das benannte Vorhaben gebunden.;;;Kommunen tester ut Sirken, en selvbetjent butikk i kontainer, som gjør materialer fra rivingsprosjekter, og overskudd fra byggeprosjekter tilgjengelige.;https://www.asker.kommune.no/klima-og-natur/siste-nytt-om-klima-og-natur/tre-ar-med-sirkulare-fremskritt/;Kommunen tester ut Sirken, en selvbetjent butikk i kontainer, som gjør materialer fra rivingsprosjekter, og overskudd fra byggeprosjekter tilgjengelige.;https://www.asker.kommune.no/klima-og-natur/siste-nytt-om-klima-og-natur/tre-ar-med-sirkulare-fremskritt/
NO:K013;NO;Bodø Kommune;—;Nordlandsforskning AS;Kooperationsvereinbarung;Erforschen Bürgerbeteiligung in gemeinsam.;projektgebunden;checked;Die belegte Leistung ist an das benannte Vorhaben gebunden.;;;Bodø kommune i samarbeid med Nordlandsforskning, Nord universitet, Nordland fylkeskommune, Bodø/Glimt og Bodø Røde Kors utforske hvordan det kan gjøres.;https://www.an.no/bodo-en-barekraftig-og-samskapende-by/o/5-4-1367256;Bodø kommune i samarbeid med Nordlandsforskning, Nord universitet, Nordland fylkeskommune, Bodø/Glimt og Bodø Røde Kors utforske hvordan det kan gjøres.;https://www.an.no/bodo-en-barekraftig-og-samskapende-by/o/5-4-1367256
NO:K015;NO;Multiconsult;A→B;Regionalt ombruksnettverk for byggematerialer (Oslo-Trondheim);Gründung;Gründung des Reuse-Netzes.;einmalig;checked;Der Beleg beschreibt einen abgeschlossenen Einzelakt.;;;Loopfront og Multiconsult etablerer nå nettverk for ombruk av byggematerialer.;https://www.multiconsult.no/etablerer-nettverk-for-mer-ombruk-av-byggematerialer/;Loopfront og Multiconsult etablerer nå nettverk for ombruk av byggematerialer.;https://www.multiconsult.no/etablerer-nettverk-for-mer-ombruk-av-byggematerialer/
NO:K018;NO;Regionalt ombruksnettverk for byggematerialer (Oslo-Trondheim);B→A;TOBB;Mitgliedschaft;Mitgliedschaft im Reuse-Netz.;befristeter Verbund;source_reopened;Die Folgequelle begrenzt das Netzwerkprojekt bis Sommer 2021.;;;deltar med bygg som skal kartlegges, blant annet Oslo Areal, Omsorgsbygg Oslo KF, Asker kommune, Trondheim kommune, TOBB, NTNU og SINTEF;https://www.multiconsult.no/etablerer-nettverk-for-mer-ombruk-av-byggematerialer/;The project with regional reuse networks will initially run until spring and summer 2021.;https://blog.loopfront.com/blog/pressrelease-kpmg-building
NO:K019;NO;Regionalt ombruksnettverk for byggematerialer (Oslo-Trondheim);B→A;Trondheim kommune;Mitgliedschaft;Mitgliedschaft im Reuse-Netz.;befristeter Verbund;source_reopened;Die Folgequelle begrenzt das Netzwerkprojekt bis Sommer 2021.;;;deltar med bygg som skal kartlegges, blant annet Oslo Areal, Omsorgsbygg Oslo KF, Asker kommune, Trondheim kommune, TOBB, NTNU og SINTEF;https://www.multiconsult.no/etablerer-nettverk-for-mer-ombruk-av-byggematerialer/;The project with regional reuse networks will initially run until spring and summer 2021.;https://blog.loopfront.com/blog/pressrelease-kpmg-building
NO:K021;NO;TOBB;—;Rehub;Konsortialpartner;Arbeiteten im Vendom-Verbund zusammen.;befristeter Verbund;checked;Der Beleg ordnet beide einem benannten Projektverbund zu.;;;Partnere i Vendom: ... Rehub ... TOBB ...;https://tobb.no/itobb/tobb-med-i-vendom-veien-mot-en-sirkulaer-byggenaering/;Partnere i Vendom: ... Rehub ... TOBB ...;https://tobb.no/itobb/tobb-med-i-vendom-veien-mot-en-sirkulaer-byggenaering/
NO:K027;NO;OMBYGG;A→B;Sirkulær Ressurssentral;Betreiberschaft;Betreibt Reuse-Handel Ressourcenzentrale.;dauerhaft;checked;Der Beleg beschreibt eine fortlaufende strukturelle Rolle.;;;I teltet tilbyr driftsselskapet Ombygg ombruksvarer av høy kvalitet og utleie av lagerplass til ombruksvarer.;https://www.ressurssentral.no/;I teltet tilbyr driftsselskapet Ombygg ombruksvarer av høy kvalitet og utleie av lagerplass til ombruksvarer.;https://www.ressurssentral.no/
SE:K001;SE;Åhlin & Ekeroth;A→B;Bygghubben;Konzernbindung;Ist Miteigentümerin von Bygghubben.;dauerhaft;checked;Der Beleg beschreibt eine fortlaufende strukturelle Rolle.;;Der Beleg nennt Åhlin & Ekeroth als Miteigentümerin.;Bygghubben, som Åhlin & Ekeroth är delägare i och en av initiativtagarna till;https://ahlin-ekeroth.se/bygghubben-i-nytt-samarbete-med-k-bygg/;Bygghubben, som Åhlin & Ekeroth är delägare i och en av initiativtagarna till;https://ahlin-ekeroth.se/bygghubben-i-nytt-samarbete-med-k-bygg/
SE:K002;SE;Akademiska Hus;—;Bjerking;Konsortialpartner;Arbeiteten im Återhus-Verbund zusammen.;befristeter Verbund;checked;Der Beleg ordnet beide einem benannten Projektverbund zu.;;;14 parter ingår i projektkonsortium: RISE, Akademiska Hus, Bjerking, Codesign, Förbo, Heidelberg Materials-Precast Contiga, KTH, Magnolia Bostad, NCC, Palats;https://www.akademiskahus.se/om-oss/aktuellt/Nyheter/2023/december/samverkan-for-aterbruk-av-lastbarande-konstruktionsdelar/;14 parter ingår i projektkonsortium: RISE, Akademiska Hus, Bjerking, Codesign, Förbo, Heidelberg Materials-Precast Contiga, KTH, Magnolia Bostad, NCC, Palats;https://www.akademiskahus.se/om-oss/aktuellt/Nyheter/2023/december/samverkan-for-aterbruk-av-lastbarande-konstruktionsdelar/
SE:K003;SE;Akademiska Hus;—;Handslag för cirkulärt byggande;Konsortialpartner;Mitgliedschaft.;befristeter Verbund;source_reopened;Die Initiative endete laut Folgequelle nach vier Jahren.;;;Akademiska Hus;https://www.businessregiongoteborg.se/naringslivsutveckling/hallbar-utveckling/goteborgs-plattform-klimatneutralt-byggande/handslag-cirkulart-byggande;Handslag för cirkulärt byggande ... avrundas efter fyra år.;https://www.businessregiongoteborg.se/nyheter/vasakronan-blir-arets-aterbrukare-2026-omstallningen-gar-snabbt
SE:K005;SE;Akademiska Hus;—;Wiklunds Åkeri;Konsortialpartner;Arbeiteten im KRETS-Verbund zusammen.;dauerhaft;source_reopened;Die Folgequelle nennt ausdrücklich langfristige Zusammenarbeit.;;;Bland medlemmarna finns Vasakronan, Castellum, Wiklunds, Alecta Fastigheter, Akademiska Hus samt Uppsala klimatprotokoll;https://www.wiklunds.se/affarsomraden/cirkulart-byggande/;startskottet för ett långsiktigt samarbete;https://www.wiklunds.se/nyheter/2025-04-24-tillsammans-for-en-gemensam-aterbruksmarknad-i-stockholm-och-uppsala/
SE:K006;SE;Akademiska Hus;—;Palats;Konsortialpartner;Arbeiteten im Återhus-Verbund zusammen.;befristeter Verbund;checked;Der Beleg ordnet beide einem benannten Projektverbund zu.;;;14 parter ingår i projektkonsortium: RISE, Akademiska Hus, Bjerking, Codesign, Förbo, Heidelberg Materials-Precast Contiga, KTH, Magnolia Bostad, NCC, Palats;https://www.akademiskahus.se/om-oss/aktuellt/Nyheter/2023/december/samverkan-for-aterbruk-av-lastbarande-konstruktionsdelar/;14 parter ingår i projektkonsortium: RISE, Akademiska Hus, Bjerking, Codesign, Förbo, Heidelberg Materials-Precast Contiga, KTH, Magnolia Bostad, NCC, Palats;https://www.akademiskahus.se/om-oss/aktuellt/Nyheter/2023/december/samverkan-for-aterbruk-av-lastbarande-konstruktionsdelar/
SE:K007;SE;Anthesis;—;NCC;Konsortialpartner;Arbeiteten im Återhus-Verbund zusammen.;befristeter Verbund;checked;Der Beleg ordnet beide einem benannten Projektverbund zu.;;;Partners: NCC, RISE, Stockholms stad, Vasakronan, Fabege, Atrium Ljungberg, Contiga, Zengun, Anthesis, Svensk Betong, Ramboll och KTH;https://www.svenskbyggtidning.se/2021/04/27/aterhus-att-bygga-hus-av-hus/;Partners: NCC, RISE, Stockholms stad, Vasakronan, Fabege, Atrium Ljungberg, Contiga, Zengun, Anthesis, Svensk Betong, Ramboll och KTH;https://www.svenskbyggtidning.se/2021/04/27/aterhus-att-bygga-hus-av-hus/
SE:K011;SE;Byggåterbruket (Umeå);B→A;Umeå kommun;Trägerschaft;Trägt das Reuse-Zentrum.;dauerhaft;checked;Der Beleg beschreibt eine fortlaufende strukturelle Rolle.;;;Byggåterbruket startade genom ett politiskt initiativ och är en del av Umeå kommun.;https://www.umea.se/download/18.1de870d7195cb1f57ec433c/1743065440894/KSHU_2025-01-28_protokoll.pdf;Byggåterbruket startade genom ett politiskt initiativ och är en del av Umeå kommun.;https://www.umea.se/download/18.1de870d7195cb1f57ec433c/1743065440894/KSHU_2025-01-28_protokoll.pdf
SE:K014;SE;Bygghubben;B→A;Teknikbyggarna;Konzernbindung;Ist Miteigentümerin von Bygghubben.;dauerhaft;checked;Der Beleg beschreibt eine fortlaufende strukturelle Rolle.;;Der Beleg nennt Teknikbyggarna als Miteigentümerin.;Vi är stolta delägare i ByggHubben, ett företag som främjar återbruk inom byggbranschen.;https://teknikbyggarna.se/hallbarhet/;Vi är stolta delägare i ByggHubben, ett företag som främjar återbruk inom byggbranschen.;https://teknikbyggarna.se/hallbarhet/
SE:K015;SE;Bygghubben;B→A;Wilzéns;Konzernbindung;Ist Miteigentümerin und Mitgründerin von Bygghubben.;dauerhaft;checked;Der Beleg beschreibt eine fortlaufende strukturelle Rolle.;;Der Beleg nennt Wilzéns als Miteigentümerin und Mitgründerin.;Under 2023 har Wilzéns blivit delägare i och en av grundarna till Bygghubben;https://wilzens.se/hallbarhet/;Under 2023 har Wilzéns blivit delägare i och en av grundarna till Bygghubben;https://wilzens.se/hallbarhet/
SE:K016;SE;Codesign Sweden AB;—;RISE (Research Institutes of Sweden);Konsortialpartner;Arbeiteten im Återhus-Verbund zusammen.;befristeter Verbund;checked;Der Beleg ordnet beide einem benannten Projektverbund zu.;;;Innovationsprojektet Återhus leds av Codesign i samarbete med NCC, RISE och Stockholms stad;https://www.mynewsdesk.com/se/codesign/pressreleases/aaterhus-att-bygga-hus-av-hus-faar-vidare-finansiering-fraan-vinnova-3092349;Innovationsprojektet Återhus leds av Codesign i samarbete med NCC, RISE och Stockholms stad;https://www.mynewsdesk.com/se/codesign/pressreleases/aaterhus-att-bygga-hus-av-hus-faar-vidare-finansiering-fraan-vinnova-3092349
SE:K017;SE;Contiga;—;Fabege;Konsortialpartner;Arbeiteten im Återhus-Verbund zusammen.;befristeter Verbund;checked;Der Beleg ordnet beide einem benannten Projektverbund zu.;;;Medverkar gör även Stockholm stad, Vasakronan, Fabege, Atrium Ljungberg, Contiga, Zengun, Anthesis, Svensk Betong, Ramboll och KTH.;https://branschaktuellt.se/byggindustrin/62133-stora-aktorer-i-samverkan-om-aterhus/;Medverkar gör även Stockholm stad, Vasakronan, Fabege, Atrium Ljungberg, Contiga, Zengun, Anthesis, Svensk Betong, Ramboll och KTH.;https://branschaktuellt.se/byggindustrin/62133-stora-aktorer-i-samverkan-om-aterhus/
SE:K018;SE;Contiga;—;Zengun;Konsortialpartner;Arbeiteten im Återhus-Verbund zusammen.;befristeter Verbund;checked;Der Beleg ordnet beide einem benannten Projektverbund zu.;;;Samverkansparter i projektet Återhus: ... Contiga ... Zengun.;https://www.fabege.se/om-fabege/pressrum/nyheter/2022/hallbarhetshuset/;Samverkansparter i projektet Återhus: ... Contiga ... Zengun.;https://www.fabege.se/om-fabege/pressrum/nyheter/2022/hallbarhetshuset/
SE:K019;SE;Fabege;—;Reboost;Konsortialpartner;Trat bei und übergab eigenen Reuse-Hub.;dauerhaft;checked;Der Beleg beschreibt eine fortlaufende strukturelle Rolle.;;;ansluter Fabege som ny medlem i Ragn-Sells Reboost;https://www.fabege.se/kunskap-och-inspiration/nyheter/2026/fabege-overlater-aterbrukshubb-till-ragn-sells-och-blir-medlem-i-reboost/;ansluter Fabege som ny medlem i Ragn-Sells Reboost;https://www.fabege.se/kunskap-och-inspiration/nyheter/2026/fabege-overlater-aterbrukshubb-till-ragn-sells-och-blir-medlem-i-reboost/
SE:K022;SE;Handslag för cirkulärt byggande;—;Vasakronan;Konsortialpartner;Mitgliedschaft.;befristeter Verbund;source_reopened;Die Initiative endete laut Folgequelle nach vier Jahren.;;;Vasakronan blev Årets Återbrukare 2026 för att i snart ett decennium ha visat vägen mot cirkulärt byggande och drivit på branschens omställning.;https://www.businessregiongoteborg.se/naringslivsutveckling/hallbar-utveckling/goteborgs-plattform-klimatneutralt-byggande/handslag-cirkulart-byggande;Handslag för cirkulärt byggande ... avrundas efter fyra år.;https://www.businessregiongoteborg.se/nyheter/vasakronan-blir-arets-aterbrukare-2026-omstallningen-gar-snabbt
SE:K023;SE;Helsingborgshem;—;ReCreate Sweden / KTH Architecture, Technique and Theory;Konsortialpartner;Verbundpartnerschaft.;befristeter Verbund;checked;Der Beleg ordnet beide einem benannten Projektverbund zu.;;;I den svenska piloten är Helsingborgshem huvudsaklig partner ... och KTH deltar.;https://www.kth.se/om/nyheter/centrala-nyheter/gammal-betong-far-nytt-liv-1.1077230;I den svenska piloten är Helsingborgshem huvudsaklig partner ... och KTH deltar.;https://www.kth.se/om/nyheter/centrala-nyheter/gammal-betong-far-nytt-liv-1.1077230
SE:K024;SE;Helsingborgshem;—;Strängbetong;Konsortialpartner;Arbeiteten im ReCreate-Verbund zusammen.;befristeter Verbund;checked;Der Beleg ordnet beide einem benannten Projektverbund zu.;;;I ReCreate ingår även Consoliskoncernen som tillverkar prefabricerad betong, i Sverige representerad av Consolis Strängbetong.;https://www.mynewsdesk.com/se/helsingborgshem/pressreleases/aaterbruk-av-prefabricerade-betongelement-i-nya-byggnader-stort-internationellt-projekt-ska-utveckla-nya-loesningar-3102159;I ReCreate ingår även Consoliskoncernen som tillverkar prefabricerad betong, i Sverige representerad av Consolis Strängbetong.;https://www.mynewsdesk.com/se/helsingborgshem/pressreleases/aaterbruk-av-prefabricerade-betongelement-i-nya-byggnader-stort-internationellt-projekt-ska-utveckla-nya-loesningar-3102159
SE:K025;SE;ReCreate Sweden / KTH Architecture, Technique and Theory;—;NCC;Konsortialpartner;Arbeiteten im Återhus-Verbund zusammen.;befristeter Verbund;checked;Der Beleg ordnet beide einem benannten Projektverbund zu.;;;Partners: NCC, RISE, Stockholms stad, Vasakronan, Fabege, Atrium Ljungberg, Contiga, Zengun, Anthesis, Svensk Betong, Ramboll och KTH;https://www.svenskbyggtidning.se/2021/04/27/aterhus-att-bygga-hus-av-hus/;Partners: NCC, RISE, Stockholms stad, Vasakronan, Fabege, Atrium Ljungberg, Contiga, Zengun, Anthesis, Svensk Betong, Ramboll och KTH;https://www.svenskbyggtidning.se/2021/04/27/aterhus-att-bygga-hus-av-hus/
SE:K026;SE;Ragn-Sells;A→B;Reboost;Betreiberschaft;Betreibt Reuse-Dienst.;dauerhaft;checked;Der Beleg beschreibt eine fortlaufende strukturelle Rolle.;;;Ragn-Sells vill bidra till en mer cirkulär byggbransch och erbjuder en medlemsbaserad tjänst för kvalitetssäkrade återbrukade produkter.;https://www.ragnsells.se/vara-tjanster/integrerade-losningar/reboost/;Ragn-Sells vill bidra till en mer cirkulär byggbransch och erbjuder en medlemsbaserad tjänst för kvalitetssäkrade återbrukade produkter.;https://www.ragnsells.se/vara-tjanster/integrerade-losningar/reboost/
SE:K027;SE;Serviceförvaltningen und Miljöförvaltningen / Stockholms stad;—;Vasakronan;Konsortialpartner;Arbeiteten im Återhus-Verbund zusammen.;befristeter Verbund;checked;Der Beleg ordnet beide einem benannten Projektverbund zu.;;;Medverkar gör även Stockholm stad, Vasakronan, Fabege, Atrium Ljungberg;https://branschaktuellt.se/byggindustrin/62133-stora-aktorer-i-samverkan-om-aterhus/;Medverkar gör även Stockholm stad, Vasakronan, Fabege, Atrium Ljungberg;https://branschaktuellt.se/byggindustrin/62133-stora-aktorer-i-samverkan-om-aterhus/
SE:K028;SE;Svensk Betong;—;NCC;Konsortialpartner;Arbeiteten im Återhus-Verbund zusammen.;befristeter Verbund;checked;Der Beleg ordnet beide einem benannten Projektverbund zu.;;;Partners: NCC, RISE, Stockholms stad, Vasakronan, Fabege, Atrium Ljungberg, Contiga, Zengun, Anthesis, Svensk Betong, Ramboll och KTH;https://www.svenskbyggtidning.se/2021/04/27/aterhus-att-bygga-hus-av-hus/;Partners: NCC, RISE, Stockholms stad, Vasakronan, Fabege, Atrium Ljungberg, Contiga, Zengun, Anthesis, Svensk Betong, Ramboll och KTH;https://www.svenskbyggtidning.se/2021/04/27/aterhus-att-bygga-hus-av-hus/
SE:K029;SE;Vasakronan;—;Wiklunds Åkeri;Konsortialpartner;Arbeiteten im KRETS-Verbund zusammen.;dauerhaft;source_reopened;Die Folgequelle nennt ausdrücklich langfristige Zusammenarbeit.;;;Bland medlemmarna finns Vasakronan, Castellum, Wiklunds, Alecta Fastigheter, Akademiska Hus samt Uppsala klimatprotokoll;https://www.wiklunds.se/affarsomraden/cirkulart-byggande/;startskottet för ett långsiktigt samarbete;https://www.wiklunds.se/nyheter/2025-04-24-tillsammans-for-en-gemensam-aterbruksmarknad-i-stockholm-och-uppsala/
SE:K030;SE;Zengun;—;NCC;Konsortialpartner;Arbeiteten im Återhus-Verbund zusammen.;befristeter Verbund;checked;Der Beleg ordnet beide einem benannten Projektverbund zu.;;;Partners: NCC, RISE, Stockholms stad, Vasakronan, Fabege, Atrium Ljungberg, Contiga, Zengun, Anthesis, Svensk Betong, Ramboll och KTH;https://www.svenskbyggtidning.se/2021/04/27/aterhus-att-bygga-hus-av-hus/;Partners: NCC, RISE, Stockholms stad, Vasakronan, Fabege, Atrium Ljungberg, Contiga, Zengun, Anthesis, Svensk Betong, Ramboll och KTH;https://www.svenskbyggtidning.se/2021/04/27/aterhus-att-bygga-hus-av-hus/
SE:K031;SE;Kv Återbruket, Litteraturgatan/Selma stad, Göteborg;B→A;Liljewall Arkitekter;Entwurf;Entwarf Kv.;projektgebunden;checked;Die belegte Leistung ist an das benannte Vorhaben gebunden.;;;Kv Återbruket ‹ Liljewall Arkitekter – Göteborg, Stockholm & Malmö (eigene Projektseite);https://www.liljewall.se/projekt/kv-aterbruket/;Kv Återbruket ‹ Liljewall Arkitekter – Göteborg, Stockholm & Malmö (eigene Projektseite);https://www.liljewall.se/projekt/kv-aterbruket/
SE:K032;SE;Kv Återbruket, Litteraturgatan/Selma stad, Göteborg;B→A;NCC;Bauausführung;Führte die Bauarbeiten an Kv aus.;projektgebunden;checked;Die belegte Leistung ist an das benannte Vorhaben gebunden.;;;Hyresrätter Kvarteret Återbruket, Göteborg / NCC (eigene Projektseite, NCC als ausführendes Bauunternehmen);https://www.ncc.se/vara-projekt/hyresratter-kvarteret-aterbruket-goteborg/;Hyresrätter Kvarteret Återbruket, Göteborg / NCC (eigene Projektseite, NCC als ausführendes Bauunternehmen);https://www.ncc.se/vara-projekt/hyresratter-kvarteret-aterbruket-goteborg/
SE:K033;SE;NCC;—;RISE (Research Institutes of Sweden);Konsortialpartner;Arbeiteten im Återhus-Verbund zusammen.;befristeter Verbund;checked;Der Beleg ordnet beide einem benannten Projektverbund zu.;;;Partners: NCC, RISE, Stockholms stad, Vasakronan, Fabege, Atrium Ljungberg, Contiga, Zengun, Anthesis, Svensk Betong, Ramboll och KTH;https://www.svenskbyggtidning.se/2021/04/27/aterhus-att-bygga-hus-av-hus/;Partners: NCC, RISE, Stockholms stad, Vasakronan, Fabege, Atrium Ljungberg, Contiga, Zengun, Anthesis, Svensk Betong, Ramboll och KTH;https://www.svenskbyggtidning.se/2021/04/27/aterhus-att-bygga-hus-av-hus/
