entity,group,property,total_in_group,nodes_or_rels_with_property,coverage_pct,missing_count,types,type_drift,empty_count,unique_values_seen_cap_1001,action,priority,reason,sample_values
relationship,ANCHORED_BY,derivation_note,695,695,100.0,0,str:695,,0,1,review_domain_property,P3,domain-specific edge value,| r1: confidence=bookkeeping→unklar + is_bookkeeping=true | r1: derived=>topology_synthesized (catch-all: basis=controlled_vocab)
relationship,ANCHORED_BY,evidence_basis,695,695,100.0,0,str:695,,0,1,review_keep_or_source_edge,P1,"edge provenance can be valid, but normalize to source_type/source_detail or BELEGT_IN",controlled_vocab
relationship,ANCHORED_BY,evidence_cleanup_run,695,695,100.0,0,str:695,,0,1,review_keep_or_source_edge,P1,"edge provenance can be valid, but normalize to source_type/source_detail or BELEGT_IN",2026-05-28_anchor_source_evidence_cleanup
relationship,ANCHORED_BY,evidence_confidence,695,695,100.0,0,str:695,,0,1,review_keep_or_source_edge,P1,"edge provenance can be valid, but normalize to source_type/source_detail or BELEGT_IN",unklar
relationship,ANCHORED_BY,evidence_note,695,695,100.0,0,str:695,,0,1,review_keep_or_source_edge,P1,"edge provenance can be valid, but normalize to source_type/source_detail or BELEGT_IN",ANCHORED_BY points to an internal OntologyAnchor/control-vocabulary record; do not treat this as external source proof for factual claims.
relationship,ANCHORED_BY,evidence_origin,695,695,100.0,0,str:695,,0,1,review_keep_or_source_edge,P1,"edge provenance can be valid, but normalize to source_type/source_detail or BELEGT_IN",topology_synthesized
relationship,ANCHORED_BY,evidence_quality,695,695,100.0,0,str:695,,0,1,review_keep_or_source_edge,P1,"edge provenance can be valid, but normalize to source_type/source_detail or BELEGT_IN",internal_anchor_not_claim_evidence
relationship,ANCHORED_BY,evidence_source_id,695,695,100.0,0,str:695,,0,2,review_keep_or_source_edge,P1,"edge provenance can be valid, but normalize to source_type/source_detail or BELEGT_IN",q_akteursliste_master_md || q_controlled_vocab_seed
relationship,ANCHORED_BY,is_bookkeeping,695,695,100.0,0,bool:695,,0,1,review_domain_property,P3,domain-specific edge value,true
relationship,ANCHORED_BY,review_status,695,695,100.0,0,str:695,,0,1,review_keep_or_provenance,P1,may be real edge evidence/status; keep only if queried,needs_source_url_review
relationship,ANCHORED_BY,source_resolution_status,695,695,100.0,0,str:695,,0,1,review_keep_or_source_edge,P1,"edge provenance can be valid, but normalize to source_type/source_detail or BELEGT_IN",bookkeeping_anchor_internal_source_not_claim_evidence
relationship,ANCHORED_BY,source_resolution_status_correction_previous,695,695,100.0,0,str:695,,0,1,review_keep_or_source_edge,P1,"edge provenance can be valid, but normalize to source_type/source_detail or BELEGT_IN",needs_source_url_review
relationship,ANCHORED_BY,source_review_status_correction_previous,695,695,100.0,0,str:695,,0,1,review_keep_or_source_edge,P1,"edge provenance can be valid, but normalize to source_type/source_detail or BELEGT_IN",needs_source_url_review
relationship,ANCHORED_BY,source_role,695,695,100.0,0,str:695,,0,1,review_keep_or_source_edge,P1,"edge provenance can be valid, but normalize to source_type/source_detail or BELEGT_IN",ontology_anchor_bookkeeping
relationship,ANCHORED_BY,source_status_correction,695,695,100.0,0,str:695,,0,1,review_keep_or_source_edge,P1,"edge provenance can be valid, but normalize to source_type/source_detail or BELEGT_IN",mig_source_status_scope_addendum_2026_05_28
relationship,ANCHORED_BY,source_status_correction_previous,695,695,100.0,0,str:695,,0,2,review_keep_or_source_edge,P1,"edge provenance can be valid, but normalize to source_type/source_detail or BELEGT_IN",candidate || missing
relationship,ANCHORED_BY,source_status_correction_reason,695,695,100.0,0,str:695,,0,1,review_keep_or_source_edge,P1,"edge provenance can be valid, but normalize to source_type/source_detail or BELEGT_IN",ontology_anchor_bookkeeping_not_fact_proof
relationship,ANCHORED_BY,strict_source_url_cleanup,695,252,36.26,443,str:252,,0,1,review_keep_or_source_edge,P1,"edge provenance can be valid, but normalize to source_type/source_detail or BELEGT_IN",mig_strict_source_url_binding_cleanup_2026_05_23
relationship,APPLIES_IN,derivation_note,20,20,100.0,0,str:20,,0,1,review_domain_property,P3,domain-specific edge value,| r1: inferred+belegt was self-contradictory => downgraded to teilweise_belegt
relationship,APPLIES_IN,evidence_basis,20,20,100.0,0,str:20,,0,1,review_keep_or_source_edge,P1,"edge provenance can be valid, but normalize to source_type/source_detail or BELEGT_IN",research_file_row
relationship,APPLIES_IN,evidence_confidence,20,20,100.0,0,str:20,,0,1,review_keep_or_source_edge,P1,"edge provenance can be valid, but normalize to source_type/source_detail or BELEGT_IN",teilweise_belegt
relationship,APPLIES_IN,evidence_origin,20,20,100.0,0,str:20,,0,1,review_keep_or_source_edge,P1,"edge provenance can be valid, but normalize to source_type/source_detail or BELEGT_IN",inferred
relationship,APPLIES_IN,evidence_source_id,20,20,100.0,0,str:20,,0,1,review_keep_or_source_edge,P1,"edge provenance can be valid, but normalize to source_type/source_detail or BELEGT_IN",q_circular_construction_reuse_graph_gaps_md
relationship,APPLIES_IN,id,20,20,100.0,0,str:20,,0,20,keep_minimum,P0,relationship identity handle required by current constraints,r_rr_gb_stahl__APPLIES_IN__land_vereinigtes_koenigreich || r_rr_be_stahl__APPLIES_IN__land_belgien || r_rr_de_stahl__APPLIES_IN__land_deutschland || r_rr_nl_stahl__APPLIES_IN__land_niederlande
relationship,APPLIES_IN,review_status,20,20,100.0,0,str:20,,0,1,review_keep_or_provenance,P1,may be real edge evidence/status; keep only if queried,needs_source_url_review
relationship,APPLIES_IN,source_resolution_status,20,20,100.0,0,str:20,,0,1,review_keep_or_source_edge,P1,"edge provenance can be valid, but normalize to source_type/source_detail or BELEGT_IN",needs_source_url_review
relationship,APPLIES_IN,source_status,20,20,100.0,0,str:20,,0,1,review_keep_or_source_edge,P1,"edge provenance can be valid, but normalize to source_type/source_detail or BELEGT_IN",candidate
relationship,APPLIES_IN,source_status_migration,20,20,100.0,0,str:20,,0,1,review_keep_or_source_edge,P1,"edge provenance can be valid, but normalize to source_type/source_detail or BELEGT_IN",mig_source_status_normalization_2026_05_28
relationship,APPLIES_IN,source_status_reason,20,20,100.0,0,str:20,,0,1,review_keep_or_source_edge,P1,"edge provenance can be valid, but normalize to source_type/source_detail or BELEGT_IN",candidate_urls_need_fact_review
relationship,APPLIES_IN,strict_source_url_cleanup,20,20,100.0,0,str:20,,0,1,review_keep_or_source_edge,P1,"edge provenance can be valid, but normalize to source_type/source_detail or BELEGT_IN",mig_strict_source_url_binding_cleanup_2026_05_23
relationship,APPLIES_TO,derivation_note,20,20,100.0,0,str:20,,0,1,review_domain_property,P3,domain-specific edge value,| r1: inferred+belegt was self-contradictory => downgraded to teilweise_belegt
relationship,APPLIES_TO,evidence_basis,20,20,100.0,0,str:20,,0,1,review_keep_or_source_edge,P1,"edge provenance can be valid, but normalize to source_type/source_detail or BELEGT_IN",research_file_row
relationship,APPLIES_TO,evidence_confidence,20,20,100.0,0,str:20,,0,1,review_keep_or_source_edge,P1,"edge provenance can be valid, but normalize to source_type/source_detail or BELEGT_IN",teilweise_belegt
relationship,APPLIES_TO,evidence_origin,20,20,100.0,0,str:20,,0,1,review_keep_or_source_edge,P1,"edge provenance can be valid, but normalize to source_type/source_detail or BELEGT_IN",inferred
relationship,APPLIES_TO,evidence_source_id,20,20,100.0,0,str:20,,0,1,review_keep_or_source_edge,P1,"edge provenance can be valid, but normalize to source_type/source_detail or BELEGT_IN",q_circular_construction_reuse_graph_gaps_md
relationship,APPLIES_TO,id,20,20,100.0,0,str:20,,0,20,keep_minimum,P0,relationship identity handle required by current constraints,r_rr_gb_stahl__APPLIES_TO__mat_stahl || r_rr_be_stahl__APPLIES_TO__mat_stahl || r_rr_de_stahl__APPLIES_TO__mat_stahl || r_rr_nl_stahl__APPLIES_TO__mat_stahl
relationship,APPLIES_TO,review_status,20,20,100.0,0,str:20,,0,1,review_keep_or_provenance,P1,may be real edge evidence/status; keep only if queried,needs_source_url_review
relationship,APPLIES_TO,source_resolution_status,20,20,100.0,0,str:20,,0,1,review_keep_or_source_edge,P1,"edge provenance can be valid, but normalize to source_type/source_detail or BELEGT_IN",needs_source_url_review
relationship,APPLIES_TO,source_status,20,20,100.0,0,str:20,,0,1,review_keep_or_source_edge,P1,"edge provenance can be valid, but normalize to source_type/source_detail or BELEGT_IN",candidate
relationship,APPLIES_TO,source_status_migration,20,20,100.0,0,str:20,,0,1,review_keep_or_source_edge,P1,"edge provenance can be valid, but normalize to source_type/source_detail or BELEGT_IN",mig_source_status_normalization_2026_05_28
relationship,APPLIES_TO,source_status_reason,20,20,100.0,0,str:20,,0,1,review_keep_or_source_edge,P1,"edge provenance can be valid, but normalize to source_type/source_detail or BELEGT_IN",candidate_urls_need_fact_review
relationship,APPLIES_TO,strict_source_url_cleanup,20,20,100.0,0,str:20,,0,1,review_keep_or_source_edge,P1,"edge provenance can be valid, but normalize to source_type/source_detail or BELEGT_IN",mig_strict_source_url_binding_cleanup_2026_05_23
relationship,BELEGT_IN,archive_source_id,4866,136,2.79,4730,str:136,,0,39,review_keep_or_source_edge,P1,"edge provenance can be valid, but normalize to source_type/source_detail or BELEGT_IN",q_research_articonnex_md || q_research_backacia_md || q_research_baticycle_md || q_research_batiterre_md
relationship,BELEGT_IN,derivation_note,4866,4697,96.53,169,str:4697,,0,9,review_domain_property,P3,domain-specific edge value,"| r1: curated→source_curated (default reclassification) || | r1: derived=>topology_synthesized (catch-all: basis=cell_citation) || former_basis=research_file_row->cell_citation via mig_repair_4_1 (BELEGT_IN belongs to citation-group enum, not norm-group) || Recreated after splitting rb_ce_ukca_marking_reused_steel on 2026-05-31."
relationship,BELEGT_IN,evidence_basis,4866,4866,100.0,0,str:4866,,0,4,review_keep_or_source_edge,P1,"edge provenance can be valid, but normalize to source_type/source_detail or BELEGT_IN",cell_citation || slug_match || controlled_vocab || direct_url_listed_in_archive_md
relationship,BELEGT_IN,evidence_cleanup_run,4866,13,0.27,4853,str:13,,0,1,review_keep_or_source_edge,P1,"edge provenance can be valid, but normalize to source_type/source_detail or BELEGT_IN",2026-05-28_belegt_confidence_conflict_cleanup
relationship,BELEGT_IN,evidence_confidence,4866,4730,97.21,136,str:4730,,0,4,review_keep_or_source_edge,P1,"edge provenance can be valid, but normalize to source_type/source_detail or BELEGT_IN",unklar || belegt || teilweise_belegt || inferiert
relationship,BELEGT_IN,evidence_confidence_status,4866,13,0.27,4853,str:13,,0,1,review_keep_or_source_edge,P1,"edge provenance can be valid, but normalize to source_type/source_detail or BELEGT_IN",downgraded_pending_exact_source_url_review
relationship,BELEGT_IN,evidence_excerpt,4866,3040,62.47,1826,str:3040,,0,1001,review_keep_or_source_edge,P1,"edge provenance can be valid, but normalize to source_type/source_detail or BELEGT_IN","Thema: Verbindung | Befund: Mauerwerk, Fliesen, Sanitäranschlüsse, Elektroanschlüsse | Leistungsanforderung: Funktionsfähigkeit | technische Hürde: Passung heterogener Bauteile | Lösung: kleine, robuste Bauteile | Quell… || Thema: Wärmeschutz | Befund: Dämmung aus Surplus/Restposten | Leistungsanforderung: Dämmleistung | technische Hürde: Materialtyp/Leistung nicht veröffentlicht | Lösung: Surplus-Dämmung Boden/Wand/Decke | Quelle: [S2], [… || Bauteil: Außenfenster / Außenschreinerei | Material: Aluminium/Glas nach C21 | Herkunft: Büroabbruch nahe Grande Halle | alte Funktion: Fenster | neue Funktion: Außenfenster | Menge/Umfang: 1 eingebaut; 21 identifiziert… || Kennwert: Kostenwirkung Reuse | Wert: ohne Mehrkosten insgesamt behauptet | Bilanzgrenze: Reuse vs. neu | Quelle: [S2]"
relationship,BELEGT_IN,evidence_note,4866,13,0.27,4853,str:13,,0,1,review_keep_or_source_edge,P1,"edge provenance can be valid, but normalize to source_type/source_detail or BELEGT_IN",Former evidence_confidence=belegt was downgraded because source_status is not exact and the relationship still needs source URL / exact-claim review.
relationship,BELEGT_IN,evidence_origin,4866,4730,97.21,136,str:4730,,0,4,review_keep_or_source_edge,P1,"edge provenance can be valid, but normalize to source_type/source_detail or BELEGT_IN",source_curated || topology_synthesized || inferred || registry_derived
relationship,BELEGT_IN,evidence_quality,4866,13,0.27,4853,str:13,,0,1,review_keep_or_source_edge,P1,"edge provenance can be valid, but normalize to source_type/source_detail or BELEGT_IN",source_binding_not_exact
relationship,BELEGT_IN,evidence_source_id,4866,4842,99.51,24,str:4842,,0,760,review_keep_or_source_edge,P1,"edge provenance can be valid, but normalize to source_type/source_detail or BELEGT_IN",q_chiro_d_itterbeek_dilbeek_s2 || q_chiro_d_itterbeek_dilbeek_s4 || q_grande_halle_de_colombelles_s3 || q_ferme_du_rail_paris_s2
relationship,BELEGT_IN,id,4866,2120,43.57,2746,list[str]:1; str:2119,yes,0,1001,keep_minimum,P0,relationship identity handle required by current constraints,r_bw_55_great_suffolk_street_warehouse__BELEGT_IN__q_55_great_suffolk_street_london_md || r_bw_1_broadgate_london__BELEGT_IN__q_55_great_suffolk_street_london_md || r_bw_cleveland_steel_and_tubes_stock__BELEGT_IN__q_55_great_suffolk_street_london_md || r_cbre__BELEGT_IN__q_55_great_suffolk_street_london_md
relationship,BELEGT_IN,invalid_candidate_source_urls,4866,644,13.23,4222,list[str]:644,,0,22,review_keep_or_source_edge,P1,"edge provenance can be valid, but normalize to source_type/source_detail or BELEGT_IN","[""""] || [""https://bimtec"",""https://b"",""https://symmetr""] || [""https://olympiap""] || [""https://projecta"",""https://pr""]"
relationship,BELEGT_IN,invalid_source_url,4866,8,0.16,4858,str:8,,8,1,review_keep_or_source_edge,P1,"edge provenance can be valid, but normalize to source_type/source_detail or BELEGT_IN",
relationship,BELEGT_IN,invalid_source_url_node_id,4866,8,0.16,4858,str:8,,0,7,review_keep_or_source_edge,P1,"edge provenance can be valid, but normalize to source_type/source_detail or BELEGT_IN",q_association_house_groeditz_s0 || q_association_house_plauen_s0 || q_maison_vignette_auderghem_s1 || q_berlin_schildow_pilot_house_s0
relationship,BELEGT_IN,previous_evidence_confidence,4866,13,0.27,4853,str:13,,0,1,review_keep_or_source_edge,P1,"edge provenance can be valid, but normalize to source_type/source_detail or BELEGT_IN",belegt
relationship,BELEGT_IN,review_run,4866,136,2.79,4730,str:136,,0,1,review_sparse,P2,sparse relationship property,2026-05-28_bauteilboersen_integration
relationship,BELEGT_IN,review_status,4866,1723,35.41,3143,str:1723,,0,2,review_keep_or_provenance,P1,may be real edge evidence/status; keep only if queried,needs_source_url_review || reviewed_legacy_profile_needs_url_fact_check
relationship,BELEGT_IN,source_resolution_status,4866,4730,97.21,136,str:4730,,0,2,review_keep_or_source_edge,P1,"edge provenance can be valid, but normalize to source_type/source_detail or BELEGT_IN",direct_url_endpoint || needs_source_url_review
relationship,BELEGT_IN,source_scope,4866,523,10.75,4343,str:523,,0,4,review_keep_or_source_edge,P1,"edge provenance can be valid, but normalize to source_type/source_detail or BELEGT_IN",bauteilboerse_legacy_review || actor_registry_project_link || actor_registry || actor_registry_external_link
relationship,BELEGT_IN,source_status,4866,4730,97.21,136,str:4730,,0,3,review_keep_or_source_edge,P1,"edge provenance can be valid, but normalize to source_type/source_detail or BELEGT_IN",exact || candidate || missing
relationship,BELEGT_IN,source_status_migration,4866,4730,97.21,136,str:4730,,0,1,review_keep_or_source_edge,P1,"edge provenance can be valid, but normalize to source_type/source_detail or BELEGT_IN",mig_source_status_normalization_2026_05_28
relationship,BELEGT_IN,source_status_reason,4866,4730,97.21,136,str:4730,,0,4,review_keep_or_source_edge,P1,"edge provenance can be valid, but normalize to source_type/source_detail or BELEGT_IN",concrete_source_url_on_fact || candidate_urls_need_fact_review || no_exact_url_binding_needs_review || invalid_direct_url_endpoint
relationship,BELEGT_IN,source_url,4866,3143,64.59,1723,str:3143,,0,352,review_keep_or_source_edge,P1,"edge provenance can be valid, but normalize to source_type/source_detail or BELEGT_IN",https://www.construction21.org/france/case-studies/h/pavillon-de-sanitaires-du-chiro-d-itterbeek.html || https://www.construction21.org/belgique/case-studies/h/pavillon-de-sanitaires-du-chiro-d-itterbeek-dilbeek.html || https://www.construction21.org/france/case-studies/h/la-grande-halle-de-colombelles.html || https://www.ekopolis.fr/operations-batiment/la-ferme-du-rail
relationship,BELEGT_IN,source_url_http_code,4866,3044,62.56,1822,int:3044,,0,5,review_keep_or_source_edge,P1,"edge provenance can be valid, but normalize to source_type/source_detail or BELEGT_IN",403 || 200 || 525 || 404
relationship,BELEGT_IN,source_url_node_id,4866,3143,64.59,1723,str:3143,,0,530,review_keep_or_source_edge,P1,"edge provenance can be valid, but normalize to source_type/source_detail or BELEGT_IN",q_chiro_d_itterbeek_dilbeek_s2 || q_chiro_d_itterbeek_dilbeek_s4 || q_grande_halle_de_colombelles_s3 || q_ferme_du_rail_paris_s2
relationship,BELEGT_IN,source_url_status,4866,3143,64.59,1723,str:3143,,0,8,review_keep_or_source_edge,P1,"edge provenance can be valid, but normalize to source_type/source_detail or BELEGT_IN",dead_4xx || reachable_2xx || dead_5xx || blocked_by_robots
relationship,BELEGT_IN,source_url_wayback_snapshot,4866,424,8.71,4442,str:424,,0,24,review_keep_or_source_edge,P1,"edge provenance can be valid, but normalize to source_type/source_detail or BELEGT_IN",http://web.archive.org/web/20240425010839/https://www.construction21.org/france/case-studies/h/pavillon-de-sanitaires-du-chiro-d-itterbeek.html || http://web.archive.org/web/20240425041043/https://www.construction21.org/france/case-studies/h/la-grande-halle-de-colombelles.html || http://web.archive.org/web/20230609154546/https://www.le-wip.com/le-reemploi-de-materiaux/ || http://web.archive.org/web/20250505022908/https://www.seidlarchitekten.de/wp-content/uploads/2022/10/SeidlSeidl-Architekten_Haus-Hos_Muehlhausen.pdf
relationship,BELEGT_IN,strict_candidate_url_array_cleanup,4866,644,13.23,4222,str:644,,0,1,review_keep_or_source_edge,P1,"edge provenance can be valid, but normalize to source_type/source_detail or BELEGT_IN",mig_strict_candidate_url_array_cleanup_2026_05_23
relationship,BELEGT_IN,strict_invalid_url_cleanup,4866,8,0.16,4858,str:8,,0,1,review_keep_or_source_edge,P1,"edge provenance can be valid, but normalize to source_type/source_detail or BELEGT_IN",mig_strict_invalid_url_cleanup_2026_05_23
relationship,BELEGT_IN,strict_source_url_cleanup,4866,1424,29.26,3442,str:1424,,0,1,review_keep_or_source_edge,P1,"edge provenance can be valid, but normalize to source_type/source_detail or BELEGT_IN",mig_strict_source_url_binding_cleanup_2026_05_23
relationship,BELEGT_IN,verification_attempts,4866,2713,55.75,2153,int:2713,,0,2,review_domain_property,P3,domain-specific edge value,1 || 2
relationship,BELEGT_IN,verification_body_md5,4866,1990,40.9,2876,str:1990,,0,138,review_domain_property,P3,domain-specific edge value,52ec30bda5189273aefbd3895c3ac2e4 || b3bc5855682fc7eab974e95f41964f7e || 7821e077fc6b1fb694b332729c8f814d || cc7c8b3c4afe7d79b1039ba40f80abba
relationship,BELEGT_IN,verification_method,4866,2713,55.75,2153,str:2713,,0,2,review_domain_property,P3,domain-specific edge value,skipped || none
relationship,BELEGT_IN,verification_notes,4866,2713,55.75,2153,str:2713,,0,1001,review_domain_property,P3,domain-specific edge value,url_status=dead_4xx || best_fuzz=0.441 best_token=0.071 || best_fuzz=0.405 best_token=0.235 || url_status=dead_5xx
relationship,BELEGT_IN,verification_score,4866,2713,55.75,2153,float:2713,,0,731,review_domain_property,P3,domain-specific edge value,0.0 || 0.4407 || 0.4052 || 0.3667
relationship,BELEGT_IN,verification_status,4866,2713,55.75,2153,str:2713,,0,4,review_domain_property,P3,domain-specific edge value,target_page_dead || no_text_match || fetch_error || no_url_node
relationship,BERECHNET_NACH_MODUL,evidence_basis,8,8,100.0,0,str:8,,0,1,review_keep_or_source_edge,P1,"edge provenance can be valid, but normalize to source_type/source_detail or BELEGT_IN",cell_citation
relationship,BERECHNET_NACH_MODUL,evidence_confidence,8,8,100.0,0,str:8,,0,1,review_keep_or_source_edge,P1,"edge provenance can be valid, but normalize to source_type/source_detail or BELEGT_IN",teilweise_belegt
relationship,BERECHNET_NACH_MODUL,evidence_origin,8,8,100.0,0,str:8,,0,1,review_keep_or_source_edge,P1,"edge provenance can be valid, but normalize to source_type/source_detail or BELEGT_IN",source_curated
relationship,BERECHNET_NACH_MODUL,evidence_source_id,8,8,100.0,0,str:8,,0,1,review_keep_or_source_edge,P1,"edge provenance can be valid, but normalize to source_type/source_detail or BELEGT_IN",r2_b_journal_edge_restore
relationship,BERECHNET_NACH_MODUL,review_status,8,8,100.0,0,str:8,,0,1,review_keep_or_provenance,P1,may be real edge evidence/status; keep only if queried,needs_source_url_review
relationship,BERECHNET_NACH_MODUL,source_resolution_status,8,8,100.0,0,str:8,,0,1,review_keep_or_source_edge,P1,"edge provenance can be valid, but normalize to source_type/source_detail or BELEGT_IN",needs_source_url_review
relationship,BERECHNET_NACH_MODUL,source_status,8,8,100.0,0,str:8,,0,1,review_keep_or_source_edge,P1,"edge provenance can be valid, but normalize to source_type/source_detail or BELEGT_IN",missing
relationship,BERECHNET_NACH_MODUL,source_status_migration,8,8,100.0,0,str:8,,0,1,review_keep_or_source_edge,P1,"edge provenance can be valid, but normalize to source_type/source_detail or BELEGT_IN",mig_source_status_normalization_2026_05_28
relationship,BERECHNET_NACH_MODUL,source_status_reason,8,8,100.0,0,str:8,,0,1,review_keep_or_source_edge,P1,"edge provenance can be valid, but normalize to source_type/source_detail or BELEGT_IN",no_exact_url_binding_needs_review
relationship,BETEILIGT_AN,derivation_note,561,561,100.0,0,str:561,,0,1,review_domain_property,P3,domain-specific edge value,| r1: derived=>topology_synthesized (catch-all: basis=controlled_vocab)
relationship,BETEILIGT_AN,evidence_basis,561,561,100.0,0,str:561,,0,1,review_keep_or_source_edge,P1,"edge provenance can be valid, but normalize to source_type/source_detail or BELEGT_IN",controlled_vocab
relationship,BETEILIGT_AN,evidence_confidence,561,561,100.0,0,str:561,,0,1,review_keep_or_source_edge,P1,"edge provenance can be valid, but normalize to source_type/source_detail or BELEGT_IN",unklar
relationship,BETEILIGT_AN,evidence_excerpt,561,109,19.43,452,str:109,,0,2,review_keep_or_source_edge,P1,"edge provenance can be valid, but normalize to source_type/source_detail or BELEGT_IN",BELEGT || INFER
relationship,BETEILIGT_AN,evidence_origin,561,561,100.0,0,str:561,,0,1,review_keep_or_source_edge,P1,"edge provenance can be valid, but normalize to source_type/source_detail or BELEGT_IN",topology_synthesized
relationship,BETEILIGT_AN,evidence_source_id,561,561,100.0,0,str:561,,0,6,review_keep_or_source_edge,P1,"edge provenance can be valid, but normalize to source_type/source_detail or BELEGT_IN",mig_4_1 || batch2_v2_import_2026-05-20 || batch2_v2_phase18_2026-05-20 || batch2_v2_followup_2026-05-20
relationship,BETEILIGT_AN,id,561,561,100.0,0,str:561,,0,561,keep_minimum,P0,relationship identity handle required by current constraints,r_cbre__BETEILIGT_AN__p_55_great_suffolk_street_london || r_gardiner_and_theobald__BETEILIGT_AN__p_55_great_suffolk_street_london || r_cantillon__BETEILIGT_AN__p_55_great_suffolk_street_london || r_abfallwirtschaftsbetriebe_muenster__BETEILIGT_AN__p_awm_muenster_circular_office
relationship,BETEILIGT_AN,review_status,561,561,100.0,0,str:561,,0,1,review_keep_or_provenance,P1,may be real edge evidence/status; keep only if queried,needs_source_url_review
relationship,BETEILIGT_AN,source_resolution_status,561,561,100.0,0,str:561,,0,1,review_keep_or_source_edge,P1,"edge provenance can be valid, but normalize to source_type/source_detail or BELEGT_IN",needs_source_url_review
relationship,BETEILIGT_AN,source_status,561,561,100.0,0,str:561,,0,1,review_keep_or_source_edge,P1,"edge provenance can be valid, but normalize to source_type/source_detail or BELEGT_IN",missing
relationship,BETEILIGT_AN,source_status_migration,561,561,100.0,0,str:561,,0,1,review_keep_or_source_edge,P1,"edge provenance can be valid, but normalize to source_type/source_detail or BELEGT_IN",mig_source_status_normalization_2026_05_28
relationship,BETEILIGT_AN,source_status_reason,561,561,100.0,0,str:561,,0,1,review_keep_or_source_edge,P1,"edge provenance can be valid, but normalize to source_type/source_detail or BELEGT_IN",no_exact_url_binding_needs_review
relationship,BETRIEBEN_VON,derivation_note,5,2,40.0,3,str:2,,0,1,review_domain_property,P3,domain-specific edge value,| r1: derived=>topology_synthesized (catch-all: basis=name_match)
relationship,BETRIEBEN_VON,evidence_basis,5,5,100.0,0,str:5,,0,2,review_keep_or_source_edge,P1,"edge provenance can be valid, but normalize to source_type/source_detail or BELEGT_IN",name_match || betreiber_section_existing_operator
relationship,BETRIEBEN_VON,evidence_confidence,5,2,40.0,3,str:2,,0,1,review_keep_or_source_edge,P1,"edge provenance can be valid, but normalize to source_type/source_detail or BELEGT_IN",unklar
relationship,BETRIEBEN_VON,evidence_note,5,2,40.0,3,str:2,,0,1,review_keep_or_source_edge,P1,"edge provenance can be valid, but normalize to source_type/source_detail or BELEGT_IN",Relationship came from reviewed archive profile/direct URL list but exact source claim has not been validated; do not treat keyword evidence as proof.
relationship,BETRIEBEN_VON,evidence_origin,5,2,40.0,3,str:2,,0,1,review_keep_or_source_edge,P1,"edge provenance can be valid, but normalize to source_type/source_detail or BELEGT_IN",topology_synthesized
relationship,BETRIEBEN_VON,evidence_quality,5,2,40.0,3,str:2,,0,1,review_keep_or_source_edge,P1,"edge provenance can be valid, but normalize to source_type/source_detail or BELEGT_IN",unverified_source_claim
relationship,BETRIEBEN_VON,evidence_source_id,5,5,100.0,0,str:5,,0,4,review_keep_or_source_edge,P1,"edge provenance can be valid, but normalize to source_type/source_detail or BELEGT_IN",mig_1_4 || q_url_74e67b64770f2741ee9cce15ef3ac2ad || q_url_317570e3c4e0c2be5ef74e07e4819409 || q_url_35bf8e4ee16b85a593fea9d14d107bff
relationship,BETRIEBEN_VON,id,5,3,60.0,2,str:3,,0,3,keep_minimum,P0,relationship identity handle required by current constraints,r_software_restado__betrieben_von__concular || r_re_store_harvestmap_vienna__betrieben_von__materialnomaden || r_salvoweb__betrieben_von__salvo_ltd
relationship,BETRIEBEN_VON,review_run,5,3,60.0,2,str:3,,0,1,review_domain_property,P3,domain-specific edge value,2026-05-28_bauteilboersen_integration
relationship,BETRIEBEN_VON,review_status,5,5,100.0,0,str:5,,0,2,review_keep_or_provenance,P1,may be real edge evidence/status; keep only if queried,needs_source_url_review || reviewed_legacy_profile_needs_url_fact_check
relationship,BETRIEBEN_VON,source_resolution_status,5,4,80.0,1,str:4,,0,2,review_keep_or_source_edge,P1,"edge provenance can be valid, but normalize to source_type/source_detail or BELEGT_IN",needs_source_url_review || needs_exact_claim_source_review
relationship,BETRIEBEN_VON,source_scope,5,3,60.0,2,str:3,,0,1,review_keep_or_source_edge,P1,"edge provenance can be valid, but normalize to source_type/source_detail or BELEGT_IN",bauteilboerse_legacy_review
relationship,BETRIEBEN_VON,source_status,5,2,40.0,3,str:2,,0,1,review_keep_or_source_edge,P1,"edge provenance can be valid, but normalize to source_type/source_detail or BELEGT_IN",missing
relationship,BETRIEBEN_VON,source_status_migration,5,2,40.0,3,str:2,,0,1,review_keep_or_source_edge,P1,"edge provenance can be valid, but normalize to source_type/source_detail or BELEGT_IN",mig_source_status_normalization_2026_05_28
relationship,BETRIEBEN_VON,source_status_reason,5,2,40.0,3,str:2,,0,1,review_keep_or_source_edge,P1,"edge provenance can be valid, but normalize to source_type/source_detail or BELEGT_IN",no_exact_url_binding_needs_review
relationship,BUILT_IN_ERA,derivation_note,8,8,100.0,0,str:8,,0,1,review_domain_property,P3,domain-specific edge value,"curated->inferred + belegt->inferiert via mig_repair_4_1 (year-derived era assignment is inference, not curation)"
relationship,BUILT_IN_ERA,evidence_basis,8,8,100.0,0,str:8,,0,1,review_keep_or_source_edge,P1,"edge provenance can be valid, but normalize to source_type/source_detail or BELEGT_IN",year_inferred
relationship,BUILT_IN_ERA,evidence_confidence,8,8,100.0,0,str:8,,0,1,review_keep_or_source_edge,P1,"edge provenance can be valid, but normalize to source_type/source_detail or BELEGT_IN",inferiert
relationship,BUILT_IN_ERA,evidence_excerpt,8,8,100.0,0,str:8,,0,8,review_keep_or_source_edge,P1,"edge provenance can be valid, but normalize to source_type/source_detail or BELEGT_IN",Bauwerk Ehemaliges Rijkswatersta… [bw_rws_districtskantoor_terneuzen] hat baujahr=2000; daraus inferiert BauwerkEra era_1990_2000 (basis=year_inferred; reclassified curated→inferred by mig_repair_4_1). || Bauwerk KA13 Bestandsgebäude… [bw_ka13_existing_building] hat baujahr=1950; daraus inferiert BauwerkEra era_nachkrieg_1945_1970 (basis=year_inferred; reclassified curated→inferred by mig_repair_4_1). || Bauwerk Werkhof Mööslistrasse [bw_werkhof_moeoeslistrasse] hat baujahr=1978; daraus inferiert BauwerkEra era_1970_1990 (basis=year_inferred; reclassified curated→inferred by mig_repair_4_1). || Bauwerk Lycée Lucius B3000 [bw_lycee_block_3000] hat baujahr=1973; daraus inferiert BauwerkEra era_1970_1990 (basis=year_inferred; reclassified curated→inferred by mig_repair_4_1).
relationship,BUILT_IN_ERA,evidence_origin,8,8,100.0,0,str:8,,0,1,review_keep_or_source_edge,P1,"edge provenance can be valid, but normalize to source_type/source_detail or BELEGT_IN",inferred
relationship,BUILT_IN_ERA,evidence_source_id,8,8,100.0,0,str:8,,0,1,review_keep_or_source_edge,P1,"edge provenance can be valid, but normalize to source_type/source_detail or BELEGT_IN",bauwerk.baujahr_property
relationship,BUILT_IN_ERA,id,8,8,100.0,0,str:8,,0,8,keep_minimum,P0,relationship identity handle required by current constraints,r_bw_rws_districtskantoor_terneuzen__BUILT_IN_ERA__era_1990_2000 || r_bw_ka13_existing_building__BUILT_IN_ERA__era_nachkrieg_1945_1970 || r_bw_werkhof_moeoeslistrasse__BUILT_IN_ERA__era_1970_1990 || r_bw_lycee_block_3000__BUILT_IN_ERA__era_1970_1990
relationship,BUILT_IN_ERA,review_status,8,8,100.0,0,str:8,,0,1,review_keep_or_provenance,P1,may be real edge evidence/status; keep only if queried,needs_source_url_review
relationship,BUILT_IN_ERA,source_resolution_status,8,8,100.0,0,str:8,,0,1,review_keep_or_source_edge,P1,"edge provenance can be valid, but normalize to source_type/source_detail or BELEGT_IN",needs_source_url_review
relationship,BUILT_IN_ERA,source_status,8,8,100.0,0,str:8,,0,1,review_keep_or_source_edge,P1,"edge provenance can be valid, but normalize to source_type/source_detail or BELEGT_IN",missing
relationship,BUILT_IN_ERA,source_status_migration,8,8,100.0,0,str:8,,0,1,review_keep_or_source_edge,P1,"edge provenance can be valid, but normalize to source_type/source_detail or BELEGT_IN",mig_source_status_normalization_2026_05_28
relationship,BUILT_IN_ERA,source_status_reason,8,8,100.0,0,str:8,,0,1,review_keep_or_source_edge,P1,"edge provenance can be valid, but normalize to source_type/source_detail or BELEGT_IN",no_exact_url_binding_needs_review
relationship,CITED_FROM_DOSSIER,citation_ref,6104,6104,100.0,0,str:6104,,0,152,review_domain_property,P3,domain-specific edge value,Q4 || Q3 || Q1 || Stadt Zürich
relationship,CITED_FROM_DOSSIER,dossier_file_id,6104,6104,100.0,0,str:6104,,0,70,review_duplicate_id,P2,likely duplicates endpoint identity,kamikatsu_zero_waste_center_hotel_why || kindergarten_moeoeslistrasse_manegg_zuerich || maison_dna_asse || maison_vignette_auderghem
relationship,CITED_FROM_DOSSIER,dossier_id,6104,6104,100.0,0,str:6104,,0,70,review_duplicate_id,P2,likely duplicates endpoint identity,q_kamikatsu_zero_waste_center_hotel_why_md || q_kindergarten_moeoeslistrasse_manegg_zuerich_md || q_maison_dna_asse_md || q_maison_vignette_auderghem_md
relationship,CITED_FROM_DOSSIER,entity_kind,6104,6104,100.0,0,str:6104,,0,6,review_domain_property,P3,domain-specific edge value,bauteil || kennwert || entity_value || thema
relationship,CITED_FROM_DOSSIER,entity_type,6104,6104,100.0,0,str:6104,,0,48,review_domain_property,P3,domain-specific edge value,bauteil || kennwert || Bauteil || People
relationship,CITED_FROM_DOSSIER,entity_value,6104,6104,100.0,0,str:6104,,0,1001,review_domain_property,P3,domain-specific edge value,Außenwand-/Receiving-wall-Elemente || Tragstruktur || Sortierkategorien || Objektkredit
relationship,CITED_FROM_DOSSIER,id,6104,6104,100.0,0,str:6104,,0,1001,keep_minimum,P0,relationship identity handle required by current constraints,r_qext_v6_1_016d9b4e2342b583c6819b14 || r_qext_v6_1_266ef79cc186fe9c19effafb || r_qext_v6_1_b207da48c54a75f83331885c || r_qext_v6_1_08f828b66014bcbd8e4b267a
relationship,CITED_FROM_DOSSIER,imported_at_utc,6104,6104,100.0,0,str:6104,,0,272,review_domain_property,P3,domain-specific edge value,2026-05-22T15:56:47.388208+00:00 || 2026-05-22T15:56:47.389714+00:00 || 2026-05-22T15:56:47.394721+00:00 || 2026-05-22T15:56:47.409961+00:00
relationship,CITED_FROM_DOSSIER,locator,6104,6104,100.0,0,str:6104,,0,1001,review_domain_property,P3,domain-specific edge value,sec:5.BAUTEIL-INVENTAR/row:5/col:bauteil:Außenwand-/Receiving-wall-Elemente || sec:5.BAUTEIL-INVENTAR/row:8/col:bauteil:Tragstruktur || sec:8.KENNWERTE/row:13/col:kennwert:Sortierkategorien || sec:8.KENNWERTE/row:1/col:kennwert:Objektkredit
relationship,CITED_FROM_DOSSIER,merge_policy,6104,6104,100.0,0,str:6104,,0,1,review_domain_property,P3,domain-specific edge value,raw_target_no_name_similarity_merge
relationship,CITED_FROM_DOSSIER,provenance_kind,6104,6104,100.0,0,str:6104,,0,1,review_domain_property,P3,domain-specific edge value,dossier_row + external_url
relationship,CITED_FROM_DOSSIER,review_status,6104,6104,100.0,0,str:6104,,0,3,review_keep_or_provenance,P1,may be real edge evidence/status; keep only if queried,unresolved_no_exact_match || exact_unique_candidate || exact_ambiguous_candidates
relationship,CITED_FROM_DOSSIER,row_idx,6104,6104,100.0,0,int:6104,,0,35,review_domain_property,P3,domain-specific edge value,5 || 8 || 13 || 1
relationship,CITED_FROM_DOSSIER,section,6104,6104,100.0,0,str:6104,,0,6,review_domain_property,P3,domain-specific edge value,"5. BAUTEIL-INVENTAR || 8. KENNWERTE || 2. ENTITÄTEN-MAPPING || 7. TECHNIK, LEISTUNG, NORMEN"
relationship,CITED_FROM_DOSSIER,source_role,6104,6104,100.0,0,str:6104,,0,1,review_keep_or_source_edge,P1,"edge provenance can be valid, but normalize to source_type/source_detail or BELEGT_IN",lineage_only
relationship,CITED_FROM_DOSSIER,source_status_correction,6104,6104,100.0,0,str:6104,,0,1,review_keep_or_source_edge,P1,"edge provenance can be valid, but normalize to source_type/source_detail or BELEGT_IN",mig_source_status_correction_2026_05_28
relationship,CITED_FROM_DOSSIER,source_status_correction_previous,6104,6104,100.0,0,str:6104,,0,1,review_keep_or_source_edge,P1,"edge provenance can be valid, but normalize to source_type/source_detail or BELEGT_IN",exact
relationship,CITED_FROM_DOSSIER,source_status_correction_reason,6104,6104,100.0,0,str:6104,,0,1,review_keep_or_source_edge,P1,"edge provenance can be valid, but normalize to source_type/source_detail or BELEGT_IN",lineage_url_context_not_fact_proof
relationship,CITED_FROM_DOSSIER,source_url,6104,6104,100.0,0,str:6104,,0,384,review_keep_or_source_edge,P1,"edge provenance can be valid, but normalize to source_type/source_detail or BELEGT_IN",https://www.stirworld.com/see-features-700-donated-windows-and-salvaged-waste-form-the-kamikatsu-zero-waste-center || https://www.archdaily.com/1006535/kamikatsu-zero-waste-center-hiroshi-nakamura-and-nap || https://why-kamikatsu.jp/en/pages/why || https://www.stadt-zuerich.ch/de/aktuell/publikationen/2025/baudokumentation-kindergarten-moeoeslistrasse.html
relationship,CITED_FROM_DOSSIER,source_url_http_code,6104,3370,55.21,2734,int:3370,,0,3,review_keep_or_source_edge,P1,"edge provenance can be valid, but normalize to source_type/source_detail or BELEGT_IN",200 || 403 || 404
relationship,CITED_FROM_DOSSIER,source_url_status,6104,3457,56.63,2647,str:3457,,0,5,review_keep_or_source_edge,P1,"edge provenance can be valid, but normalize to source_type/source_detail or BELEGT_IN",blocked_by_robots || reachable_2xx || dead_4xx || dns_failure
relationship,CITED_FROM_DOSSIER,source_url_title,6104,6104,100.0,0,str:6104,,0,388,review_keep_or_source_edge,P1,"edge provenance can be valid, but normalize to source_type/source_detail or BELEGT_IN","Q4 – STIRworld, „700 donated windows and salvaged waste form the Kamikatsu Zero Waste Center“ || Q3 – ArchDaily, „Kamikatsu Zero Waste Center / Hiroshi Nakamura & NAP“ || Q1 – Offizielle WHY-Seite, „Why Zero Waste in Kamikatsu Town?“ || Stadt Zürich — Baudokumentation 2025"
relationship,CITED_FROM_DOSSIER,source_url_wayback_snapshot,6104,361,5.91,5743,str:361,,0,20,review_keep_or_source_edge,P1,"edge provenance can be valid, but normalize to source_type/source_detail or BELEGT_IN",http://web.archive.org/web/20220818121640/https://www.sciencedirect.com/science/article/pii/S2352012422005720 || http://web.archive.org/web/20251010120053/https://www.detail.de/de_de/bauteilernte-aus-der-region-recyclinghaus-in-hannover || http://web.archive.org/web/20251205114440/https://www.bazed.fr/projet-exemplaire/bedzed-2 || http://web.archive.org/web/20240224223007/https://www.construction21.org/france/case-studies/h/resilience-la-ferme-des-possibles.html
relationship,CITED_FROM_DOSSIER,unfolding_kind,6104,6104,100.0,0,str:6104,,0,1,review_domain_property,P3,domain-specific edge value,dossier_row
relationship,CONCERNS,id,48321,43431,89.88,4890,str:43431,,0,1001,keep_minimum,P0,relationship identity handle required by current constraints,r_di_trace_zq_non_url__5:5f542910-8dcf-46a9-a77c-dfff0c64ee65:1153029256746370294__CONCERNS__q_batch_1_md || r_di_trace_zq_non_url__5:5f542910-8dcf-46a9-a77c-dfff0c64ee65:1155281056560055542__CONCERNS__q_batch_1_md || r_di_trace_zq_non_url__5:5f542910-8dcf-46a9-a77c-dfff0c64ee65:1157532856373740790__CONCERNS__q_batch_1_md || r_di_source_url_review__5:5f542910-8dcf-46a9-a77c-dfff0c64ee65:1152984176769630215__CONCERNS__p_55_great_suffolk_street_london
relationship,CONCERNS,invalid_source_url,48321,64,0.13,48257,str:64,,0,32,review_keep_or_source_edge,P1,"edge provenance can be valid, but normalize to source_type/source_detail or BELEGT_IN",https://alb || https://arc || https://b || https://bimtec
relationship,CONCERNS,invalid_source_url_node_id,48321,64,0.13,48257,str:64,,0,64,review_keep_or_source_edge,P1,"edge provenance can be valid, but normalize to source_type/source_detail or BELEGT_IN",q_url_8e188f573e34bcd3 || q_url_538f8dc90a276d37 || q_url_9f1df4ce5a3b97e4 || q_url_0f4991814dddb42b
relationship,CONCERNS,review_status,48321,64,0.13,48257,str:64,,0,1,review_keep_or_provenance,P1,may be real edge evidence/status; keep only if queried,needs_source_url_review
relationship,CONCERNS,source_resolution_status,48321,3520,7.28,44801,str:3520,,0,2,review_keep_or_source_edge,P1,"edge provenance can be valid, but normalize to source_type/source_detail or BELEGT_IN",direct_url_endpoint || needs_source_url_review
relationship,CONCERNS,source_role,48321,3520,7.28,44801,str:3520,,0,1,review_keep_or_source_edge,P1,"edge provenance can be valid, but normalize to source_type/source_detail or BELEGT_IN",audit_only
relationship,CONCERNS,source_scope,48321,43431,89.88,4890,str:43431,,0,1,review_keep_or_source_edge,P1,"edge provenance can be valid, but normalize to source_type/source_detail or BELEGT_IN",source_trace_review
relationship,CONCERNS,source_status_correction,48321,3520,7.28,44801,str:3520,,0,1,review_keep_or_source_edge,P1,"edge provenance can be valid, but normalize to source_type/source_detail or BELEGT_IN",mig_source_status_correction_2026_05_28
relationship,CONCERNS,source_status_correction_previous,48321,3520,7.28,44801,str:3520,,0,2,review_keep_or_source_edge,P1,"edge provenance can be valid, but normalize to source_type/source_detail or BELEGT_IN",exact || missing
relationship,CONCERNS,source_status_correction_reason,48321,3520,7.28,44801,str:3520,,0,1,review_keep_or_source_edge,P1,"edge provenance can be valid, but normalize to source_type/source_detail or BELEGT_IN",audit_url_context_not_fact_proof
relationship,CONCERNS,source_url,48321,3456,7.15,44865,str:3456,,0,820,review_keep_or_source_edge,P1,"edge provenance can be valid, but normalize to source_type/source_detail or BELEGT_IN",https://51n4e.com/projects/recypar || https://asbp.org.uk/di || https://attend.g || https://berlin.impacthub.net/celebrating-one-year-of-crcl
relationship,CONCERNS,source_url_http_code,48321,3189,6.6,45132,int:3189,,0,6,review_keep_or_source_edge,P1,"edge provenance can be valid, but normalize to source_type/source_detail or BELEGT_IN",404 || 403 || 503 || 525
relationship,CONCERNS,source_url_node_id,48321,3456,7.15,44865,str:3456,,0,1001,review_keep_or_source_edge,P1,"edge provenance can be valid, but normalize to source_type/source_detail or BELEGT_IN",q_url_52aa8bf0b421f518 || q_url_342751ec66324b55 || q_url_faf2dcfdf4c27b57 || q_url_f02398cc5659a73c
relationship,CONCERNS,source_url_status,48321,3456,7.15,44865,str:3456,,0,7,review_keep_or_source_edge,P1,"edge provenance can be valid, but normalize to source_type/source_detail or BELEGT_IN",dead_4xx || dns_failure || blocked_by_robots || timeout
relationship,CONCERNS,source_url_wayback_snapshot,48321,201,0.42,48120,str:201,,0,86,review_keep_or_source_edge,P1,"edge provenance can be valid, but normalize to source_type/source_detail or BELEGT_IN",http://web.archive.org/web/20251107214002/https://bouldercolorado.gov/deconstruction-requirements-guide || http://web.archive.org/web/20250323033955/https://bouldercolorado.gov/locations/fire-station-3-fire-administration || http://web.archive.org/web/20251205025346/https://bouldercolorado.gov/projects/new-fire-station-3 || http://web.archive.org/web/20260213203043/https://bouldercolorado.gov/services/sustainable-deconstruction-requirements
relationship,CONCERNS,strict_invalid_url_cleanup,48321,64,0.13,48257,str:64,,0,1,review_keep_or_source_edge,P1,"edge provenance can be valid, but normalize to source_type/source_detail or BELEGT_IN",mig_strict_invalid_url_cleanup_2026_05_23
relationship,ERHALT_FOERDERUNG_DURCH,derivation_note,3,3,100.0,0,str:3,,0,1,review_domain_property,P3,domain-specific edge value,| r1: derived=>topology_synthesized (catch-all: basis=legacy_migration)
relationship,ERHALT_FOERDERUNG_DURCH,evidence_basis,3,3,100.0,0,str:3,,0,1,review_keep_or_source_edge,P1,"edge provenance can be valid, but normalize to source_type/source_detail or BELEGT_IN",legacy_migration
relationship,ERHALT_FOERDERUNG_DURCH,evidence_confidence,3,3,100.0,0,str:3,,0,1,review_keep_or_source_edge,P1,"edge provenance can be valid, but normalize to source_type/source_detail or BELEGT_IN",unklar
relationship,ERHALT_FOERDERUNG_DURCH,evidence_excerpt,3,2,66.67,1,str:2,,0,1,review_keep_or_source_edge,P1,"edge provenance can be valid, but normalize to source_type/source_detail or BELEGT_IN",BELEGT
relationship,ERHALT_FOERDERUNG_DURCH,evidence_origin,3,3,100.0,0,str:3,,0,1,review_keep_or_source_edge,P1,"edge provenance can be valid, but normalize to source_type/source_detail or BELEGT_IN",topology_synthesized
relationship,ERHALT_FOERDERUNG_DURCH,evidence_source_id,3,3,100.0,0,str:3,,0,3,review_keep_or_source_edge,P1,"edge provenance can be valid, but normalize to source_type/source_detail or BELEGT_IN",ReCreate Finnish mini-pilot under Horizon 2020 (€12.5m); see prog_recreate as the specific research project || SUPERLOCAL pilot funded by UIA per UIA journal Kerkrade SuperCircular Estate report || batch2_v2_import_2026-05-20
relationship,ERHALT_FOERDERUNG_DURCH,id,3,3,100.0,0,str:3,,0,3,keep_minimum,P0,relationship identity handle required by current constraints,r_p_harmalanranta_a_kruunu_recreate_mini_pilot_tampere__ERHALT_FOERDERUNG_DURCH__prog_horizon_2020 || r_p_superlocal_expogebouw_bleijerheide__ERHALT_FOERDERUNG_DURCH__prog_urban_innovative_actions || r_p_jugendtreff_ingersheim__ERHALT_FOERDERUNG_DURCH__prog_holzbau_offensive_bw
relationship,ERHALT_FOERDERUNG_DURCH,review_status,3,3,100.0,0,str:3,,0,1,review_keep_or_provenance,P1,may be real edge evidence/status; keep only if queried,needs_source_url_review
relationship,ERHALT_FOERDERUNG_DURCH,source_resolution_status,3,3,100.0,0,str:3,,0,1,review_keep_or_source_edge,P1,"edge provenance can be valid, but normalize to source_type/source_detail or BELEGT_IN",needs_source_url_review
relationship,ERHALT_FOERDERUNG_DURCH,source_status,3,3,100.0,0,str:3,,0,1,review_keep_or_source_edge,P1,"edge provenance can be valid, but normalize to source_type/source_detail or BELEGT_IN",missing
relationship,ERHALT_FOERDERUNG_DURCH,source_status_migration,3,3,100.0,0,str:3,,0,1,review_keep_or_source_edge,P1,"edge provenance can be valid, but normalize to source_type/source_detail or BELEGT_IN",mig_source_status_normalization_2026_05_28
relationship,ERHALT_FOERDERUNG_DURCH,source_status_reason,3,3,100.0,0,str:3,,0,1,review_keep_or_source_edge,P1,"edge provenance can be valid, but normalize to source_type/source_detail or BELEGT_IN",no_exact_url_binding_needs_review
relationship,EXACT_MATCH_CANDIDATE,id,305,305,100.0,0,str:305,,0,305,keep_minimum,P0,relationship identity handle required by current constraints,r_qext_v6_1_exact__det_1578e57f589a6ea51957efe1__norm_en_1090 || r_qext_v6_1_exact__det_f069db568a210c60bb859048__ak_drewes_speth || r_qext_v6_1_exact__det_c688c11319a9b2cb6362e472__la_brandschutz || r_qext_v6_1_exact__det_9e96b4cc08cbcd2e11501bad__bg_reuse_mehrere_decke_plattenvereinigung_deckenelemente
relationship,EXACT_MATCH_CANDIDATE,match_basis,305,305,100.0,0,str:305,,0,1,review_domain_property,P3,domain-specific edge value,normalized_exact_entity_value
relationship,EXACT_MATCH_CANDIDATE,merge_policy,305,305,100.0,0,str:305,,0,1,review_domain_property,P3,domain-specific edge value,candidate_only_no_auto_merge
relationship,EXACT_MATCH_CANDIDATE,review_status,305,305,100.0,0,str:305,,0,1,review_keep_or_provenance,P1,may be real edge evidence/status; keep only if queried,candidate_exact_unique
relationship,EXACT_MATCH_CANDIDATE,unfolding_kind,305,305,100.0,0,str:305,,0,1,review_domain_property,P3,domain-specific edge value,dossier_row
relationship,FROM_DONOR,derivation_note,284,284,100.0,0,str:284,,0,1,review_domain_property,P3,domain-specific edge value,| r1: derived=>topology_synthesized (catch-all: basis=controlled_vocab)
relationship,FROM_DONOR,evidence_basis,284,284,100.0,0,str:284,,0,1,review_keep_or_source_edge,P1,"edge provenance can be valid, but normalize to source_type/source_detail or BELEGT_IN",controlled_vocab
relationship,FROM_DONOR,evidence_confidence,284,284,100.0,0,str:284,,0,1,review_keep_or_source_edge,P1,"edge provenance can be valid, but normalize to source_type/source_detail or BELEGT_IN",unklar
relationship,FROM_DONOR,evidence_excerpt,284,4,1.41,280,str:4,,0,1,review_keep_or_source_edge,P1,"edge provenance can be valid, but normalize to source_type/source_detail or BELEGT_IN",BELEGT
relationship,FROM_DONOR,evidence_origin,284,284,100.0,0,str:284,,0,1,review_keep_or_source_edge,P1,"edge provenance can be valid, but normalize to source_type/source_detail or BELEGT_IN",topology_synthesized
relationship,FROM_DONOR,evidence_source_id,284,284,100.0,0,str:284,,0,4,review_keep_or_source_edge,P1,"edge provenance can be valid, but normalize to source_type/source_detail or BELEGT_IN",archive:Verbiest_Karreveld_Brussels.md (replicated from pre-split BG) || mig_4_1 || batch2_v2_import_2026-05-20 || batch2_v2_followup_2026-05-20
relationship,FROM_DONOR,id,284,284,100.0,0,str:284,,0,284,keep_minimum,P0,relationship identity handle required by current constraints,r_bg_reuse_stahl_gelaender_verbiest_charleroi__AUS_BAUWERK__bw_palais_des_expositions_charleroi || r_bg_reuse_keramik_boden_verbiest_charleroi__AUS_BAUWERK__bw_palais_des_expositions_charleroi || r_bg_reuse_naturstein_wand_verbiest_charleroi__AUS_BAUWERK__bw_palais_des_expositions_charleroi || r_bg_reuse_stahl_mehrere_55gss_external_core__AUS_BAUWERK__bw_1_broadgate_london
relationship,FROM_DONOR,review_status,284,284,100.0,0,str:284,,0,1,review_keep_or_provenance,P1,may be real edge evidence/status; keep only if queried,needs_source_url_review
relationship,FROM_DONOR,source_resolution_status,284,284,100.0,0,str:284,,0,1,review_keep_or_source_edge,P1,"edge provenance can be valid, but normalize to source_type/source_detail or BELEGT_IN",needs_source_url_review
relationship,FROM_DONOR,source_status,284,284,100.0,0,str:284,,0,1,review_keep_or_source_edge,P1,"edge provenance can be valid, but normalize to source_type/source_detail or BELEGT_IN",missing
relationship,FROM_DONOR,source_status_migration,284,284,100.0,0,str:284,,0,1,review_keep_or_source_edge,P1,"edge provenance can be valid, but normalize to source_type/source_detail or BELEGT_IN",mig_source_status_normalization_2026_05_28
relationship,FROM_DONOR,source_status_reason,284,284,100.0,0,str:284,,0,1,review_keep_or_source_edge,P1,"edge provenance can be valid, but normalize to source_type/source_detail or BELEGT_IN",no_exact_url_binding_needs_review
relationship,GEHÖRT_ZU,derivation_note,250,249,99.6,1,str:249,,0,2,review_domain_property,P3,domain-specific edge value,| r1: derived=>topology_synthesized (catch-all: basis=legacy_migration) || | r1: derived=>topology_synthesized (catch-all: basis=controlled_vocab)
relationship,GEHÖRT_ZU,evidence_basis,250,250,100.0,0,str:250,,0,3,review_keep_or_source_edge,P1,"edge provenance can be valid, but normalize to source_type/source_detail or BELEGT_IN",legacy_migration || controlled_vocab || land_region_section
relationship,GEHÖRT_ZU,evidence_confidence,250,249,99.6,1,str:249,,0,1,review_keep_or_source_edge,P1,"edge provenance can be valid, but normalize to source_type/source_detail or BELEGT_IN",unklar
relationship,GEHÖRT_ZU,evidence_excerpt,250,40,16.0,210,str:40,,0,1,review_keep_or_source_edge,P1,"edge provenance can be valid, but normalize to source_type/source_detail or BELEGT_IN",BELEGT
relationship,GEHÖRT_ZU,evidence_origin,250,249,99.6,1,str:249,,0,1,review_keep_or_source_edge,P1,"edge provenance can be valid, but normalize to source_type/source_detail or BELEGT_IN",topology_synthesized
relationship,GEHÖRT_ZU,evidence_source_id,250,250,100.0,0,str:250,,0,3,review_keep_or_source_edge,P1,"edge provenance can be valid, but normalize to source_type/source_detail or BELEGT_IN",batch2_v2_followup_2026-05-20 || mig_4_1 || q_url_74e67b64770f2741ee9cce15ef3ac2ad
relationship,GEHÖRT_ZU,id,250,250,100.0,0,str:250,,0,250,keep_minimum,P0,relationship identity handle required by current constraints,r_mario_monotti__GEHÖRT_ZU__monotti_ingegneri || r_roger_keller__GEHÖRT_ZU__usus_la || r_ana_olalquiaga__GEHÖRT_ZU__parabase || r_stefan_perez__GEHÖRT_ZU__perez_schmidlin_bauingenieure
relationship,GEHÖRT_ZU,review_run,250,1,0.4,249,str:1,,0,1,review_sparse,P2,sparse relationship property,2026-05-28_bauteilboersen_integration
relationship,GEHÖRT_ZU,review_status,250,250,100.0,0,str:250,,0,2,review_keep_or_provenance,P1,may be real edge evidence/status; keep only if queried,needs_source_url_review || reviewed_legacy_profile_needs_url_fact_check
relationship,GEHÖRT_ZU,rolle,250,209,83.6,41,str:209,,0,1,review_domain_property,P3,domain-specific edge value,land
relationship,GEHÖRT_ZU,source_resolution_status,250,249,99.6,1,str:249,,0,1,review_keep_or_source_edge,P1,"edge provenance can be valid, but normalize to source_type/source_detail or BELEGT_IN",needs_source_url_review
relationship,GEHÖRT_ZU,source_scope,250,210,84.0,40,str:210,,0,3,review_keep_or_source_edge,P1,"edge provenance can be valid, but normalize to source_type/source_detail or BELEGT_IN",actor_registry_context || bauteilboerse_legacy_review || actor_registry
relationship,GEHÖRT_ZU,source_status,250,249,99.6,1,str:249,,0,1,review_keep_or_source_edge,P1,"edge provenance can be valid, but normalize to source_type/source_detail or BELEGT_IN",missing
relationship,GEHÖRT_ZU,source_status_migration,250,249,99.6,1,str:249,,0,1,review_keep_or_source_edge,P1,"edge provenance can be valid, but normalize to source_type/source_detail or BELEGT_IN",mig_source_status_normalization_2026_05_28
relationship,GEHÖRT_ZU,source_status_reason,250,249,99.6,1,str:249,,0,1,review_keep_or_source_edge,P1,"edge provenance can be valid, but normalize to source_type/source_detail or BELEGT_IN",no_exact_url_binding_needs_review
relationship,GILT_IN_LAND,derivation_note,172,170,98.84,2,str:170,,0,7,review_domain_property,P3,domain-specific edge value,| r1: derived=>topology_synthesized (catch-all: basis=legacy_migration) || Created during CE/UKCA scope split 2026-05-31. || | r1: derived=>topology_synthesized (catch-all: basis=legacy_migration) | expanded from land_eu supranational scope 2026-05-31 || | expanded from land_eu supranational scope 2026-05-31
relationship,GILT_IN_LAND,evidence_basis,172,172,100.0,0,str:172,,0,3,review_keep_or_source_edge,P1,"edge provenance can be valid, but normalize to source_type/source_detail or BELEGT_IN",legacy_migration || cell_citation || official_web_audit
relationship,GILT_IN_LAND,evidence_cleanup_run,172,2,1.16,170,str:2,,0,1,review_keep_or_source_edge,P1,"edge provenance can be valid, but normalize to source_type/source_detail or BELEGT_IN",2026-05-28_belegt_confidence_conflict_cleanup
relationship,GILT_IN_LAND,evidence_confidence,172,172,100.0,0,str:172,,0,2,review_keep_or_source_edge,P1,"edge provenance can be valid, but normalize to source_type/source_detail or BELEGT_IN",unklar || belegt
relationship,GILT_IN_LAND,evidence_confidence_status,172,2,1.16,170,str:2,,0,1,review_keep_or_source_edge,P1,"edge provenance can be valid, but normalize to source_type/source_detail or BELEGT_IN",downgraded_pending_exact_source_url_review
relationship,GILT_IN_LAND,evidence_excerpt,172,148,86.05,24,str:148,,0,2,review_keep_or_source_edge,P1,"edge provenance can be valid, but normalize to source_type/source_detail or BELEGT_IN",BELEGT || INFER
relationship,GILT_IN_LAND,evidence_note,172,2,1.16,170,str:2,,0,1,review_keep_or_source_edge,P1,"edge provenance can be valid, but normalize to source_type/source_detail or BELEGT_IN",Former evidence_confidence=belegt was downgraded because source_status is not exact and the relationship still needs source URL / exact-claim review.
relationship,GILT_IN_LAND,evidence_origin,172,172,100.0,0,str:172,,0,2,review_keep_or_source_edge,P1,"edge provenance can be valid, but normalize to source_type/source_detail or BELEGT_IN",topology_synthesized || source_curated
relationship,GILT_IN_LAND,evidence_quality,172,2,1.16,170,str:2,,0,1,review_keep_or_source_edge,P1,"edge provenance can be valid, but normalize to source_type/source_detail or BELEGT_IN",source_binding_not_exact
relationship,GILT_IN_LAND,evidence_source_id,172,172,100.0,0,str:172,,0,23,review_keep_or_source_edge,P1,"edge provenance can be valid, but normalize to source_type/source_detail or BELEGT_IN",UK historical steel sections reference book || Dutch national standard || German national standard || DGNB primär in Deutschland
relationship,GILT_IN_LAND,id,172,170,98.84,2,str:170,,0,170,keep_minimum,P0,relationship identity handle required by current constraints,r_norm_historic_sections_book__GILT_IN_LAND__land_vereinigtes_koenigreich || r_norm_nen_8700__GILT_IN_LAND__land_niederlande || r_norm_din_4074__GILT_IN_LAND__land_deutschland || r_norm_din_68800__GILT_IN_LAND__land_deutschland
relationship,GILT_IN_LAND,previous_evidence_confidence,172,2,1.16,170,str:2,,0,1,review_keep_or_source_edge,P1,"edge provenance can be valid, but normalize to source_type/source_detail or BELEGT_IN",belegt
relationship,GILT_IN_LAND,review_status,172,172,100.0,0,str:172,,0,2,review_keep_or_provenance,P1,may be real edge evidence/status; keep only if queried,needs_source_url_review || reviewed
relationship,GILT_IN_LAND,source_resolution_status,172,172,100.0,0,str:172,,0,2,review_keep_or_source_edge,P1,"edge provenance can be valid, but normalize to source_type/source_detail or BELEGT_IN",needs_source_url_review || reviewed
relationship,GILT_IN_LAND,source_status,172,160,93.02,12,str:160,,0,1,review_keep_or_source_edge,P1,"edge provenance can be valid, but normalize to source_type/source_detail or BELEGT_IN",missing
relationship,GILT_IN_LAND,source_status_migration,172,160,93.02,12,str:160,,0,1,review_keep_or_source_edge,P1,"edge provenance can be valid, but normalize to source_type/source_detail or BELEGT_IN",mig_source_status_normalization_2026_05_28
relationship,GILT_IN_LAND,source_status_reason,172,160,93.02,12,str:160,,0,1,review_keep_or_source_edge,P1,"edge provenance can be valid, but normalize to source_type/source_detail or BELEGT_IN",no_exact_url_binding_needs_review
relationship,HAS_BAUWERK,derivation_note,183,183,100.0,0,str:183,,0,2,review_domain_property,P3,domain-specific edge value,Aggregated from (p)-[:HAT_BAUTEILGRUPPE]->(bg)-[:FROM_DONOR]->(b). || Aggregated from (p)-[:HAT_BAUTEILGRUPPE]->(bg)-[:INTO_RECEIVER]->(b).
relationship,HAS_BAUWERK,evidence_basis,183,183,100.0,0,str:183,,0,1,review_keep_or_source_edge,P1,"edge provenance can be valid, but normalize to source_type/source_detail or BELEGT_IN",derived_from_bg_topology
relationship,HAS_BAUWERK,evidence_confidence,183,183,100.0,0,str:183,,0,1,review_keep_or_source_edge,P1,"edge provenance can be valid, but normalize to source_type/source_detail or BELEGT_IN",teilweise_belegt
relationship,HAS_BAUWERK,evidence_origin,183,183,100.0,0,str:183,,0,1,review_keep_or_source_edge,P1,"edge provenance can be valid, but normalize to source_type/source_detail or BELEGT_IN",topology_synthesized
relationship,HAS_BAUWERK,evidence_source_id,183,183,100.0,0,str:183,,0,1,review_keep_or_source_edge,P1,"edge provenance can be valid, but normalize to source_type/source_detail or BELEGT_IN",r3_a_topology
relationship,HAS_BAUWERK,review_status,183,183,100.0,0,str:183,,0,1,review_keep_or_provenance,P1,may be real edge evidence/status; keep only if queried,needs_source_url_review
relationship,HAS_BAUWERK,role,183,183,100.0,0,str:183,,0,2,review_domain_property,P3,domain-specific edge value,donor || receiver
relationship,HAS_BAUWERK,source_resolution_status,183,183,100.0,0,str:183,,0,1,review_keep_or_source_edge,P1,"edge provenance can be valid, but normalize to source_type/source_detail or BELEGT_IN",needs_source_url_review
relationship,HAS_BAUWERK,source_status,183,183,100.0,0,str:183,,0,1,review_keep_or_source_edge,P1,"edge provenance can be valid, but normalize to source_type/source_detail or BELEGT_IN",missing
relationship,HAS_BAUWERK,source_status_migration,183,183,100.0,0,str:183,,0,1,review_keep_or_source_edge,P1,"edge provenance can be valid, but normalize to source_type/source_detail or BELEGT_IN",mig_source_status_normalization_2026_05_28
relationship,HAS_BAUWERK,source_status_reason,183,183,100.0,0,str:183,,0,1,review_keep_or_source_edge,P1,"edge provenance can be valid, but normalize to source_type/source_detail or BELEGT_IN",no_exact_url_binding_needs_review
relationship,HAS_RISK_POLLUTANT,derivation_note,795,10,1.26,785,str:10,,0,2,review_sparse,P2,sparse relationship property,| r1: curated→source_curated (default reclassification) || | r1: derived=>topology_synthesized (catch-all: basis=documented)
relationship,HAS_RISK_POLLUTANT,evidence_basis,795,795,100.0,0,str:795,,0,3,review_keep_or_source_edge,P1,"edge provenance can be valid, but normalize to source_type/source_detail or BELEGT_IN",documented || material_only || era_and_material
relationship,HAS_RISK_POLLUTANT,evidence_cleanup_run,795,4,0.5,791,str:4,,0,1,review_keep_or_source_edge,P1,"edge provenance can be valid, but normalize to source_type/source_detail or BELEGT_IN",2026-05-28_belegt_confidence_conflict_cleanup
relationship,HAS_RISK_POLLUTANT,evidence_confidence,795,795,100.0,0,str:795,,0,2,review_keep_or_source_edge,P1,"edge provenance can be valid, but normalize to source_type/source_detail or BELEGT_IN",unklar || inferiert
relationship,HAS_RISK_POLLUTANT,evidence_confidence_status,795,4,0.5,791,str:4,,0,1,review_keep_or_source_edge,P1,"edge provenance can be valid, but normalize to source_type/source_detail or BELEGT_IN",downgraded_pending_exact_source_url_review
relationship,HAS_RISK_POLLUTANT,evidence_excerpt,795,9,1.13,786,str:9,,0,2,review_keep_or_source_edge,P1,"edge provenance can be valid, but normalize to source_type/source_detail or BELEGT_IN","| `s_formaldehyd` | Formaldehyde | MDF, particleboard, chipboard, OSB/plywood, laminated wood-based panels, furniture, cabinetry, some acoustic boards, some mineral-wool binders, textiles/composite panels | Not only age… || BELEGT"
relationship,HAS_RISK_POLLUTANT,evidence_note,795,4,0.5,791,str:4,,0,1,review_keep_or_source_edge,P1,"edge provenance can be valid, but normalize to source_type/source_detail or BELEGT_IN",Former evidence_confidence=belegt was downgraded because source_status is not exact and the relationship still needs source URL / exact-claim review.
relationship,HAS_RISK_POLLUTANT,evidence_origin,795,795,100.0,0,str:795,,0,3,review_keep_or_source_edge,P1,"edge provenance can be valid, but normalize to source_type/source_detail or BELEGT_IN",source_curated || inferred || topology_synthesized
relationship,HAS_RISK_POLLUTANT,evidence_quality,795,4,0.5,791,str:4,,0,1,review_keep_or_source_edge,P1,"edge provenance can be valid, but normalize to source_type/source_detail or BELEGT_IN",source_binding_not_exact
relationship,HAS_RISK_POLLUTANT,evidence_source_id,795,795,100.0,0,str:795,,0,3,review_keep_or_source_edge,P1,"edge provenance can be valid, but normalize to source_type/source_detail or BELEGT_IN",q_schadstoff_reuse_knowledge_graph_research_md || mig_4_1 || batch2_v2_followup_2026-05-20
relationship,HAS_RISK_POLLUTANT,id,795,795,100.0,0,str:795,,0,795,keep_minimum,P0,relationship identity handle required by current constraints,r_p_bedzed_london_hackbridge__HAS_RISK_POLLUTANT__s_formaldehyd__documented || r_bg_reuse_stahl_gelaender_verbiest_charleroi__HAS_RISK_POLLUTANT__s_schwermetalle__material_only || r_bg_reuse_keramik_boden_verbiest_charleroi__HAS_RISK_POLLUTANT__s_schwermetalle__material_only || r_bg_reuse_stahl_mehrere_55gss_external_core__HAS_RISK_POLLUTANT__s_schwermetalle__material_only
relationship,HAS_RISK_POLLUTANT,previous_evidence_confidence,795,4,0.5,791,str:4,,0,1,review_keep_or_source_edge,P1,"edge provenance can be valid, but normalize to source_type/source_detail or BELEGT_IN",belegt
relationship,HAS_RISK_POLLUTANT,review_status,795,795,100.0,0,str:795,,0,1,review_keep_or_provenance,P1,may be real edge evidence/status; keep only if queried,needs_source_url_review
relationship,HAS_RISK_POLLUTANT,source_resolution_status,795,795,100.0,0,str:795,,0,1,review_keep_or_source_edge,P1,"edge provenance can be valid, but normalize to source_type/source_detail or BELEGT_IN",needs_source_url_review
relationship,HAS_RISK_POLLUTANT,source_scope,795,4,0.5,791,str:4,,0,1,review_keep_or_source_edge,P1,"edge provenance can be valid, but normalize to source_type/source_detail or BELEGT_IN",research_file_row
relationship,HAS_RISK_POLLUTANT,source_status,795,795,100.0,0,str:795,,0,1,review_keep_or_source_edge,P1,"edge provenance can be valid, but normalize to source_type/source_detail or BELEGT_IN",missing
relationship,HAS_RISK_POLLUTANT,source_status_migration,795,795,100.0,0,str:795,,0,1,review_keep_or_source_edge,P1,"edge provenance can be valid, but normalize to source_type/source_detail or BELEGT_IN",mig_source_status_normalization_2026_05_28
relationship,HAS_RISK_POLLUTANT,source_status_reason,795,795,100.0,0,str:795,,0,1,review_keep_or_source_edge,P1,"edge provenance can be valid, but normalize to source_type/source_detail or BELEGT_IN",no_exact_url_binding_needs_review
relationship,HAS_RISK_POLLUTANT,verification_attempts,795,4,0.5,791,int:4,,0,1,review_sparse,P2,sparse relationship property,1
relationship,HAS_RISK_POLLUTANT,verification_method,795,4,0.5,791,str:4,,0,1,review_sparse,P2,sparse relationship property,skipped
relationship,HAS_RISK_POLLUTANT,verification_notes,795,4,0.5,791,str:4,,0,1,review_sparse,P2,sparse relationship property,No ExternalLink reachable from this citation
relationship,HAS_RISK_POLLUTANT,verification_score,795,4,0.5,791,float:4,,0,1,review_sparse,P2,sparse relationship property,0.0
relationship,HAS_RISK_POLLUTANT,verification_status,795,4,0.5,791,str:4,,0,1,review_sparse,P2,sparse relationship property,no_url_node
relationship,HAS_SOURCE_LINK,evidence_basis,20,20,100.0,0,str:20,,0,1,review_keep_or_source_edge,P1,"edge provenance can be valid, but normalize to source_type/source_detail or BELEGT_IN",node_property_extraction
relationship,HAS_SOURCE_LINK,evidence_confidence,20,20,100.0,0,str:20,,0,1,review_keep_or_source_edge,P1,"edge provenance can be valid, but normalize to source_type/source_detail or BELEGT_IN",belegt
relationship,HAS_SOURCE_LINK,evidence_origin,20,20,100.0,0,str:20,,0,1,review_keep_or_source_edge,P1,"edge provenance can be valid, but normalize to source_type/source_detail or BELEGT_IN",source_curated
relationship,HAS_SOURCE_LINK,evidence_source_id,20,20,100.0,0,str:20,,0,20,review_keep_or_source_edge,P1,"edge provenance can be valid, but normalize to source_type/source_detail or BELEGT_IN",rr_gb_stahl || rr_be_stahl || rr_de_stahl || rr_nl_stahl
relationship,HAS_SOURCE_LINK,property_name,20,20,100.0,0,str:20,,0,1,review_domain_property,P3,domain-specific edge value,source_url
relationship,HAS_SOURCE_LINK,source_resolution_status,20,20,100.0,0,str:20,,0,1,review_keep_or_source_edge,P1,"edge provenance can be valid, but normalize to source_type/source_detail or BELEGT_IN",direct_url_endpoint
relationship,HAS_SOURCE_LINK,source_role,20,20,100.0,0,str:20,,0,1,review_keep_or_source_edge,P1,"edge provenance can be valid, but normalize to source_type/source_detail or BELEGT_IN",source_inventory
relationship,HAS_SOURCE_LINK,source_status_correction,20,20,100.0,0,str:20,,0,1,review_keep_or_source_edge,P1,"edge provenance can be valid, but normalize to source_type/source_detail or BELEGT_IN",mig_source_status_scope_addendum_2026_05_28
relationship,HAS_SOURCE_LINK,source_status_correction_previous,20,20,100.0,0,str:20,,0,1,review_keep_or_source_edge,P1,"edge provenance can be valid, but normalize to source_type/source_detail or BELEGT_IN",exact
relationship,HAS_SOURCE_LINK,source_status_correction_reason,20,20,100.0,0,str:20,,0,1,review_keep_or_source_edge,P1,"edge provenance can be valid, but normalize to source_type/source_detail or BELEGT_IN",source_link_inventory_not_fact_proof
relationship,HAS_SOURCE_LINK,source_url,20,20,100.0,0,str:20,,0,17,review_keep_or_source_edge,P1,"edge provenance can be valid, but normalize to source_type/source_detail or BELEGT_IN",https://standards.iteh.ai/catalog/standards/cen/31a1835a-d97d-4bf7-8319-62d76609fe39/cen-ts-1090-201-2024 || https://www.fir-recycling.com/wp-content/uploads/2023/02/FPRGErkenning_Tracimatversie_Engels.pdf || https://www.dibt.de/en/service/faqs/the-german-regulatory-system-for-construction-products-and-construction-techniques || https://www.government.nl/themes/building-and-housing/construction-products/ce-marking-for-construction-products-supervision-and-control
relationship,HAS_SOURCE_LINK,source_url_http_code,20,20,100.0,0,int:20,,0,1,review_keep_or_source_edge,P1,"edge provenance can be valid, but normalize to source_type/source_detail or BELEGT_IN",200
relationship,HAS_SOURCE_LINK,source_url_node_id,20,20,100.0,0,str:20,,0,17,review_keep_or_source_edge,P1,"edge provenance can be valid, but normalize to source_type/source_detail or BELEGT_IN",q_url_ce98280edf39f05c || q_url_a70051296d3b271b || q_url_44c61371bc8b39eb || q_url_b02ccd4ad0f6c53e
relationship,HAS_SOURCE_LINK,source_url_status,20,20,100.0,0,str:20,,0,1,review_keep_or_source_edge,P1,"edge provenance can be valid, but normalize to source_type/source_detail or BELEGT_IN",reachable_2xx
relationship,HAT_AKTEURROLLE,derivation_note,1338,1162,86.85,176,str:1162,,0,3,review_domain_property,P3,domain-specific edge value,| r1: derived=>topology_synthesized (catch-all: basis=controlled_vocab) || | r1: curated→registry_derived (Repair D A1–A5 excerpts are auto-generated from registry identity) | r1: registry_derived confidence belegt→teilweise_belegt (D10 conservative default) || unpacked dedup-merged array (Phase 1.6 actor merge artifact) by mig_repair_4_1_unpack: origin=curatedcurated | derived; conf=belegtbelegt | unklar; src=q_akteursliste_master_mdq_akteursliste_master_md | mig_4_1 | r1: cu…
relationship,HAT_AKTEURROLLE,evidence_basis,1338,1191,89.01,147,str:1191,,0,2,review_keep_or_source_edge,P1,"edge provenance can be valid, but normalize to source_type/source_detail or BELEGT_IN",controlled_vocab || gm_fingerprint_2026_05_31
relationship,HAT_AKTEURROLLE,evidence_cleanup_run,1338,6,0.45,1332,str:6,,0,1,review_keep_or_source_edge,P1,"edge provenance can be valid, but normalize to source_type/source_detail or BELEGT_IN",2026-05-28_belegt_confidence_conflict_cleanup
relationship,HAT_AKTEURROLLE,evidence_confidence,1338,1162,86.85,176,str:1162,,0,2,review_keep_or_source_edge,P1,"edge provenance can be valid, but normalize to source_type/source_detail or BELEGT_IN",unklar || teilweise_belegt
relationship,HAT_AKTEURROLLE,evidence_confidence_status,1338,6,0.45,1332,str:6,,0,1,review_keep_or_source_edge,P1,"edge provenance can be valid, but normalize to source_type/source_detail or BELEGT_IN",downgraded_pending_exact_source_url_review
relationship,HAT_AKTEURROLLE,evidence_excerpt,1338,539,40.28,799,str:539,,0,531,review_keep_or_source_edge,P1,"edge provenance can be valid, but normalize to source_type/source_detail or BELEGT_IN",Akteursregister (q_akteursliste_master_md): Akteur Werner Sobek [werner_sobek_p] tritt in Rolle Forschung_Dokumentation [ar_forschung_dokumentation] auf (scope=expertise_profile). || Akteursregister (q_akteursliste_master_md): Akteur HFT Stuttgart [hft_stuttgart] tritt in Rolle Forschung_Dokumentation [ar_forschung_dokumentation] auf (scope=organisation_profile). || Akteursregister (q_akteursliste_master_md): Akteur Zirkular [zirkular] tritt in Rolle Reuse_Zirkularitaetsberatung [ar_reuse_zirkularitaetsberatung] auf (scope=organisation_profile). || Akteursregister (q_akteursliste_master_md): Akteur Superuse Studios [Superuse_Studios] tritt in Rolle Entwurf_Planung [ar_entwurf_planung] auf (scope=organisation_profile).
relationship,HAT_AKTEURROLLE,evidence_note,1338,1307,97.68,31,str:1307,,0,2,review_keep_or_source_edge,P1,"edge provenance can be valid, but normalize to source_type/source_detail or BELEGT_IN",Global audit: evidence_source_id does not resolve to a Quelle node with visible url; factual claim must be re-sourced before being treated as verified. || Relationship came from reviewed archive profile/direct URL list but exact source claim has not been validated; do not treat keyword evidence as proof.
relationship,HAT_AKTEURROLLE,evidence_origin,1338,1162,86.85,176,str:1162,,0,2,review_keep_or_source_edge,P1,"edge provenance can be valid, but normalize to source_type/source_detail or BELEGT_IN",topology_synthesized || registry_derived
relationship,HAT_AKTEURROLLE,evidence_quality,1338,1307,97.68,31,str:1307,,0,2,review_keep_or_source_edge,P1,"edge provenance can be valid, but normalize to source_type/source_detail or BELEGT_IN",internal_or_missing_source_url || unverified_source_claim
relationship,HAT_AKTEURROLLE,evidence_source_id,1338,1309,97.83,29,str:1309,,0,45,review_keep_or_source_edge,P1,"edge provenance can be valid, but normalize to source_type/source_detail or BELEGT_IN",mig_4_1 || batch2_v2_import_2026-05-20 || batch2_v2_followup_2026-05-20 || q_akteursliste_master_md
relationship,HAT_AKTEURROLLE,id,1338,1309,97.83,29,list[str]:7; str:1302,yes,0,1001,keep_minimum,P0,relationship identity handle required by current constraints,r_cbre__HAT_AKTEURROLLE__ar_nachhaltigkeitsberatung || r_gardiner_and_theobald__HAT_AKTEURROLLE__ar_projektmanagement_koordination || r_abfallwirtschaftsbetriebe_muenster__HAT_AKTEURROLLE__ar_bauherr_auftraggeber || r_ellis_and_moore__HAT_AKTEURROLLE__ar_tragwerksplanung
relationship,HAT_AKTEURROLLE,previous_evidence_confidence,1338,6,0.45,1332,str:6,,0,1,review_keep_or_source_edge,P1,"edge provenance can be valid, but normalize to source_type/source_detail or BELEGT_IN",belegt
relationship,HAT_AKTEURROLLE,review_run,1338,176,13.15,1162,str:176,,0,2,review_domain_property,P3,domain-specific edge value,2026-05-28_bauteilboersen_integration || bauteilboersen_finalest_30_2026_05_31
relationship,HAT_AKTEURROLLE,review_status,1338,1309,97.83,29,str:1309,,0,1,review_keep_or_provenance,P1,may be real edge evidence/status; keep only if queried,needs_source_url_review
relationship,HAT_AKTEURROLLE,source_resolution_status,1338,1309,97.83,29,str:1309,,0,3,review_keep_or_source_edge,P1,"edge provenance can be valid, but normalize to source_type/source_detail or BELEGT_IN",evidence_source_id_not_resolved_to_visible_source_url || needs_source_url_review || needs_exact_claim_source_review
relationship,HAT_AKTEURROLLE,source_scope,1338,711,53.14,627,str:711,,0,3,review_keep_or_source_edge,P1,"edge provenance can be valid, but normalize to source_type/source_detail or BELEGT_IN",actor_registry || actor_registry_context || bauteilboerse_legacy_review
relationship,HAT_AKTEURROLLE,source_status,1338,1162,86.85,176,str:1162,,0,2,review_keep_or_source_edge,P1,"edge provenance can be valid, but normalize to source_type/source_detail or BELEGT_IN",missing || candidate
relationship,HAT_AKTEURROLLE,source_status_migration,1338,1162,86.85,176,str:1162,,0,1,review_keep_or_source_edge,P1,"edge provenance can be valid, but normalize to source_type/source_detail or BELEGT_IN",mig_source_status_normalization_2026_05_28
relationship,HAT_AKTEURROLLE,source_status_reason,1338,1162,86.85,176,str:1162,,0,2,review_keep_or_source_edge,P1,"edge provenance can be valid, but normalize to source_type/source_detail or BELEGT_IN",no_exact_url_binding_needs_review || candidate_urls_need_fact_review
relationship,HAT_AKTEURROLLE,strict_source_url_cleanup,1338,535,39.99,803,str:535,,0,1,review_keep_or_source_edge,P1,"edge provenance can be valid, but normalize to source_type/source_detail or BELEGT_IN",mig_strict_source_url_binding_cleanup_2026_05_23
relationship,HAT_AKTEURTYP,derivation_note,674,647,95.99,27,str:647,,0,5,review_domain_property,P3,domain-specific edge value,| r1: derived=>topology_synthesized (catch-all: basis=controlled_vocab) || | r1: derived=>topology_synthesized (catch-all: basis=legacy_migration) || | r1: curated→registry_derived (Repair D A1–A5 excerpts are auto-generated from registry identity) | r1: registry_derived confidence belegt→teilweise_belegt (D10 conservative default) || unpacked dedup-merged array (Phase 1.6 actor merge artifact) by mig_repair_4_1_unpack: origin=curatedcurated | derived; conf=belegtbelegt | unklar; src=q_akteursliste_master_mdq_akteursliste_master_md | mig_4_1 | r1: cu…
relationship,HAT_AKTEURTYP,evidence_basis,674,674,100.0,0,list[str]:1; str:673,yes,0,5,review_keep_or_source_edge,P1,"edge provenance can be valid, but normalize to source_type/source_detail or BELEGT_IN",controlled_vocab || legacy_migration || frontmatter_type_bauteilboerse || explicit_software_app_tool_wording
relationship,HAT_AKTEURTYP,evidence_cleanup_run,674,3,0.45,671,str:3,,0,1,review_keep_or_source_edge,P1,"edge provenance can be valid, but normalize to source_type/source_detail or BELEGT_IN",2026-05-28_belegt_confidence_conflict_cleanup
relationship,HAT_AKTEURTYP,evidence_confidence,674,647,95.99,27,str:647,,0,2,review_keep_or_source_edge,P1,"edge provenance can be valid, but normalize to source_type/source_detail or BELEGT_IN",unklar || teilweise_belegt
relationship,HAT_AKTEURTYP,evidence_confidence_status,674,3,0.45,671,str:3,,0,1,review_keep_or_source_edge,P1,"edge provenance can be valid, but normalize to source_type/source_detail or BELEGT_IN",downgraded_pending_exact_source_url_review
relationship,HAT_AKTEURTYP,evidence_excerpt,674,187,27.74,487,str:187,,0,185,review_keep_or_source_edge,P1,"edge provenance can be valid, but normalize to source_type/source_detail or BELEGT_IN",Akteursregister (q_akteursliste_master_md): Akteur Werner Sobek [werner_sobek_p] ist vom Akteurtyp Person [at_person] (scope=actor_registry_profile). || Akteursregister (q_akteursliste_master_md): Akteur HFT Stuttgart [hft_stuttgart] ist vom Akteurtyp Forschung_Lehre [at_forschung_lehre] (scope=actor_registry_context). || Akteursregister (q_akteursliste_master_md): Akteur Zirkular [zirkular] ist vom Akteurtyp Unternehmen [at_unternehmen] (scope=actor_registry_context). || Akteursregister (q_akteursliste_master_md): Akteur Superuse Studios [Superuse_Studios] ist vom Akteurtyp Unternehmen [at_unternehmen] (scope=actor_registry_context).
relationship,HAT_AKTEURTYP,evidence_note,674,673,99.85,1,str:673,,0,2,review_keep_or_source_edge,P1,"edge provenance can be valid, but normalize to source_type/source_detail or BELEGT_IN",Global audit: evidence_source_id does not resolve to a Quelle node with visible url; factual claim must be re-sourced before being treated as verified. || Relationship came from reviewed archive profile/direct URL list but exact source claim has not been validated; do not treat keyword evidence as proof.
relationship,HAT_AKTEURTYP,evidence_origin,674,647,95.99,27,str:647,,0,2,review_keep_or_source_edge,P1,"edge provenance can be valid, but normalize to source_type/source_detail or BELEGT_IN",topology_synthesized || registry_derived
relationship,HAT_AKTEURTYP,evidence_quality,674,673,99.85,1,str:673,,0,2,review_keep_or_source_edge,P1,"edge provenance can be valid, but normalize to source_type/source_detail or BELEGT_IN",internal_or_missing_source_url || unverified_source_claim
relationship,HAT_AKTEURTYP,evidence_source_id,674,674,100.0,0,str:674,,0,28,review_keep_or_source_edge,P1,"edge provenance can be valid, but normalize to source_type/source_detail or BELEGT_IN",mig_4_1 || batch2_v2_import_2026-05-20 || batch2_v2_followup_2026-05-20 || q_akteursliste_master_md
relationship,HAT_AKTEURTYP,id,674,674,100.0,0,list[str]:3; str:671,yes,0,674,keep_minimum,P0,relationship identity handle required by current constraints,r_cbre__HAT_AKTEURTYP__at_unternehmen || r_gardiner_and_theobald__HAT_AKTEURTYP__at_unternehmen || r_cantillon__HAT_AKTEURTYP__at_unternehmen || r_abfallwirtschaftsbetriebe_muenster__HAT_AKTEURTYP__at_oeffentliche_institution
relationship,HAT_AKTEURTYP,previous_evidence_confidence,674,3,0.45,671,str:3,,0,1,review_keep_or_source_edge,P1,"edge provenance can be valid, but normalize to source_type/source_detail or BELEGT_IN",belegt
relationship,HAT_AKTEURTYP,review_run,674,27,4.01,647,str:27,,0,1,review_sparse,P2,sparse relationship property,2026-05-28_bauteilboersen_integration
relationship,HAT_AKTEURTYP,review_status,674,674,100.0,0,str:674,,0,1,review_keep_or_provenance,P1,may be real edge evidence/status; keep only if queried,needs_source_url_review
relationship,HAT_AKTEURTYP,source_resolution_status,674,674,100.0,0,str:674,,0,3,review_keep_or_source_edge,P1,"edge provenance can be valid, but normalize to source_type/source_detail or BELEGT_IN",evidence_source_id_not_resolved_to_visible_source_url || needs_source_url_review || needs_exact_claim_source_review
relationship,HAT_AKTEURTYP,source_scope,674,214,31.75,460,str:214,,0,2,review_keep_or_source_edge,P1,"edge provenance can be valid, but normalize to source_type/source_detail or BELEGT_IN",actor_registry || bauteilboerse_legacy_review
relationship,HAT_AKTEURTYP,source_status,674,647,95.99,27,str:647,,0,2,review_keep_or_source_edge,P1,"edge provenance can be valid, but normalize to source_type/source_detail or BELEGT_IN",missing || candidate
relationship,HAT_AKTEURTYP,source_status_migration,674,647,95.99,27,str:647,,0,1,review_keep_or_source_edge,P1,"edge provenance can be valid, but normalize to source_type/source_detail or BELEGT_IN",mig_source_status_normalization_2026_05_28
relationship,HAT_AKTEURTYP,source_status_reason,674,647,95.99,27,str:647,,0,2,review_keep_or_source_edge,P1,"edge provenance can be valid, but normalize to source_type/source_detail or BELEGT_IN",no_exact_url_binding_needs_review || candidate_urls_need_fact_review
relationship,HAT_AKTEURTYP,strict_source_url_cleanup,674,187,27.74,487,str:187,,0,1,review_keep_or_source_edge,P1,"edge provenance can be valid, but normalize to source_type/source_detail or BELEGT_IN",mig_strict_source_url_binding_cleanup_2026_05_23
relationship,HAT_AUFBEREITUNG,derivation_note,433,433,100.0,0,str:433,,0,3,review_domain_property,P3,domain-specific edge value,| r1: curated→source_curated (default reclassification) || | r1: derived=>topology_synthesized (catch-all: basis=legacy_migration) || | r1: derived=>topology_synthesized (catch-all: basis=controlled_vocab)
relationship,HAT_AUFBEREITUNG,evidence_basis,433,433,100.0,0,str:433,,0,3,review_keep_or_source_edge,P1,"edge provenance can be valid, but normalize to source_type/source_detail or BELEGT_IN",cell_citation || legacy_migration || controlled_vocab
relationship,HAT_AUFBEREITUNG,evidence_cleanup_run,433,22,5.08,411,str:22,,0,1,review_keep_or_source_edge,P1,"edge provenance can be valid, but normalize to source_type/source_detail or BELEGT_IN",2026-05-28_belegt_confidence_conflict_cleanup
relationship,HAT_AUFBEREITUNG,evidence_confidence,433,433,100.0,0,str:433,,0,1,review_keep_or_source_edge,P1,"edge provenance can be valid, but normalize to source_type/source_detail or BELEGT_IN",unklar
relationship,HAT_AUFBEREITUNG,evidence_confidence_status,433,22,5.08,411,str:22,,0,1,review_keep_or_source_edge,P1,"edge provenance can be valid, but normalize to source_type/source_detail or BELEGT_IN",downgraded_pending_exact_source_url_review
relationship,HAT_AUFBEREITUNG,evidence_excerpt,433,70,16.17,363,str:70,,0,14,review_keep_or_source_edge,P1,"edge provenance can be valid, but normalize to source_type/source_detail or BELEGT_IN","| Zuschnitt, Bohren, Lochen und Maßanpassung von Stahl | `av_stahl_zuschnitt_bohrung` | Mechanisches Trennen und Bearbeiten zur Anpassung von Länge, Anschlusslochbild, Geometrie oder Einbausituation. | Stahl | Träger, P… || | Entrosten / Korrosionsbehandlung | `av_entrosten_korrosionsbehandlung` | Entfernen oder Stabilisieren von Korrosion einschließlich Reinigung, Passivierung, Korrosionsgradbewertung und Vorbereitung für Schutzsysteme. |… || BELEGT || | Sägen von Betonfertigteilen / Trennen nasser Verbindungen | `av_betonfertigteil_saegen` | Diamant- oder Seilsägen zum Lösen und Vereinzeln von Fertigteilen, insbesondere bei Nassfugen, Ortbetonergänzungen oder Verbund…"
relationship,HAT_AUFBEREITUNG,evidence_note,433,22,5.08,411,str:22,,0,1,review_keep_or_source_edge,P1,"edge provenance can be valid, but normalize to source_type/source_detail or BELEGT_IN",Former evidence_confidence=belegt was downgraded because source_status is not exact and the relationship still needs source URL / exact-claim review.
relationship,HAT_AUFBEREITUNG,evidence_origin,433,433,100.0,0,str:433,,0,2,review_keep_or_source_edge,P1,"edge provenance can be valid, but normalize to source_type/source_detail or BELEGT_IN",source_curated || topology_synthesized
relationship,HAT_AUFBEREITUNG,evidence_quality,433,22,5.08,411,str:22,,0,1,review_keep_or_source_edge,P1,"edge provenance can be valid, but normalize to source_type/source_detail or BELEGT_IN",source_binding_not_exact
relationship,HAT_AUFBEREITUNG,evidence_source_id,433,433,100.0,0,str:433,,0,9,review_keep_or_source_edge,P1,"edge provenance can be valid, but normalize to source_type/source_detail or BELEGT_IN",q_aufbereitungsverfahren_reused_building_elements_md || archive:Verbiest_Karreveld_Brussels.md (replicated from pre-split BG) || 55 Great Suffolk: ASBP case mentions coating renewal on reclaimed steel || mig_4_1
relationship,HAT_AUFBEREITUNG,id,433,433,100.0,0,str:433,,0,433,keep_minimum,P0,relationship identity handle required by current constraints,r_p_k118_kopfbau_halle_118_winterthur__HAT_AUFBEREITUNG__av_zuschnitt__research_inferred || r_p_bedzed_london_hackbridge__HAT_AUFBEREITUNG__av_entrosten_korrosionsbehandlung__research_inferred || r_bg_reuse_stahl_gelaender_verbiest_charleroi__HAT_AUFBEREITUNG__av_reinigung || r_bg_reuse_keramik_boden_verbiest_charleroi__HAT_AUFBEREITUNG__av_reinigung
relationship,HAT_AUFBEREITUNG,previous_evidence_confidence,433,22,5.08,411,str:22,,0,1,review_keep_or_source_edge,P1,"edge provenance can be valid, but normalize to source_type/source_detail or BELEGT_IN",belegt
relationship,HAT_AUFBEREITUNG,review_status,433,433,100.0,0,str:433,,0,1,review_keep_or_provenance,P1,may be real edge evidence/status; keep only if queried,needs_source_url_review
relationship,HAT_AUFBEREITUNG,source_resolution_status,433,433,100.0,0,str:433,,0,1,review_keep_or_source_edge,P1,"edge provenance can be valid, but normalize to source_type/source_detail or BELEGT_IN",needs_source_url_review
relationship,HAT_AUFBEREITUNG,source_scope,433,22,5.08,411,str:22,,0,1,review_keep_or_source_edge,P1,"edge provenance can be valid, but normalize to source_type/source_detail or BELEGT_IN",research_file_row
relationship,HAT_AUFBEREITUNG,source_status,433,433,100.0,0,str:433,,0,2,review_keep_or_source_edge,P1,"edge provenance can be valid, but normalize to source_type/source_detail or BELEGT_IN",candidate || missing
relationship,HAT_AUFBEREITUNG,source_status_migration,433,433,100.0,0,str:433,,0,1,review_keep_or_source_edge,P1,"edge provenance can be valid, but normalize to source_type/source_detail or BELEGT_IN",mig_source_status_normalization_2026_05_28
relationship,HAT_AUFBEREITUNG,source_status_reason,433,433,100.0,0,str:433,,0,2,review_keep_or_source_edge,P1,"edge provenance can be valid, but normalize to source_type/source_detail or BELEGT_IN",candidate_urls_need_fact_review || no_exact_url_binding_needs_review
relationship,HAT_AUFBEREITUNG,strict_source_url_cleanup,433,22,5.08,411,str:22,,0,1,review_keep_or_source_edge,P1,"edge provenance can be valid, but normalize to source_type/source_detail or BELEGT_IN",mig_strict_source_url_binding_cleanup_2026_05_23
relationship,HAT_AUFBEREITUNG,verification_attempts,433,22,5.08,411,int:22,,0,1,review_domain_property,P3,domain-specific edge value,1
relationship,HAT_AUFBEREITUNG,verification_method,433,22,5.08,411,str:22,,0,1,review_domain_property,P3,domain-specific edge value,skipped
relationship,HAT_AUFBEREITUNG,verification_notes,433,22,5.08,411,str:22,,0,1,review_domain_property,P3,domain-specific edge value,No ExternalLink reachable from this citation
relationship,HAT_AUFBEREITUNG,verification_score,433,22,5.08,411,float:22,,0,1,review_domain_property,P3,domain-specific edge value,0.0
relationship,HAT_AUFBEREITUNG,verification_status,433,22,5.08,411,str:22,,0,1,review_domain_property,P3,domain-specific edge value,no_url_node
relationship,HAT_BAUOBJEKTKLASSE,derivation_note,224,224,100.0,0,str:224,,0,2,review_domain_property,P3,domain-specific edge value,| r1: derived=>topology_synthesized (catch-all: basis=controlled_vocab) || | r1: derived=>topology_synthesized (catch-all: basis=legacy_migration)
relationship,HAT_BAUOBJEKTKLASSE,evidence_basis,224,224,100.0,0,str:224,,0,2,review_keep_or_source_edge,P1,"edge provenance can be valid, but normalize to source_type/source_detail or BELEGT_IN",controlled_vocab || legacy_migration
relationship,HAT_BAUOBJEKTKLASSE,evidence_confidence,224,224,100.0,0,str:224,,0,1,review_keep_or_source_edge,P1,"edge provenance can be valid, but normalize to source_type/source_detail or BELEGT_IN",unklar
relationship,HAT_BAUOBJEKTKLASSE,evidence_origin,224,224,100.0,0,str:224,,0,1,review_keep_or_source_edge,P1,"edge provenance can be valid, but normalize to source_type/source_detail or BELEGT_IN",topology_synthesized
relationship,HAT_BAUOBJEKTKLASSE,evidence_source_id,224,224,100.0,0,str:224,,0,2,review_keep_or_source_edge,P1,"edge provenance can be valid, but normalize to source_type/source_detail or BELEGT_IN",mig_4_1 || batch2_v2_import_2026-05-20
relationship,HAT_BAUOBJEKTKLASSE,id,224,224,100.0,0,str:224,,0,224,keep_minimum,P0,relationship identity handle required by current constraints,r_bw_55_great_suffolk_street_warehouse__HAT_BAUOBJEKTKLASSE__bok_gebaeude || r_bw_1_broadgate_london__HAT_BAUOBJEKTKLASSE__bok_gebaeude || r_bw_cleveland_steel_and_tubes_stock__HAT_BAUOBJEKTKLASSE__bok_depot_lager || r_bw_association_house_groeditz__HAT_BAUOBJEKTKLASSE__bok_gebaeude
relationship,HAT_BAUOBJEKTKLASSE,review_status,224,224,100.0,0,str:224,,0,1,review_keep_or_provenance,P1,may be real edge evidence/status; keep only if queried,needs_source_url_review
relationship,HAT_BAUOBJEKTKLASSE,source_resolution_status,224,224,100.0,0,str:224,,0,1,review_keep_or_source_edge,P1,"edge provenance can be valid, but normalize to source_type/source_detail or BELEGT_IN",needs_source_url_review
relationship,HAT_BAUOBJEKTKLASSE,source_status,224,224,100.0,0,str:224,,0,1,review_keep_or_source_edge,P1,"edge provenance can be valid, but normalize to source_type/source_detail or BELEGT_IN",missing
relationship,HAT_BAUOBJEKTKLASSE,source_status_migration,224,224,100.0,0,str:224,,0,1,review_keep_or_source_edge,P1,"edge provenance can be valid, but normalize to source_type/source_detail or BELEGT_IN",mig_source_status_normalization_2026_05_28
relationship,HAT_BAUOBJEKTKLASSE,source_status_reason,224,224,100.0,0,str:224,,0,1,review_keep_or_source_edge,P1,"edge provenance can be valid, but normalize to source_type/source_detail or BELEGT_IN",no_exact_url_binding_needs_review
relationship,HAT_BAUOBJEKTROLLE,derivation_note,225,225,100.0,0,str:225,,0,2,review_domain_property,P3,domain-specific edge value,| r1: derived=>topology_synthesized (catch-all: basis=controlled_vocab) || | r1: derived=>topology_synthesized (catch-all: basis=legacy_migration)
relationship,HAT_BAUOBJEKTROLLE,evidence_basis,225,225,100.0,0,str:225,,0,2,review_keep_or_source_edge,P1,"edge provenance can be valid, but normalize to source_type/source_detail or BELEGT_IN",controlled_vocab || legacy_migration
relationship,HAT_BAUOBJEKTROLLE,evidence_confidence,225,225,100.0,0,str:225,,0,1,review_keep_or_source_edge,P1,"edge provenance can be valid, but normalize to source_type/source_detail or BELEGT_IN",unklar
relationship,HAT_BAUOBJEKTROLLE,evidence_origin,225,225,100.0,0,str:225,,0,1,review_keep_or_source_edge,P1,"edge provenance can be valid, but normalize to source_type/source_detail or BELEGT_IN",topology_synthesized
relationship,HAT_BAUOBJEKTROLLE,evidence_source_id,225,225,100.0,0,str:225,,0,2,review_keep_or_source_edge,P1,"edge provenance can be valid, but normalize to source_type/source_detail or BELEGT_IN",mig_4_1 || batch2_v2_import_2026-05-20
relationship,HAT_BAUOBJEKTROLLE,id,225,225,100.0,0,str:225,,0,225,keep_minimum,P0,relationship identity handle required by current constraints,r_bw_55_great_suffolk_street_warehouse__HAT_BAUOBJEKTROLLE__bor_empfaengerobjekt || r_bw_1_broadgate_london__HAT_BAUOBJEKTROLLE__bor_donorobjekt || r_bw_cleveland_steel_and_tubes_stock__HAT_BAUOBJEKTROLLE__bor_zwischenlager || r_bw_association_house_groeditz__HAT_BAUOBJEKTROLLE__bor_empfaengerobjekt
relationship,HAT_BAUOBJEKTROLLE,review_status,225,225,100.0,0,str:225,,0,1,review_keep_or_provenance,P1,may be real edge evidence/status; keep only if queried,needs_source_url_review
relationship,HAT_BAUOBJEKTROLLE,source_resolution_status,225,225,100.0,0,str:225,,0,1,review_keep_or_source_edge,P1,"edge provenance can be valid, but normalize to source_type/source_detail or BELEGT_IN",needs_source_url_review
relationship,HAT_BAUOBJEKTROLLE,source_status,225,225,100.0,0,str:225,,0,1,review_keep_or_source_edge,P1,"edge provenance can be valid, but normalize to source_type/source_detail or BELEGT_IN",missing
relationship,HAT_BAUOBJEKTROLLE,source_status_migration,225,225,100.0,0,str:225,,0,1,review_keep_or_source_edge,P1,"edge provenance can be valid, but normalize to source_type/source_detail or BELEGT_IN",mig_source_status_normalization_2026_05_28
relationship,HAT_BAUOBJEKTROLLE,source_status_reason,225,225,100.0,0,str:225,,0,1,review_keep_or_source_edge,P1,"edge provenance can be valid, but normalize to source_type/source_detail or BELEGT_IN",no_exact_url_binding_needs_review
relationship,HAT_BAUPRODUKTSTATUS,derivation_note,65,65,100.0,0,str:65,,0,1,review_domain_property,P3,domain-specific edge value,| r1: derived=>topology_synthesized (catch-all: basis=legacy_migration)
relationship,HAT_BAUPRODUKTSTATUS,evidence_basis,65,65,100.0,0,str:65,,0,1,review_keep_or_source_edge,P1,"edge provenance can be valid, but normalize to source_type/source_detail or BELEGT_IN",legacy_migration
relationship,HAT_BAUPRODUKTSTATUS,evidence_confidence,65,65,100.0,0,str:65,,0,1,review_keep_or_source_edge,P1,"edge provenance can be valid, but normalize to source_type/source_detail or BELEGT_IN",unklar
relationship,HAT_BAUPRODUKTSTATUS,evidence_excerpt,65,65,100.0,0,str:65,,0,1,review_keep_or_source_edge,P1,"edge provenance can be valid, but normalize to source_type/source_detail or BELEGT_IN",BELEGT
relationship,HAT_BAUPRODUKTSTATUS,evidence_origin,65,65,100.0,0,str:65,,0,1,review_keep_or_source_edge,P1,"edge provenance can be valid, but normalize to source_type/source_detail or BELEGT_IN",topology_synthesized
relationship,HAT_BAUPRODUKTSTATUS,evidence_source_id,65,65,100.0,0,str:65,,0,5,review_keep_or_source_edge,P1,"edge provenance can be valid, but normalize to source_type/source_detail or BELEGT_IN",Archive (55_Great_Suffolk_Street_London.md): CE marking documented; ASBP case study confirms EN 1090 conformity route. || Same-site reuse (donor Bauwerk = receiver Bauwerk via existing AUS_BAUWERK + EINGEBAUT_IN rels) || Boulder Ordinance 8366 + IBC 104.11 alternative materials route (research: bauteilreuse_legal_regime_matrix.md). || Archive (Brent_Cross_Town_Primary_Substation_London.md): UKCA marking documented post-Brexit.
relationship,HAT_BAUPRODUKTSTATUS,id,65,65,100.0,0,str:65,,0,65,keep_minimum,P0,relationship identity handle required by current constraints,r_bg_reuse_stahl_mehrere_55gss_external_core__HAT_BAUPRODUKTSTATUS__bps_ce_hen || r_bg_reuse_holz_fassade_botanique__HAT_BAUPRODUKTSTATUS__bps_bestand_no_status || r_bg_retained_mehrere_mehrere_botanique_main_structure__HAT_BAUPRODUKTSTATUS__bps_bestand_no_status || r_bg_reuse_stahl_traeger_boulder_hospital_stockpile__HAT_BAUPRODUKTSTATUS__bps_ibc_104_11_alternative
relationship,HAT_BAUPRODUKTSTATUS,review_status,65,65,100.0,0,str:65,,0,1,review_keep_or_provenance,P1,may be real edge evidence/status; keep only if queried,needs_source_url_review
relationship,HAT_BAUPRODUKTSTATUS,source_resolution_status,65,65,100.0,0,str:65,,0,1,review_keep_or_source_edge,P1,"edge provenance can be valid, but normalize to source_type/source_detail or BELEGT_IN",needs_source_url_review
relationship,HAT_BAUPRODUKTSTATUS,source_status,65,65,100.0,0,str:65,,0,1,review_keep_or_source_edge,P1,"edge provenance can be valid, but normalize to source_type/source_detail or BELEGT_IN",missing
relationship,HAT_BAUPRODUKTSTATUS,source_status_migration,65,65,100.0,0,str:65,,0,1,review_keep_or_source_edge,P1,"edge provenance can be valid, but normalize to source_type/source_detail or BELEGT_IN",mig_source_status_normalization_2026_05_28
relationship,HAT_BAUPRODUKTSTATUS,source_status_reason,65,65,100.0,0,str:65,,0,1,review_keep_or_source_edge,P1,"edge provenance can be valid, but normalize to source_type/source_detail or BELEGT_IN",no_exact_url_binding_needs_review
relationship,HAT_BAUSYSTEM,derivation_note,64,64,100.0,0,str:64,,0,1,review_domain_property,P3,domain-specific edge value,| r1: derived=>topology_synthesized (catch-all: basis=controlled_vocab)
relationship,HAT_BAUSYSTEM,evidence_basis,64,64,100.0,0,str:64,,0,1,review_keep_or_source_edge,P1,"edge provenance can be valid, but normalize to source_type/source_detail or BELEGT_IN",controlled_vocab
relationship,HAT_BAUSYSTEM,evidence_confidence,64,64,100.0,0,str:64,,0,1,review_keep_or_source_edge,P1,"edge provenance can be valid, but normalize to source_type/source_detail or BELEGT_IN",unklar
relationship,HAT_BAUSYSTEM,evidence_origin,64,64,100.0,0,str:64,,0,1,review_keep_or_source_edge,P1,"edge provenance can be valid, but normalize to source_type/source_detail or BELEGT_IN",topology_synthesized
relationship,HAT_BAUSYSTEM,evidence_source_id,64,64,100.0,0,str:64,,0,1,review_keep_or_source_edge,P1,"edge provenance can be valid, but normalize to source_type/source_detail or BELEGT_IN",mig_4_1
relationship,HAT_BAUSYSTEM,id,64,64,100.0,0,str:64,,0,64,keep_minimum,P0,relationship identity handle required by current constraints,r_bw_iw73_6_mass_housing_donor__HAT_BAUSYSTEM__bsys_plattenbau || r_bg_reuse_beton_mehrere_bestandverplanzung_betonfertigteil_paneele__HAT_BAUSYSTEM__bsys_betonfertigteil_system || r_bg_reuse_stahlbeton_mehrere_big_dig_house_inverset_panels__HAT_BAUSYSTEM__bsys_betonfertigteil_system || r_bg_reuse_stahlbeton_decke_broethen_p2_deckenplatten__HAT_BAUSYSTEM__bsys_p2_plattenbausystem
relationship,HAT_BAUSYSTEM,review_status,64,64,100.0,0,str:64,,0,1,review_keep_or_provenance,P1,may be real edge evidence/status; keep only if queried,needs_source_url_review
relationship,HAT_BAUSYSTEM,source_resolution_status,64,64,100.0,0,str:64,,0,1,review_keep_or_source_edge,P1,"edge provenance can be valid, but normalize to source_type/source_detail or BELEGT_IN",needs_source_url_review
relationship,HAT_BAUSYSTEM,source_status,64,64,100.0,0,str:64,,0,1,review_keep_or_source_edge,P1,"edge provenance can be valid, but normalize to source_type/source_detail or BELEGT_IN",missing
relationship,HAT_BAUSYSTEM,source_status_migration,64,64,100.0,0,str:64,,0,1,review_keep_or_source_edge,P1,"edge provenance can be valid, but normalize to source_type/source_detail or BELEGT_IN",mig_source_status_normalization_2026_05_28
relationship,HAT_BAUSYSTEM,source_status_reason,64,64,100.0,0,str:64,,0,1,review_keep_or_source_edge,P1,"edge provenance can be valid, but normalize to source_type/source_detail or BELEGT_IN",no_exact_url_binding_needs_review
relationship,HAT_BAUTEILEBENE,derivation_note,359,359,100.0,0,str:359,,0,2,review_domain_property,P3,domain-specific edge value,| r1: derived=>topology_synthesized (catch-all: basis=legacy_migration) || | r1: derived=>topology_synthesized (catch-all: basis=controlled_vocab)
relationship,HAT_BAUTEILEBENE,evidence_basis,359,359,100.0,0,str:359,,0,2,review_keep_or_source_edge,P1,"edge provenance can be valid, but normalize to source_type/source_detail or BELEGT_IN",legacy_migration || controlled_vocab
relationship,HAT_BAUTEILEBENE,evidence_confidence,359,359,100.0,0,str:359,,0,1,review_keep_or_source_edge,P1,"edge provenance can be valid, but normalize to source_type/source_detail or BELEGT_IN",unklar
relationship,HAT_BAUTEILEBENE,evidence_excerpt,359,49,13.65,310,str:49,,0,2,review_keep_or_source_edge,P1,"edge provenance can be valid, but normalize to source_type/source_detail or BELEGT_IN",INFER || BELEGT
relationship,HAT_BAUTEILEBENE,evidence_origin,359,359,100.0,0,str:359,,0,1,review_keep_or_source_edge,P1,"edge provenance can be valid, but normalize to source_type/source_detail or BELEGT_IN",topology_synthesized
relationship,HAT_BAUTEILEBENE,evidence_source_id,359,359,100.0,0,str:359,,0,5,review_keep_or_source_edge,P1,"edge provenance can be valid, but normalize to source_type/source_detail or BELEGT_IN",archive:Verbiest_Karreveld_Brussels.md (replicated from pre-split BG) || batch2_v2_phase26_2026-05-20 || mig_4_1 || batch2_v2_import_2026-05-20
relationship,HAT_BAUTEILEBENE,id,359,359,100.0,0,str:359,,0,359,keep_minimum,P0,relationship identity handle required by current constraints,r_bg_reuse_stahl_gelaender_verbiest_charleroi__HAT_BAUTEILEBENE__be_bauteilgruppe || r_bg_reuse_keramik_boden_verbiest_charleroi__HAT_BAUTEILEBENE__be_bauteilgruppe || r_bg_reuse_naturstein_wand_verbiest_charleroi__HAT_BAUTEILEBENE__be_bauteilgruppe || r_bg_reuse_stahl_mehrere_55gss_external_core__HAT_BAUTEILEBENE__be_bauteilgruppe
relationship,HAT_BAUTEILEBENE,review_status,359,359,100.0,0,str:359,,0,1,review_keep_or_provenance,P1,may be real edge evidence/status; keep only if queried,needs_source_url_review
relationship,HAT_BAUTEILEBENE,source_resolution_status,359,359,100.0,0,str:359,,0,1,review_keep_or_source_edge,P1,"edge provenance can be valid, but normalize to source_type/source_detail or BELEGT_IN",needs_source_url_review
relationship,HAT_BAUTEILEBENE,source_status,359,359,100.0,0,str:359,,0,1,review_keep_or_source_edge,P1,"edge provenance can be valid, but normalize to source_type/source_detail or BELEGT_IN",missing
relationship,HAT_BAUTEILEBENE,source_status_migration,359,359,100.0,0,str:359,,0,1,review_keep_or_source_edge,P1,"edge provenance can be valid, but normalize to source_type/source_detail or BELEGT_IN",mig_source_status_normalization_2026_05_28
relationship,HAT_BAUTEILEBENE,source_status_reason,359,359,100.0,0,str:359,,0,1,review_keep_or_source_edge,P1,"edge provenance can be valid, but normalize to source_type/source_detail or BELEGT_IN",no_exact_url_binding_needs_review
relationship,HAT_BAUTEILGRUPPE,derivation_note,356,356,100.0,0,str:356,,0,2,review_domain_property,P3,domain-specific edge value,| r1: derived=>topology_synthesized (catch-all: basis=controlled_vocab) || promoted derived->curated by mig_repair_4_1_q1 (criterion: BG carries both FROM_DONOR and INTO_RECEIVER AND Projekt anchored to case_markdown dossier) | r1: curated→topology_synthesized (Repair D Q1 promotion was a rela…
relationship,HAT_BAUTEILGRUPPE,evidence_basis,356,356,100.0,0,str:356,,0,2,review_keep_or_source_edge,P1,"edge provenance can be valid, but normalize to source_type/source_detail or BELEGT_IN",controlled_vocab || cell_citation
relationship,HAT_BAUTEILGRUPPE,evidence_confidence,356,356,100.0,0,str:356,,0,2,review_keep_or_source_edge,P1,"edge provenance can be valid, but normalize to source_type/source_detail or BELEGT_IN",unklar || teilweise_belegt
relationship,HAT_BAUTEILGRUPPE,evidence_excerpt,356,268,75.28,88,str:268,,0,253,review_keep_or_source_edge,P1,"edge provenance can be valid, but normalize to source_type/source_detail or BELEGT_IN",BELEGT || Projekt Jugendtreff Ingersheim [p_jugendtreff_ingersheim] Section 5 (Reuse-Bauteilgruppen) [qu_stuttgart210_dossier]: Bauteilgruppe bg_reuse_holz_mehrere_ingersheim_clt_structure ist dossier-verankert mit 1 FROM_DONOR +… || Projekt ELEMENTA Walkeweg [p_elementa_walkeweg] Section 5 (Reuse-Bauteilgruppen) [qu_batch1_elementa_dossier]: Bauteilgruppe bg_reuse_mineralisch_stuetze_elementa_baufeld_c ist dossier-verankert mit 1 FROM_DONOR + 1 INT… || Projekt Jugendtreff Ingersheim [p_jugendtreff_ingersheim] Section 5 (Reuse-Bauteilgruppen) [qu_stuttgart210_dossier]: Bauteilgruppe bg_reuse_holz_ausbau_ingersheim_clt_secondary ist dossier-verankert mit 1 FROM_DONOR + …
relationship,HAT_BAUTEILGRUPPE,evidence_origin,356,356,100.0,0,str:356,,0,1,review_keep_or_source_edge,P1,"edge provenance can be valid, but normalize to source_type/source_detail or BELEGT_IN",topology_synthesized
relationship,HAT_BAUTEILGRUPPE,evidence_source_id,356,356,100.0,0,str:356,,0,73,review_keep_or_source_edge,P1,"edge provenance can be valid, but normalize to source_type/source_detail or BELEGT_IN",batch2_v2_import_2026-05-20 || batch2_v2_followup_2026-05-20 || qu_stuttgart210_dossier || qu_batch1_elementa_dossier
relationship,HAT_BAUTEILGRUPPE,id,356,356,100.0,0,str:356,,0,356,keep_minimum,P0,relationship identity handle required by current constraints,r_prog_stuttgart_210__HAT_BAUTEILGRUPPE__bg_dismantled_holz_mehrere_stuttgart21_donor_stock || r_prog_re_use_hoefe__HAT_BAUTEILGRUPPE__bg_reuse_holz_fenster_reusehoefe_ukraine_windows || r_p_jugendtreff_ingersheim__HAT_BAUTEILGRUPPE__bg_reuse_holz_mehrere_ingersheim_clt_structure || r_prog_reallabor_be_ware__HAT_BAUTEILGRUPPE__bg_reuse_holz_mehrere_beware_local_timber
relationship,HAT_BAUTEILGRUPPE,invalid_candidate_source_urls,356,130,36.52,226,list[str]:130,,0,20,review_keep_or_source_edge,P1,"edge provenance can be valid, but normalize to source_type/source_detail or BELEGT_IN","[""https://olympiap""] || [""https://projecta"",""https://pr""] || [""https://dutchdes""] || [""https://d""]"
relationship,HAT_BAUTEILGRUPPE,review_status,356,356,100.0,0,str:356,,0,1,review_keep_or_provenance,P1,may be real edge evidence/status; keep only if queried,needs_source_url_review
relationship,HAT_BAUTEILGRUPPE,source_resolution_status,356,356,100.0,0,str:356,,0,1,review_keep_or_source_edge,P1,"edge provenance can be valid, but normalize to source_type/source_detail or BELEGT_IN",needs_source_url_review
relationship,HAT_BAUTEILGRUPPE,source_status,356,356,100.0,0,str:356,,0,2,review_keep_or_source_edge,P1,"edge provenance can be valid, but normalize to source_type/source_detail or BELEGT_IN",missing || candidate
relationship,HAT_BAUTEILGRUPPE,source_status_migration,356,356,100.0,0,str:356,,0,1,review_keep_or_source_edge,P1,"edge provenance can be valid, but normalize to source_type/source_detail or BELEGT_IN",mig_source_status_normalization_2026_05_28
relationship,HAT_BAUTEILGRUPPE,source_status_reason,356,356,100.0,0,str:356,,0,2,review_keep_or_source_edge,P1,"edge provenance can be valid, but normalize to source_type/source_detail or BELEGT_IN",no_exact_url_binding_needs_review || candidate_urls_need_fact_review
relationship,HAT_BAUTEILGRUPPE,strict_candidate_url_array_cleanup,356,130,36.52,226,str:130,,0,1,review_keep_or_source_edge,P1,"edge provenance can be valid, but normalize to source_type/source_detail or BELEGT_IN",mig_strict_candidate_url_array_cleanup_2026_05_23
relationship,HAT_BAUTEILGRUPPE,strict_source_url_cleanup,356,246,69.1,110,str:246,,0,1,review_keep_or_source_edge,P1,"edge provenance can be valid, but normalize to source_type/source_detail or BELEGT_IN",mig_strict_source_url_binding_cleanup_2026_05_23
relationship,HAT_BAUTEILTYP,derivation_note,665,593,89.17,72,str:593,,0,2,review_domain_property,P3,domain-specific edge value,| r1: derived=>topology_synthesized (catch-all: basis=legacy_migration) || | r1: derived=>topology_synthesized (catch-all: basis=controlled_vocab)
relationship,HAT_BAUTEILTYP,evidence_basis,665,665,100.0,0,str:665,,0,3,review_keep_or_source_edge,P1,"edge provenance can be valid, but normalize to source_type/source_detail or BELEGT_IN",legacy_migration || controlled_vocab || pass8_strict_import_2026_05_31
relationship,HAT_BAUTEILTYP,evidence_confidence,665,665,100.0,0,str:665,,0,2,review_keep_or_source_edge,P1,"edge provenance can be valid, but normalize to source_type/source_detail or BELEGT_IN",unklar || belegt
relationship,HAT_BAUTEILTYP,evidence_excerpt,665,17,2.56,648,str:17,,0,1,review_keep_or_source_edge,P1,"edge provenance can be valid, but normalize to source_type/source_detail or BELEGT_IN",BELEGT
relationship,HAT_BAUTEILTYP,evidence_origin,665,593,89.17,72,str:593,,0,1,review_keep_or_source_edge,P1,"edge provenance can be valid, but normalize to source_type/source_detail or BELEGT_IN",topology_synthesized
relationship,HAT_BAUTEILTYP,evidence_source_id,665,593,89.17,72,str:593,,0,4,review_keep_or_source_edge,P1,"edge provenance can be valid, but normalize to source_type/source_detail or BELEGT_IN",archive:Verbiest_Karreveld_Brussels.md (split-specific function) || mig_4_1 || batch2_v2_import_2026-05-20 || batch2_v2_followup_2026-05-20
relationship,HAT_BAUTEILTYP,id,665,593,89.17,72,str:593,,0,593,keep_minimum,P0,relationship identity handle required by current constraints,r_bg_reuse_stahl_gelaender_verbiest_charleroi__HAT_BAUTEILTYP__bt_gelaender || r_bg_reuse_keramik_boden_verbiest_charleroi__HAT_BAUTEILTYP__bt_boden || r_bg_reuse_naturstein_wand_verbiest_charleroi__HAT_BAUTEILTYP__bt_wand || r_bg_reuse_stahl_mehrere_55gss_external_core__HAT_BAUTEILTYP__bt_stuetze
relationship,HAT_BAUTEILTYP,review_run,665,72,10.83,593,str:72,,0,1,review_domain_property,P3,domain-specific edge value,bauteilboersen_finalest_30_2026_05_31
relationship,HAT_BAUTEILTYP,review_status,665,593,89.17,72,str:593,,0,1,review_keep_or_provenance,P1,may be real edge evidence/status; keep only if queried,needs_source_url_review
relationship,HAT_BAUTEILTYP,source_resolution_status,665,593,89.17,72,str:593,,0,1,review_keep_or_source_edge,P1,"edge provenance can be valid, but normalize to source_type/source_detail or BELEGT_IN",needs_source_url_review
relationship,HAT_BAUTEILTYP,source_status,665,593,89.17,72,str:593,,0,1,review_keep_or_source_edge,P1,"edge provenance can be valid, but normalize to source_type/source_detail or BELEGT_IN",missing
relationship,HAT_BAUTEILTYP,source_status_migration,665,593,89.17,72,str:593,,0,1,review_keep_or_source_edge,P1,"edge provenance can be valid, but normalize to source_type/source_detail or BELEGT_IN",mig_source_status_normalization_2026_05_28
relationship,HAT_BAUTEILTYP,source_status_reason,665,593,89.17,72,str:593,,0,1,review_keep_or_source_edge,P1,"edge provenance can be valid, but normalize to source_type/source_detail or BELEGT_IN",no_exact_url_binding_needs_review
relationship,HAT_BAUWEISE,derivation_note,128,128,100.0,0,str:128,,0,1,review_domain_property,P3,domain-specific edge value,| r1: derived=>topology_synthesized (catch-all: basis=controlled_vocab)
relationship,HAT_BAUWEISE,evidence_basis,128,128,100.0,0,str:128,,0,1,review_keep_or_source_edge,P1,"edge provenance can be valid, but normalize to source_type/source_detail or BELEGT_IN",controlled_vocab
relationship,HAT_BAUWEISE,evidence_confidence,128,128,100.0,0,str:128,,0,1,review_keep_or_source_edge,P1,"edge provenance can be valid, but normalize to source_type/source_detail or BELEGT_IN",unklar
relationship,HAT_BAUWEISE,evidence_origin,128,128,100.0,0,str:128,,0,1,review_keep_or_source_edge,P1,"edge provenance can be valid, but normalize to source_type/source_detail or BELEGT_IN",topology_synthesized
relationship,HAT_BAUWEISE,evidence_source_id,128,128,100.0,0,str:128,,0,1,review_keep_or_source_edge,P1,"edge provenance can be valid, but normalize to source_type/source_detail or BELEGT_IN",mig_4_1
relationship,HAT_BAUWEISE,id,128,128,100.0,0,str:128,,0,128,keep_minimum,P0,relationship identity handle required by current constraints,r_bg_reuse_mehrere_mehrere_alliander_common_roof_atrium__HAT_BAUWEISE__bauw_hybridbauweise || r_bg_reuse_beton_mehrere_bestandverplanzung_betonfertigteil_paneele__HAT_BAUWEISE__bauw_fertigteilbauweise || r_bg_planned_mehrere_mehrere_big_dig_building_geplante_infrastrukturbauteile__HAT_BAUWEISE__bauw_hybridbauweise || r_bg_reuse_stahlbeton_mehrere_big_dig_house_inverset_panels__HAT_BAUWEISE__bauw_fertigteilbauweise
relationship,HAT_BAUWEISE,review_status,128,128,100.0,0,str:128,,0,1,review_keep_or_provenance,P1,may be real edge evidence/status; keep only if queried,needs_source_url_review
relationship,HAT_BAUWEISE,source_resolution_status,128,128,100.0,0,str:128,,0,1,review_keep_or_source_edge,P1,"edge provenance can be valid, but normalize to source_type/source_detail or BELEGT_IN",needs_source_url_review
relationship,HAT_BAUWEISE,source_status,128,128,100.0,0,str:128,,0,1,review_keep_or_source_edge,P1,"edge provenance can be valid, but normalize to source_type/source_detail or BELEGT_IN",missing
relationship,HAT_BAUWEISE,source_status_migration,128,128,100.0,0,str:128,,0,1,review_keep_or_source_edge,P1,"edge provenance can be valid, but normalize to source_type/source_detail or BELEGT_IN",mig_source_status_normalization_2026_05_28
relationship,HAT_BAUWEISE,source_status_reason,128,128,100.0,0,str:128,,0,1,review_keep_or_source_edge,P1,"edge provenance can be valid, but normalize to source_type/source_detail or BELEGT_IN",no_exact_url_binding_needs_review
relationship,HAT_BESCHAFFUNGSWEG,derivation_note,274,274,100.0,0,str:274,,0,2,review_domain_property,P3,domain-specific edge value,| r1: derived=>topology_synthesized (catch-all: basis=legacy_migration) || | r1: derived=>topology_synthesized (catch-all: basis=controlled_vocab)
relationship,HAT_BESCHAFFUNGSWEG,evidence_basis,274,274,100.0,0,str:274,,0,2,review_keep_or_source_edge,P1,"edge provenance can be valid, but normalize to source_type/source_detail or BELEGT_IN",legacy_migration || controlled_vocab
relationship,HAT_BESCHAFFUNGSWEG,evidence_confidence,274,274,100.0,0,str:274,,0,1,review_keep_or_source_edge,P1,"edge provenance can be valid, but normalize to source_type/source_detail or BELEGT_IN",unklar
relationship,HAT_BESCHAFFUNGSWEG,evidence_excerpt,274,40,14.6,234,str:40,,0,1,review_keep_or_source_edge,P1,"edge provenance can be valid, but normalize to source_type/source_detail or BELEGT_IN",BELEGT
relationship,HAT_BESCHAFFUNGSWEG,evidence_origin,274,274,100.0,0,str:274,,0,1,review_keep_or_source_edge,P1,"edge provenance can be valid, but normalize to source_type/source_detail or BELEGT_IN",topology_synthesized
relationship,HAT_BESCHAFFUNGSWEG,evidence_source_id,274,274,100.0,0,str:274,,0,3,review_keep_or_source_edge,P1,"edge provenance can be valid, but normalize to source_type/source_detail or BELEGT_IN",archive:Verbiest_Karreveld_Brussels.md (replicated from pre-split BG) || mig_4_1 || batch2_v2_followup_2026-05-20
relationship,HAT_BESCHAFFUNGSWEG,id,274,274,100.0,0,str:274,,0,274,keep_minimum,P0,relationship identity handle required by current constraints,r_bg_reuse_stahl_gelaender_verbiest_charleroi__HAT_BESCHAFFUNGSWEG__bweg_rueckbauprojekt || r_bg_reuse_keramik_boden_verbiest_charleroi__HAT_BESCHAFFUNGSWEG__bweg_rueckbauprojekt || r_bg_reuse_naturstein_wand_verbiest_charleroi__HAT_BESCHAFFUNGSWEG__bweg_rueckbauprojekt || r_bg_reuse_stahl_mehrere_55gss_external_core__HAT_BESCHAFFUNGSWEG__bweg_direktvermittlung
relationship,HAT_BESCHAFFUNGSWEG,review_status,274,274,100.0,0,str:274,,0,1,review_keep_or_provenance,P1,may be real edge evidence/status; keep only if queried,needs_source_url_review
relationship,HAT_BESCHAFFUNGSWEG,source_resolution_status,274,274,100.0,0,str:274,,0,1,review_keep_or_source_edge,P1,"edge provenance can be valid, but normalize to source_type/source_detail or BELEGT_IN",needs_source_url_review
relationship,HAT_BESCHAFFUNGSWEG,source_status,274,274,100.0,0,str:274,,0,1,review_keep_or_source_edge,P1,"edge provenance can be valid, but normalize to source_type/source_detail or BELEGT_IN",missing
relationship,HAT_BESCHAFFUNGSWEG,source_status_migration,274,274,100.0,0,str:274,,0,1,review_keep_or_source_edge,P1,"edge provenance can be valid, but normalize to source_type/source_detail or BELEGT_IN",mig_source_status_normalization_2026_05_28
relationship,HAT_BESCHAFFUNGSWEG,source_status_reason,274,274,100.0,0,str:274,,0,1,review_keep_or_source_edge,P1,"edge provenance can be valid, but normalize to source_type/source_detail or BELEGT_IN",no_exact_url_binding_needs_review
relationship,HAT_DEFEKT,derivation_note,42,42,100.0,0,str:42,,0,5,review_domain_property,P3,domain-specific edge value,propagated from project HAT_DEFEKT_BEFUND via material grounding (Stahl) | r1: derived=>topology_synthesized (catch-all: basis=propagated) || propagated from project HAT_DEFEKT_BEFUND via material grounding (Holz) | r1: derived=>topology_synthesized (catch-all: basis=propagated) || propagated from project HAT_DEFEKT_BEFUND via material grounding (Stahlbeton) | r1: derived=>topology_synthesized (catch-all: basis=propagated) || propagated from project HAT_DEFEKT_BEFUND via material grounding (Aluminium) | r1: derived=>topology_synthesized (catch-all: basis=propagated)
relationship,HAT_DEFEKT,evidence_basis,42,42,100.0,0,str:42,,0,2,review_keep_or_source_edge,P1,"edge provenance can be valid, but normalize to source_type/source_detail or BELEGT_IN",propagated || legacy_migration
relationship,HAT_DEFEKT,evidence_confidence,42,42,100.0,0,str:42,,0,1,review_keep_or_source_edge,P1,"edge provenance can be valid, but normalize to source_type/source_detail or BELEGT_IN",unklar
relationship,HAT_DEFEKT,evidence_excerpt,42,11,26.19,31,str:11,,0,1,review_keep_or_source_edge,P1,"edge provenance can be valid, but normalize to source_type/source_detail or BELEGT_IN",BELEGT
relationship,HAT_DEFEKT,evidence_origin,42,42,100.0,0,str:42,,0,1,review_keep_or_source_edge,P1,"edge provenance can be valid, but normalize to source_type/source_detail or BELEGT_IN",topology_synthesized
relationship,HAT_DEFEKT,evidence_source_id,42,42,100.0,0,str:42,,0,2,review_keep_or_source_edge,P1,"edge provenance can be valid, but normalize to source_type/source_detail or BELEGT_IN",round_003_material_propagation || batch2_v2_followup_2026-05-20
relationship,HAT_DEFEKT,id,42,42,100.0,0,str:42,,0,42,keep_minimum,P0,relationship identity handle required by current constraints,r_bg_reuse_mehrere_mehrere_bedzed_fixed_secondary_components__HAT_DEFEKT__def_korrosion || r_bg_reuse_stahl_mehrere_bedzed_structural__HAT_DEFEKT__def_korrosion || r_bg_reuse_stahl_mehrere_biopartner_5_stuetzen_rahmen__HAT_DEFEKT__def_korrosion || r_bg_reuse_stahl_mehrere_drill_stem_pipe_dachtragwerk_saxum__HAT_DEFEKT__def_korrosion
relationship,HAT_DEFEKT,review_status,42,42,100.0,0,str:42,,0,1,review_keep_or_provenance,P1,may be real edge evidence/status; keep only if queried,needs_source_url_review
relationship,HAT_DEFEKT,source_resolution_status,42,42,100.0,0,str:42,,0,1,review_keep_or_source_edge,P1,"edge provenance can be valid, but normalize to source_type/source_detail or BELEGT_IN",needs_source_url_review
relationship,HAT_DEFEKT,source_status,42,42,100.0,0,str:42,,0,1,review_keep_or_source_edge,P1,"edge provenance can be valid, but normalize to source_type/source_detail or BELEGT_IN",missing
relationship,HAT_DEFEKT,source_status_migration,42,42,100.0,0,str:42,,0,1,review_keep_or_source_edge,P1,"edge provenance can be valid, but normalize to source_type/source_detail or BELEGT_IN",mig_source_status_normalization_2026_05_28
relationship,HAT_DEFEKT,source_status_reason,42,42,100.0,0,str:42,,0,1,review_keep_or_source_edge,P1,"edge provenance can be valid, but normalize to source_type/source_detail or BELEGT_IN",no_exact_url_binding_needs_review
relationship,HAT_DEFEKT_BEFUND,derivation_note,25,25,100.0,0,str:25,,0,1,review_domain_property,P3,domain-specific edge value,| r1: derived=>topology_synthesized (catch-all: basis=legacy_migration)
relationship,HAT_DEFEKT_BEFUND,evidence_basis,25,25,100.0,0,str:25,,0,1,review_keep_or_source_edge,P1,"edge provenance can be valid, but normalize to source_type/source_detail or BELEGT_IN",legacy_migration
relationship,HAT_DEFEKT_BEFUND,evidence_confidence,25,25,100.0,0,str:25,,0,1,review_keep_or_source_edge,P1,"edge provenance can be valid, but normalize to source_type/source_detail or BELEGT_IN",unklar
relationship,HAT_DEFEKT_BEFUND,evidence_excerpt,25,25,100.0,0,str:25,,0,25,review_keep_or_source_edge,P1,"edge provenance can be valid, but normalize to source_type/source_detail or BELEGT_IN","| technisch/wirtschaftlich | Korrosion/alte Beschichtungen | zusätzlicher Werkstattaufwa || bekannt | unbekannt | Alter / Korrosion | Prüfung nötig | [S3] | | Zulassung/Haftung | ni || gfähigkeit, Absturzsicherung, Korrosion | unbekannt | Passgenauigkeit, Statik | Zirkular || ntersuchung/Nachweis | Alter, Korrosion, Materialgüte | Prüfung, Coating, sichtbare Anwen"
relationship,HAT_DEFEKT_BEFUND,evidence_origin,25,25,100.0,0,str:25,,0,1,review_keep_or_source_edge,P1,"edge provenance can be valid, but normalize to source_type/source_detail or BELEGT_IN",topology_synthesized
relationship,HAT_DEFEKT_BEFUND,evidence_source_id,25,25,100.0,0,str:25,,0,20,review_keep_or_source_edge,P1,"edge provenance can be valid, but normalize to source_type/source_detail or BELEGT_IN",archive:BedZED_London_Hackbridge.md || archive:Berlin_Schildow_Pilot_House_2.md || archive:Grubenstrasse_29_Werkhof_29_Zuerich.md || archive:BioPartner_5_Leiden_Oegstgeest.md
relationship,HAT_DEFEKT_BEFUND,id,25,25,100.0,0,str:25,,0,25,keep_minimum,P0,relationship identity handle required by current constraints,r_p_bedzed_london_hackbridge__HAT_DEFEKT_BEFUND__def_korrosion || r_p_berlin_schildow_pilot_house__HAT_DEFEKT_BEFUND__def_korrosion || r_p_grubenstrasse_29_werkhof_29_zuerich__HAT_DEFEKT_BEFUND__def_korrosion || r_p_biopartner_5_leiden_oegstgeest__HAT_DEFEKT_BEFUND__def_korrosion
relationship,HAT_DEFEKT_BEFUND,review_status,25,25,100.0,0,str:25,,0,1,review_keep_or_provenance,P1,may be real edge evidence/status; keep only if queried,needs_source_url_review
relationship,HAT_DEFEKT_BEFUND,source_resolution_status,25,25,100.0,0,str:25,,0,1,review_keep_or_source_edge,P1,"edge provenance can be valid, but normalize to source_type/source_detail or BELEGT_IN",needs_source_url_review
relationship,HAT_DEFEKT_BEFUND,source_status,25,25,100.0,0,str:25,,0,1,review_keep_or_source_edge,P1,"edge provenance can be valid, but normalize to source_type/source_detail or BELEGT_IN",missing
relationship,HAT_DEFEKT_BEFUND,source_status_migration,25,25,100.0,0,str:25,,0,1,review_keep_or_source_edge,P1,"edge provenance can be valid, but normalize to source_type/source_detail or BELEGT_IN",mig_source_status_normalization_2026_05_28
relationship,HAT_DEFEKT_BEFUND,source_status_reason,25,25,100.0,0,str:25,,0,1,review_keep_or_source_edge,P1,"edge provenance can be valid, but normalize to source_type/source_detail or BELEGT_IN",no_exact_url_binding_needs_review
relationship,HAT_FUNKTIONSWECHSEL,derivation_note,293,293,100.0,0,str:293,,0,2,review_domain_property,P3,domain-specific edge value,| r1: derived=>topology_synthesized (catch-all: basis=legacy_migration) || | r1: derived=>topology_synthesized (catch-all: basis=controlled_vocab)
relationship,HAT_FUNKTIONSWECHSEL,evidence_basis,293,293,100.0,0,str:293,,0,2,review_keep_or_source_edge,P1,"edge provenance can be valid, but normalize to source_type/source_detail or BELEGT_IN",legacy_migration || controlled_vocab
relationship,HAT_FUNKTIONSWECHSEL,evidence_confidence,293,293,100.0,0,str:293,,0,1,review_keep_or_source_edge,P1,"edge provenance can be valid, but normalize to source_type/source_detail or BELEGT_IN",unklar
relationship,HAT_FUNKTIONSWECHSEL,evidence_excerpt,293,117,39.93,176,str:117,,0,2,review_keep_or_source_edge,P1,"edge provenance can be valid, but normalize to source_type/source_detail or BELEGT_IN",INFER || BELEGT
relationship,HAT_FUNKTIONSWECHSEL,evidence_origin,293,293,100.0,0,str:293,,0,1,review_keep_or_source_edge,P1,"edge provenance can be valid, but normalize to source_type/source_detail or BELEGT_IN",topology_synthesized
relationship,HAT_FUNKTIONSWECHSEL,evidence_source_id,293,293,100.0,0,str:293,,0,3,review_keep_or_source_edge,P1,"edge provenance can be valid, but normalize to source_type/source_detail or BELEGT_IN",batch2_v2_phase26_2026-05-20 || mig_4_1 || batch2_v2_phase22_2026-05-20
relationship,HAT_FUNKTIONSWECHSEL,id,293,293,100.0,0,str:293,,0,293,keep_minimum,P0,relationship identity handle required by current constraints,r_bg_reuse_stahl_gelaender_verbiest_charleroi__HAT_FUNKTIONSWECHSEL__fw_neue_funktion || r_bg_reuse_keramik_boden_verbiest_charleroi__HAT_FUNKTIONSWECHSEL__fw_neue_funktion || r_bg_reuse_naturstein_wand_verbiest_charleroi__HAT_FUNKTIONSWECHSEL__fw_neue_funktion || r_bg_reuse_stahl_mehrere_55gss_external_core__HAT_FUNKTIONSWECHSEL__fw_neue_funktion
relationship,HAT_FUNKTIONSWECHSEL,review_status,293,293,100.0,0,str:293,,0,1,review_keep_or_provenance,P1,may be real edge evidence/status; keep only if queried,needs_source_url_review
relationship,HAT_FUNKTIONSWECHSEL,source_resolution_status,293,293,100.0,0,str:293,,0,1,review_keep_or_source_edge,P1,"edge provenance can be valid, but normalize to source_type/source_detail or BELEGT_IN",needs_source_url_review
relationship,HAT_FUNKTIONSWECHSEL,source_status,293,293,100.0,0,str:293,,0,1,review_keep_or_source_edge,P1,"edge provenance can be valid, but normalize to source_type/source_detail or BELEGT_IN",missing
relationship,HAT_FUNKTIONSWECHSEL,source_status_migration,293,293,100.0,0,str:293,,0,1,review_keep_or_source_edge,P1,"edge provenance can be valid, but normalize to source_type/source_detail or BELEGT_IN",mig_source_status_normalization_2026_05_28
relationship,HAT_FUNKTIONSWECHSEL,source_status_reason,293,293,100.0,0,str:293,,0,1,review_keep_or_source_edge,P1,"edge provenance can be valid, but normalize to source_type/source_detail or BELEGT_IN",no_exact_url_binding_needs_review
relationship,HAT_GELTUNGSBEREICH,evidence_basis,15,15,100.0,0,str:15,,0,1,review_keep_or_source_edge,P1,"edge provenance can be valid, but normalize to source_type/source_detail or BELEGT_IN",official_web_audit
relationship,HAT_GELTUNGSBEREICH,evidence_confidence,15,15,100.0,0,str:15,,0,2,review_keep_or_source_edge,P1,"edge provenance can be valid, but normalize to source_type/source_detail or BELEGT_IN",belegt || teilweise_belegt
relationship,HAT_GELTUNGSBEREICH,evidence_origin,15,15,100.0,0,str:15,,0,1,review_keep_or_source_edge,P1,"edge provenance can be valid, but normalize to source_type/source_detail or BELEGT_IN",source_curated
relationship,HAT_GELTUNGSBEREICH,evidence_source_id,15,15,100.0,0,str:15,,0,1,review_keep_or_source_edge,P1,"edge provenance can be valid, but normalize to source_type/source_detail or BELEGT_IN",scope_audit_2026_05_31
relationship,HAT_GELTUNGSBEREICH,id,15,15,100.0,0,str:15,,0,15,keep_minimum,P0,relationship identity handle required by current constraints,norm_en_1090__HAT_GELTUNGSBEREICH__geltungsbereich_en_cen_cenelec_mitglieder || norm_en_1992__HAT_GELTUNGSBEREICH__geltungsbereich_eurocodes_eu_efta_uk || rb_ce_marking_reused_steel__HAT_GELTUNGSBEREICH__geltungsbereich_cpr_eea || rb_ukca_marking_reused_steel__HAT_GELTUNGSBEREICH__geltungsbereich_ukca_grossbritannien
relationship,HAT_GELTUNGSBEREICH,review_status,15,15,100.0,0,str:15,,0,1,review_keep_or_provenance,P1,may be real edge evidence/status; keep only if queried,reviewed
relationship,HAT_GELTUNGSBEREICH,source_scope,15,15,100.0,0,str:15,,0,1,review_keep_or_source_edge,P1,"edge provenance can be valid, but normalize to source_type/source_detail or BELEGT_IN",scope_audit_2026_05_31
relationship,HAT_GESCHAEFTSMODELL,evidence_basis,44,44,100.0,0,str:44,,0,1,review_keep_or_source_edge,P1,"edge provenance can be valid, but normalize to source_type/source_detail or BELEGT_IN",marktmodell_addendum_2026_05_31
relationship,HAT_GESCHAEFTSMODELL,evidence_confidence,44,44,100.0,0,str:44,,0,2,review_keep_or_source_edge,P1,"edge provenance can be valid, but normalize to source_type/source_detail or BELEGT_IN",belegt || wahrscheinlich
relationship,HAT_GESCHAEFTSMODELL,review_run,44,44,100.0,0,str:44,,0,1,review_domain_property,P3,domain-specific edge value,bauteilboersen_finalest_30_2026_05_31
relationship,HAT_HUERDE,derivation_note,1044,1044,100.0,0,str:1044,,0,2,review_domain_property,P3,domain-specific edge value,| r1: derived=>topology_synthesized (catch-all: basis=controlled_vocab) || former_basis=demoted_from_kette | r1: derived=>topology_synthesized (catch-all: basis=propagated)
relationship,HAT_HUERDE,evidence_basis,1044,1044,100.0,0,str:1044,,0,2,review_keep_or_source_edge,P1,"edge provenance can be valid, but normalize to source_type/source_detail or BELEGT_IN",controlled_vocab || propagated
relationship,HAT_HUERDE,evidence_confidence,1044,1044,100.0,0,str:1044,,0,1,review_keep_or_source_edge,P1,"edge provenance can be valid, but normalize to source_type/source_detail or BELEGT_IN",unklar
relationship,HAT_HUERDE,evidence_excerpt,1044,33,3.16,1011,str:33,,0,1,review_keep_or_source_edge,P1,"edge provenance can be valid, but normalize to source_type/source_detail or BELEGT_IN",BELEGT
relationship,HAT_HUERDE,evidence_origin,1044,1044,100.0,0,str:1044,,0,1,review_keep_or_source_edge,P1,"edge provenance can be valid, but normalize to source_type/source_detail or BELEGT_IN",topology_synthesized
relationship,HAT_HUERDE,evidence_source_id,1044,1044,100.0,0,str:1044,,0,8,review_keep_or_source_edge,P1,"edge provenance can be valid, but normalize to source_type/source_detail or BELEGT_IN",archive:Verbiest_Karreveld_Brussels.md (replicated from pre-split BG) || mig_4_1 || batch2_v2_followup_2026-05-20 || k_green_house_knoopkazerne_tiel_to_pavilion
relationship,HAT_HUERDE,id,1044,987,94.54,57,str:987,,0,987,keep_minimum,P0,relationship identity handle required by current constraints,r_bg_reuse_stahl_gelaender_verbiest_charleroi__HAT_HUERDE__h_materialqualitaet_unklar || r_bg_reuse_keramik_boden_verbiest_charleroi__HAT_HUERDE__h_materialqualitaet_unklar || r_bg_reuse_naturstein_wand_verbiest_charleroi__HAT_HUERDE__h_materialqualitaet_unklar || r_bg_reuse_stahl_mehrere_55gss_external_core__HAT_HUERDE__h_kompatibilitaetsproblem
relationship,HAT_HUERDE,review_status,1044,1044,100.0,0,str:1044,,0,1,review_keep_or_provenance,P1,may be real edge evidence/status; keep only if queried,needs_source_url_review
relationship,HAT_HUERDE,source_resolution_status,1044,1044,100.0,0,str:1044,,0,1,review_keep_or_source_edge,P1,"edge provenance can be valid, but normalize to source_type/source_detail or BELEGT_IN",needs_source_url_review
relationship,HAT_HUERDE,source_status,1044,1044,100.0,0,str:1044,,0,1,review_keep_or_source_edge,P1,"edge provenance can be valid, but normalize to source_type/source_detail or BELEGT_IN",missing
relationship,HAT_HUERDE,source_status_migration,1044,1044,100.0,0,str:1044,,0,1,review_keep_or_source_edge,P1,"edge provenance can be valid, but normalize to source_type/source_detail or BELEGT_IN",mig_source_status_normalization_2026_05_28
relationship,HAT_HUERDE,source_status_reason,1044,1044,100.0,0,str:1044,,0,1,review_keep_or_source_edge,P1,"edge provenance can be valid, but normalize to source_type/source_detail or BELEGT_IN",no_exact_url_binding_needs_review
relationship,HAT_HUERDEKATEGORIE,derivation_note,167,167,100.0,0,str:167,,0,2,review_domain_property,P3,domain-specific edge value,| r1: derived=>topology_synthesized (catch-all: basis=legacy_migration) || | r1: derived=>topology_synthesized (catch-all: basis=controlled_vocab)
relationship,HAT_HUERDEKATEGORIE,evidence_basis,167,167,100.0,0,str:167,,0,2,review_keep_or_source_edge,P1,"edge provenance can be valid, but normalize to source_type/source_detail or BELEGT_IN",legacy_migration || controlled_vocab
relationship,HAT_HUERDEKATEGORIE,evidence_confidence,167,167,100.0,0,str:167,,0,1,review_keep_or_source_edge,P1,"edge provenance can be valid, but normalize to source_type/source_detail or BELEGT_IN",unklar
relationship,HAT_HUERDEKATEGORIE,evidence_origin,167,167,100.0,0,str:167,,0,1,review_keep_or_source_edge,P1,"edge provenance can be valid, but normalize to source_type/source_detail or BELEGT_IN",topology_synthesized
relationship,HAT_HUERDEKATEGORIE,evidence_source_id,167,167,100.0,0,str:167,,0,2,review_keep_or_source_edge,P1,"edge provenance can be valid, but normalize to source_type/source_detail or BELEGT_IN",archive:Verbiest_Karreveld_Brussels.md (replicated from pre-split BG) || mig_4_1
relationship,HAT_HUERDEKATEGORIE,id,167,167,100.0,0,str:167,,0,167,keep_minimum,P0,relationship identity handle required by current constraints,r_bg_reuse_stahl_gelaender_verbiest_charleroi__HAT_HUERDEKATEGORIE__hk_technisch || r_bg_reuse_keramik_boden_verbiest_charleroi__HAT_HUERDEKATEGORIE__hk_technisch || r_bg_reuse_naturstein_wand_verbiest_charleroi__HAT_HUERDEKATEGORIE__hk_technisch || r_bg_reuse_holz_mehrere_brettschichtholzbogen_recypark_demets__HAT_HUERDEKATEGORIE__hk_technisch
relationship,HAT_HUERDEKATEGORIE,review_status,167,167,100.0,0,str:167,,0,1,review_keep_or_provenance,P1,may be real edge evidence/status; keep only if queried,needs_source_url_review
relationship,HAT_HUERDEKATEGORIE,source_resolution_status,167,167,100.0,0,str:167,,0,1,review_keep_or_source_edge,P1,"edge provenance can be valid, but normalize to source_type/source_detail or BELEGT_IN",needs_source_url_review
relationship,HAT_HUERDEKATEGORIE,source_status,167,167,100.0,0,str:167,,0,1,review_keep_or_source_edge,P1,"edge provenance can be valid, but normalize to source_type/source_detail or BELEGT_IN",missing
relationship,HAT_HUERDEKATEGORIE,source_status_migration,167,167,100.0,0,str:167,,0,1,review_keep_or_source_edge,P1,"edge provenance can be valid, but normalize to source_type/source_detail or BELEGT_IN",mig_source_status_normalization_2026_05_28
relationship,HAT_HUERDEKATEGORIE,source_status_reason,167,167,100.0,0,str:167,,0,1,review_keep_or_source_edge,P1,"edge provenance can be valid, but normalize to source_type/source_detail or BELEGT_IN",no_exact_url_binding_needs_review
relationship,HAT_INTERVENTION,derivation_note,144,144,100.0,0,str:144,,0,2,review_domain_property,P3,domain-specific edge value,| r1: derived=>topology_synthesized (catch-all: basis=controlled_vocab) || | r1: derived=>topology_synthesized (catch-all: basis=legacy_migration)
relationship,HAT_INTERVENTION,evidence_basis,144,144,100.0,0,str:144,,0,2,review_keep_or_source_edge,P1,"edge provenance can be valid, but normalize to source_type/source_detail or BELEGT_IN",controlled_vocab || legacy_migration
relationship,HAT_INTERVENTION,evidence_confidence,144,144,100.0,0,str:144,,0,1,review_keep_or_source_edge,P1,"edge provenance can be valid, but normalize to source_type/source_detail or BELEGT_IN",unklar
relationship,HAT_INTERVENTION,evidence_excerpt,144,10,6.94,134,str:10,,0,1,review_keep_or_source_edge,P1,"edge provenance can be valid, but normalize to source_type/source_detail or BELEGT_IN",BELEGT
relationship,HAT_INTERVENTION,evidence_origin,144,144,100.0,0,str:144,,0,1,review_keep_or_source_edge,P1,"edge provenance can be valid, but normalize to source_type/source_detail or BELEGT_IN",topology_synthesized
relationship,HAT_INTERVENTION,evidence_source_id,144,144,100.0,0,str:144,,0,2,review_keep_or_source_edge,P1,"edge provenance can be valid, but normalize to source_type/source_detail or BELEGT_IN",mig_4_1 || batch2_v2_import_2026-05-20
relationship,HAT_INTERVENTION,id,144,144,100.0,0,str:144,,0,144,keep_minimum,P0,relationship identity handle required by current constraints,r_p_55_great_suffolk_street_london__HAT_INTERVENTION__bai_sanierung || r_p_association_house_groeditz__HAT_INTERVENTION__bai_neubau || r_p_association_house_plauen__HAT_INTERVENTION__bai_neubau || r_p_bedzed_london_hackbridge__HAT_INTERVENTION__bai_neubau
relationship,HAT_INTERVENTION,review_status,144,144,100.0,0,str:144,,0,1,review_keep_or_provenance,P1,may be real edge evidence/status; keep only if queried,needs_source_url_review
relationship,HAT_INTERVENTION,source_resolution_status,144,144,100.0,0,str:144,,0,1,review_keep_or_source_edge,P1,"edge provenance can be valid, but normalize to source_type/source_detail or BELEGT_IN",needs_source_url_review
relationship,HAT_INTERVENTION,source_status,144,144,100.0,0,str:144,,0,1,review_keep_or_source_edge,P1,"edge provenance can be valid, but normalize to source_type/source_detail or BELEGT_IN",missing
relationship,HAT_INTERVENTION,source_status_migration,144,144,100.0,0,str:144,,0,1,review_keep_or_source_edge,P1,"edge provenance can be valid, but normalize to source_type/source_detail or BELEGT_IN",mig_source_status_normalization_2026_05_28
relationship,HAT_INTERVENTION,source_status_reason,144,144,100.0,0,str:144,,0,1,review_keep_or_source_edge,P1,"edge provenance can be valid, but normalize to source_type/source_detail or BELEGT_IN",no_exact_url_binding_needs_review
relationship,HAT_KENNWERT,evidence_basis,255,255,100.0,0,str:255,,0,2,review_keep_or_source_edge,P1,"edge provenance can be valid, but normalize to source_type/source_detail or BELEGT_IN",legacy_fact_property || cell_citation
relationship,HAT_KENNWERT,evidence_cleanup_run,255,25,9.8,230,str:25,,0,1,review_keep_or_source_edge,P1,"edge provenance can be valid, but normalize to source_type/source_detail or BELEGT_IN",2026-05-28_belegt_confidence_conflict_cleanup
relationship,HAT_KENNWERT,evidence_confidence,255,255,100.0,0,str:255,,0,3,review_keep_or_source_edge,P1,"edge provenance can be valid, but normalize to source_type/source_detail or BELEGT_IN",unklar || teilweise_belegt || belegt
relationship,HAT_KENNWERT,evidence_confidence_status,255,25,9.8,230,str:25,,0,1,review_keep_or_source_edge,P1,"edge provenance can be valid, but normalize to source_type/source_detail or BELEGT_IN",downgraded_pending_exact_source_url_review
relationship,HAT_KENNWERT,evidence_note,255,25,9.8,230,str:25,,0,1,review_keep_or_source_edge,P1,"edge provenance can be valid, but normalize to source_type/source_detail or BELEGT_IN",Former evidence_confidence=belegt was downgraded because source_status is not exact and the relationship still needs source URL / exact-claim review.
relationship,HAT_KENNWERT,evidence_origin,255,255,100.0,0,str:255,,0,2,review_keep_or_source_edge,P1,"edge provenance can be valid, but normalize to source_type/source_detail or BELEGT_IN",topology_synthesized || source_curated
relationship,HAT_KENNWERT,evidence_quality,255,25,9.8,230,str:25,,0,1,review_keep_or_source_edge,P1,"edge provenance can be valid, but normalize to source_type/source_detail or BELEGT_IN",source_binding_not_exact
relationship,HAT_KENNWERT,evidence_source_id,255,214,83.92,41,str:214,,0,98,review_keep_or_source_edge,P1,"edge provenance can be valid, but normalize to source_type/source_detail or BELEGT_IN",q_55_great_suffolk_street_london_md || q_association_house_groeditz_md || q_association_house_plauen_md || q_awm_muenster_circular_office_md
relationship,HAT_KENNWERT,invalid_candidate_source_urls,255,88,34.51,167,list[str]:88,,0,20,review_keep_or_source_edge,P1,"edge provenance can be valid, but normalize to source_type/source_detail or BELEGT_IN","[""""] || [""https://olympiap""] || [""https://projecta"",""https://pr""] || [""https://dutchdes""]"
relationship,HAT_KENNWERT,previous_evidence_confidence,255,25,9.8,230,str:25,,0,1,review_keep_or_source_edge,P1,"edge provenance can be valid, but normalize to source_type/source_detail or BELEGT_IN",belegt
relationship,HAT_KENNWERT,review_status,255,203,79.61,52,str:203,,0,1,review_keep_or_provenance,P1,may be real edge evidence/status; keep only if queried,needs_source_url_review
relationship,HAT_KENNWERT,source_resolution_status,255,255,100.0,0,str:255,,0,2,review_keep_or_source_edge,P1,"edge provenance can be valid, but normalize to source_type/source_detail or BELEGT_IN",needs_source_url_review || evidence_source_id_single_url
relationship,HAT_KENNWERT,source_status,255,255,100.0,0,str:255,,0,3,review_keep_or_source_edge,P1,"edge provenance can be valid, but normalize to source_type/source_detail or BELEGT_IN",missing || candidate || exact
relationship,HAT_KENNWERT,source_status_migration,255,255,100.0,0,str:255,,0,1,review_keep_or_source_edge,P1,"edge provenance can be valid, but normalize to source_type/source_detail or BELEGT_IN",mig_source_status_normalization_2026_05_28
relationship,HAT_KENNWERT,source_status_reason,255,255,100.0,0,str:255,,0,3,review_keep_or_source_edge,P1,"edge provenance can be valid, but normalize to source_type/source_detail or BELEGT_IN",no_exact_url_binding_needs_review || candidate_urls_need_fact_review || concrete_source_url_on_fact
relationship,HAT_KENNWERT,source_url,255,52,20.39,203,str:52,,0,32,review_keep_or_source_edge,P1,"edge provenance can be valid, but normalize to source_type/source_detail or BELEGT_IN",https://www.nationalestaalprijs.nl/project/biopartner-5 || https://www.construction21.org/france/case-studies/h/pavillon-de-sanitaires-du-chiro-d-itterbeek.html || https://www.ekopolis.fr/operations-batiment/la-ferme-du-rail || https://www.construction21.org/france/case-studies/h/la-grande-halle-de-colombelles.html
relationship,HAT_KENNWERT,source_url_node_id,255,52,20.39,203,str:52,,0,32,review_keep_or_source_edge,P1,"edge provenance can be valid, but normalize to source_type/source_detail or BELEGT_IN",q_biopartner_5_leiden_oegstgeest_s2 || q_chiro_d_itterbeek_dilbeek_s2 || q_ferme_du_rail_paris_s2 || q_grande_halle_de_colombelles_s3
relationship,HAT_KENNWERT,strict_candidate_url_array_cleanup,255,88,34.51,167,str:88,,0,1,review_keep_or_source_edge,P1,"edge provenance can be valid, but normalize to source_type/source_detail or BELEGT_IN",mig_strict_candidate_url_array_cleanup_2026_05_23
relationship,HAT_KENNWERT,strict_source_url_cleanup,255,162,63.53,93,str:162,,0,1,review_keep_or_source_edge,P1,"edge provenance can be valid, but normalize to source_type/source_detail or BELEGT_IN",mig_strict_source_url_binding_cleanup_2026_05_23
relationship,HAT_LEISTUNGSANFORDERUNG,derivation_note,549,549,100.0,0,str:549,,0,2,review_domain_property,P3,domain-specific edge value,| r1: derived=>topology_synthesized (catch-all: basis=legacy_migration) || | r1: derived=>topology_synthesized (catch-all: basis=controlled_vocab)
relationship,HAT_LEISTUNGSANFORDERUNG,evidence_basis,549,549,100.0,0,str:549,,0,2,review_keep_or_source_edge,P1,"edge provenance can be valid, but normalize to source_type/source_detail or BELEGT_IN",legacy_migration || controlled_vocab
relationship,HAT_LEISTUNGSANFORDERUNG,evidence_confidence,549,549,100.0,0,str:549,,0,1,review_keep_or_source_edge,P1,"edge provenance can be valid, but normalize to source_type/source_detail or BELEGT_IN",unklar
relationship,HAT_LEISTUNGSANFORDERUNG,evidence_excerpt,549,46,8.38,503,str:46,,0,1,review_keep_or_source_edge,P1,"edge provenance can be valid, but normalize to source_type/source_detail or BELEGT_IN",BELEGT
relationship,HAT_LEISTUNGSANFORDERUNG,evidence_origin,549,549,100.0,0,str:549,,0,1,review_keep_or_source_edge,P1,"edge provenance can be valid, but normalize to source_type/source_detail or BELEGT_IN",topology_synthesized
relationship,HAT_LEISTUNGSANFORDERUNG,evidence_source_id,549,549,100.0,0,str:549,,0,3,review_keep_or_source_edge,P1,"edge provenance can be valid, but normalize to source_type/source_detail or BELEGT_IN",archive:Verbiest_Karreveld_Brussels.md (replicated from pre-split BG) || mig_4_1 || batch2_v2_followup_2026-05-20
relationship,HAT_LEISTUNGSANFORDERUNG,id,549,549,100.0,0,str:549,,0,549,keep_minimum,P0,relationship identity handle required by current constraints,r_bg_reuse_stahl_gelaender_verbiest_charleroi__HAT_LEISTUNGSANFORDERUNG__la_dauerhaftigkeit || r_bg_reuse_keramik_boden_verbiest_charleroi__HAT_LEISTUNGSANFORDERUNG__la_dauerhaftigkeit || r_bg_reuse_naturstein_wand_verbiest_charleroi__HAT_LEISTUNGSANFORDERUNG__la_dauerhaftigkeit || r_bg_reuse_stahl_mehrere_55gss_external_core__HAT_LEISTUNGSANFORDERUNG__la_tragfaehigkeit
relationship,HAT_LEISTUNGSANFORDERUNG,review_status,549,549,100.0,0,str:549,,0,1,review_keep_or_provenance,P1,may be real edge evidence/status; keep only if queried,needs_source_url_review
relationship,HAT_LEISTUNGSANFORDERUNG,source_resolution_status,549,549,100.0,0,str:549,,0,1,review_keep_or_source_edge,P1,"edge provenance can be valid, but normalize to source_type/source_detail or BELEGT_IN",needs_source_url_review
relationship,HAT_LEISTUNGSANFORDERUNG,source_status,549,549,100.0,0,str:549,,0,1,review_keep_or_source_edge,P1,"edge provenance can be valid, but normalize to source_type/source_detail or BELEGT_IN",missing
relationship,HAT_LEISTUNGSANFORDERUNG,source_status_migration,549,549,100.0,0,str:549,,0,1,review_keep_or_source_edge,P1,"edge provenance can be valid, but normalize to source_type/source_detail or BELEGT_IN",mig_source_status_normalization_2026_05_28
relationship,HAT_LEISTUNGSANFORDERUNG,source_status_reason,549,549,100.0,0,str:549,,0,1,review_keep_or_source_edge,P1,"edge provenance can be valid, but normalize to source_type/source_detail or BELEGT_IN",no_exact_url_binding_needs_review
relationship,HAT_LOGISTIK,derivation_note,494,494,100.0,0,str:494,,0,3,review_domain_property,P3,domain-specific edge value,| r1: derived=>topology_synthesized (catch-all: basis=legacy_migration) || | r1: derived=>topology_synthesized (catch-all: basis=controlled_vocab) || | r1: derived=>topology_synthesized (catch-all: basis=demoted_from_kette)
relationship,HAT_LOGISTIK,evidence_basis,494,494,100.0,0,str:494,,0,3,review_keep_or_source_edge,P1,"edge provenance can be valid, but normalize to source_type/source_detail or BELEGT_IN",legacy_migration || controlled_vocab || demoted_from_kette
relationship,HAT_LOGISTIK,evidence_confidence,494,494,100.0,0,str:494,,0,1,review_keep_or_source_edge,P1,"edge provenance can be valid, but normalize to source_type/source_detail or BELEGT_IN",unklar
relationship,HAT_LOGISTIK,evidence_excerpt,494,44,8.91,450,str:44,,0,1,review_keep_or_source_edge,P1,"edge provenance can be valid, but normalize to source_type/source_detail or BELEGT_IN",BELEGT
relationship,HAT_LOGISTIK,evidence_origin,494,494,100.0,0,str:494,,0,1,review_keep_or_source_edge,P1,"edge provenance can be valid, but normalize to source_type/source_detail or BELEGT_IN",topology_synthesized
relationship,HAT_LOGISTIK,evidence_source_id,494,494,100.0,0,str:494,,0,8,review_keep_or_source_edge,P1,"edge provenance can be valid, but normalize to source_type/source_detail or BELEGT_IN",archive:Verbiest_Karreveld_Brussels.md (replicated from pre-split BG) || mig_4_1 || k_green_house_knoopkazerne_tiel_to_pavilion || k_superlocal_ursulastraat_to_expogebouw
relationship,HAT_LOGISTIK,id,494,436,88.26,58,str:436,,0,436,keep_minimum,P0,relationship identity handle required by current constraints,r_bg_reuse_stahl_gelaender_verbiest_charleroi__HAT_LOGISTIK__log_transport || r_bg_reuse_keramik_boden_verbiest_charleroi__HAT_LOGISTIK__log_transport || r_bg_reuse_naturstein_wand_verbiest_charleroi__HAT_LOGISTIK__log_transport || r_bg_reuse_stahl_mehrere_55gss_external_core__HAT_LOGISTIK__log_lagerung
relationship,HAT_LOGISTIK,review_status,494,494,100.0,0,str:494,,0,1,review_keep_or_provenance,P1,may be real edge evidence/status; keep only if queried,needs_source_url_review
relationship,HAT_LOGISTIK,source_resolution_status,494,494,100.0,0,str:494,,0,1,review_keep_or_source_edge,P1,"edge provenance can be valid, but normalize to source_type/source_detail or BELEGT_IN",needs_source_url_review
relationship,HAT_LOGISTIK,source_status,494,494,100.0,0,str:494,,0,1,review_keep_or_source_edge,P1,"edge provenance can be valid, but normalize to source_type/source_detail or BELEGT_IN",missing
relationship,HAT_LOGISTIK,source_status_migration,494,494,100.0,0,str:494,,0,1,review_keep_or_source_edge,P1,"edge provenance can be valid, but normalize to source_type/source_detail or BELEGT_IN",mig_source_status_normalization_2026_05_28
relationship,HAT_LOGISTIK,source_status_reason,494,494,100.0,0,str:494,,0,1,review_keep_or_source_edge,P1,"edge provenance can be valid, but normalize to source_type/source_detail or BELEGT_IN",no_exact_url_binding_needs_review
relationship,HAT_MARKTMODELL,derivation_note,404,374,92.57,30,str:374,,0,2,review_domain_property,P3,domain-specific edge value,| r1: derived=>topology_synthesized (catch-all: basis=legacy_migration) || | r1: confidence=bookkeeping→unklar + is_bookkeeping=true | r1: derived=>topology_synthesized (catch-all: basis=propagated)
relationship,HAT_MARKTMODELL,evidence_basis,404,404,100.0,0,str:404,,0,3,review_keep_or_source_edge,P1,"edge provenance can be valid, but normalize to source_type/source_detail or BELEGT_IN",legacy_migration || propagated || gm_fingerprint_2026_05_31
relationship,HAT_MARKTMODELL,evidence_confidence,404,374,92.57,30,str:374,,0,1,review_keep_or_source_edge,P1,"edge provenance can be valid, but normalize to source_type/source_detail or BELEGT_IN",unklar
relationship,HAT_MARKTMODELL,evidence_excerpt,404,53,13.12,351,str:53,,0,1,review_keep_or_source_edge,P1,"edge provenance can be valid, but normalize to source_type/source_detail or BELEGT_IN",BELEGT
relationship,HAT_MARKTMODELL,evidence_origin,404,374,92.57,30,str:374,,0,1,review_keep_or_source_edge,P1,"edge provenance can be valid, but normalize to source_type/source_detail or BELEGT_IN",topology_synthesized
relationship,HAT_MARKTMODELL,evidence_source_id,404,374,92.57,30,str:374,,0,5,review_keep_or_source_edge,P1,"edge provenance can be valid, but normalize to source_type/source_detail or BELEGT_IN",archive:Verbiest_Karreveld_Brussels.md (replicated from pre-split BG) || round_003_project_propagation || Same-site reuse (donor=receiver Bauwerk); no market transaction || batch2_v2_followup_2026-05-20
relationship,HAT_MARKTMODELL,id,404,374,92.57,30,str:374,,0,374,keep_minimum,P0,relationship identity handle required by current constraints,r_bg_reuse_stahl_gelaender_verbiest_charleroi__HAT_MARKTMODELL__mm_same_site || r_bg_reuse_keramik_boden_verbiest_charleroi__HAT_MARKTMODELL__mm_same_site || r_bg_reuse_naturstein_wand_verbiest_charleroi__HAT_MARKTMODELL__mm_same_site || r_bg_reuse_stahl_mehrere_55gss_external_core__HAT_MARKTMODELL__mm_spende
relationship,HAT_MARKTMODELL,is_bookkeeping,404,315,77.97,89,bool:315,,0,1,review_domain_property,P3,domain-specific edge value,true
relationship,HAT_MARKTMODELL,original_source_excerpt,404,315,77.97,89,str:315,,0,1,review_keep_or_source_edge,P1,"edge provenance can be valid, but normalize to source_type/source_detail or BELEGT_IN",propagated from project HAT_DOMINANT_MARKTMODELL (project-wide sourcing)
relationship,HAT_MARKTMODELL,review_run,404,30,7.43,374,str:30,,0,1,review_domain_property,P3,domain-specific edge value,bauteilboersen_finalest_30_2026_05_31
relationship,HAT_MARKTMODELL,review_status,404,374,92.57,30,str:374,,0,1,review_keep_or_provenance,P1,may be real edge evidence/status; keep only if queried,needs_source_url_review
relationship,HAT_MARKTMODELL,source_resolution_status,404,374,92.57,30,str:374,,0,1,review_keep_or_source_edge,P1,"edge provenance can be valid, but normalize to source_type/source_detail or BELEGT_IN",needs_source_url_review
relationship,HAT_MARKTMODELL,source_status,404,374,92.57,30,str:374,,0,1,review_keep_or_source_edge,P1,"edge provenance can be valid, but normalize to source_type/source_detail or BELEGT_IN",missing
relationship,HAT_MARKTMODELL,source_status_migration,404,374,92.57,30,str:374,,0,1,review_keep_or_source_edge,P1,"edge provenance can be valid, but normalize to source_type/source_detail or BELEGT_IN",mig_source_status_normalization_2026_05_28
relationship,HAT_MARKTMODELL,source_status_reason,404,374,92.57,30,str:374,,0,1,review_keep_or_source_edge,P1,"edge provenance can be valid, but normalize to source_type/source_detail or BELEGT_IN",no_exact_url_binding_needs_review
relationship,HAT_MATCHINGQUALITAET,derivation_note,182,182,100.0,0,str:182,,0,1,review_domain_property,P3,domain-specific edge value,| r1: derived=>topology_synthesized (catch-all: basis=legacy_migration)
relationship,HAT_MATCHINGQUALITAET,evidence_basis,182,182,100.0,0,str:182,,0,1,review_keep_or_source_edge,P1,"edge provenance can be valid, but normalize to source_type/source_detail or BELEGT_IN",legacy_migration
relationship,HAT_MATCHINGQUALITAET,evidence_confidence,182,182,100.0,0,str:182,,0,1,review_keep_or_source_edge,P1,"edge provenance can be valid, but normalize to source_type/source_detail or BELEGT_IN",unklar
relationship,HAT_MATCHINGQUALITAET,evidence_excerpt,182,182,100.0,0,str:182,,0,165,review_keep_or_source_edge,P1,"edge provenance can be valid, but normalize to source_type/source_detail or BELEGT_IN","en-Fertigteile | Konstruktive Anpassung | [S1] | belegt | Selten dokumentierter Detailhin || bekannt | - | - | unbekannt | Lagerfläche nötig | Platzbedarf | lange Vorlaufzeiten/Lager b || BELEGT || an, just-in-time-Anlieferung; 33 km laut PRECS | Transport und Montage | [S1], [S3] |"
relationship,HAT_MATCHINGQUALITAET,evidence_origin,182,182,100.0,0,str:182,,0,1,review_keep_or_source_edge,P1,"edge provenance can be valid, but normalize to source_type/source_detail or BELEGT_IN",topology_synthesized
relationship,HAT_MATCHINGQUALITAET,evidence_source_id,182,182,100.0,0,str:182,,0,76,review_keep_or_source_edge,P1,"edge provenance can be valid, but normalize to source_type/source_detail or BELEGT_IN",archive:Association_house_Groeditz.md || archive:BedZED_London_Hackbridge.md || batch2_v2_import_2026-05-20 || archive:Berlin_Schildow_Pilot_House_2.md
relationship,HAT_MATCHINGQUALITAET,id,182,182,100.0,0,str:182,,0,182,keep_minimum,P0,relationship identity handle required by current constraints,r_p_association_house_groeditz__HAT_MATCHINGQUALITAET__mq_spec_anpassung || r_p_bedzed_london_hackbridge__HAT_MATCHINGQUALITAET__mq_temporal_storage || r_bg_reuse_metall_tuer_umar_wabbes_handles__HAT_MATCHINGQUALITAET__mq_spec_zweckaenderung || r_bg_reuse_holz_boden_circl_window_frame_floor__HAT_MATCHINGQUALITAET__mq_spec_zweckaenderung
relationship,HAT_MATCHINGQUALITAET,review_status,182,182,100.0,0,str:182,,0,1,review_keep_or_provenance,P1,may be real edge evidence/status; keep only if queried,needs_source_url_review
relationship,HAT_MATCHINGQUALITAET,source_resolution_status,182,182,100.0,0,str:182,,0,1,review_keep_or_source_edge,P1,"edge provenance can be valid, but normalize to source_type/source_detail or BELEGT_IN",needs_source_url_review
relationship,HAT_MATCHINGQUALITAET,source_status,182,182,100.0,0,str:182,,0,1,review_keep_or_source_edge,P1,"edge provenance can be valid, but normalize to source_type/source_detail or BELEGT_IN",missing
relationship,HAT_MATCHINGQUALITAET,source_status_migration,182,182,100.0,0,str:182,,0,1,review_keep_or_source_edge,P1,"edge provenance can be valid, but normalize to source_type/source_detail or BELEGT_IN",mig_source_status_normalization_2026_05_28
relationship,HAT_MATCHINGQUALITAET,source_status_reason,182,182,100.0,0,str:182,,0,1,review_keep_or_source_edge,P1,"edge provenance can be valid, but normalize to source_type/source_detail or BELEGT_IN",no_exact_url_binding_needs_review
relationship,HAT_MATERIALGRUPPE,derivation_note,503,503,100.0,0,str:503,,0,2,review_domain_property,P3,domain-specific edge value,| r1: derived=>topology_synthesized (catch-all: basis=legacy_migration) || | r1: derived=>topology_synthesized (catch-all: basis=controlled_vocab)
relationship,HAT_MATERIALGRUPPE,evidence_basis,503,503,100.0,0,str:503,,0,2,review_keep_or_source_edge,P1,"edge provenance can be valid, but normalize to source_type/source_detail or BELEGT_IN",legacy_migration || controlled_vocab
relationship,HAT_MATERIALGRUPPE,evidence_confidence,503,503,100.0,0,str:503,,0,1,review_keep_or_source_edge,P1,"edge provenance can be valid, but normalize to source_type/source_detail or BELEGT_IN",unklar
relationship,HAT_MATERIALGRUPPE,evidence_excerpt,503,17,3.38,486,str:17,,0,1,review_keep_or_source_edge,P1,"edge provenance can be valid, but normalize to source_type/source_detail or BELEGT_IN",BELEGT
relationship,HAT_MATERIALGRUPPE,evidence_origin,503,503,100.0,0,str:503,,0,1,review_keep_or_source_edge,P1,"edge provenance can be valid, but normalize to source_type/source_detail or BELEGT_IN",topology_synthesized
relationship,HAT_MATERIALGRUPPE,evidence_source_id,503,503,100.0,0,str:503,,0,6,review_keep_or_source_edge,P1,"edge provenance can be valid, but normalize to source_type/source_detail or BELEGT_IN",archive:Verbiest_Karreveld_Brussels.md (split-specific material group) || Phase R-3 derived from Material->Materialgruppe canonical map || mig_4_1 || batch2_v2_import_2026-05-20
relationship,HAT_MATERIALGRUPPE,id,503,503,100.0,0,str:503,,0,503,keep_minimum,P0,relationship identity handle required by current constraints,r_bg_reuse_stahl_gelaender_verbiest_charleroi__HAT_MATERIALGRUPPE__mg_metall || r_bg_reuse_keramik_boden_verbiest_charleroi__HAT_MATERIALGRUPPE__mg_glas_keramik || r_bg_reuse_naturstein_wand_verbiest_charleroi__HAT_MATERIALGRUPPE__mg_mineralisch || r_bg_reuse_stahl_mehrere_55gss_external_core__HAT_MATERIALGRUPPE__mg_metall
relationship,HAT_MATERIALGRUPPE,review_status,503,503,100.0,0,str:503,,0,1,review_keep_or_provenance,P1,may be real edge evidence/status; keep only if queried,needs_source_url_review
relationship,HAT_MATERIALGRUPPE,source_resolution_status,503,503,100.0,0,str:503,,0,1,review_keep_or_source_edge,P1,"edge provenance can be valid, but normalize to source_type/source_detail or BELEGT_IN",needs_source_url_review
relationship,HAT_MATERIALGRUPPE,source_status,503,503,100.0,0,str:503,,0,1,review_keep_or_source_edge,P1,"edge provenance can be valid, but normalize to source_type/source_detail or BELEGT_IN",missing
relationship,HAT_MATERIALGRUPPE,source_status_migration,503,503,100.0,0,str:503,,0,1,review_keep_or_source_edge,P1,"edge provenance can be valid, but normalize to source_type/source_detail or BELEGT_IN",mig_source_status_normalization_2026_05_28
relationship,HAT_MATERIALGRUPPE,source_status_reason,503,503,100.0,0,str:503,,0,1,review_keep_or_source_edge,P1,"edge provenance can be valid, but normalize to source_type/source_detail or BELEGT_IN",no_exact_url_binding_needs_review
relationship,HAT_METHODE,derivation_note,636,595,93.55,41,str:595,,0,3,review_domain_property,P3,domain-specific edge value,| r1: derived=>topology_synthesized (catch-all: basis=controlled_vocab) || | r1: derived=>topology_synthesized (catch-all: basis=legacy_migration) || | r1: derived=>topology_synthesized (catch-all: basis=demoted_from_kette)
relationship,HAT_METHODE,evidence_basis,636,636,100.0,0,str:636,,0,4,review_keep_or_source_edge,P1,"edge provenance can be valid, but normalize to source_type/source_detail or BELEGT_IN",controlled_vocab || legacy_migration || demoted_from_kette || gm_fingerprint_2026_05_31
relationship,HAT_METHODE,evidence_confidence,636,595,93.55,41,str:595,,0,1,review_keep_or_source_edge,P1,"edge provenance can be valid, but normalize to source_type/source_detail or BELEGT_IN",unklar
relationship,HAT_METHODE,evidence_excerpt,636,22,3.46,614,str:22,,0,1,review_keep_or_source_edge,P1,"edge provenance can be valid, but normalize to source_type/source_detail or BELEGT_IN",BELEGT
relationship,HAT_METHODE,evidence_origin,636,595,93.55,41,str:595,,0,1,review_keep_or_source_edge,P1,"edge provenance can be valid, but normalize to source_type/source_detail or BELEGT_IN",topology_synthesized
relationship,HAT_METHODE,evidence_source_id,636,595,93.55,41,str:595,,0,8,review_keep_or_source_edge,P1,"edge provenance can be valid, but normalize to source_type/source_detail or BELEGT_IN",mig_4_1 || archive:Verbiest_Karreveld_Brussels.md (replicated from pre-split BG) || k_green_house_knoopkazerne_tiel_to_pavilion || k_superlocal_ursulastraat_to_expogebouw
relationship,HAT_METHODE,id,636,532,83.65,104,str:532,,0,532,keep_minimum,P0,relationship identity handle required by current constraints,r_p_55_great_suffolk_street_london__HAT_METHODE__meth_urban_mining || r_p_association_house_groeditz__HAT_METHODE__meth_bauteilkatalogisierung || r_p_association_house_plauen__HAT_METHODE__meth_bauteilkatalogisierung || r_p_bedzed_london_hackbridge__HAT_METHODE__meth_building_material_scouting
relationship,HAT_METHODE,review_run,636,41,6.45,595,str:41,,0,1,review_domain_property,P3,domain-specific edge value,bauteilboersen_finalest_30_2026_05_31
relationship,HAT_METHODE,review_status,636,595,93.55,41,str:595,,0,1,review_keep_or_provenance,P1,may be real edge evidence/status; keep only if queried,needs_source_url_review
relationship,HAT_METHODE,source_resolution_status,636,595,93.55,41,str:595,,0,1,review_keep_or_source_edge,P1,"edge provenance can be valid, but normalize to source_type/source_detail or BELEGT_IN",needs_source_url_review
relationship,HAT_METHODE,source_status,636,595,93.55,41,str:595,,0,1,review_keep_or_source_edge,P1,"edge provenance can be valid, but normalize to source_type/source_detail or BELEGT_IN",missing
relationship,HAT_METHODE,source_status_migration,636,595,93.55,41,str:595,,0,1,review_keep_or_source_edge,P1,"edge provenance can be valid, but normalize to source_type/source_detail or BELEGT_IN",mig_source_status_normalization_2026_05_28
relationship,HAT_METHODE,source_status_reason,636,595,93.55,41,str:595,,0,1,review_keep_or_source_edge,P1,"edge provenance can be valid, but normalize to source_type/source_detail or BELEGT_IN",no_exact_url_binding_needs_review
relationship,HAT_NUTZUNG,derivation_note,214,214,100.0,0,str:214,,0,2,review_domain_property,P3,domain-specific edge value,| r1: derived=>topology_synthesized (catch-all: basis=controlled_vocab) || | r1: derived=>topology_synthesized (catch-all: basis=legacy_migration)
relationship,HAT_NUTZUNG,evidence_basis,214,214,100.0,0,str:214,,0,2,review_keep_or_source_edge,P1,"edge provenance can be valid, but normalize to source_type/source_detail or BELEGT_IN",controlled_vocab || legacy_migration
relationship,HAT_NUTZUNG,evidence_confidence,214,214,100.0,0,str:214,,0,1,review_keep_or_source_edge,P1,"edge provenance can be valid, but normalize to source_type/source_detail or BELEGT_IN",unklar
relationship,HAT_NUTZUNG,evidence_excerpt,214,10,4.67,204,str:10,,0,1,review_keep_or_source_edge,P1,"edge provenance can be valid, but normalize to source_type/source_detail or BELEGT_IN",BELEGT
relationship,HAT_NUTZUNG,evidence_origin,214,214,100.0,0,str:214,,0,1,review_keep_or_source_edge,P1,"edge provenance can be valid, but normalize to source_type/source_detail or BELEGT_IN",topology_synthesized
relationship,HAT_NUTZUNG,evidence_source_id,214,214,100.0,0,str:214,,0,2,review_keep_or_source_edge,P1,"edge provenance can be valid, but normalize to source_type/source_detail or BELEGT_IN",mig_4_1 || batch2_v2_import_2026-05-20
relationship,HAT_NUTZUNG,id,214,214,100.0,0,str:214,,0,214,keep_minimum,P0,relationship identity handle required by current constraints,r_p_55_great_suffolk_street_london__HAT_NUTZUNG__nut_buero || r_p_association_house_groeditz__HAT_NUTZUNG__nut_sozialbau || r_p_association_house_plauen__HAT_NUTZUNG__nut_sozialbau || r_p_bedzed_london_hackbridge__HAT_NUTZUNG__nut_mischnutzung
relationship,HAT_NUTZUNG,review_status,214,214,100.0,0,str:214,,0,1,review_keep_or_provenance,P1,may be real edge evidence/status; keep only if queried,needs_source_url_review
relationship,HAT_NUTZUNG,source_resolution_status,214,214,100.0,0,str:214,,0,1,review_keep_or_source_edge,P1,"edge provenance can be valid, but normalize to source_type/source_detail or BELEGT_IN",needs_source_url_review
relationship,HAT_NUTZUNG,source_status,214,214,100.0,0,str:214,,0,1,review_keep_or_source_edge,P1,"edge provenance can be valid, but normalize to source_type/source_detail or BELEGT_IN",missing
relationship,HAT_NUTZUNG,source_status_migration,214,214,100.0,0,str:214,,0,1,review_keep_or_source_edge,P1,"edge provenance can be valid, but normalize to source_type/source_detail or BELEGT_IN",mig_source_status_normalization_2026_05_28
relationship,HAT_NUTZUNG,source_status_reason,214,214,100.0,0,str:214,,0,1,review_keep_or_source_edge,P1,"edge provenance can be valid, but normalize to source_type/source_detail or BELEGT_IN",no_exact_url_binding_needs_review
relationship,HAT_PROZESSPHASE,derivation_note,812,812,100.0,0,str:812,,0,3,review_domain_property,P3,domain-specific edge value,| r1: derived=>topology_synthesized (catch-all: basis=legacy_migration) || | r1: derived=>topology_synthesized (catch-all: basis=controlled_vocab) || | r1: derived=>topology_synthesized (catch-all: basis=demoted_from_kette)
relationship,HAT_PROZESSPHASE,evidence_basis,812,812,100.0,0,str:812,,0,3,review_keep_or_source_edge,P1,"edge provenance can be valid, but normalize to source_type/source_detail or BELEGT_IN",legacy_migration || controlled_vocab || demoted_from_kette
relationship,HAT_PROZESSPHASE,evidence_confidence,812,812,100.0,0,str:812,,0,1,review_keep_or_source_edge,P1,"edge provenance can be valid, but normalize to source_type/source_detail or BELEGT_IN",unklar
relationship,HAT_PROZESSPHASE,evidence_origin,812,812,100.0,0,str:812,,0,1,review_keep_or_source_edge,P1,"edge provenance can be valid, but normalize to source_type/source_detail or BELEGT_IN",topology_synthesized
relationship,HAT_PROZESSPHASE,evidence_source_id,812,812,100.0,0,str:812,,0,7,review_keep_or_source_edge,P1,"edge provenance can be valid, but normalize to source_type/source_detail or BELEGT_IN",archive:Verbiest_Karreveld_Brussels.md (replicated from pre-split BG) || mig_4_1 || k_thoravej_building_reuses_itself || k_green_house_knoopkazerne_tiel_to_pavilion
relationship,HAT_PROZESSPHASE,id,812,693,85.34,119,str:693,,0,693,keep_minimum,P0,relationship identity handle required by current constraints,r_bg_reuse_stahl_gelaender_verbiest_charleroi__HAT_PROZESSPHASE__phase_rueckbau || r_bg_reuse_keramik_boden_verbiest_charleroi__HAT_PROZESSPHASE__phase_rueckbau || r_bg_reuse_naturstein_wand_verbiest_charleroi__HAT_PROZESSPHASE__phase_rueckbau || r_bg_reuse_stahl_mehrere_55gss_external_core__HAT_PROZESSPHASE__phase_wiedereinbau
relationship,HAT_PROZESSPHASE,review_status,812,812,100.0,0,str:812,,0,1,review_keep_or_provenance,P1,may be real edge evidence/status; keep only if queried,needs_source_url_review
relationship,HAT_PROZESSPHASE,source_resolution_status,812,812,100.0,0,str:812,,0,1,review_keep_or_source_edge,P1,"edge provenance can be valid, but normalize to source_type/source_detail or BELEGT_IN",needs_source_url_review
relationship,HAT_PROZESSPHASE,source_status,812,812,100.0,0,str:812,,0,1,review_keep_or_source_edge,P1,"edge provenance can be valid, but normalize to source_type/source_detail or BELEGT_IN",missing
relationship,HAT_PROZESSPHASE,source_status_migration,812,812,100.0,0,str:812,,0,1,review_keep_or_source_edge,P1,"edge provenance can be valid, but normalize to source_type/source_detail or BELEGT_IN",mig_source_status_normalization_2026_05_28
relationship,HAT_PROZESSPHASE,source_status_reason,812,812,100.0,0,str:812,,0,1,review_keep_or_source_edge,P1,"edge provenance can be valid, but normalize to source_type/source_detail or BELEGT_IN",no_exact_url_binding_needs_review
relationship,HAT_PRUEFUNG,derivation_note,408,408,100.0,0,str:408,,0,3,review_domain_property,P3,domain-specific edge value,| r1: derived=>topology_synthesized (catch-all: basis=legacy_migration) || | r1: derived=>topology_synthesized (catch-all: basis=controlled_vocab) || | r1: curated→source_curated (default reclassification)
relationship,HAT_PRUEFUNG,evidence_basis,408,408,100.0,0,str:408,,0,3,review_keep_or_source_edge,P1,"edge provenance can be valid, but normalize to source_type/source_detail or BELEGT_IN",legacy_migration || controlled_vocab || cell_citation
relationship,HAT_PRUEFUNG,evidence_cleanup_run,408,51,12.5,357,str:51,,0,1,review_keep_or_source_edge,P1,"edge provenance can be valid, but normalize to source_type/source_detail or BELEGT_IN",2026-05-28_belegt_confidence_conflict_cleanup
relationship,HAT_PRUEFUNG,evidence_confidence,408,408,100.0,0,str:408,,0,2,review_keep_or_source_edge,P1,"edge provenance can be valid, but normalize to source_type/source_detail or BELEGT_IN",unklar || belegt
relationship,HAT_PRUEFUNG,evidence_confidence_status,408,51,12.5,357,str:51,,0,1,review_keep_or_source_edge,P1,"edge provenance can be valid, but normalize to source_type/source_detail or BELEGT_IN",downgraded_pending_exact_source_url_review
relationship,HAT_PRUEFUNG,evidence_excerpt,408,87,21.32,321,str:87,,0,20,review_keep_or_source_edge,P1,"edge provenance can be valid, but normalize to source_type/source_detail or BELEGT_IN","BELEGT || | Glasreinigung, Entkitten und Entfernen alter Dichtungen | `av_glas_reinigung_entkitten` | Reinigung von Glasflächen und Entfernen von Kitt, Silikon, Dichtprofilen, Klebern, Beschlägen oder Rahmenresten. | Glas, Drahtg… || | Juch-Areal Recyclingzentrum Zürich | `pr_zustandsbewertung` / suitability check | **BELEGT** | || | Aluminium-/Fensterprüfung und Sortierung | `av_aluminiumfenster_pruefung_sortierung` | Prüfen und Sortieren nach Profiltyp, thermischer Trennung, Glasaufbau, Beschlägen, Dichtheit, Verzug und Einbaumaßen. | Aluminium,…"
relationship,HAT_PRUEFUNG,evidence_note,408,51,12.5,357,str:51,,0,1,review_keep_or_source_edge,P1,"edge provenance can be valid, but normalize to source_type/source_detail or BELEGT_IN",Former evidence_confidence=belegt was downgraded because source_status is not exact and the relationship still needs source URL / exact-claim review.
relationship,HAT_PRUEFUNG,evidence_origin,408,408,100.0,0,str:408,,0,2,review_keep_or_source_edge,P1,"edge provenance can be valid, but normalize to source_type/source_detail or BELEGT_IN",topology_synthesized || source_curated
relationship,HAT_PRUEFUNG,evidence_quality,408,51,12.5,357,str:51,,0,1,review_keep_or_source_edge,P1,"edge provenance can be valid, but normalize to source_type/source_detail or BELEGT_IN",source_binding_not_exact
relationship,HAT_PRUEFUNG,evidence_source_id,408,408,100.0,0,str:408,,0,9,review_keep_or_source_edge,P1,"edge provenance can be valid, but normalize to source_type/source_detail or BELEGT_IN",archive:Verbiest_Karreveld_Brussels.md (replicated from pre-split BG) || mig_4_1 || batch2_v2_followup_2026-05-20 || q_aufbereitungsverfahren_reused_building_elements_md
relationship,HAT_PRUEFUNG,id,408,408,100.0,0,str:408,,0,408,keep_minimum,P0,relationship identity handle required by current constraints,r_bg_reuse_stahl_gelaender_verbiest_charleroi__HAT_PRUEFUNG__pr_zustandsbewertung || r_bg_reuse_keramik_boden_verbiest_charleroi__HAT_PRUEFUNG__pr_zustandsbewertung || r_bg_reuse_naturstein_wand_verbiest_charleroi__HAT_PRUEFUNG__pr_zustandsbewertung || r_bg_reuse_stahl_mehrere_55gss_external_core__HAT_PRUEFUNG__pr_materialpruefung
relationship,HAT_PRUEFUNG,previous_evidence_confidence,408,51,12.5,357,str:51,,0,1,review_keep_or_source_edge,P1,"edge provenance can be valid, but normalize to source_type/source_detail or BELEGT_IN",belegt
relationship,HAT_PRUEFUNG,review_status,408,396,97.06,12,str:396,,0,1,review_keep_or_provenance,P1,may be real edge evidence/status; keep only if queried,needs_source_url_review
relationship,HAT_PRUEFUNG,source_resolution_status,408,408,100.0,0,str:408,,0,2,review_keep_or_source_edge,P1,"edge provenance can be valid, but normalize to source_type/source_detail or BELEGT_IN",needs_source_url_review || evidence_source_id_single_url
relationship,HAT_PRUEFUNG,source_scope,408,63,15.44,345,str:63,,0,1,review_keep_or_source_edge,P1,"edge provenance can be valid, but normalize to source_type/source_detail or BELEGT_IN",research_file_row
relationship,HAT_PRUEFUNG,source_status,408,408,100.0,0,str:408,,0,3,review_keep_or_source_edge,P1,"edge provenance can be valid, but normalize to source_type/source_detail or BELEGT_IN",missing || candidate || exact
relationship,HAT_PRUEFUNG,source_status_migration,408,408,100.0,0,str:408,,0,1,review_keep_or_source_edge,P1,"edge provenance can be valid, but normalize to source_type/source_detail or BELEGT_IN",mig_source_status_normalization_2026_05_28
relationship,HAT_PRUEFUNG,source_status_reason,408,408,100.0,0,str:408,,0,3,review_keep_or_source_edge,P1,"edge provenance can be valid, but normalize to source_type/source_detail or BELEGT_IN",no_exact_url_binding_needs_review || candidate_urls_need_fact_review || concrete_source_url_on_fact
relationship,HAT_PRUEFUNG,source_url,408,12,2.94,396,str:12,,0,4,review_keep_or_source_edge,P1,"edge provenance can be valid, but normalize to source_type/source_detail or BELEGT_IN",https://www.stadt-zuerich.ch/de/planen-und-bauen/projekte-und-ausschreibungen/hochbauvorhaben/planung-ausfuehrung/recyclingzentrum-juch-areal.html || https://eurocodes.jrc.ec.europa.eu/sites/default/files/2021-12/EUR23252EN.pdf || https://www.baunetzwissen.de/gesund-bauen/fachwissen/regelwerke/normen-fuer-den-lehmbau-3393643 || https://www.umweltbundesamt.de/system/files/medien/378/publikationen/texte_93_2015_wiederverwertung_von_bauteilen_0.pdf
relationship,HAT_PRUEFUNG,source_url_node_id,408,12,2.94,396,str:12,,0,4,review_keep_or_source_edge,P1,"edge provenance can be valid, but normalize to source_type/source_detail or BELEGT_IN",q_research_testing_verification_bauteilreuse_kg_url_1c3c02d1 || q_research_testing_verification_bauteilreuse_kg_url_79050c57 || q_research_testing_verification_bauteilreuse_kg_url_07c6159c || q_research_testing_verification_bauteilreuse_kg_url_60c31d28
relationship,HAT_PRUEFUNG,strict_source_url_cleanup,408,51,12.5,357,str:51,,0,1,review_keep_or_source_edge,P1,"edge provenance can be valid, but normalize to source_type/source_detail or BELEGT_IN",mig_strict_source_url_binding_cleanup_2026_05_23
relationship,HAT_PRUEFUNG,verification_attempts,408,63,15.44,345,int:63,,0,1,review_domain_property,P3,domain-specific edge value,1
relationship,HAT_PRUEFUNG,verification_method,408,63,15.44,345,str:63,,0,1,review_domain_property,P3,domain-specific edge value,skipped
relationship,HAT_PRUEFUNG,verification_notes,408,63,15.44,345,str:63,,0,1,review_domain_property,P3,domain-specific edge value,No ExternalLink reachable from this citation
relationship,HAT_PRUEFUNG,verification_score,408,63,15.44,345,float:63,,0,1,review_domain_property,P3,domain-specific edge value,0.0
relationship,HAT_PRUEFUNG,verification_status,408,63,15.44,345,str:63,,0,1,review_domain_property,P3,domain-specific edge value,no_url_node
relationship,HAT_RECHTLICHE_BEDINGUNG,derivation_note,15,6,40.0,9,str:6,,0,1,review_domain_property,P3,domain-specific edge value,Recreated after splitting rb_ce_ukca_marking_reused_steel on 2026-05-31.
relationship,HAT_RECHTLICHE_BEDINGUNG,evidence_basis,15,15,100.0,0,str:15,,0,1,review_keep_or_source_edge,P1,"edge provenance can be valid, but normalize to source_type/source_detail or BELEGT_IN",cell_citation
relationship,HAT_RECHTLICHE_BEDINGUNG,evidence_confidence,15,15,100.0,0,str:15,,0,1,review_keep_or_source_edge,P1,"edge provenance can be valid, but normalize to source_type/source_detail or BELEGT_IN",teilweise_belegt
relationship,HAT_RECHTLICHE_BEDINGUNG,evidence_origin,15,15,100.0,0,str:15,,0,1,review_keep_or_source_edge,P1,"edge provenance can be valid, but normalize to source_type/source_detail or BELEGT_IN",source_curated
relationship,HAT_RECHTLICHE_BEDINGUNG,evidence_source_id,15,15,100.0,0,str:15,,0,2,review_keep_or_source_edge,P1,"edge provenance can be valid, but normalize to source_type/source_detail or BELEGT_IN",r2_c_journal_edge_restore || scope_split_rewire_2026_05_31
relationship,HAT_RECHTLICHE_BEDINGUNG,id,15,6,40.0,9,str:6,,0,6,keep_minimum,P0,relationship identity handle required by current constraints,bg_reuse_stahl_mehrere_brent_cross_bracing_members__HAT_RECHTLICHE_BEDINGUNG__rb_ce_marking_reused_steel || bg_reuse_stahl_mehrere_brent_cross_bracing_members__HAT_RECHTLICHE_BEDINGUNG__rb_ukca_marking_reused_steel || bg_reuse_stahl_mehrere_brent_cross_tubular_columns__HAT_RECHTLICHE_BEDINGUNG__rb_ce_marking_reused_steel || bg_reuse_stahl_mehrere_brent_cross_tubular_columns__HAT_RECHTLICHE_BEDINGUNG__rb_ukca_marking_reused_steel
relationship,HAT_RECHTLICHE_BEDINGUNG,review_status,15,15,100.0,0,str:15,,0,1,review_keep_or_provenance,P1,may be real edge evidence/status; keep only if queried,needs_source_url_review
relationship,HAT_RECHTLICHE_BEDINGUNG,source_resolution_status,15,15,100.0,0,str:15,,0,1,review_keep_or_source_edge,P1,"edge provenance can be valid, but normalize to source_type/source_detail or BELEGT_IN",needs_source_url_review
relationship,HAT_RECHTLICHE_BEDINGUNG,source_status,15,15,100.0,0,str:15,,0,1,review_keep_or_source_edge,P1,"edge provenance can be valid, but normalize to source_type/source_detail or BELEGT_IN",missing
relationship,HAT_RECHTLICHE_BEDINGUNG,source_status_migration,15,15,100.0,0,str:15,,0,1,review_keep_or_source_edge,P1,"edge provenance can be valid, but normalize to source_type/source_detail or BELEGT_IN",mig_source_status_normalization_2026_05_28
relationship,HAT_RECHTLICHE_BEDINGUNG,source_status_reason,15,15,100.0,0,str:15,,0,1,review_keep_or_source_edge,P1,"edge provenance can be valid, but normalize to source_type/source_detail or BELEGT_IN",no_exact_url_binding_needs_review
relationship,HAT_RESSOURCENQUELLE,derivation_note,552,552,100.0,0,str:552,,0,2,review_domain_property,P3,domain-specific edge value,| r1: derived=>topology_synthesized (catch-all: basis=controlled_vocab) || | r1: derived=>topology_synthesized (catch-all: basis=legacy_migration)
relationship,HAT_RESSOURCENQUELLE,evidence_basis,552,552,100.0,0,str:552,,0,2,review_keep_or_source_edge,P1,"edge provenance can be valid, but normalize to source_type/source_detail or BELEGT_IN",controlled_vocab || legacy_migration
relationship,HAT_RESSOURCENQUELLE,evidence_confidence,552,552,100.0,0,str:552,,0,1,review_keep_or_source_edge,P1,"edge provenance can be valid, but normalize to source_type/source_detail or BELEGT_IN",unklar
relationship,HAT_RESSOURCENQUELLE,evidence_excerpt,552,114,20.65,438,str:114,,0,2,review_keep_or_source_edge,P1,"edge provenance can be valid, but normalize to source_type/source_detail or BELEGT_IN",INFER || BELEGT
relationship,HAT_RESSOURCENQUELLE,evidence_origin,552,552,100.0,0,str:552,,0,1,review_keep_or_source_edge,P1,"edge provenance can be valid, but normalize to source_type/source_detail or BELEGT_IN",topology_synthesized
relationship,HAT_RESSOURCENQUELLE,evidence_source_id,552,552,100.0,0,str:552,,0,5,review_keep_or_source_edge,P1,"edge provenance can be valid, but normalize to source_type/source_detail or BELEGT_IN",mig_4_1 || archive:Verbiest_Karreveld_Brussels.md (replicated from pre-split BG) || batch2_v2_phase26_2026-05-20 || batch2_v2_import_2026-05-20
relationship,HAT_RESSOURCENQUELLE,id,552,552,100.0,0,str:552,,0,552,keep_minimum,P0,relationship identity handle required by current constraints,r_bw_cleveland_steel_and_tubes_stock__HAT_RESSOURCENQUELLE__rq_lager || r_bg_reuse_stahl_gelaender_verbiest_charleroi__HAT_RESSOURCENQUELLE__rq_donorgebaeude || r_bg_reuse_keramik_boden_verbiest_charleroi__HAT_RESSOURCENQUELLE__rq_donorgebaeude || r_bg_reuse_naturstein_wand_verbiest_charleroi__HAT_RESSOURCENQUELLE__rq_donorgebaeude
relationship,HAT_RESSOURCENQUELLE,review_status,552,552,100.0,0,str:552,,0,1,review_keep_or_provenance,P1,may be real edge evidence/status; keep only if queried,needs_source_url_review
relationship,HAT_RESSOURCENQUELLE,source_resolution_status,552,552,100.0,0,str:552,,0,1,review_keep_or_source_edge,P1,"edge provenance can be valid, but normalize to source_type/source_detail or BELEGT_IN",needs_source_url_review
relationship,HAT_RESSOURCENQUELLE,source_status,552,552,100.0,0,str:552,,0,1,review_keep_or_source_edge,P1,"edge provenance can be valid, but normalize to source_type/source_detail or BELEGT_IN",missing
relationship,HAT_RESSOURCENQUELLE,source_status_migration,552,552,100.0,0,str:552,,0,1,review_keep_or_source_edge,P1,"edge provenance can be valid, but normalize to source_type/source_detail or BELEGT_IN",mig_source_status_normalization_2026_05_28
relationship,HAT_RESSOURCENQUELLE,source_status_reason,552,552,100.0,0,str:552,,0,1,review_keep_or_source_edge,P1,"edge provenance can be valid, but normalize to source_type/source_detail or BELEGT_IN",no_exact_url_binding_needs_review
relationship,HAT_RUECKBAUVERFAHREN,derivation_note,299,299,100.0,0,str:299,,0,2,review_domain_property,P3,domain-specific edge value,| r1: derived=>topology_synthesized (catch-all: basis=legacy_migration) || | r1: derived=>topology_synthesized (catch-all: basis=controlled_vocab)
relationship,HAT_RUECKBAUVERFAHREN,evidence_basis,299,299,100.0,0,str:299,,0,2,review_keep_or_source_edge,P1,"edge provenance can be valid, but normalize to source_type/source_detail or BELEGT_IN",legacy_migration || controlled_vocab
relationship,HAT_RUECKBAUVERFAHREN,evidence_confidence,299,299,100.0,0,str:299,,0,1,review_keep_or_source_edge,P1,"edge provenance can be valid, but normalize to source_type/source_detail or BELEGT_IN",unklar
relationship,HAT_RUECKBAUVERFAHREN,evidence_excerpt,299,37,12.37,262,str:37,,0,1,review_keep_or_source_edge,P1,"edge provenance can be valid, but normalize to source_type/source_detail or BELEGT_IN",BELEGT
relationship,HAT_RUECKBAUVERFAHREN,evidence_origin,299,299,100.0,0,str:299,,0,1,review_keep_or_source_edge,P1,"edge provenance can be valid, but normalize to source_type/source_detail or BELEGT_IN",topology_synthesized
relationship,HAT_RUECKBAUVERFAHREN,evidence_source_id,299,299,100.0,0,str:299,,0,3,review_keep_or_source_edge,P1,"edge provenance can be valid, but normalize to source_type/source_detail or BELEGT_IN",archive:Verbiest_Karreveld_Brussels.md (replicated from pre-split BG) || mig_4_1 || batch2_v2_followup_2026-05-20
relationship,HAT_RUECKBAUVERFAHREN,id,299,299,100.0,0,str:299,,0,299,keep_minimum,P0,relationship identity handle required by current constraints,r_bg_reuse_stahl_gelaender_verbiest_charleroi__HAT_RUECKBAUVERFAHREN__rv_zerstoerungsarme_bergung || r_bg_reuse_keramik_boden_verbiest_charleroi__HAT_RUECKBAUVERFAHREN__rv_zerstoerungsarme_bergung || r_bg_reuse_naturstein_wand_verbiest_charleroi__HAT_RUECKBAUVERFAHREN__rv_zerstoerungsarme_bergung || r_bg_reuse_stahlbeton_mehrere_big_dig_house_inverset_panels__HAT_RUECKBAUVERFAHREN__rv_demontage
relationship,HAT_RUECKBAUVERFAHREN,review_status,299,299,100.0,0,str:299,,0,1,review_keep_or_provenance,P1,may be real edge evidence/status; keep only if queried,needs_source_url_review
relationship,HAT_RUECKBAUVERFAHREN,source_resolution_status,299,299,100.0,0,str:299,,0,1,review_keep_or_source_edge,P1,"edge provenance can be valid, but normalize to source_type/source_detail or BELEGT_IN",needs_source_url_review
relationship,HAT_RUECKBAUVERFAHREN,source_status,299,299,100.0,0,str:299,,0,1,review_keep_or_source_edge,P1,"edge provenance can be valid, but normalize to source_type/source_detail or BELEGT_IN",missing
relationship,HAT_RUECKBAUVERFAHREN,source_status_migration,299,299,100.0,0,str:299,,0,1,review_keep_or_source_edge,P1,"edge provenance can be valid, but normalize to source_type/source_detail or BELEGT_IN",mig_source_status_normalization_2026_05_28
relationship,HAT_RUECKBAUVERFAHREN,source_status_reason,299,299,100.0,0,str:299,,0,1,review_keep_or_source_edge,P1,"edge provenance can be valid, but normalize to source_type/source_detail or BELEGT_IN",no_exact_url_binding_needs_review
relationship,HAT_STATUS,derivation_note,655,655,100.0,0,str:655,,0,2,review_domain_property,P3,domain-specific edge value,| r1: derived=>topology_synthesized (catch-all: basis=controlled_vocab) || | r1: derived=>topology_synthesized (catch-all: basis=legacy_migration)
relationship,HAT_STATUS,evidence_basis,655,655,100.0,0,str:655,,0,2,review_keep_or_source_edge,P1,"edge provenance can be valid, but normalize to source_type/source_detail or BELEGT_IN",controlled_vocab || legacy_migration
relationship,HAT_STATUS,evidence_confidence,655,655,100.0,0,str:655,,0,1,review_keep_or_source_edge,P1,"edge provenance can be valid, but normalize to source_type/source_detail or BELEGT_IN",unklar
relationship,HAT_STATUS,evidence_excerpt,655,334,50.99,321,str:334,,0,2,review_keep_or_source_edge,P1,"edge provenance can be valid, but normalize to source_type/source_detail or BELEGT_IN",INFER || BELEGT
relationship,HAT_STATUS,evidence_origin,655,655,100.0,0,str:655,,0,1,review_keep_or_source_edge,P1,"edge provenance can be valid, but normalize to source_type/source_detail or BELEGT_IN",topology_synthesized
relationship,HAT_STATUS,evidence_source_id,655,655,100.0,0,str:655,,0,5,review_keep_or_source_edge,P1,"edge provenance can be valid, but normalize to source_type/source_detail or BELEGT_IN",mig_4_1 || batch2_v2_phase26_2026-05-20 || archive:Verbiest_Karreveld_Brussels.md (replicated from pre-split BG) || batch2_v2_import_2026-05-20
relationship,HAT_STATUS,id,655,655,100.0,0,list[str]:3; str:652,yes,0,655,keep_minimum,P0,relationship identity handle required by current constraints,r_p_55_great_suffolk_street_london__HAT_STATUS__status_unklar || r_bw_55_great_suffolk_street_warehouse__HAT_STATUS__status_realisiert || r_bw_1_broadgate_london__HAT_STATUS__status_realisiert || r_bw_cleveland_steel_and_tubes_stock__HAT_STATUS__status_realisiert
relationship,HAT_STATUS,review_status,655,655,100.0,0,str:655,,0,1,review_keep_or_provenance,P1,may be real edge evidence/status; keep only if queried,needs_source_url_review
relationship,HAT_STATUS,source_resolution_status,655,655,100.0,0,str:655,,0,1,review_keep_or_source_edge,P1,"edge provenance can be valid, but normalize to source_type/source_detail or BELEGT_IN",needs_source_url_review
relationship,HAT_STATUS,source_status,655,655,100.0,0,str:655,,0,1,review_keep_or_source_edge,P1,"edge provenance can be valid, but normalize to source_type/source_detail or BELEGT_IN",missing
relationship,HAT_STATUS,source_status_migration,655,655,100.0,0,str:655,,0,1,review_keep_or_source_edge,P1,"edge provenance can be valid, but normalize to source_type/source_detail or BELEGT_IN",mig_source_status_normalization_2026_05_28
relationship,HAT_STATUS,source_status_reason,655,655,100.0,0,str:655,,0,1,review_keep_or_source_edge,P1,"edge provenance can be valid, but normalize to source_type/source_detail or BELEGT_IN",no_exact_url_binding_needs_review
relationship,HAT_TRAGWERKSPRINZIP,derivation_note,71,71,100.0,0,str:71,,0,1,review_domain_property,P3,domain-specific edge value,| r1: derived=>topology_synthesized (catch-all: basis=controlled_vocab)
relationship,HAT_TRAGWERKSPRINZIP,evidence_basis,71,71,100.0,0,str:71,,0,1,review_keep_or_source_edge,P1,"edge provenance can be valid, but normalize to source_type/source_detail or BELEGT_IN",controlled_vocab
relationship,HAT_TRAGWERKSPRINZIP,evidence_confidence,71,71,100.0,0,str:71,,0,1,review_keep_or_source_edge,P1,"edge provenance can be valid, but normalize to source_type/source_detail or BELEGT_IN",unklar
relationship,HAT_TRAGWERKSPRINZIP,evidence_origin,71,71,100.0,0,str:71,,0,1,review_keep_or_source_edge,P1,"edge provenance can be valid, but normalize to source_type/source_detail or BELEGT_IN",topology_synthesized
relationship,HAT_TRAGWERKSPRINZIP,evidence_source_id,71,71,100.0,0,str:71,,0,1,review_keep_or_source_edge,P1,"edge provenance can be valid, but normalize to source_type/source_detail or BELEGT_IN",mig_4_1
relationship,HAT_TRAGWERKSPRINZIP,id,71,71,100.0,0,str:71,,0,71,keep_minimum,P0,relationship identity handle required by current constraints,r_bg_reuse_mehrere_mehrere_alliander_common_roof_atrium__HAT_TRAGWERKSPRINZIP__tp_skeletttragwerk || r_bg_reuse_beton_mehrere_bestandverplanzung_betonfertigteil_paneele__HAT_TRAGWERKSPRINZIP__tp_wandtragwerk || r_bg_planned_mehrere_mehrere_big_dig_building_geplante_infrastrukturbauteile__HAT_TRAGWERKSPRINZIP__tp_skeletttragwerk || r_bg_reuse_mehrere_mehrere_big_dig_house_ramp_pier_roadway_components__HAT_TRAGWERKSPRINZIP__tp_skeletttragwerk
relationship,HAT_TRAGWERKSPRINZIP,review_status,71,71,100.0,0,str:71,,0,1,review_keep_or_provenance,P1,may be real edge evidence/status; keep only if queried,needs_source_url_review
relationship,HAT_TRAGWERKSPRINZIP,source_resolution_status,71,71,100.0,0,str:71,,0,1,review_keep_or_source_edge,P1,"edge provenance can be valid, but normalize to source_type/source_detail or BELEGT_IN",needs_source_url_review
relationship,HAT_TRAGWERKSPRINZIP,source_status,71,71,100.0,0,str:71,,0,1,review_keep_or_source_edge,P1,"edge provenance can be valid, but normalize to source_type/source_detail or BELEGT_IN",missing
relationship,HAT_TRAGWERKSPRINZIP,source_status_migration,71,71,100.0,0,str:71,,0,1,review_keep_or_source_edge,P1,"edge provenance can be valid, but normalize to source_type/source_detail or BELEGT_IN",mig_source_status_normalization_2026_05_28
relationship,HAT_TRAGWERKSPRINZIP,source_status_reason,71,71,100.0,0,str:71,,0,1,review_keep_or_source_edge,P1,"edge provenance can be valid, but normalize to source_type/source_detail or BELEGT_IN",no_exact_url_binding_needs_review
relationship,HAT_TYPISCHEN_BAUPRODUKTSTATUS,derivation_note,19,19,100.0,0,str:19,,0,1,review_domain_property,P3,domain-specific edge value,| r1: derived=>topology_synthesized (catch-all: basis=legacy_migration)
relationship,HAT_TYPISCHEN_BAUPRODUKTSTATUS,evidence_basis,19,19,100.0,0,str:19,,0,1,review_keep_or_source_edge,P1,"edge provenance can be valid, but normalize to source_type/source_detail or BELEGT_IN",legacy_migration
relationship,HAT_TYPISCHEN_BAUPRODUKTSTATUS,evidence_confidence,19,19,100.0,0,str:19,,0,1,review_keep_or_source_edge,P1,"edge provenance can be valid, but normalize to source_type/source_detail or BELEGT_IN",unklar
relationship,HAT_TYPISCHEN_BAUPRODUKTSTATUS,evidence_excerpt,19,19,100.0,0,str:19,,0,1,review_keep_or_source_edge,P1,"edge provenance can be valid, but normalize to source_type/source_detail or BELEGT_IN",INFER
relationship,HAT_TYPISCHEN_BAUPRODUKTSTATUS,evidence_origin,19,19,100.0,0,str:19,,0,1,review_keep_or_source_edge,P1,"edge provenance can be valid, but normalize to source_type/source_detail or BELEGT_IN",topology_synthesized
relationship,HAT_TYPISCHEN_BAUPRODUKTSTATUS,evidence_source_id,19,19,100.0,0,str:19,,0,1,review_keep_or_source_edge,P1,"edge provenance can be valid, but normalize to source_type/source_detail or BELEGT_IN",Research legal-regime matrix (typical jurisdiction)
relationship,HAT_TYPISCHEN_BAUPRODUKTSTATUS,id,19,19,100.0,0,str:19,,0,19,keep_minimum,P0,relationship identity handle required by current constraints,r_land_niederlande__HAT_TYPISCHEN_BAUPRODUKTSTATUS__bps_ce_hen || r_land_frankreich__HAT_TYPISCHEN_BAUPRODUKTSTATUS__bps_ce_hen || r_land_finnland__HAT_TYPISCHEN_BAUPRODUKTSTATUS__bps_ce_hen || r_land_norwegen__HAT_TYPISCHEN_BAUPRODUKTSTATUS__bps_ce_hen
relationship,HAT_TYPISCHEN_BAUPRODUKTSTATUS,review_status,19,19,100.0,0,str:19,,0,1,review_keep_or_provenance,P1,may be real edge evidence/status; keep only if queried,needs_source_url_review
relationship,HAT_TYPISCHEN_BAUPRODUKTSTATUS,source_resolution_status,19,19,100.0,0,str:19,,0,1,review_keep_or_source_edge,P1,"edge provenance can be valid, but normalize to source_type/source_detail or BELEGT_IN",needs_source_url_review
relationship,HAT_TYPISCHEN_BAUPRODUKTSTATUS,source_status,19,19,100.0,0,str:19,,0,1,review_keep_or_source_edge,P1,"edge provenance can be valid, but normalize to source_type/source_detail or BELEGT_IN",missing
relationship,HAT_TYPISCHEN_BAUPRODUKTSTATUS,source_status_migration,19,19,100.0,0,str:19,,0,1,review_keep_or_source_edge,P1,"edge provenance can be valid, but normalize to source_type/source_detail or BELEGT_IN",mig_source_status_normalization_2026_05_28
relationship,HAT_TYPISCHEN_BAUPRODUKTSTATUS,source_status_reason,19,19,100.0,0,str:19,,0,1,review_keep_or_source_edge,P1,"edge provenance can be valid, but normalize to source_type/source_detail or BELEGT_IN",no_exact_url_binding_needs_review
relationship,HAT_VERBINDUNGSTECHNIK,derivation_note,128,128,100.0,0,str:128,,0,3,review_domain_property,P3,domain-specific edge value,| r1: derived=>topology_synthesized (catch-all: basis=legacy_migration) || | r1: derived=>topology_synthesized (catch-all: basis=controlled_vocab) || | r1: curated→source_curated (default reclassification)
relationship,HAT_VERBINDUNGSTECHNIK,evidence_basis,128,128,100.0,0,str:128,,0,3,review_keep_or_source_edge,P1,"edge provenance can be valid, but normalize to source_type/source_detail or BELEGT_IN",legacy_migration || controlled_vocab || cell_citation
relationship,HAT_VERBINDUNGSTECHNIK,evidence_cleanup_run,128,1,0.78,127,str:1,,0,1,review_keep_or_source_edge,P1,"edge provenance can be valid, but normalize to source_type/source_detail or BELEGT_IN",2026-05-28_belegt_confidence_conflict_cleanup
relationship,HAT_VERBINDUNGSTECHNIK,evidence_confidence,128,128,100.0,0,str:128,,0,1,review_keep_or_source_edge,P1,"edge provenance can be valid, but normalize to source_type/source_detail or BELEGT_IN",unklar
relationship,HAT_VERBINDUNGSTECHNIK,evidence_confidence_status,128,1,0.78,127,str:1,,0,1,review_keep_or_source_edge,P1,"edge provenance can be valid, but normalize to source_type/source_detail or BELEGT_IN",downgraded_pending_exact_source_url_review
relationship,HAT_VERBINDUNGSTECHNIK,evidence_excerpt,128,26,20.31,102,str:26,,0,2,review_keep_or_source_edge,P1,"edge provenance can be valid, but normalize to source_type/source_detail or BELEGT_IN","BELEGT || | Diamantsägen von Mauerwerksmodulen | `av_mauerwerk_diamantsaegen_modul` | Trennen größerer Wand-/Fassadenabschnitte mit Diamantsäge, um Mauerwerk als Modul statt als Einzelstein wiederzuverwenden. | Ziegelmauerwerk; V…"
relationship,HAT_VERBINDUNGSTECHNIK,evidence_note,128,1,0.78,127,str:1,,0,1,review_keep_or_source_edge,P1,"edge provenance can be valid, but normalize to source_type/source_detail or BELEGT_IN",Former evidence_confidence=belegt was downgraded because source_status is not exact and the relationship still needs source URL / exact-claim review.
relationship,HAT_VERBINDUNGSTECHNIK,evidence_origin,128,128,100.0,0,str:128,,0,2,review_keep_or_source_edge,P1,"edge provenance can be valid, but normalize to source_type/source_detail or BELEGT_IN",topology_synthesized || source_curated
relationship,HAT_VERBINDUNGSTECHNIK,evidence_quality,128,1,0.78,127,str:1,,0,1,review_keep_or_source_edge,P1,"edge provenance can be valid, but normalize to source_type/source_detail or BELEGT_IN",source_binding_not_exact
relationship,HAT_VERBINDUNGSTECHNIK,evidence_source_id,128,128,100.0,0,str:128,,0,9,review_keep_or_source_edge,P1,"edge provenance can be valid, but normalize to source_type/source_detail or BELEGT_IN",CascadeUp WCTE paper: 'kit-of-parts' assembly with fasteners; can be disassembled and the kit reused || CascadeUp WCTE paper: same kit-of-parts logic applies to wall panels || mig_4_1 || K.118 Winterthur: 'Bolted connections facilitate non-destructive dismantling and reassembly' (external steel staircase)
relationship,HAT_VERBINDUNGSTECHNIK,id,128,128,100.0,0,str:128,,0,128,keep_minimum,P0,relationship identity handle required by current constraints,r_bg_reuse_holz_mehrere_cascadeup_clst_floor_panels__HAT_VERBINDUNGSTECHNIK__vt_reversible_fuegung || r_bg_reuse_holz_wand_cascadeup_clst__HAT_VERBINDUNGSTECHNIK__vt_reversible_fuegung || r_bg_reuse_mehrere_mehrere_christ_pavilion_cloister_glass_facade__HAT_VERBINDUNGSTECHNIK__vt_reversible_fuegung || r_bg_reuse_mehrere_mehrere_christ_pavilion_complete_ensemble__HAT_VERBINDUNGSTECHNIK__vt_reversible_fuegung
relationship,HAT_VERBINDUNGSTECHNIK,previous_evidence_confidence,128,1,0.78,127,str:1,,0,1,review_keep_or_source_edge,P1,"edge provenance can be valid, but normalize to source_type/source_detail or BELEGT_IN",belegt
relationship,HAT_VERBINDUNGSTECHNIK,reversibility,128,6,4.69,122,str:6,,0,2,review_sparse,P2,sparse relationship property,reversible || partially_reversible
relationship,HAT_VERBINDUNGSTECHNIK,review_status,128,128,100.0,0,str:128,,0,1,review_keep_or_provenance,P1,may be real edge evidence/status; keep only if queried,needs_source_url_review
relationship,HAT_VERBINDUNGSTECHNIK,source_resolution_status,128,128,100.0,0,str:128,,0,1,review_keep_or_source_edge,P1,"edge provenance can be valid, but normalize to source_type/source_detail or BELEGT_IN",needs_source_url_review
relationship,HAT_VERBINDUNGSTECHNIK,source_scope,128,1,0.78,127,str:1,,0,1,review_keep_or_source_edge,P1,"edge provenance can be valid, but normalize to source_type/source_detail or BELEGT_IN",research_file_row
relationship,HAT_VERBINDUNGSTECHNIK,source_status,128,128,100.0,0,str:128,,0,2,review_keep_or_source_edge,P1,"edge provenance can be valid, but normalize to source_type/source_detail or BELEGT_IN",missing || candidate
relationship,HAT_VERBINDUNGSTECHNIK,source_status_migration,128,128,100.0,0,str:128,,0,1,review_keep_or_source_edge,P1,"edge provenance can be valid, but normalize to source_type/source_detail or BELEGT_IN",mig_source_status_normalization_2026_05_28
relationship,HAT_VERBINDUNGSTECHNIK,source_status_reason,128,128,100.0,0,str:128,,0,2,review_keep_or_source_edge,P1,"edge provenance can be valid, but normalize to source_type/source_detail or BELEGT_IN",no_exact_url_binding_needs_review || candidate_urls_need_fact_review
relationship,HAT_VERBINDUNGSTECHNIK,strict_source_url_cleanup,128,1,0.78,127,str:1,,0,1,review_keep_or_source_edge,P1,"edge provenance can be valid, but normalize to source_type/source_detail or BELEGT_IN",mig_strict_source_url_binding_cleanup_2026_05_23
relationship,HAT_VERBINDUNGSTECHNIK,verification_attempts,128,1,0.78,127,int:1,,0,1,review_sparse,P2,sparse relationship property,1
relationship,HAT_VERBINDUNGSTECHNIK,verification_method,128,1,0.78,127,str:1,,0,1,review_sparse,P2,sparse relationship property,skipped
relationship,HAT_VERBINDUNGSTECHNIK,verification_notes,128,1,0.78,127,str:1,,0,1,review_sparse,P2,sparse relationship property,No ExternalLink reachable from this citation
relationship,HAT_VERBINDUNGSTECHNIK,verification_score,128,1,0.78,127,float:1,,0,1,review_sparse,P2,sparse relationship property,0.0
relationship,HAT_VERBINDUNGSTECHNIK,verification_status,128,1,0.78,127,str:1,,0,1,review_sparse,P2,sparse relationship property,no_url_node
relationship,HAT_WIEDERVERWENDUNGSART,derivation_note,604,604,100.0,0,str:604,,0,2,review_domain_property,P3,domain-specific edge value,| r1: derived=>topology_synthesized (catch-all: basis=controlled_vocab) || | r1: derived=>topology_synthesized (catch-all: basis=legacy_migration)
relationship,HAT_WIEDERVERWENDUNGSART,evidence_basis,604,604,100.0,0,str:604,,0,2,review_keep_or_source_edge,P1,"edge provenance can be valid, but normalize to source_type/source_detail or BELEGT_IN",controlled_vocab || legacy_migration
relationship,HAT_WIEDERVERWENDUNGSART,evidence_confidence,604,604,100.0,0,str:604,,0,1,review_keep_or_source_edge,P1,"edge provenance can be valid, but normalize to source_type/source_detail or BELEGT_IN",unklar
relationship,HAT_WIEDERVERWENDUNGSART,evidence_excerpt,604,17,2.81,587,str:17,,0,1,review_keep_or_source_edge,P1,"edge provenance can be valid, but normalize to source_type/source_detail or BELEGT_IN",BELEGT
relationship,HAT_WIEDERVERWENDUNGSART,evidence_origin,604,604,100.0,0,str:604,,0,1,review_keep_or_source_edge,P1,"edge provenance can be valid, but normalize to source_type/source_detail or BELEGT_IN",topology_synthesized
relationship,HAT_WIEDERVERWENDUNGSART,evidence_source_id,604,604,100.0,0,str:604,,0,4,review_keep_or_source_edge,P1,"edge provenance can be valid, but normalize to source_type/source_detail or BELEGT_IN",mig_4_1 || archive:Verbiest_Karreveld_Brussels.md (replicated from pre-split BG) || batch2_v2_import_2026-05-20 || batch2_v2_followup_2026-05-20
relationship,HAT_WIEDERVERWENDUNGSART,id,604,604,100.0,0,str:604,,0,604,keep_minimum,P0,relationship identity handle required by current constraints,r_p_55_great_suffolk_street_london__HAT_WIEDERVERWENDUNGSART__wva_direkte_wiederverwendung || r_p_association_house_groeditz__HAT_WIEDERVERWENDUNGSART__wva_direkte_wiederverwendung || r_p_association_house_plauen__HAT_WIEDERVERWENDUNGSART__wva_direkte_wiederverwendung || r_p_bedzed_london_hackbridge__HAT_WIEDERVERWENDUNGSART__wva_direkte_wiederverwendung
relationship,HAT_WIEDERVERWENDUNGSART,review_status,604,604,100.0,0,str:604,,0,1,review_keep_or_provenance,P1,may be real edge evidence/status; keep only if queried,needs_source_url_review
relationship,HAT_WIEDERVERWENDUNGSART,source_resolution_status,604,604,100.0,0,str:604,,0,1,review_keep_or_source_edge,P1,"edge provenance can be valid, but normalize to source_type/source_detail or BELEGT_IN",needs_source_url_review
relationship,HAT_WIEDERVERWENDUNGSART,source_status,604,604,100.0,0,str:604,,0,1,review_keep_or_source_edge,P1,"edge provenance can be valid, but normalize to source_type/source_detail or BELEGT_IN",missing
relationship,HAT_WIEDERVERWENDUNGSART,source_status_migration,604,604,100.0,0,str:604,,0,1,review_keep_or_source_edge,P1,"edge provenance can be valid, but normalize to source_type/source_detail or BELEGT_IN",mig_source_status_normalization_2026_05_28
relationship,HAT_WIEDERVERWENDUNGSART,source_status_reason,604,604,100.0,0,str:604,,0,1,review_keep_or_source_edge,P1,"edge provenance can be valid, but normalize to source_type/source_detail or BELEGT_IN",no_exact_url_binding_needs_review
relationship,HAT_WIRTSCHAFT,derivation_note,41,41,100.0,0,str:41,,0,1,review_domain_property,P3,domain-specific edge value,| r1: derived=>topology_synthesized (catch-all: basis=legacy_migration)
relationship,HAT_WIRTSCHAFT,evidence_basis,41,41,100.0,0,str:41,,0,1,review_keep_or_source_edge,P1,"edge provenance can be valid, but normalize to source_type/source_detail or BELEGT_IN",legacy_migration
relationship,HAT_WIRTSCHAFT,evidence_confidence,41,41,100.0,0,str:41,,0,1,review_keep_or_source_edge,P1,"edge provenance can be valid, but normalize to source_type/source_detail or BELEGT_IN",unklar
relationship,HAT_WIRTSCHAFT,evidence_excerpt,41,41,100.0,0,str:41,,0,21,review_keep_or_source_edge,P1,"edge provenance can be valid, but normalize to source_type/source_detail or BELEGT_IN",BELEGT || e Angaben | — | unklar | | | Förderprogramm | DISRUPT case study | Forschungskontext der ASBP-Fallstudie | || Q6 nennt Grade 1 – prüfen | | Förderprogramm | Heritage Lottery Fund / National Lottery Heritage Fund | Fina || spätere Wiederverwendung | | Förderprogramm | Provinz Zeeland / Rabobank Groenprojecten | Entwicklungs-/Fin
relationship,HAT_WIRTSCHAFT,evidence_origin,41,41,100.0,0,str:41,,0,1,review_keep_or_source_edge,P1,"edge provenance can be valid, but normalize to source_type/source_detail or BELEGT_IN",topology_synthesized
relationship,HAT_WIRTSCHAFT,evidence_source_id,41,41,100.0,0,str:41,,0,20,review_keep_or_source_edge,P1,"edge provenance can be valid, but normalize to source_type/source_detail or BELEGT_IN",batch2_v2_followup_2026-05-20 || archive:Brent_Cross_Town_Primary_Substation_London.md || archive:Hastings_Pier_Visitor_Centre.md || archive:Jeugdkliniek_Ithaka_Emergis_Kloetinge.md
relationship,HAT_WIRTSCHAFT,id,41,41,100.0,0,str:41,,0,41,keep_minimum,P0,relationship identity handle required by current constraints,r_prog_stuttgart_210__HAT_WIRTSCHAFT__wi_restwert || r_p_brent_cross_town_primary_substation_london__HAT_WIRTSCHAFT__wi_capex_hoeher_subvention || r_p_hastings_pier_visitor_centre__HAT_WIRTSCHAFT__wi_capex_hoeher_subvention || r_p_jeugdkliniek_ithaka_emergis_kloetinge__HAT_WIRTSCHAFT__wi_capex_hoeher_subvention
relationship,HAT_WIRTSCHAFT,review_status,41,41,100.0,0,str:41,,0,1,review_keep_or_provenance,P1,may be real edge evidence/status; keep only if queried,needs_source_url_review
relationship,HAT_WIRTSCHAFT,source_resolution_status,41,41,100.0,0,str:41,,0,1,review_keep_or_source_edge,P1,"edge provenance can be valid, but normalize to source_type/source_detail or BELEGT_IN",needs_source_url_review
relationship,HAT_WIRTSCHAFT,source_status,41,41,100.0,0,str:41,,0,1,review_keep_or_source_edge,P1,"edge provenance can be valid, but normalize to source_type/source_detail or BELEGT_IN",missing
relationship,HAT_WIRTSCHAFT,source_status_migration,41,41,100.0,0,str:41,,0,1,review_keep_or_source_edge,P1,"edge provenance can be valid, but normalize to source_type/source_detail or BELEGT_IN",mig_source_status_normalization_2026_05_28
relationship,HAT_WIRTSCHAFT,source_status_reason,41,41,100.0,0,str:41,,0,1,review_keep_or_source_edge,P1,"edge provenance can be valid, but normalize to source_type/source_detail or BELEGT_IN",no_exact_url_binding_needs_review
relationship,HAT_WIRTSCHAFTSASPEKT,derivation_note,11,11,100.0,0,str:11,,0,1,review_domain_property,P3,domain-specific edge value,| r1: derived=>topology_synthesized (catch-all: basis=controlled_vocab)
relationship,HAT_WIRTSCHAFTSASPEKT,evidence_basis,11,11,100.0,0,str:11,,0,1,review_keep_or_source_edge,P1,"edge provenance can be valid, but normalize to source_type/source_detail or BELEGT_IN",controlled_vocab
relationship,HAT_WIRTSCHAFTSASPEKT,evidence_confidence,11,11,100.0,0,str:11,,0,1,review_keep_or_source_edge,P1,"edge provenance can be valid, but normalize to source_type/source_detail or BELEGT_IN",unklar
relationship,HAT_WIRTSCHAFTSASPEKT,evidence_origin,11,11,100.0,0,str:11,,0,1,review_keep_or_source_edge,P1,"edge provenance can be valid, but normalize to source_type/source_detail or BELEGT_IN",topology_synthesized
relationship,HAT_WIRTSCHAFTSASPEKT,evidence_source_id,11,11,100.0,0,str:11,,0,1,review_keep_or_source_edge,P1,"edge provenance can be valid, but normalize to source_type/source_detail or BELEGT_IN",mig_4_1
relationship,HAT_WIRTSCHAFTSASPEKT,id,11,11,100.0,0,str:11,,0,11,keep_minimum,P0,relationship identity handle required by current constraints,r_bg_reuse_stahl_mehrere_bedzed_structural__HAT_WIRTSCHAFTSASPEKT__wi_kostenvergleich || r_bg_reuse_stahlbeton_mehrere_haus_hos_floor_elements__HAT_WIRTSCHAFTSASPEKT__wi_kostenvergleich || r_bg_reuse_stahlbeton_treppe_haus_hos__HAT_WIRTSCHAFTSASPEKT__wi_kostenvergleich || r_bg_reuse_stahlbeton_wand_haus_hos_elements__HAT_WIRTSCHAFTSASPEKT__wi_kostenvergleich
relationship,HAT_WIRTSCHAFTSASPEKT,review_status,11,11,100.0,0,str:11,,0,1,review_keep_or_provenance,P1,may be real edge evidence/status; keep only if queried,needs_source_url_review
relationship,HAT_WIRTSCHAFTSASPEKT,source_resolution_status,11,11,100.0,0,str:11,,0,1,review_keep_or_source_edge,P1,"edge provenance can be valid, but normalize to source_type/source_detail or BELEGT_IN",needs_source_url_review
relationship,HAT_WIRTSCHAFTSASPEKT,source_status,11,11,100.0,0,str:11,,0,1,review_keep_or_source_edge,P1,"edge provenance can be valid, but normalize to source_type/source_detail or BELEGT_IN",missing
relationship,HAT_WIRTSCHAFTSASPEKT,source_status_migration,11,11,100.0,0,str:11,,0,1,review_keep_or_source_edge,P1,"edge provenance can be valid, but normalize to source_type/source_detail or BELEGT_IN",mig_source_status_normalization_2026_05_28
relationship,HAT_WIRTSCHAFTSASPEKT,source_status_reason,11,11,100.0,0,str:11,,0,1,review_keep_or_source_edge,P1,"edge provenance can be valid, but normalize to source_type/source_detail or BELEGT_IN",no_exact_url_binding_needs_review
relationship,HAT_ZERTIFIZIERUNG,evidence_basis,12,12,100.0,0,str:12,,0,1,review_keep_or_source_edge,P1,"edge provenance can be valid, but normalize to source_type/source_detail or BELEGT_IN",cell_citation
relationship,HAT_ZERTIFIZIERUNG,evidence_cleanup_run,12,12,100.0,0,str:12,,0,1,review_keep_or_source_edge,P1,"edge provenance can be valid, but normalize to source_type/source_detail or BELEGT_IN",2026-05-28_belegt_confidence_conflict_cleanup
relationship,HAT_ZERTIFIZIERUNG,evidence_confidence,12,12,100.0,0,str:12,,0,1,review_keep_or_source_edge,P1,"edge provenance can be valid, but normalize to source_type/source_detail or BELEGT_IN",unklar
relationship,HAT_ZERTIFIZIERUNG,evidence_confidence_status,12,12,100.0,0,str:12,,0,1,review_keep_or_source_edge,P1,"edge provenance can be valid, but normalize to source_type/source_detail or BELEGT_IN",downgraded_pending_exact_source_url_review
relationship,HAT_ZERTIFIZIERUNG,evidence_excerpt,12,12,100.0,0,str:12,,0,1,review_keep_or_source_edge,P1,"edge provenance can be valid, but normalize to source_type/source_detail or BELEGT_IN",Restored from Phase 2.5 deletion journal
relationship,HAT_ZERTIFIZIERUNG,evidence_note,12,12,100.0,0,str:12,,0,1,review_keep_or_source_edge,P1,"edge provenance can be valid, but normalize to source_type/source_detail or BELEGT_IN",Former evidence_confidence=belegt was downgraded because source_status is not exact and the relationship still needs source URL / exact-claim review.
relationship,HAT_ZERTIFIZIERUNG,evidence_origin,12,12,100.0,0,str:12,,0,1,review_keep_or_source_edge,P1,"edge provenance can be valid, but normalize to source_type/source_detail or BELEGT_IN",source_curated
relationship,HAT_ZERTIFIZIERUNG,evidence_quality,12,12,100.0,0,str:12,,0,1,review_keep_or_source_edge,P1,"edge provenance can be valid, but normalize to source_type/source_detail or BELEGT_IN",source_binding_not_exact
relationship,HAT_ZERTIFIZIERUNG,evidence_source_id,12,12,100.0,0,str:12,,0,1,review_keep_or_source_edge,P1,"edge provenance can be valid, but normalize to source_type/source_detail or BELEGT_IN",r2_d_journal_edge_restore
relationship,HAT_ZERTIFIZIERUNG,previous_evidence_confidence,12,12,100.0,0,str:12,,0,1,review_keep_or_source_edge,P1,"edge provenance can be valid, but normalize to source_type/source_detail or BELEGT_IN",belegt
relationship,HAT_ZERTIFIZIERUNG,review_status,12,12,100.0,0,str:12,,0,1,review_keep_or_provenance,P1,may be real edge evidence/status; keep only if queried,needs_source_url_review
relationship,HAT_ZERTIFIZIERUNG,source_resolution_status,12,12,100.0,0,str:12,,0,1,review_keep_or_source_edge,P1,"edge provenance can be valid, but normalize to source_type/source_detail or BELEGT_IN",needs_source_url_review
relationship,HAT_ZERTIFIZIERUNG,source_status,12,12,100.0,0,str:12,,0,1,review_keep_or_source_edge,P1,"edge provenance can be valid, but normalize to source_type/source_detail or BELEGT_IN",missing
relationship,HAT_ZERTIFIZIERUNG,source_status_migration,12,12,100.0,0,str:12,,0,1,review_keep_or_source_edge,P1,"edge provenance can be valid, but normalize to source_type/source_detail or BELEGT_IN",mig_source_status_normalization_2026_05_28
relationship,HAT_ZERTIFIZIERUNG,source_status_reason,12,12,100.0,0,str:12,,0,1,review_keep_or_source_edge,P1,"edge provenance can be valid, but normalize to source_type/source_detail or BELEGT_IN",no_exact_url_binding_needs_review
relationship,HAT_ZERTIFIZIERUNG,verification_attempts,12,12,100.0,0,int:12,,0,1,review_domain_property,P3,domain-specific edge value,1
relationship,HAT_ZERTIFIZIERUNG,verification_method,12,12,100.0,0,str:12,,0,1,review_domain_property,P3,domain-specific edge value,skipped
relationship,HAT_ZERTIFIZIERUNG,verification_notes,12,12,100.0,0,str:12,,0,1,review_domain_property,P3,domain-specific edge value,No ExternalLink reachable from this citation
relationship,HAT_ZERTIFIZIERUNG,verification_score,12,12,100.0,0,float:12,,0,1,review_domain_property,P3,domain-specific edge value,0.0
relationship,HAT_ZERTIFIZIERUNG,verification_status,12,12,100.0,0,str:12,,0,1,review_domain_property,P3,domain-specific edge value,no_url_node
relationship,HAT_ZUSTANDSKLASSE,derivation_note,36,36,100.0,0,str:36,,0,1,review_domain_property,P3,domain-specific edge value,| r1: derived=>topology_synthesized (catch-all: basis=legacy_migration)
relationship,HAT_ZUSTANDSKLASSE,evidence_basis,36,36,100.0,0,str:36,,0,1,review_keep_or_source_edge,P1,"edge provenance can be valid, but normalize to source_type/source_detail or BELEGT_IN",legacy_migration
relationship,HAT_ZUSTANDSKLASSE,evidence_confidence,36,36,100.0,0,str:36,,0,1,review_keep_or_source_edge,P1,"edge provenance can be valid, but normalize to source_type/source_detail or BELEGT_IN",unklar
relationship,HAT_ZUSTANDSKLASSE,evidence_excerpt,36,36,100.0,0,str:36,,0,1,review_keep_or_source_edge,P1,"edge provenance can be valid, but normalize to source_type/source_detail or BELEGT_IN",BELEGT
relationship,HAT_ZUSTANDSKLASSE,evidence_origin,36,36,100.0,0,str:36,,0,1,review_keep_or_source_edge,P1,"edge provenance can be valid, but normalize to source_type/source_detail or BELEGT_IN",topology_synthesized
relationship,HAT_ZUSTANDSKLASSE,evidence_source_id,36,36,100.0,0,str:36,,0,1,review_keep_or_source_edge,P1,"edge provenance can be valid, but normalize to source_type/source_detail or BELEGT_IN",batch2_v2_followup_2026-05-20
relationship,HAT_ZUSTANDSKLASSE,id,36,36,100.0,0,str:36,,0,36,keep_minimum,P0,relationship identity handle required by current constraints,r_bg_planned_stahl_fassade_sms_zuerich_arcade__HAT_ZUSTANDSKLASSE__zk_unbekannt_pruefung_offen || r_bg_reuse_holz_wand_umar_timber_facade__HAT_ZUSTANDSKLASSE__zk_neuwertig || r_bg_reuse_metall_fassade_umar_alu_copper__HAT_ZUSTANDSKLASSE__zk_neuwertig || r_bg_reuse_metall_tuer_umar_wabbes_handles__HAT_ZUSTANDSKLASSE__zk_gebrauchsspuren_funktional
relationship,HAT_ZUSTANDSKLASSE,review_status,36,36,100.0,0,str:36,,0,1,review_keep_or_provenance,P1,may be real edge evidence/status; keep only if queried,needs_source_url_review
relationship,HAT_ZUSTANDSKLASSE,source_resolution_status,36,36,100.0,0,str:36,,0,1,review_keep_or_source_edge,P1,"edge provenance can be valid, but normalize to source_type/source_detail or BELEGT_IN",needs_source_url_review
relationship,HAT_ZUSTANDSKLASSE,source_status,36,36,100.0,0,str:36,,0,1,review_keep_or_source_edge,P1,"edge provenance can be valid, but normalize to source_type/source_detail or BELEGT_IN",missing
relationship,HAT_ZUSTANDSKLASSE,source_status_migration,36,36,100.0,0,str:36,,0,1,review_keep_or_source_edge,P1,"edge provenance can be valid, but normalize to source_type/source_detail or BELEGT_IN",mig_source_status_normalization_2026_05_28
relationship,HAT_ZUSTANDSKLASSE,source_status_reason,36,36,100.0,0,str:36,,0,1,review_keep_or_source_edge,P1,"edge provenance can be valid, but normalize to source_type/source_detail or BELEGT_IN",no_exact_url_binding_needs_review
relationship,INTO_RECEIVER,derivation_note,345,345,100.0,0,str:345,,0,1,review_domain_property,P3,domain-specific edge value,| r1: derived=>topology_synthesized (catch-all: basis=controlled_vocab)
relationship,INTO_RECEIVER,evidence_basis,345,345,100.0,0,str:345,,0,1,review_keep_or_source_edge,P1,"edge provenance can be valid, but normalize to source_type/source_detail or BELEGT_IN",controlled_vocab
relationship,INTO_RECEIVER,evidence_confidence,345,345,100.0,0,str:345,,0,1,review_keep_or_source_edge,P1,"edge provenance can be valid, but normalize to source_type/source_detail or BELEGT_IN",unklar
relationship,INTO_RECEIVER,evidence_excerpt,345,9,2.61,336,str:9,,0,1,review_keep_or_source_edge,P1,"edge provenance can be valid, but normalize to source_type/source_detail or BELEGT_IN",BELEGT
relationship,INTO_RECEIVER,evidence_origin,345,345,100.0,0,str:345,,0,1,review_keep_or_source_edge,P1,"edge provenance can be valid, but normalize to source_type/source_detail or BELEGT_IN",topology_synthesized
relationship,INTO_RECEIVER,evidence_source_id,345,345,100.0,0,str:345,,0,4,review_keep_or_source_edge,P1,"edge provenance can be valid, but normalize to source_type/source_detail or BELEGT_IN",archive:Verbiest_Karreveld_Brussels.md (replicated from pre-split BG) || mig_4_1 || batch2_v2_import_2026-05-20 || batch2_v2_followup_2026-05-20
relationship,INTO_RECEIVER,id,345,345,100.0,0,str:345,,0,345,keep_minimum,P0,relationship identity handle required by current constraints,r_bg_reuse_stahl_gelaender_verbiest_charleroi__EINGEBAUT_IN__bw_verbiest_lagerhaus_zu_haus_und_atelier || r_bg_reuse_keramik_boden_verbiest_charleroi__EINGEBAUT_IN__bw_verbiest_lagerhaus_zu_haus_und_atelier || r_bg_reuse_naturstein_wand_verbiest_charleroi__EINGEBAUT_IN__bw_verbiest_lagerhaus_zu_haus_und_atelier || r_bg_reuse_stahl_mehrere_55gss_external_core__EINGEBAUT_IN__bw_55_great_suffolk_street_warehouse
relationship,INTO_RECEIVER,review_status,345,345,100.0,0,str:345,,0,1,review_keep_or_provenance,P1,may be real edge evidence/status; keep only if queried,needs_source_url_review
relationship,INTO_RECEIVER,source_resolution_status,345,345,100.0,0,str:345,,0,1,review_keep_or_source_edge,P1,"edge provenance can be valid, but normalize to source_type/source_detail or BELEGT_IN",needs_source_url_review
relationship,INTO_RECEIVER,source_status,345,345,100.0,0,str:345,,0,1,review_keep_or_source_edge,P1,"edge provenance can be valid, but normalize to source_type/source_detail or BELEGT_IN",missing
relationship,INTO_RECEIVER,source_status_migration,345,345,100.0,0,str:345,,0,1,review_keep_or_source_edge,P1,"edge provenance can be valid, but normalize to source_type/source_detail or BELEGT_IN",mig_source_status_normalization_2026_05_28
relationship,INTO_RECEIVER,source_status_reason,345,345,100.0,0,str:345,,0,1,review_keep_or_source_edge,P1,"edge provenance can be valid, but normalize to source_type/source_detail or BELEGT_IN",no_exact_url_binding_needs_review
relationship,IST_UNTERVERFAHREN_VON,derivation_note,28,28,100.0,0,str:28,,0,1,review_domain_property,P3,domain-specific edge value,| r1: derived=>topology_synthesized (catch-all: basis=legacy_migration)
relationship,IST_UNTERVERFAHREN_VON,evidence_basis,28,28,100.0,0,str:28,,0,1,review_keep_or_source_edge,P1,"edge provenance can be valid, but normalize to source_type/source_detail or BELEGT_IN",legacy_migration
relationship,IST_UNTERVERFAHREN_VON,evidence_confidence,28,28,100.0,0,str:28,,0,1,review_keep_or_source_edge,P1,"edge provenance can be valid, but normalize to source_type/source_detail or BELEGT_IN",unklar
relationship,IST_UNTERVERFAHREN_VON,evidence_excerpt,28,28,100.0,0,str:28,,0,2,review_keep_or_source_edge,P1,"edge provenance can be valid, but normalize to source_type/source_detail or BELEGT_IN",BELEGT || INFER
relationship,IST_UNTERVERFAHREN_VON,evidence_origin,28,28,100.0,0,str:28,,0,1,review_keep_or_source_edge,P1,"edge provenance can be valid, but normalize to source_type/source_detail or BELEGT_IN",topology_synthesized
relationship,IST_UNTERVERFAHREN_VON,evidence_source_id,28,28,100.0,0,str:28,,0,10,review_keep_or_source_edge,P1,"edge provenance can be valid, but normalize to source_type/source_detail or BELEGT_IN",Bohrkernprüfung is a destructive testing method || Bolzenverbindung is reversible (K.118 case) || Demountable heavy-duty anchor explicitly designed for disassembly (Plattenpalast) || Schema parent-child classification per P-19 plan
relationship,IST_UNTERVERFAHREN_VON,id,28,28,100.0,0,str:28,,0,28,keep_minimum,P0,relationship identity handle required by current constraints,r_pr_bohrkernpruefung_beton__IST_UNTERVERFAHREN_VON__pr_zerstoerende_pruefung || r_vt_bolzenverbindung__IST_UNTERVERFAHREN_VON__vt_reversible_fuegung || r_vt_demontierbarer_schwerlastanker__IST_UNTERVERFAHREN_VON__vt_reversible_fuegung || r_av_sandstrahlen__IST_UNTERVERFAHREN_VON__av_oberflaechenbehandlung
relationship,IST_UNTERVERFAHREN_VON,review_status,28,28,100.0,0,str:28,,0,1,review_keep_or_provenance,P1,may be real edge evidence/status; keep only if queried,needs_source_url_review
relationship,IST_UNTERVERFAHREN_VON,source_resolution_status,28,28,100.0,0,str:28,,0,1,review_keep_or_source_edge,P1,"edge provenance can be valid, but normalize to source_type/source_detail or BELEGT_IN",needs_source_url_review
relationship,IST_UNTERVERFAHREN_VON,source_status,28,28,100.0,0,str:28,,0,1,review_keep_or_source_edge,P1,"edge provenance can be valid, but normalize to source_type/source_detail or BELEGT_IN",missing
relationship,IST_UNTERVERFAHREN_VON,source_status_migration,28,28,100.0,0,str:28,,0,1,review_keep_or_source_edge,P1,"edge provenance can be valid, but normalize to source_type/source_detail or BELEGT_IN",mig_source_status_normalization_2026_05_28
relationship,IST_UNTERVERFAHREN_VON,source_status_reason,28,28,100.0,0,str:28,,0,1,review_keep_or_source_edge,P1,"edge provenance can be valid, but normalize to source_type/source_detail or BELEGT_IN",no_exact_url_binding_needs_review
relationship,LIEGT_IN_LAND,derivation_note,538,504,93.68,34,str:504,,0,3,review_domain_property,P3,domain-specific edge value,| r1: derived=>topology_synthesized (catch-all: basis=legacy_migration) || | r1: derived=>topology_synthesized (catch-all: basis=controlled_vocab) || | r1: curated→registry_derived (Repair D A1–A5 excerpts are auto-generated from registry identity) | r1: registry_derived confidence belegt→teilweise_belegt (D10 conservative default)
relationship,LIEGT_IN_LAND,evidence_basis,538,538,100.0,0,str:538,,0,3,review_keep_or_source_edge,P1,"edge provenance can be valid, but normalize to source_type/source_detail or BELEGT_IN",legacy_migration || controlled_vocab || land_region_section
relationship,LIEGT_IN_LAND,evidence_confidence,538,504,93.68,34,str:504,,0,2,review_keep_or_source_edge,P1,"edge provenance can be valid, but normalize to source_type/source_detail or BELEGT_IN",unklar || teilweise_belegt
relationship,LIEGT_IN_LAND,evidence_excerpt,538,229,42.57,309,str:229,,0,198,review_keep_or_source_edge,P1,"edge provenance can be valid, but normalize to source_type/source_detail or BELEGT_IN",INFER || BELEGT || Akteursregister (q_akteursliste_master_md): Akteur Bellastock [bellastock] ist als operierend in Land Frankreich [land_frankreich] gelistet (scope=organisation_country_context). || Akteursregister (q_akteursliste_master_md): Akteur Werner Sobek [werner_sobek_p] ist als operierend in Land Deutschland [land_deutschland] gelistet (scope=actor_country_context).
relationship,LIEGT_IN_LAND,evidence_note,538,229,42.57,309,str:229,,0,2,review_keep_or_source_edge,P1,"edge provenance can be valid, but normalize to source_type/source_detail or BELEGT_IN",Global audit: evidence_source_id does not resolve to a Quelle node with visible url; factual claim must be re-sourced before being treated as verified. || Relationship came from reviewed archive profile/direct URL list but exact source claim has not been validated; do not treat keyword evidence as proof.
relationship,LIEGT_IN_LAND,evidence_origin,538,504,93.68,34,str:504,,0,2,review_keep_or_source_edge,P1,"edge provenance can be valid, but normalize to source_type/source_detail or BELEGT_IN",topology_synthesized || registry_derived
relationship,LIEGT_IN_LAND,evidence_quality,538,229,42.57,309,str:229,,0,2,review_keep_or_source_edge,P1,"edge provenance can be valid, but normalize to source_type/source_detail or BELEGT_IN",internal_or_missing_source_url || unverified_source_claim
relationship,LIEGT_IN_LAND,evidence_source_id,538,538,100.0,0,str:538,,0,39,review_keep_or_source_edge,P1,"edge provenance can be valid, but normalize to source_type/source_detail or BELEGT_IN",batch2_v2_phase27_2026-05-20 || mig_4_1 || batch2_v2_phase26_2026-05-20 || batch2_v2_import_2026-05-20
relationship,LIEGT_IN_LAND,id,538,538,100.0,0,str:538,,0,538,keep_minimum,P0,relationship identity handle required by current constraints,r_p_55_great_suffolk_street_london__LIEGT_IN_LAND__land_vereinigtes_koenigreich || r_stadt_groeditz__LIEGT_IN_LAND__land_deutschland || r_p_association_house_groeditz__LIEGT_IN_LAND__land_deutschland || r_stadt_plauen__LIEGT_IN_LAND__land_deutschland
relationship,LIEGT_IN_LAND,review_run,538,34,6.32,504,str:34,,0,1,review_domain_property,P3,domain-specific edge value,2026-05-28_bauteilboersen_integration
relationship,LIEGT_IN_LAND,review_status,538,538,100.0,0,str:538,,0,2,review_keep_or_provenance,P1,may be real edge evidence/status; keep only if queried,needs_source_url_review || reviewed_legacy_profile_needs_url_fact_check
relationship,LIEGT_IN_LAND,source_resolution_status,538,537,99.81,1,str:537,,0,3,review_keep_or_source_edge,P1,"edge provenance can be valid, but normalize to source_type/source_detail or BELEGT_IN",needs_source_url_review || evidence_source_id_not_resolved_to_visible_source_url || needs_exact_claim_source_review
relationship,LIEGT_IN_LAND,source_scope,538,230,42.75,308,str:230,,0,2,review_keep_or_source_edge,P1,"edge provenance can be valid, but normalize to source_type/source_detail or BELEGT_IN",actor_registry || bauteilboerse_legacy_review
relationship,LIEGT_IN_LAND,source_status,538,504,93.68,34,str:504,,0,2,review_keep_or_source_edge,P1,"edge provenance can be valid, but normalize to source_type/source_detail or BELEGT_IN",missing || candidate
relationship,LIEGT_IN_LAND,source_status_migration,538,504,93.68,34,str:504,,0,1,review_keep_or_source_edge,P1,"edge provenance can be valid, but normalize to source_type/source_detail or BELEGT_IN",mig_source_status_normalization_2026_05_28
relationship,LIEGT_IN_LAND,source_status_reason,538,504,93.68,34,str:504,,0,2,review_keep_or_source_edge,P1,"edge provenance can be valid, but normalize to source_type/source_detail or BELEGT_IN",no_exact_url_binding_needs_review || candidate_urls_need_fact_review
relationship,LIEGT_IN_LAND,strict_source_url_cleanup,538,196,36.43,342,str:196,,0,1,review_keep_or_source_edge,P1,"edge provenance can be valid, but normalize to source_type/source_detail or BELEGT_IN",mig_strict_source_url_binding_cleanup_2026_05_23
relationship,LIEGT_IN_STADT,derivation_note,252,252,100.0,0,str:252,,0,2,review_domain_property,P3,domain-specific edge value,| r1: derived=>topology_synthesized (catch-all: basis=legacy_migration) || | r1: derived=>topology_synthesized (catch-all: basis=controlled_vocab)
relationship,LIEGT_IN_STADT,evidence_basis,252,252,100.0,0,str:252,,0,2,review_keep_or_source_edge,P1,"edge provenance can be valid, but normalize to source_type/source_detail or BELEGT_IN",legacy_migration || controlled_vocab
relationship,LIEGT_IN_STADT,evidence_confidence,252,252,100.0,0,str:252,,0,1,review_keep_or_source_edge,P1,"edge provenance can be valid, but normalize to source_type/source_detail or BELEGT_IN",unklar
relationship,LIEGT_IN_STADT,evidence_excerpt,252,15,5.95,237,str:15,,0,1,review_keep_or_source_edge,P1,"edge provenance can be valid, but normalize to source_type/source_detail or BELEGT_IN",BELEGT
relationship,LIEGT_IN_STADT,evidence_origin,252,252,100.0,0,str:252,,0,1,review_keep_or_source_edge,P1,"edge provenance can be valid, but normalize to source_type/source_detail or BELEGT_IN",topology_synthesized
relationship,LIEGT_IN_STADT,evidence_source_id,252,252,100.0,0,str:252,,0,3,review_keep_or_source_edge,P1,"edge provenance can be valid, but normalize to source_type/source_detail or BELEGT_IN",batch2_v2_phase27_2026-05-20 || mig_4_1 || batch2_v2_import_2026-05-20
relationship,LIEGT_IN_STADT,id,252,252,100.0,0,str:252,,0,252,keep_minimum,P0,relationship identity handle required by current constraints,r_p_55_great_suffolk_street_london__LIEGT_IN_STADT__stadt_london || r_bw_55_great_suffolk_street_warehouse__LIEGT_IN_STADT__stadt_london || r_bw_1_broadgate_london__LIEGT_IN_STADT__stadt_london || r_p_association_house_groeditz__LIEGT_IN_STADT__stadt_groeditz
relationship,LIEGT_IN_STADT,review_status,252,252,100.0,0,str:252,,0,1,review_keep_or_provenance,P1,may be real edge evidence/status; keep only if queried,needs_source_url_review
relationship,LIEGT_IN_STADT,source_resolution_status,252,252,100.0,0,str:252,,0,1,review_keep_or_source_edge,P1,"edge provenance can be valid, but normalize to source_type/source_detail or BELEGT_IN",needs_source_url_review
relationship,LIEGT_IN_STADT,source_status,252,252,100.0,0,str:252,,0,1,review_keep_or_source_edge,P1,"edge provenance can be valid, but normalize to source_type/source_detail or BELEGT_IN",missing
relationship,LIEGT_IN_STADT,source_status_migration,252,252,100.0,0,str:252,,0,1,review_keep_or_source_edge,P1,"edge provenance can be valid, but normalize to source_type/source_detail or BELEGT_IN",mig_source_status_normalization_2026_05_28
relationship,LIEGT_IN_STADT,source_status_reason,252,252,100.0,0,str:252,,0,1,review_keep_or_source_edge,P1,"edge provenance can be valid, but normalize to source_type/source_detail or BELEGT_IN",no_exact_url_binding_needs_review
relationship,METHODENGRUNDLAGE_NORM,evidence_basis,8,8,100.0,0,str:8,,0,1,review_keep_or_source_edge,P1,"edge provenance can be valid, but normalize to source_type/source_detail or BELEGT_IN",controlled_vocab
relationship,METHODENGRUNDLAGE_NORM,evidence_cleanup_run,8,8,100.0,0,str:8,,0,1,review_keep_or_source_edge,P1,"edge provenance can be valid, but normalize to source_type/source_detail or BELEGT_IN",2026-05-28_belegt_confidence_conflict_cleanup
relationship,METHODENGRUNDLAGE_NORM,evidence_confidence,8,8,100.0,0,str:8,,0,1,review_keep_or_source_edge,P1,"edge provenance can be valid, but normalize to source_type/source_detail or BELEGT_IN",unklar
relationship,METHODENGRUNDLAGE_NORM,evidence_confidence_status,8,8,100.0,0,str:8,,0,1,review_keep_or_source_edge,P1,"edge provenance can be valid, but normalize to source_type/source_detail or BELEGT_IN",downgraded_pending_exact_source_url_review
relationship,METHODENGRUNDLAGE_NORM,evidence_note,8,8,100.0,0,str:8,,0,1,review_keep_or_source_edge,P1,"edge provenance can be valid, but normalize to source_type/source_detail or BELEGT_IN",Former evidence_confidence=belegt was downgraded because source_status is not exact and the relationship still needs source URL / exact-claim review.
relationship,METHODENGRUNDLAGE_NORM,evidence_origin,8,8,100.0,0,str:8,,0,1,review_keep_or_source_edge,P1,"edge provenance can be valid, but normalize to source_type/source_detail or BELEGT_IN",source_curated
relationship,METHODENGRUNDLAGE_NORM,evidence_quality,8,8,100.0,0,str:8,,0,1,review_keep_or_source_edge,P1,"edge provenance can be valid, but normalize to source_type/source_detail or BELEGT_IN",source_binding_not_exact
relationship,METHODENGRUNDLAGE_NORM,evidence_source_id,8,8,100.0,0,str:8,,0,1,review_keep_or_source_edge,P1,"edge provenance can be valid, but normalize to source_type/source_detail or BELEGT_IN",r2_b_journal_edge_restore
relationship,METHODENGRUNDLAGE_NORM,previous_evidence_confidence,8,8,100.0,0,str:8,,0,1,review_keep_or_source_edge,P1,"edge provenance can be valid, but normalize to source_type/source_detail or BELEGT_IN",belegt
relationship,METHODENGRUNDLAGE_NORM,review_status,8,8,100.0,0,str:8,,0,1,review_keep_or_provenance,P1,may be real edge evidence/status; keep only if queried,needs_source_url_review
relationship,METHODENGRUNDLAGE_NORM,source_resolution_status,8,8,100.0,0,str:8,,0,1,review_keep_or_source_edge,P1,"edge provenance can be valid, but normalize to source_type/source_detail or BELEGT_IN",needs_source_url_review
relationship,METHODENGRUNDLAGE_NORM,source_status,8,8,100.0,0,str:8,,0,1,review_keep_or_source_edge,P1,"edge provenance can be valid, but normalize to source_type/source_detail or BELEGT_IN",missing
relationship,METHODENGRUNDLAGE_NORM,source_status_migration,8,8,100.0,0,str:8,,0,1,review_keep_or_source_edge,P1,"edge provenance can be valid, but normalize to source_type/source_detail or BELEGT_IN",mig_source_status_normalization_2026_05_28
relationship,METHODENGRUNDLAGE_NORM,source_status_reason,8,8,100.0,0,str:8,,0,1,review_keep_or_source_edge,P1,"edge provenance can be valid, but normalize to source_type/source_detail or BELEGT_IN",no_exact_url_binding_needs_review
relationship,NUTZT_BAUWERK,derivation_note,166,166,100.0,0,str:166,,0,2,review_domain_property,P3,domain-specific edge value,| r1: derived=>topology_synthesized (catch-all: basis=controlled_vocab) || | r1: derived=>topology_synthesized (catch-all: basis=legacy_migration)
relationship,NUTZT_BAUWERK,evidence_basis,166,166,100.0,0,str:166,,0,2,review_keep_or_source_edge,P1,"edge provenance can be valid, but normalize to source_type/source_detail or BELEGT_IN",controlled_vocab || legacy_migration
relationship,NUTZT_BAUWERK,evidence_confidence,166,166,100.0,0,str:166,,0,1,review_keep_or_source_edge,P1,"edge provenance can be valid, but normalize to source_type/source_detail or BELEGT_IN",unklar
relationship,NUTZT_BAUWERK,evidence_excerpt,166,1,0.6,165,str:1,,0,1,review_keep_or_source_edge,P1,"edge provenance can be valid, but normalize to source_type/source_detail or BELEGT_IN",BELEGT
relationship,NUTZT_BAUWERK,evidence_origin,166,166,100.0,0,str:166,,0,1,review_keep_or_source_edge,P1,"edge provenance can be valid, but normalize to source_type/source_detail or BELEGT_IN",topology_synthesized
relationship,NUTZT_BAUWERK,evidence_source_id,166,166,100.0,0,str:166,,0,2,review_keep_or_source_edge,P1,"edge provenance can be valid, but normalize to source_type/source_detail or BELEGT_IN",mig_4_1 || batch2_v2_import_2026-05-20
relationship,NUTZT_BAUWERK,id,166,166,100.0,0,str:166,,0,166,keep_minimum,P0,relationship identity handle required by current constraints,r_p_55_great_suffolk_street_london__NUTZT_BAUWERK__bw_55_great_suffolk_street_warehouse || r_p_association_house_groeditz__NUTZT_BAUWERK__bw_association_house_groeditz || r_p_association_house_plauen__NUTZT_BAUWERK__bw_association_house_plauen || r_p_bedzed_london_hackbridge__NUTZT_BAUWERK__bw_bedzed_quarter_hackbridge
relationship,NUTZT_BAUWERK,review_status,166,166,100.0,0,str:166,,0,1,review_keep_or_provenance,P1,may be real edge evidence/status; keep only if queried,needs_source_url_review
relationship,NUTZT_BAUWERK,source_resolution_status,166,166,100.0,0,str:166,,0,1,review_keep_or_source_edge,P1,"edge provenance can be valid, but normalize to source_type/source_detail or BELEGT_IN",needs_source_url_review
relationship,NUTZT_BAUWERK,source_status,166,166,100.0,0,str:166,,0,1,review_keep_or_source_edge,P1,"edge provenance can be valid, but normalize to source_type/source_detail or BELEGT_IN",missing
relationship,NUTZT_BAUWERK,source_status_migration,166,166,100.0,0,str:166,,0,1,review_keep_or_source_edge,P1,"edge provenance can be valid, but normalize to source_type/source_detail or BELEGT_IN",mig_source_status_normalization_2026_05_28
relationship,NUTZT_BAUWERK,source_status_reason,166,166,100.0,0,str:166,,0,1,review_keep_or_source_edge,P1,"edge provenance can be valid, but normalize to source_type/source_detail or BELEGT_IN",no_exact_url_binding_needs_review
relationship,NUTZT_MATERIAL,derivation_note,508,468,92.13,40,str:468,,0,2,review_domain_property,P3,domain-specific edge value,| r1: derived=>topology_synthesized (catch-all: basis=legacy_migration) || | r1: derived=>topology_synthesized (catch-all: basis=controlled_vocab)
relationship,NUTZT_MATERIAL,evidence_basis,508,508,100.0,0,str:508,,0,3,review_keep_or_source_edge,P1,"edge provenance can be valid, but normalize to source_type/source_detail or BELEGT_IN",legacy_migration || controlled_vocab || pass8_strict_import_2026_05_31
relationship,NUTZT_MATERIAL,evidence_confidence,508,508,100.0,0,str:508,,0,2,review_keep_or_source_edge,P1,"edge provenance can be valid, but normalize to source_type/source_detail or BELEGT_IN",unklar || belegt
relationship,NUTZT_MATERIAL,evidence_excerpt,508,28,5.51,480,str:28,,0,1,review_keep_or_source_edge,P1,"edge provenance can be valid, but normalize to source_type/source_detail or BELEGT_IN",BELEGT
relationship,NUTZT_MATERIAL,evidence_origin,508,468,92.13,40,str:468,,0,1,review_keep_or_source_edge,P1,"edge provenance can be valid, but normalize to source_type/source_detail or BELEGT_IN",topology_synthesized
relationship,NUTZT_MATERIAL,evidence_source_id,508,468,92.13,40,str:468,,0,4,review_keep_or_source_edge,P1,"edge provenance can be valid, but normalize to source_type/source_detail or BELEGT_IN",archive:Verbiest_Karreveld_Brussels.md (split-specific material) || mig_4_1 || archive:Peoples_Pavilion_Eindhoven.md ENTITÄTEN-MAPPING || batch2_v2_followup_2026-05-20
relationship,NUTZT_MATERIAL,id,508,468,92.13,40,str:468,,0,468,keep_minimum,P0,relationship identity handle required by current constraints,r_bg_reuse_stahl_gelaender_verbiest_charleroi__NUTZT_MATERIAL__mat_stahl || r_bg_reuse_keramik_boden_verbiest_charleroi__NUTZT_MATERIAL__mat_keramik || r_bg_reuse_naturstein_wand_verbiest_charleroi__NUTZT_MATERIAL__mat_naturstein || r_bg_reuse_stahl_mehrere_55gss_external_core__NUTZT_MATERIAL__mat_stahl
relationship,NUTZT_MATERIAL,review_run,508,40,7.87,468,str:40,,0,1,review_domain_property,P3,domain-specific edge value,bauteilboersen_finalest_30_2026_05_31
relationship,NUTZT_MATERIAL,review_status,508,468,92.13,40,str:468,,0,1,review_keep_or_provenance,P1,may be real edge evidence/status; keep only if queried,needs_source_url_review
relationship,NUTZT_MATERIAL,source_resolution_status,508,468,92.13,40,str:468,,0,1,review_keep_or_source_edge,P1,"edge provenance can be valid, but normalize to source_type/source_detail or BELEGT_IN",needs_source_url_review
relationship,NUTZT_MATERIAL,source_status,508,468,92.13,40,str:468,,0,1,review_keep_or_source_edge,P1,"edge provenance can be valid, but normalize to source_type/source_detail or BELEGT_IN",missing
relationship,NUTZT_MATERIAL,source_status_migration,508,468,92.13,40,str:468,,0,1,review_keep_or_source_edge,P1,"edge provenance can be valid, but normalize to source_type/source_detail or BELEGT_IN",mig_source_status_normalization_2026_05_28
relationship,NUTZT_MATERIAL,source_status_reason,508,468,92.13,40,str:468,,0,1,review_keep_or_source_edge,P1,"edge provenance can be valid, but normalize to source_type/source_detail or BELEGT_IN",no_exact_url_binding_needs_review
relationship,NUTZT_SOFTWARE,derivation_note,50,50,100.0,0,str:50,,0,2,review_domain_property,P3,domain-specific edge value,| r1: derived=>topology_synthesized (catch-all: basis=controlled_vocab) || | r1: derived=>topology_synthesized (catch-all: basis=legacy_migration)
relationship,NUTZT_SOFTWARE,evidence_basis,50,50,100.0,0,str:50,,0,2,review_keep_or_source_edge,P1,"edge provenance can be valid, but normalize to source_type/source_detail or BELEGT_IN",controlled_vocab || legacy_migration
relationship,NUTZT_SOFTWARE,evidence_confidence,50,50,100.0,0,str:50,,0,1,review_keep_or_source_edge,P1,"edge provenance can be valid, but normalize to source_type/source_detail or BELEGT_IN",unklar
relationship,NUTZT_SOFTWARE,evidence_excerpt,50,7,14.0,43,str:7,,0,1,review_keep_or_source_edge,P1,"edge provenance can be valid, but normalize to source_type/source_detail or BELEGT_IN",BELEGT
relationship,NUTZT_SOFTWARE,evidence_origin,50,50,100.0,0,str:50,,0,1,review_keep_or_source_edge,P1,"edge provenance can be valid, but normalize to source_type/source_detail or BELEGT_IN",topology_synthesized
relationship,NUTZT_SOFTWARE,evidence_source_id,50,50,100.0,0,str:50,,0,2,review_keep_or_source_edge,P1,"edge provenance can be valid, but normalize to source_type/source_detail or BELEGT_IN",mig_4_1 || batch2_v2_import_2026-05-20
relationship,NUTZT_SOFTWARE,id,50,50,100.0,0,str:50,,0,50,keep_minimum,P0,relationship identity handle required by current constraints,r_bg_reuse_stahl_mehrere_hof_1930s_beams_to_tbc__NUTZT_SOFTWARE__software_qflow || r_bg_reuse_stahl_mehrere_hof_self_columns__NUTZT_SOFTWARE__software_qflow || r_bg_reuse_mdf_mehrere_impact_black_mdf_panels__NUTZT_SOFTWARE__software_concular || r_bg_reuse_mehrere_mehrere_impact_crclr_doors_windows_sanitary__NUTZT_SOFTWARE__software_concular
relationship,NUTZT_SOFTWARE,review_status,50,50,100.0,0,str:50,,0,1,review_keep_or_provenance,P1,may be real edge evidence/status; keep only if queried,needs_source_url_review
relationship,NUTZT_SOFTWARE,source_resolution_status,50,50,100.0,0,str:50,,0,1,review_keep_or_source_edge,P1,"edge provenance can be valid, but normalize to source_type/source_detail or BELEGT_IN",needs_source_url_review
relationship,NUTZT_SOFTWARE,source_status,50,50,100.0,0,str:50,,0,1,review_keep_or_source_edge,P1,"edge provenance can be valid, but normalize to source_type/source_detail or BELEGT_IN",missing
relationship,NUTZT_SOFTWARE,source_status_migration,50,50,100.0,0,str:50,,0,1,review_keep_or_source_edge,P1,"edge provenance can be valid, but normalize to source_type/source_detail or BELEGT_IN",mig_source_status_normalization_2026_05_28
relationship,NUTZT_SOFTWARE,source_status_reason,50,50,100.0,0,str:50,,0,1,review_keep_or_source_edge,P1,"edge provenance can be valid, but normalize to source_type/source_detail or BELEGT_IN",no_exact_url_binding_needs_review
relationship,REFERENZIERT_NORM,derivation_note,145,145,100.0,0,str:145,,0,4,review_domain_property,P3,domain-specific edge value,former_basis=lca_module_demote | mittel->teilweise_belegt via mig_5_1_pretier (Verifier 10 finding) | r1: derived=>topology_synthesized (catch-all: basis=standards_body) || | r1: derived=>topology_synthesized (catch-all: basis=standards_body) || | r1: inferred+belegt was self-contradictory => downgraded to teilweise_belegt || former_basis=legacy_migration | r1: derived=>topology_synthesized (catch-all: basis=standards_body)
relationship,REFERENZIERT_NORM,evidence_basis,145,145,100.0,0,str:145,,0,2,review_keep_or_source_edge,P1,"edge provenance can be valid, but normalize to source_type/source_detail or BELEGT_IN",standards_body || research_file_row
relationship,REFERENZIERT_NORM,evidence_confidence,145,145,100.0,0,str:145,,0,2,review_keep_or_source_edge,P1,"edge provenance can be valid, but normalize to source_type/source_detail or BELEGT_IN",teilweise_belegt || unklar
relationship,REFERENZIERT_NORM,evidence_excerpt,145,8,5.52,137,str:8,,0,1,review_keep_or_source_edge,P1,"edge provenance can be valid, but normalize to source_type/source_detail or BELEGT_IN",BELEGT
relationship,REFERENZIERT_NORM,evidence_origin,145,145,100.0,0,str:145,,0,2,review_keep_or_source_edge,P1,"edge provenance can be valid, but normalize to source_type/source_detail or BELEGT_IN",topology_synthesized || inferred
relationship,REFERENZIERT_NORM,evidence_source_id,145,145,100.0,0,str:145,,0,5,review_keep_or_source_edge,P1,"edge provenance can be valid, but normalize to source_type/source_detail or BELEGT_IN",mig_2_5 || mig_4_1 || q_circular_construction_reuse_graph_gaps_md || batch2_v2_import_2026-05-20
relationship,REFERENZIERT_NORM,id,145,145,100.0,0,str:145,,0,145,keep_minimum,P0,relationship identity handle required by current constraints,r_p_55_great_suffolk_street_london__REFERENZIERT_NORM__norm_din_en_15804 || r_bg_reuse_stahl_mehrere_55gss_external_core__REFERENZIERT_NORM__norm_en_1090 || r_bg_reuse_stahl_mehrere_bedzed_structural__REFERENZIERT_NORM__norm_historic_sections_book || r_bg_reuse_stahl_mehrere_brent_cross_bracing_members__REFERENZIERT_NORM__norm_sci_p427
relationship,REFERENZIERT_NORM,review_status,145,145,100.0,0,str:145,,0,1,review_keep_or_provenance,P1,may be real edge evidence/status; keep only if queried,needs_source_url_review
relationship,REFERENZIERT_NORM,source_resolution_status,145,145,100.0,0,str:145,,0,1,review_keep_or_source_edge,P1,"edge provenance can be valid, but normalize to source_type/source_detail or BELEGT_IN",needs_source_url_review
relationship,REFERENZIERT_NORM,source_status,145,145,100.0,0,str:145,,0,2,review_keep_or_source_edge,P1,"edge provenance can be valid, but normalize to source_type/source_detail or BELEGT_IN",missing || candidate
relationship,REFERENZIERT_NORM,source_status_migration,145,145,100.0,0,str:145,,0,1,review_keep_or_source_edge,P1,"edge provenance can be valid, but normalize to source_type/source_detail or BELEGT_IN",mig_source_status_normalization_2026_05_28
relationship,REFERENZIERT_NORM,source_status_reason,145,145,100.0,0,str:145,,0,2,review_keep_or_source_edge,P1,"edge provenance can be valid, but normalize to source_type/source_detail or BELEGT_IN",no_exact_url_binding_needs_review || candidate_urls_need_fact_review
relationship,REFERENZIERT_NORM,strict_source_url_cleanup,145,93,64.14,52,str:93,,0,1,review_keep_or_source_edge,P1,"edge provenance can be valid, but normalize to source_type/source_detail or BELEGT_IN",mig_strict_source_url_binding_cleanup_2026_05_23
relationship,RELEVANT_FOR,derivation_note,100,100,100.0,0,str:100,,0,19,review_domain_property,P3,domain-specific edge value,Country x Material match. Country: land_vereinigtes_koenigreich. Material: mat_stahl. Rule: rr_gb_stahl. || Country x Material match. Country: land_belgien. Material: mat_stahl. Rule: rr_be_stahl. || Country x Material match. Country: land_deutschland. Material: mat_stahl. Rule: rr_de_stahl. || Country x Material match. Country: land_niederlande. Material: mat_stahl. Rule: rr_nl_stahl.
relationship,RELEVANT_FOR,evidence_basis,100,100,100.0,0,str:100,,0,1,review_keep_or_source_edge,P1,"edge provenance can be valid, but normalize to source_type/source_detail or BELEGT_IN",country_material_match
relationship,RELEVANT_FOR,evidence_confidence,100,100,100.0,0,str:100,,0,1,review_keep_or_source_edge,P1,"edge provenance can be valid, but normalize to source_type/source_detail or BELEGT_IN",teilweise_belegt
relationship,RELEVANT_FOR,evidence_origin,100,100,100.0,0,str:100,,0,1,review_keep_or_source_edge,P1,"edge provenance can be valid, but normalize to source_type/source_detail or BELEGT_IN",topology_synthesized
relationship,RELEVANT_FOR,evidence_source_id,100,100,100.0,0,str:100,,0,1,review_keep_or_source_edge,P1,"edge provenance can be valid, but normalize to source_type/source_detail or BELEGT_IN",r3_b_topology
relationship,RELEVANT_FOR,review_status,100,100,100.0,0,str:100,,0,1,review_keep_or_provenance,P1,may be real edge evidence/status; keep only if queried,needs_source_url_review
relationship,RELEVANT_FOR,source_resolution_status,100,100,100.0,0,str:100,,0,1,review_keep_or_source_edge,P1,"edge provenance can be valid, but normalize to source_type/source_detail or BELEGT_IN",needs_source_url_review
relationship,RELEVANT_FOR,source_status,100,100,100.0,0,str:100,,0,1,review_keep_or_source_edge,P1,"edge provenance can be valid, but normalize to source_type/source_detail or BELEGT_IN",missing
relationship,RELEVANT_FOR,source_status_migration,100,100,100.0,0,str:100,,0,1,review_keep_or_source_edge,P1,"edge provenance can be valid, but normalize to source_type/source_detail or BELEGT_IN",mig_source_status_normalization_2026_05_28
relationship,RELEVANT_FOR,source_status_reason,100,100,100.0,0,str:100,,0,1,review_keep_or_source_edge,P1,"edge provenance can be valid, but normalize to source_type/source_detail or BELEGT_IN",no_exact_url_binding_needs_review
relationship,REQUIRES_VERIFICATION_FOR,derivation_note,339,4,1.18,335,str:4,,0,1,review_sparse,P2,sparse relationship property,"curated->inferred + belegt->inferiert via mig_repair_4_1 (project_rollup is inference, not direct cell citation)"
relationship,REQUIRES_VERIFICATION_FOR,evidence_basis,339,339,100.0,0,str:339,,0,1,review_keep_or_source_edge,P1,"edge provenance can be valid, but normalize to source_type/source_detail or BELEGT_IN",project_rollup
relationship,REQUIRES_VERIFICATION_FOR,evidence_confidence,339,339,100.0,0,str:339,,0,1,review_keep_or_source_edge,P1,"edge provenance can be valid, but normalize to source_type/source_detail or BELEGT_IN",inferiert
relationship,REQUIRES_VERIFICATION_FOR,evidence_excerpt,339,4,1.18,335,str:4,,0,4,review_keep_or_source_edge,P1,"edge provenance can be valid, but normalize to source_type/source_detail or BELEGT_IN",Projekt Europa Building Brussels [p_europa_building_brussels] erfordert Verifikation gegen Schadstoff s_asbest (basis=project_rollup; pollutant_basis=documented; abgeleitet aus q_schadstoff_reuse_knowledge_graph_researc… || Projekt ELEMENTA Walkeweg [p_elementa_walkeweg] erfordert Verifikation gegen Schadstoff s_asbest (basis=project_rollup; pollutant_basis=documented; abgeleitet aus q_schadstoff_reuse_knowledge_graph_research_md; reclassi… || Projekt MedUni Campus Wien [p_meduni_campus_mariannengasse] erfordert Verifikation gegen Schadstoff s_schwermetalle (basis=project_rollup; pollutant_basis=documented; abgeleitet aus q_schadstoff_reuse_knowledge_graph_re… || Projekt ELEMENTA Walkeweg [p_elementa_walkeweg] erfordert Verifikation gegen Schadstoff s_pak (basis=project_rollup; pollutant_basis=documented; abgeleitet aus q_schadstoff_reuse_knowledge_graph_research_md; reclassifie…
relationship,REQUIRES_VERIFICATION_FOR,evidence_origin,339,339,100.0,0,str:339,,0,1,review_keep_or_source_edge,P1,"edge provenance can be valid, but normalize to source_type/source_detail or BELEGT_IN",inferred
relationship,REQUIRES_VERIFICATION_FOR,evidence_source_id,339,339,100.0,0,str:339,,0,1,review_keep_or_source_edge,P1,"edge provenance can be valid, but normalize to source_type/source_detail or BELEGT_IN",q_schadstoff_reuse_knowledge_graph_research_md
relationship,REQUIRES_VERIFICATION_FOR,id,339,339,100.0,0,str:339,,0,339,keep_minimum,P0,relationship identity handle required by current constraints,r_p_55_great_suffolk_street_london__REQUIRES_VERIFICATION_FOR__s_schwermetalle || r_p_association_house_groeditz__REQUIRES_VERIFICATION_FOR__s_pcb || r_p_association_house_plauen__REQUIRES_VERIFICATION_FOR__s_pcb || r_p_bedzed_london_hackbridge__REQUIRES_VERIFICATION_FOR__s_formaldehyd
relationship,REQUIRES_VERIFICATION_FOR,pollutant_basis,339,339,100.0,0,str:339,,0,3,review_domain_property,P3,domain-specific edge value,material_only || documented || era_and_material
relationship,REQUIRES_VERIFICATION_FOR,review_status,339,339,100.0,0,str:339,,0,1,review_keep_or_provenance,P1,may be real edge evidence/status; keep only if queried,needs_source_url_review
relationship,REQUIRES_VERIFICATION_FOR,source_resolution_status,339,339,100.0,0,str:339,,0,1,review_keep_or_source_edge,P1,"edge provenance can be valid, but normalize to source_type/source_detail or BELEGT_IN",needs_source_url_review
relationship,REQUIRES_VERIFICATION_FOR,source_status,339,339,100.0,0,str:339,,0,1,review_keep_or_source_edge,P1,"edge provenance can be valid, but normalize to source_type/source_detail or BELEGT_IN",missing
relationship,REQUIRES_VERIFICATION_FOR,source_status_migration,339,339,100.0,0,str:339,,0,1,review_keep_or_source_edge,P1,"edge provenance can be valid, but normalize to source_type/source_detail or BELEGT_IN",mig_source_status_normalization_2026_05_28
relationship,REQUIRES_VERIFICATION_FOR,source_status_reason,339,339,100.0,0,str:339,,0,1,review_keep_or_source_edge,P1,"edge provenance can be valid, but normalize to source_type/source_detail or BELEGT_IN",no_exact_url_binding_needs_review
relationship,STUB_PROJECT_LINK,association_basis,169,53,31.36,116,str:53,,0,4,review_domain_property,P3,domain-specific edge value,"actor-list source link; research/demonstrator/program association, not exact building-project participation proof || ReCreate programme/source link; not direct project-role proof || actor-list source link; project association needs project-file confirmation before BETEILIGT_AN || actor-list source link or context; upgrade only after project-file/external confirmation"
relationship,STUB_PROJECT_LINK,derivation_note,169,169,100.0,0,str:169,,0,3,review_domain_property,P3,domain-specific edge value,unpacked dedup-merged array (Phase 1.6 actor merge artifact) by mig_repair_4_1_unpack: origin=curatedcurated | derived; conf=teilweise_belegtteilweise_belegt | unklar; src=q_akteursliste_master_mdq_akteursliste_master_m… || | r1: curated→registry_derived (Repair D A1–A5 excerpts are auto-generated from registry identity) || | r1: derived=>registry_derived (registry_stub basis)
relationship,STUB_PROJECT_LINK,evidence_basis,169,169,100.0,0,str:169,,0,1,review_keep_or_source_edge,P1,"edge provenance can be valid, but normalize to source_type/source_detail or BELEGT_IN",registry_stub
relationship,STUB_PROJECT_LINK,evidence_confidence,169,169,100.0,0,str:169,,0,2,review_keep_or_source_edge,P1,"edge provenance can be valid, but normalize to source_type/source_detail or BELEGT_IN",teilweise_belegt || unklar
relationship,STUB_PROJECT_LINK,evidence_excerpt,169,133,78.7,36,str:133,,0,131,review_keep_or_source_edge,P1,"edge provenance can be valid, but normalize to source_type/source_detail or BELEGT_IN",Curated edge unpacked from dedup-merged array (Phase 1.6 actor merge) by mig_repair_4_1. evidence_source_id=q_akteursliste_master_md; canonical singleton chosen from list. See derivation_note for raw values. || Akteursregister-Stub (q_akteursliste_master_md): Akteur Werner Sobek [werner_sobek_p] ist mit Projekt UMAR Unit [p_umar_unit] assoziiert (registry_stub; needs_verification=true; not_confirmed_project_participation=true). || Akteursregister-Stub (q_akteursliste_master_md): Akteur HFT Stuttgart [hft_stuttgart] ist mit Projekt Stuttgart 210 [p_stuttgart_210] assoziiert (registry_stub; needs_verification=true; not_confirmed_project_participati… || Akteursregister-Stub (q_akteursliste_master_md): Akteur Zirkular [zirkular] ist mit Projekt ELYS Kultur- und… [p_elys_kultur_gewerbehaus_basel] assoziiert (registry_stub; needs_verification=true; not_confirmed_project_p…
relationship,STUB_PROJECT_LINK,evidence_origin,169,169,100.0,0,str:169,,0,2,review_keep_or_source_edge,P1,"edge provenance can be valid, but normalize to source_type/source_detail or BELEGT_IN",topology_synthesized || registry_derived
relationship,STUB_PROJECT_LINK,evidence_source_id,169,169,100.0,0,str:169,,0,2,review_keep_or_source_edge,P1,"edge provenance can be valid, but normalize to source_type/source_detail or BELEGT_IN",q_akteursliste_master_md || mig_4_1
relationship,STUB_PROJECT_LINK,id,169,169,100.0,0,str:169,,0,169,keep_minimum,P0,relationship identity handle required by current constraints,r_bellastock__ASSOZIIERT_MIT_PROJEKT__p_resilience_lferme_des_possibles_stains || r_werner_sobek_p__ASSOZIIERT_MIT_PROJEKT__p_umar_unit || r_bauburo_in_situ__ASSOZIIERT_MIT_PROJEKT__p_elys_kultur_gewerbehaus_basel || r_hft_stuttgart__ASSOZIIERT_MIT_PROJEKT__prog_stuttgart_210
relationship,STUB_PROJECT_LINK,individual_project_lead_uncertain,169,2,1.18,167,bool:2,,0,1,review_sparse,P2,sparse relationship property,true
relationship,STUB_PROJECT_LINK,needs_verification,169,169,100.0,0,bool:169,,0,1,review_domain_property,P3,domain-specific edge value,true
relationship,STUB_PROJECT_LINK,not_confirmed_project_participation,169,129,76.33,40,bool:129,,0,1,review_domain_property,P3,domain-specific edge value,true
relationship,STUB_PROJECT_LINK,review_status,169,169,100.0,0,str:169,,0,1,review_keep_or_provenance,P1,may be real edge evidence/status; keep only if queried,needs_source_url_review
relationship,STUB_PROJECT_LINK,source_resolution_status,169,169,100.0,0,str:169,,0,1,review_keep_or_source_edge,P1,"edge provenance can be valid, but normalize to source_type/source_detail or BELEGT_IN",needs_source_url_review
relationship,STUB_PROJECT_LINK,source_scope,169,169,100.0,0,str:169,,0,2,review_keep_or_source_edge,P1,"edge provenance can be valid, but normalize to source_type/source_detail or BELEGT_IN",actor_registry || actor_registry_context
relationship,STUB_PROJECT_LINK,source_status,169,169,100.0,0,str:169,,0,2,review_keep_or_source_edge,P1,"edge provenance can be valid, but normalize to source_type/source_detail or BELEGT_IN",candidate || missing
relationship,STUB_PROJECT_LINK,source_status_migration,169,169,100.0,0,str:169,,0,1,review_keep_or_source_edge,P1,"edge provenance can be valid, but normalize to source_type/source_detail or BELEGT_IN",mig_source_status_normalization_2026_05_28
relationship,STUB_PROJECT_LINK,source_status_reason,169,169,100.0,0,str:169,,0,2,review_keep_or_source_edge,P1,"edge provenance can be valid, but normalize to source_type/source_detail or BELEGT_IN",candidate_urls_need_fact_review || no_exact_url_binding_needs_review
relationship,STUB_PROJECT_LINK,strict_source_url_cleanup,169,133,78.7,36,str:133,,0,1,review_keep_or_source_edge,P1,"edge provenance can be valid, but normalize to source_type/source_detail or BELEGT_IN",mig_strict_source_url_binding_cleanup_2026_05_23
relationship,TEILT_LAYER,evidence_basis,15,15,100.0,0,str:15,,0,1,review_keep_or_source_edge,P1,"edge provenance can be valid, but normalize to source_type/source_detail or BELEGT_IN",controlled_vocab
relationship,TEILT_LAYER,evidence_cleanup_run,15,15,100.0,0,str:15,,0,1,review_keep_or_source_edge,P1,"edge provenance can be valid, but normalize to source_type/source_detail or BELEGT_IN",2026-05-28_belegt_confidence_conflict_cleanup
relationship,TEILT_LAYER,evidence_confidence,15,15,100.0,0,str:15,,0,1,review_keep_or_source_edge,P1,"edge provenance can be valid, but normalize to source_type/source_detail or BELEGT_IN",unklar
relationship,TEILT_LAYER,evidence_confidence_status,15,15,100.0,0,str:15,,0,1,review_keep_or_source_edge,P1,"edge provenance can be valid, but normalize to source_type/source_detail or BELEGT_IN",downgraded_pending_exact_source_url_review
relationship,TEILT_LAYER,evidence_note,15,15,100.0,0,str:15,,0,1,review_keep_or_source_edge,P1,"edge provenance can be valid, but normalize to source_type/source_detail or BELEGT_IN",Former evidence_confidence=belegt was downgraded because source_status is not exact and the relationship still needs source URL / exact-claim review.
relationship,TEILT_LAYER,evidence_origin,15,15,100.0,0,str:15,,0,1,review_keep_or_source_edge,P1,"edge provenance can be valid, but normalize to source_type/source_detail or BELEGT_IN",topology_synthesized
relationship,TEILT_LAYER,evidence_quality,15,15,100.0,0,str:15,,0,1,review_keep_or_source_edge,P1,"edge provenance can be valid, but normalize to source_type/source_detail or BELEGT_IN",source_binding_not_exact
relationship,TEILT_LAYER,evidence_source_id,15,15,100.0,0,str:15,,0,1,review_keep_or_source_edge,P1,"edge provenance can be valid, but normalize to source_type/source_detail or BELEGT_IN",r2_a_layer_restore
relationship,TEILT_LAYER,previous_evidence_confidence,15,15,100.0,0,str:15,,0,1,review_keep_or_source_edge,P1,"edge provenance can be valid, but normalize to source_type/source_detail or BELEGT_IN",belegt
relationship,TEILT_LAYER,review_status,15,15,100.0,0,str:15,,0,1,review_keep_or_provenance,P1,may be real edge evidence/status; keep only if queried,needs_source_url_review
relationship,TEILT_LAYER,source_resolution_status,15,15,100.0,0,str:15,,0,1,review_keep_or_source_edge,P1,"edge provenance can be valid, but normalize to source_type/source_detail or BELEGT_IN",needs_source_url_review
relationship,TEILT_LAYER,source_status,15,15,100.0,0,str:15,,0,1,review_keep_or_source_edge,P1,"edge provenance can be valid, but normalize to source_type/source_detail or BELEGT_IN",missing
relationship,TEILT_LAYER,source_status_migration,15,15,100.0,0,str:15,,0,1,review_keep_or_source_edge,P1,"edge provenance can be valid, but normalize to source_type/source_detail or BELEGT_IN",mig_source_status_normalization_2026_05_28
relationship,TEILT_LAYER,source_status_reason,15,15,100.0,0,str:15,,0,1,review_keep_or_source_edge,P1,"edge provenance can be valid, but normalize to source_type/source_detail or BELEGT_IN",no_exact_url_binding_needs_review
relationship,TEIL_VON_KETTE,derivation_note,14,14,100.0,0,str:14,,0,1,review_domain_property,P3,domain-specific edge value,| r1: derived=>topology_synthesized (catch-all: basis=controlled_vocab)
relationship,TEIL_VON_KETTE,evidence_basis,14,14,100.0,0,str:14,,0,1,review_keep_or_source_edge,P1,"edge provenance can be valid, but normalize to source_type/source_detail or BELEGT_IN",controlled_vocab
relationship,TEIL_VON_KETTE,evidence_confidence,14,14,100.0,0,str:14,,0,1,review_keep_or_source_edge,P1,"edge provenance can be valid, but normalize to source_type/source_detail or BELEGT_IN",unklar
relationship,TEIL_VON_KETTE,evidence_origin,14,14,100.0,0,str:14,,0,1,review_keep_or_source_edge,P1,"edge provenance can be valid, but normalize to source_type/source_detail or BELEGT_IN",topology_synthesized
relationship,TEIL_VON_KETTE,evidence_source_id,14,14,100.0,0,str:14,,0,1,review_keep_or_source_edge,P1,"edge provenance can be valid, but normalize to source_type/source_detail or BELEGT_IN",mig_4_1
relationship,TEIL_VON_KETTE,id,14,14,100.0,0,str:14,,0,14,keep_minimum,P0,relationship identity handle required by current constraints,r_bg_reuse_mehrere_mehrere_bestandsfundamente_und_erste_geschosse_blackfriars__TEIL_VON_KETTE__k_bestandserhalt_blackfriars_tragstruktur || r_bg_reuse_holz_mehrere_brettschichtholzbogen_recypark_demets__TEIL_VON_KETTE__k_reuse_kette_brettschichtholzbogen_liege_bierset_nach_anderlecht || r_bg_reuse_lehm_mehrere_btc_ziegel_mur_trombe_resilience__TEIL_VON_KETTE__k_reuse_kette_btc_ville_des_terres_nach_stains || r_bg_reuse_holz_fenster_doppeltverglaste_holzfenster_resilience__TEIL_VON_KETTE__k_reuse_kette_doppeltverglaste_holzfenster_nach_stains
relationship,TEIL_VON_KETTE,review_status,14,14,100.0,0,str:14,,0,1,review_keep_or_provenance,P1,may be real edge evidence/status; keep only if queried,needs_source_url_review
relationship,TEIL_VON_KETTE,source_resolution_status,14,14,100.0,0,str:14,,0,1,review_keep_or_source_edge,P1,"edge provenance can be valid, but normalize to source_type/source_detail or BELEGT_IN",needs_source_url_review
relationship,TEIL_VON_KETTE,source_status,14,14,100.0,0,str:14,,0,1,review_keep_or_source_edge,P1,"edge provenance can be valid, but normalize to source_type/source_detail or BELEGT_IN",missing
relationship,TEIL_VON_KETTE,source_status_migration,14,14,100.0,0,str:14,,0,1,review_keep_or_source_edge,P1,"edge provenance can be valid, but normalize to source_type/source_detail or BELEGT_IN",mig_source_status_normalization_2026_05_28
relationship,TEIL_VON_KETTE,source_status_reason,14,14,100.0,0,str:14,,0,1,review_keep_or_source_edge,P1,"edge provenance can be valid, but normalize to source_type/source_detail or BELEGT_IN",no_exact_url_binding_needs_review
relationship,TEIL_VON_PROGRAMM,derivation_note,35,35,100.0,0,str:35,,0,2,review_domain_property,P3,domain-specific edge value,| r1: derived=>topology_synthesized (catch-all: basis=legacy_migration) || | r1: derived=>topology_synthesized (catch-all: basis=controlled_vocab)
relationship,TEIL_VON_PROGRAMM,evidence_basis,35,35,100.0,0,str:35,,0,2,review_keep_or_source_edge,P1,"edge provenance can be valid, but normalize to source_type/source_detail or BELEGT_IN",legacy_migration || controlled_vocab
relationship,TEIL_VON_PROGRAMM,evidence_confidence,35,35,100.0,0,str:35,,0,1,review_keep_or_source_edge,P1,"edge provenance can be valid, but normalize to source_type/source_detail or BELEGT_IN",unklar
relationship,TEIL_VON_PROGRAMM,evidence_excerpt,35,1,2.86,34,str:1,,0,1,review_keep_or_source_edge,P1,"edge provenance can be valid, but normalize to source_type/source_detail or BELEGT_IN",BELEGT
relationship,TEIL_VON_PROGRAMM,evidence_origin,35,35,100.0,0,str:35,,0,1,review_keep_or_source_edge,P1,"edge provenance can be valid, but normalize to source_type/source_detail or BELEGT_IN",topology_synthesized
relationship,TEIL_VON_PROGRAMM,evidence_source_id,35,35,100.0,0,str:35,,0,2,review_keep_or_source_edge,P1,"edge provenance can be valid, but normalize to source_type/source_detail or BELEGT_IN",batch2_v2_import_2026-05-20 || mig_4_1
relationship,TEIL_VON_PROGRAMM,id,35,35,100.0,0,str:35,,0,35,keep_minimum,P0,relationship identity handle required by current constraints,r_p_jugendtreff_ingersheim__TEIL_VON_PROGRAMM__prog_stuttgart_210 || r_prog_recreate__TEIL_VON_PROGRAMM__prog_forschungsprojekt || r_p_lycee_michel_lucius_conversion_luxembourg__TEIL_VON_PROGRAMM__prog_pilotprojekt || r_p_mehrow_pilot_house__TEIL_VON_PROGRAMM__prog_pilotprojekt
relationship,TEIL_VON_PROGRAMM,review_status,35,35,100.0,0,str:35,,0,1,review_keep_or_provenance,P1,may be real edge evidence/status; keep only if queried,needs_source_url_review
relationship,TEIL_VON_PROGRAMM,source_resolution_status,35,35,100.0,0,str:35,,0,1,review_keep_or_source_edge,P1,"edge provenance can be valid, but normalize to source_type/source_detail or BELEGT_IN",needs_source_url_review
relationship,TEIL_VON_PROGRAMM,source_status,35,35,100.0,0,str:35,,0,1,review_keep_or_source_edge,P1,"edge provenance can be valid, but normalize to source_type/source_detail or BELEGT_IN",missing
relationship,TEIL_VON_PROGRAMM,source_status_migration,35,35,100.0,0,str:35,,0,1,review_keep_or_source_edge,P1,"edge provenance can be valid, but normalize to source_type/source_detail or BELEGT_IN",mig_source_status_normalization_2026_05_28
relationship,TEIL_VON_PROGRAMM,source_status_reason,35,35,100.0,0,str:35,,0,1,review_keep_or_source_edge,P1,"edge provenance can be valid, but normalize to source_type/source_detail or BELEGT_IN",no_exact_url_binding_needs_review
relationship,TYPISCH_BEI_BAUTEILTYP,derivation_note,10,10,100.0,0,str:10,,0,1,review_domain_property,P3,domain-specific edge value,| r1: derived=>topology_synthesized (catch-all: basis=legacy_migration)
relationship,TYPISCH_BEI_BAUTEILTYP,evidence_basis,10,10,100.0,0,str:10,,0,1,review_keep_or_source_edge,P1,"edge provenance can be valid, but normalize to source_type/source_detail or BELEGT_IN",legacy_migration
relationship,TYPISCH_BEI_BAUTEILTYP,evidence_confidence,10,10,100.0,0,str:10,,0,1,review_keep_or_source_edge,P1,"edge provenance can be valid, but normalize to source_type/source_detail or BELEGT_IN",unklar
relationship,TYPISCH_BEI_BAUTEILTYP,evidence_excerpt,10,10,100.0,0,str:10,,0,1,review_keep_or_source_edge,P1,"edge provenance can be valid, but normalize to source_type/source_detail or BELEGT_IN",INFER
relationship,TYPISCH_BEI_BAUTEILTYP,evidence_origin,10,10,100.0,0,str:10,,0,1,review_keep_or_source_edge,P1,"edge provenance can be valid, but normalize to source_type/source_detail or BELEGT_IN",topology_synthesized
relationship,TYPISCH_BEI_BAUTEILTYP,evidence_source_id,10,10,100.0,0,str:10,,0,10,review_keep_or_source_edge,P1,"edge provenance can be valid, but normalize to source_type/source_detail or BELEGT_IN",Asbestos roofing tiles and gutters || Painted timber/metal window frames || Tar/bitumen roof membranes || PCB-bearing glazing putty / window sealants pre-1989
relationship,TYPISCH_BEI_BAUTEILTYP,id,10,10,100.0,0,str:10,,0,10,keep_minimum,P0,relationship identity handle required by current constraints,r_s_asbest__TYPISCH_BEI_BAUTEILTYP__bt_dach || r_s_bleifarbe__TYPISCH_BEI_BAUTEILTYP__bt_fenster || r_s_pak__TYPISCH_BEI_BAUTEILTYP__bt_dach || r_s_pcb__TYPISCH_BEI_BAUTEILTYP__bt_fenster
relationship,TYPISCH_BEI_BAUTEILTYP,review_status,10,10,100.0,0,str:10,,0,1,review_keep_or_provenance,P1,may be real edge evidence/status; keep only if queried,needs_source_url_review
relationship,TYPISCH_BEI_BAUTEILTYP,source_resolution_status,10,10,100.0,0,str:10,,0,1,review_keep_or_source_edge,P1,"edge provenance can be valid, but normalize to source_type/source_detail or BELEGT_IN",needs_source_url_review
relationship,TYPISCH_BEI_BAUTEILTYP,source_status,10,10,100.0,0,str:10,,0,1,review_keep_or_source_edge,P1,"edge provenance can be valid, but normalize to source_type/source_detail or BELEGT_IN",missing
relationship,TYPISCH_BEI_BAUTEILTYP,source_status_migration,10,10,100.0,0,str:10,,0,1,review_keep_or_source_edge,P1,"edge provenance can be valid, but normalize to source_type/source_detail or BELEGT_IN",mig_source_status_normalization_2026_05_28
relationship,TYPISCH_BEI_BAUTEILTYP,source_status_reason,10,10,100.0,0,str:10,,0,1,review_keep_or_source_edge,P1,"edge provenance can be valid, but normalize to source_type/source_detail or BELEGT_IN",no_exact_url_binding_needs_review
relationship,TYPISCH_BEI_ERA,derivation_note,15,15,100.0,0,str:15,,0,1,review_domain_property,P3,domain-specific edge value,| r1: derived=>topology_synthesized (catch-all: basis=legacy_migration)
relationship,TYPISCH_BEI_ERA,evidence_basis,15,15,100.0,0,str:15,,0,1,review_keep_or_source_edge,P1,"edge provenance can be valid, but normalize to source_type/source_detail or BELEGT_IN",legacy_migration
relationship,TYPISCH_BEI_ERA,evidence_confidence,15,15,100.0,0,str:15,,0,1,review_keep_or_source_edge,P1,"edge provenance can be valid, but normalize to source_type/source_detail or BELEGT_IN",unklar
relationship,TYPISCH_BEI_ERA,evidence_excerpt,15,15,100.0,0,str:15,,0,1,review_keep_or_source_edge,P1,"edge provenance can be valid, but normalize to source_type/source_detail or BELEGT_IN",INFER
relationship,TYPISCH_BEI_ERA,evidence_origin,15,15,100.0,0,str:15,,0,1,review_keep_or_source_edge,P1,"edge provenance can be valid, but normalize to source_type/source_detail or BELEGT_IN",topology_synthesized
relationship,TYPISCH_BEI_ERA,evidence_source_id,15,15,100.0,0,str:15,,0,15,review_keep_or_source_edge,P1,"edge provenance can be valid, but normalize to source_type/source_detail or BELEGT_IN","Pre-1996 biopersistent mineral wool || Early urea-formaldehyde MDF/chipboard || Pure lead-paint era || PCP, Lindan, CCA pretreatment peak"
relationship,TYPISCH_BEI_ERA,id,15,15,100.0,0,str:15,,0,15,keep_minimum,P0,relationship identity handle required by current constraints,r_s_kmf__TYPISCH_BEI_ERA__era_1970_1990 || r_s_formaldehyd__TYPISCH_BEI_ERA__era_nachkrieg_1945_1970 || r_s_bleifarbe__TYPISCH_BEI_ERA__era_vor_1900 || r_s_holzschutzmittel__TYPISCH_BEI_ERA__era_nachkrieg_1945_1970
relationship,TYPISCH_BEI_ERA,review_status,15,15,100.0,0,str:15,,0,1,review_keep_or_provenance,P1,may be real edge evidence/status; keep only if queried,needs_source_url_review
relationship,TYPISCH_BEI_ERA,source_resolution_status,15,15,100.0,0,str:15,,0,1,review_keep_or_source_edge,P1,"edge provenance can be valid, but normalize to source_type/source_detail or BELEGT_IN",needs_source_url_review
relationship,TYPISCH_BEI_ERA,source_status,15,15,100.0,0,str:15,,0,1,review_keep_or_source_edge,P1,"edge provenance can be valid, but normalize to source_type/source_detail or BELEGT_IN",missing
relationship,TYPISCH_BEI_ERA,source_status_migration,15,15,100.0,0,str:15,,0,1,review_keep_or_source_edge,P1,"edge provenance can be valid, but normalize to source_type/source_detail or BELEGT_IN",mig_source_status_normalization_2026_05_28
relationship,TYPISCH_BEI_ERA,source_status_reason,15,15,100.0,0,str:15,,0,1,review_keep_or_source_edge,P1,"edge provenance can be valid, but normalize to source_type/source_detail or BELEGT_IN",no_exact_url_binding_needs_review
relationship,TYPISCH_BEI_MATERIAL,derivation_note,91,91,100.0,0,str:91,,0,1,review_domain_property,P3,domain-specific edge value,| r1: derived=>topology_synthesized (catch-all: basis=legacy_migration)
relationship,TYPISCH_BEI_MATERIAL,evidence_basis,91,91,100.0,0,str:91,,0,1,review_keep_or_source_edge,P1,"edge provenance can be valid, but normalize to source_type/source_detail or BELEGT_IN",legacy_migration
relationship,TYPISCH_BEI_MATERIAL,evidence_confidence,91,91,100.0,0,str:91,,0,1,review_keep_or_source_edge,P1,"edge provenance can be valid, but normalize to source_type/source_detail or BELEGT_IN",unklar
relationship,TYPISCH_BEI_MATERIAL,evidence_excerpt,91,91,100.0,0,str:91,,0,1,review_keep_or_source_edge,P1,"edge provenance can be valid, but normalize to source_type/source_detail or BELEGT_IN",INFER
relationship,TYPISCH_BEI_MATERIAL,evidence_origin,91,91,100.0,0,str:91,,0,1,review_keep_or_source_edge,P1,"edge provenance can be valid, but normalize to source_type/source_detail or BELEGT_IN",topology_synthesized
relationship,TYPISCH_BEI_MATERIAL,evidence_source_id,91,91,100.0,0,str:91,,0,90,review_keep_or_source_edge,P1,"edge provenance can be valid, but normalize to source_type/source_detail or BELEGT_IN",DE TRGS 521: pre-1996 mineral wool potentially biopersistent || UBA: formaldehyde in MDF / chipboard / OSB before emission tightening || Swiss pollutant guidance: Pb/Cr/Cd/Zn in old coatings on steel || SCI P427 mandates NDT (incl. hardness testing for grade verification) for reclaimed structural steel
relationship,TYPISCH_BEI_MATERIAL,id,91,91,100.0,0,str:91,,0,91,keep_minimum,P0,relationship identity handle required by current constraints,r_s_kmf__TYPISCH_BEI_MATERIAL__mat_daemmstoff || r_s_formaldehyd__TYPISCH_BEI_MATERIAL__mat_mdf || r_s_schwermetalle__TYPISCH_BEI_MATERIAL__mat_stahl || r_pr_zerstoerungsfreie_pruefung__TYPISCH_BEI_MATERIAL__mat_stahl
relationship,TYPISCH_BEI_MATERIAL,review_status,91,91,100.0,0,str:91,,0,1,review_keep_or_provenance,P1,may be real edge evidence/status; keep only if queried,needs_source_url_review
relationship,TYPISCH_BEI_MATERIAL,source_resolution_status,91,91,100.0,0,str:91,,0,1,review_keep_or_source_edge,P1,"edge provenance can be valid, but normalize to source_type/source_detail or BELEGT_IN",needs_source_url_review
relationship,TYPISCH_BEI_MATERIAL,source_status,91,91,100.0,0,str:91,,0,1,review_keep_or_source_edge,P1,"edge provenance can be valid, but normalize to source_type/source_detail or BELEGT_IN",missing
relationship,TYPISCH_BEI_MATERIAL,source_status_migration,91,91,100.0,0,str:91,,0,1,review_keep_or_source_edge,P1,"edge provenance can be valid, but normalize to source_type/source_detail or BELEGT_IN",mig_source_status_normalization_2026_05_28
relationship,TYPISCH_BEI_MATERIAL,source_status_reason,91,91,100.0,0,str:91,,0,1,review_keep_or_source_edge,P1,"edge provenance can be valid, but normalize to source_type/source_detail or BELEGT_IN",no_exact_url_binding_needs_review
relationship,VERBUNDEN_MIT_AKTEUR,cleanup_bauteilboersen_bidirectional_dedup_run,298,27,9.06,271,str:27,,0,1,review_domain_property,P3,domain-specific edge value,2026-05-28_bauteilboersen_cleanup
relationship,VERBUNDEN_MIT_AKTEUR,cleanup_bauteilboersen_inverse_ledger,298,27,9.06,271,str:27,,0,1,review_domain_property,P3,domain-specific edge value,E:/recherche/_neo4j/intake/runs/2026-05-28_bauteilboersen_cleanup/removed_inverse_relationships.jsonl
relationship,VERBUNDEN_MIT_AKTEUR,cleanup_bauteilboersen_removed_inverse_rel_ids,298,27,9.06,271,list[str]:27,,0,27,review_duplicate_id,P2,likely duplicates endpoint identity,"[""5:5f542910-8dcf-46a9-a77c-dfff0c64ee65:1155286554118199724""] || [""5:5f542910-8dcf-46a9-a77c-dfff0c64ee65:1155286554118199728""] || [""5:5f542910-8dcf-46a9-a77c-dfff0c64ee65:1155286554118199782""] || [""5:5f542910-8dcf-46a9-a77c-dfff0c64ee65:1153034754304514435""]"
relationship,VERBUNDEN_MIT_AKTEUR,connection_kind,298,59,19.8,239,str:59,,0,1,review_domain_property,P3,domain-specific edge value,context_affiliation_from_actor_list
relationship,VERBUNDEN_MIT_AKTEUR,derivation_note,298,298,100.0,0,str:298,,0,4,review_domain_property,P3,domain-specific edge value,| r1: derived=>topology_synthesized (catch-all: basis=legacy_migration) || | r1: curated→registry_derived (Repair D A1–A5 excerpts are auto-generated from registry identity) | r1: registry_derived confidence belegt→teilweise_belegt (D10 conservative default) || | r1: derived=>topology_synthesized (catch-all: basis=controlled_vocab) || unpacked dedup-merged array (Phase 1.6 actor merge artifact) by mig_repair_4_1_unpack: origin=curatedcurated | derived; conf=belegtbelegt | unklar; src=q_akteursliste_master_mdq_akteursliste_master_md | mig_4_1 | r1: cu…
relationship,VERBUNDEN_MIT_AKTEUR,evidence_basis,298,298,100.0,0,str:298,,0,2,review_keep_or_source_edge,P1,"edge provenance can be valid, but normalize to source_type/source_detail or BELEGT_IN",legacy_migration || controlled_vocab
relationship,VERBUNDEN_MIT_AKTEUR,evidence_cleanup_run,298,6,2.01,292,str:6,,0,1,review_keep_or_source_edge,P1,"edge provenance can be valid, but normalize to source_type/source_detail or BELEGT_IN",2026-05-28_belegt_confidence_conflict_cleanup
relationship,VERBUNDEN_MIT_AKTEUR,evidence_confidence,298,298,100.0,0,str:298,,0,2,review_keep_or_source_edge,P1,"edge provenance can be valid, but normalize to source_type/source_detail or BELEGT_IN",unklar || teilweise_belegt
relationship,VERBUNDEN_MIT_AKTEUR,evidence_confidence_status,298,6,2.01,292,str:6,,0,1,review_keep_or_source_edge,P1,"edge provenance can be valid, but normalize to source_type/source_detail or BELEGT_IN",downgraded_pending_exact_source_url_review
relationship,VERBUNDEN_MIT_AKTEUR,evidence_excerpt,298,279,93.62,19,str:279,,0,246,review_keep_or_source_edge,P1,"edge provenance can be valid, but normalize to source_type/source_detail or BELEGT_IN",INFER || Akteursregister (q_akteursliste_master_md): Akteur Werner Sobek [werner_sobek_p] ist verbunden mit Akteur Werner Sobek [Werner_Sobek] (kind=context_affiliation; needs_verification=true). || Akteursregister (q_akteursliste_master_md): Akteur Charlotte Bofinger [charlotte_bofinger] ist verbunden mit Akteur Zirkular [zirkular] (kind=context_affiliation_from_actor_list; needs_verification=false). || Akteursregister (q_akteursliste_master_md): Akteur Eike Roswag-Klinge [eike_roswag_klinge] ist verbunden mit Akteur Natural Building Lab [Natural_Building_Lab] (kind=context_affiliation_from_actor_list; needs_verificati…
relationship,VERBUNDEN_MIT_AKTEUR,evidence_note,298,6,2.01,292,str:6,,0,1,review_keep_or_source_edge,P1,"edge provenance can be valid, but normalize to source_type/source_detail or BELEGT_IN",Former evidence_confidence=belegt was downgraded because source_status is not exact and the relationship still needs source URL / exact-claim review.
relationship,VERBUNDEN_MIT_AKTEUR,evidence_origin,298,298,100.0,0,str:298,,0,2,review_keep_or_source_edge,P1,"edge provenance can be valid, but normalize to source_type/source_detail or BELEGT_IN",topology_synthesized || registry_derived
relationship,VERBUNDEN_MIT_AKTEUR,evidence_quality,298,6,2.01,292,str:6,,0,1,review_keep_or_source_edge,P1,"edge provenance can be valid, but normalize to source_type/source_detail or BELEGT_IN",source_binding_not_exact
relationship,VERBUNDEN_MIT_AKTEUR,evidence_source_id,298,298,100.0,0,str:298,,0,3,review_keep_or_source_edge,P1,"edge provenance can be valid, but normalize to source_type/source_detail or BELEGT_IN",batch2_v2_phase24_2026-05-20 || q_akteursliste_master_md || mig_4_1
relationship,VERBUNDEN_MIT_AKTEUR,id,298,298,100.0,0,str:298,,0,298,keep_minimum,P0,relationship identity handle required by current constraints,r_gardiner_and_theobald__VERBUNDEN_MIT_AKTEUR__akt_ii || r_cantillon__VERBUNDEN_MIT_AKTEUR__cleveland_steel_tubes || r_werner_sobek_p__VERBUNDEN_MIT_AKTEUR__Werner_Sobek || r_single_speed_design__VERBUNDEN_MIT_AKTEUR__john_hong
relationship,VERBUNDEN_MIT_AKTEUR,inference_basis,298,29,9.73,269,str:29,,0,2,review_domain_property,P3,domain-specific edge value,shared 2 project(s) || shared 3 project(s)
relationship,VERBUNDEN_MIT_AKTEUR,needs_verification,298,269,90.27,29,bool:269,,0,2,review_domain_property,P3,domain-specific edge value,true || false
relationship,VERBUNDEN_MIT_AKTEUR,previous_evidence_confidence,298,6,2.01,292,str:6,,0,1,review_keep_or_source_edge,P1,"edge provenance can be valid, but normalize to source_type/source_detail or BELEGT_IN",belegt
relationship,VERBUNDEN_MIT_AKTEUR,review_status,298,298,100.0,0,str:298,,0,1,review_keep_or_provenance,P1,may be real edge evidence/status; keep only if queried,needs_source_url_review
relationship,VERBUNDEN_MIT_AKTEUR,source_resolution_status,298,298,100.0,0,str:298,,0,1,review_keep_or_source_edge,P1,"edge provenance can be valid, but normalize to source_type/source_detail or BELEGT_IN",needs_source_url_review
relationship,VERBUNDEN_MIT_AKTEUR,source_scope,298,269,90.27,29,str:269,,0,1,review_keep_or_source_edge,P1,"edge provenance can be valid, but normalize to source_type/source_detail or BELEGT_IN",actor_registry
relationship,VERBUNDEN_MIT_AKTEUR,source_status,298,298,100.0,0,str:298,,0,2,review_keep_or_source_edge,P1,"edge provenance can be valid, but normalize to source_type/source_detail or BELEGT_IN",missing || candidate
relationship,VERBUNDEN_MIT_AKTEUR,source_status_migration,298,298,100.0,0,str:298,,0,1,review_keep_or_source_edge,P1,"edge provenance can be valid, but normalize to source_type/source_detail or BELEGT_IN",mig_source_status_normalization_2026_05_28
relationship,VERBUNDEN_MIT_AKTEUR,source_status_reason,298,298,100.0,0,str:298,,0,2,review_keep_or_source_edge,P1,"edge provenance can be valid, but normalize to source_type/source_detail or BELEGT_IN",no_exact_url_binding_needs_review || candidate_urls_need_fact_review
relationship,VERBUNDEN_MIT_AKTEUR,strict_source_url_cleanup,298,250,83.89,48,str:250,,0,1,review_keep_or_source_edge,P1,"edge provenance can be valid, but normalize to source_type/source_detail or BELEGT_IN",mig_strict_source_url_binding_cleanup_2026_05_23
