bauteilgruppe_id,bauteilgruppe_name,projekt_id,projekt_name,address,latitude,longitude,confidence,evidence_status,linked_program,donor_staedte,receiver_staedte,source_url,donor_bauwerk_id,donor_bauwerk_name,donor_address,donor_latitude,donor_longitude,donor_confidence,donor_evidence_status,donor_source_url,donor_notes
bg_holz_fassade_botanique,/ rückgewonnene Holzfass…,p_institut_de_botanique_ulg_liege,Institut de Botanique…,"Chemin de la Vallée 4, 4000 Liège, Belgium",50.603,5.5818,high,,,,,https://opalis.eu/fr/projets/institut-de-botanique-ulg-liege,bw_institut_botanique_ulg,Institut de Botanique…,"Chemin de la Vallée 4, 4000 Liège, Belgium",50.5783177,5.5755821,high,verified_street,https://opalis.eu/fr/projets/institut-de-botanique-ulg-liege,
bg_stahl_mehrere_lycee_profiles_canopy,"11,8 t Stahlprofile als…",p_lycee_michel_lucius_conversion_luxembourg,Lycée Michel Lucius…,"157 Avenue Pasteur, L-2311 Luxembourg",49.6094,6.1267,high,,,,,https://opalis.eu/fr/projets/lycee-michel-lucius,bw_lycee_block_3000,Lycée Lucius B3000,"157 Avenue Pasteur, L-2311 Luxembourg",49.6249025,6.1136808,high,verified_street,https://opalis.eu/fr/projets/lycee-michel-lucius,
bg_stahl_mehrere_lycee_metal_ceiling_panels,12 Metall-Deckenpaneele,p_lycee_michel_lucius_conversion_luxembourg,Lycée Michel Lucius…,"157 Avenue Pasteur, L-2311 Luxembourg",49.6094,6.1267,high,,,,,https://opalis.eu/fr/projets/lycee-michel-lucius,bw_lycee_block_3000,Lycée Lucius B3000,"157 Avenue Pasteur, L-2311 Luxembourg",49.6249025,6.1136808,high,verified_street,https://opalis.eu/fr/projets/lycee-michel-lucius,
bg_stahlbeton_mehrere_plattenpalast_wbs70_wand_deckenelemente,13 WBS70-Wand- und…,p_plattenpalast_berlin,Plattenpalast Berlin,"Wolliner Straße 50, Berlin",52.5390524,13.4018775,high,,,,,,bw_peter_behrens_halle_berlin,Peter-Behrens-Halle…,"Gustav-Meyer-Allee 25, 13355 Berlin, Germany",52.5419669,13.3834015,high,verified_street,https://www.plattenvereinigung.de/project/orte/,+1 more donors; see bauteilgruppe_donor_receiver_map.csv
bg_keramik_mehrere_maison_vignette_terracotta_floor_tiles,"13,5 m² wiederverwendete…",p_maison_vignette_auderghem,Maison Vignette,"106 Rue de la Vignette, 1160 Auderghem, Belgium",50.815,4.4214,high,,,,,https://guidebatimentdurable.brussels/construction-dune-maison-unifamiliale-paille-projet-vignette,bw_maison_vignette_unknown_donors,Diverse Reuse-Quellen…,Auderghem / Brussels region reuse sources,,,low,regional_pool,archive:Maison_Vignette_Auderghem.md,
bg_beton_boden_lycee_paving_slabs,135 m² wiederverwendete…,p_lycee_michel_lucius_conversion_luxembourg,Lycée Michel Lucius…,"157 Avenue Pasteur, L-2311 Luxembourg",49.6094,6.1267,high,,,,,https://opalis.eu/fr/projets/lycee-michel-lucius,bw_lycee_block_3000,Lycée Lucius B3000,"157 Avenue Pasteur, L-2311 Luxembourg",49.6249025,6.1136808,high,verified_street,https://opalis.eu/fr/projets/lycee-michel-lucius,
bg_holz_mehrere_circular_pavilion_doors_facade,180 Holztueren als…,p_circular_pavilion_paris,Circular Pavilion Paris,"Place de l'Hôtel de Ville, 75004 Paris, France",48.8565,2.3522,medium,,,,,https://www.batiactu.com/edito/un-pavillon-circulaire-illustrer-reemploi-materiaux-42547.php,,,,,,,,,
bg_stahl_mehrere_hof_1930s_beams_to_tbc,1930er Stahlträger vom…,p_house_of_fraser_318_oxford_street_tbc_london_reuse_chain,House of Fraser,"318 Oxford Street, London W1C 1HF, UK (donor); 224-226 Tower Bridge Road, London SE1 2UP, UK (receiver TBC.London)",51.5142,-0.1427,medium,,,,,https://www.stiffandtrevillion.com/projects/tower-bridge-road,bw_318_oxford_street_house_of_fraser,318 Oxford Street,"318 Oxford Street, London W1C 1HF, UK",51.5152626,-0.1463435,high,verified_street,https://www.stiffandtrevillion.com/projects/tower-bridge-road,
bg_stahl_mehrere_juch_hagenholz_stahlstruktur,1:1 versetzte Stahlstruk…,p_juch_areal_recyclingzentrum_zuerich,Juch-Areal Recyclingzent…,"Juch-Areal, Zürich-Altstetten, 8048 Zürich, Switzerland",47.393,8.4885,low,parcel_only,,,,https://www.stadt-zuerich.ch/de/aktuell/medienmitteilungen/2025/07/neubau-recyclingzentrum-juch-areal.html,bw_hagenholz_recyclinghalle,Ehemalige Recyclinghalle…,"Hagenholzstrasse area, Zürich, Switzerland",47.415759,8.5636654,low,area_only,archive,
bg_glas_mehrere_elys_restposten_windows,200 Fenster aus Lagerres…,p_elys_kultur_gewerbehaus_basel,ELYS Kultur- und…,"Elsässerstrasse 215, 4056 Basel, Switzerland",47.5489,7.6012,high,,,,,processed+ELYS,bw_elys_regional_reuse_sources,Regionale Rueckbau- und…,Basel region demolition/reuse sources,,,low,regional_pool,processed,
bg_stahlbeton_wand_mehrow_wbs70_slabs,22 wiederverwendete…,p_mehrow_pilot_house,Mehrow Pilot House,"Mehrow, 16356, Germany",52.5724,13.6177,low,city_only,,,,https://www.tagesspiegel.de/potsdam/brandenburg/plattenbau-wird-familienhaus-8009110.html,bw_marzahn_wbs70_eleven_storey_donor,Abgerissener Marzahner…,"Berlin-Marzahn, Germany",52.5511184,13.676873,low,district_only,archive:Berlin_Schildow_Pilot_House.md,
bg_beton_mehrere_recrete_betonbloecke_bogensegmente,25 Betonblöcke,p_recrete_footbridge_reused_concrete_blocks,Re:Crete footbridge,"Route Cantonale / Route de la Morge, 1964 Conthey, Switzerland",46.2264,7.3074,medium,,,,,https://www.construction21.org/articles/h/recrete-footbridge.html,,,,,,,,,
bg_stahlbeton_mehrere_mehrow_wbs70_floor_slabs,27 wiederverwen… (Mehrow),p_mehrow_pilot_house,Mehrow Pilot House,"Mehrow, 16356, Germany",52.5724,13.6177,low,city_only,,,,https://www.tagesspiegel.de/potsdam/brandenburg/plattenbau-wird-familienhaus-8009110.html,bw_marzahn_wbs70_eleven_storey_donor,Abgerissener Marzahner…,"Berlin-Marzahn, Germany",52.5511184,13.676873,low,district_only,archive:Berlin_Schildow_Pilot_House.md,
bg_stahlbeton_mehrere_lokomotion_hollow_core_slabs,27 wiederve… (Lokomotion),p_lokomotion_technology_centre_mini_pilot_tampere,Lokomotion Technology…,"Leppästensuonkatu 13, 33840 Tampere, Finland",61.4588,23.6324,high,,,,,https://www.lokomotion.fi/,bw_tampere_1980s_office_donor,1980er Bürogebäude im…,"Tampere city centre office building (1980s), Finland",61.4977929,23.7616372,low,city_only,archive:Harmalanranta_A_Kruunu_ReCreate_mini_pilot_Tampere.md,
bg_ziegel_mehrere_maison_vignette_facade_claustra,3.000 wiederverwendete…,p_maison_vignette_auderghem,Maison Vignette,"106 Rue de la Vignette, 1160 Auderghem, Belgium",50.815,4.4214,high,,,,,https://guidebatimentdurable.brussels/construction-dune-maison-unifamiliale-paille-projet-vignette,bw_maison_vignette_unknown_donors,Diverse Reuse-Quellen…,Auderghem / Brussels region reuse sources,,,low,regional_pool,archive:Maison_Vignette_Auderghem.md,
bg_holz_mehrere_europa_restored_window_frames,3.750 restaurierte…,p_europa_building_brussels,Europa Building Brussels,"Rue de la Loi 175, 1048 Brussels, Belgium",50.8436,4.3819,high,,,,,Council of the EU,bw_eu_window_donor_sources,EU-weite Renovierungs-…,EU-wide renovation window sources (no single site),,,low,multi_site_program,processed,
bg_beton_mehrere_lycee_precast_channels,38 Fertigbetonelemente…,p_lycee_michel_lucius_conversion_luxembourg,Lycée Michel Lucius…,"157 Avenue Pasteur, L-2311 Luxembourg",49.6094,6.1267,high,,,,,https://opalis.eu/fr/projets/lycee-michel-lucius,bw_lycee_block_3000,Lycée Lucius B3000,"157 Avenue Pasteur, L-2311 Luxembourg",49.6249025,6.1136808,high,verified_street,https://opalis.eu/fr/projets/lycee-michel-lucius,
bg_daemmstoff_mehrere_lycee_gypsum_acoustic_panels,419 m² Gips-Akustikpanee…,p_lycee_michel_lucius_conversion_luxembourg,Lycée Michel Lucius…,"157 Avenue Pasteur, L-2311 Luxembourg",49.6094,6.1267,high,,,,,https://opalis.eu/fr/projets/lycee-michel-lucius,bw_lycee_block_3000,Lycée Lucius B3000,"157 Avenue Pasteur, L-2311 Luxembourg",49.6249025,6.1136808,high,verified_street,https://opalis.eu/fr/projets/lycee-michel-lucius,
bg_stahl_mehrere_lycee_floor_sheet_metal_facade,61 m² Bodenblech als…,p_lycee_michel_lucius_conversion_luxembourg,Lycée Michel Lucius…,"157 Avenue Pasteur, L-2311 Luxembourg",49.6094,6.1267,high,,,,,https://opalis.eu/fr/projets/lycee-michel-lucius,bw_lycee_block_3000,Lycée Lucius B3000,"157 Avenue Pasteur, L-2311 Luxembourg",49.6249025,6.1136808,high,verified_street,https://opalis.eu/fr/projets/lycee-michel-lucius,
bg_stahlbeton_mehrere_melkinlaituri_hollow_core_slabs,64 reused hollow-core…,p_melkinlaituri_primary_school_daycare_centre_helsinki,Melkinlaituri Primary…,"Tulimaankatu / Samoankuja, Jätkäsaari, 00220 Helsinki, Finland",60.1559,24.9195,medium,plot_intersection,,,,https://verstasarkkitehdit.fi/projects/melkinlaituri-school-and-daycare-centre/,bw_suutarila_community_centre_donor,Suutarila community…,"Suutarila, 00740 Helsinki, Finland",60.283019,25.0064817,low,district_only,archive:Melkinlaituri_Primary_School_Daycare_Centre_Helsinki.md,
bg_stahl_mehrere_boulder_wide_flange_members,89 salvaged wide-flange…,p_boulder_fire_station_3,Boulder FS-3,"2967 Bluff Street, Boulder, CO 80301, USA",40.0149856,-105.270545,high,,,,,processed,bw_boulder_community_hospital,Boulder Community…,"Boulder, CO, USA (Community Hospital donor context)",40.0149856,-105.270545,low,city_only,processed,
bg_ziegel_fassade_biopartner_5_abbruchschutt_gruene,Abbruchschutt,p_biopartner_5_leiden_oegstgeest,BioPartner 5,"Limes 7 / Leiden Bio Science Park, Oegstgeest/Leiden",52.1710283,4.4502649,high,,,,,,bw_gorlaeus_hochhaus,Gorlaeus Hochhaus,"Einsteinweg 55, 2333 CC Leiden, Netherlands",52.1677621,4.4609833,high,verified_street,https://www.student.universiteitleiden.nl/en/locations/gorlaeus-building,
bg_ziegel_wand_recyclinghaus_abbruchziegel_innenwaende,Abbruchziegel in…,p_recyclinghaus_hannover,Recyclinghaus Hannover,"Treppenkamp 1, 30539 Hannover, Germany",52.3589,9.8342,high,,,,,https://www.gundlach-bau.de/projekte/recyclinghaus-hannover,,,,,,,,,
bg_mehrere_mehrere_moeoeslistrasse_akustikelemente,Akustikelemente,p_kindergarten_moeoeslistrasse_manegg_zuerich,Kindergarten Mööslistras…,"Mööslistrasse 8, 8038 Zürich, Switzerland",47.3406,8.5154,high,,,,,https://www.stadt-zuerich.ch/,bw_stadt_zuerich_occasionslager,Städtische Occasionslage…,Zürich municipal reuse depot (Occasionslager),,,low,city_only,processed,
bg_keramik_mehrere_kamikatsu_old_tiles,Alte Fliesen als Mosaik-,p_kamikatsu_zero_waste_center_hotel_why,Kamikatsu Zero Waste…,"7-2 Aza Shimoniura, Oaza Fukuhara, Kamikatsu-cho, Tokushima 771-4501, Japan",33.896,134.2885,high,,,,,https://why-kamikatsu.jp/,bw_kamikatsu_local_houses,Lokale Häuser und…,"Kamikatsu, Tokushima 771-4501, Japan",33.8889228,134.4018864,low,municipality_only,https://why-kamikatsu.jp/,
bg_mehrere_mehrere_kamikatsu_old_town_hall_wall_parts,Alte Rathauswandteile…,p_kamikatsu_zero_waste_center_hotel_why,Kamikatsu Zero Waste…,"7-2 Aza Shimoniura, Oaza Fukuhara, Kamikatsu-cho, Tokushima 771-4501, Japan",33.896,134.2885,high,,,,,https://why-kamikatsu.jp/,bw_kamikatsu_old_town_hall,Altes Rathaus Kamikatsu,"Kamikatsu, Tokushima 771-4501, Japan",33.8889228,134.4018864,low,municipality_only,https://why-kamikatsu.jp/,
bg_mehrere_mehrere_kamikatsu_shoji_glass_doors,Alte Shoji-Schirme und…,p_kamikatsu_zero_waste_center_hotel_why,Kamikatsu Zero Waste…,"7-2 Aza Shimoniura, Oaza Fukuhara, Kamikatsu-cho, Tokushima 771-4501, Japan",33.896,134.2885,high,,,,,https://why-kamikatsu.jp/,bw_kamikatsu_local_houses,Lokale Häuser und…,"Kamikatsu, Tokushima 771-4501, Japan",33.8889228,134.4018864,low,municipality_only,https://why-kamikatsu.jp/,
bg_holz_mehrere_elys_frame,Altholz aus Rückbauten,p_elys_kultur_gewerbehaus_basel,ELYS Kultur- und…,"Elsässerstrasse 215, 4056 Basel, Switzerland",47.5489,7.6012,high,,,,,processed+ELYS,bw_elys_regional_reuse_sources,Regionale Rueckbau- und…,Basel region demolition/reuse sources,,,low,regional_pool,processed,
bg_aluminium_fassade_trae_high_rise_aarhus_fassadenplatten,Aluminium-Fassadenplatten,p_trae_high_rise_aarhus,TRÆ High-Rise,"Kalkværksvej 1-5, 8000 Aarhus C, Denmark",56.1539,10.2048,high,,,,,https://www.lendager.com/projects/trae,bw_herlev_dach_industrie_und_farmdaecher_als_aluminium_donor,Herlev Dach,"Herlev, Denmark (industrial/farm roofs)",55.7337528,12.4294486,low,municipality_only,processed,
bg_mehrere_mehrere_boschgaard_alu_fassade,Aluminium-Fassadensystem,p_woongroep_boschgaard_den_bosch,Woongroep Boschgaard…,"Mgr. van Roosmalenplein 19C, 5213 GC Den Bosch, Netherlands",51.6947,5.3082,high,,,,,https://www.boschgaard.nl/,bw_stadskantoor_roosendaal,Stadskantoor Roosendaal,"Roosendaal, Netherlands",51.5331484,4.4561276,low,city_only,processed,
bg_aluminium_fassade_elys_trapezoidal_sheet,Aluminium-Trapezblech…,p_elys_kultur_gewerbehaus_basel,ELYS Kultur- und…,"Elsässerstrasse 215, 4056 Basel, Switzerland",47.5489,7.6012,high,,,,,processed+ELYS,bw_elys_former_coop_distribution_center,Ehemaliges Coop-Verteilz…,"Elsässerstrasse 215, 4056 Basel, Switzerland",47.573746,7.5734396,high,verified_street,processed+ELYS,
bg_glas_mehrere_recyclinghaus_aluminiumfenster,Aluminiumfenster mit…,p_recyclinghaus_hannover,Recyclinghaus Hannover,"Treppenkamp 1, 30539 Hannover, Germany",52.3589,9.8342,high,,,,,https://www.gundlach-bau.de/projekte/recyclinghaus-hannover,bw_ehemaliges_haus_der_jugend_hannover,ehemaliges Haus der…,"Hannover, Germany (former Haus der Jugend)",52.3744779,9.7385532,low,city_only,archive:Recyclinghaus_Hannover.md,
bg_mehrere_mehrere_ithaka_kozijnen_fenster,Außenkozijnen,p_jeugdkliniek_ithaka_emergis_kloetinge,Jeugdkliniek Ithaka,"Oostmolenweg 79, 4481 PM Kloetinge, Netherlands",51.4479,3.6645,high,,,,,https://www.emergis.nl/,bw_rws_districtskantoor_terneuzen,Ehemaliges Rijkswatersta…,"Terneuzen, Netherlands (former Rijkswaterstaat district office)",51.298843,3.8422044,low,city_only,processed,
bg_mehrere_mehrere_grande_halle_external_window_joinery,Außenschreinerei,p_grande_halle_de_colombelles,Grande Halle de Colombel…,"Rue des Ateliers, 14460 Colombelles",49.1916221,-0.3061681,high,,,,,,bw_colombelles_regional_donor_sources,Regionale Rückbau- und…,"Rue des Ateliers, 14460 Colombelles, France",49.1916221,-0.3061681,medium,regional_hub,https://opalis.eu/fr/projets/grande-halle-de-colombelles,
bg_stahl_treppe_grubenstrasse_outer,Außentreppe (Gruben.),p_grubenstrasse_29_werkhof_29_zuerich,Grubenstrasse 29,"Grubenstrasse 29, 8045 Zürich, Binz",47.3612682,8.5142622,high,,,,,,bw_grubenstrasse_external_donor_sources,Externe Rückbauprojekte…,Zürich region external demolition projects,,,low,regional_pool,archive:Grubenstrasse_29_Werkhof_29_Zuerich.md,
bg_stahl_treppe_moeoeslistrasse_aussentreppe,Außentreppe (Möösli.),p_kindergarten_moeoeslistrasse_manegg_zuerich,Kindergarten Mööslistras…,"Mööslistrasse 8, 8038 Zürich, Switzerland",47.3406,8.5154,high,,,,,https://www.stadt-zuerich.ch/,bw_stadt_zuerich_occasionslager,Städtische Occasionslage…,Zürich municipal reuse depot (Occasionslager),,,low,city_only,processed,
bg_holz_tuer_chiro_external,Außentüren,p_chiro_d_itterbeek_dilbeek,Chiro d’Itterbeek,"Plankenstraat 23, 1701 Dilbeek, Belgien",50.8318626,4.234055,high,,,,,,,,,,,,,,
bg_holz_fassade_ithaka_azobe_shingles,Azobé-Hartholz-Shingles…,p_jeugdkliniek_ithaka_emergis_kloetinge,Jeugdkliniek Ithaka,"Oostmolenweg 79, 4481 PM Kloetinge, Netherlands",51.4479,3.6645,high,,,,,https://www.emergis.nl/,bw_rws_districtskantoor_terneuzen,Ehemaliges Rijkswatersta…,"Terneuzen, Netherlands (former Rijkswaterstaat district office)",51.298843,3.8422044,low,city_only,processed,
bg_holz_mehrere_beware_local_timber,BE-WARE Altholz,,,"Central warehouse Spandau (street not published); sites: TU Campus Charlottenburg-Wilmersdorf, Friedrichshagen Treptow-Köpenick, Lichtenberg Jugendbauhütte",,,low,multi_site_program,Reallabor B(e) Ware,,,https://www.zrs.berlin/en/project/reallabor-be-ware-building-structures-made-from-secondary-materials-made-in-berlin/,,,,,,,,,
bg_lehm_mehrere_btc_ziegel_mur_trombe_resilience,BTC-Ziegel Mur Trombe…,p_resilience_la_ferme_des_possibles_stains,Résilience,"29 Rue d’Amiens, 93240 Stains",48.9500637,2.3701218,high,,,,,,,,,,,,,,
bg_stahl_gelaender_bluecity_oelplattform,Balustraden,p_bluecity_offices_rotterdam,BlueCity Offices…,"Maasboulevard 100, 3063 NS Rotterdam, Netherlands",51.9436,4.5112,high,,,,,https://www.bluecity.nl/,,,,,,,,,
bg_stahl_technik_villa_welpeloo_enschede_bau_montagelift_als_innenlift,Bau-/Montagelift als…,p_villa_welpeloo_enschede,Villa Welpeloo Enschede,"Bamshoevelaan 49, 7523 JJ Enschede, Netherlands",52.2283,6.8814,high,,,,,https://www.superuse-studios.com/,,,,,,,,,
bg_mehrere_mehrere_bestandsfundamente_und_erste_geschosse_blackfriars,Bestandsfundamente und…,p_roots_in_the_sky_blackfriars_crown_court,Roots in the Sky,"1-15 Pocock Street, London SE1 0BT, UK",51.5025,-0.0999,high,,,,,https://en.wikipedia.org/wiki/Blackfriars_Crown_Court,bw_blackfriars_crown_court_bestand,Blackfriars Crown Court…,"1-15 Pocock Street, London SE1 0BT, UK",51.5024846,-0.0999825,high,verified_street,https://en.wikipedia.org/wiki/Blackfriars_Crown_Court,
bg_mehrere_mehrere_svanen_beton_recycling_zuschlag,Beton als Recycling-Zusc…,p_svanen_kindergarten_gladsaxe,Svanen,"Tobaksvejen 6, 2860 Søborg, Denmark",55.7346,12.4033,high,,,,,https://www.gladsaxe.dk/,bw_ehemalige_gladsaxe_school,Ehemalige Gladsaxe School,"Tobaksvejen 6, 2860 Søborg, Denmark",55.74061,12.481879,high,verified_street,archive:Svanen_Kindergarten_Gladsaxe.md,
bg_stahlbeton_mehrere_juch_schellinghalle_pilzstuetzen,Beton-Pilzstützen und…,p_juch_areal_recyclingzentrum_zuerich,Juch-Areal Recyclingzent…,"Juch-Areal, Zürich-Altstetten, 8048 Zürich, Switzerland",47.393,8.4885,low,parcel_only,,,,https://www.stadt-zuerich.ch/de/aktuell/medienmitteilungen/2025/07/neubau-recyclingzentrum-juch-areal.html,bw_schellinghalle_ruemlang,Schellinghalle Rümlang,"Rümlang, Switzerland (Schellinghalle)",47.4507163,8.5299122,low,city_only,processed,
bg_beton_mehrere_brighton_betonbloecke,Betonblöcke,p_brighton_waste_house_brighton,Brighton Waste House,"58-67 Grand Parade, Brighton BN2 0JY, UK",50.8247,-0.1366,high,,,,,https://www.construction21.org/articles/h/the-brighton-waste-house.html,,,,,,,,,
bg_beton_wand_bluecity_betonbloecke_trennwaende,Betonblöcke als Trennwän…,p_bluecity_offices_rotterdam,BlueCity Offices…,"Maasboulevard 100, 3063 NS Rotterdam, Netherlands",51.9436,4.5112,high,,,,,https://www.bluecity.nl/,bw_bluecity_tropicana_rotterdam,Tropicana Rotterdam,"Maasboulevard 100, 3063 NS Rotterdam, Netherlands",51.9196447,4.5007164,high,verified_street,https://www.bluecity.nl/,
bg_beton_fassade_ccn_parapets,Betonbruestungen,p_circular_centre_netherlands_prinsenhof_a_reuse_pilot,Circular Centre Netherla…,"Zwarteweg 1, 8181 PD Heerde, Netherlands",52.3917,6.0286,high,,,,,https://recreate-project.eu/,bw_prinsenhof_a_arnhem_donor,"Prinsenhof A, Arnhem","Prinsenhof 1, 6811 Arnhem, Netherlands",51.9773561,5.9114676,high,verified_street,https://www.gelderland.nl/themas/duurzaamheid/circulaire-economie/prinsenhof,
bg_beton_mehrere_bestandverplanzung_betonfertigteil_paneele,Betonfertigteil-Paneele…,p_bestandverplanzung_pavilion_muenchen,Bestandverplanzung…,"Connollystraße 3, 80809 München, Germany",48.1734,11.5532,medium,,,,,https://www.studentenwerk.mhn.de/en/accommodation/halls-of-residence/munich/central-munich/student-district-olympisches-dorf/,bw_olympisches_dorf_bungalows_muenchen,Bungalows des Olympische…,"Connollystraße 3, 80809 München, Germany",48.1803734,11.5477603,high,verified_street,https://www.plattenvereinigung.de/project/orte/,
bg_beton_mehrere_juch_kerenzerberg_betonplatten,Betonplatten aus dem…,p_juch_areal_recyclingzentrum_zuerich,Juch-Areal Recyclingzent…,"Juch-Areal, Zürich-Altstetten, 8048 Zürich, Switzerland",47.393,8.4885,low,parcel_only,,,,https://www.stadt-zuerich.ch/de/aktuell/medienmitteilungen/2025/07/neubau-recyclingzentrum-juch-areal.html,bw_kerenzerbergtunnel,Kerenzerbergtunnel,"Kerenzerberg tunnel area, Glarus, Switzerland",,,low,area_only,processed,
bg_stahl_fassade_grubenstrasse_blue_sheets,Blaue Stahlblechfassade,p_grubenstrasse_29_werkhof_29_zuerich,Grubenstrasse 29,"Grubenstrasse 29, 8045 Zürich, Binz",47.3612682,8.5142622,high,,,,,,bw_grubenstrasse_external_donor_sources,Externe Rückbauprojekte…,Zürich region external demolition projects,,,low,regional_pool,archive:Grubenstrasse_29_Werkhof_29_Zuerich.md,
bg_naturstein_mehrere_multi_blaustein_facade_slabs,Blaustein-Fassadenblöcke…,p_multi_brussels_reuse_in_multi,Multi Brussels,"Boulevard Anspach 1, 1000 Brussels, Belgium",50.8476,4.3487,high,,,,,https://www.multibrussels.eu/,bw_multi_brouckere_tower,Ehemaliger Philips,"Boulevard Anspach / De Brouckère, 1000 Brussels, Belgium",50.8507197,4.351774,medium,verified_area,archive:Multi_Brussels_Reuse_in_MULTI.md,
bg_mehrere_mehrere_maison_des_canaux_floor_wall_finishes,Boden- und Wandbeläge,p_maison_des_canaux_paris,"Maison des Canaux, Paris","6 Quai de la Seine, 75019 Paris, France",48.8906,2.3742,high,,,,,https://www.lescanaux.com/,,,,,,,,,
bg_keramik_boden_chiro_tiles,Bodenfliesen,p_chiro_d_itterbeek_dilbeek,Chiro d’Itterbeek,"Plankenstraat 23, 1701 Dilbeek, Belgien",50.8318626,4.234055,high,,,,,,,,,,,,,,
bg_stahl_traeger_boulder_hospital_stockpile,Boulder Community…,p_boulder_fire_station_3,Boulder FS-3,"2967 Bluff Street, Boulder, CO 80301, USA",40.0149856,-105.270545,high,,,,,processed,bw_boulder_community_hospital,Boulder Community…,"Boulder, CO, USA (Community Hospital donor context)",40.0149856,-105.270545,low,city_only,processed,
bg_mehrere_tuer_moeoeslistrasse_brandschutztueren_lavater,Brandschutztüren aus…,p_kindergarten_moeoeslistrasse_manegg_zuerich,Kindergarten Mööslistras…,"Mööslistrasse 8, 8038 Zürich, Switzerland",47.3406,8.5154,high,,,,,https://www.stadt-zuerich.ch/,bw_schulhaus_lavater,Schulhaus Lavater,"Lavaterstrasse area, Zürich, Switzerland",47.3610404,8.5329258,low,area_only,processed,
bg_holz_mehrere_brettschichtholzbogen_recypark_demets,Brettschichtholzbögen…,p_recypark_demets_anderlecht,Recypark Demets,"Quai Fernand Demets 22, 1070 Anderlecht, Brüssel",50.8415883,4.3206717,high,,,,,,bw_ehemalige_reithalle_bei_liege_bierset,Ehemalige Reithalle bei…,"Bierset, Liège, Belgium",50.6547149,5.4512607,low,area_only,processed,
bg_mehrere_mehrere_ka13_office_fronts_doors_facade,Bürofronten,p_ka13_kristian_augusts_gate_13_oslo,KA13,"Kristian Augusts gate 13, Oslo, Norwegen",59.916806,10.737562,high,,,,,,,,,,,,,,
bg_holz_mehrere_cascadeup_clst_floor_panels,CLST-Bodenpaneele,p_cascadeup_london_secondary_timber_glulam_demonstrator,CascadeUp,"London; UCL Festival of Engineering 2024, London Design Festival 2024, Futurebuild 2025",51.5074456,-0.1277653,high,,,,,,,,,,,,,,
bg_holz_decke_holbein_new_clt_floors,CLT-Decken der Erweiteru…,p_holbein_gardens_london,"Holbein Gardens, London","7 Holbein Place, London SW1W 8NR, UK",51.4947,-0.1489,high,,,,,https://www.grosvenor.com/property/holbein-gardens,,,,,,,,,
bg_mehrere_mehrere_kamikatsu_donated_facade_windows,Ca. 700 gespendete…,p_kamikatsu_zero_waste_center_hotel_why,Kamikatsu Zero Waste…,"7-2 Aza Shimoniura, Oaza Fukuhara, Kamikatsu-cho, Tokushima 771-4501, Japan",33.896,134.2885,high,,,,,https://why-kamikatsu.jp/,bw_kamikatsu_local_houses,Lokale Häuser und…,"Kamikatsu, Tokushima 771-4501, Japan",33.8889228,134.4018864,low,municipality_only,https://why-kamikatsu.jp/,
bg_stahl_mehrere_awm_cable_trays_shelves_lights,Cable trays as shelves…,p_awm_muenster_circular_office,AWM Münster – zirkulärer…,"Rösnerstraße 10, 48155 Münster, Germany",51.9359,7.6356,high,,,,,https://awm.stadt-muenster.de/,bw_public_building_material_sources_awm,Public building and…,Münster region public building demolition sources,,,low,regional_pool,archive:AWM_Muenster_Circular_Office.md,
bg_mehrere_ausbau_circl_restored_furniture,Circl ABN-Möbel,p_circl_abn_amro,Circl,"Gustav Mahlerplein 1, 1082 MS Amsterdam, Netherlands",52.3371844,4.8734146,high,,,,,,,,,,,,,,
bg_mehrere_fenster_circl_conference_windows,Circl Bürofenster,p_circl_abn_amro,Circl,"Gustav Mahlerplein 1, 1082 MS Amsterdam, Netherlands",52.3371844,4.8734146,high,,,,,,,,,,,,,,
bg_holz_boden_circl_window_frame_floor,Circl Fenster→Boden,p_circl_abn_amro,Circl,"Gustav Mahlerplein 1, 1082 MS Amsterdam, Netherlands",52.3371844,4.8734146,high,,,,,,,,,,,,,,
bg_daemmstoff_daemmung_circl_jeans_insulation,Circl Jeans-Dämmung,p_circl_abn_amro,Circl,"Gustav Mahlerplein 1, 1082 MS Amsterdam, Netherlands",52.3371844,4.8734146,high,,,,,,,,,,,,,,
bg_textil_wand_circl_clothing_felt,Circl Textilfilz-Wand,p_circl_abn_amro,Circl,"Gustav Mahlerplein 1, 1082 MS Amsterdam, Netherlands",52.3371844,4.8734146,high,,,,,,,,,,,,,,
bg_mehrere_dach_grubenstrasse_sheets,Dachbleche,p_grubenstrasse_29_werkhof_29_zuerich,Grubenstrasse 29,"Grubenstrasse 29, 8045 Zürich, Binz",47.3612682,8.5142622,high,,,,,,bw_grubenstrasse_external_donor_sources,Externe Rückbauprojekte…,Zürich region external demolition projects,,,low,regional_pool,archive:Grubenstrasse_29_Werkhof_29_Zuerich.md,
bg_stahl_mehrere_christ_pavilion_roof_structure,Dachtragwerk Christusraum,p_christ_pavilion_volkenroda,Christus-Pavillon,"Kloster Volkenroda, 99994 Volkenroda, Germany",51.2067,10.4567,medium,,,,,archive,bw_christus_pavillon_expo_hannover,Christus-Pavillon EXPO…,"EXPO 2000 Hannover / Kloster Volkenroda, 99994 Volkenroda, Germany",51.2502813,10.5676346,medium,multi_site,archive:Christ_Pavilion_Volkenroda.md,
bg_ziegel_dach_chiro_tiles,Dachziegel (Chiro),p_chiro_d_itterbeek_dilbeek,Chiro d’Itterbeek,"Plankenstraat 23, 1701 Dilbeek, Belgien",50.8318626,4.234055,high,,,,,,,,,,,,,,
bg_keramik_mehrere_svanen_dachziegel,Dachziegel (Svanen),p_svanen_kindergarten_gladsaxe,Svanen,"Tobaksvejen 6, 2860 Søborg, Denmark",55.7346,12.4033,high,,,,,https://www.gladsaxe.dk/,bw_ehemalige_gladsaxe_school,Ehemalige Gladsaxe School,"Tobaksvejen 6, 2860 Søborg, Denmark",55.74061,12.481879,high,verified_street,archive:Svanen_Kindergarten_Gladsaxe.md,
bg_mehrere_decke_plattenvereinigung_deckenelemente,Deckenelemente,p_plattenvereinigung_berlin,Plattenvereinigung Berlin,"Gustav-Meyer-Allee 25, 13355 Berlin (Peter-Behrens-Halle, Jan 2010–May 2011); Tempelhofer Feld, southern entrance Oderstraße, 12051 Berlin (May 2011–Oct 2011+)",52.5408,13.3892,medium,multi_site_verified,,,,https://www.plattenvereinigung.de/project/orte/,bw_olympisches_dorf_muenchen,Olympisches Dorf München,"Connollystraße 3, 80809 München, Germany",48.1803734,11.5477603,high,verified_street,https://www.plattenvereinigung.de/project/orte/,+2 more donors; see bauteilgruppe_donor_receiver_map.csv
bg_stahl_technik_timber_square_demontable_plant,Demontierbare TGA-/Plant…,p_timber_square_london,Timber Square London,"25 Lavington Street / Bankside, Southwark, London SE1",51.5050972,-0.1000695,high,,,,,,,,,,,,,,
bg_textil_daemmung_brighton_denim,Denim jeans als Dämm-/Ho…,p_brighton_waste_house_brighton,Brighton Waste House,"58-67 Grand Parade, Brighton BN2 0JY, UK",50.8247,-0.1366,high,,,,,https://www.construction21.org/articles/h/the-brighton-waste-house.html,,,,,,,,,
bg_holz_mehrere_upcycle_dinesen_offcuts,Dinesen-Offcuts als…,p_upcycle_studios_copenhagen,Upcycle Studios Copenhag…,"Robert Jacobsens Vej, 2300 København S, Denmark",55.6402,12.5846,medium,,,,,https://www.lendager.com/projects/upcycle-studios,,,,,,,,,
bg_holz_fenster_doppeltverglaste_holzfenster_resilience,Doppeltverglaste…,p_resilience_la_ferme_des_possibles_stains,Résilience,"29 Rue d’Amiens, 93240 Stains",48.9500637,2.3701218,high,,,,,,bw_engie_baustelle_saint_denis,ENGIE-Baustelle Saint-De…,"Saint-Denis, France (ENGIE construction site)",48.9383732,2.3627508,low,city_only,processed,
bg_glas_fenster_upcycle_studios_copenhagen_doppelverglaste,Doppelverglaste Fenster,p_upcycle_studios_copenhagen,Upcycle Studios Copenhag…,"Robert Jacobsens Vej, 2300 København S, Denmark",55.6402,12.5846,medium,,,,,https://www.lendager.com/projects/upcycle-studios,bw_oeffentliche_wohnbauten_nordjuetland,Öffentliche Wohnbauten…,"North Jutland public housing, Denmark",,,low,regional_pool,processed,
bg_mehrere_mehrere_superlocal_beton_wohnungsteile,Drei Beton-Wohnungsteile,p_superlocal_expogebouw_bleijerheide,SUPERLOCAL Expogebouw,"Voorterstraat, Bleijerheide, 6462 Kerkrade, Netherlands",50.8534,6.0618,medium,street_without_number,,,,https://www.kerkrade.nl/superlocal-bleijerheide,bw_hochhausflat_ursulastraat,Hochhausflat Ursulastraat,"Ursulastraat, Bleijerheide, 6464 Kerkrade, Netherlands",50.8530372,6.0666022,medium,street_without_number,https://www.superlocal.eu/expogebouw,
bg_stahlbeton_mehrere_groeditz_dresden_type_precast_components,Dresden-type precast…,p_association_house_groeditz,Vereinshaus Gröditz,"Gröditz, 01609, Germany",51.4142,13.4351,low,city_only,,,,https://www.researchgate.net/publication/365763750_Reuse_of_concrete_components_in_new_construction_projectscritical_review_of_77_circular_precedents,bw_school_type_dresden_donor,School type Dresden…,"Gröditz area, 01609, Germany",51.4232124,13.3822343,low,city_only,archive:Association_house_Groeditz.md,
bg_stahl_mehrere_drill_stem_pipe_dachtragwerk_saxum,Drill-Stem-Pipe Dachtrag…,p_saxum_vineyard_equipment_barn_paso_robles,Saxum Vineyard Equipment…,"2800 Willow Creek Road, Paso Robles, CA 93446, USA",35.6366,-120.6869,high,,,,,https://www.saxumvineyards.com/,bw_regionale_olindustrie_drill_stem_pipe_quelle,Regionale Ölindustrie,Regional oil industry drill stem pipe sources,,,low,regional_pool,processed,
bg_stahl_stuetze_drill_stem_pipe_stutzen_saxum,Drill-Stem-Pipe Stützen…,p_saxum_vineyard_equipment_barn_paso_robles,Saxum Vineyard Equipment…,"2800 Willow Creek Road, Paso Robles, CA 93446, USA",35.6366,-120.6869,high,,,,,https://www.saxumvineyards.com/,bw_regionale_olindustrie_drill_stem_pipe_quelle,Regionale Ölindustrie,Regional oil industry drill stem pipe sources,,,low,regional_pool,processed,
bg_daemmstoff_daemmung_grubenstrasse_plates,Dämmplatten,p_grubenstrasse_29_werkhof_29_zuerich,Grubenstrasse 29,"Grubenstrasse 29, 8045 Zürich, Binz",47.3612682,8.5142622,high,,,,,,bw_grubenstrasse_external_donor_sources,Externe Rückbauprojekte…,Zürich region external demolition projects,,,low,regional_pool,archive:Grubenstrasse_29_Werkhof_29_Zuerich.md,
bg_mineralisch_stuetze_elementa_baufeld_c,ELEMENTA Baufeld C,p_elementa_walkeweg,ELEMENTA Walkeweg,"Emilie Louise Frey-Strasse, 4053 Basel, Switzerland",47.5388275,7.6125448,high,,,,,,bw_lysbueechel_garage_basel,Lysbüchel Parkgarage,"Weinlagerstrasse 33, 4056 Basel, Switzerland",47.5726315,7.5738216,high,verified_street,https://www.lagerplatz.ch/kopfbau-halle-118,
bg_mineralisch_wand_elementa_baufeld_d,ELEMENTA Baufeld D,p_elementa_walkeweg,ELEMENTA Walkeweg,"Emilie Louise Frey-Strasse, 4053 Basel, Switzerland",47.5388275,7.6125448,high,,,,,,bw_lysbueechel_garage_basel,Lysbüchel Parkgarage,"Weinlagerstrasse 33, 4056 Basel, Switzerland",47.5726315,7.5738216,high,verified_street,https://www.lagerplatz.ch/kopfbau-halle-118,
bg_holz_mehrere_circular_pavilion_exhibition_panels,Ehemalige Ausstellungspa…,p_circular_pavilion_paris,Circular Pavilion Paris,"Place de l'Hôtel de Ville, 75004 Paris, France",48.8565,2.3522,medium,,,,,https://www.batiactu.com/edito/un-pavillon-circulaire-illustrer-reemploi-materiaux-42547.php,,,,,,,,,
bg_holz_boden_zinneke_feder_eichenparkett_azobe,Eichenparkett und…,p_zinneke_feder_masui4ever_brussels,Zinneke,"Masuiplein 13, 1030 Brussels, Belgium",50.8647,4.3592,high,,,,,https://opalis.eu/fr/projets/zinneke-feder-masui4ever,,,,,,,,,
bg_holz_mehrere_einfachverglaste_holzfenster_resilience,Einfachverglaste…,p_resilience_la_ferme_des_possibles_stains,Résilience,"29 Rue d’Amiens, 93240 Stains",48.9500637,2.3701218,high,,,,,,bw_wohngebaude_sanierung_epinay_sur_seine,Wohngebäude-Sanierung…,"Épinay-sur-Seine, France",48.9525181,2.3145039,low,city_only,processed,
bg_stahl_mehrere_k118_external_stair,Externe Stahltreppe,p_k118_kopfbau_halle_118_winterthur,K.118 Winterthur,"Lagerplatz 24, 8400 Winterthur, Switzerland",47.4997,8.7267,high,,,,,https://www.lagerplatz.ch/,bw_orion_zuerich_donor,Orion-Bürogebäude Zürich,"Förrlibuckstrasse 178/180, 8005 Zürich, Switzerland",47.3917725,8.5177021,high,verified_street,https://www.psp.info/medien/medienmitteilungen/alle-artikel/building-permit-obtained-for-project-orion-in-zurich-west,
bg_faserzement_fassade_recyclinghaus_faserzement,Faserzement-/Eternitplat…,p_recyclinghaus_hannover,Recyclinghaus Hannover,"Treppenkamp 1, 30539 Hannover, Germany",52.3589,9.8342,high,,,,,https://www.gundlach-bau.de/projekte/recyclinghaus-hannover,bw_ehemaliges_haus_der_jugend_hannover,ehemaliges Haus der…,"Hannover, Germany (former Haus der Jugend)",52.3744779,9.7385532,low,city_only,archive:Recyclinghaus_Hannover.md,
bg_ziegel_mehrere_thoravej_fassade_zu_boden,Fassaden-/Ziegelüberschu…,p_thoravej_29_copenhagen,Thoravej 29 Copenhagen,"Thoravej 29, 2400 København NV, Copenhagen",55.706084,12.526846,high,,,,,,bw_thoravej_29,Thoravej 29 Bestandsgebä…,"Thoravej 29, 2400 København NV, Denmark",55.706084,12.526846,high,verified_street,archive:Thoravej_29_Copenhagen.md,
bg_ziegel_mehrere_chiro_facade,Fassadenziegel (Chiro),p_chiro_d_itterbeek_dilbeek,Chiro d’Itterbeek,"Plankenstraat 23, 1701 Dilbeek, Belgien",50.8318626,4.234055,high,,,,,,,,,,,,,,
bg_ziegel_mehrere_lo_reninge_facade,Fassadenziegel (Lo-R.),p_lo_reninge_town_hall_facade,Lo-Reninge Town Hall…,"Markt 1, 8647 Lo-Reninge, Belgien",50.9805957,2.7493019,high,,,,,,,,,,,,,,
bg_ziegel_mehrere_musef_facade,Fassadenziegel aus acht…,p_musee_de_folklore_mouscron,Musée de Folklore Vie…,"Rue des Brasseurs 3, 7700 Mouscron, Belgien",50.7419344,3.2177912,high,,,,,,bw_musef_eight_demolition_sources,Acht Abbruchquellen in…,"Mouscron region demolition sources, Belgium",,,low,regional_pool,archive:Musee_de_Folklore_Mouscron.md,
bg_stahl_fassade_brent_cross_new_support_members,Façade support members,p_brent_cross_town_primary_substation_london,Brent Cross Town…,"124 Pennine Drive, London NW2 1NL, UK",51.5639,-0.2267,high,,,,,https://www.arup.com/projects/brent-cross-town,,,,,,,,,
bg_mehrere_mehrere_plattenpalast_palast_fenster,Fenster und Rahmen aus…,p_plattenpalast_berlin,Plattenpalast Berlin,"Wolliner Straße 50, Berlin",52.5390524,13.4018775,high,,,,,,bw_palast_der_republik_berlin,Palast der Republik…,"Schloßplatz 1, 10178 Berlin, Germany (former site)",52.5172152,13.4007352,medium,former_site,archive,
bg_mehrere_mehrere_grubenstrasse_windows_doors,Fenster und Türen,p_grubenstrasse_29_werkhof_29_zuerich,Grubenstrasse 29,"Grubenstrasse 29, 8045 Zürich, Binz",47.3612682,8.5142622,high,,,,,,bw_grubenstrasse_external_donor_sources,Externe Rückbauprojekte…,Zürich region external demolition projects,,,low,regional_pool,archive:Grubenstrasse_29_Werkhof_29_Zuerich.md,
bg_mehrere_fenster_zinneke_feder_masui4ever_brussels_fensterrahmen,Fensterrahmen (Zinneke),p_zinneke_feder_masui4ever_brussels,Zinneke,"Masuiplein 13, 1030 Brussels, Belgium",50.8647,4.3592,high,,,,,https://opalis.eu/fr/projets/zinneke-feder-masui4ever,,,,,,,,,
bg_mehrere_mehrere_superlocal_fenster_kozijnen,Fensterrahm… (Superlocal),p_superlocal_expogebouw_bleijerheide,SUPERLOCAL Expogebouw,"Voorterstraat, Bleijerheide, 6462 Kerkrade, Netherlands",50.8534,6.0618,medium,street_without_number,,,,https://www.kerkrade.nl/superlocal-bleijerheide,bw_hochhausflat_ursulastraat,Hochhausflat Ursulastraat,"Ursulastraat, Bleijerheide, 6464 Kerkrade, Netherlands",50.8530372,6.0666022,medium,street_without_number,https://www.superlocal.eu/expogebouw,
bg_mehrere_mehrere_maison_des_canaux_fixed_builtins,Feste Einbauten,p_maison_des_canaux_paris,"Maison des Canaux, Paris","6 Quai de la Seine, 75019 Paris, France",48.8906,2.3742,high,,,,,https://www.lescanaux.com/,,,,,,,,,
bg_mehrere_mehrere_plp_feste_fitout_komponenten,Feste Fit-out-Komponente…,p_plp_london_hq_circular_studio_fitout,PLP London HQ circular…,"10 Whitechapel High St, London E1 8QS",51.514434,-0.0729102,high,,,,,,bw_plp_previous_studio_london,vorheriges PLP Studio,"10 Whitechapel High Street, London E1 8QS, UK",51.5145623,-0.0729474,high,verified_street,archive:PLP_London_HQ_Circular_Studio_Fitout.md,+1 more donors; see bauteilgruppe_donor_receiver_map.csv
bg_mehrere_mehrere_superlocal_feste_kueche_installationen,Feste Küche und Installa…,p_superlocal_expogebouw_bleijerheide,SUPERLOCAL Expogebouw,"Voorterstraat, Bleijerheide, 6462 Kerkrade, Netherlands",50.8534,6.0618,medium,street_without_number,,,,https://www.kerkrade.nl/superlocal-bleijerheide,bw_hochhausflat_ursulastraat,Hochhausflat Ursulastraat,"Ursulastraat, Bleijerheide, 6464 Kerkrade, Netherlands",50.8530372,6.0666022,medium,street_without_number,https://www.superlocal.eu/expogebouw,
bg_mehrere_mehrere_bedzed_fixed_secondary_components,Fixed secondary componen…,p_bedzed_london_hackbridge,BedZED,"24 Helios Road, Wallington, London SM6 7BZ, UK",51.3653,-0.1494,high,,,,,https://www.bioregional.com/projects-and-services/case-studies/bedzed,bw_local_demolition_sources_bedzed,Local demolition and…,London/Sutton local demolition sources,,,low,regional_pool,archive:BedZED_London_Hackbridge.md,
bg_holz_wand_awm_cladding_old_chairs,Fixed wall cladding…,p_awm_muenster_circular_office,AWM Münster – zirkulärer…,"Rösnerstraße 10, 48155 Münster, Germany",51.9359,7.6356,high,,,,,https://awm.stadt-muenster.de/,bw_public_building_material_sources_awm,Public building and…,Münster region public building demolition sources,,,low,regional_pool,archive:AWM_Muenster_Circular_Office.md,
bg_keramik_boden_verbiest_charleroi,Fliesen aus Charleroi,p_verbiest_karreveld_brussels,Verbiest + Karreveld,"Rue Jean Verbiest 5-7, 1080 Brussels, Belgium",50.8503,4.315,medium,,,,,https://opalis.eu/fr/projets/verbiest-karreveld,bw_palais_des_expositions_charleroi,Palais des Expositions…,"Charleroi, Belgium (Palais des Expositions)",50.4116233,4.444528,low,city_only,processed,
bg_ziegel_mehrere_gjg_curved_shell,Gekrümmte strukturell…,p_gjg_house_gentbrugge,gjG House,"Gentbrugge (near E17 highway), 9050 Ghent, Belgium",51.0405,3.7412,low,district_only,,,,https://architectuur.gent/project/6263c34eeb7f8/woning-gjg,,,,,,,,,
bg_beton_fundament_peoples_pavilion_elements,Geliehene Betonpfähle,p_peoples_pavilion_eindhoven,People’s Pavilion…,"Ketelhuisplein, 5617 AE Eindhoven, Netherlands",51.4483,5.4959,high,,,,,https://overtredersw.nl/projects/peoples-pavilion,,,,,,,,,
bg_mehrere_fassade_peoples_pavilion_borrowed_elements,Geliehene Fassadenelemen…,p_peoples_pavilion_eindhoven,People’s Pavilion…,"Ketelhuisplein, 5617 AE Eindhoven, Netherlands",51.4483,5.4959,high,,,,,https://overtredersw.nl/projects/peoples-pavilion,,,,,,,,,
bg_holz_traeger_peoples_pavilion,Geliehene Holzträger,p_peoples_pavilion_eindhoven,People’s Pavilion…,"Ketelhuisplein, 5617 AE Eindhoven, Netherlands",51.4483,5.4959,high,,,,,https://overtredersw.nl/projects/peoples-pavilion,,,,,,,,,
bg_glas_dach_peoples_pavilion,Geliehenes Glasdach,p_peoples_pavilion_eindhoven,People’s Pavilion…,"Ketelhuisplein, 5617 AE Eindhoven, Netherlands",51.4483,5.4959,high,,,,,https://overtredersw.nl/projects/peoples-pavilion,,,,,,,,,
bg_stahl_gelaender_grubenstrasse_railings,Geländer,p_grubenstrasse_29_werkhof_29_zuerich,Grubenstrasse 29,"Grubenstrasse 29, 8045 Zürich, Binz",47.3612682,8.5142622,high,,,,,,bw_grubenstrasse_external_donor_sources,Externe Rückbauprojekte…,Zürich region external demolition projects,,,low,regional_pool,archive:Grubenstrasse_29_Werkhof_29_Zuerich.md,
bg_stahl_gelaender_verbiest_charleroi,Geländer aus Charleroi,p_verbiest_karreveld_brussels,Verbiest + Karreveld,"Rue Jean Verbiest 5-7, 1080 Brussels, Belgium",50.8503,4.315,medium,,,,,https://opalis.eu/fr/projets/verbiest-karreveld,bw_palais_des_expositions_charleroi,Palais des Expositions…,"Charleroi, Belgium (Palais des Expositions)",50.4116233,4.444528,low,city_only,processed,
bg_mehrere_mehrere_christ_pavilion_complete_ensemble,Gesamtes transloziertes…,p_christ_pavilion_volkenroda,Christus-Pavillon,"Kloster Volkenroda, 99994 Volkenroda, Germany",51.2067,10.4567,medium,,,,,archive,bw_christus_pavillon_expo_hannover,Christus-Pavillon EXPO…,"EXPO 2000 Hannover / Kloster Volkenroda, 99994 Volkenroda, Germany",51.2502813,10.5676346,medium,multi_site,archive:Christ_Pavilion_Volkenroda.md,
bg_holz_fassade_hastings_outbuilding_cladding,Gespaltene längere…,p_hastings_pier_visitor_centre,Hastings Pier Visitor…,"1-10 White Rock, Hastings TN34 1JY, UK",50.8567,0.5792,high,,,,,https://www.drmm.co.uk/project/hastings-pier/,bw_hastings_pier_fire_damaged_deck,Brandschaden,"Hastings Pier, Hastings TN34 1JY, UK",50.8521015,0.5725697,medium,verified_structure,https://www.drmm.co.uk/project/hastings-pier/,
bg_stahl_mehrere_elys_gratings_and_garage_door,Gitterroste,p_elys_kultur_gewerbehaus_basel,ELYS Kultur- und…,"Elsässerstrasse 215, 4056 Basel, Switzerland",47.5489,7.6012,high,,,,,processed+ELYS,bw_elys_former_coop_distribution_center,Ehemaliges Coop-Verteilz…,"Elsässerstrasse 215, 4056 Basel, Switzerland",47.573746,7.5734396,high,verified_street,processed+ELYS,
bg_mehrere_boden_kamikatsu_glass_ceramic_terrazzo,Glas- und Keramikscherbe…,p_kamikatsu_zero_waste_center_hotel_why,Kamikatsu Zero Waste…,"7-2 Aza Shimoniura, Oaza Fukuhara, Kamikatsu-cho, Tokushima 771-4501, Japan",33.896,134.2885,high,,,,,https://why-kamikatsu.jp/,bw_kamikatsu_local_houses,Lokale Häuser und…,"Kamikatsu, Tokushima 771-4501, Japan",33.8889228,134.4018864,low,municipality_only,https://why-kamikatsu.jp/,
bg_glas_mehrere_awm_partitions_doors,Glass partitions and…,p_awm_muenster_circular_office,AWM Münster – zirkulärer…,"Rösnerstraße 10, 48155 Münster, Germany",51.9359,7.6356,high,,,,,https://awm.stadt-muenster.de/,bw_behrensbau_duesseldorf_donor,Behrensbau Düsseldorf…,"Mannesmannufer 2, 40213 Düsseldorf, Germany",51.2210197,6.7680311,high,verified_street,https://www.hdgnrw.de/ueber-uns/behrensbau,
bg_holz_stuetze_boulder_glulam,Glulam Columns im…,p_boulder_fire_station_3,Boulder FS-3,"2967 Bluff Street, Boulder, CO 80301, USA",40.0149856,-105.270545,high,,,,,processed,,,,,,,,,
bg_holz_mehrere_cascadeup_glulamst_frame,GlulamST-Tragwerksrahmen,p_cascadeup_london_secondary_timber_glulam_demonstrator,CascadeUp,"London; UCL Festival of Engineering 2024, London Design Festival 2024, Futurebuild 2025",51.5074456,-0.1277653,high,,,,,,,,,,,,,,
bg_naturstein_boden_multi_granite_natural_tiles,Granit- und Natursteinpl…,p_multi_brussels_reuse_in_multi,Multi Brussels,"Boulevard Anspach 1, 1000 Brussels, Belgium",50.8476,4.3487,high,,,,,https://www.multibrussels.eu/,bw_multi_external_urban_mining_sources,Externe Urban-Mining-Que…,Brussels external urban mining sources,,,low,regional_pool,processed,
bg_naturstein_mehrere_ferme_granite_kerbstones_retaining_wall,Granitbordsteine als…,p_ferme_du_rail_paris,Ferme du Rail Paris,"2 bis rue de l’Ourcq, 75019 Paris",48.8877647,2.3851363,high,,,,,,,,,,,,,,
bg_naturstein_boden_granitpflaster_resilience,Granitpflaster Résilience,p_resilience_la_ferme_des_possibles_stains,Résilience,"29 Rue d’Amiens, 93240 Stains",48.9500637,2.3701218,high,,,,,,bw_stadt_paris_pflasterbestand,Stadt Paris Pflasterbest…,"Paris, France (municipal paving stock)",48.8588897,2.320041,low,city_only,processed,
bg_gusseisen_technik_gussradiatoren_resilience,Gussradiatoren Résilience,p_resilience_la_ferme_des_possibles_stains,Résilience,"29 Rue d’Amiens, 93240 Stains",48.9500637,2.3701218,high,,,,,,bw_association_reavie_materialquelle,Association Réavie…,"Réavie association material source, France",,,low,organization_no_site,archive:Resilience_La_Ferme_des_Possibles_Stains.md,
bg_holz_mehrere_boschgaard_hsb_balken_ausbau,HSB-Holz Balken und…,p_woongroep_boschgaard_den_bosch,Woongroep Boschgaard…,"Mgr. van Roosmalenplein 19C, 5213 GC Den Bosch, Netherlands",51.6947,5.3082,high,,,,,https://www.boschgaard.nl/,bw_weitere_regionale_rueckbauquellen_boschgaard,Weitere regionale…,'s-Hertogenbosch region demolition sources,,,low,regional_pool,archive:Woongroep_Boschgaard_Den_Bosch.md,
bg_mehrere_technik_superlocal_tga_heizkoerper_aluminiumrohre,Heizkörper und Aluminium…,p_superlocal_expogebouw_bleijerheide,SUPERLOCAL Expogebouw,"Voorterstraat, Bleijerheide, 6462 Kerkrade, Netherlands",50.8534,6.0618,medium,street_without_number,,,,https://www.kerkrade.nl/superlocal-bleijerheide,bw_hochhausflat_ursulastraat,Hochhausflat Ursulastraat,"Ursulastraat, Bleijerheide, 6464 Kerkrade, Netherlands",50.8530372,6.0666022,medium,street_without_number,https://www.superlocal.eu/expogebouw,
bg_mehrere_technik_grubenstrasse_radiators_sanitary,Heizkörper und Sanitärap…,p_grubenstrasse_29_werkhof_29_zuerich,Grubenstrasse 29,"Grubenstrasse 29, 8045 Zürich, Binz",47.3612682,8.5142622,high,,,,,,bw_grubenstrasse_external_donor_sources,Externe Rückbauprojekte…,Zürich region external demolition projects,,,low,regional_pool,archive:Grubenstrasse_29_Werkhof_29_Zuerich.md,
bg_stahlbeton_decke_ccn_hollow_core_slabs,Hohlkoerperdecken,p_circular_centre_netherlands_prinsenhof_a_reuse_pilot,Circular Centre Netherla…,"Zwarteweg 1, 8181 PD Heerde, Netherlands",52.3917,6.0286,high,,,,,https://recreate-project.eu/,bw_prinsenhof_a_arnhem_donor,"Prinsenhof A, Arnhem","Prinsenhof 1, 6811 Arnhem, Netherlands",51.9773561,5.9114676,high,verified_street,https://www.gelderland.nl/themas/duurzaamheid/circulaire-economie/prinsenhof,
bg_stahlbeton_decke_ka13_hollow_core_slabs,Hohlkörperdecken aus…,p_ka13_kristian_augusts_gate_13_oslo,KA13,"Kristian Augusts gate 13, Oslo, Norwegen",59.916806,10.737562,high,,,,,,bw_regjeringsbygg_r4,Regjeringsbygg R4,"Oslo, Norway (Regjeringsbygg R4)",59.9133301,10.7389701,low,city_only,processed,
bg_stahlbeton_decke_harmalanranta_hollow_core_slabs,Hohlkörp… (Harmalanranta),p_harmalanranta_a_kruunu_recreate_mini_pilot_tampere,Härmälänranta,"Potkurinkatu 5, 33900 Tampere, Finland",61.4808,23.7493,high,,,,,https://www.a-kruunu.fi/,bw_tampere_1980s_office_donor,1980er Bürogebäude im…,"Tampere city centre office building (1980s), Finland",61.4977929,23.7616372,low,city_only,archive:Harmalanranta_A_Kruunu_ReCreate_mini_pilot_Tampere.md,
bg_holz_mehrere_brighton_sperrholz,Holz und Sperrholz aus…,p_brighton_waste_house_brighton,Brighton Waste House,"58-67 Grand Parade, Brighton BN2 0JY, UK",50.8247,-0.1366,high,,,,,https://www.construction21.org/articles/h/the-brighton-waste-house.html,,,,,,,,,
bg_mehrere_mehrere_crclr_wood_aluminium_windows,Holz-Alu-Fenster,p_crclr_house_impact_hub_berlin,CRCLR House,"Rollbergstraße 26, 12053 Berlin, Germany",52.4764,13.4357,high,,,,,processed+web,bw_crclr_external_reuse_sources,Externe Reuse-Quellen…,"Berlin (external reuse sources, no single site)",52.5173885,13.3951309,low,multi_site_program,https://www.buildingsocialecology.org/projects/crclr-house-berlin/,
bg_holz_mehrere_svanen_dachbinder,Holz-Dachbinder,p_svanen_kindergarten_gladsaxe,Svanen,"Tobaksvejen 6, 2860 Søborg, Denmark",55.7346,12.4033,high,,,,,https://www.gladsaxe.dk/,bw_ehemalige_gladsaxe_school,Ehemalige Gladsaxe School,"Tobaksvejen 6, 2860 Søborg, Denmark",55.74061,12.481879,high,verified_street,archive:Svanen_Kindergarten_Gladsaxe.md,
bg_holz_mehrere_boschgaard_dachspanten,Holz-Dachspanten,p_woongroep_boschgaard_den_bosch,Woongroep Boschgaard…,"Mgr. van Roosmalenplein 19C, 5213 GC Den Bosch, Netherlands",51.6947,5.3082,high,,,,,https://www.boschgaard.nl/,bw_bibliothek_de_brenthof_sint_michielsgestel,Bibliothek De Brenthof…,"Sint-Michielsgestel, Netherlands",51.6509141,5.3652891,low,municipality_only,processed,
bg_holz_boden_trae_aarhus_holzboden_gellerup,Holzböden aus alten…,p_trae_high_rise_aarhus,TRÆ High-Rise,"Kalkværksvej 1-5, 8000 Aarhus C, Denmark",56.1539,10.2048,high,,,,,https://www.lendager.com/projects/trae,bw_gellerupparken_rueckbau_wohnbloecke,Gellerupparken Rückbau-W…,"Gellerupparken, Aarhus, Denmark",56.1582601,10.1332512,low,district_only,processed,
bg_holz_fassade_villa_welpeloo_enschede_holzfassade_aus_kabeltrommeln,Holzfassade aus Kabeltro…,p_villa_welpeloo_enschede,Villa Welpeloo Enschede,"Bamshoevelaan 49, 7523 JJ Enschede, Netherlands",52.2283,6.8814,high,,,,,https://www.superuse-studios.com/,bw_twente_tkf_kabelfabrik_materialquelle,Twente,"Twente region, Netherlands",52.3253541,6.7933211,low,regional_pool,processed,
bg_holz_fenster_chiro,Holzfenster,p_chiro_d_itterbeek_dilbeek,Chiro d’Itterbeek,"Plankenstraat 23, 1701 Dilbeek, Belgien",50.8318626,4.234055,high,,,,,,,,,,,,,,
bg_mehrere_boden_ithaka_holzfussboeden_klinker,Holzfußböden und…,p_jeugdkliniek_ithaka_emergis_kloetinge,Jeugdkliniek Ithaka,"Oostmolenweg 79, 4481 PM Kloetinge, Netherlands",51.4479,3.6645,high,,,,,https://www.emergis.nl/,bw_rws_districtskantoor_terneuzen,Ehemaliges Rijkswatersta…,"Terneuzen, Netherlands (former Rijkswaterstaat district office)",51.298843,3.8422044,low,city_only,processed,
bg_holz_mehrere_crclr_recycled_gallery_interior,Holzgalerie (Crclr),p_crclr_house_impact_hub_berlin,CRCLR House,"Rollbergstraße 26, 12053 Berlin, Germany",52.4764,13.4357,high,,,,,processed+web,bw_crclr_external_reuse_sources,Externe Reuse-Quellen…,"Berlin (external reuse sources, no single site)",52.5173885,13.3951309,low,multi_site_program,https://www.buildingsocialecology.org/projects/crclr-house-berlin/,
bg_holz_mehrere_impact_gallery,Holzgalerie (Impact),p_impact_hub_berlin_crclr_fitout,Impact Hub Berlin,"Rollbergstraße 26, 12053 Berlin, Germany",52.4764,13.4357,high,,,,,https://www.buildingsocialecology.org/projects/crclr-house-berlin/,,,,,,,,,
bg_holz_mehrere_impact_offcuts_phone_booths,Holzlatten aus Tischlere…,p_impact_hub_berlin_crclr_fitout,Impact Hub Berlin,"Rollbergstraße 26, 12053 Berlin, Germany",52.4764,13.4357,high,,,,,https://www.buildingsocialecology.org/projects/crclr-house-berlin/,,,,,,,,,
bg_holz_mehrere_recyclinghaus_saunabank_holzleisten,Holzleisten aus alten…,p_recyclinghaus_hannover,Recyclinghaus Hannover,"Treppenkamp 1, 30539 Hannover, Germany",52.3589,9.8342,high,,,,,https://www.gundlach-bau.de/projekte/recyclinghaus-hannover,bw_sportzentrum_sauna_hannover,Sportzentrum,"Hannover, Germany (sport centre sauna donor)",52.3744779,9.7385532,low,city_only,archive:Recyclinghaus_Hannover.md,
bg_holz_mehrere_grande_halle_purlins_access_parts,Holzpfetten,p_grande_halle_de_colombelles,Grande Halle de Colombel…,"Rue des Ateliers, 14460 Colombelles",49.1916221,-0.3061681,high,,,,,,bw_colombelles_regional_donor_sources,Regionale Rückbau- und…,"Rue des Ateliers, 14460 Colombelles, France",49.1916221,-0.3061681,medium,regional_hub,https://opalis.eu/fr/projets/grande-halle-de-colombelles,
bg_holz_mehrere_svanen_sparren,Holzrafters,p_svanen_kindergarten_gladsaxe,Svanen,"Tobaksvejen 6, 2860 Søborg, Denmark",55.7346,12.4033,high,,,,,https://www.gladsaxe.dk/,bw_ehemalige_gladsaxe_school,Ehemalige Gladsaxe School,"Tobaksvejen 6, 2860 Søborg, Denmark",55.74061,12.481879,high,verified_street,archive:Svanen_Kindergarten_Gladsaxe.md,
bg_holz_mehrere_circular_pavilion_structure,Holzstruktur aus…,p_circular_pavilion_paris,Circular Pavilion Paris,"Place de l'Hôtel de Ville, 75004 Paris, France",48.8565,2.3522,medium,,,,,https://www.batiactu.com/edito/un-pavillon-circulaire-illustrer-reemploi-materiaux-42547.php,,,,,,,,,
bg_holz_mehrere_ithaka_holztraeger_balken,Holzträger,p_jeugdkliniek_ithaka_emergis_kloetinge,Jeugdkliniek Ithaka,"Oostmolenweg 79, 4481 PM Kloetinge, Netherlands",51.4479,3.6645,high,,,,,https://www.emergis.nl/,bw_rws_districtskantoor_terneuzen,Ehemaliges Rijkswatersta…,"Terneuzen, Netherlands (former Rijkswaterstaat district office)",51.298843,3.8422044,low,city_only,processed,
bg_stahlbeton_mehrere_plauen_iw73_6_precast_components,IW73/6 precast concrete…,p_association_house_plauen,Vereinshaus Plauen,"E.-Schuhmann-Straße 65, 08527 Plauen, Germany",50.4876,12.1247,medium,,,,,https://www.haube.de/,bw_iw73_6_mass_housing_donor,IW73/6 mass-housing…,"Plauen, 08527, Germany",50.4950632,12.1346523,low,city_only,archive:Association_house_Plauen.md,
bg_holz_ausbau_ingersheim_clt_secondary,Ingersheim CLT-Ausbau,p_jugendtreff_ingersheim,Jugendtreff Ingersheim,"Baumwasenweg, 74379 Ingersheim, Germany",48.959324,9.188568,high,,,,,,bw_stuttgart21_hauptbahnhof,Stuttgart 21 Bhf,"Stuttgart Hauptbahnhof, 70173 Stuttgart, Germany",48.7856099,9.1833959,medium,verified_station,PLAN_v2.md,
bg_holz_mehrere_ingersheim_clt_structure,Ingersheim CLT-Bau,p_jugendtreff_ingersheim,Jugendtreff Ingersheim,"Baumwasenweg, 74379 Ingersheim, Germany",48.959324,9.188568,high,,,,,,bw_stuttgart21_hauptbahnhof,Stuttgart 21 Bhf,"Stuttgart Hauptbahnhof, 70173 Stuttgart, Germany",48.7856099,9.1833959,medium,verified_station,PLAN_v2.md,
bg_mehrere_mehrere_ithaka_innentueren_beschlaege,Innentüren mit Hang-…,p_jeugdkliniek_ithaka_emergis_kloetinge,Jeugdkliniek Ithaka,"Oostmolenweg 79, 4481 PM Kloetinge, Netherlands",51.4479,3.6645,high,,,,,https://www.emergis.nl/,bw_rws_districtskantoor_terneuzen,Ehemaliges Rijkswatersta…,"Terneuzen, Netherlands (former Rijkswaterstaat district office)",51.298843,3.8422044,low,city_only,processed,
bg_holz_wand_biopartner_5_innenwaende_trennwaende,Innenwände und Trennwände,p_biopartner_5_leiden_oegstgeest,BioPartner 5,"Limes 7 / Leiden Bio Science Park, Oegstgeest/Leiden",52.1710283,4.4502649,high,,,,,,,,,,,,,,
bg_holz_mehrere_maison_dna_new_inner_box_context,Innere Holzrahmenbox…,p_maison_dna_asse,Maison DnA,"Bergestraat 40, 1730 Asse, Belgium",50.9078,4.1986,high,,,,,https://opalis.eu/fr/projets/maison-dna,,,,,,,,,
bg_stahlbeton_mehrere_big_dig_house_inverset_panels,Inverset-Stahlbetonpanee…,p_big_dig_house_lexington_massachusetts,Big Dig House,"8 Bird Hill Road, Lexington, MA 02421, USA",42.2586,-71.2139,high,,,,,https://www.projectarchitects.com/projects/big-dig-house,bw_boston_big_dig_i_93_infrastructure,Big Dig (I-93),"I-93 Big Dig corridor, Boston/Cambridge, MA, USA",42.3882451,-71.1191462,low,infrastructure_corridor,https://www.projectarchitects.com/projects/big-dig-house,
bg_mehrere_mehrere_verbiest_karreveld_decken_leuchten,Karreveld abgehängte…,p_verbiest_karreveld_brussels,Verbiest + Karreveld,"Rue Jean Verbiest 5-7, 1080 Brussels, Belgium",50.8503,4.315,medium,,,,,https://opalis.eu/fr/projets/verbiest-karreveld,bw_karreveld_buerogebaeude_zu_schule_und_sportzentrum,Karreveld Bürogebäude…,"Karreveld, Sint-Jans-Molenbeek, Brussels, Belgium",50.8614034,4.3155803,low,district_only,archive:Verbiest_Karreveld_Brussels.md,
bg_mehrere_mehrere_verbiest_karreveld_innenwand_modular,Karreveld modulares…,p_verbiest_karreveld_brussels,Verbiest + Karreveld,"Rue Jean Verbiest 5-7, 1080 Brussels, Belgium",50.8503,4.315,medium,,,,,https://opalis.eu/fr/projets/verbiest-karreveld,bw_karreveld_buerogebaeude_zu_schule_und_sportzentrum,Karreveld Bürogebäude…,"Karreveld, Sint-Jans-Molenbeek, Brussels, Belgium",50.8614034,4.3155803,low,district_only,archive:Verbiest_Karreveld_Brussels.md,
bg_stahl_technik_zinneke_feder_lueftung,Kompletter Lüftungsverbu…,p_zinneke_feder_masui4ever_brussels,Zinneke,"Masuiplein 13, 1030 Brussels, Belgium",50.8647,4.3592,high,,,,,https://opalis.eu/fr/projets/zinneke-feder-masui4ever,bw_buerohochhaus_im_zentrum_bruessels_als_lueftungs_donor,Bürohochhaus im Zentrum…,Brussels city centre office tower (HVAC donor),,,low,city_only,processed,
bg_mehrere_mehrere_christ_pavilion_cloister_glass_facade,Kreuzgang,p_christ_pavilion_volkenroda,Christus-Pavillon,"Kloster Volkenroda, 99994 Volkenroda, Germany",51.2067,10.4567,medium,,,,,archive,bw_christus_pavillon_expo_hannover,Christus-Pavillon EXPO…,"EXPO 2000 Hannover / Kloster Volkenroda, 99994 Volkenroda, Germany",51.2502813,10.5676346,medium,multi_site,archive:Christ_Pavilion_Volkenroda.md,
bg_mehrere_mehrere_thoravej_kunststofffenster_bestand,Kunststofffenster im…,p_thoravej_29_copenhagen,Thoravej 29 Copenhagen,"Thoravej 29, 2400 København NV, Copenhagen",55.706084,12.526846,high,,,,,,bw_thoravej_29,Thoravej 29 Bestandsgebä…,"Thoravej 29, 2400 København NV, Denmark",55.706084,12.526846,high,verified_street,archive:Thoravej_29_Copenhagen.md,
bg_unbekannt_technik_chiro_luminaires,Leuchten,p_chiro_d_itterbeek_dilbeek,Chiro d’Itterbeek,"Plankenstraat 23, 1701 Dilbeek, Belgien",50.8318626,4.234055,high,,,,,,,,,,,,,,
bg_mehrere_technik_leuchten_resilience,Leuchten Résilience,p_resilience_la_ferme_des_possibles_stains,Résilience,"29 Rue d’Amiens, 93240 Stains",48.9500637,2.3701218,high,,,,,,bw_engie_baustelle_saint_denis,ENGIE-Baustelle Saint-De…,"Saint-Denis, France (ENGIE construction site)",48.9383732,2.3627508,low,city_only,processed,
bg_mehrere_decke_harmalanranta_shelter_deck_zone,Luftschutzraum-Deckenber…,p_harmalanranta_a_kruunu_recreate_mini_pilot_tampere,Härmälänranta,"Potkurinkatu 5, 33900 Tampere, Finland",61.4808,23.7493,high,,,,,https://www.a-kruunu.fi/,,,,,,,,,
bg_mehrere_fassade_lysp8_external_mix,LysP8 Fassade-Mix,p_lysp8_basel,LYSP8 Basel,"Weinlagerstrasse 33, 4056 Basel, Switzerland",47.5726315,7.5738216,high,,,,,,,,,,,,,,
bg_metall_boden_lysp8_grating_steps,LysP8 Gitterrost,p_lysp8_basel,LYSP8 Basel,"Weinlagerstrasse 33, 4056 Basel, Switzerland",47.5726315,7.5738216,high,,,,,,,,,,,,,,
bg_holz_ausbau_lysp8_kitchens,LysP8 Küchen ZH-Wohns.,p_lysp8_basel,LYSP8 Basel,"Weinlagerstrasse 33, 4056 Basel, Switzerland",47.5726315,7.5738216,high,,,,,,,,,,,,,,
bg_mehrere_ausbau_lysp8_doors_tiles,LysP8 Türen+Fliesen,p_lysp8_basel,LYSP8 Basel,"Weinlagerstrasse 33, 4056 Basel, Switzerland",47.5726315,7.5738216,high,,,,,,,,,,,,,,
bg_naturstein_mehrere_plp_marble_feste_oberflaechen,Marble,p_plp_london_hq_circular_studio_fitout,PLP London HQ circular…,"10 Whitechapel High St, London E1 8QS",51.514434,-0.0729102,high,,,,,,,,,,,,,,
bg_mehrere_mehrere_christ_pavilion_marble_glass_wall,Marmor-Glas-Wand…,p_christ_pavilion_volkenroda,Christus-Pavillon,"Kloster Volkenroda, 99994 Volkenroda, Germany",51.2067,10.4567,medium,,,,,archive,bw_christus_pavillon_expo_hannover,Christus-Pavillon EXPO…,"EXPO 2000 Hannover / Kloster Volkenroda, 99994 Volkenroda, Germany",51.2502813,10.5676346,medium,multi_site,archive:Christ_Pavilion_Volkenroda.md,
bg_mehrere_ausbau_plp_materialbibliothek_oberflaechen,Materialbibliothek-Oberf…,p_plp_london_hq_circular_studio_fitout,PLP London HQ circular…,"10 Whitechapel High St, London E1 8QS",51.514434,-0.0729102,high,,,,,,bw_plp_previous_studio_london,vorheriges PLP Studio,"10 Whitechapel High Street, London E1 8QS, UK",51.5145623,-0.0729474,high,verified_street,archive:PLP_London_HQ_Circular_Studio_Fitout.md,
bg_metall_ausbau_medunicampus_bike_workshop,MedUni Fahrradwerkst.,p_meduni_campus_mariannengasse,MedUni Campus Wien,"Mariannengasse 10, 1090 Vienna, Austria",48.2161081,16.3492133,high,,,,,,bw_meduni_campus_mariannengasse,MedUni Campus Wien,"Mariannengasse, 1090 Vienna, Austria",48.2163314,16.3460235,medium,street_without_number,PLAN_v2.md,
bg_mehrere_technik_medunicampus_paternoster,MedUni Paternoster,p_meduni_campus_mariannengasse,MedUni Campus Wien,"Mariannengasse 10, 1090 Vienna, Austria",48.2161081,16.3492133,high,,,,,,bw_meduni_campus_mariannengasse,MedUni Campus Wien,"Mariannengasse, 1090 Vienna, Austria",48.2163314,16.3460235,medium,street_without_number,PLAN_v2.md,
bg_metall_ausbau_medunicampus_heavy_shelves,MedUni Schwerlastreg.,p_meduni_campus_mariannengasse,MedUni Campus Wien,"Mariannengasse 10, 1090 Vienna, Austria",48.2161081,16.3492133,high,,,,,,bw_meduni_campus_mariannengasse,MedUni Campus Wien,"Mariannengasse, 1090 Vienna, Austria",48.2163314,16.3460235,medium,street_without_number,PLAN_v2.md,
bg_holz_wand_medunicampus_doors_as_cladding,MedUni Türen→Wand,p_meduni_campus_mariannengasse,MedUni Campus Wien,"Mariannengasse 10, 1090 Vienna, Austria",48.2161081,16.3492133,high,,,,,,bw_meduni_campus_mariannengasse,MedUni Campus Wien,"Mariannengasse, 1090 Vienna, Austria",48.2163314,16.3460235,medium,street_without_number,PLAN_v2.md,
bg_holz_mehrere_recyclinghaus_messebauplatten_innenausbau,Messebauplatten als…,p_recyclinghaus_hannover,Recyclinghaus Hannover,"Treppenkamp 1, 30539 Hannover, Germany",52.3589,9.8342,high,,,,,https://www.gundlach-bau.de/projekte/recyclinghaus-hannover,,,,,,,,,
bg_stahl_traeger_grande_halle_metal,Metallträger,p_grande_halle_de_colombelles,Grande Halle de Colombel…,"Rue des Ateliers, 14460 Colombelles",49.1916221,-0.3061681,high,,,,,,bw_colombelles_regional_donor_sources,Regionale Rückbau- und…,"Rue des Ateliers, 14460 Colombelles, France",49.1916221,-0.3061681,medium,regional_hub,https://opalis.eu/fr/projets/grande-halle-de-colombelles,
bg_daemmstoff_daemmung_circular_pavilion_mineral_wool,Mineral-/Steinwolle als…,p_circular_pavilion_paris,Circular Pavilion Paris,"Place de l'Hôtel de Ville, 75004 Paris, France",48.8565,2.3522,medium,,,,,https://www.batiactu.com/edito/un-pavillon-circulaire-illustrer-reemploi-materiaux-42547.php,,,,,,,,,
bg_daemmstoff_daemmung_grande_halle_mineral_wool,Mineralwolle-Dämmung,p_grande_halle_de_colombelles,Grande Halle de Colombel…,"Rue des Ateliers, 14460 Colombelles",49.1916221,-0.3061681,high,,,,,,bw_colombelles_regional_donor_sources,Regionale Rückbau- und…,"Rue des Ateliers, 14460 Colombelles, France",49.1916221,-0.3061681,medium,regional_hub,https://opalis.eu/fr/projets/grande-halle-de-colombelles,
bg_mehrere_mehrere_k118_floor_finishes_bricks_panels,Naturstein-/Granitplatten,p_k118_kopfbau_halle_118_winterthur,K.118 Winterthur,"Lagerplatz 24, 8400 Winterthur, Switzerland",47.4997,8.7267,high,,,,,https://www.lagerplatz.ch/,,,,,,,,,
bg_stahl_mehrere_green_house_demontables_stahltragwerk,Neues demontierbares…,p_the_green_house_utrecht,The Green House Utrecht,"Croeselaan 16, 3521 CA Utrecht, Netherlands",52.0867,5.1172,high,,,,,https://www.thegreenhouserestaurant.nl/,,,,,,,,,
bg_stahl_stuetze_christ_pavilion_cross,Neun kreuzfoermige…,p_christ_pavilion_volkenroda,Christus-Pavillon,"Kloster Volkenroda, 99994 Volkenroda, Germany",51.2067,10.4567,medium,,,,,archive,bw_christus_pavillon_expo_hannover,Christus-Pavillon EXPO…,"EXPO 2000 Hannover / Kloster Volkenroda, 99994 Volkenroda, Germany",51.2502813,10.5676346,medium,multi_site,archive:Christ_Pavilion_Volkenroda.md,
bg_beton_mehrere_plattenvereinigung_betonfertigteile,Ost- und westdeutsche…,p_plattenvereinigung_berlin,Plattenvereinigung Berlin,"Gustav-Meyer-Allee 25, 13355 Berlin (Peter-Behrens-Halle, Jan 2010–May 2011); Tempelhofer Feld, southern entrance Oderstraße, 12051 Berlin (May 2011–Oct 2011+)",52.5408,13.3892,medium,multi_site_verified,,,,https://www.plattenvereinigung.de/project/orte/,bw_olympisches_dorf_muenchen,Olympisches Dorf München,"Connollystraße 3, 80809 München, Germany",48.1803734,11.5477603,high,verified_street,https://www.plattenvereinigung.de/project/orte/,+2 more donors; see bauteilgruppe_donor_receiver_map.csv
bg_stahlbeton_decke_broethen_p2_deckenplatten,P2-Deckenplatten,p_broethen_twin_house_hoyerswerda,Broethen Twin-House,"Bröthen-Michalken, 02977 Hoyerswerda, Germany",51.407,14.279,low,district_only,,,,https://recreate-project.eu/tag/german-cluster/,,,,,,,,,
bg_stahlbeton_wand_broethen_p2_wandplatten,P2-Wandplatten,p_broethen_twin_house_hoyerswerda,Broethen Twin-House,"Bröthen-Michalken, 02977 Hoyerswerda, Germany",51.407,14.279,low,district_only,,,,https://recreate-project.eu/tag/german-cluster/,,,,,,,,,
bg_naturstein_boden_biopartner_5_pflaster_bodenmaterial,Pflaster-,p_biopartner_5_leiden_oegstgeest,BioPartner 5,"Limes 7 / Leiden Bio Science Park, Oegstgeest/Leiden",52.1710283,4.4502649,high,,,,,,bw_biopartner_gorlaeus_hochhaus,Gorlaeus (Biopartner),"De Limes 7, 2342 DH Oegstgeest, Netherlands",52.1710283,4.4502649,high,verified_street,https://www.biopartnerleiden.nl/contact_en/,
bg_mehrere_boden_green_house_pflasterklinker,Pflasterklinker Erdgesch…,p_the_green_house_utrecht,The Green House Utrecht,"Croeselaan 16, 3521 CA Utrecht, Netherlands",52.0867,5.1172,high,,,,,https://www.thegreenhouserestaurant.nl/,bw_alte_kade_tiel,Alte Kade in Tiel,"Alte Kade, Tiel, Netherlands",,,medium,street_without_number,https://www.thegreenhouserestaurant.nl/,
bg_kunststoff_daemmung_welpeloo_polystyrol_restplatten,Polystyrol-Dämmplatten…,p_villa_welpeloo_enschede,Villa Welpeloo Enschede,"Bamshoevelaan 49, 7523 JJ Enschede, Netherlands",52.2283,6.8814,high,,,,,https://www.superuse-studios.com/,,,,,,,,,
bg_holz_mehrere_green_house_preused_holzdecke,Pre-used wood Geschossde…,p_the_green_house_utrecht,The Green House Utrecht,"Croeselaan 16, 3521 CA Utrecht, Netherlands",52.0867,5.1172,high,,,,,https://www.thegreenhouserestaurant.nl/,bw_knoopkazerne_utrecht,Ehemalige Knoopkazerne,"Croeselaan 16, 3521 CA Utrecht, Netherlands",52.0868182,5.1079133,high,verified_street,https://www.thegreenhouserestaurant.nl/,
bg_stahlbeton_mehrere_ccn_prefab_facade_elements,Prefab-Fassadenelemente,p_circular_centre_netherlands_prinsenhof_a_reuse_pilot,Circular Centre Netherla…,"Zwarteweg 1, 8181 PD Heerde, Netherlands",52.3917,6.0286,high,,,,,https://recreate-project.eu/,bw_prinsenhof_a_arnhem_donor,"Prinsenhof A, Arnhem","Prinsenhof 1, 6811 Arnhem, Netherlands",51.9773561,5.9114676,high,verified_street,https://www.gelderland.nl/themas/duurzaamheid/circulaire-economie/prinsenhof,
bg_kunststoff_fassade_peoples_pavilion_pretty_plastic_shingles,Pretty Plastic Schindeln…,p_peoples_pavilion_eindhoven,People’s Pavilion…,"Ketelhuisplein, 5617 AE Eindhoven, Netherlands",51.4483,5.4959,high,,,,,https://overtredersw.nl/projects/peoples-pavilion,,,,,,,,,
bg_glas_mehrere_recyclinghaus_profilbauglas,Profilbauglas aus alter…,p_recyclinghaus_hannover,Recyclinghaus Hannover,"Treppenkamp 1, 30539 Hannover, Germany",52.3589,9.8342,high,,,,,https://www.gundlach-bau.de/projekte/recyclinghaus-hannover,bw_alte_lackiererei_hannover,alte/stillgelegte…,"Treppenkamp area, Hannover-Kronsberg, Germany",52.3308126,9.832174,low,area_only,https://www.gundlach-bau.de/projekte/recyclinghaus-hannover,
bg_mehrere_mehrere_reusehoefe_yard_logistics,RE-USE Höfe Logistik,,,,,,low,concept_no_single_site,RE-USE Höfe (research/publication),,,https://buchshop.bod.ch/re-use-hoefe-michelle-schneider-9783769354317,,,,,,,,,
bg_holz_fenster_reusehoefe_ukraine_windows,RE-WIN Ukraine-Fenster,,,"RE-WIN collection warehouses: zum Park 5, 8400 Winterthur; Güterstrasse (Rhenus Logistics), CH-9470 Buchs; Münchackerstrasse 14, 4133 Pratteln; Bannholzstrasse 55a, 3033 Wohlen b. Bern; Längacher 19, 6170 Schüpfheim",,,medium,logistics_network,RE-WIN Fenster für die Ukraine / RE-USE Höfe,,,https://re-win.ch/verein/unterstuetzen-sie-uns/material-bereitstellen/,,,,,,,,,
bg_mehrere_technik_grande_halle_radiators,Radiatoren (Grande Halle),p_grande_halle_de_colombelles,Grande Halle de Colombel…,"Rue des Ateliers, 14460 Colombelles",49.1916221,-0.3061681,high,,,,,,bw_colombelles_regional_donor_sources,Regionale Rückbau- und…,"Rue des Ateliers, 14460 Colombelles, France",49.1916221,-0.3061681,medium,regional_hub,https://opalis.eu/fr/projets/grande-halle-de-colombelles,
bg_mehrere_technik_ka13_tga_sanitary_radiators,Radiatoren (Ka13),p_ka13_kristian_augusts_gate_13_oslo,KA13,"Kristian Augusts gate 13, Oslo, Norwegen",59.916806,10.737562,high,,,,,,,,,,,,,,
bg_mehrere_mehrere_big_dig_house_ramp_pier_roadway_components,"Ramp-, Pier- und…",p_big_dig_house_lexington_massachusetts,Big Dig House,"8 Bird Hill Road, Lexington, MA 02421, USA",42.2586,-71.2139,high,,,,,https://www.projectarchitects.com/projects/big-dig-house,bw_boston_big_dig_i_93_infrastructure,Big Dig (I-93),"I-93 Big Dig corridor, Boston/Cambridge, MA, USA",42.3882451,-71.1191462,low,infrastructure_corridor,https://www.projectarchitects.com/projects/big-dig-house,
bg_glas_mehrere_green_house_rauchglas_fassade,Rauchglas-Fassadenpaneele,p_the_green_house_utrecht,The Green House Utrecht,"Croeselaan 16, 3521 CA Utrecht, Netherlands",52.0867,5.1172,high,,,,,https://www.thegreenhouserestaurant.nl/,bw_knoopkazerne_utrecht,Ehemalige Knoopkazerne,"Croeselaan 16, 3521 CA Utrecht, Netherlands",52.0868182,5.1079133,high,verified_street,https://www.thegreenhouserestaurant.nl/,
bg_textil_mehrere_impact_recycled_felt_panels,Recycelte Filzpaneele…,p_impact_hub_berlin_crclr_fitout,Impact Hub Berlin,"Rollbergstraße 26, 12053 Berlin, Germany",52.4764,13.4357,high,,,,,https://www.buildingsocialecology.org/projects/crclr-house-berlin/,,,,,,,,,
bg_mehrere_mehrere_upcycle_recyclingbeton_metro,Recyclingbeton aus…,p_upcycle_studios_copenhagen,Upcycle Studios Copenhag…,"Robert Jacobsens Vej, 2300 København S, Denmark",55.6402,12.5846,medium,,,,,https://www.lendager.com/projects/upcycle-studios,bw_copenhagen_metro_construction_waste_source,Copenhagen Metro…,"Copenhagen Metro construction sites, Denmark",,,low,multi_site_program,processed,
bg_recyclingbeton_mehrere_recyclinghaus_fundament,Recyclingbeton in…,p_recyclinghaus_hannover,Recyclinghaus Hannover,"Treppenkamp 1, 30539 Hannover, Germany",52.3589,9.8342,high,,,,,https://www.gundlach-bau.de/projekte/recyclinghaus-hannover,,,,,,,,,
bg_mdf_ausbau_impact_red_mdf_reception,Red MDF boards als…,p_impact_hub_berlin_crclr_fitout,Impact Hub Berlin,"Rollbergstraße 26, 12053 Berlin, Germany",52.4764,13.4357,high,,,,,https://www.buildingsocialecology.org/projects/crclr-house-berlin/,,,,,,,,,
bg_stahl_mehrere_hof_self_columns,Refabrizierte Stahlstütz…,p_house_of_fraser_318_oxford_street_tbc_london_reuse_chain,House of Fraser,"318 Oxford Street, London W1C 1HF, UK (donor); 224-226 Tower Bridge Road, London SE1 2UP, UK (receiver TBC.London)",51.5142,-0.1427,medium,,,,,https://www.stiffandtrevillion.com/projects/tower-bridge-road,bw_318_oxford_street_house_of_fraser,318 Oxford Street,"318 Oxford Street, London W1C 1HF, UK",51.5152626,-0.1463435,high,verified_street,https://www.stiffandtrevillion.com/projects/tower-bridge-road,
bg_stahl_mehrere_tbc_repurposed_cleveland,Repurposed Cleveland…,p_house_of_fraser_318_oxford_street_tbc_london_reuse_chain,House of Fraser,"318 Oxford Street, London W1C 1HF, UK (donor); 224-226 Tower Bridge Road, London SE1 2UP, UK (receiver TBC.London)",51.5142,-0.1427,medium,,,,,https://www.stiffandtrevillion.com/projects/tower-bridge-road,bw_cleveland_steel_reclaimed_stock,Cleveland Steel reclaimed,"Cleveland Steel stockyard, London, UK",,,low,business_site,archive:House_of_Fraser_318_Oxford_Street_TBC_London_reuse_chain.md,
bg_holz_fassade_elys_reuse_system,Reuse-Fassade als…,p_elys_kultur_gewerbehaus_basel,ELYS Kultur- und…,"Elsässerstrasse 215, 4056 Basel, Switzerland",47.5489,7.6012,high,,,,,processed+ELYS,bw_elys_regional_reuse_sources,Regionale Rueckbau- und…,Basel region demolition/reuse sources,,,low,regional_pool,processed,
bg_mehrere_mehrere_moeoeslistrasse_sanitaer_kueche,Sanitärapparate und…,p_kindergarten_moeoeslistrasse_manegg_zuerich,Kindergarten Mööslistras…,"Mööslistrasse 8, 8038 Zürich, Switzerland",47.3406,8.5154,high,,,,,https://www.stadt-zuerich.ch/,bw_werkhof_moeoeslistrasse,Werkhof Mööslistrasse,"Mööslistrasse 8, 8038 Zürich, Switzerland",47.3457808,8.5284529,high,verified_street,archive:Kindergarten_Moeoeslistrasse_Manegg_Zuerich.md,
bg_mehrere_technik_chiro_sanitary_fixtures,Sanitärobjekte (Chiro),p_chiro_d_itterbeek_dilbeek,Chiro d’Itterbeek,"Plankenstraat 23, 1701 Dilbeek, Belgien",50.8318626,4.234055,high,,,,,,,,,,,,,,
bg_keramik_technik_crclr_sanitary_objects,Sanitärobjekte (Crclr),p_crclr_house_impact_hub_berlin,CRCLR House,"Rollbergstraße 26, 12053 Berlin, Germany",52.4764,13.4357,high,,,,,processed+web,bw_crclr_external_reuse_sources,Externe Reuse-Quellen…,"Berlin (external reuse sources, no single site)",52.5173885,13.3951309,low,multi_site_program,https://www.buildingsocialecology.org/projects/crclr-house-berlin/,
bg_keramik_technik_sanitarobjekte_resilience,Sanitärobjekte Résilience,p_resilience_la_ferme_des_possibles_stains,Résilience,"29 Rue d’Amiens, 93240 Stains",48.9500637,2.3701218,high,,,,,,bw_association_reavie_materialquelle,Association Réavie…,"Réavie association material source, France",,,low,organization_no_site,archive:Resilience_La_Ferme_des_Possibles_Stains.md,
bg_keramik_technik_biopartner_5_sanitaerobjekte,Sanitärobje… (Biopartner),p_biopartner_5_leiden_oegstgeest,BioPartner 5,"Limes 7 / Leiden Bio Science Park, Oegstgeest/Leiden",52.1710283,4.4502649,high,,,,,,,,,,,,,,
bg_mehrere_technik_grande_halle_sanitary_objects,Sanitärob… (Grande Halle),p_grande_halle_de_colombelles,Grande Halle de Colombel…,"Rue des Ateliers, 14460 Colombelles",49.1916221,-0.3061681,high,,,,,,bw_colombelles_regional_donor_sources,Regionale Rückbau- und…,"Rue des Ateliers, 14460 Colombelles, France",49.1916221,-0.3061681,medium,regional_hub,https://opalis.eu/fr/projets/grande-halle-de-colombelles,
bg_mehrere_mehrere_maison_des_canaux_sanitary_parts,Sanitärteile,p_maison_des_canaux_paris,"Maison des Canaux, Paris","6 Quai de la Seine, 75019 Paris, France",48.8906,2.3742,high,,,,,https://www.lescanaux.com/,,,,,,,,,
bg_mdf_mehrere_impact_black_mdf_panels,Schwarze MDF-Platten…,p_impact_hub_berlin_crclr_fitout,Impact Hub Berlin,"Rollbergstraße 26, 12053 Berlin, Germany",52.4764,13.4357,high,,,,,https://www.buildingsocialecology.org/projects/crclr-house-berlin/,,,,,,,,,
bg_beton_mehrere_christ_pavilion_fair_faced_parts,Sichtbetonteile des…,p_christ_pavilion_volkenroda,Christus-Pavillon,"Kloster Volkenroda, 99994 Volkenroda, Germany",51.2067,10.4567,medium,,,,,archive,bw_christus_pavillon_expo_hannover,Christus-Pavillon EXPO…,"EXPO 2000 Hannover / Kloster Volkenroda, 99994 Volkenroda, Germany",51.2502813,10.5676346,medium,multi_site,archive:Christ_Pavilion_Volkenroda.md,
bg_holz_wand_bedzed_studs,Softwood wall studs,p_bedzed_london_hackbridge,BedZED,"24 Helios Road, Wallington, London SM6 7BZ, UK",51.3653,-0.1494,high,,,,,https://www.bioregional.com/projects-and-services/case-studies/bedzed,bw_local_demolition_sources_bedzed,Local demolition and…,London/Sutton local demolition sources,,,low,regional_pool,archive:BedZED_London_Hackbridge.md,
bg_stahl_ausbau_bluecity,Stahl im Büroausbau,p_bluecity_offices_rotterdam,BlueCity Offices…,"Maasboulevard 100, 3063 NS Rotterdam, Netherlands",51.9436,4.5112,high,,,,,https://www.bluecity.nl/,,,,,,,,,
bg_stahl_mehrere_ka13,Stahl in Bestand und…,p_ka13_kristian_augusts_gate_13_oslo,KA13,"Kristian Augusts gate 13, Oslo, Norwegen",59.916806,10.737562,high,,,,,,bw_ka13_existing_building,KA13 Bestandsgebäude…,"Kristian Augusts gate 13, 0164 Oslo, Norway",59.916806,10.737562,high,verified_street,archive:KA13_Kristian_Augusts_gate_13_Oslo.md,
bg_mehrere_mehrere_gjg_steel_wood_infill_structure,Stahl-/Holz-Infill-Struk…,p_gjg_house_gentbrugge,gjG House,"Gentbrugge (near E17 highway), 9050 Ghent, Belgium",51.0405,3.7412,low,district_only,,,,https://architectuur.gent/project/6263c34eeb7f8/woning-gjg,,,,,,,,,
bg_stahl_treppe_zinneke_feder_masui4ever_brussels_treppen,Stahl-Treppen,p_zinneke_feder_masui4ever_brussels,Zinneke,"Masuiplein 13, 1030 Brussels, Belgium",50.8647,4.3592,high,,,,,https://opalis.eu/fr/projets/zinneke-feder-masui4ever,bw_ehemaliger_sitz_der_flaemischen_regierung_als_treppen_donor,Ehemaliger Sitz der…,"Former Flemish Government seat, Brussels, Belgium",,,low,city_only,processed,
bg_stahl_mehrere_chiro_u_lintels,Stahl-U-Profile als…,p_chiro_d_itterbeek_dilbeek,Chiro d’Itterbeek,"Plankenstraat 23, 1701 Dilbeek, Belgien",50.8318626,4.234055,high,,,,,,,,,,,,,,
bg_stahl_mehrere_grubenstrasse_access_structures,Stahlbauteile für…,p_grubenstrasse_29_werkhof_29_zuerich,Grubenstrasse 29,"Grubenstrasse 29, 8045 Zürich, Binz",47.3612682,8.5142622,high,,,,,,bw_grubenstrasse_external_donor_sources,Externe Rückbauprojekte…,Zürich region external demolition projects,,,low,regional_pool,archive:Grubenstrasse_29_Werkhof_29_Zuerich.md,
bg_stahlbeton_mehrere_haus_hos_floor_elements,Stahlbeton-Deckenelemente,p_haus_hos_mehrfamilienhaus_muehlhausen,Haus HOS,"Mühlhausen, 99974, Germany",51.2089,10.4526,low,city_only,,,,https://www.seidlarchitekten.de/haus-hos-muehlhausen/,bw_leinefelde_plattenbau_donor,Rückbaustelle,"Leinefelde, 37339, Germany",51.3878458,10.3212678,low,city_only,archive:Haus_HOS_Mehrfamilienhaus_Muehlhausen.md,
bg_stahlbeton_treppe_haus_hos,Stahlbeton-Treppen,p_haus_hos_mehrfamilienhaus_muehlhausen,Haus HOS,"Mühlhausen, 99974, Germany",51.2089,10.4526,low,city_only,,,,https://www.seidlarchitekten.de/haus-hos-muehlhausen/,bw_leinefelde_plattenbau_donor,Rückbaustelle,"Leinefelde, 37339, Germany",51.3878458,10.3212678,low,city_only,archive:Haus_HOS_Mehrfamilienhaus_Muehlhausen.md,
bg_stahlbeton_wand_haus_hos_elements,Stahlbeton-Wandelemente,p_haus_hos_mehrfamilienhaus_muehlhausen,Haus HOS,"Mühlhausen, 99974, Germany",51.2089,10.4526,low,city_only,,,,https://www.seidlarchitekten.de/haus-hos-muehlhausen/,bw_leinefelde_plattenbau_donor,Rückbaustelle,"Leinefelde, 37339, Germany",51.3878458,10.3212678,low,city_only,archive:Haus_HOS_Mehrfamilienhaus_Muehlhausen.md,
bg_stahl_mehrere_crclr_trusses_greenhouse,Stahlfachwerktraeger…,p_crclr_house_impact_hub_berlin,CRCLR House,"Rollbergstraße 26, 12053 Berlin, Germany",52.4764,13.4357,high,,,,,processed+web,,,,,,,,,
bg_stahl_fassade_svanen_stahlfassadenelemente,Stahlfassadenelemente,p_svanen_kindergarten_gladsaxe,Svanen,"Tobaksvejen 6, 2860 Søborg, Denmark",55.7346,12.4033,high,,,,,https://www.gladsaxe.dk/,bw_ehemalige_gladsaxe_school,Ehemalige Gladsaxe School,"Tobaksvejen 6, 2860 Søborg, Denmark",55.74061,12.481879,high,verified_street,archive:Svanen_Kindergarten_Gladsaxe.md,
bg_stahl_mehrere_lycee_facade_panels_railing,Stahlfassadenpaneele…,p_lycee_michel_lucius_conversion_luxembourg,Lycée Michel Lucius…,"157 Avenue Pasteur, L-2311 Luxembourg",49.6094,6.1267,high,,,,,https://opalis.eu/fr/projets/lycee-michel-lucius,bw_lycee_block_3000,Lycée Lucius B3000,"157 Avenue Pasteur, L-2311 Luxembourg",49.6249025,6.1136808,high,verified_street,https://opalis.eu/fr/projets/lycee-michel-lucius,
bg_mehrere_mehrere_moeoeslistrasse_stahlpergola_beschattung,Stahlpergola,p_kindergarten_moeoeslistrasse_manegg_zuerich,Kindergarten Mööslistras…,"Mööslistrasse 8, 8038 Zürich, Switzerland",47.3406,8.5154,high,,,,,https://www.stadt-zuerich.ch/,bw_einkaufswagendepot_zuerich,Ehemaliges Einkaufswagen…,"Zürich, Switzerland (former shopping-cart depot)",47.3744489,8.5410422,low,city_only,processed,
bg_stahl_mehrere_crclr_roof_to_stair_stringers,Stahlpfetten,p_crclr_house_impact_hub_berlin,CRCLR House,"Rollbergstraße 26, 12053 Berlin, Germany",52.4764,13.4357,high,,,,,processed+web,,,,,,,,,
bg_stahl_mehrere_biopartner_5_stuetzen_rahmen,Stahlträger (Biopartner),p_biopartner_5_leiden_oegstgeest,BioPartner 5,"Limes 7 / Leiden Bio Science Park, Oegstgeest/Leiden",52.1710283,4.4502649,high,,,,,,bw_gorlaeus_hochhaus,Gorlaeus Hochhaus,"Einsteinweg 55, 2333 CC Leiden, Netherlands",52.1677621,4.4609833,high,verified_street,https://www.student.universiteitleiden.nl/en/locations/gorlaeus-building,
bg_stahl_mehrere_geplante_stahltrager_roots,Stahlträger (Geplante),p_roots_in_the_sky_blackfriars_crown_court,Roots in the Sky,"1-15 Pocock Street, London SE1 0BT, UK",51.5025,-0.0999,high,,,,,https://en.wikipedia.org/wiki/Blackfriars_Crown_Court,bw_1_broadgate_1_2_broadgate_donor_stahl,1 Broadgate,"1 Broadgate, London EC2M 2SY, UK",51.5191859,-0.0888924,high,verified_street,https://www.broadgate.co.uk/,
bg_stahl_mehrere_moeoeslistrasse_stuetzen,Stahlträger (Möösli.),p_kindergarten_moeoeslistrasse_manegg_zuerich,Kindergarten Mööslistras…,"Mööslistrasse 8, 8038 Zürich, Switzerland",47.3406,8.5154,high,,,,,https://www.stadt-zuerich.ch/,bw_stadt_zuerich_occasionslager,Städtische Occasionslage…,Zürich municipal reuse depot (Occasionslager),,,low,city_only,processed,
bg_stahl_traeger_timber_square,Stahlträger (Timber),p_timber_square_london,Timber Square London,"25 Lavington Street / Bankside, Southwark, London SE1",51.5050972,-0.1000695,high,,,,,,,,,,,,,,
bg_stahl_mehrere_timber_square_reception_girder,Stahlträger als Empfangs…,p_timber_square_london,Timber Square London,"25 Lavington Street / Bankside, Southwark, London SE1",51.5050972,-0.1000695,high,,,,,,bw_timber_square_print_building,Timber Square Print…,"25 Lavington Street, London SE1 0NZ, UK",51.5050972,-0.1000695,high,verified_street,archive:Timber_Square_London.md,
bg_stahl_traeger_zinneke_feder_stuerze,Stahlträger als Stürze,p_zinneke_feder_masui4ever_brussels,Zinneke,"Masuiplein 13, 1030 Brussels, Belgium",50.8647,4.3592,high,,,,,https://opalis.eu/fr/projets/zinneke-feder-masui4ever,,,,,,,,,
bg_stahl_mehrere_welpeloo_paternoster_textilmaschine,Stahlträger aus Paternos…,p_villa_welpeloo_enschede,Villa Welpeloo Enschede,"Bamshoevelaan 49, 7523 JJ Enschede, Netherlands",52.2283,6.8814,high,,,,,https://www.superuse-studios.com/,bw_paternoster_textilindustriemaschine_enschede,Paternoster-,"Enschede, Netherlands",52.2233633,6.8705957,low,city_only,archive:Villa_Welpeloo_Enschede.md,
bg_stahl_mehrere_k118_structure,Stahlträger und Stützen…,p_k118_kopfbau_halle_118_winterthur,K.118 Winterthur,"Lagerplatz 24, 8400 Winterthur, Switzerland",47.4997,8.7267,high,,,,,https://www.lagerplatz.ch/,bw_elys_basel_donor,ELYS-Projekt Basel,"Elsässerstrasse 215, 4056 Basel, Switzerland",47.573746,7.5734396,high,verified_street,processed+ELYS,
bg_stahl_mehrere_big_dig_house,Stahlträger un… (Big Dig),p_big_dig_house_lexington_massachusetts,Big Dig House,"8 Bird Hill Road, Lexington, MA 02421, USA",42.2586,-71.2139,high,,,,,https://www.projectarchitects.com/projects/big-dig-house,bw_boston_big_dig_i_93_infrastructure,Big Dig (I-93),"I-93 Big Dig corridor, Boston/Cambridge, MA, USA",42.3882451,-71.1191462,low,infrastructure_corridor,https://www.projectarchitects.com/projects/big-dig-house,
bg_stahl_mehrere_holbein_structural,Stahlträger un… (Holbein),p_holbein_gardens_london,"Holbein Gardens, London","7 Holbein Place, London SW1W 8NR, UK",51.4947,-0.1489,high,,,,,https://www.grosvenor.com/property/holbein-gardens,bw_cleveland_steel_reclaimed_stock,Cleveland Steel reclaimed,"Cleveland Steel stockyard, London, UK",,,low,business_site,archive:House_of_Fraser_318_Oxford_Street_TBC_London_reuse_chain.md,
bg_stahl_mehrere_55gss_external_core,Steel profiles for…,p_55_great_suffolk_street_london,55 Great Suffolk Street,"55 Great Suffolk Street, London SE1 0UQ, UK",51.5018,-0.0789,high,,,,,processed+archive,bw_1_broadgate_london,"1 Broadgate, London","1 Broadgate, London EC2M 2SY, UK",51.5191859,-0.0888924,high,verified_street,https://www.broadgate.co.uk/,
bg_naturstein_boden_ferme_slabs_fill,Stein- und Bürofußbodenp…,p_ferme_du_rail_paris,Ferme du Rail Paris,"2 bis rue de l’Ourcq, 75019 Paris",48.8877647,2.3851363,high,,,,,,,,,,,,,,
bg_naturstein_wand_verbiest_charleroi,Steine aus Charleroi,p_verbiest_karreveld_brussels,Verbiest + Karreveld,"Rue Jean Verbiest 5-7, 1080 Brussels, Belgium",50.8503,4.315,medium,,,,,https://opalis.eu/fr/projets/verbiest-karreveld,bw_palais_des_expositions_charleroi,Palais des Expositions…,"Charleroi, Belgium (Palais des Expositions)",50.4116233,4.444528,low,city_only,processed,
bg_daemmstoff_daemmung_zinneke_feder_steinwolle,Steinwolle-Dämmplatten,p_zinneke_feder_masui4ever_brussels,Zinneke,"Masuiplein 13, 1030 Brussels, Belgium",50.8647,4.3592,high,,,,,https://opalis.eu/fr/projets/zinneke-feder-masui4ever,,,,,,,,,
bg_daemmstoff_mehrere_elys_stone_wool_restock_insulation,Steinwolledämmung aus…,p_elys_kultur_gewerbehaus_basel,ELYS Kultur- und…,"Elsässerstrasse 215, 4056 Basel, Switzerland",47.5489,7.6012,high,,,,,processed+ELYS,bw_elys_regional_reuse_sources,Regionale Rueckbau- und…,Basel region demolition/reuse sources,,,low,regional_pool,processed,
bg_ziegel_mehrere_holbein_stone,Stone / brickwork,p_holbein_gardens_london,"Holbein Gardens, London","7 Holbein Place, London SW1W 8NR, UK",51.4947,-0.1489,high,,,,,https://www.grosvenor.com/property/holbein-gardens,,,,,,,,,
bg_stahl_mehrere_bedzed_structural,Structural steel frame…,p_bedzed_london_hackbridge,BedZED,"24 Helios Road, Wallington, London SM6 7BZ, UK",51.3653,-0.1494,high,,,,,https://www.bioregional.com/projects-and-services/case-studies/bedzed,bw_brighton_railway_station_donor,Brighton Railway…,"Brighton Railway Station, Queens Road, Brighton BN1 3XP, UK",50.8288719,-0.1411137,medium,verified_station,https://www.construction21.org/articles/h/the-brighton-waste-house.html,+1 more donors; see bauteilgruppe_donor_receiver_map.csv
bg_beton_wand_chiro_surplus_blocks,Surplus-Betonblöcke,p_chiro_d_itterbeek_dilbeek,Chiro d’Itterbeek,"Plankenstraat 23, 1701 Dilbeek, Belgien",50.8318626,4.234055,high,,,,,,,,,,,,,,
bg_daemmstoff_daemmung_chiro_surplus_floor_wall,Surplus-Dämmung Boden/Wa…,p_chiro_d_itterbeek_dilbeek,Chiro d’Itterbeek,"Plankenstraat 23, 1701 Dilbeek, Belgien",50.8318626,4.234055,high,,,,,,,,,,,,,,
bg_holz_mehrere_chiro_surplus_roof_frame,Surplus-Holzrahmen,p_chiro_d_itterbeek_dilbeek,Chiro d’Itterbeek,"Plankenstraat 23, 1701 Dilbeek, Belgien",50.8318626,4.234055,high,,,,,,,,,,,,,,
bg_mehrere_mehrere_thoravej_tt_decken_zu_treppen,TT-/Betondecken zu…,p_thoravej_29_copenhagen,Thoravej 29 Copenhagen,"Thoravej 29, 2400 København NV, Copenhagen",55.706084,12.526846,high,,,,,,bw_thoravej_29,Thoravej 29 Bestandsgebä…,"Thoravej 29, 2400 København NV, Denmark",55.706084,12.526846,high,verified_street,archive:Thoravej_29_Copenhagen.md,
bg_holz_mehrere_beware_tulium_trusses,TULIUM Altholz-Träger,,,"Hertzallee, TU Berlin Campus, 10623 Berlin, Germany",52.5093686,13.3318278,medium,construction_site_street,Reallabor B(e) Ware → TULIUM museum pavilion,,,https://www.tu.berlin/en/stiftung/funding-opportunities/projects-at-tu-berlin/tulium,,,,,,,,,
bg_mehrere_technik_ithaka_tga_beleuchtung_installationen,Technische Bauteile,p_jeugdkliniek_ithaka_emergis_kloetinge,Jeugdkliniek Ithaka,"Oostmolenweg 79, 4481 PM Kloetinge, Netherlands",51.4479,3.6645,high,,,,,https://www.emergis.nl/,bw_rws_districtskantoor_terneuzen,Ehemaliges Rijkswatersta…,"Terneuzen, Netherlands (former Rijkswaterstaat district office)",51.298843,3.8422044,low,city_only,processed,
bg_mehrere_mehrere_brighton_teppichfliesen_fassade,Teppichfliesen als…,p_brighton_waste_house_brighton,Brighton Waste House,"58-67 Grand Parade, Brighton BN2 0JY, UK",50.8247,-0.1366,high,,,,,https://www.construction21.org/articles/h/the-brighton-waste-house.html,,,,,,,,,
bg_holz_boden_circular_pavilion_terrace_decking,Terrassen-Caillebotis…,p_circular_pavilion_paris,Circular Pavilion Paris,"Place de l'Hôtel de Ville, 75004 Paris, France",48.8565,2.3522,medium,,,,,https://www.batiactu.com/edito/un-pavillon-circulaire-illustrer-reemploi-materiaux-42547.php,,,,,,,,,
bg_mehrere_mehrere_plp_terrazzo_arbeits_kuechenflaechen,Terrazzo-/Spolia-Arbeits…,p_plp_london_hq_circular_studio_fitout,PLP London HQ circular…,"10 Whitechapel High St, London E1 8QS",51.514434,-0.0729102,high,,,,,,bw_plp_previous_studio_london,vorheriges PLP Studio,"10 Whitechapel High Street, London E1 8QS, UK",51.5145623,-0.0729474,high,verified_street,archive:PLP_London_HQ_Circular_Studio_Fitout.md,
bg_mehrere_treppe_plattenvereinigung_treppenelemente,Treppenelemente,p_plattenvereinigung_berlin,Plattenvereinigung Berlin,"Gustav-Meyer-Allee 25, 13355 Berlin (Peter-Behrens-Halle, Jan 2010–May 2011); Tempelhofer Feld, southern entrance Oderstraße, 12051 Berlin (May 2011–Oct 2011+)",52.5408,13.3892,medium,multi_site_verified,,,,https://www.plattenvereinigung.de/project/orte/,bw_olympisches_dorf_muenchen,Olympisches Dorf München,"Connollystraße 3, 80809 München, Germany",48.1803734,11.5477603,high,verified_street,https://www.plattenvereinigung.de/project/orte/,+2 more donors; see bauteilgruppe_donor_receiver_map.csv
bg_daemmstoff_mehrere_trae_high_rise_aarhus_troldtekt_akustikplatten,Troldtekt-Akustikplatten,p_trae_high_rise_aarhus,TRÆ High-Rise,"Kalkværksvej 1-5, 8000 Aarhus C, Denmark",56.1539,10.2048,high,,,,,https://www.lendager.com/projects/trae,,,,,,,,,
bg_holz_fassade_hastings_hardwood_cladding,Tropische Hartholz-Deckb…,p_hastings_pier_visitor_centre,Hastings Pier Visitor…,"1-10 White Rock, Hastings TN34 1JY, UK",50.8567,0.5792,high,,,,,https://www.drmm.co.uk/project/hastings-pier/,bw_hastings_pier_fire_damaged_deck,Brandschaden,"Hastings Pier, Hastings TN34 1JY, UK",50.8521015,0.5725697,medium,verified_structure,https://www.drmm.co.uk/project/hastings-pier/,
bg_mehrere_mehrere_maison_des_canaux_doors,Türen / Raumabschlüsse,p_maison_des_canaux_paris,"Maison des Canaux, Paris","6 Quai de la Seine, 75019 Paris, France",48.8906,2.3742,high,,,,,https://www.lescanaux.com/,,,,,,,,,
bg_holz_tuer_grande_halle_fire,Türen und Brandschutztür…,p_grande_halle_de_colombelles,Grande Halle de Colombel…,"Rue des Ateliers, 14460 Colombelles",49.1916221,-0.3061681,high,,,,,,bw_colombelles_regional_donor_sources,Regionale Rückbau- und…,"Rue des Ateliers, 14460 Colombelles, France",49.1916221,-0.3061681,medium,regional_hub,https://opalis.eu/fr/projets/grande-halle-de-colombelles,
bg_mehrere_mehrere_boschgaard_tueren_innenausbau,Türen und Innenausbau,p_woongroep_boschgaard_den_bosch,Woongroep Boschgaard…,"Mgr. van Roosmalenplein 19C, 5213 GC Den Bosch, Netherlands",51.6947,5.3082,high,,,,,https://www.boschgaard.nl/,bw_weitere_regionale_rueckbauquellen_boschgaard,Weitere regionale…,'s-Hertogenbosch region demolition sources,,,low,regional_pool,archive:Woongroep_Boschgaard_Den_Bosch.md,
bg_holz_mehrere_thoravej_tueren_zu_tischplatten,Türen zu Tischplatten,p_thoravej_29_copenhagen,Thoravej 29 Copenhagen,"Thoravej 29, 2400 København NV, Copenhagen",55.706084,12.526846,high,,,,,,bw_thoravej_29,Thoravej 29 Bestandsgebä…,"Thoravej 29, 2400 København NV, Denmark",55.706084,12.526846,high,verified_street,archive:Thoravej_29_Copenhagen.md,
bg_mehrere_mehrere_impact_crclr_doors_windows_sanitary,"Türen, Fenster und…",p_impact_hub_berlin_crclr_fitout,Impact Hub Berlin,"Rollbergstraße 26, 12053 Berlin, Germany",52.4764,13.4357,high,,,,,https://www.buildingsocialecology.org/projects/crclr-house-berlin/,,,,,,,,,
bg_verbundstoff_decke_umar_lindner_ceiling,UMAR Lindner-Decke,p_umar_unit,UMAR Unit,"Überlandstrasse 129, 8600 Dübendorf, Switzerland",47.4023749,8.6114852,high,,,,,,,,,,,,,,
bg_daemmstoff_daemmung_umar_mycelium,UMAR Pilzmyzel-Dämm.,p_umar_unit,UMAR Unit,"Überlandstrasse 129, 8600 Dübendorf, Switzerland",47.4023749,8.6114852,high,,,,,,,,,,,,,,
bg_mineralisch_wand_umar_recycled_bricks,UMAR Recyclingziegel,p_umar_unit,UMAR Unit,"Überlandstrasse 129, 8600 Dübendorf, Switzerland",47.4023749,8.6114852,high,,,,,,,,,,,,,,
bg_metall_tuer_umar_wabbes_handles,UMAR Wabbes Türgriffe,p_umar_unit,UMAR Unit,"Überlandstrasse 129, 8600 Dübendorf, Switzerland",47.4023749,8.6114852,high,,,,,,bw_generale_de_banque_brussels,Gén. de Banque BXL,"Rue Montagne du Parc 3, 1000 Brussels, Belgium",50.8455758,4.3604784,high,verified_street,https://rotordc.com/blog/salvaging-by-rotordc-3/generale-banks-hq-brussels-72,
bg_glas_fenster_trae_high_rise_aarhus_upcycled_elements,Upcycled window elements,p_trae_high_rise_aarhus,TRÆ High-Rise,"Kalkværksvej 1-5, 8000 Aarhus C, Denmark",56.1539,10.2048,high,,,,,https://www.lendager.com/projects/trae,,,,,,,,,
bg_keramik_mehrere_verbiest_karreveld_dach_terrasse,Verbiest Dach- und…,p_verbiest_karreveld_brussels,Verbiest + Karreveld,"Rue Jean Verbiest 5-7, 1080 Brussels, Belgium",50.8503,4.315,medium,,,,,https://opalis.eu/fr/projets/verbiest-karreveld,,,,,,,,,
bg_keramik_mehrere_verbiest_hanzinelle_fliesen,Verbiest dekorative…,p_verbiest_karreveld_brussels,Verbiest + Karreveld,"Rue Jean Verbiest 5-7, 1080 Brussels, Belgium",50.8503,4.315,medium,,,,,https://opalis.eu/fr/projets/verbiest-karreveld,bw_altes_projekt_in_hanzinelle,Altes Projekt in…,"Hanzinelle, Belgium (former project site)",50.2949873,4.5607099,low,area_only,archive:Verbiest_Karreveld_Brussels.md,
bg_unbekannt_technik_circular_pavilion_lights,Vier grosse Leuchten…,p_circular_pavilion_paris,Circular Pavilion Paris,"Place de l'Hôtel de Ville, 75004 Paris, France",48.8565,2.3522,medium,,,,,https://www.batiactu.com/edito/un-pavillon-circulaire-illustrer-reemploi-materiaux-42547.php,,,,,,,,,
bg_kunststoff_technik_brighton_vinylbanner_dampfbremse,Vinylbanner als Dampfbre…,p_brighton_waste_house_brighton,Brighton Waste House,"58-67 Grand Parade, Brighton BN2 0JY, UK",50.8247,-0.1366,high,,,,,https://www.construction21.org/articles/h/the-brighton-waste-house.html,,,,,,,,,
bg_mehrere_fassade_crclr_curtain_wall_sheet_glass,Vorhangfassadenelemente,p_crclr_house_impact_hub_berlin,CRCLR House,"Rollbergstraße 26, 12053 Berlin, Germany",52.4764,13.4357,high,,,,,processed+web,bw_crclr_external_reuse_sources,Externe Reuse-Quellen…,"Berlin (external reuse sources, no single site)",52.5173885,13.3951309,low,multi_site_program,https://www.buildingsocialecology.org/projects/crclr-house-berlin/,
bg_stahlbeton_mehrere_groeditz_wbs70_precast_panels,WBS70 precast panels,p_association_house_groeditz,Vereinshaus Gröditz,"Gröditz, 01609, Germany",51.4142,13.4351,low,city_only,,,,https://www.researchgate.net/publication/365763750_Reuse_of_concrete_components_in_new_construction_projectscritical_review_of_77_circular_precedents,,,,,,,,,
bg_kunststoff_wand_awm_wc_partitions,WC partitions,p_awm_muenster_circular_office,AWM Münster – zirkulärer…,"Rösnerstraße 10, 48155 Münster, Germany",51.9359,7.6356,high,,,,,https://awm.stadt-muenster.de/,bw_behrensbau_duesseldorf_donor,Behrensbau Düsseldorf…,"Mannesmannufer 2, 40213 Düsseldorf, Germany",51.2210197,6.7680311,high,verified_street,https://www.hdgnrw.de/ueber-uns/behrensbau,
bg_beton_mehrere_plattenvereinigung_wand_fassadenelemente,Wand- und Fassadenelemen…,p_plattenvereinigung_berlin,Plattenvereinigung Berlin,"Gustav-Meyer-Allee 25, 13355 Berlin (Peter-Behrens-Halle, Jan 2010–May 2011); Tempelhofer Feld, southern entrance Oderstraße, 12051 Berlin (May 2011–Oct 2011+)",52.5408,13.3892,medium,multi_site_verified,,,,https://www.plattenvereinigung.de/project/orte/,bw_olympisches_dorf_muenchen,Olympisches Dorf München,"Connollystraße 3, 80809 München, Germany",48.1803734,11.5477603,high,verified_street,https://www.plattenvereinigung.de/project/orte/,+1 more donors; see bauteilgruppe_donor_receiver_map.csv
bg_keramik_wand_chiro_tiles,Wandfliesen,p_chiro_d_itterbeek_dilbeek,Chiro d’Itterbeek,"Plankenstraat 23, 1701 Dilbeek, Belgien",50.8318626,4.234055,high,,,,,,,,,,,,,,
bg_mehrere_mehrere_recyclinghaus_sanitaer_feste_einbauten,Waschbecken,p_recyclinghaus_hannover,Recyclinghaus Hannover,"Treppenkamp 1, 30539 Hannover, Germany",52.3589,9.8342,high,,,,,https://www.gundlach-bau.de/projekte/recyclinghaus-hannover,,,,,,,,,
bg_mehrere_mehrere_moeoeslistrasse_bestand_werkhof,Werkhofstruktur und…,p_kindergarten_moeoeslistrasse_manegg_zuerich,Kindergarten Mööslistras…,"Mööslistrasse 8, 8038 Zürich, Switzerland",47.3406,8.5154,high,,,,,https://www.stadt-zuerich.ch/,bw_werkhof_moeoeslistrasse,Werkhof Mööslistrasse,"Mööslistrasse 8, 8038 Zürich, Switzerland",47.3457808,8.5284529,high,verified_street,archive:Kindergarten_Moeoeslistrasse_Manegg_Zuerich.md,
bg_stahl_mehrere_wetternde_offcut_tore_saxum,Wetternde Stahl-Offcut-T…,p_saxum_vineyard_equipment_barn_paso_robles,Saxum Vineyard Equipment…,"2800 Willow Creek Road, Paso Robles, CA 93446, USA",35.6366,-120.6869,high,,,,,https://www.saxumvineyards.com/,bw_benachbarte_winery_shoring_walls_offcuts,Benachbarte Winery-Shori…,"Willow Creek Road area, Paso Robles, CA, USA",,,low,area_only,https://www.saxumvineyards.com/,
bg_stahl_technik_multi_reinstalled_elevator_motors,Wieder eingebaute…,p_multi_brussels_reuse_in_multi,Multi Brussels,"Boulevard Anspach 1, 1000 Brussels, Belgium",50.8476,4.3487,high,,,,,https://www.multibrussels.eu/,bw_multi_brouckere_tower,Ehemaliger Philips,"Boulevard Anspach / De Brouckère, 1000 Brussels, Belgium",50.8507197,4.351774,medium,verified_area,archive:Multi_Brussels_Reuse_in_MULTI.md,
bg_holz_ausbau_ferme_fixed_cupboards,Wiederverwendetes Holz…,p_ferme_du_rail_paris,Ferme du Rail Paris,"2 bis rue de l’Ourcq, 75019 Paris",48.8877647,2.3851363,high,,,,,,,,,,,,,,
bg_stahl_fassade_recyclinghaus_wellblech,Wiederverwendetes…,p_recyclinghaus_hannover,Recyclinghaus Hannover,"Treppenkamp 1, 30539 Hannover, Germany",52.3589,9.8342,high,,,,,https://www.gundlach-bau.de/projekte/recyclinghaus-hannover,,,,,,,,,
bg_unbekannt_fassade_trae_aarhus_windturbine_sonnenschutz,Windturbinenflügel als…,p_trae_high_rise_aarhus,TRÆ High-Rise,"Kalkværksvej 1-5, 8000 Aarhus C, Denmark",56.1539,10.2048,high,,,,,https://www.lendager.com/projects/trae,bw_ausgemusterte_windkraftanlagen_als_rotorblatt_donor,Ausgemusterte Windkrafta…,Decommissioned wind turbines (no fixed site),,,low,mobile_source,processed,
bg_holz_ausbau_awm_fixed_builtins,Wood for fixed built-ins,p_awm_muenster_circular_office,AWM Münster – zirkulärer…,"Rösnerstraße 10, 48155 Münster, Germany",51.9359,7.6356,high,,,,,https://awm.stadt-muenster.de/,bw_public_building_material_sources_awm,Public building and…,Münster region public building demolition sources,,,low,regional_pool,archive:AWM_Muenster_Circular_Office.md,
bg_kunststoff_daemmung_brighton_zahnbuersten_medienabfall_infill,Zahnbürsten und Medienab…,p_brighton_waste_house_brighton,Brighton Waste House,"58-67 Grand Parade, Brighton BN2 0JY, UK",50.8247,-0.1366,high,,,,,https://www.construction21.org/articles/h/the-brighton-waste-house.html,,,,,,,,,
bg_ziegel_mehrere_svanen,Ziegel,p_svanen_kindergarten_gladsaxe,Svanen,"Tobaksvejen 6, 2860 Søborg, Denmark",55.7346,12.4033,high,,,,,https://www.gladsaxe.dk/,bw_ehemalige_gladsaxe_school,Ehemalige Gladsaxe School,"Tobaksvejen 6, 2860 Søborg, Denmark",55.74061,12.481879,high,verified_street,archive:Svanen_Kindergarten_Gladsaxe.md,
bg_ziegel_mehrere_impact_reception,Ziegel im Empfang,p_impact_hub_berlin_crclr_fitout,Impact Hub Berlin,"Rollbergstraße 26, 12053 Berlin, Germany",52.4764,13.4357,high,,,,,https://www.buildingsocialecology.org/projects/crclr-house-berlin/,,,,,,,,,
bg_ziegel_mehrere_resource_rows_ziegelfassade,Ziegelfassadenmodule,p_resource_rows_copenhagen,Resource Rows,"Ejler Billes Allé 29, 2300 København S, Denmark",55.641,12.5852,high,,,,,https://dac.dk/en/magazine/resource-rows,,,,,,,,,
bg_ziegel_mehrere_maison_dna_outer_walls,Ziegelwände als äußere…,p_maison_dna_asse,Maison DnA,"Bergestraat 40, 1730 Asse, Belgium",50.9078,4.1986,high,,,,,https://opalis.eu/fr/projets/maison-dna,,,,,,,,,
bg_stahlbeton_mehrere_schildow_zugeschnittene_wbs70_betonfertigteile,Zugeschnittene WBS70-Sta…,p_berlin_schildow_pilot_house,Berlin-Schildow Pilot,"Schildow, 16552, Germany",52.6333,13.3833,low,city_only,,,,https://www.kuladig.de/Objektansicht/BKM-31000252,bw_berlin_marzahn_wbs70_plattenbau,Berliner/Marzahner…,"Berlin-Marzahn, Germany",52.5511184,13.676873,low,district_only,https://www.kuladig.de/Objektansicht/BKM-31000252,
bg_aluminium_profile_multi_facade_h_profiles,bg_reuse_aluminium_profile_multi_facade_h_profiles,p_multi_brussels_reuse_in_multi,Multi Brussels,"Boulevard Anspach 1, 1000 Brussels, Belgium",50.8476,4.3487,high,,,,,https://www.multibrussels.eu/,,,,,,,,,
bg_aluminium_technik_meduni_cable_ducts_grids_candidate,bg_reuse_aluminium_technik_meduni_cable_ducts_grids_candidate,p_meduni_campus_mariannengasse,MedUni Campus Wien,"Mariannengasse 10, 1090 Vienna, Austria",48.2161081,16.3492133,high,,,,,,,,,,,,,,
bg_asphalt_liander_existing_roofs,bg_reuse_asphalt_liander_existing_roofs,p_liander_alliander_hq_duiven,Liander,"Dijkgraaf 4, 6921 RL Duiven, Netherlands",51.9442,6.0783,high,,,,,https://www.alliander.com/,,,,,,,,,
bg_ausbau_wand_meduni_toilet_partitions_candidate,bg_reuse_ausbau_wand_meduni_toilet_partitions_candidate,p_meduni_campus_mariannengasse,MedUni Campus Wien,"Mariannengasse 10, 1090 Vienna, Austria",48.2161081,16.3492133,high,,,,,,,,,,,,,,
bg_bestand_liander_existing_constructions,bg_reuse_bestand_liander_existing_constructions,p_liander_alliander_hq_duiven,Liander,"Dijkgraaf 4, 6921 RL Duiven, Netherlands",51.9442,6.0783,high,,,,,https://www.alliander.com/,,,,,,,,,
bg_beton_innenwand_bluecity_original_concrete_blocks,bg_reuse_beton_innenwand_bluecity_original_concrete_blocks,p_bluecity_offices_rotterdam,BlueCity Offices…,"Maasboulevard 100, 3063 NS Rotterdam, Netherlands",51.9436,4.5112,high,,,,,https://www.bluecity.nl/,,,,,,,,,
bg_beton_liander_demolished_concrete,bg_reuse_beton_liander_demolished_concrete,p_liander_alliander_hq_duiven,Liander,"Dijkgraaf 4, 6921 RL Duiven, Netherlands",51.9442,6.0783,high,,,,,https://www.alliander.com/,,,,,,,,,
bg_beton_tragwerk_upcycle_studios_recycled_concrete,bg_reuse_beton_tragwerk_upcycle_studios_recycled_concrete,p_upcycle_studios_copenhagen,Upcycle Studios Copenhag…,"Robert Jacobsens Vej, 2300 København S, Denmark",55.6402,12.5846,medium,,,,,https://www.lendager.com/projects/upcycle-studios,,,,,,,,,
bg_boden_meduni_double_floors_candidate,bg_reuse_boden_meduni_double_floors_candidate,p_meduni_campus_mariannengasse,MedUni Campus Wien,"Mariannengasse 10, 1090 Vienna, Austria",48.2161081,16.3492133,high,,,,,,,,,,,,,,
bg_daemmstoff_daemmung_umar_repurposed_insulation,bg_reuse_daemmstoff_daemmung_umar_repurposed_insulation,p_umar_unit,UMAR Unit,"Überlandstrasse 129, 8600 Dübendorf, Switzerland",47.4023749,8.6114852,high,,,,,,,,,,,,,,
bg_decke_liander_existing_ceiling_plates,bg_reuse_decke_liander_existing_ceiling_plates,p_liander_alliander_hq_duiven,Liander,"Dijkgraaf 4, 6921 RL Duiven, Netherlands",51.9442,6.0783,high,,,,,https://www.alliander.com/,,,,,,,,,
bg_fliesen_boden_wand_meduni_tiles_candidate,bg_reuse_fliesen_boden_wand_meduni_tiles_candidate,p_meduni_campus_mariannengasse,MedUni Campus Wien,"Mariannengasse 10, 1090 Vienna, Austria",48.2161081,16.3492133,high,,,,,,,,,,,,,,
bg_glas_fenster_k118_zurich_windows_candidate,bg_reuse_glas_fenster_k118_zurich_windows_candidate,p_k118_kopfbau_halle_118_winterthur,K.118 Winterthur,"Lagerplatz 24, 8400 Winterthur, Switzerland",47.4997,8.7267,high,,,,,https://www.lagerplatz.ch/,,,,,,,,,
bg_glas_fenster_upcycle_studios_repurposed_double_glazing,bg_reuse_glas_fenster_upcycle_studios_repurposed_double_glazing,p_upcycle_studios_copenhagen,Upcycle Studios Copenhag…,"Robert Jacobsens Vej, 2300 København S, Denmark",55.6402,12.5846,medium,,,,,https://www.lendager.com/projects/upcycle-studios,,,,,,,,,
bg_glas_innenwand_bluecity_reused_window_frames,bg_reuse_glas_innenwand_bluecity_reused_window_frames,p_bluecity_offices_rotterdam,BlueCity Offices…,"Maasboulevard 100, 3063 NS Rotterdam, Netherlands",51.9436,4.5112,high,,,,,https://www.bluecity.nl/,,,,,,,,,
bg_holz_ausbau_canaux_archive_furniture_acoustic_desks,bg_reuse_holz_ausbau_canaux_archive_furniture_acoustic_desks,p_maison_des_canaux_paris,"Maison des Canaux, Paris","6 Quai de la Seine, 75019 Paris, France",48.8906,2.3742,high,,,,,https://www.lescanaux.com/,,,,,,,,,
bg_holz_ausbau_upcycle_studios_discarded_flooring_boards,bg_reuse_holz_ausbau_upcycle_studios_discarded_flooring_boards,p_upcycle_studios_copenhagen,Upcycle Studios Copenhag…,"Robert Jacobsens Vej, 2300 København S, Denmark",55.6402,12.5846,medium,,,,,https://www.lendager.com/projects/upcycle-studios,,,,,,,,,
bg_holz_aussenraum_canaux_landing_doors_decking_lattice,bg_reuse_holz_aussenraum_canaux_landing_doors_decking_lattice,p_maison_des_canaux_paris,"Maison des Canaux, Paris","6 Quai de la Seine, 75019 Paris, France",48.8906,2.3742,high,,,,,https://www.lescanaux.com/,,,,,,,,,
bg_holz_boden_canaux_refurbished_wooden_floor,bg_reuse_holz_boden_canaux_refurbished_wooden_floor,p_maison_des_canaux_paris,"Maison des Canaux, Paris","6 Quai de la Seine, 75019 Paris, France",48.8906,2.3742,high,,,,,https://www.lescanaux.com/,,,,,,,,,
bg_holz_boden_k118_parquet_candidate,bg_reuse_holz_boden_k118_parquet_candidate,p_k118_kopfbau_halle_118_winterthur,K.118 Winterthur,"Lagerplatz 24, 8400 Winterthur, Switzerland",47.4997,8.7267,high,,,,,https://www.lagerplatz.ch/,,,,,,,,,
bg_holz_boden_meduni_parquet_candidate,bg_reuse_holz_boden_meduni_parquet_candidate,p_meduni_campus_mariannengasse,MedUni Campus Wien,"Mariannengasse 10, 1090 Vienna, Austria",48.2161081,16.3492133,high,,,,,,,,,,,,,,
bg_holz_dach_k118_aarau_roof_elements_candidate,bg_reuse_holz_dach_k118_aarau_roof_elements_candidate,p_k118_kopfbau_halle_118_winterthur,K.118 Winterthur,"Lagerplatz 24, 8400 Winterthur, Switzerland",47.4997,8.7267,high,,,,,https://www.lagerplatz.ch/,,,,,,,,,
bg_holz_fassade_hastings_pier_rescued_tropical_hardwood,bg_reuse_holz_fassade_hastings_pier_rescued_tropical_hardwood,p_hastings_pier_visitor_centre,Hastings Pier Visitor…,"1-10 White Rock, Hastings TN34 1JY, UK",50.8567,0.5792,high,,,,,https://www.drmm.co.uk/project/hastings-pier/,,,,,,,,,
bg_holz_fassade_liander_waste_wood_facades,bg_reuse_holz_fassade_liander_waste_wood_facades,p_liander_alliander_hq_duiven,Liander,"Dijkgraaf 4, 6921 RL Duiven, Netherlands",51.9442,6.0783,high,,,,,https://www.alliander.com/,,,,,,,,,
bg_holz_mehrere_grubenstrasse_old_roof_purlins,bg_reuse_holz_mehrere_grubenstrasse_old_roof_purlins,p_grubenstrasse_29_werkhof_29_zuerich,Grubenstrasse 29,"Grubenstrasse 29, 8045 Zürich, Binz",47.3612682,8.5142622,high,,,,,,,,,,,,,,
bg_holz_mehrere_resource_rows_metro_wastewood_candidate,bg_reuse_holz_mehrere_resource_rows_metro_wastewood_candidate,p_resource_rows_copenhagen,Resource Rows,"Ejler Billes Allé 29, 2300 København S, Denmark",55.641,12.5852,high,,,,,https://dac.dk/en/magazine/resource-rows,,,,,,,,,
bg_holz_moebel_hastings_pier_deck_furniture,bg_reuse_holz_moebel_hastings_pier_deck_furniture,p_hastings_pier_visitor_centre,Hastings Pier Visitor…,"1-10 White Rock, Hastings TN34 1JY, UK",50.8567,0.5792,high,,,,,https://www.drmm.co.uk/project/hastings-pier/,,,,,,,,,
bg_holz_papier_ferme_du_rail_recycled_fibre_wall_panels,bg_reuse_holz_papier_ferme_du_rail_recycled_fibre_wall_panels,p_ferme_du_rail_paris,Ferme du Rail Paris,"2 bis rue de l’Ourcq, 75019 Paris",48.8877647,2.3851363,high,,,,,,,,,,,,,,
bg_holz_tragwerk_cascadeup_glulamst_frame,bg_reuse_holz_tragwerk_cascadeup_glulamst_frame,p_cascadeup_london_secondary_timber_glulam_demonstrator,CascadeUp,"London; UCL Festival of Engineering 2024, London Design Festival 2024, Futurebuild 2025",51.5074456,-0.1277653,high,,,,,,,,,,,,,,
bg_holz_treppe_meduni_oak_handrails_candidate,bg_reuse_holz_treppe_meduni_oak_handrails_candidate,p_meduni_campus_mariannengasse,MedUni Campus Wien,"Mariannengasse 10, 1090 Vienna, Austria",48.2161081,16.3492133,high,,,,,,,,,,,,,,
bg_holz_tueren_k118_uster_doors_candidate,bg_reuse_holz_tueren_k118_uster_doors_candidate,p_k118_kopfbau_halle_118_winterthur,K.118 Winterthur,"Lagerplatz 24, 8400 Winterthur, Switzerland",47.4997,8.7267,high,,,,,https://www.lagerplatz.ch/,,,,,,,,,
bg_holz_tueren_meduni_doors_candidate,bg_reuse_holz_tueren_meduni_doors_candidate,p_meduni_campus_mariannengasse,MedUni Campus Wien,"Mariannengasse 10, 1090 Vienna, Austria",48.2161081,16.3492133,high,,,,,,,,,,,,,,
bg_holz_wand_decke_cascadeup_clst_panels,bg_reuse_holz_wand_decke_cascadeup_clst_panels,p_cascadeup_london_secondary_timber_glulam_demonstrator,CascadeUp,"London; UCL Festival of Engineering 2024, London Design Festival 2024, Futurebuild 2025",51.5074456,-0.1277653,high,,,,,,,,,,,,,,
bg_keramik_fliese_canaux_terracotta_wall_covering,bg_reuse_keramik_fliese_canaux_terracotta_wall_covering,p_maison_des_canaux_paris,"Maison des Canaux, Paris","6 Quai de la Seine, 75019 Paris, France",48.8906,2.3742,high,,,,,https://www.lescanaux.com/,,,,,,,,,
bg_keramik_fliese_ferme_du_rail_reused_tiles,bg_reuse_keramik_fliese_ferme_du_rail_reused_tiles,p_ferme_du_rail_paris,Ferme du Rail Paris,"2 bis rue de l’Ourcq, 75019 Paris",48.8877647,2.3851363,high,,,,,,,,,,,,,,
bg_leuchten_canaux_lighting_fixtures_parchment,bg_reuse_leuchten_canaux_lighting_fixtures_parchment,p_maison_des_canaux_paris,"Maison des Canaux, Paris","6 Quai de la Seine, 75019 Paris, France",48.8906,2.3742,high,,,,,https://www.lescanaux.com/,,,,,,,,,
bg_mehrere_ausbau_biopartner5_furniture_doors_candidate,bg_reuse_mehrere_ausbau_biopartner5_furniture_doors_candidate,p_biopartner_5_leiden_oegstgeest,BioPartner 5,"Limes 7 / Leiden Bio Science Park, Oegstgeest/Leiden",52.1710283,4.4502649,high,,,,,,,,,,,,,,
bg_mehrere_maison_vignette_reclaimed_recycled_package,bg_reuse_mehrere_maison_vignette_reclaimed_recycled_package,p_maison_vignette_auderghem,Maison Vignette,"106 Rue de la Vignette, 1160 Auderghem, Belgium",50.815,4.4214,high,,,,,https://guidebatimentdurable.brussels/construction-dune-maison-unifamiliale-paille-projet-vignette,,,,,,,,,
bg_mehrere_mehrere_meduni_component_catalogue,bg_reuse_mehrere_mehrere_meduni_component_catalogue,p_meduni_campus_mariannengasse,MedUni Campus Wien,"Mariannengasse 10, 1090 Vienna, Austria",48.2161081,16.3492133,high,,,,,,,,,,,,,,
bg_mehrere_mehrere_svanen_clock_dome_washbasins,bg_reuse_mehrere_mehrere_svanen_clock_dome_washbasins,p_svanen_kindergarten_gladsaxe,Svanen,"Tobaksvejen 6, 2860 Søborg, Denmark",55.7346,12.4033,high,,,,,https://www.gladsaxe.dk/,,,,,,,,,
bg_mehrere_technik_k118_pv_candidate,bg_reuse_mehrere_technik_k118_pv_candidate,p_k118_kopfbau_halle_118_winterthur,K.118 Winterthur,"Lagerplatz 24, 8400 Winterthur, Switzerland",47.4997,8.7267,high,,,,,https://www.lagerplatz.ch/,,,,,,,,,
bg_metall_fassade_k118_red_sheets_candidate,bg_reuse_metall_fassade_k118_red_sheets_candidate,p_k118_kopfbau_halle_118_winterthur,K.118 Winterthur,"Lagerplatz 24, 8400 Winterthur, Switzerland",47.4997,8.7267,high,,,,,https://www.lagerplatz.ch/,,,,,,,,,
bg_metall_fassade_schaerenmoos_fassade_absturz,bg_reuse_metall_fassade_schaerenmoos_fassade_absturz,p_schaerenmoosstrasse_zuerich,Schärenmoosstr. ZH,"Schärenmoosstrasse 115/117, 8050 Zürich, Switzerland",47.4187214,8.5578892,high,,,,,,,,,,,,,,
bg_metall_ferme_du_rail_reused_metallic_elements,bg_reuse_metall_ferme_du_rail_reused_metallic_elements,p_ferme_du_rail_paris,Ferme du Rail Paris,"2 bis rue de l’Ourcq, 75019 Paris",48.8877647,2.3851363,high,,,,,,,,,,,,,,
bg_metall_gelaender_bluecity_oil_platform_balustrades,bg_reuse_metall_gelaender_bluecity_oil_platform_balustrades,p_bluecity_offices_rotterdam,BlueCity Offices…,"Maasboulevard 100, 3063 NS Rotterdam, Netherlands",51.9436,4.5112,high,,,,,https://www.bluecity.nl/,,,,,,,,,
bg_metall_technik_meduni_copper_cables_candidate,bg_reuse_metall_technik_meduni_copper_cables_candidate,p_meduni_campus_mariannengasse,MedUni Campus Wien,"Mariannengasse 10, 1090 Vienna, Austria",48.2161081,16.3492133,high,,,,,,,,,,,,,,
bg_metall_treppe_meduni_jugendstil_handrails_candidate,bg_reuse_metall_treppe_meduni_jugendstil_handrails_candidate,p_meduni_campus_mariannengasse,MedUni Campus Wien,"Mariannengasse 10, 1090 Vienna, Austria",48.2161081,16.3492133,high,,,,,,,,,,,,,,
bg_moebel_canaux_reclaimed_furniture,bg_reuse_moebel_canaux_reclaimed_furniture,p_maison_des_canaux_paris,"Maison des Canaux, Paris","6 Quai de la Seine, 75019 Paris, France",48.8906,2.3742,high,,,,,https://www.lescanaux.com/,,,,,,,,,
bg_moebel_lager_meduni_heavy_shelves_candidate,bg_reuse_moebel_lager_meduni_heavy_shelves_candidate,p_meduni_campus_mariannengasse,MedUni Campus Wien,"Mariannengasse 10, 1090 Vienna, Austria",48.2161081,16.3492133,high,,,,,,,,,,,,,,
bg_moebel_sitze_meduni_cinema_seats_candidate,bg_reuse_moebel_sitze_meduni_cinema_seats_candidate,p_meduni_campus_mariannengasse,MedUni Campus Wien,"Mariannengasse 10, 1090 Vienna, Austria",48.2161081,16.3492133,high,,,,,,,,,,,,,,
bg_moebel_stuehle_meduni_folding_chairs_candidate,bg_reuse_moebel_stuehle_meduni_folding_chairs_candidate,p_meduni_campus_mariannengasse,MedUni Campus Wien,"Mariannengasse 10, 1090 Vienna, Austria",48.2161081,16.3492133,high,,,,,,,,,,,,,,
bg_naturstein_boden_k118_granite_candidate,bg_reuse_naturstein_boden_k118_granite_candidate,p_k118_kopfbau_halle_118_winterthur,K.118 Winterthur,"Lagerplatz 24, 8400 Winterthur, Switzerland",47.4997,8.7267,high,,,,,https://www.lagerplatz.ch/,,,,,,,,,
bg_naturstein_fassade_k118_granit_orion_candidate,bg_reuse_naturstein_fassade_k118_granit_orion_candidate,p_k118_kopfbau_halle_118_winterthur,K.118 Winterthur,"Lagerplatz 24, 8400 Winterthur, Switzerland",47.4997,8.7267,high,,,,,https://www.lagerplatz.ch/,,,,,,,,,
bg_papier_daemmung_lo_reninge_recycled_paper_insulation,bg_reuse_papier_daemmung_lo_reninge_recycled_paper_insulation,p_lo_reninge_town_hall_facade,Lo-Reninge Town Hall…,"Markt 1, 8647 Lo-Reninge, Belgien",50.9805957,2.7493019,high,,,,,,,,,,,,,,
bg_sanitaer_liander_existing_toilets,bg_reuse_sanitaer_liander_existing_toilets,p_liander_alliander_hq_duiven,Liander,"Dijkgraaf 4, 6921 RL Duiven, Netherlands",51.9442,6.0783,high,,,,,https://www.alliander.com/,,,,,,,,,
bg_stahl_erschliessung_k118_aussentreppe_orion_candidate,bg_reuse_stahl_erschliessung_k118_aussentreppe_orion_candidate,p_k118_kopfbau_halle_118_winterthur,K.118 Winterthur,"Lagerplatz 24, 8400 Winterthur, Switzerland",47.4997,8.7267,high,,,,,https://www.lagerplatz.ch/,,,,,,,,,
bg_stahl_mehrere_k118_kopfbau_halle_118_winterthur_stahltraeger_candidate,bg_reuse_stahl_mehrere_k118_kopfbau_halle_118_winterthur_stahltraeger_candidate,p_k118_kopfbau_halle_118_winterthur,K.118 Winterthur,"Lagerplatz 24, 8400 Winterthur, Switzerland",47.4997,8.7267,high,,,,,https://www.lagerplatz.ch/,,,,,,,,,
bg_stahl_mehrere_schaerenmoos_dachpergolen,bg_reuse_stahl_mehrere_schaerenmoos_dachpergolen,p_schaerenmoosstrasse_zuerich,Schärenmoosstr. ZH,"Schärenmoosstrasse 115/117, 8050 Zürich, Switzerland",47.4187214,8.5578892,high,,,,,,,,,,,,,,
bg_stahl_mehrere_schaerenmoos_laubengang_balkone,bg_reuse_stahl_mehrere_schaerenmoos_laubengang_balkone,p_schaerenmoosstrasse_zuerich,Schärenmoosstr. ZH,"Schärenmoosstrasse 115/117, 8050 Zürich, Switzerland",47.4187214,8.5578892,high,,,,,,,,,,,,,,
bg_stahl_tragwerk_bluecity_reused_steel,bg_reuse_stahl_tragwerk_bluecity_reused_steel,p_bluecity_offices_rotterdam,BlueCity Offices…,"Maasboulevard 100, 3063 NS Rotterdam, Netherlands",51.9436,4.5112,high,,,,,https://www.bluecity.nl/,,,,,,,,,
bg_stahl_tragwerk_brent_cross_oil_pipeline_tubulars,bg_reuse_stahl_tragwerk_brent_cross_oil_pipeline_tubulars,p_brent_cross_town_primary_substation_london,Brent Cross Town…,"124 Pennine Drive, London NW2 1NL, UK",51.5639,-0.2267,high,,,,,https://www.arup.com/projects/brent-cross-town,,,,,,,,,
bg_stahl_tragwerk_k118_basel_steel_beams_candidate,bg_reuse_stahl_tragwerk_k118_basel_steel_beams_candidate,p_k118_kopfbau_halle_118_winterthur,K.118 Winterthur,"Lagerplatz 24, 8400 Winterthur, Switzerland",47.4997,8.7267,high,,,,,https://www.lagerplatz.ch/,,,,,,,,,
bg_stahl_tragwerk_liander_extension_steel,bg_reuse_stahl_tragwerk_liander_extension_steel,p_liander_alliander_hq_duiven,Liander,"Dijkgraaf 4, 6921 RL Duiven, Netherlands",51.9442,6.0783,high,,,,,https://www.alliander.com/,,,,,,,,,
bg_stahl_treppe_k118_orion_stair_candidate,bg_reuse_stahl_treppe_k118_orion_stair_candidate,p_k118_kopfbau_halle_118_winterthur,K.118 Winterthur,"Lagerplatz 24, 8400 Winterthur, Switzerland",47.4997,8.7267,high,,,,,https://www.lagerplatz.ch/,,,,,,,,,
bg_stein_boden_multi_bruges_bluestone_flagstones,bg_reuse_stein_boden_multi_bruges_bluestone_flagstones,p_multi_brussels_reuse_in_multi,Multi Brussels,"Boulevard Anspach 1, 1000 Brussels, Belgium",50.8476,4.3487,high,,,,,https://www.multibrussels.eu/,,,,,,,,,
bg_stein_boden_multi_generale_granite_flooring,bg_reuse_stein_boden_multi_generale_granite_flooring,p_multi_brussels_reuse_in_multi,Multi Brussels,"Boulevard Anspach 1, 1000 Brussels, Belgium",50.8476,4.3487,high,,,,,https://www.multibrussels.eu/,,,,,,,,,
bg_stein_boden_multi_paris_granite_terrace,bg_reuse_stein_boden_multi_paris_granite_terrace,p_multi_brussels_reuse_in_multi,Multi Brussels,"Boulevard Anspach 1, 1000 Brussels, Belgium",50.8476,4.3487,high,,,,,https://www.multibrussels.eu/,,,,,,,,,
bg_stein_ferme_du_rail_reused_stones,bg_reuse_stein_ferme_du_rail_reused_stones,p_ferme_du_rail_paris,Ferme du Rail Paris,"2 bis rue de l’Ourcq, 75019 Paris",48.8877647,2.3851363,high,,,,,,,,,,,,,,
bg_stein_multi_bluestone_blocks_plinth,bg_reuse_stein_multi_bluestone_blocks_plinth,p_multi_brussels_reuse_in_multi,Multi Brussels,"Boulevard Anspach 1, 1000 Brussels, Belgium",50.8476,4.3487,high,,,,,https://www.multibrussels.eu/,,,,,,,,,
bg_technik_aufzug_meduni_paternoster_candidate,bg_reuse_technik_aufzug_meduni_paternoster_candidate,p_meduni_campus_mariannengasse,MedUni Campus Wien,"Mariannengasse 10, 1090 Vienna, Austria",48.2161081,16.3492133,high,,,,,,,,,,,,,,
bg_technik_ausbau_k118_fixtures_candidate,bg_reuse_technik_ausbau_k118_fixtures_candidate,p_k118_kopfbau_halle_118_winterthur,K.118 Winterthur,"Lagerplatz 24, 8400 Winterthur, Switzerland",47.4997,8.7267,high,,,,,https://www.lagerplatz.ch/,,,,,,,,,
bg_technik_ausbau_meduni_projector_screen_candidate,bg_reuse_technik_ausbau_meduni_projector_screen_candidate,p_meduni_campus_mariannengasse,MedUni Campus Wien,"Mariannengasse 10, 1090 Vienna, Austria",48.2161081,16.3492133,high,,,,,,,,,,,,,,
bg_technik_ausbau_meduni_vintage_clocks_candidate,bg_reuse_technik_ausbau_meduni_vintage_clocks_candidate,p_meduni_campus_mariannengasse,MedUni Campus Wien,"Mariannengasse 10, 1090 Vienna, Austria",48.2161081,16.3492133,high,,,,,,,,,,,,,,
bg_technik_multi_elevator_engines,bg_reuse_technik_multi_elevator_engines,p_multi_brussels_reuse_in_multi,Multi Brussels,"Boulevard Anspach 1, 1000 Brussels, Belgium",50.8476,4.3487,high,,,,,https://www.multibrussels.eu/,,,,,,,,,
bg_textil_daemmung_ferme_du_rail_recycled_clothing_insulation,bg_reuse_textil_daemmung_ferme_du_rail_recycled_clothing_insulation,p_ferme_du_rail_paris,Ferme du Rail Paris,"2 bis rue de l’Ourcq, 75019 Paris",48.8877647,2.3851363,high,,,,,,,,,,,,,,
bg_tuer_moebel_liander_doors_to_furniture,bg_reuse_tuer_moebel_liander_doors_to_furniture,p_liander_alliander_hq_duiven,Liander,"Dijkgraaf 4, 6921 RL Duiven, Netherlands",51.9442,6.0783,high,,,,,https://www.alliander.com/,,,,,,,,,
bg_ziegel_fassade_lo_reninge_reclaimed_yellow_brick,bg_reuse_ziegel_fassade_lo_reninge_reclaimed_yellow_brick,p_lo_reninge_town_hall_facade,Lo-Reninge Town Hall…,"Markt 1, 8647 Lo-Reninge, Belgien",50.9805957,2.7493019,high,,,,,,,,,,,,,,
bg_ziegel_fassade_maison_vignette_reused_facing_bricks,bg_reuse_ziegel_fassade_maison_vignette_reused_facing_bricks,p_maison_vignette_auderghem,Maison Vignette,"106 Rue de la Vignette, 1160 Auderghem, Belgium",50.815,4.4214,high,,,,,https://guidebatimentdurable.brussels/construction-dune-maison-unifamiliale-paille-projet-vignette,,,,,,,,,
