{
  "type": "FeatureCollection",
  "features": [
    {
      "type": "Feature",
      "geometry": {
        "type": "Point",
        "coordinates": [
          5.5736112,
          50.6450944
        ]
      },
      "properties": {
        "entity_type": "Bauteilgruppe",
        "bauteilgruppe_id": "bg_holz_fassade_botanique",
        "bauteilgruppe_name": "/ rückgewonnene Holzfass…",
        "projekt_id": "p_institut_de_botanique_ulg_liege",
        "projekt_name": "Institut de Botanique…",
        "stadt_name": "Liège / Lüttich",
        "geo_precision": "city_centroid_via_project"
      }
    },
    {
      "type": "Feature",
      "geometry": {
        "type": "Point",
        "coordinates": [
          6.1222912,
          49.621539
        ]
      },
      "properties": {
        "entity_type": "Bauteilgruppe",
        "bauteilgruppe_id": "bg_stahl_mehrere_lycee_profiles_canopy",
        "bauteilgruppe_name": "11,8 t Stahlprofile als…",
        "projekt_id": "p_lycee_michel_lucius_conversion_luxembourg",
        "projekt_name": "Lycée Michel Lucius…",
        "stadt_name": "Luxembourg-Limpertsberg",
        "geo_precision": "city_centroid_via_project"
      }
    },
    {
      "type": "Feature",
      "geometry": {
        "type": "Point",
        "coordinates": [
          6.1222912,
          49.621539
        ]
      },
      "properties": {
        "entity_type": "Bauteilgruppe",
        "bauteilgruppe_id": "bg_stahl_mehrere_lycee_metal_ceiling_panels",
        "bauteilgruppe_name": "12 Metall-Deckenpaneele",
        "projekt_id": "p_lycee_michel_lucius_conversion_luxembourg",
        "projekt_name": "Lycée Michel Lucius…",
        "stadt_name": "Luxembourg-Limpertsberg",
        "geo_precision": "city_centroid_via_project"
      }
    },
    {
      "type": "Feature",
      "geometry": {
        "type": "Point",
        "coordinates": [
          13.3951309,
          52.5173885
        ]
      },
      "properties": {
        "entity_type": "Bauteilgruppe",
        "bauteilgruppe_id": "bg_stahlbeton_mehrere_plattenpalast_wbs70_wand_deckenelemente",
        "bauteilgruppe_name": "13 WBS70-Wand- und…",
        "projekt_id": "p_plattenpalast_berlin",
        "projekt_name": "Plattenpalast Berlin",
        "stadt_name": "Berlin",
        "geo_precision": "city_centroid_via_project"
      }
    },
    {
      "type": "Feature",
      "geometry": {
        "type": "Point",
        "coordinates": [
          4.4383633,
          50.8084174
        ]
      },
      "properties": {
        "entity_type": "Bauteilgruppe",
        "bauteilgruppe_id": "bg_keramik_mehrere_maison_vignette_terracotta_floor_tiles",
        "bauteilgruppe_name": "13,5 m² wiederverwendete…",
        "projekt_id": "p_maison_vignette_auderghem",
        "projekt_name": "Maison Vignette",
        "stadt_name": "Auderghem / Brüssel",
        "geo_precision": "city_centroid_via_project"
      }
    },
    {
      "type": "Feature",
      "geometry": {
        "type": "Point",
        "coordinates": [
          6.1222912,
          49.621539
        ]
      },
      "properties": {
        "entity_type": "Bauteilgruppe",
        "bauteilgruppe_id": "bg_beton_boden_lycee_paving_slabs",
        "bauteilgruppe_name": "135 m² wiederverwendete…",
        "projekt_id": "p_lycee_michel_lucius_conversion_luxembourg",
        "projekt_name": "Lycée Michel Lucius…",
        "stadt_name": "Luxembourg-Limpertsberg",
        "geo_precision": "city_centroid_via_project"
      }
    },
    {
      "type": "Feature",
      "geometry": {
        "type": "Point",
        "coordinates": [
          2.3483915,
          48.8534951
        ]
      },
      "properties": {
        "entity_type": "Bauteilgruppe",
        "bauteilgruppe_id": "bg_holz_mehrere_circular_pavilion_doors_facade",
        "bauteilgruppe_name": "180 Holztueren als…",
        "projekt_id": "p_circular_pavilion_paris",
        "projekt_name": "Circular Pavilion Paris",
        "stadt_name": "Paris",
        "geo_precision": "city_centroid_via_project"
      }
    },
    {
      "type": "Feature",
      "geometry": {
        "type": "Point",
        "coordinates": [
          -0.1277653,
          51.5074456
        ]
      },
      "properties": {
        "entity_type": "Bauteilgruppe",
        "bauteilgruppe_id": "bg_stahl_mehrere_hof_1930s_beams_to_tbc",
        "bauteilgruppe_name": "1930er Stahlträger vom…",
        "projekt_id": "p_house_of_fraser_318_oxford_street_tbc_london_reuse_chain",
        "projekt_name": "House of Fraser",
        "stadt_name": "London",
        "geo_precision": "city_centroid_via_project"
      }
    },
    {
      "type": "Feature",
      "geometry": {
        "type": "Point",
        "coordinates": [
          8.5410422,
          47.3744489
        ]
      },
      "properties": {
        "entity_type": "Bauteilgruppe",
        "bauteilgruppe_id": "bg_stahl_mehrere_juch_hagenholz_stahlstruktur",
        "bauteilgruppe_name": "1:1 versetzte Stahlstruk…",
        "projekt_id": "p_juch_areal_recyclingzentrum_zuerich",
        "projekt_name": "Juch-Areal Recyclingzent…",
        "stadt_name": "Zürich",
        "geo_precision": "city_centroid_via_project"
      }
    },
    {
      "type": "Feature",
      "geometry": {
        "type": "Point",
        "coordinates": [
          7.5878261,
          47.5581077
        ]
      },
      "properties": {
        "entity_type": "Bauteilgruppe",
        "bauteilgruppe_id": "bg_glas_mehrere_elys_restposten_windows",
        "bauteilgruppe_name": "200 Fenster aus Lagerres…",
        "projekt_id": "p_elys_kultur_gewerbehaus_basel",
        "projekt_name": "ELYS Kultur- und…",
        "stadt_name": "Basel",
        "geo_precision": "city_centroid_via_project"
      }
    },
    {
      "type": "Feature",
      "geometry": {
        "type": "Point",
        "coordinates": [
          13.6162378,
          52.569788
        ]
      },
      "properties": {
        "entity_type": "Bauteilgruppe",
        "bauteilgruppe_id": "bg_stahlbeton_wand_mehrow_wbs70_slabs",
        "bauteilgruppe_name": "22 wiederverwendete…",
        "projekt_id": "p_mehrow_pilot_house",
        "projekt_name": "Mehrow Pilot House",
        "stadt_name": "Mehrow, Brandenburg",
        "geo_precision": "city_centroid_via_project"
      }
    },
    {
      "type": "Feature",
      "geometry": {
        "type": "Point",
        "coordinates": [
          13.6162378,
          52.569788
        ]
      },
      "properties": {
        "entity_type": "Bauteilgruppe",
        "bauteilgruppe_id": "bg_stahlbeton_mehrere_mehrow_wbs70_floor_slabs",
        "bauteilgruppe_name": "27 wiederverwen… (Mehrow)",
        "projekt_id": "p_mehrow_pilot_house",
        "projekt_name": "Mehrow Pilot House",
        "stadt_name": "Mehrow, Brandenburg",
        "geo_precision": "city_centroid_via_project"
      }
    },
    {
      "type": "Feature",
      "geometry": {
        "type": "Point",
        "coordinates": [
          23.7616372,
          61.4977929
        ]
      },
      "properties": {
        "entity_type": "Bauteilgruppe",
        "bauteilgruppe_id": "bg_stahlbeton_mehrere_lokomotion_hollow_core_slabs",
        "bauteilgruppe_name": "27 wiederve… (Lokomotion)",
        "projekt_id": "p_lokomotion_technology_centre_mini_pilot_tampere",
        "projekt_name": "Lokomotion Technology…",
        "stadt_name": "Tampere",
        "geo_precision": "city_centroid_via_project"
      }
    },
    {
      "type": "Feature",
      "geometry": {
        "type": "Point",
        "coordinates": [
          4.4383633,
          50.8084174
        ]
      },
      "properties": {
        "entity_type": "Bauteilgruppe",
        "bauteilgruppe_id": "bg_ziegel_mehrere_maison_vignette_facade_claustra",
        "bauteilgruppe_name": "3.000 wiederverwendete…",
        "projekt_id": "p_maison_vignette_auderghem",
        "projekt_name": "Maison Vignette",
        "stadt_name": "Auderghem / Brüssel",
        "geo_precision": "city_centroid_via_project"
      }
    },
    {
      "type": "Feature",
      "geometry": {
        "type": "Point",
        "coordinates": [
          4.352493,
          50.8467372
        ]
      },
      "properties": {
        "entity_type": "Bauteilgruppe",
        "bauteilgruppe_id": "bg_holz_mehrere_europa_restored_window_frames",
        "bauteilgruppe_name": "3.750 restaurierte…",
        "projekt_id": "p_europa_building_brussels",
        "projekt_name": "Europa Building Brussels",
        "stadt_name": "Brüssel",
        "geo_precision": "city_centroid_via_project"
      }
    },
    {
      "type": "Feature",
      "geometry": {
        "type": "Point",
        "coordinates": [
          6.1222912,
          49.621539
        ]
      },
      "properties": {
        "entity_type": "Bauteilgruppe",
        "bauteilgruppe_id": "bg_beton_mehrere_lycee_precast_channels",
        "bauteilgruppe_name": "38 Fertigbetonelemente…",
        "projekt_id": "p_lycee_michel_lucius_conversion_luxembourg",
        "projekt_name": "Lycée Michel Lucius…",
        "stadt_name": "Luxembourg-Limpertsberg",
        "geo_precision": "city_centroid_via_project"
      }
    },
    {
      "type": "Feature",
      "geometry": {
        "type": "Point",
        "coordinates": [
          6.1222912,
          49.621539
        ]
      },
      "properties": {
        "entity_type": "Bauteilgruppe",
        "bauteilgruppe_id": "bg_daemmstoff_mehrere_lycee_gypsum_acoustic_panels",
        "bauteilgruppe_name": "419 m² Gips-Akustikpanee…",
        "projekt_id": "p_lycee_michel_lucius_conversion_luxembourg",
        "projekt_name": "Lycée Michel Lucius…",
        "stadt_name": "Luxembourg-Limpertsberg",
        "geo_precision": "city_centroid_via_project"
      }
    },
    {
      "type": "Feature",
      "geometry": {
        "type": "Point",
        "coordinates": [
          6.1222912,
          49.621539
        ]
      },
      "properties": {
        "entity_type": "Bauteilgruppe",
        "bauteilgruppe_id": "bg_stahl_mehrere_lycee_floor_sheet_metal_facade",
        "bauteilgruppe_name": "61 m² Bodenblech als…",
        "projekt_id": "p_lycee_michel_lucius_conversion_luxembourg",
        "projekt_name": "Lycée Michel Lucius…",
        "stadt_name": "Luxembourg-Limpertsberg",
        "geo_precision": "city_centroid_via_project"
      }
    },
    {
      "type": "Feature",
      "geometry": {
        "type": "Point",
        "coordinates": [
          24.9435408,
          60.1666204
        ]
      },
      "properties": {
        "entity_type": "Bauteilgruppe",
        "bauteilgruppe_id": "bg_stahlbeton_mehrere_melkinlaituri_hollow_core_slabs",
        "bauteilgruppe_name": "64 reused hollow-core…",
        "projekt_id": "p_melkinlaituri_primary_school_daycare_centre_helsinki",
        "projekt_name": "Melkinlaituri Primary…",
        "stadt_name": "Helsinki",
        "geo_precision": "city_centroid_via_project"
      }
    },
    {
      "type": "Feature",
      "geometry": {
        "type": "Point",
        "coordinates": [
          -105.270545,
          40.0149856
        ]
      },
      "properties": {
        "entity_type": "Bauteilgruppe",
        "bauteilgruppe_id": "bg_stahl_mehrere_boulder_wide_flange_members",
        "bauteilgruppe_name": "89 salvaged wide-flange…",
        "projekt_id": "p_boulder_fire_station_3",
        "projekt_name": "Boulder FS-3",
        "stadt_name": "Boulder, Colorado",
        "geo_precision": "city_centroid_via_project"
      }
    },
    {
      "type": "Feature",
      "geometry": {
        "type": "Point",
        "coordinates": [
          4.4908843,
          52.1594747
        ]
      },
      "properties": {
        "entity_type": "Bauteilgruppe",
        "bauteilgruppe_id": "bg_ziegel_fassade_biopartner_5_abbruchschutt_gruene",
        "bauteilgruppe_name": "Abbruchschutt",
        "projekt_id": "p_biopartner_5_leiden_oegstgeest",
        "projekt_name": "BioPartner 5",
        "stadt_name": "Leiden",
        "geo_precision": "city_centroid_via_project"
      }
    },
    {
      "type": "Feature",
      "geometry": {
        "type": "Point",
        "coordinates": [
          4.4738856,
          52.185433
        ]
      },
      "properties": {
        "entity_type": "Bauteilgruppe",
        "bauteilgruppe_id": "bg_ziegel_fassade_biopartner_5_abbruchschutt_gruene",
        "bauteilgruppe_name": "Abbruchschutt",
        "projekt_id": "p_biopartner_5_leiden_oegstgeest",
        "projekt_name": "BioPartner 5",
        "stadt_name": "Oegstgeest",
        "geo_precision": "city_centroid_via_project"
      }
    },
    {
      "type": "Feature",
      "geometry": {
        "type": "Point",
        "coordinates": [
          9.7385532,
          52.3744779
        ]
      },
      "properties": {
        "entity_type": "Bauteilgruppe",
        "bauteilgruppe_id": "bg_ziegel_wand_recyclinghaus_abbruchziegel_innenwaende",
        "bauteilgruppe_name": "Abbruchziegel in…",
        "projekt_id": "p_recyclinghaus_hannover",
        "projekt_name": "Recyclinghaus Hannover",
        "stadt_name": "Hannover",
        "geo_precision": "city_centroid_via_project"
      }
    },
    {
      "type": "Feature",
      "geometry": {
        "type": "Point",
        "coordinates": [
          8.5410422,
          47.3744489
        ]
      },
      "properties": {
        "entity_type": "Bauteilgruppe",
        "bauteilgruppe_id": "bg_mehrere_mehrere_moeoeslistrasse_akustikelemente",
        "bauteilgruppe_name": "Akustikelemente",
        "projekt_id": "p_kindergarten_moeoeslistrasse_manegg_zuerich",
        "projekt_name": "Kindergarten Mööslistras…",
        "stadt_name": "Zürich",
        "geo_precision": "city_centroid_via_project"
      }
    },
    {
      "type": "Feature",
      "geometry": {
        "type": "Point",
        "coordinates": [
          134.4018864,
          33.8889228
        ]
      },
      "properties": {
        "entity_type": "Bauteilgruppe",
        "bauteilgruppe_id": "bg_keramik_mehrere_kamikatsu_old_tiles",
        "bauteilgruppe_name": "Alte Fliesen als Mosaik-",
        "projekt_id": "p_kamikatsu_zero_waste_center_hotel_why",
        "projekt_name": "Kamikatsu Zero Waste…",
        "stadt_name": "Kamikatsu, Tokushima Prefecture",
        "geo_precision": "city_centroid_via_project"
      }
    },
    {
      "type": "Feature",
      "geometry": {
        "type": "Point",
        "coordinates": [
          134.4018864,
          33.8889228
        ]
      },
      "properties": {
        "entity_type": "Bauteilgruppe",
        "bauteilgruppe_id": "bg_mehrere_mehrere_kamikatsu_old_town_hall_wall_parts",
        "bauteilgruppe_name": "Alte Rathauswandteile…",
        "projekt_id": "p_kamikatsu_zero_waste_center_hotel_why",
        "projekt_name": "Kamikatsu Zero Waste…",
        "stadt_name": "Kamikatsu, Tokushima Prefecture",
        "geo_precision": "city_centroid_via_project"
      }
    },
    {
      "type": "Feature",
      "geometry": {
        "type": "Point",
        "coordinates": [
          134.4018864,
          33.8889228
        ]
      },
      "properties": {
        "entity_type": "Bauteilgruppe",
        "bauteilgruppe_id": "bg_mehrere_mehrere_kamikatsu_shoji_glass_doors",
        "bauteilgruppe_name": "Alte Shoji-Schirme und…",
        "projekt_id": "p_kamikatsu_zero_waste_center_hotel_why",
        "projekt_name": "Kamikatsu Zero Waste…",
        "stadt_name": "Kamikatsu, Tokushima Prefecture",
        "geo_precision": "city_centroid_via_project"
      }
    },
    {
      "type": "Feature",
      "geometry": {
        "type": "Point",
        "coordinates": [
          7.5878261,
          47.5581077
        ]
      },
      "properties": {
        "entity_type": "Bauteilgruppe",
        "bauteilgruppe_id": "bg_holz_mehrere_elys_frame",
        "bauteilgruppe_name": "Altholz aus Rückbauten",
        "projekt_id": "p_elys_kultur_gewerbehaus_basel",
        "projekt_name": "ELYS Kultur- und…",
        "stadt_name": "Basel",
        "geo_precision": "city_centroid_via_project"
      }
    },
    {
      "type": "Feature",
      "geometry": {
        "type": "Point",
        "coordinates": [
          10.2134046,
          56.1496278
        ]
      },
      "properties": {
        "entity_type": "Bauteilgruppe",
        "bauteilgruppe_id": "bg_aluminium_fassade_trae_high_rise_aarhus_fassadenplatten",
        "bauteilgruppe_name": "Aluminium-Fassadenplatten",
        "projekt_id": "p_trae_high_rise_aarhus",
        "projekt_name": "TRÆ High-Rise",
        "stadt_name": "Aarhus",
        "geo_precision": "city_centroid_via_project"
      }
    },
    {
      "type": "Feature",
      "geometry": {
        "type": "Point",
        "coordinates": [
          5.303116,
          51.6889387
        ]
      },
      "properties": {
        "entity_type": "Bauteilgruppe",
        "bauteilgruppe_id": "bg_mehrere_mehrere_boschgaard_alu_fassade",
        "bauteilgruppe_name": "Aluminium-Fassadensystem",
        "projekt_id": "p_woongroep_boschgaard_den_bosch",
        "projekt_name": "Woongroep Boschgaard…",
        "stadt_name": "s-Hertogenbosch",
        "geo_precision": "city_centroid_via_project"
      }
    },
    {
      "type": "Feature",
      "geometry": {
        "type": "Point",
        "coordinates": [
          7.5878261,
          47.5581077
        ]
      },
      "properties": {
        "entity_type": "Bauteilgruppe",
        "bauteilgruppe_id": "bg_aluminium_fassade_elys_trapezoidal_sheet",
        "bauteilgruppe_name": "Aluminium-Trapezblech…",
        "projekt_id": "p_elys_kultur_gewerbehaus_basel",
        "projekt_name": "ELYS Kultur- und…",
        "stadt_name": "Basel",
        "geo_precision": "city_centroid_via_project"
      }
    },
    {
      "type": "Feature",
      "geometry": {
        "type": "Point",
        "coordinates": [
          9.7385532,
          52.3744779
        ]
      },
      "properties": {
        "entity_type": "Bauteilgruppe",
        "bauteilgruppe_id": "bg_glas_mehrere_recyclinghaus_aluminiumfenster",
        "bauteilgruppe_name": "Aluminiumfenster mit…",
        "projekt_id": "p_recyclinghaus_hannover",
        "projekt_name": "Recyclinghaus Hannover",
        "stadt_name": "Hannover",
        "geo_precision": "city_centroid_via_project"
      }
    },
    {
      "type": "Feature",
      "geometry": {
        "type": "Point",
        "coordinates": [
          3.9130606,
          51.4984694
        ]
      },
      "properties": {
        "entity_type": "Bauteilgruppe",
        "bauteilgruppe_id": "bg_mehrere_mehrere_ithaka_kozijnen_fenster",
        "bauteilgruppe_name": "Außenkozijnen",
        "projekt_id": "p_jeugdkliniek_ithaka_emergis_kloetinge",
        "projekt_name": "Jeugdkliniek Ithaka",
        "stadt_name": "Kloetinge",
        "geo_precision": "city_centroid_via_project"
      }
    },
    {
      "type": "Feature",
      "geometry": {
        "type": "Point",
        "coordinates": [
          -0.2972472,
          49.2041204
        ]
      },
      "properties": {
        "entity_type": "Bauteilgruppe",
        "bauteilgruppe_id": "bg_mehrere_mehrere_grande_halle_external_window_joinery",
        "bauteilgruppe_name": "Außenschreinerei",
        "projekt_id": "p_grande_halle_de_colombelles",
        "projekt_name": "Grande Halle de Colombel…",
        "stadt_name": "Colombelles",
        "geo_precision": "city_centroid_via_project"
      }
    },
    {
      "type": "Feature",
      "geometry": {
        "type": "Point",
        "coordinates": [
          8.5410422,
          47.3744489
        ]
      },
      "properties": {
        "entity_type": "Bauteilgruppe",
        "bauteilgruppe_id": "bg_stahl_treppe_grubenstrasse_outer",
        "bauteilgruppe_name": "Außentreppe (Gruben.)",
        "projekt_id": "p_grubenstrasse_29_werkhof_29_zuerich",
        "projekt_name": "Grubenstrasse 29",
        "stadt_name": "Zürich",
        "geo_precision": "city_centroid_via_project"
      }
    },
    {
      "type": "Feature",
      "geometry": {
        "type": "Point",
        "coordinates": [
          8.5410422,
          47.3744489
        ]
      },
      "properties": {
        "entity_type": "Bauteilgruppe",
        "bauteilgruppe_id": "bg_stahl_treppe_moeoeslistrasse_aussentreppe",
        "bauteilgruppe_name": "Außentreppe (Möösli.)",
        "projekt_id": "p_kindergarten_moeoeslistrasse_manegg_zuerich",
        "projekt_name": "Kindergarten Mööslistras…",
        "stadt_name": "Zürich",
        "geo_precision": "city_centroid_via_project"
      }
    },
    {
      "type": "Feature",
      "geometry": {
        "type": "Point",
        "coordinates": [
          4.2501187,
          50.8395994
        ]
      },
      "properties": {
        "entity_type": "Bauteilgruppe",
        "bauteilgruppe_id": "bg_holz_tuer_chiro_external",
        "bauteilgruppe_name": "Außentüren",
        "projekt_id": "p_chiro_d_itterbeek_dilbeek",
        "projekt_name": "Chiro d’Itterbeek",
        "stadt_name": "Dilbeek / Itterbeek",
        "geo_precision": "city_centroid_via_project"
      }
    },
    {
      "type": "Feature",
      "geometry": {
        "type": "Point",
        "coordinates": [
          3.9130606,
          51.4984694
        ]
      },
      "properties": {
        "entity_type": "Bauteilgruppe",
        "bauteilgruppe_id": "bg_holz_fassade_ithaka_azobe_shingles",
        "bauteilgruppe_name": "Azobé-Hartholz-Shingles…",
        "projekt_id": "p_jeugdkliniek_ithaka_emergis_kloetinge",
        "projekt_name": "Jeugdkliniek Ithaka",
        "stadt_name": "Kloetinge",
        "geo_precision": "city_centroid_via_project"
      }
    },
    {
      "type": "Feature",
      "geometry": {
        "type": "Point",
        "coordinates": [
          2.3825154,
          48.9565669
        ]
      },
      "properties": {
        "entity_type": "Bauteilgruppe",
        "bauteilgruppe_id": "bg_lehm_mehrere_btc_ziegel_mur_trombe_resilience",
        "bauteilgruppe_name": "BTC-Ziegel Mur Trombe…",
        "projekt_id": "p_resilience_la_ferme_des_possibles_stains",
        "projekt_name": "Résilience",
        "stadt_name": "Stains",
        "geo_precision": "city_centroid_via_project"
      }
    },
    {
      "type": "Feature",
      "geometry": {
        "type": "Point",
        "coordinates": [
          4.47775,
          51.9244424
        ]
      },
      "properties": {
        "entity_type": "Bauteilgruppe",
        "bauteilgruppe_id": "bg_stahl_gelaender_bluecity_oelplattform",
        "bauteilgruppe_name": "Balustraden",
        "projekt_id": "p_bluecity_offices_rotterdam",
        "projekt_name": "BlueCity Offices…",
        "stadt_name": "Rotterdam",
        "geo_precision": "city_centroid_via_project"
      }
    },
    {
      "type": "Feature",
      "geometry": {
        "type": "Point",
        "coordinates": [
          6.8705957,
          52.2233633
        ]
      },
      "properties": {
        "entity_type": "Bauteilgruppe",
        "bauteilgruppe_id": "bg_stahl_technik_villa_welpeloo_enschede_bau_montagelift_als_innenlift",
        "bauteilgruppe_name": "Bau-/Montagelift als…",
        "projekt_id": "p_villa_welpeloo_enschede",
        "projekt_name": "Villa Welpeloo Enschede",
        "stadt_name": "Enschede",
        "geo_precision": "city_centroid_via_project"
      }
    },
    {
      "type": "Feature",
      "geometry": {
        "type": "Point",
        "coordinates": [
          -0.1277653,
          51.5074456
        ]
      },
      "properties": {
        "entity_type": "Bauteilgruppe",
        "bauteilgruppe_id": "bg_mehrere_mehrere_bestandsfundamente_und_erste_geschosse_blackfriars",
        "bauteilgruppe_name": "Bestandsfundamente und…",
        "projekt_id": "p_roots_in_the_sky_blackfriars_crown_court",
        "projekt_name": "Roots in the Sky",
        "stadt_name": "London",
        "geo_precision": "city_centroid_via_project"
      }
    },
    {
      "type": "Feature",
      "geometry": {
        "type": "Point",
        "coordinates": [
          12.4696107,
          55.7383794
        ]
      },
      "properties": {
        "entity_type": "Bauteilgruppe",
        "bauteilgruppe_id": "bg_mehrere_mehrere_svanen_beton_recycling_zuschlag",
        "bauteilgruppe_name": "Beton als Recycling-Zusc…",
        "projekt_id": "p_svanen_kindergarten_gladsaxe",
        "projekt_name": "Svanen",
        "stadt_name": "Gladsaxe",
        "geo_precision": "city_centroid_via_project"
      }
    },
    {
      "type": "Feature",
      "geometry": {
        "type": "Point",
        "coordinates": [
          8.5410422,
          47.3744489
        ]
      },
      "properties": {
        "entity_type": "Bauteilgruppe",
        "bauteilgruppe_id": "bg_stahlbeton_mehrere_juch_schellinghalle_pilzstuetzen",
        "bauteilgruppe_name": "Beton-Pilzstützen und…",
        "projekt_id": "p_juch_areal_recyclingzentrum_zuerich",
        "projekt_name": "Juch-Areal Recyclingzent…",
        "stadt_name": "Zürich",
        "geo_precision": "city_centroid_via_project"
      }
    },
    {
      "type": "Feature",
      "geometry": {
        "type": "Point",
        "coordinates": [
          -0.1400561,
          50.8214626
        ]
      },
      "properties": {
        "entity_type": "Bauteilgruppe",
        "bauteilgruppe_id": "bg_beton_mehrere_brighton_betonbloecke",
        "bauteilgruppe_name": "Betonblöcke",
        "projekt_id": "p_brighton_waste_house_brighton",
        "projekt_name": "Brighton Waste House",
        "stadt_name": "Brighton",
        "geo_precision": "city_centroid_via_project"
      }
    },
    {
      "type": "Feature",
      "geometry": {
        "type": "Point",
        "coordinates": [
          4.47775,
          51.9244424
        ]
      },
      "properties": {
        "entity_type": "Bauteilgruppe",
        "bauteilgruppe_id": "bg_beton_wand_bluecity_betonbloecke_trennwaende",
        "bauteilgruppe_name": "Betonblöcke als Trennwän…",
        "projekt_id": "p_bluecity_offices_rotterdam",
        "projekt_name": "BlueCity Offices…",
        "stadt_name": "Rotterdam",
        "geo_precision": "city_centroid_via_project"
      }
    },
    {
      "type": "Feature",
      "geometry": {
        "type": "Point",
        "coordinates": [
          5.9108573,
          51.984257
        ]
      },
      "properties": {
        "entity_type": "Bauteilgruppe",
        "bauteilgruppe_id": "bg_beton_fassade_ccn_parapets",
        "bauteilgruppe_name": "Betonbruestungen",
        "projekt_id": "p_circular_centre_netherlands_prinsenhof_a_reuse_pilot",
        "projekt_name": "Circular Centre Netherla…",
        "stadt_name": "Arnhem",
        "geo_precision": "city_centroid_via_project"
      }
    },
    {
      "type": "Feature",
      "geometry": {
        "type": "Point",
        "coordinates": [
          6.0413984,
          52.4056303
        ]
      },
      "properties": {
        "entity_type": "Bauteilgruppe",
        "bauteilgruppe_id": "bg_beton_fassade_ccn_parapets",
        "bauteilgruppe_name": "Betonbruestungen",
        "projekt_id": "p_circular_centre_netherlands_prinsenhof_a_reuse_pilot",
        "projekt_name": "Circular Centre Netherla…",
        "stadt_name": "Heerde",
        "geo_precision": "city_centroid_via_project"
      }
    },
    {
      "type": "Feature",
      "geometry": {
        "type": "Point",
        "coordinates": [
          11.5753822,
          48.1371079
        ]
      },
      "properties": {
        "entity_type": "Bauteilgruppe",
        "bauteilgruppe_id": "bg_beton_mehrere_bestandverplanzung_betonfertigteil_paneele",
        "bauteilgruppe_name": "Betonfertigteil-Paneele…",
        "projekt_id": "p_bestandverplanzung_pavilion_muenchen",
        "projekt_name": "Bestandverplanzung…",
        "stadt_name": "München",
        "geo_precision": "city_centroid_via_project"
      }
    },
    {
      "type": "Feature",
      "geometry": {
        "type": "Point",
        "coordinates": [
          8.5410422,
          47.3744489
        ]
      },
      "properties": {
        "entity_type": "Bauteilgruppe",
        "bauteilgruppe_id": "bg_beton_mehrere_juch_kerenzerberg_betonplatten",
        "bauteilgruppe_name": "Betonplatten aus dem…",
        "projekt_id": "p_juch_areal_recyclingzentrum_zuerich",
        "projekt_name": "Juch-Areal Recyclingzent…",
        "stadt_name": "Zürich",
        "geo_precision": "city_centroid_via_project"
      }
    },
    {
      "type": "Feature",
      "geometry": {
        "type": "Point",
        "coordinates": [
          8.5410422,
          47.3744489
        ]
      },
      "properties": {
        "entity_type": "Bauteilgruppe",
        "bauteilgruppe_id": "bg_stahl_fassade_grubenstrasse_blue_sheets",
        "bauteilgruppe_name": "Blaue Stahlblechfassade",
        "projekt_id": "p_grubenstrasse_29_werkhof_29_zuerich",
        "projekt_name": "Grubenstrasse 29",
        "stadt_name": "Zürich",
        "geo_precision": "city_centroid_via_project"
      }
    },
    {
      "type": "Feature",
      "geometry": {
        "type": "Point",
        "coordinates": [
          4.352493,
          50.8467372
        ]
      },
      "properties": {
        "entity_type": "Bauteilgruppe",
        "bauteilgruppe_id": "bg_naturstein_mehrere_multi_blaustein_facade_slabs",
        "bauteilgruppe_name": "Blaustein-Fassadenblöcke…",
        "projekt_id": "p_multi_brussels_reuse_in_multi",
        "projekt_name": "Multi Brussels",
        "stadt_name": "Brüssel",
        "geo_precision": "city_centroid_via_project"
      }
    },
    {
      "type": "Feature",
      "geometry": {
        "type": "Point",
        "coordinates": [
          2.3483915,
          48.8534951
        ]
      },
      "properties": {
        "entity_type": "Bauteilgruppe",
        "bauteilgruppe_id": "bg_mehrere_mehrere_maison_des_canaux_floor_wall_finishes",
        "bauteilgruppe_name": "Boden- und Wandbeläge",
        "projekt_id": "p_maison_des_canaux_paris",
        "projekt_name": "Maison des Canaux, Paris",
        "stadt_name": "Paris",
        "geo_precision": "city_centroid_via_project"
      }
    },
    {
      "type": "Feature",
      "geometry": {
        "type": "Point",
        "coordinates": [
          4.2501187,
          50.8395994
        ]
      },
      "properties": {
        "entity_type": "Bauteilgruppe",
        "bauteilgruppe_id": "bg_keramik_boden_chiro_tiles",
        "bauteilgruppe_name": "Bodenfliesen",
        "projekt_id": "p_chiro_d_itterbeek_dilbeek",
        "projekt_name": "Chiro d’Itterbeek",
        "stadt_name": "Dilbeek / Itterbeek",
        "geo_precision": "city_centroid_via_project"
      }
    },
    {
      "type": "Feature",
      "geometry": {
        "type": "Point",
        "coordinates": [
          -105.270545,
          40.0149856
        ]
      },
      "properties": {
        "entity_type": "Bauteilgruppe",
        "bauteilgruppe_id": "bg_stahl_traeger_boulder_hospital_stockpile",
        "bauteilgruppe_name": "Boulder Community…",
        "projekt_id": "p_boulder_fire_station_3",
        "projekt_name": "Boulder FS-3",
        "stadt_name": "Boulder, Colorado",
        "geo_precision": "city_centroid_via_project"
      }
    },
    {
      "type": "Feature",
      "geometry": {
        "type": "Point",
        "coordinates": [
          8.5410422,
          47.3744489
        ]
      },
      "properties": {
        "entity_type": "Bauteilgruppe",
        "bauteilgruppe_id": "bg_mehrere_tuer_moeoeslistrasse_brandschutztueren_lavater",
        "bauteilgruppe_name": "Brandschutztüren aus…",
        "projekt_id": "p_kindergarten_moeoeslistrasse_manegg_zuerich",
        "projekt_name": "Kindergarten Mööslistras…",
        "stadt_name": "Zürich",
        "geo_precision": "city_centroid_via_project"
      }
    },
    {
      "type": "Feature",
      "geometry": {
        "type": "Point",
        "coordinates": [
          4.3296526,
          50.8390983
        ]
      },
      "properties": {
        "entity_type": "Bauteilgruppe",
        "bauteilgruppe_id": "bg_holz_mehrere_brettschichtholzbogen_recypark_demets",
        "bauteilgruppe_name": "Brettschichtholzbögen…",
        "projekt_id": "p_recypark_demets_anderlecht",
        "projekt_name": "Recypark Demets",
        "stadt_name": "Brüssel / Anderlecht",
        "geo_precision": "city_centroid_via_project"
      }
    },
    {
      "type": "Feature",
      "geometry": {
        "type": "Point",
        "coordinates": [
          10.7389701,
          59.9133301
        ]
      },
      "properties": {
        "entity_type": "Bauteilgruppe",
        "bauteilgruppe_id": "bg_mehrere_mehrere_ka13_office_fronts_doors_facade",
        "bauteilgruppe_name": "Bürofronten",
        "projekt_id": "p_ka13_kristian_augusts_gate_13_oslo",
        "projekt_name": "KA13",
        "stadt_name": "Oslo",
        "geo_precision": "city_centroid_via_project"
      }
    },
    {
      "type": "Feature",
      "geometry": {
        "type": "Point",
        "coordinates": [
          -0.1277653,
          51.5074456
        ]
      },
      "properties": {
        "entity_type": "Bauteilgruppe",
        "bauteilgruppe_id": "bg_holz_mehrere_cascadeup_clst_floor_panels",
        "bauteilgruppe_name": "CLST-Bodenpaneele",
        "projekt_id": "p_cascadeup_london_secondary_timber_glulam_demonstrator",
        "projekt_name": "CascadeUp",
        "stadt_name": "London",
        "geo_precision": "city_centroid_via_project"
      }
    },
    {
      "type": "Feature",
      "geometry": {
        "type": "Point",
        "coordinates": [
          -0.1277653,
          51.5074456
        ]
      },
      "properties": {
        "entity_type": "Bauteilgruppe",
        "bauteilgruppe_id": "bg_holz_decke_holbein_new_clt_floors",
        "bauteilgruppe_name": "CLT-Decken der Erweiteru…",
        "projekt_id": "p_holbein_gardens_london",
        "projekt_name": "Holbein Gardens, London",
        "stadt_name": "London",
        "geo_precision": "city_centroid_via_project"
      }
    },
    {
      "type": "Feature",
      "geometry": {
        "type": "Point",
        "coordinates": [
          134.4018864,
          33.8889228
        ]
      },
      "properties": {
        "entity_type": "Bauteilgruppe",
        "bauteilgruppe_id": "bg_mehrere_mehrere_kamikatsu_donated_facade_windows",
        "bauteilgruppe_name": "Ca. 700 gespendete…",
        "projekt_id": "p_kamikatsu_zero_waste_center_hotel_why",
        "projekt_name": "Kamikatsu Zero Waste…",
        "stadt_name": "Kamikatsu, Tokushima Prefecture",
        "geo_precision": "city_centroid_via_project"
      }
    },
    {
      "type": "Feature",
      "geometry": {
        "type": "Point",
        "coordinates": [
          7.6251879,
          51.9625101
        ]
      },
      "properties": {
        "entity_type": "Bauteilgruppe",
        "bauteilgruppe_id": "bg_stahl_mehrere_awm_cable_trays_shelves_lights",
        "bauteilgruppe_name": "Cable trays as shelves…",
        "projekt_id": "p_awm_muenster_circular_office",
        "projekt_name": "AWM Münster – zirkulärer…",
        "stadt_name": "Münster",
        "geo_precision": "city_centroid_via_project"
      }
    },
    {
      "type": "Feature",
      "geometry": {
        "type": "Point",
        "coordinates": [
          4.8924534,
          52.3730796
        ]
      },
      "properties": {
        "entity_type": "Bauteilgruppe",
        "bauteilgruppe_id": "bg_mehrere_ausbau_circl_restored_furniture",
        "bauteilgruppe_name": "Circl ABN-Möbel",
        "projekt_id": "p_circl_abn_amro",
        "projekt_name": "Circl",
        "stadt_name": "Amsterdam",
        "geo_precision": "city_centroid_via_project"
      }
    },
    {
      "type": "Feature",
      "geometry": {
        "type": "Point",
        "coordinates": [
          4.8924534,
          52.3730796
        ]
      },
      "properties": {
        "entity_type": "Bauteilgruppe",
        "bauteilgruppe_id": "bg_mehrere_fenster_circl_conference_windows",
        "bauteilgruppe_name": "Circl Bürofenster",
        "projekt_id": "p_circl_abn_amro",
        "projekt_name": "Circl",
        "stadt_name": "Amsterdam",
        "geo_precision": "city_centroid_via_project"
      }
    },
    {
      "type": "Feature",
      "geometry": {
        "type": "Point",
        "coordinates": [
          4.8924534,
          52.3730796
        ]
      },
      "properties": {
        "entity_type": "Bauteilgruppe",
        "bauteilgruppe_id": "bg_holz_boden_circl_window_frame_floor",
        "bauteilgruppe_name": "Circl Fenster→Boden",
        "projekt_id": "p_circl_abn_amro",
        "projekt_name": "Circl",
        "stadt_name": "Amsterdam",
        "geo_precision": "city_centroid_via_project"
      }
    },
    {
      "type": "Feature",
      "geometry": {
        "type": "Point",
        "coordinates": [
          4.8924534,
          52.3730796
        ]
      },
      "properties": {
        "entity_type": "Bauteilgruppe",
        "bauteilgruppe_id": "bg_daemmstoff_daemmung_circl_jeans_insulation",
        "bauteilgruppe_name": "Circl Jeans-Dämmung",
        "projekt_id": "p_circl_abn_amro",
        "projekt_name": "Circl",
        "stadt_name": "Amsterdam",
        "geo_precision": "city_centroid_via_project"
      }
    },
    {
      "type": "Feature",
      "geometry": {
        "type": "Point",
        "coordinates": [
          4.8924534,
          52.3730796
        ]
      },
      "properties": {
        "entity_type": "Bauteilgruppe",
        "bauteilgruppe_id": "bg_textil_wand_circl_clothing_felt",
        "bauteilgruppe_name": "Circl Textilfilz-Wand",
        "projekt_id": "p_circl_abn_amro",
        "projekt_name": "Circl",
        "stadt_name": "Amsterdam",
        "geo_precision": "city_centroid_via_project"
      }
    },
    {
      "type": "Feature",
      "geometry": {
        "type": "Point",
        "coordinates": [
          8.5410422,
          47.3744489
        ]
      },
      "properties": {
        "entity_type": "Bauteilgruppe",
        "bauteilgruppe_id": "bg_mehrere_dach_grubenstrasse_sheets",
        "bauteilgruppe_name": "Dachbleche",
        "projekt_id": "p_grubenstrasse_29_werkhof_29_zuerich",
        "projekt_name": "Grubenstrasse 29",
        "stadt_name": "Zürich",
        "geo_precision": "city_centroid_via_project"
      }
    },
    {
      "type": "Feature",
      "geometry": {
        "type": "Point",
        "coordinates": [
          10.5655779,
          51.250281
        ]
      },
      "properties": {
        "entity_type": "Bauteilgruppe",
        "bauteilgruppe_id": "bg_stahl_mehrere_christ_pavilion_roof_structure",
        "bauteilgruppe_name": "Dachtragwerk Christusraum",
        "projekt_id": "p_christ_pavilion_volkenroda",
        "projekt_name": "Christus-Pavillon",
        "stadt_name": "Volkenroda / Koerner",
        "geo_precision": "city_centroid_via_project"
      }
    },
    {
      "type": "Feature",
      "geometry": {
        "type": "Point",
        "coordinates": [
          4.2501187,
          50.8395994
        ]
      },
      "properties": {
        "entity_type": "Bauteilgruppe",
        "bauteilgruppe_id": "bg_ziegel_dach_chiro_tiles",
        "bauteilgruppe_name": "Dachziegel (Chiro)",
        "projekt_id": "p_chiro_d_itterbeek_dilbeek",
        "projekt_name": "Chiro d’Itterbeek",
        "stadt_name": "Dilbeek / Itterbeek",
        "geo_precision": "city_centroid_via_project"
      }
    },
    {
      "type": "Feature",
      "geometry": {
        "type": "Point",
        "coordinates": [
          12.4696107,
          55.7383794
        ]
      },
      "properties": {
        "entity_type": "Bauteilgruppe",
        "bauteilgruppe_id": "bg_keramik_mehrere_svanen_dachziegel",
        "bauteilgruppe_name": "Dachziegel (Svanen)",
        "projekt_id": "p_svanen_kindergarten_gladsaxe",
        "projekt_name": "Svanen",
        "stadt_name": "Gladsaxe",
        "geo_precision": "city_centroid_via_project"
      }
    },
    {
      "type": "Feature",
      "geometry": {
        "type": "Point",
        "coordinates": [
          13.3951309,
          52.5173885
        ]
      },
      "properties": {
        "entity_type": "Bauteilgruppe",
        "bauteilgruppe_id": "bg_mehrere_decke_plattenvereinigung_deckenelemente",
        "bauteilgruppe_name": "Deckenelemente",
        "projekt_id": "p_plattenvereinigung_berlin",
        "projekt_name": "Plattenvereinigung Berlin",
        "stadt_name": "Berlin",
        "geo_precision": "city_centroid_via_project"
      }
    },
    {
      "type": "Feature",
      "geometry": {
        "type": "Point",
        "coordinates": [
          -0.1277653,
          51.5074456
        ]
      },
      "properties": {
        "entity_type": "Bauteilgruppe",
        "bauteilgruppe_id": "bg_stahl_technik_timber_square_demontable_plant",
        "bauteilgruppe_name": "Demontierbare TGA-/Plant…",
        "projekt_id": "p_timber_square_london",
        "projekt_name": "Timber Square London",
        "stadt_name": "London",
        "geo_precision": "city_centroid_via_project"
      }
    },
    {
      "type": "Feature",
      "geometry": {
        "type": "Point",
        "coordinates": [
          -0.1400561,
          50.8214626
        ]
      },
      "properties": {
        "entity_type": "Bauteilgruppe",
        "bauteilgruppe_id": "bg_textil_daemmung_brighton_denim",
        "bauteilgruppe_name": "Denim jeans als Dämm-/Ho…",
        "projekt_id": "p_brighton_waste_house_brighton",
        "projekt_name": "Brighton Waste House",
        "stadt_name": "Brighton",
        "geo_precision": "city_centroid_via_project"
      }
    },
    {
      "type": "Feature",
      "geometry": {
        "type": "Point",
        "coordinates": [
          12.5700724,
          55.6867243
        ]
      },
      "properties": {
        "entity_type": "Bauteilgruppe",
        "bauteilgruppe_id": "bg_holz_mehrere_upcycle_dinesen_offcuts",
        "bauteilgruppe_name": "Dinesen-Offcuts als…",
        "projekt_id": "p_upcycle_studios_copenhagen",
        "projekt_name": "Upcycle Studios Copenhag…",
        "stadt_name": "Kopenhagen",
        "geo_precision": "city_centroid_via_project"
      }
    },
    {
      "type": "Feature",
      "geometry": {
        "type": "Point",
        "coordinates": [
          2.3825154,
          48.9565669
        ]
      },
      "properties": {
        "entity_type": "Bauteilgruppe",
        "bauteilgruppe_id": "bg_holz_fenster_doppeltverglaste_holzfenster_resilience",
        "bauteilgruppe_name": "Doppeltverglaste…",
        "projekt_id": "p_resilience_la_ferme_des_possibles_stains",
        "projekt_name": "Résilience",
        "stadt_name": "Stains",
        "geo_precision": "city_centroid_via_project"
      }
    },
    {
      "type": "Feature",
      "geometry": {
        "type": "Point",
        "coordinates": [
          12.5700724,
          55.6867243
        ]
      },
      "properties": {
        "entity_type": "Bauteilgruppe",
        "bauteilgruppe_id": "bg_glas_fenster_upcycle_studios_copenhagen_doppelverglaste",
        "bauteilgruppe_name": "Doppelverglaste Fenster",
        "projekt_id": "p_upcycle_studios_copenhagen",
        "projekt_name": "Upcycle Studios Copenhag…",
        "stadt_name": "Kopenhagen",
        "geo_precision": "city_centroid_via_project"
      }
    },
    {
      "type": "Feature",
      "geometry": {
        "type": "Point",
        "coordinates": [
          6.0664961,
          50.8528002
        ]
      },
      "properties": {
        "entity_type": "Bauteilgruppe",
        "bauteilgruppe_id": "bg_mehrere_mehrere_superlocal_beton_wohnungsteile",
        "bauteilgruppe_name": "Drei Beton-Wohnungsteile",
        "projekt_id": "p_superlocal_expogebouw_bleijerheide",
        "projekt_name": "SUPERLOCAL Expogebouw",
        "stadt_name": "Bleijerheide / Kerkrade",
        "geo_precision": "city_centroid_via_project"
      }
    },
    {
      "type": "Feature",
      "geometry": {
        "type": "Point",
        "coordinates": [
          13.3822343,
          51.4232124
        ]
      },
      "properties": {
        "entity_type": "Bauteilgruppe",
        "bauteilgruppe_id": "bg_stahlbeton_mehrere_groeditz_dresden_type_precast_components",
        "bauteilgruppe_name": "Dresden-type precast…",
        "projekt_id": "p_association_house_groeditz",
        "projekt_name": "Vereinshaus Gröditz",
        "stadt_name": "Gröditz",
        "geo_precision": "city_centroid_via_project"
      }
    },
    {
      "type": "Feature",
      "geometry": {
        "type": "Point",
        "coordinates": [
          8.5410422,
          47.3744489
        ]
      },
      "properties": {
        "entity_type": "Bauteilgruppe",
        "bauteilgruppe_id": "bg_daemmstoff_daemmung_grubenstrasse_plates",
        "bauteilgruppe_name": "Dämmplatten",
        "projekt_id": "p_grubenstrasse_29_werkhof_29_zuerich",
        "projekt_name": "Grubenstrasse 29",
        "stadt_name": "Zürich",
        "geo_precision": "city_centroid_via_project"
      }
    },
    {
      "type": "Feature",
      "geometry": {
        "type": "Point",
        "coordinates": [
          7.5878261,
          47.5581077
        ]
      },
      "properties": {
        "entity_type": "Bauteilgruppe",
        "bauteilgruppe_id": "bg_mineralisch_stuetze_elementa_baufeld_c",
        "bauteilgruppe_name": "ELEMENTA Baufeld C",
        "projekt_id": "p_elementa_walkeweg",
        "projekt_name": "ELEMENTA Walkeweg",
        "stadt_name": "Basel",
        "geo_precision": "city_centroid_via_project"
      }
    },
    {
      "type": "Feature",
      "geometry": {
        "type": "Point",
        "coordinates": [
          7.5878261,
          47.5581077
        ]
      },
      "properties": {
        "entity_type": "Bauteilgruppe",
        "bauteilgruppe_id": "bg_mineralisch_wand_elementa_baufeld_d",
        "bauteilgruppe_name": "ELEMENTA Baufeld D",
        "projekt_id": "p_elementa_walkeweg",
        "projekt_name": "ELEMENTA Walkeweg",
        "stadt_name": "Basel",
        "geo_precision": "city_centroid_via_project"
      }
    },
    {
      "type": "Feature",
      "geometry": {
        "type": "Point",
        "coordinates": [
          2.3483915,
          48.8534951
        ]
      },
      "properties": {
        "entity_type": "Bauteilgruppe",
        "bauteilgruppe_id": "bg_holz_mehrere_circular_pavilion_exhibition_panels",
        "bauteilgruppe_name": "Ehemalige Ausstellungspa…",
        "projekt_id": "p_circular_pavilion_paris",
        "projekt_name": "Circular Pavilion Paris",
        "stadt_name": "Paris",
        "geo_precision": "city_centroid_via_project"
      }
    },
    {
      "type": "Feature",
      "geometry": {
        "type": "Point",
        "coordinates": [
          4.352493,
          50.8467372
        ]
      },
      "properties": {
        "entity_type": "Bauteilgruppe",
        "bauteilgruppe_id": "bg_holz_boden_zinneke_feder_eichenparkett_azobe",
        "bauteilgruppe_name": "Eichenparkett und…",
        "projekt_id": "p_zinneke_feder_masui4ever_brussels",
        "projekt_name": "Zinneke",
        "stadt_name": "Brüssel",
        "geo_precision": "city_centroid_via_project"
      }
    },
    {
      "type": "Feature",
      "geometry": {
        "type": "Point",
        "coordinates": [
          2.3825154,
          48.9565669
        ]
      },
      "properties": {
        "entity_type": "Bauteilgruppe",
        "bauteilgruppe_id": "bg_holz_mehrere_einfachverglaste_holzfenster_resilience",
        "bauteilgruppe_name": "Einfachverglaste…",
        "projekt_id": "p_resilience_la_ferme_des_possibles_stains",
        "projekt_name": "Résilience",
        "stadt_name": "Stains",
        "geo_precision": "city_centroid_via_project"
      }
    },
    {
      "type": "Feature",
      "geometry": {
        "type": "Point",
        "coordinates": [
          8.7291498,
          47.4991723
        ]
      },
      "properties": {
        "entity_type": "Bauteilgruppe",
        "bauteilgruppe_id": "bg_stahl_mehrere_k118_external_stair",
        "bauteilgruppe_name": "Externe Stahltreppe",
        "projekt_id": "p_k118_kopfbau_halle_118_winterthur",
        "projekt_name": "K.118 Winterthur",
        "stadt_name": "Winterthur",
        "geo_precision": "city_centroid_via_project"
      }
    },
    {
      "type": "Feature",
      "geometry": {
        "type": "Point",
        "coordinates": [
          9.7385532,
          52.3744779
        ]
      },
      "properties": {
        "entity_type": "Bauteilgruppe",
        "bauteilgruppe_id": "bg_faserzement_fassade_recyclinghaus_faserzement",
        "bauteilgruppe_name": "Faserzement-/Eternitplat…",
        "projekt_id": "p_recyclinghaus_hannover",
        "projekt_name": "Recyclinghaus Hannover",
        "stadt_name": "Hannover",
        "geo_precision": "city_centroid_via_project"
      }
    },
    {
      "type": "Feature",
      "geometry": {
        "type": "Point",
        "coordinates": [
          12.5700724,
          55.6867243
        ]
      },
      "properties": {
        "entity_type": "Bauteilgruppe",
        "bauteilgruppe_id": "bg_ziegel_mehrere_thoravej_fassade_zu_boden",
        "bauteilgruppe_name": "Fassaden-/Ziegelüberschu…",
        "projekt_id": "p_thoravej_29_copenhagen",
        "projekt_name": "Thoravej 29 Copenhagen",
        "stadt_name": "Kopenhagen",
        "geo_precision": "city_centroid_via_project"
      }
    },
    {
      "type": "Feature",
      "geometry": {
        "type": "Point",
        "coordinates": [
          4.2501187,
          50.8395994
        ]
      },
      "properties": {
        "entity_type": "Bauteilgruppe",
        "bauteilgruppe_id": "bg_ziegel_mehrere_chiro_facade",
        "bauteilgruppe_name": "Fassadenziegel (Chiro)",
        "projekt_id": "p_chiro_d_itterbeek_dilbeek",
        "projekt_name": "Chiro d’Itterbeek",
        "stadt_name": "Dilbeek / Itterbeek",
        "geo_precision": "city_centroid_via_project"
      }
    },
    {
      "type": "Feature",
      "geometry": {
        "type": "Point",
        "coordinates": [
          2.7643391,
          50.9638066
        ]
      },
      "properties": {
        "entity_type": "Bauteilgruppe",
        "bauteilgruppe_id": "bg_ziegel_mehrere_lo_reninge_facade",
        "bauteilgruppe_name": "Fassadenziegel (Lo-R.)",
        "projekt_id": "p_lo_reninge_town_hall_facade",
        "projekt_name": "Lo-Reninge Town Hall…",
        "stadt_name": "Lo-Reninge",
        "geo_precision": "city_centroid_via_project"
      }
    },
    {
      "type": "Feature",
      "geometry": {
        "type": "Point",
        "coordinates": [
          3.2142729,
          50.7436672
        ]
      },
      "properties": {
        "entity_type": "Bauteilgruppe",
        "bauteilgruppe_id": "bg_ziegel_mehrere_musef_facade",
        "bauteilgruppe_name": "Fassadenziegel aus acht…",
        "projekt_id": "p_musee_de_folklore_mouscron",
        "projekt_name": "Musée de Folklore Vie…",
        "stadt_name": "Mouscron",
        "geo_precision": "city_centroid_via_project"
      }
    },
    {
      "type": "Feature",
      "geometry": {
        "type": "Point",
        "coordinates": [
          -0.1277653,
          51.5074456
        ]
      },
      "properties": {
        "entity_type": "Bauteilgruppe",
        "bauteilgruppe_id": "bg_stahl_fassade_brent_cross_new_support_members",
        "bauteilgruppe_name": "Façade support members",
        "projekt_id": "p_brent_cross_town_primary_substation_london",
        "projekt_name": "Brent Cross Town…",
        "stadt_name": "London",
        "geo_precision": "city_centroid_via_project"
      }
    },
    {
      "type": "Feature",
      "geometry": {
        "type": "Point",
        "coordinates": [
          13.3951309,
          52.5173885
        ]
      },
      "properties": {
        "entity_type": "Bauteilgruppe",
        "bauteilgruppe_id": "bg_mehrere_mehrere_plattenpalast_palast_fenster",
        "bauteilgruppe_name": "Fenster und Rahmen aus…",
        "projekt_id": "p_plattenpalast_berlin",
        "projekt_name": "Plattenpalast Berlin",
        "stadt_name": "Berlin",
        "geo_precision": "city_centroid_via_project"
      }
    },
    {
      "type": "Feature",
      "geometry": {
        "type": "Point",
        "coordinates": [
          8.5410422,
          47.3744489
        ]
      },
      "properties": {
        "entity_type": "Bauteilgruppe",
        "bauteilgruppe_id": "bg_mehrere_mehrere_grubenstrasse_windows_doors",
        "bauteilgruppe_name": "Fenster und Türen",
        "projekt_id": "p_grubenstrasse_29_werkhof_29_zuerich",
        "projekt_name": "Grubenstrasse 29",
        "stadt_name": "Zürich",
        "geo_precision": "city_centroid_via_project"
      }
    },
    {
      "type": "Feature",
      "geometry": {
        "type": "Point",
        "coordinates": [
          4.352493,
          50.8467372
        ]
      },
      "properties": {
        "entity_type": "Bauteilgruppe",
        "bauteilgruppe_id": "bg_mehrere_fenster_zinneke_feder_masui4ever_brussels_fensterrahmen",
        "bauteilgruppe_name": "Fensterrahmen (Zinneke)",
        "projekt_id": "p_zinneke_feder_masui4ever_brussels",
        "projekt_name": "Zinneke",
        "stadt_name": "Brüssel",
        "geo_precision": "city_centroid_via_project"
      }
    },
    {
      "type": "Feature",
      "geometry": {
        "type": "Point",
        "coordinates": [
          6.0664961,
          50.8528002
        ]
      },
      "properties": {
        "entity_type": "Bauteilgruppe",
        "bauteilgruppe_id": "bg_mehrere_mehrere_superlocal_fenster_kozijnen",
        "bauteilgruppe_name": "Fensterrahm… (Superlocal)",
        "projekt_id": "p_superlocal_expogebouw_bleijerheide",
        "projekt_name": "SUPERLOCAL Expogebouw",
        "stadt_name": "Bleijerheide / Kerkrade",
        "geo_precision": "city_centroid_via_project"
      }
    },
    {
      "type": "Feature",
      "geometry": {
        "type": "Point",
        "coordinates": [
          2.3483915,
          48.8534951
        ]
      },
      "properties": {
        "entity_type": "Bauteilgruppe",
        "bauteilgruppe_id": "bg_mehrere_mehrere_maison_des_canaux_fixed_builtins",
        "bauteilgruppe_name": "Feste Einbauten",
        "projekt_id": "p_maison_des_canaux_paris",
        "projekt_name": "Maison des Canaux, Paris",
        "stadt_name": "Paris",
        "geo_precision": "city_centroid_via_project"
      }
    },
    {
      "type": "Feature",
      "geometry": {
        "type": "Point",
        "coordinates": [
          -0.1277653,
          51.5074456
        ]
      },
      "properties": {
        "entity_type": "Bauteilgruppe",
        "bauteilgruppe_id": "bg_mehrere_mehrere_plp_feste_fitout_komponenten",
        "bauteilgruppe_name": "Feste Fit-out-Komponente…",
        "projekt_id": "p_plp_london_hq_circular_studio_fitout",
        "projekt_name": "PLP London HQ circular…",
        "stadt_name": "London",
        "geo_precision": "city_centroid_via_project"
      }
    },
    {
      "type": "Feature",
      "geometry": {
        "type": "Point",
        "coordinates": [
          6.0664961,
          50.8528002
        ]
      },
      "properties": {
        "entity_type": "Bauteilgruppe",
        "bauteilgruppe_id": "bg_mehrere_mehrere_superlocal_feste_kueche_installationen",
        "bauteilgruppe_name": "Feste Küche und Installa…",
        "projekt_id": "p_superlocal_expogebouw_bleijerheide",
        "projekt_name": "SUPERLOCAL Expogebouw",
        "stadt_name": "Bleijerheide / Kerkrade",
        "geo_precision": "city_centroid_via_project"
      }
    },
    {
      "type": "Feature",
      "geometry": {
        "type": "Point",
        "coordinates": [
          -0.1277653,
          51.5074456
        ]
      },
      "properties": {
        "entity_type": "Bauteilgruppe",
        "bauteilgruppe_id": "bg_mehrere_mehrere_bedzed_fixed_secondary_components",
        "bauteilgruppe_name": "Fixed secondary componen…",
        "projekt_id": "p_bedzed_london_hackbridge",
        "projekt_name": "BedZED",
        "stadt_name": "London",
        "geo_precision": "city_centroid_via_project"
      }
    },
    {
      "type": "Feature",
      "geometry": {
        "type": "Point",
        "coordinates": [
          7.6251879,
          51.9625101
        ]
      },
      "properties": {
        "entity_type": "Bauteilgruppe",
        "bauteilgruppe_id": "bg_holz_wand_awm_cladding_old_chairs",
        "bauteilgruppe_name": "Fixed wall cladding…",
        "projekt_id": "p_awm_muenster_circular_office",
        "projekt_name": "AWM Münster – zirkulärer…",
        "stadt_name": "Münster",
        "geo_precision": "city_centroid_via_project"
      }
    },
    {
      "type": "Feature",
      "geometry": {
        "type": "Point",
        "coordinates": [
          4.352493,
          50.8467372
        ]
      },
      "properties": {
        "entity_type": "Bauteilgruppe",
        "bauteilgruppe_id": "bg_keramik_boden_verbiest_charleroi",
        "bauteilgruppe_name": "Fliesen aus Charleroi",
        "projekt_id": "p_verbiest_karreveld_brussels",
        "projekt_name": "Verbiest + Karreveld",
        "stadt_name": "Brüssel",
        "geo_precision": "city_centroid_via_project"
      }
    },
    {
      "type": "Feature",
      "geometry": {
        "type": "Point",
        "coordinates": [
          3.7588813,
          51.0447236
        ]
      },
      "properties": {
        "entity_type": "Bauteilgruppe",
        "bauteilgruppe_id": "bg_ziegel_mehrere_gjg_curved_shell",
        "bauteilgruppe_name": "Gekrümmte strukturell…",
        "projekt_id": "p_gjg_house_gentbrugge",
        "projekt_name": "gjG House",
        "stadt_name": "Gentbrugge / Ghent",
        "geo_precision": "city_centroid_via_project"
      }
    },
    {
      "type": "Feature",
      "geometry": {
        "type": "Point",
        "coordinates": [
          5.478633,
          51.4392648
        ]
      },
      "properties": {
        "entity_type": "Bauteilgruppe",
        "bauteilgruppe_id": "bg_beton_fundament_peoples_pavilion_elements",
        "bauteilgruppe_name": "Geliehene Betonpfähle",
        "projekt_id": "p_peoples_pavilion_eindhoven",
        "projekt_name": "People’s Pavilion…",
        "stadt_name": "Eindhoven",
        "geo_precision": "city_centroid_via_project"
      }
    },
    {
      "type": "Feature",
      "geometry": {
        "type": "Point",
        "coordinates": [
          5.478633,
          51.4392648
        ]
      },
      "properties": {
        "entity_type": "Bauteilgruppe",
        "bauteilgruppe_id": "bg_mehrere_fassade_peoples_pavilion_borrowed_elements",
        "bauteilgruppe_name": "Geliehene Fassadenelemen…",
        "projekt_id": "p_peoples_pavilion_eindhoven",
        "projekt_name": "People’s Pavilion…",
        "stadt_name": "Eindhoven",
        "geo_precision": "city_centroid_via_project"
      }
    },
    {
      "type": "Feature",
      "geometry": {
        "type": "Point",
        "coordinates": [
          5.478633,
          51.4392648
        ]
      },
      "properties": {
        "entity_type": "Bauteilgruppe",
        "bauteilgruppe_id": "bg_holz_traeger_peoples_pavilion",
        "bauteilgruppe_name": "Geliehene Holzträger",
        "projekt_id": "p_peoples_pavilion_eindhoven",
        "projekt_name": "People’s Pavilion…",
        "stadt_name": "Eindhoven",
        "geo_precision": "city_centroid_via_project"
      }
    },
    {
      "type": "Feature",
      "geometry": {
        "type": "Point",
        "coordinates": [
          5.478633,
          51.4392648
        ]
      },
      "properties": {
        "entity_type": "Bauteilgruppe",
        "bauteilgruppe_id": "bg_glas_dach_peoples_pavilion",
        "bauteilgruppe_name": "Geliehenes Glasdach",
        "projekt_id": "p_peoples_pavilion_eindhoven",
        "projekt_name": "People’s Pavilion…",
        "stadt_name": "Eindhoven",
        "geo_precision": "city_centroid_via_project"
      }
    },
    {
      "type": "Feature",
      "geometry": {
        "type": "Point",
        "coordinates": [
          8.5410422,
          47.3744489
        ]
      },
      "properties": {
        "entity_type": "Bauteilgruppe",
        "bauteilgruppe_id": "bg_stahl_gelaender_grubenstrasse_railings",
        "bauteilgruppe_name": "Geländer",
        "projekt_id": "p_grubenstrasse_29_werkhof_29_zuerich",
        "projekt_name": "Grubenstrasse 29",
        "stadt_name": "Zürich",
        "geo_precision": "city_centroid_via_project"
      }
    },
    {
      "type": "Feature",
      "geometry": {
        "type": "Point",
        "coordinates": [
          4.352493,
          50.8467372
        ]
      },
      "properties": {
        "entity_type": "Bauteilgruppe",
        "bauteilgruppe_id": "bg_stahl_gelaender_verbiest_charleroi",
        "bauteilgruppe_name": "Geländer aus Charleroi",
        "projekt_id": "p_verbiest_karreveld_brussels",
        "projekt_name": "Verbiest + Karreveld",
        "stadt_name": "Brüssel",
        "geo_precision": "city_centroid_via_project"
      }
    },
    {
      "type": "Feature",
      "geometry": {
        "type": "Point",
        "coordinates": [
          10.5655779,
          51.250281
        ]
      },
      "properties": {
        "entity_type": "Bauteilgruppe",
        "bauteilgruppe_id": "bg_mehrere_mehrere_christ_pavilion_complete_ensemble",
        "bauteilgruppe_name": "Gesamtes transloziertes…",
        "projekt_id": "p_christ_pavilion_volkenroda",
        "projekt_name": "Christus-Pavillon",
        "stadt_name": "Volkenroda / Koerner",
        "geo_precision": "city_centroid_via_project"
      }
    },
    {
      "type": "Feature",
      "geometry": {
        "type": "Point",
        "coordinates": [
          0.5821779,
          50.8550976
        ]
      },
      "properties": {
        "entity_type": "Bauteilgruppe",
        "bauteilgruppe_id": "bg_holz_fassade_hastings_outbuilding_cladding",
        "bauteilgruppe_name": "Gespaltene längere…",
        "projekt_id": "p_hastings_pier_visitor_centre",
        "projekt_name": "Hastings Pier Visitor…",
        "stadt_name": "Hastings",
        "geo_precision": "city_centroid_via_project"
      }
    },
    {
      "type": "Feature",
      "geometry": {
        "type": "Point",
        "coordinates": [
          7.5878261,
          47.5581077
        ]
      },
      "properties": {
        "entity_type": "Bauteilgruppe",
        "bauteilgruppe_id": "bg_stahl_mehrere_elys_gratings_and_garage_door",
        "bauteilgruppe_name": "Gitterroste",
        "projekt_id": "p_elys_kultur_gewerbehaus_basel",
        "projekt_name": "ELYS Kultur- und…",
        "stadt_name": "Basel",
        "geo_precision": "city_centroid_via_project"
      }
    },
    {
      "type": "Feature",
      "geometry": {
        "type": "Point",
        "coordinates": [
          134.4018864,
          33.8889228
        ]
      },
      "properties": {
        "entity_type": "Bauteilgruppe",
        "bauteilgruppe_id": "bg_mehrere_boden_kamikatsu_glass_ceramic_terrazzo",
        "bauteilgruppe_name": "Glas- und Keramikscherbe…",
        "projekt_id": "p_kamikatsu_zero_waste_center_hotel_why",
        "projekt_name": "Kamikatsu Zero Waste…",
        "stadt_name": "Kamikatsu, Tokushima Prefecture",
        "geo_precision": "city_centroid_via_project"
      }
    },
    {
      "type": "Feature",
      "geometry": {
        "type": "Point",
        "coordinates": [
          7.6251879,
          51.9625101
        ]
      },
      "properties": {
        "entity_type": "Bauteilgruppe",
        "bauteilgruppe_id": "bg_glas_mehrere_awm_partitions_doors",
        "bauteilgruppe_name": "Glass partitions and…",
        "projekt_id": "p_awm_muenster_circular_office",
        "projekt_name": "AWM Münster – zirkulärer…",
        "stadt_name": "Münster",
        "geo_precision": "city_centroid_via_project"
      }
    },
    {
      "type": "Feature",
      "geometry": {
        "type": "Point",
        "coordinates": [
          -105.270545,
          40.0149856
        ]
      },
      "properties": {
        "entity_type": "Bauteilgruppe",
        "bauteilgruppe_id": "bg_holz_stuetze_boulder_glulam",
        "bauteilgruppe_name": "Glulam Columns im…",
        "projekt_id": "p_boulder_fire_station_3",
        "projekt_name": "Boulder FS-3",
        "stadt_name": "Boulder, Colorado",
        "geo_precision": "city_centroid_via_project"
      }
    },
    {
      "type": "Feature",
      "geometry": {
        "type": "Point",
        "coordinates": [
          -0.1277653,
          51.5074456
        ]
      },
      "properties": {
        "entity_type": "Bauteilgruppe",
        "bauteilgruppe_id": "bg_holz_mehrere_cascadeup_glulamst_frame",
        "bauteilgruppe_name": "GlulamST-Tragwerksrahmen",
        "projekt_id": "p_cascadeup_london_secondary_timber_glulam_demonstrator",
        "projekt_name": "CascadeUp",
        "stadt_name": "London",
        "geo_precision": "city_centroid_via_project"
      }
    },
    {
      "type": "Feature",
      "geometry": {
        "type": "Point",
        "coordinates": [
          4.352493,
          50.8467372
        ]
      },
      "properties": {
        "entity_type": "Bauteilgruppe",
        "bauteilgruppe_id": "bg_naturstein_boden_multi_granite_natural_tiles",
        "bauteilgruppe_name": "Granit- und Natursteinpl…",
        "projekt_id": "p_multi_brussels_reuse_in_multi",
        "projekt_name": "Multi Brussels",
        "stadt_name": "Brüssel",
        "geo_precision": "city_centroid_via_project"
      }
    },
    {
      "type": "Feature",
      "geometry": {
        "type": "Point",
        "coordinates": [
          2.3483915,
          48.8534951
        ]
      },
      "properties": {
        "entity_type": "Bauteilgruppe",
        "bauteilgruppe_id": "bg_naturstein_mehrere_ferme_granite_kerbstones_retaining_wall",
        "bauteilgruppe_name": "Granitbordsteine als…",
        "projekt_id": "p_ferme_du_rail_paris",
        "projekt_name": "Ferme du Rail Paris",
        "stadt_name": "Paris",
        "geo_precision": "city_centroid_via_project"
      }
    },
    {
      "type": "Feature",
      "geometry": {
        "type": "Point",
        "coordinates": [
          2.3825154,
          48.9565669
        ]
      },
      "properties": {
        "entity_type": "Bauteilgruppe",
        "bauteilgruppe_id": "bg_naturstein_boden_granitpflaster_resilience",
        "bauteilgruppe_name": "Granitpflaster Résilience",
        "projekt_id": "p_resilience_la_ferme_des_possibles_stains",
        "projekt_name": "Résilience",
        "stadt_name": "Stains",
        "geo_precision": "city_centroid_via_project"
      }
    },
    {
      "type": "Feature",
      "geometry": {
        "type": "Point",
        "coordinates": [
          2.3825154,
          48.9565669
        ]
      },
      "properties": {
        "entity_type": "Bauteilgruppe",
        "bauteilgruppe_id": "bg_gusseisen_technik_gussradiatoren_resilience",
        "bauteilgruppe_name": "Gussradiatoren Résilience",
        "projekt_id": "p_resilience_la_ferme_des_possibles_stains",
        "projekt_name": "Résilience",
        "stadt_name": "Stains",
        "geo_precision": "city_centroid_via_project"
      }
    },
    {
      "type": "Feature",
      "geometry": {
        "type": "Point",
        "coordinates": [
          5.303116,
          51.6889387
        ]
      },
      "properties": {
        "entity_type": "Bauteilgruppe",
        "bauteilgruppe_id": "bg_holz_mehrere_boschgaard_hsb_balken_ausbau",
        "bauteilgruppe_name": "HSB-Holz Balken und…",
        "projekt_id": "p_woongroep_boschgaard_den_bosch",
        "projekt_name": "Woongroep Boschgaard…",
        "stadt_name": "s-Hertogenbosch",
        "geo_precision": "city_centroid_via_project"
      }
    },
    {
      "type": "Feature",
      "geometry": {
        "type": "Point",
        "coordinates": [
          6.0664961,
          50.8528002
        ]
      },
      "properties": {
        "entity_type": "Bauteilgruppe",
        "bauteilgruppe_id": "bg_mehrere_technik_superlocal_tga_heizkoerper_aluminiumrohre",
        "bauteilgruppe_name": "Heizkörper und Aluminium…",
        "projekt_id": "p_superlocal_expogebouw_bleijerheide",
        "projekt_name": "SUPERLOCAL Expogebouw",
        "stadt_name": "Bleijerheide / Kerkrade",
        "geo_precision": "city_centroid_via_project"
      }
    },
    {
      "type": "Feature",
      "geometry": {
        "type": "Point",
        "coordinates": [
          8.5410422,
          47.3744489
        ]
      },
      "properties": {
        "entity_type": "Bauteilgruppe",
        "bauteilgruppe_id": "bg_mehrere_technik_grubenstrasse_radiators_sanitary",
        "bauteilgruppe_name": "Heizkörper und Sanitärap…",
        "projekt_id": "p_grubenstrasse_29_werkhof_29_zuerich",
        "projekt_name": "Grubenstrasse 29",
        "stadt_name": "Zürich",
        "geo_precision": "city_centroid_via_project"
      }
    },
    {
      "type": "Feature",
      "geometry": {
        "type": "Point",
        "coordinates": [
          5.9108573,
          51.984257
        ]
      },
      "properties": {
        "entity_type": "Bauteilgruppe",
        "bauteilgruppe_id": "bg_stahlbeton_decke_ccn_hollow_core_slabs",
        "bauteilgruppe_name": "Hohlkoerperdecken",
        "projekt_id": "p_circular_centre_netherlands_prinsenhof_a_reuse_pilot",
        "projekt_name": "Circular Centre Netherla…",
        "stadt_name": "Arnhem",
        "geo_precision": "city_centroid_via_project"
      }
    },
    {
      "type": "Feature",
      "geometry": {
        "type": "Point",
        "coordinates": [
          6.0413984,
          52.4056303
        ]
      },
      "properties": {
        "entity_type": "Bauteilgruppe",
        "bauteilgruppe_id": "bg_stahlbeton_decke_ccn_hollow_core_slabs",
        "bauteilgruppe_name": "Hohlkoerperdecken",
        "projekt_id": "p_circular_centre_netherlands_prinsenhof_a_reuse_pilot",
        "projekt_name": "Circular Centre Netherla…",
        "stadt_name": "Heerde",
        "geo_precision": "city_centroid_via_project"
      }
    },
    {
      "type": "Feature",
      "geometry": {
        "type": "Point",
        "coordinates": [
          10.7389701,
          59.9133301
        ]
      },
      "properties": {
        "entity_type": "Bauteilgruppe",
        "bauteilgruppe_id": "bg_stahlbeton_decke_ka13_hollow_core_slabs",
        "bauteilgruppe_name": "Hohlkörperdecken aus…",
        "projekt_id": "p_ka13_kristian_augusts_gate_13_oslo",
        "projekt_name": "KA13",
        "stadt_name": "Oslo",
        "geo_precision": "city_centroid_via_project"
      }
    },
    {
      "type": "Feature",
      "geometry": {
        "type": "Point",
        "coordinates": [
          23.7616372,
          61.4977929
        ]
      },
      "properties": {
        "entity_type": "Bauteilgruppe",
        "bauteilgruppe_id": "bg_stahlbeton_decke_harmalanranta_hollow_core_slabs",
        "bauteilgruppe_name": "Hohlkörp… (Harmalanranta)",
        "projekt_id": "p_harmalanranta_a_kruunu_recreate_mini_pilot_tampere",
        "projekt_name": "Härmälänranta",
        "stadt_name": "Tampere",
        "geo_precision": "city_centroid_via_project"
      }
    },
    {
      "type": "Feature",
      "geometry": {
        "type": "Point",
        "coordinates": [
          -0.1400561,
          50.8214626
        ]
      },
      "properties": {
        "entity_type": "Bauteilgruppe",
        "bauteilgruppe_id": "bg_holz_mehrere_brighton_sperrholz",
        "bauteilgruppe_name": "Holz und Sperrholz aus…",
        "projekt_id": "p_brighton_waste_house_brighton",
        "projekt_name": "Brighton Waste House",
        "stadt_name": "Brighton",
        "geo_precision": "city_centroid_via_project"
      }
    },
    {
      "type": "Feature",
      "geometry": {
        "type": "Point",
        "coordinates": [
          13.3951309,
          52.5173885
        ]
      },
      "properties": {
        "entity_type": "Bauteilgruppe",
        "bauteilgruppe_id": "bg_mehrere_mehrere_crclr_wood_aluminium_windows",
        "bauteilgruppe_name": "Holz-Alu-Fenster",
        "projekt_id": "p_crclr_house_impact_hub_berlin",
        "projekt_name": "CRCLR House",
        "stadt_name": "Berlin",
        "geo_precision": "city_centroid_via_project"
      }
    },
    {
      "type": "Feature",
      "geometry": {
        "type": "Point",
        "coordinates": [
          12.4696107,
          55.7383794
        ]
      },
      "properties": {
        "entity_type": "Bauteilgruppe",
        "bauteilgruppe_id": "bg_holz_mehrere_svanen_dachbinder",
        "bauteilgruppe_name": "Holz-Dachbinder",
        "projekt_id": "p_svanen_kindergarten_gladsaxe",
        "projekt_name": "Svanen",
        "stadt_name": "Gladsaxe",
        "geo_precision": "city_centroid_via_project"
      }
    },
    {
      "type": "Feature",
      "geometry": {
        "type": "Point",
        "coordinates": [
          5.303116,
          51.6889387
        ]
      },
      "properties": {
        "entity_type": "Bauteilgruppe",
        "bauteilgruppe_id": "bg_holz_mehrere_boschgaard_dachspanten",
        "bauteilgruppe_name": "Holz-Dachspanten",
        "projekt_id": "p_woongroep_boschgaard_den_bosch",
        "projekt_name": "Woongroep Boschgaard…",
        "stadt_name": "s-Hertogenbosch",
        "geo_precision": "city_centroid_via_project"
      }
    },
    {
      "type": "Feature",
      "geometry": {
        "type": "Point",
        "coordinates": [
          10.2134046,
          56.1496278
        ]
      },
      "properties": {
        "entity_type": "Bauteilgruppe",
        "bauteilgruppe_id": "bg_holz_boden_trae_aarhus_holzboden_gellerup",
        "bauteilgruppe_name": "Holzböden aus alten…",
        "projekt_id": "p_trae_high_rise_aarhus",
        "projekt_name": "TRÆ High-Rise",
        "stadt_name": "Aarhus",
        "geo_precision": "city_centroid_via_project"
      }
    },
    {
      "type": "Feature",
      "geometry": {
        "type": "Point",
        "coordinates": [
          6.8705957,
          52.2233633
        ]
      },
      "properties": {
        "entity_type": "Bauteilgruppe",
        "bauteilgruppe_id": "bg_holz_fassade_villa_welpeloo_enschede_holzfassade_aus_kabeltrommeln",
        "bauteilgruppe_name": "Holzfassade aus Kabeltro…",
        "projekt_id": "p_villa_welpeloo_enschede",
        "projekt_name": "Villa Welpeloo Enschede",
        "stadt_name": "Enschede",
        "geo_precision": "city_centroid_via_project"
      }
    },
    {
      "type": "Feature",
      "geometry": {
        "type": "Point",
        "coordinates": [
          4.2501187,
          50.8395994
        ]
      },
      "properties": {
        "entity_type": "Bauteilgruppe",
        "bauteilgruppe_id": "bg_holz_fenster_chiro",
        "bauteilgruppe_name": "Holzfenster",
        "projekt_id": "p_chiro_d_itterbeek_dilbeek",
        "projekt_name": "Chiro d’Itterbeek",
        "stadt_name": "Dilbeek / Itterbeek",
        "geo_precision": "city_centroid_via_project"
      }
    },
    {
      "type": "Feature",
      "geometry": {
        "type": "Point",
        "coordinates": [
          3.9130606,
          51.4984694
        ]
      },
      "properties": {
        "entity_type": "Bauteilgruppe",
        "bauteilgruppe_id": "bg_mehrere_boden_ithaka_holzfussboeden_klinker",
        "bauteilgruppe_name": "Holzfußböden und…",
        "projekt_id": "p_jeugdkliniek_ithaka_emergis_kloetinge",
        "projekt_name": "Jeugdkliniek Ithaka",
        "stadt_name": "Kloetinge",
        "geo_precision": "city_centroid_via_project"
      }
    },
    {
      "type": "Feature",
      "geometry": {
        "type": "Point",
        "coordinates": [
          13.3951309,
          52.5173885
        ]
      },
      "properties": {
        "entity_type": "Bauteilgruppe",
        "bauteilgruppe_id": "bg_holz_mehrere_crclr_recycled_gallery_interior",
        "bauteilgruppe_name": "Holzgalerie (Crclr)",
        "projekt_id": "p_crclr_house_impact_hub_berlin",
        "projekt_name": "CRCLR House",
        "stadt_name": "Berlin",
        "geo_precision": "city_centroid_via_project"
      }
    },
    {
      "type": "Feature",
      "geometry": {
        "type": "Point",
        "coordinates": [
          13.3951309,
          52.5173885
        ]
      },
      "properties": {
        "entity_type": "Bauteilgruppe",
        "bauteilgruppe_id": "bg_holz_mehrere_impact_gallery",
        "bauteilgruppe_name": "Holzgalerie (Impact)",
        "projekt_id": "p_impact_hub_berlin_crclr_fitout",
        "projekt_name": "Impact Hub Berlin",
        "stadt_name": "Berlin",
        "geo_precision": "city_centroid_via_project"
      }
    },
    {
      "type": "Feature",
      "geometry": {
        "type": "Point",
        "coordinates": [
          13.3951309,
          52.5173885
        ]
      },
      "properties": {
        "entity_type": "Bauteilgruppe",
        "bauteilgruppe_id": "bg_holz_mehrere_impact_offcuts_phone_booths",
        "bauteilgruppe_name": "Holzlatten aus Tischlere…",
        "projekt_id": "p_impact_hub_berlin_crclr_fitout",
        "projekt_name": "Impact Hub Berlin",
        "stadt_name": "Berlin",
        "geo_precision": "city_centroid_via_project"
      }
    },
    {
      "type": "Feature",
      "geometry": {
        "type": "Point",
        "coordinates": [
          9.7385532,
          52.3744779
        ]
      },
      "properties": {
        "entity_type": "Bauteilgruppe",
        "bauteilgruppe_id": "bg_holz_mehrere_recyclinghaus_saunabank_holzleisten",
        "bauteilgruppe_name": "Holzleisten aus alten…",
        "projekt_id": "p_recyclinghaus_hannover",
        "projekt_name": "Recyclinghaus Hannover",
        "stadt_name": "Hannover",
        "geo_precision": "city_centroid_via_project"
      }
    },
    {
      "type": "Feature",
      "geometry": {
        "type": "Point",
        "coordinates": [
          -0.2972472,
          49.2041204
        ]
      },
      "properties": {
        "entity_type": "Bauteilgruppe",
        "bauteilgruppe_id": "bg_holz_mehrere_grande_halle_purlins_access_parts",
        "bauteilgruppe_name": "Holzpfetten",
        "projekt_id": "p_grande_halle_de_colombelles",
        "projekt_name": "Grande Halle de Colombel…",
        "stadt_name": "Colombelles",
        "geo_precision": "city_centroid_via_project"
      }
    },
    {
      "type": "Feature",
      "geometry": {
        "type": "Point",
        "coordinates": [
          12.4696107,
          55.7383794
        ]
      },
      "properties": {
        "entity_type": "Bauteilgruppe",
        "bauteilgruppe_id": "bg_holz_mehrere_svanen_sparren",
        "bauteilgruppe_name": "Holzrafters",
        "projekt_id": "p_svanen_kindergarten_gladsaxe",
        "projekt_name": "Svanen",
        "stadt_name": "Gladsaxe",
        "geo_precision": "city_centroid_via_project"
      }
    },
    {
      "type": "Feature",
      "geometry": {
        "type": "Point",
        "coordinates": [
          2.3483915,
          48.8534951
        ]
      },
      "properties": {
        "entity_type": "Bauteilgruppe",
        "bauteilgruppe_id": "bg_holz_mehrere_circular_pavilion_structure",
        "bauteilgruppe_name": "Holzstruktur aus…",
        "projekt_id": "p_circular_pavilion_paris",
        "projekt_name": "Circular Pavilion Paris",
        "stadt_name": "Paris",
        "geo_precision": "city_centroid_via_project"
      }
    },
    {
      "type": "Feature",
      "geometry": {
        "type": "Point",
        "coordinates": [
          3.9130606,
          51.4984694
        ]
      },
      "properties": {
        "entity_type": "Bauteilgruppe",
        "bauteilgruppe_id": "bg_holz_mehrere_ithaka_holztraeger_balken",
        "bauteilgruppe_name": "Holzträger",
        "projekt_id": "p_jeugdkliniek_ithaka_emergis_kloetinge",
        "projekt_name": "Jeugdkliniek Ithaka",
        "stadt_name": "Kloetinge",
        "geo_precision": "city_centroid_via_project"
      }
    },
    {
      "type": "Feature",
      "geometry": {
        "type": "Point",
        "coordinates": [
          12.1346523,
          50.4950632
        ]
      },
      "properties": {
        "entity_type": "Bauteilgruppe",
        "bauteilgruppe_id": "bg_stahlbeton_mehrere_plauen_iw73_6_precast_components",
        "bauteilgruppe_name": "IW73/6 precast concrete…",
        "projekt_id": "p_association_house_plauen",
        "projekt_name": "Vereinshaus Plauen",
        "stadt_name": "Plauen",
        "geo_precision": "city_centroid_via_project"
      }
    },
    {
      "type": "Feature",
      "geometry": {
        "type": "Point",
        "coordinates": [
          7.3022832,
          48.0968771
        ]
      },
      "properties": {
        "entity_type": "Bauteilgruppe",
        "bauteilgruppe_id": "bg_holz_ausbau_ingersheim_clt_secondary",
        "bauteilgruppe_name": "Ingersheim CLT-Ausbau",
        "projekt_id": "p_jugendtreff_ingersheim",
        "projekt_name": "Jugendtreff Ingersheim",
        "stadt_name": "Ingersheim",
        "geo_precision": "city_centroid_via_project"
      }
    },
    {
      "type": "Feature",
      "geometry": {
        "type": "Point",
        "coordinates": [
          7.3022832,
          48.0968771
        ]
      },
      "properties": {
        "entity_type": "Bauteilgruppe",
        "bauteilgruppe_id": "bg_holz_mehrere_ingersheim_clt_structure",
        "bauteilgruppe_name": "Ingersheim CLT-Bau",
        "projekt_id": "p_jugendtreff_ingersheim",
        "projekt_name": "Jugendtreff Ingersheim",
        "stadt_name": "Ingersheim",
        "geo_precision": "city_centroid_via_project"
      }
    },
    {
      "type": "Feature",
      "geometry": {
        "type": "Point",
        "coordinates": [
          3.9130606,
          51.4984694
        ]
      },
      "properties": {
        "entity_type": "Bauteilgruppe",
        "bauteilgruppe_id": "bg_mehrere_mehrere_ithaka_innentueren_beschlaege",
        "bauteilgruppe_name": "Innentüren mit Hang-…",
        "projekt_id": "p_jeugdkliniek_ithaka_emergis_kloetinge",
        "projekt_name": "Jeugdkliniek Ithaka",
        "stadt_name": "Kloetinge",
        "geo_precision": "city_centroid_via_project"
      }
    },
    {
      "type": "Feature",
      "geometry": {
        "type": "Point",
        "coordinates": [
          4.4908843,
          52.1594747
        ]
      },
      "properties": {
        "entity_type": "Bauteilgruppe",
        "bauteilgruppe_id": "bg_holz_wand_biopartner_5_innenwaende_trennwaende",
        "bauteilgruppe_name": "Innenwände und Trennwände",
        "projekt_id": "p_biopartner_5_leiden_oegstgeest",
        "projekt_name": "BioPartner 5",
        "stadt_name": "Leiden",
        "geo_precision": "city_centroid_via_project"
      }
    },
    {
      "type": "Feature",
      "geometry": {
        "type": "Point",
        "coordinates": [
          4.4738856,
          52.185433
        ]
      },
      "properties": {
        "entity_type": "Bauteilgruppe",
        "bauteilgruppe_id": "bg_holz_wand_biopartner_5_innenwaende_trennwaende",
        "bauteilgruppe_name": "Innenwände und Trennwände",
        "projekt_id": "p_biopartner_5_leiden_oegstgeest",
        "projekt_name": "BioPartner 5",
        "stadt_name": "Oegstgeest",
        "geo_precision": "city_centroid_via_project"
      }
    },
    {
      "type": "Feature",
      "geometry": {
        "type": "Point",
        "coordinates": [
          4.2015646,
          50.9094333
        ]
      },
      "properties": {
        "entity_type": "Bauteilgruppe",
        "bauteilgruppe_id": "bg_holz_mehrere_maison_dna_new_inner_box_context",
        "bauteilgruppe_name": "Innere Holzrahmenbox…",
        "projekt_id": "p_maison_dna_asse",
        "projekt_name": "Maison DnA",
        "stadt_name": "Asse",
        "geo_precision": "city_centroid_via_project"
      }
    },
    {
      "type": "Feature",
      "geometry": {
        "type": "Point",
        "coordinates": [
          -71.2245003,
          42.4473175
        ]
      },
      "properties": {
        "entity_type": "Bauteilgruppe",
        "bauteilgruppe_id": "bg_stahlbeton_mehrere_big_dig_house_inverset_panels",
        "bauteilgruppe_name": "Inverset-Stahlbetonpanee…",
        "projekt_id": "p_big_dig_house_lexington_massachusetts",
        "projekt_name": "Big Dig House",
        "stadt_name": "Lexington, Massachusetts",
        "geo_precision": "city_centroid_via_project"
      }
    },
    {
      "type": "Feature",
      "geometry": {
        "type": "Point",
        "coordinates": [
          4.352493,
          50.8467372
        ]
      },
      "properties": {
        "entity_type": "Bauteilgruppe",
        "bauteilgruppe_id": "bg_mehrere_mehrere_verbiest_karreveld_decken_leuchten",
        "bauteilgruppe_name": "Karreveld abgehängte…",
        "projekt_id": "p_verbiest_karreveld_brussels",
        "projekt_name": "Verbiest + Karreveld",
        "stadt_name": "Brüssel",
        "geo_precision": "city_centroid_via_project"
      }
    },
    {
      "type": "Feature",
      "geometry": {
        "type": "Point",
        "coordinates": [
          4.352493,
          50.8467372
        ]
      },
      "properties": {
        "entity_type": "Bauteilgruppe",
        "bauteilgruppe_id": "bg_mehrere_mehrere_verbiest_karreveld_innenwand_modular",
        "bauteilgruppe_name": "Karreveld modulares…",
        "projekt_id": "p_verbiest_karreveld_brussels",
        "projekt_name": "Verbiest + Karreveld",
        "stadt_name": "Brüssel",
        "geo_precision": "city_centroid_via_project"
      }
    },
    {
      "type": "Feature",
      "geometry": {
        "type": "Point",
        "coordinates": [
          4.352493,
          50.8467372
        ]
      },
      "properties": {
        "entity_type": "Bauteilgruppe",
        "bauteilgruppe_id": "bg_stahl_technik_zinneke_feder_lueftung",
        "bauteilgruppe_name": "Kompletter Lüftungsverbu…",
        "projekt_id": "p_zinneke_feder_masui4ever_brussels",
        "projekt_name": "Zinneke",
        "stadt_name": "Brüssel",
        "geo_precision": "city_centroid_via_project"
      }
    },
    {
      "type": "Feature",
      "geometry": {
        "type": "Point",
        "coordinates": [
          10.5655779,
          51.250281
        ]
      },
      "properties": {
        "entity_type": "Bauteilgruppe",
        "bauteilgruppe_id": "bg_mehrere_mehrere_christ_pavilion_cloister_glass_facade",
        "bauteilgruppe_name": "Kreuzgang",
        "projekt_id": "p_christ_pavilion_volkenroda",
        "projekt_name": "Christus-Pavillon",
        "stadt_name": "Volkenroda / Koerner",
        "geo_precision": "city_centroid_via_project"
      }
    },
    {
      "type": "Feature",
      "geometry": {
        "type": "Point",
        "coordinates": [
          12.5700724,
          55.6867243
        ]
      },
      "properties": {
        "entity_type": "Bauteilgruppe",
        "bauteilgruppe_id": "bg_mehrere_mehrere_thoravej_kunststofffenster_bestand",
        "bauteilgruppe_name": "Kunststofffenster im…",
        "projekt_id": "p_thoravej_29_copenhagen",
        "projekt_name": "Thoravej 29 Copenhagen",
        "stadt_name": "Kopenhagen",
        "geo_precision": "city_centroid_via_project"
      }
    },
    {
      "type": "Feature",
      "geometry": {
        "type": "Point",
        "coordinates": [
          4.2501187,
          50.8395994
        ]
      },
      "properties": {
        "entity_type": "Bauteilgruppe",
        "bauteilgruppe_id": "bg_unbekannt_technik_chiro_luminaires",
        "bauteilgruppe_name": "Leuchten",
        "projekt_id": "p_chiro_d_itterbeek_dilbeek",
        "projekt_name": "Chiro d’Itterbeek",
        "stadt_name": "Dilbeek / Itterbeek",
        "geo_precision": "city_centroid_via_project"
      }
    },
    {
      "type": "Feature",
      "geometry": {
        "type": "Point",
        "coordinates": [
          2.3825154,
          48.9565669
        ]
      },
      "properties": {
        "entity_type": "Bauteilgruppe",
        "bauteilgruppe_id": "bg_mehrere_technik_leuchten_resilience",
        "bauteilgruppe_name": "Leuchten Résilience",
        "projekt_id": "p_resilience_la_ferme_des_possibles_stains",
        "projekt_name": "Résilience",
        "stadt_name": "Stains",
        "geo_precision": "city_centroid_via_project"
      }
    },
    {
      "type": "Feature",
      "geometry": {
        "type": "Point",
        "coordinates": [
          23.7616372,
          61.4977929
        ]
      },
      "properties": {
        "entity_type": "Bauteilgruppe",
        "bauteilgruppe_id": "bg_mehrere_decke_harmalanranta_shelter_deck_zone",
        "bauteilgruppe_name": "Luftschutzraum-Deckenber…",
        "projekt_id": "p_harmalanranta_a_kruunu_recreate_mini_pilot_tampere",
        "projekt_name": "Härmälänranta",
        "stadt_name": "Tampere",
        "geo_precision": "city_centroid_via_project"
      }
    },
    {
      "type": "Feature",
      "geometry": {
        "type": "Point",
        "coordinates": [
          7.5878261,
          47.5581077
        ]
      },
      "properties": {
        "entity_type": "Bauteilgruppe",
        "bauteilgruppe_id": "bg_mehrere_fassade_lysp8_external_mix",
        "bauteilgruppe_name": "LysP8 Fassade-Mix",
        "projekt_id": "p_lysp8_basel",
        "projekt_name": "LYSP8 Basel",
        "stadt_name": "Basel",
        "geo_precision": "city_centroid_via_project"
      }
    },
    {
      "type": "Feature",
      "geometry": {
        "type": "Point",
        "coordinates": [
          7.5878261,
          47.5581077
        ]
      },
      "properties": {
        "entity_type": "Bauteilgruppe",
        "bauteilgruppe_id": "bg_metall_boden_lysp8_grating_steps",
        "bauteilgruppe_name": "LysP8 Gitterrost",
        "projekt_id": "p_lysp8_basel",
        "projekt_name": "LYSP8 Basel",
        "stadt_name": "Basel",
        "geo_precision": "city_centroid_via_project"
      }
    },
    {
      "type": "Feature",
      "geometry": {
        "type": "Point",
        "coordinates": [
          7.5878261,
          47.5581077
        ]
      },
      "properties": {
        "entity_type": "Bauteilgruppe",
        "bauteilgruppe_id": "bg_holz_ausbau_lysp8_kitchens",
        "bauteilgruppe_name": "LysP8 Küchen ZH-Wohns.",
        "projekt_id": "p_lysp8_basel",
        "projekt_name": "LYSP8 Basel",
        "stadt_name": "Basel",
        "geo_precision": "city_centroid_via_project"
      }
    },
    {
      "type": "Feature",
      "geometry": {
        "type": "Point",
        "coordinates": [
          7.5878261,
          47.5581077
        ]
      },
      "properties": {
        "entity_type": "Bauteilgruppe",
        "bauteilgruppe_id": "bg_mehrere_ausbau_lysp8_doors_tiles",
        "bauteilgruppe_name": "LysP8 Türen+Fliesen",
        "projekt_id": "p_lysp8_basel",
        "projekt_name": "LYSP8 Basel",
        "stadt_name": "Basel",
        "geo_precision": "city_centroid_via_project"
      }
    },
    {
      "type": "Feature",
      "geometry": {
        "type": "Point",
        "coordinates": [
          -0.1277653,
          51.5074456
        ]
      },
      "properties": {
        "entity_type": "Bauteilgruppe",
        "bauteilgruppe_id": "bg_naturstein_mehrere_plp_marble_feste_oberflaechen",
        "bauteilgruppe_name": "Marble",
        "projekt_id": "p_plp_london_hq_circular_studio_fitout",
        "projekt_name": "PLP London HQ circular…",
        "stadt_name": "London",
        "geo_precision": "city_centroid_via_project"
      }
    },
    {
      "type": "Feature",
      "geometry": {
        "type": "Point",
        "coordinates": [
          10.5655779,
          51.250281
        ]
      },
      "properties": {
        "entity_type": "Bauteilgruppe",
        "bauteilgruppe_id": "bg_mehrere_mehrere_christ_pavilion_marble_glass_wall",
        "bauteilgruppe_name": "Marmor-Glas-Wand…",
        "projekt_id": "p_christ_pavilion_volkenroda",
        "projekt_name": "Christus-Pavillon",
        "stadt_name": "Volkenroda / Koerner",
        "geo_precision": "city_centroid_via_project"
      }
    },
    {
      "type": "Feature",
      "geometry": {
        "type": "Point",
        "coordinates": [
          -0.1277653,
          51.5074456
        ]
      },
      "properties": {
        "entity_type": "Bauteilgruppe",
        "bauteilgruppe_id": "bg_mehrere_ausbau_plp_materialbibliothek_oberflaechen",
        "bauteilgruppe_name": "Materialbibliothek-Oberf…",
        "projekt_id": "p_plp_london_hq_circular_studio_fitout",
        "projekt_name": "PLP London HQ circular…",
        "stadt_name": "London",
        "geo_precision": "city_centroid_via_project"
      }
    },
    {
      "type": "Feature",
      "geometry": {
        "type": "Point",
        "coordinates": [
          16.3725042,
          48.2083537
        ]
      },
      "properties": {
        "entity_type": "Bauteilgruppe",
        "bauteilgruppe_id": "bg_metall_ausbau_medunicampus_bike_workshop",
        "bauteilgruppe_name": "MedUni Fahrradwerkst.",
        "projekt_id": "p_meduni_campus_mariannengasse",
        "projekt_name": "MedUni Campus Wien",
        "stadt_name": "Wien",
        "geo_precision": "city_centroid_via_project"
      }
    },
    {
      "type": "Feature",
      "geometry": {
        "type": "Point",
        "coordinates": [
          16.3725042,
          48.2083537
        ]
      },
      "properties": {
        "entity_type": "Bauteilgruppe",
        "bauteilgruppe_id": "bg_mehrere_technik_medunicampus_paternoster",
        "bauteilgruppe_name": "MedUni Paternoster",
        "projekt_id": "p_meduni_campus_mariannengasse",
        "projekt_name": "MedUni Campus Wien",
        "stadt_name": "Wien",
        "geo_precision": "city_centroid_via_project"
      }
    },
    {
      "type": "Feature",
      "geometry": {
        "type": "Point",
        "coordinates": [
          16.3725042,
          48.2083537
        ]
      },
      "properties": {
        "entity_type": "Bauteilgruppe",
        "bauteilgruppe_id": "bg_metall_ausbau_medunicampus_heavy_shelves",
        "bauteilgruppe_name": "MedUni Schwerlastreg.",
        "projekt_id": "p_meduni_campus_mariannengasse",
        "projekt_name": "MedUni Campus Wien",
        "stadt_name": "Wien",
        "geo_precision": "city_centroid_via_project"
      }
    },
    {
      "type": "Feature",
      "geometry": {
        "type": "Point",
        "coordinates": [
          16.3725042,
          48.2083537
        ]
      },
      "properties": {
        "entity_type": "Bauteilgruppe",
        "bauteilgruppe_id": "bg_holz_wand_medunicampus_doors_as_cladding",
        "bauteilgruppe_name": "MedUni Türen→Wand",
        "projekt_id": "p_meduni_campus_mariannengasse",
        "projekt_name": "MedUni Campus Wien",
        "stadt_name": "Wien",
        "geo_precision": "city_centroid_via_project"
      }
    },
    {
      "type": "Feature",
      "geometry": {
        "type": "Point",
        "coordinates": [
          9.7385532,
          52.3744779
        ]
      },
      "properties": {
        "entity_type": "Bauteilgruppe",
        "bauteilgruppe_id": "bg_holz_mehrere_recyclinghaus_messebauplatten_innenausbau",
        "bauteilgruppe_name": "Messebauplatten als…",
        "projekt_id": "p_recyclinghaus_hannover",
        "projekt_name": "Recyclinghaus Hannover",
        "stadt_name": "Hannover",
        "geo_precision": "city_centroid_via_project"
      }
    },
    {
      "type": "Feature",
      "geometry": {
        "type": "Point",
        "coordinates": [
          -0.2972472,
          49.2041204
        ]
      },
      "properties": {
        "entity_type": "Bauteilgruppe",
        "bauteilgruppe_id": "bg_stahl_traeger_grande_halle_metal",
        "bauteilgruppe_name": "Metallträger",
        "projekt_id": "p_grande_halle_de_colombelles",
        "projekt_name": "Grande Halle de Colombel…",
        "stadt_name": "Colombelles",
        "geo_precision": "city_centroid_via_project"
      }
    },
    {
      "type": "Feature",
      "geometry": {
        "type": "Point",
        "coordinates": [
          2.3483915,
          48.8534951
        ]
      },
      "properties": {
        "entity_type": "Bauteilgruppe",
        "bauteilgruppe_id": "bg_daemmstoff_daemmung_circular_pavilion_mineral_wool",
        "bauteilgruppe_name": "Mineral-/Steinwolle als…",
        "projekt_id": "p_circular_pavilion_paris",
        "projekt_name": "Circular Pavilion Paris",
        "stadt_name": "Paris",
        "geo_precision": "city_centroid_via_project"
      }
    },
    {
      "type": "Feature",
      "geometry": {
        "type": "Point",
        "coordinates": [
          -0.2972472,
          49.2041204
        ]
      },
      "properties": {
        "entity_type": "Bauteilgruppe",
        "bauteilgruppe_id": "bg_daemmstoff_daemmung_grande_halle_mineral_wool",
        "bauteilgruppe_name": "Mineralwolle-Dämmung",
        "projekt_id": "p_grande_halle_de_colombelles",
        "projekt_name": "Grande Halle de Colombel…",
        "stadt_name": "Colombelles",
        "geo_precision": "city_centroid_via_project"
      }
    },
    {
      "type": "Feature",
      "geometry": {
        "type": "Point",
        "coordinates": [
          8.7291498,
          47.4991723
        ]
      },
      "properties": {
        "entity_type": "Bauteilgruppe",
        "bauteilgruppe_id": "bg_mehrere_mehrere_k118_floor_finishes_bricks_panels",
        "bauteilgruppe_name": "Naturstein-/Granitplatten",
        "projekt_id": "p_k118_kopfbau_halle_118_winterthur",
        "projekt_name": "K.118 Winterthur",
        "stadt_name": "Winterthur",
        "geo_precision": "city_centroid_via_project"
      }
    },
    {
      "type": "Feature",
      "geometry": {
        "type": "Point",
        "coordinates": [
          5.1215634,
          52.0907006
        ]
      },
      "properties": {
        "entity_type": "Bauteilgruppe",
        "bauteilgruppe_id": "bg_stahl_mehrere_green_house_demontables_stahltragwerk",
        "bauteilgruppe_name": "Neues demontierbares…",
        "projekt_id": "p_the_green_house_utrecht",
        "projekt_name": "The Green House Utrecht",
        "stadt_name": "Utrecht",
        "geo_precision": "city_centroid_via_project"
      }
    },
    {
      "type": "Feature",
      "geometry": {
        "type": "Point",
        "coordinates": [
          10.5655779,
          51.250281
        ]
      },
      "properties": {
        "entity_type": "Bauteilgruppe",
        "bauteilgruppe_id": "bg_stahl_stuetze_christ_pavilion_cross",
        "bauteilgruppe_name": "Neun kreuzfoermige…",
        "projekt_id": "p_christ_pavilion_volkenroda",
        "projekt_name": "Christus-Pavillon",
        "stadt_name": "Volkenroda / Koerner",
        "geo_precision": "city_centroid_via_project"
      }
    },
    {
      "type": "Feature",
      "geometry": {
        "type": "Point",
        "coordinates": [
          13.3951309,
          52.5173885
        ]
      },
      "properties": {
        "entity_type": "Bauteilgruppe",
        "bauteilgruppe_id": "bg_beton_mehrere_plattenvereinigung_betonfertigteile",
        "bauteilgruppe_name": "Ost- und westdeutsche…",
        "projekt_id": "p_plattenvereinigung_berlin",
        "projekt_name": "Plattenvereinigung Berlin",
        "stadt_name": "Berlin",
        "geo_precision": "city_centroid_via_project"
      }
    },
    {
      "type": "Feature",
      "geometry": {
        "type": "Point",
        "coordinates": [
          14.1843401,
          51.4290081
        ]
      },
      "properties": {
        "entity_type": "Bauteilgruppe",
        "bauteilgruppe_id": "bg_stahlbeton_decke_broethen_p2_deckenplatten",
        "bauteilgruppe_name": "P2-Deckenplatten",
        "projekt_id": "p_broethen_twin_house_hoyerswerda",
        "projekt_name": "Broethen Twin-House",
        "stadt_name": "Hoyerswerda / Broethen",
        "geo_precision": "city_centroid_via_project"
      }
    },
    {
      "type": "Feature",
      "geometry": {
        "type": "Point",
        "coordinates": [
          14.1843401,
          51.4290081
        ]
      },
      "properties": {
        "entity_type": "Bauteilgruppe",
        "bauteilgruppe_id": "bg_stahlbeton_wand_broethen_p2_wandplatten",
        "bauteilgruppe_name": "P2-Wandplatten",
        "projekt_id": "p_broethen_twin_house_hoyerswerda",
        "projekt_name": "Broethen Twin-House",
        "stadt_name": "Hoyerswerda / Broethen",
        "geo_precision": "city_centroid_via_project"
      }
    },
    {
      "type": "Feature",
      "geometry": {
        "type": "Point",
        "coordinates": [
          4.4908843,
          52.1594747
        ]
      },
      "properties": {
        "entity_type": "Bauteilgruppe",
        "bauteilgruppe_id": "bg_naturstein_boden_biopartner_5_pflaster_bodenmaterial",
        "bauteilgruppe_name": "Pflaster-",
        "projekt_id": "p_biopartner_5_leiden_oegstgeest",
        "projekt_name": "BioPartner 5",
        "stadt_name": "Leiden",
        "geo_precision": "city_centroid_via_project"
      }
    },
    {
      "type": "Feature",
      "geometry": {
        "type": "Point",
        "coordinates": [
          4.4738856,
          52.185433
        ]
      },
      "properties": {
        "entity_type": "Bauteilgruppe",
        "bauteilgruppe_id": "bg_naturstein_boden_biopartner_5_pflaster_bodenmaterial",
        "bauteilgruppe_name": "Pflaster-",
        "projekt_id": "p_biopartner_5_leiden_oegstgeest",
        "projekt_name": "BioPartner 5",
        "stadt_name": "Oegstgeest",
        "geo_precision": "city_centroid_via_project"
      }
    },
    {
      "type": "Feature",
      "geometry": {
        "type": "Point",
        "coordinates": [
          5.1215634,
          52.0907006
        ]
      },
      "properties": {
        "entity_type": "Bauteilgruppe",
        "bauteilgruppe_id": "bg_mehrere_boden_green_house_pflasterklinker",
        "bauteilgruppe_name": "Pflasterklinker Erdgesch…",
        "projekt_id": "p_the_green_house_utrecht",
        "projekt_name": "The Green House Utrecht",
        "stadt_name": "Utrecht",
        "geo_precision": "city_centroid_via_project"
      }
    },
    {
      "type": "Feature",
      "geometry": {
        "type": "Point",
        "coordinates": [
          6.8705957,
          52.2233633
        ]
      },
      "properties": {
        "entity_type": "Bauteilgruppe",
        "bauteilgruppe_id": "bg_kunststoff_daemmung_welpeloo_polystyrol_restplatten",
        "bauteilgruppe_name": "Polystyrol-Dämmplatten…",
        "projekt_id": "p_villa_welpeloo_enschede",
        "projekt_name": "Villa Welpeloo Enschede",
        "stadt_name": "Enschede",
        "geo_precision": "city_centroid_via_project"
      }
    },
    {
      "type": "Feature",
      "geometry": {
        "type": "Point",
        "coordinates": [
          5.1215634,
          52.0907006
        ]
      },
      "properties": {
        "entity_type": "Bauteilgruppe",
        "bauteilgruppe_id": "bg_holz_mehrere_green_house_preused_holzdecke",
        "bauteilgruppe_name": "Pre-used wood Geschossde…",
        "projekt_id": "p_the_green_house_utrecht",
        "projekt_name": "The Green House Utrecht",
        "stadt_name": "Utrecht",
        "geo_precision": "city_centroid_via_project"
      }
    },
    {
      "type": "Feature",
      "geometry": {
        "type": "Point",
        "coordinates": [
          5.9108573,
          51.984257
        ]
      },
      "properties": {
        "entity_type": "Bauteilgruppe",
        "bauteilgruppe_id": "bg_stahlbeton_mehrere_ccn_prefab_facade_elements",
        "bauteilgruppe_name": "Prefab-Fassadenelemente",
        "projekt_id": "p_circular_centre_netherlands_prinsenhof_a_reuse_pilot",
        "projekt_name": "Circular Centre Netherla…",
        "stadt_name": "Arnhem",
        "geo_precision": "city_centroid_via_project"
      }
    },
    {
      "type": "Feature",
      "geometry": {
        "type": "Point",
        "coordinates": [
          6.0413984,
          52.4056303
        ]
      },
      "properties": {
        "entity_type": "Bauteilgruppe",
        "bauteilgruppe_id": "bg_stahlbeton_mehrere_ccn_prefab_facade_elements",
        "bauteilgruppe_name": "Prefab-Fassadenelemente",
        "projekt_id": "p_circular_centre_netherlands_prinsenhof_a_reuse_pilot",
        "projekt_name": "Circular Centre Netherla…",
        "stadt_name": "Heerde",
        "geo_precision": "city_centroid_via_project"
      }
    },
    {
      "type": "Feature",
      "geometry": {
        "type": "Point",
        "coordinates": [
          5.478633,
          51.4392648
        ]
      },
      "properties": {
        "entity_type": "Bauteilgruppe",
        "bauteilgruppe_id": "bg_kunststoff_fassade_peoples_pavilion_pretty_plastic_shingles",
        "bauteilgruppe_name": "Pretty Plastic Schindeln…",
        "projekt_id": "p_peoples_pavilion_eindhoven",
        "projekt_name": "People’s Pavilion…",
        "stadt_name": "Eindhoven",
        "geo_precision": "city_centroid_via_project"
      }
    },
    {
      "type": "Feature",
      "geometry": {
        "type": "Point",
        "coordinates": [
          9.7385532,
          52.3744779
        ]
      },
      "properties": {
        "entity_type": "Bauteilgruppe",
        "bauteilgruppe_id": "bg_glas_mehrere_recyclinghaus_profilbauglas",
        "bauteilgruppe_name": "Profilbauglas aus alter…",
        "projekt_id": "p_recyclinghaus_hannover",
        "projekt_name": "Recyclinghaus Hannover",
        "stadt_name": "Hannover",
        "geo_precision": "city_centroid_via_project"
      }
    },
    {
      "type": "Feature",
      "geometry": {
        "type": "Point",
        "coordinates": [
          -0.2972472,
          49.2041204
        ]
      },
      "properties": {
        "entity_type": "Bauteilgruppe",
        "bauteilgruppe_id": "bg_mehrere_technik_grande_halle_radiators",
        "bauteilgruppe_name": "Radiatoren (Grande Halle)",
        "projekt_id": "p_grande_halle_de_colombelles",
        "projekt_name": "Grande Halle de Colombel…",
        "stadt_name": "Colombelles",
        "geo_precision": "city_centroid_via_project"
      }
    },
    {
      "type": "Feature",
      "geometry": {
        "type": "Point",
        "coordinates": [
          10.7389701,
          59.9133301
        ]
      },
      "properties": {
        "entity_type": "Bauteilgruppe",
        "bauteilgruppe_id": "bg_mehrere_technik_ka13_tga_sanitary_radiators",
        "bauteilgruppe_name": "Radiatoren (Ka13)",
        "projekt_id": "p_ka13_kristian_augusts_gate_13_oslo",
        "projekt_name": "KA13",
        "stadt_name": "Oslo",
        "geo_precision": "city_centroid_via_project"
      }
    },
    {
      "type": "Feature",
      "geometry": {
        "type": "Point",
        "coordinates": [
          -71.2245003,
          42.4473175
        ]
      },
      "properties": {
        "entity_type": "Bauteilgruppe",
        "bauteilgruppe_id": "bg_mehrere_mehrere_big_dig_house_ramp_pier_roadway_components",
        "bauteilgruppe_name": "Ramp-, Pier- und…",
        "projekt_id": "p_big_dig_house_lexington_massachusetts",
        "projekt_name": "Big Dig House",
        "stadt_name": "Lexington, Massachusetts",
        "geo_precision": "city_centroid_via_project"
      }
    },
    {
      "type": "Feature",
      "geometry": {
        "type": "Point",
        "coordinates": [
          5.1215634,
          52.0907006
        ]
      },
      "properties": {
        "entity_type": "Bauteilgruppe",
        "bauteilgruppe_id": "bg_glas_mehrere_green_house_rauchglas_fassade",
        "bauteilgruppe_name": "Rauchglas-Fassadenpaneele",
        "projekt_id": "p_the_green_house_utrecht",
        "projekt_name": "The Green House Utrecht",
        "stadt_name": "Utrecht",
        "geo_precision": "city_centroid_via_project"
      }
    },
    {
      "type": "Feature",
      "geometry": {
        "type": "Point",
        "coordinates": [
          13.3951309,
          52.5173885
        ]
      },
      "properties": {
        "entity_type": "Bauteilgruppe",
        "bauteilgruppe_id": "bg_textil_mehrere_impact_recycled_felt_panels",
        "bauteilgruppe_name": "Recycelte Filzpaneele…",
        "projekt_id": "p_impact_hub_berlin_crclr_fitout",
        "projekt_name": "Impact Hub Berlin",
        "stadt_name": "Berlin",
        "geo_precision": "city_centroid_via_project"
      }
    },
    {
      "type": "Feature",
      "geometry": {
        "type": "Point",
        "coordinates": [
          12.5700724,
          55.6867243
        ]
      },
      "properties": {
        "entity_type": "Bauteilgruppe",
        "bauteilgruppe_id": "bg_mehrere_mehrere_upcycle_recyclingbeton_metro",
        "bauteilgruppe_name": "Recyclingbeton aus…",
        "projekt_id": "p_upcycle_studios_copenhagen",
        "projekt_name": "Upcycle Studios Copenhag…",
        "stadt_name": "Kopenhagen",
        "geo_precision": "city_centroid_via_project"
      }
    },
    {
      "type": "Feature",
      "geometry": {
        "type": "Point",
        "coordinates": [
          9.7385532,
          52.3744779
        ]
      },
      "properties": {
        "entity_type": "Bauteilgruppe",
        "bauteilgruppe_id": "bg_recyclingbeton_mehrere_recyclinghaus_fundament",
        "bauteilgruppe_name": "Recyclingbeton in…",
        "projekt_id": "p_recyclinghaus_hannover",
        "projekt_name": "Recyclinghaus Hannover",
        "stadt_name": "Hannover",
        "geo_precision": "city_centroid_via_project"
      }
    },
    {
      "type": "Feature",
      "geometry": {
        "type": "Point",
        "coordinates": [
          13.3951309,
          52.5173885
        ]
      },
      "properties": {
        "entity_type": "Bauteilgruppe",
        "bauteilgruppe_id": "bg_mdf_ausbau_impact_red_mdf_reception",
        "bauteilgruppe_name": "Red MDF boards als…",
        "projekt_id": "p_impact_hub_berlin_crclr_fitout",
        "projekt_name": "Impact Hub Berlin",
        "stadt_name": "Berlin",
        "geo_precision": "city_centroid_via_project"
      }
    },
    {
      "type": "Feature",
      "geometry": {
        "type": "Point",
        "coordinates": [
          -0.1277653,
          51.5074456
        ]
      },
      "properties": {
        "entity_type": "Bauteilgruppe",
        "bauteilgruppe_id": "bg_stahl_mehrere_hof_self_columns",
        "bauteilgruppe_name": "Refabrizierte Stahlstütz…",
        "projekt_id": "p_house_of_fraser_318_oxford_street_tbc_london_reuse_chain",
        "projekt_name": "House of Fraser",
        "stadt_name": "London",
        "geo_precision": "city_centroid_via_project"
      }
    },
    {
      "type": "Feature",
      "geometry": {
        "type": "Point",
        "coordinates": [
          -0.1277653,
          51.5074456
        ]
      },
      "properties": {
        "entity_type": "Bauteilgruppe",
        "bauteilgruppe_id": "bg_stahl_mehrere_tbc_repurposed_cleveland",
        "bauteilgruppe_name": "Repurposed Cleveland…",
        "projekt_id": "p_house_of_fraser_318_oxford_street_tbc_london_reuse_chain",
        "projekt_name": "House of Fraser",
        "stadt_name": "London",
        "geo_precision": "city_centroid_via_project"
      }
    },
    {
      "type": "Feature",
      "geometry": {
        "type": "Point",
        "coordinates": [
          7.5878261,
          47.5581077
        ]
      },
      "properties": {
        "entity_type": "Bauteilgruppe",
        "bauteilgruppe_id": "bg_holz_fassade_elys_reuse_system",
        "bauteilgruppe_name": "Reuse-Fassade als…",
        "projekt_id": "p_elys_kultur_gewerbehaus_basel",
        "projekt_name": "ELYS Kultur- und…",
        "stadt_name": "Basel",
        "geo_precision": "city_centroid_via_project"
      }
    },
    {
      "type": "Feature",
      "geometry": {
        "type": "Point",
        "coordinates": [
          8.5410422,
          47.3744489
        ]
      },
      "properties": {
        "entity_type": "Bauteilgruppe",
        "bauteilgruppe_id": "bg_mehrere_mehrere_moeoeslistrasse_sanitaer_kueche",
        "bauteilgruppe_name": "Sanitärapparate und…",
        "projekt_id": "p_kindergarten_moeoeslistrasse_manegg_zuerich",
        "projekt_name": "Kindergarten Mööslistras…",
        "stadt_name": "Zürich",
        "geo_precision": "city_centroid_via_project"
      }
    },
    {
      "type": "Feature",
      "geometry": {
        "type": "Point",
        "coordinates": [
          4.2501187,
          50.8395994
        ]
      },
      "properties": {
        "entity_type": "Bauteilgruppe",
        "bauteilgruppe_id": "bg_mehrere_technik_chiro_sanitary_fixtures",
        "bauteilgruppe_name": "Sanitärobjekte (Chiro)",
        "projekt_id": "p_chiro_d_itterbeek_dilbeek",
        "projekt_name": "Chiro d’Itterbeek",
        "stadt_name": "Dilbeek / Itterbeek",
        "geo_precision": "city_centroid_via_project"
      }
    },
    {
      "type": "Feature",
      "geometry": {
        "type": "Point",
        "coordinates": [
          13.3951309,
          52.5173885
        ]
      },
      "properties": {
        "entity_type": "Bauteilgruppe",
        "bauteilgruppe_id": "bg_keramik_technik_crclr_sanitary_objects",
        "bauteilgruppe_name": "Sanitärobjekte (Crclr)",
        "projekt_id": "p_crclr_house_impact_hub_berlin",
        "projekt_name": "CRCLR House",
        "stadt_name": "Berlin",
        "geo_precision": "city_centroid_via_project"
      }
    },
    {
      "type": "Feature",
      "geometry": {
        "type": "Point",
        "coordinates": [
          2.3825154,
          48.9565669
        ]
      },
      "properties": {
        "entity_type": "Bauteilgruppe",
        "bauteilgruppe_id": "bg_keramik_technik_sanitarobjekte_resilience",
        "bauteilgruppe_name": "Sanitärobjekte Résilience",
        "projekt_id": "p_resilience_la_ferme_des_possibles_stains",
        "projekt_name": "Résilience",
        "stadt_name": "Stains",
        "geo_precision": "city_centroid_via_project"
      }
    },
    {
      "type": "Feature",
      "geometry": {
        "type": "Point",
        "coordinates": [
          4.4908843,
          52.1594747
        ]
      },
      "properties": {
        "entity_type": "Bauteilgruppe",
        "bauteilgruppe_id": "bg_keramik_technik_biopartner_5_sanitaerobjekte",
        "bauteilgruppe_name": "Sanitärobje… (Biopartner)",
        "projekt_id": "p_biopartner_5_leiden_oegstgeest",
        "projekt_name": "BioPartner 5",
        "stadt_name": "Leiden",
        "geo_precision": "city_centroid_via_project"
      }
    },
    {
      "type": "Feature",
      "geometry": {
        "type": "Point",
        "coordinates": [
          4.4738856,
          52.185433
        ]
      },
      "properties": {
        "entity_type": "Bauteilgruppe",
        "bauteilgruppe_id": "bg_keramik_technik_biopartner_5_sanitaerobjekte",
        "bauteilgruppe_name": "Sanitärobje… (Biopartner)",
        "projekt_id": "p_biopartner_5_leiden_oegstgeest",
        "projekt_name": "BioPartner 5",
        "stadt_name": "Oegstgeest",
        "geo_precision": "city_centroid_via_project"
      }
    },
    {
      "type": "Feature",
      "geometry": {
        "type": "Point",
        "coordinates": [
          -0.2972472,
          49.2041204
        ]
      },
      "properties": {
        "entity_type": "Bauteilgruppe",
        "bauteilgruppe_id": "bg_mehrere_technik_grande_halle_sanitary_objects",
        "bauteilgruppe_name": "Sanitärob… (Grande Halle)",
        "projekt_id": "p_grande_halle_de_colombelles",
        "projekt_name": "Grande Halle de Colombel…",
        "stadt_name": "Colombelles",
        "geo_precision": "city_centroid_via_project"
      }
    },
    {
      "type": "Feature",
      "geometry": {
        "type": "Point",
        "coordinates": [
          2.3483915,
          48.8534951
        ]
      },
      "properties": {
        "entity_type": "Bauteilgruppe",
        "bauteilgruppe_id": "bg_mehrere_mehrere_maison_des_canaux_sanitary_parts",
        "bauteilgruppe_name": "Sanitärteile",
        "projekt_id": "p_maison_des_canaux_paris",
        "projekt_name": "Maison des Canaux, Paris",
        "stadt_name": "Paris",
        "geo_precision": "city_centroid_via_project"
      }
    },
    {
      "type": "Feature",
      "geometry": {
        "type": "Point",
        "coordinates": [
          13.3951309,
          52.5173885
        ]
      },
      "properties": {
        "entity_type": "Bauteilgruppe",
        "bauteilgruppe_id": "bg_mdf_mehrere_impact_black_mdf_panels",
        "bauteilgruppe_name": "Schwarze MDF-Platten…",
        "projekt_id": "p_impact_hub_berlin_crclr_fitout",
        "projekt_name": "Impact Hub Berlin",
        "stadt_name": "Berlin",
        "geo_precision": "city_centroid_via_project"
      }
    },
    {
      "type": "Feature",
      "geometry": {
        "type": "Point",
        "coordinates": [
          10.5655779,
          51.250281
        ]
      },
      "properties": {
        "entity_type": "Bauteilgruppe",
        "bauteilgruppe_id": "bg_beton_mehrere_christ_pavilion_fair_faced_parts",
        "bauteilgruppe_name": "Sichtbetonteile des…",
        "projekt_id": "p_christ_pavilion_volkenroda",
        "projekt_name": "Christus-Pavillon",
        "stadt_name": "Volkenroda / Koerner",
        "geo_precision": "city_centroid_via_project"
      }
    },
    {
      "type": "Feature",
      "geometry": {
        "type": "Point",
        "coordinates": [
          -0.1277653,
          51.5074456
        ]
      },
      "properties": {
        "entity_type": "Bauteilgruppe",
        "bauteilgruppe_id": "bg_holz_wand_bedzed_studs",
        "bauteilgruppe_name": "Softwood wall studs",
        "projekt_id": "p_bedzed_london_hackbridge",
        "projekt_name": "BedZED",
        "stadt_name": "London",
        "geo_precision": "city_centroid_via_project"
      }
    },
    {
      "type": "Feature",
      "geometry": {
        "type": "Point",
        "coordinates": [
          4.47775,
          51.9244424
        ]
      },
      "properties": {
        "entity_type": "Bauteilgruppe",
        "bauteilgruppe_id": "bg_stahl_ausbau_bluecity",
        "bauteilgruppe_name": "Stahl im Büroausbau",
        "projekt_id": "p_bluecity_offices_rotterdam",
        "projekt_name": "BlueCity Offices…",
        "stadt_name": "Rotterdam",
        "geo_precision": "city_centroid_via_project"
      }
    },
    {
      "type": "Feature",
      "geometry": {
        "type": "Point",
        "coordinates": [
          10.7389701,
          59.9133301
        ]
      },
      "properties": {
        "entity_type": "Bauteilgruppe",
        "bauteilgruppe_id": "bg_stahl_mehrere_ka13",
        "bauteilgruppe_name": "Stahl in Bestand und…",
        "projekt_id": "p_ka13_kristian_augusts_gate_13_oslo",
        "projekt_name": "KA13",
        "stadt_name": "Oslo",
        "geo_precision": "city_centroid_via_project"
      }
    },
    {
      "type": "Feature",
      "geometry": {
        "type": "Point",
        "coordinates": [
          3.7588813,
          51.0447236
        ]
      },
      "properties": {
        "entity_type": "Bauteilgruppe",
        "bauteilgruppe_id": "bg_mehrere_mehrere_gjg_steel_wood_infill_structure",
        "bauteilgruppe_name": "Stahl-/Holz-Infill-Struk…",
        "projekt_id": "p_gjg_house_gentbrugge",
        "projekt_name": "gjG House",
        "stadt_name": "Gentbrugge / Ghent",
        "geo_precision": "city_centroid_via_project"
      }
    },
    {
      "type": "Feature",
      "geometry": {
        "type": "Point",
        "coordinates": [
          4.352493,
          50.8467372
        ]
      },
      "properties": {
        "entity_type": "Bauteilgruppe",
        "bauteilgruppe_id": "bg_stahl_treppe_zinneke_feder_masui4ever_brussels_treppen",
        "bauteilgruppe_name": "Stahl-Treppen",
        "projekt_id": "p_zinneke_feder_masui4ever_brussels",
        "projekt_name": "Zinneke",
        "stadt_name": "Brüssel",
        "geo_precision": "city_centroid_via_project"
      }
    },
    {
      "type": "Feature",
      "geometry": {
        "type": "Point",
        "coordinates": [
          4.2501187,
          50.8395994
        ]
      },
      "properties": {
        "entity_type": "Bauteilgruppe",
        "bauteilgruppe_id": "bg_stahl_mehrere_chiro_u_lintels",
        "bauteilgruppe_name": "Stahl-U-Profile als…",
        "projekt_id": "p_chiro_d_itterbeek_dilbeek",
        "projekt_name": "Chiro d’Itterbeek",
        "stadt_name": "Dilbeek / Itterbeek",
        "geo_precision": "city_centroid_via_project"
      }
    },
    {
      "type": "Feature",
      "geometry": {
        "type": "Point",
        "coordinates": [
          8.5410422,
          47.3744489
        ]
      },
      "properties": {
        "entity_type": "Bauteilgruppe",
        "bauteilgruppe_id": "bg_stahl_mehrere_grubenstrasse_access_structures",
        "bauteilgruppe_name": "Stahlbauteile für…",
        "projekt_id": "p_grubenstrasse_29_werkhof_29_zuerich",
        "projekt_name": "Grubenstrasse 29",
        "stadt_name": "Zürich",
        "geo_precision": "city_centroid_via_project"
      }
    },
    {
      "type": "Feature",
      "geometry": {
        "type": "Point",
        "coordinates": [
          10.4589044,
          51.2094255
        ]
      },
      "properties": {
        "entity_type": "Bauteilgruppe",
        "bauteilgruppe_id": "bg_stahlbeton_mehrere_haus_hos_floor_elements",
        "bauteilgruppe_name": "Stahlbeton-Deckenelemente",
        "projekt_id": "p_haus_hos_mehrfamilienhaus_muehlhausen",
        "projekt_name": "Haus HOS",
        "stadt_name": "Mühlhausen, Thüringen",
        "geo_precision": "city_centroid_via_project"
      }
    },
    {
      "type": "Feature",
      "geometry": {
        "type": "Point",
        "coordinates": [
          10.3212678,
          51.3878458
        ]
      },
      "properties": {
        "entity_type": "Bauteilgruppe",
        "bauteilgruppe_id": "bg_stahlbeton_mehrere_haus_hos_floor_elements",
        "bauteilgruppe_name": "Stahlbeton-Deckenelemente",
        "projekt_id": "p_haus_hos_mehrfamilienhaus_muehlhausen",
        "projekt_name": "Haus HOS",
        "stadt_name": "Leinefelde",
        "geo_precision": "city_centroid_via_project"
      }
    },
    {
      "type": "Feature",
      "geometry": {
        "type": "Point",
        "coordinates": [
          10.4589044,
          51.2094255
        ]
      },
      "properties": {
        "entity_type": "Bauteilgruppe",
        "bauteilgruppe_id": "bg_stahlbeton_treppe_haus_hos",
        "bauteilgruppe_name": "Stahlbeton-Treppen",
        "projekt_id": "p_haus_hos_mehrfamilienhaus_muehlhausen",
        "projekt_name": "Haus HOS",
        "stadt_name": "Mühlhausen, Thüringen",
        "geo_precision": "city_centroid_via_project"
      }
    },
    {
      "type": "Feature",
      "geometry": {
        "type": "Point",
        "coordinates": [
          10.3212678,
          51.3878458
        ]
      },
      "properties": {
        "entity_type": "Bauteilgruppe",
        "bauteilgruppe_id": "bg_stahlbeton_treppe_haus_hos",
        "bauteilgruppe_name": "Stahlbeton-Treppen",
        "projekt_id": "p_haus_hos_mehrfamilienhaus_muehlhausen",
        "projekt_name": "Haus HOS",
        "stadt_name": "Leinefelde",
        "geo_precision": "city_centroid_via_project"
      }
    },
    {
      "type": "Feature",
      "geometry": {
        "type": "Point",
        "coordinates": [
          10.4589044,
          51.2094255
        ]
      },
      "properties": {
        "entity_type": "Bauteilgruppe",
        "bauteilgruppe_id": "bg_stahlbeton_wand_haus_hos_elements",
        "bauteilgruppe_name": "Stahlbeton-Wandelemente",
        "projekt_id": "p_haus_hos_mehrfamilienhaus_muehlhausen",
        "projekt_name": "Haus HOS",
        "stadt_name": "Mühlhausen, Thüringen",
        "geo_precision": "city_centroid_via_project"
      }
    },
    {
      "type": "Feature",
      "geometry": {
        "type": "Point",
        "coordinates": [
          10.3212678,
          51.3878458
        ]
      },
      "properties": {
        "entity_type": "Bauteilgruppe",
        "bauteilgruppe_id": "bg_stahlbeton_wand_haus_hos_elements",
        "bauteilgruppe_name": "Stahlbeton-Wandelemente",
        "projekt_id": "p_haus_hos_mehrfamilienhaus_muehlhausen",
        "projekt_name": "Haus HOS",
        "stadt_name": "Leinefelde",
        "geo_precision": "city_centroid_via_project"
      }
    },
    {
      "type": "Feature",
      "geometry": {
        "type": "Point",
        "coordinates": [
          13.3951309,
          52.5173885
        ]
      },
      "properties": {
        "entity_type": "Bauteilgruppe",
        "bauteilgruppe_id": "bg_stahl_mehrere_crclr_trusses_greenhouse",
        "bauteilgruppe_name": "Stahlfachwerktraeger…",
        "projekt_id": "p_crclr_house_impact_hub_berlin",
        "projekt_name": "CRCLR House",
        "stadt_name": "Berlin",
        "geo_precision": "city_centroid_via_project"
      }
    },
    {
      "type": "Feature",
      "geometry": {
        "type": "Point",
        "coordinates": [
          12.4696107,
          55.7383794
        ]
      },
      "properties": {
        "entity_type": "Bauteilgruppe",
        "bauteilgruppe_id": "bg_stahl_fassade_svanen_stahlfassadenelemente",
        "bauteilgruppe_name": "Stahlfassadenelemente",
        "projekt_id": "p_svanen_kindergarten_gladsaxe",
        "projekt_name": "Svanen",
        "stadt_name": "Gladsaxe",
        "geo_precision": "city_centroid_via_project"
      }
    },
    {
      "type": "Feature",
      "geometry": {
        "type": "Point",
        "coordinates": [
          6.1222912,
          49.621539
        ]
      },
      "properties": {
        "entity_type": "Bauteilgruppe",
        "bauteilgruppe_id": "bg_stahl_mehrere_lycee_facade_panels_railing",
        "bauteilgruppe_name": "Stahlfassadenpaneele…",
        "projekt_id": "p_lycee_michel_lucius_conversion_luxembourg",
        "projekt_name": "Lycée Michel Lucius…",
        "stadt_name": "Luxembourg-Limpertsberg",
        "geo_precision": "city_centroid_via_project"
      }
    },
    {
      "type": "Feature",
      "geometry": {
        "type": "Point",
        "coordinates": [
          8.5410422,
          47.3744489
        ]
      },
      "properties": {
        "entity_type": "Bauteilgruppe",
        "bauteilgruppe_id": "bg_mehrere_mehrere_moeoeslistrasse_stahlpergola_beschattung",
        "bauteilgruppe_name": "Stahlpergola",
        "projekt_id": "p_kindergarten_moeoeslistrasse_manegg_zuerich",
        "projekt_name": "Kindergarten Mööslistras…",
        "stadt_name": "Zürich",
        "geo_precision": "city_centroid_via_project"
      }
    },
    {
      "type": "Feature",
      "geometry": {
        "type": "Point",
        "coordinates": [
          13.3951309,
          52.5173885
        ]
      },
      "properties": {
        "entity_type": "Bauteilgruppe",
        "bauteilgruppe_id": "bg_stahl_mehrere_crclr_roof_to_stair_stringers",
        "bauteilgruppe_name": "Stahlpfetten",
        "projekt_id": "p_crclr_house_impact_hub_berlin",
        "projekt_name": "CRCLR House",
        "stadt_name": "Berlin",
        "geo_precision": "city_centroid_via_project"
      }
    },
    {
      "type": "Feature",
      "geometry": {
        "type": "Point",
        "coordinates": [
          4.4908843,
          52.1594747
        ]
      },
      "properties": {
        "entity_type": "Bauteilgruppe",
        "bauteilgruppe_id": "bg_stahl_mehrere_biopartner_5_stuetzen_rahmen",
        "bauteilgruppe_name": "Stahlträger (Biopartner)",
        "projekt_id": "p_biopartner_5_leiden_oegstgeest",
        "projekt_name": "BioPartner 5",
        "stadt_name": "Leiden",
        "geo_precision": "city_centroid_via_project"
      }
    },
    {
      "type": "Feature",
      "geometry": {
        "type": "Point",
        "coordinates": [
          4.4738856,
          52.185433
        ]
      },
      "properties": {
        "entity_type": "Bauteilgruppe",
        "bauteilgruppe_id": "bg_stahl_mehrere_biopartner_5_stuetzen_rahmen",
        "bauteilgruppe_name": "Stahlträger (Biopartner)",
        "projekt_id": "p_biopartner_5_leiden_oegstgeest",
        "projekt_name": "BioPartner 5",
        "stadt_name": "Oegstgeest",
        "geo_precision": "city_centroid_via_project"
      }
    },
    {
      "type": "Feature",
      "geometry": {
        "type": "Point",
        "coordinates": [
          -0.1277653,
          51.5074456
        ]
      },
      "properties": {
        "entity_type": "Bauteilgruppe",
        "bauteilgruppe_id": "bg_stahl_mehrere_geplante_stahltrager_roots",
        "bauteilgruppe_name": "Stahlträger (Geplante)",
        "projekt_id": "p_roots_in_the_sky_blackfriars_crown_court",
        "projekt_name": "Roots in the Sky",
        "stadt_name": "London",
        "geo_precision": "city_centroid_via_project"
      }
    },
    {
      "type": "Feature",
      "geometry": {
        "type": "Point",
        "coordinates": [
          8.5410422,
          47.3744489
        ]
      },
      "properties": {
        "entity_type": "Bauteilgruppe",
        "bauteilgruppe_id": "bg_stahl_mehrere_moeoeslistrasse_stuetzen",
        "bauteilgruppe_name": "Stahlträger (Möösli.)",
        "projekt_id": "p_kindergarten_moeoeslistrasse_manegg_zuerich",
        "projekt_name": "Kindergarten Mööslistras…",
        "stadt_name": "Zürich",
        "geo_precision": "city_centroid_via_project"
      }
    },
    {
      "type": "Feature",
      "geometry": {
        "type": "Point",
        "coordinates": [
          -0.1277653,
          51.5074456
        ]
      },
      "properties": {
        "entity_type": "Bauteilgruppe",
        "bauteilgruppe_id": "bg_stahl_traeger_timber_square",
        "bauteilgruppe_name": "Stahlträger (Timber)",
        "projekt_id": "p_timber_square_london",
        "projekt_name": "Timber Square London",
        "stadt_name": "London",
        "geo_precision": "city_centroid_via_project"
      }
    },
    {
      "type": "Feature",
      "geometry": {
        "type": "Point",
        "coordinates": [
          -0.1277653,
          51.5074456
        ]
      },
      "properties": {
        "entity_type": "Bauteilgruppe",
        "bauteilgruppe_id": "bg_stahl_mehrere_timber_square_reception_girder",
        "bauteilgruppe_name": "Stahlträger als Empfangs…",
        "projekt_id": "p_timber_square_london",
        "projekt_name": "Timber Square London",
        "stadt_name": "London",
        "geo_precision": "city_centroid_via_project"
      }
    },
    {
      "type": "Feature",
      "geometry": {
        "type": "Point",
        "coordinates": [
          4.352493,
          50.8467372
        ]
      },
      "properties": {
        "entity_type": "Bauteilgruppe",
        "bauteilgruppe_id": "bg_stahl_traeger_zinneke_feder_stuerze",
        "bauteilgruppe_name": "Stahlträger als Stürze",
        "projekt_id": "p_zinneke_feder_masui4ever_brussels",
        "projekt_name": "Zinneke",
        "stadt_name": "Brüssel",
        "geo_precision": "city_centroid_via_project"
      }
    },
    {
      "type": "Feature",
      "geometry": {
        "type": "Point",
        "coordinates": [
          6.8705957,
          52.2233633
        ]
      },
      "properties": {
        "entity_type": "Bauteilgruppe",
        "bauteilgruppe_id": "bg_stahl_mehrere_welpeloo_paternoster_textilmaschine",
        "bauteilgruppe_name": "Stahlträger aus Paternos…",
        "projekt_id": "p_villa_welpeloo_enschede",
        "projekt_name": "Villa Welpeloo Enschede",
        "stadt_name": "Enschede",
        "geo_precision": "city_centroid_via_project"
      }
    },
    {
      "type": "Feature",
      "geometry": {
        "type": "Point",
        "coordinates": [
          8.7291498,
          47.4991723
        ]
      },
      "properties": {
        "entity_type": "Bauteilgruppe",
        "bauteilgruppe_id": "bg_stahl_mehrere_k118_structure",
        "bauteilgruppe_name": "Stahlträger und Stützen…",
        "projekt_id": "p_k118_kopfbau_halle_118_winterthur",
        "projekt_name": "K.118 Winterthur",
        "stadt_name": "Winterthur",
        "geo_precision": "city_centroid_via_project"
      }
    },
    {
      "type": "Feature",
      "geometry": {
        "type": "Point",
        "coordinates": [
          -71.2245003,
          42.4473175
        ]
      },
      "properties": {
        "entity_type": "Bauteilgruppe",
        "bauteilgruppe_id": "bg_stahl_mehrere_big_dig_house",
        "bauteilgruppe_name": "Stahlträger un… (Big Dig)",
        "projekt_id": "p_big_dig_house_lexington_massachusetts",
        "projekt_name": "Big Dig House",
        "stadt_name": "Lexington, Massachusetts",
        "geo_precision": "city_centroid_via_project"
      }
    },
    {
      "type": "Feature",
      "geometry": {
        "type": "Point",
        "coordinates": [
          -0.1277653,
          51.5074456
        ]
      },
      "properties": {
        "entity_type": "Bauteilgruppe",
        "bauteilgruppe_id": "bg_stahl_mehrere_holbein_structural",
        "bauteilgruppe_name": "Stahlträger un… (Holbein)",
        "projekt_id": "p_holbein_gardens_london",
        "projekt_name": "Holbein Gardens, London",
        "stadt_name": "London",
        "geo_precision": "city_centroid_via_project"
      }
    },
    {
      "type": "Feature",
      "geometry": {
        "type": "Point",
        "coordinates": [
          -0.1277653,
          51.5074456
        ]
      },
      "properties": {
        "entity_type": "Bauteilgruppe",
        "bauteilgruppe_id": "bg_stahl_mehrere_55gss_external_core",
        "bauteilgruppe_name": "Steel profiles for…",
        "projekt_id": "p_55_great_suffolk_street_london",
        "projekt_name": "55 Great Suffolk Street",
        "stadt_name": "London",
        "geo_precision": "city_centroid_via_project"
      }
    },
    {
      "type": "Feature",
      "geometry": {
        "type": "Point",
        "coordinates": [
          2.3483915,
          48.8534951
        ]
      },
      "properties": {
        "entity_type": "Bauteilgruppe",
        "bauteilgruppe_id": "bg_naturstein_boden_ferme_slabs_fill",
        "bauteilgruppe_name": "Stein- und Bürofußbodenp…",
        "projekt_id": "p_ferme_du_rail_paris",
        "projekt_name": "Ferme du Rail Paris",
        "stadt_name": "Paris",
        "geo_precision": "city_centroid_via_project"
      }
    },
    {
      "type": "Feature",
      "geometry": {
        "type": "Point",
        "coordinates": [
          4.352493,
          50.8467372
        ]
      },
      "properties": {
        "entity_type": "Bauteilgruppe",
        "bauteilgruppe_id": "bg_naturstein_wand_verbiest_charleroi",
        "bauteilgruppe_name": "Steine aus Charleroi",
        "projekt_id": "p_verbiest_karreveld_brussels",
        "projekt_name": "Verbiest + Karreveld",
        "stadt_name": "Brüssel",
        "geo_precision": "city_centroid_via_project"
      }
    },
    {
      "type": "Feature",
      "geometry": {
        "type": "Point",
        "coordinates": [
          4.352493,
          50.8467372
        ]
      },
      "properties": {
        "entity_type": "Bauteilgruppe",
        "bauteilgruppe_id": "bg_daemmstoff_daemmung_zinneke_feder_steinwolle",
        "bauteilgruppe_name": "Steinwolle-Dämmplatten",
        "projekt_id": "p_zinneke_feder_masui4ever_brussels",
        "projekt_name": "Zinneke",
        "stadt_name": "Brüssel",
        "geo_precision": "city_centroid_via_project"
      }
    },
    {
      "type": "Feature",
      "geometry": {
        "type": "Point",
        "coordinates": [
          7.5878261,
          47.5581077
        ]
      },
      "properties": {
        "entity_type": "Bauteilgruppe",
        "bauteilgruppe_id": "bg_daemmstoff_mehrere_elys_stone_wool_restock_insulation",
        "bauteilgruppe_name": "Steinwolledämmung aus…",
        "projekt_id": "p_elys_kultur_gewerbehaus_basel",
        "projekt_name": "ELYS Kultur- und…",
        "stadt_name": "Basel",
        "geo_precision": "city_centroid_via_project"
      }
    },
    {
      "type": "Feature",
      "geometry": {
        "type": "Point",
        "coordinates": [
          -0.1277653,
          51.5074456
        ]
      },
      "properties": {
        "entity_type": "Bauteilgruppe",
        "bauteilgruppe_id": "bg_ziegel_mehrere_holbein_stone",
        "bauteilgruppe_name": "Stone / brickwork",
        "projekt_id": "p_holbein_gardens_london",
        "projekt_name": "Holbein Gardens, London",
        "stadt_name": "London",
        "geo_precision": "city_centroid_via_project"
      }
    },
    {
      "type": "Feature",
      "geometry": {
        "type": "Point",
        "coordinates": [
          -0.1277653,
          51.5074456
        ]
      },
      "properties": {
        "entity_type": "Bauteilgruppe",
        "bauteilgruppe_id": "bg_stahl_mehrere_bedzed_structural",
        "bauteilgruppe_name": "Structural steel frame…",
        "projekt_id": "p_bedzed_london_hackbridge",
        "projekt_name": "BedZED",
        "stadt_name": "London",
        "geo_precision": "city_centroid_via_project"
      }
    },
    {
      "type": "Feature",
      "geometry": {
        "type": "Point",
        "coordinates": [
          4.2501187,
          50.8395994
        ]
      },
      "properties": {
        "entity_type": "Bauteilgruppe",
        "bauteilgruppe_id": "bg_beton_wand_chiro_surplus_blocks",
        "bauteilgruppe_name": "Surplus-Betonblöcke",
        "projekt_id": "p_chiro_d_itterbeek_dilbeek",
        "projekt_name": "Chiro d’Itterbeek",
        "stadt_name": "Dilbeek / Itterbeek",
        "geo_precision": "city_centroid_via_project"
      }
    },
    {
      "type": "Feature",
      "geometry": {
        "type": "Point",
        "coordinates": [
          4.2501187,
          50.8395994
        ]
      },
      "properties": {
        "entity_type": "Bauteilgruppe",
        "bauteilgruppe_id": "bg_daemmstoff_daemmung_chiro_surplus_floor_wall",
        "bauteilgruppe_name": "Surplus-Dämmung Boden/Wa…",
        "projekt_id": "p_chiro_d_itterbeek_dilbeek",
        "projekt_name": "Chiro d’Itterbeek",
        "stadt_name": "Dilbeek / Itterbeek",
        "geo_precision": "city_centroid_via_project"
      }
    },
    {
      "type": "Feature",
      "geometry": {
        "type": "Point",
        "coordinates": [
          4.2501187,
          50.8395994
        ]
      },
      "properties": {
        "entity_type": "Bauteilgruppe",
        "bauteilgruppe_id": "bg_holz_mehrere_chiro_surplus_roof_frame",
        "bauteilgruppe_name": "Surplus-Holzrahmen",
        "projekt_id": "p_chiro_d_itterbeek_dilbeek",
        "projekt_name": "Chiro d’Itterbeek",
        "stadt_name": "Dilbeek / Itterbeek",
        "geo_precision": "city_centroid_via_project"
      }
    },
    {
      "type": "Feature",
      "geometry": {
        "type": "Point",
        "coordinates": [
          12.5700724,
          55.6867243
        ]
      },
      "properties": {
        "entity_type": "Bauteilgruppe",
        "bauteilgruppe_id": "bg_mehrere_mehrere_thoravej_tt_decken_zu_treppen",
        "bauteilgruppe_name": "TT-/Betondecken zu…",
        "projekt_id": "p_thoravej_29_copenhagen",
        "projekt_name": "Thoravej 29 Copenhagen",
        "stadt_name": "Kopenhagen",
        "geo_precision": "city_centroid_via_project"
      }
    },
    {
      "type": "Feature",
      "geometry": {
        "type": "Point",
        "coordinates": [
          3.9130606,
          51.4984694
        ]
      },
      "properties": {
        "entity_type": "Bauteilgruppe",
        "bauteilgruppe_id": "bg_mehrere_technik_ithaka_tga_beleuchtung_installationen",
        "bauteilgruppe_name": "Technische Bauteile",
        "projekt_id": "p_jeugdkliniek_ithaka_emergis_kloetinge",
        "projekt_name": "Jeugdkliniek Ithaka",
        "stadt_name": "Kloetinge",
        "geo_precision": "city_centroid_via_project"
      }
    },
    {
      "type": "Feature",
      "geometry": {
        "type": "Point",
        "coordinates": [
          -0.1400561,
          50.8214626
        ]
      },
      "properties": {
        "entity_type": "Bauteilgruppe",
        "bauteilgruppe_id": "bg_mehrere_mehrere_brighton_teppichfliesen_fassade",
        "bauteilgruppe_name": "Teppichfliesen als…",
        "projekt_id": "p_brighton_waste_house_brighton",
        "projekt_name": "Brighton Waste House",
        "stadt_name": "Brighton",
        "geo_precision": "city_centroid_via_project"
      }
    },
    {
      "type": "Feature",
      "geometry": {
        "type": "Point",
        "coordinates": [
          2.3483915,
          48.8534951
        ]
      },
      "properties": {
        "entity_type": "Bauteilgruppe",
        "bauteilgruppe_id": "bg_holz_boden_circular_pavilion_terrace_decking",
        "bauteilgruppe_name": "Terrassen-Caillebotis…",
        "projekt_id": "p_circular_pavilion_paris",
        "projekt_name": "Circular Pavilion Paris",
        "stadt_name": "Paris",
        "geo_precision": "city_centroid_via_project"
      }
    },
    {
      "type": "Feature",
      "geometry": {
        "type": "Point",
        "coordinates": [
          -0.1277653,
          51.5074456
        ]
      },
      "properties": {
        "entity_type": "Bauteilgruppe",
        "bauteilgruppe_id": "bg_mehrere_mehrere_plp_terrazzo_arbeits_kuechenflaechen",
        "bauteilgruppe_name": "Terrazzo-/Spolia-Arbeits…",
        "projekt_id": "p_plp_london_hq_circular_studio_fitout",
        "projekt_name": "PLP London HQ circular…",
        "stadt_name": "London",
        "geo_precision": "city_centroid_via_project"
      }
    },
    {
      "type": "Feature",
      "geometry": {
        "type": "Point",
        "coordinates": [
          13.3951309,
          52.5173885
        ]
      },
      "properties": {
        "entity_type": "Bauteilgruppe",
        "bauteilgruppe_id": "bg_mehrere_treppe_plattenvereinigung_treppenelemente",
        "bauteilgruppe_name": "Treppenelemente",
        "projekt_id": "p_plattenvereinigung_berlin",
        "projekt_name": "Plattenvereinigung Berlin",
        "stadt_name": "Berlin",
        "geo_precision": "city_centroid_via_project"
      }
    },
    {
      "type": "Feature",
      "geometry": {
        "type": "Point",
        "coordinates": [
          10.2134046,
          56.1496278
        ]
      },
      "properties": {
        "entity_type": "Bauteilgruppe",
        "bauteilgruppe_id": "bg_daemmstoff_mehrere_trae_high_rise_aarhus_troldtekt_akustikplatten",
        "bauteilgruppe_name": "Troldtekt-Akustikplatten",
        "projekt_id": "p_trae_high_rise_aarhus",
        "projekt_name": "TRÆ High-Rise",
        "stadt_name": "Aarhus",
        "geo_precision": "city_centroid_via_project"
      }
    },
    {
      "type": "Feature",
      "geometry": {
        "type": "Point",
        "coordinates": [
          0.5821779,
          50.8550976
        ]
      },
      "properties": {
        "entity_type": "Bauteilgruppe",
        "bauteilgruppe_id": "bg_holz_fassade_hastings_hardwood_cladding",
        "bauteilgruppe_name": "Tropische Hartholz-Deckb…",
        "projekt_id": "p_hastings_pier_visitor_centre",
        "projekt_name": "Hastings Pier Visitor…",
        "stadt_name": "Hastings",
        "geo_precision": "city_centroid_via_project"
      }
    },
    {
      "type": "Feature",
      "geometry": {
        "type": "Point",
        "coordinates": [
          2.3483915,
          48.8534951
        ]
      },
      "properties": {
        "entity_type": "Bauteilgruppe",
        "bauteilgruppe_id": "bg_mehrere_mehrere_maison_des_canaux_doors",
        "bauteilgruppe_name": "Türen / Raumabschlüsse",
        "projekt_id": "p_maison_des_canaux_paris",
        "projekt_name": "Maison des Canaux, Paris",
        "stadt_name": "Paris",
        "geo_precision": "city_centroid_via_project"
      }
    },
    {
      "type": "Feature",
      "geometry": {
        "type": "Point",
        "coordinates": [
          -0.2972472,
          49.2041204
        ]
      },
      "properties": {
        "entity_type": "Bauteilgruppe",
        "bauteilgruppe_id": "bg_holz_tuer_grande_halle_fire",
        "bauteilgruppe_name": "Türen und Brandschutztür…",
        "projekt_id": "p_grande_halle_de_colombelles",
        "projekt_name": "Grande Halle de Colombel…",
        "stadt_name": "Colombelles",
        "geo_precision": "city_centroid_via_project"
      }
    },
    {
      "type": "Feature",
      "geometry": {
        "type": "Point",
        "coordinates": [
          5.303116,
          51.6889387
        ]
      },
      "properties": {
        "entity_type": "Bauteilgruppe",
        "bauteilgruppe_id": "bg_mehrere_mehrere_boschgaard_tueren_innenausbau",
        "bauteilgruppe_name": "Türen und Innenausbau",
        "projekt_id": "p_woongroep_boschgaard_den_bosch",
        "projekt_name": "Woongroep Boschgaard…",
        "stadt_name": "s-Hertogenbosch",
        "geo_precision": "city_centroid_via_project"
      }
    },
    {
      "type": "Feature",
      "geometry": {
        "type": "Point",
        "coordinates": [
          12.5700724,
          55.6867243
        ]
      },
      "properties": {
        "entity_type": "Bauteilgruppe",
        "bauteilgruppe_id": "bg_holz_mehrere_thoravej_tueren_zu_tischplatten",
        "bauteilgruppe_name": "Türen zu Tischplatten",
        "projekt_id": "p_thoravej_29_copenhagen",
        "projekt_name": "Thoravej 29 Copenhagen",
        "stadt_name": "Kopenhagen",
        "geo_precision": "city_centroid_via_project"
      }
    },
    {
      "type": "Feature",
      "geometry": {
        "type": "Point",
        "coordinates": [
          13.3951309,
          52.5173885
        ]
      },
      "properties": {
        "entity_type": "Bauteilgruppe",
        "bauteilgruppe_id": "bg_mehrere_mehrere_impact_crclr_doors_windows_sanitary",
        "bauteilgruppe_name": "Türen, Fenster und…",
        "projekt_id": "p_impact_hub_berlin_crclr_fitout",
        "projekt_name": "Impact Hub Berlin",
        "stadt_name": "Berlin",
        "geo_precision": "city_centroid_via_project"
      }
    },
    {
      "type": "Feature",
      "geometry": {
        "type": "Point",
        "coordinates": [
          8.6185666,
          47.3969942
        ]
      },
      "properties": {
        "entity_type": "Bauteilgruppe",
        "bauteilgruppe_id": "bg_verbundstoff_decke_umar_lindner_ceiling",
        "bauteilgruppe_name": "UMAR Lindner-Decke",
        "projekt_id": "p_umar_unit",
        "projekt_name": "UMAR Unit",
        "stadt_name": "Dübendorf",
        "geo_precision": "city_centroid_via_project"
      }
    },
    {
      "type": "Feature",
      "geometry": {
        "type": "Point",
        "coordinates": [
          8.6185666,
          47.3969942
        ]
      },
      "properties": {
        "entity_type": "Bauteilgruppe",
        "bauteilgruppe_id": "bg_daemmstoff_daemmung_umar_mycelium",
        "bauteilgruppe_name": "UMAR Pilzmyzel-Dämm.",
        "projekt_id": "p_umar_unit",
        "projekt_name": "UMAR Unit",
        "stadt_name": "Dübendorf",
        "geo_precision": "city_centroid_via_project"
      }
    },
    {
      "type": "Feature",
      "geometry": {
        "type": "Point",
        "coordinates": [
          8.6185666,
          47.3969942
        ]
      },
      "properties": {
        "entity_type": "Bauteilgruppe",
        "bauteilgruppe_id": "bg_mineralisch_wand_umar_recycled_bricks",
        "bauteilgruppe_name": "UMAR Recyclingziegel",
        "projekt_id": "p_umar_unit",
        "projekt_name": "UMAR Unit",
        "stadt_name": "Dübendorf",
        "geo_precision": "city_centroid_via_project"
      }
    },
    {
      "type": "Feature",
      "geometry": {
        "type": "Point",
        "coordinates": [
          8.6185666,
          47.3969942
        ]
      },
      "properties": {
        "entity_type": "Bauteilgruppe",
        "bauteilgruppe_id": "bg_metall_tuer_umar_wabbes_handles",
        "bauteilgruppe_name": "UMAR Wabbes Türgriffe",
        "projekt_id": "p_umar_unit",
        "projekt_name": "UMAR Unit",
        "stadt_name": "Dübendorf",
        "geo_precision": "city_centroid_via_project"
      }
    },
    {
      "type": "Feature",
      "geometry": {
        "type": "Point",
        "coordinates": [
          10.2134046,
          56.1496278
        ]
      },
      "properties": {
        "entity_type": "Bauteilgruppe",
        "bauteilgruppe_id": "bg_glas_fenster_trae_high_rise_aarhus_upcycled_elements",
        "bauteilgruppe_name": "Upcycled window elements",
        "projekt_id": "p_trae_high_rise_aarhus",
        "projekt_name": "TRÆ High-Rise",
        "stadt_name": "Aarhus",
        "geo_precision": "city_centroid_via_project"
      }
    },
    {
      "type": "Feature",
      "geometry": {
        "type": "Point",
        "coordinates": [
          4.352493,
          50.8467372
        ]
      },
      "properties": {
        "entity_type": "Bauteilgruppe",
        "bauteilgruppe_id": "bg_keramik_mehrere_verbiest_karreveld_dach_terrasse",
        "bauteilgruppe_name": "Verbiest Dach- und…",
        "projekt_id": "p_verbiest_karreveld_brussels",
        "projekt_name": "Verbiest + Karreveld",
        "stadt_name": "Brüssel",
        "geo_precision": "city_centroid_via_project"
      }
    },
    {
      "type": "Feature",
      "geometry": {
        "type": "Point",
        "coordinates": [
          4.352493,
          50.8467372
        ]
      },
      "properties": {
        "entity_type": "Bauteilgruppe",
        "bauteilgruppe_id": "bg_keramik_mehrere_verbiest_hanzinelle_fliesen",
        "bauteilgruppe_name": "Verbiest dekorative…",
        "projekt_id": "p_verbiest_karreveld_brussels",
        "projekt_name": "Verbiest + Karreveld",
        "stadt_name": "Brüssel",
        "geo_precision": "city_centroid_via_project"
      }
    },
    {
      "type": "Feature",
      "geometry": {
        "type": "Point",
        "coordinates": [
          2.3483915,
          48.8534951
        ]
      },
      "properties": {
        "entity_type": "Bauteilgruppe",
        "bauteilgruppe_id": "bg_unbekannt_technik_circular_pavilion_lights",
        "bauteilgruppe_name": "Vier grosse Leuchten…",
        "projekt_id": "p_circular_pavilion_paris",
        "projekt_name": "Circular Pavilion Paris",
        "stadt_name": "Paris",
        "geo_precision": "city_centroid_via_project"
      }
    },
    {
      "type": "Feature",
      "geometry": {
        "type": "Point",
        "coordinates": [
          -0.1400561,
          50.8214626
        ]
      },
      "properties": {
        "entity_type": "Bauteilgruppe",
        "bauteilgruppe_id": "bg_kunststoff_technik_brighton_vinylbanner_dampfbremse",
        "bauteilgruppe_name": "Vinylbanner als Dampfbre…",
        "projekt_id": "p_brighton_waste_house_brighton",
        "projekt_name": "Brighton Waste House",
        "stadt_name": "Brighton",
        "geo_precision": "city_centroid_via_project"
      }
    },
    {
      "type": "Feature",
      "geometry": {
        "type": "Point",
        "coordinates": [
          13.3951309,
          52.5173885
        ]
      },
      "properties": {
        "entity_type": "Bauteilgruppe",
        "bauteilgruppe_id": "bg_mehrere_fassade_crclr_curtain_wall_sheet_glass",
        "bauteilgruppe_name": "Vorhangfassadenelemente",
        "projekt_id": "p_crclr_house_impact_hub_berlin",
        "projekt_name": "CRCLR House",
        "stadt_name": "Berlin",
        "geo_precision": "city_centroid_via_project"
      }
    },
    {
      "type": "Feature",
      "geometry": {
        "type": "Point",
        "coordinates": [
          13.3822343,
          51.4232124
        ]
      },
      "properties": {
        "entity_type": "Bauteilgruppe",
        "bauteilgruppe_id": "bg_stahlbeton_mehrere_groeditz_wbs70_precast_panels",
        "bauteilgruppe_name": "WBS70 precast panels",
        "projekt_id": "p_association_house_groeditz",
        "projekt_name": "Vereinshaus Gröditz",
        "stadt_name": "Gröditz",
        "geo_precision": "city_centroid_via_project"
      }
    },
    {
      "type": "Feature",
      "geometry": {
        "type": "Point",
        "coordinates": [
          7.6251879,
          51.9625101
        ]
      },
      "properties": {
        "entity_type": "Bauteilgruppe",
        "bauteilgruppe_id": "bg_kunststoff_wand_awm_wc_partitions",
        "bauteilgruppe_name": "WC partitions",
        "projekt_id": "p_awm_muenster_circular_office",
        "projekt_name": "AWM Münster – zirkulärer…",
        "stadt_name": "Münster",
        "geo_precision": "city_centroid_via_project"
      }
    },
    {
      "type": "Feature",
      "geometry": {
        "type": "Point",
        "coordinates": [
          13.3951309,
          52.5173885
        ]
      },
      "properties": {
        "entity_type": "Bauteilgruppe",
        "bauteilgruppe_id": "bg_beton_mehrere_plattenvereinigung_wand_fassadenelemente",
        "bauteilgruppe_name": "Wand- und Fassadenelemen…",
        "projekt_id": "p_plattenvereinigung_berlin",
        "projekt_name": "Plattenvereinigung Berlin",
        "stadt_name": "Berlin",
        "geo_precision": "city_centroid_via_project"
      }
    },
    {
      "type": "Feature",
      "geometry": {
        "type": "Point",
        "coordinates": [
          4.2501187,
          50.8395994
        ]
      },
      "properties": {
        "entity_type": "Bauteilgruppe",
        "bauteilgruppe_id": "bg_keramik_wand_chiro_tiles",
        "bauteilgruppe_name": "Wandfliesen",
        "projekt_id": "p_chiro_d_itterbeek_dilbeek",
        "projekt_name": "Chiro d’Itterbeek",
        "stadt_name": "Dilbeek / Itterbeek",
        "geo_precision": "city_centroid_via_project"
      }
    },
    {
      "type": "Feature",
      "geometry": {
        "type": "Point",
        "coordinates": [
          9.7385532,
          52.3744779
        ]
      },
      "properties": {
        "entity_type": "Bauteilgruppe",
        "bauteilgruppe_id": "bg_mehrere_mehrere_recyclinghaus_sanitaer_feste_einbauten",
        "bauteilgruppe_name": "Waschbecken",
        "projekt_id": "p_recyclinghaus_hannover",
        "projekt_name": "Recyclinghaus Hannover",
        "stadt_name": "Hannover",
        "geo_precision": "city_centroid_via_project"
      }
    },
    {
      "type": "Feature",
      "geometry": {
        "type": "Point",
        "coordinates": [
          8.5410422,
          47.3744489
        ]
      },
      "properties": {
        "entity_type": "Bauteilgruppe",
        "bauteilgruppe_id": "bg_mehrere_mehrere_moeoeslistrasse_bestand_werkhof",
        "bauteilgruppe_name": "Werkhofstruktur und…",
        "projekt_id": "p_kindergarten_moeoeslistrasse_manegg_zuerich",
        "projekt_name": "Kindergarten Mööslistras…",
        "stadt_name": "Zürich",
        "geo_precision": "city_centroid_via_project"
      }
    },
    {
      "type": "Feature",
      "geometry": {
        "type": "Point",
        "coordinates": [
          4.352493,
          50.8467372
        ]
      },
      "properties": {
        "entity_type": "Bauteilgruppe",
        "bauteilgruppe_id": "bg_stahl_technik_multi_reinstalled_elevator_motors",
        "bauteilgruppe_name": "Wieder eingebaute…",
        "projekt_id": "p_multi_brussels_reuse_in_multi",
        "projekt_name": "Multi Brussels",
        "stadt_name": "Brüssel",
        "geo_precision": "city_centroid_via_project"
      }
    },
    {
      "type": "Feature",
      "geometry": {
        "type": "Point",
        "coordinates": [
          2.3483915,
          48.8534951
        ]
      },
      "properties": {
        "entity_type": "Bauteilgruppe",
        "bauteilgruppe_id": "bg_holz_ausbau_ferme_fixed_cupboards",
        "bauteilgruppe_name": "Wiederverwendetes Holz…",
        "projekt_id": "p_ferme_du_rail_paris",
        "projekt_name": "Ferme du Rail Paris",
        "stadt_name": "Paris",
        "geo_precision": "city_centroid_via_project"
      }
    },
    {
      "type": "Feature",
      "geometry": {
        "type": "Point",
        "coordinates": [
          9.7385532,
          52.3744779
        ]
      },
      "properties": {
        "entity_type": "Bauteilgruppe",
        "bauteilgruppe_id": "bg_stahl_fassade_recyclinghaus_wellblech",
        "bauteilgruppe_name": "Wiederverwendetes…",
        "projekt_id": "p_recyclinghaus_hannover",
        "projekt_name": "Recyclinghaus Hannover",
        "stadt_name": "Hannover",
        "geo_precision": "city_centroid_via_project"
      }
    },
    {
      "type": "Feature",
      "geometry": {
        "type": "Point",
        "coordinates": [
          10.2134046,
          56.1496278
        ]
      },
      "properties": {
        "entity_type": "Bauteilgruppe",
        "bauteilgruppe_id": "bg_unbekannt_fassade_trae_aarhus_windturbine_sonnenschutz",
        "bauteilgruppe_name": "Windturbinenflügel als…",
        "projekt_id": "p_trae_high_rise_aarhus",
        "projekt_name": "TRÆ High-Rise",
        "stadt_name": "Aarhus",
        "geo_precision": "city_centroid_via_project"
      }
    },
    {
      "type": "Feature",
      "geometry": {
        "type": "Point",
        "coordinates": [
          7.6251879,
          51.9625101
        ]
      },
      "properties": {
        "entity_type": "Bauteilgruppe",
        "bauteilgruppe_id": "bg_holz_ausbau_awm_fixed_builtins",
        "bauteilgruppe_name": "Wood for fixed built-ins",
        "projekt_id": "p_awm_muenster_circular_office",
        "projekt_name": "AWM Münster – zirkulärer…",
        "stadt_name": "Münster",
        "geo_precision": "city_centroid_via_project"
      }
    },
    {
      "type": "Feature",
      "geometry": {
        "type": "Point",
        "coordinates": [
          -0.1400561,
          50.8214626
        ]
      },
      "properties": {
        "entity_type": "Bauteilgruppe",
        "bauteilgruppe_id": "bg_kunststoff_daemmung_brighton_zahnbuersten_medienabfall_infill",
        "bauteilgruppe_name": "Zahnbürsten und Medienab…",
        "projekt_id": "p_brighton_waste_house_brighton",
        "projekt_name": "Brighton Waste House",
        "stadt_name": "Brighton",
        "geo_precision": "city_centroid_via_project"
      }
    },
    {
      "type": "Feature",
      "geometry": {
        "type": "Point",
        "coordinates": [
          12.4696107,
          55.7383794
        ]
      },
      "properties": {
        "entity_type": "Bauteilgruppe",
        "bauteilgruppe_id": "bg_ziegel_mehrere_svanen",
        "bauteilgruppe_name": "Ziegel",
        "projekt_id": "p_svanen_kindergarten_gladsaxe",
        "projekt_name": "Svanen",
        "stadt_name": "Gladsaxe",
        "geo_precision": "city_centroid_via_project"
      }
    },
    {
      "type": "Feature",
      "geometry": {
        "type": "Point",
        "coordinates": [
          13.3951309,
          52.5173885
        ]
      },
      "properties": {
        "entity_type": "Bauteilgruppe",
        "bauteilgruppe_id": "bg_ziegel_mehrere_impact_reception",
        "bauteilgruppe_name": "Ziegel im Empfang",
        "projekt_id": "p_impact_hub_berlin_crclr_fitout",
        "projekt_name": "Impact Hub Berlin",
        "stadt_name": "Berlin",
        "geo_precision": "city_centroid_via_project"
      }
    },
    {
      "type": "Feature",
      "geometry": {
        "type": "Point",
        "coordinates": [
          12.5700724,
          55.6867243
        ]
      },
      "properties": {
        "entity_type": "Bauteilgruppe",
        "bauteilgruppe_id": "bg_ziegel_mehrere_resource_rows_ziegelfassade",
        "bauteilgruppe_name": "Ziegelfassadenmodule",
        "projekt_id": "p_resource_rows_copenhagen",
        "projekt_name": "Resource Rows",
        "stadt_name": "Kopenhagen",
        "geo_precision": "city_centroid_via_project"
      }
    },
    {
      "type": "Feature",
      "geometry": {
        "type": "Point",
        "coordinates": [
          4.2015646,
          50.9094333
        ]
      },
      "properties": {
        "entity_type": "Bauteilgruppe",
        "bauteilgruppe_id": "bg_ziegel_mehrere_maison_dna_outer_walls",
        "bauteilgruppe_name": "Ziegelwände als äußere…",
        "projekt_id": "p_maison_dna_asse",
        "projekt_name": "Maison DnA",
        "stadt_name": "Asse",
        "geo_precision": "city_centroid_via_project"
      }
    },
    {
      "type": "Feature",
      "geometry": {
        "type": "Point",
        "coordinates": [
          13.377057,
          52.6355634
        ]
      },
      "properties": {
        "entity_type": "Bauteilgruppe",
        "bauteilgruppe_id": "bg_stahlbeton_mehrere_schildow_zugeschnittene_wbs70_betonfertigteile",
        "bauteilgruppe_name": "Zugeschnittene WBS70-Sta…",
        "projekt_id": "p_berlin_schildow_pilot_house",
        "projekt_name": "Berlin-Schildow Pilot",
        "stadt_name": "Schildow",
        "geo_precision": "city_centroid_via_project"
      }
    },
    {
      "type": "Feature",
      "geometry": {
        "type": "Point",
        "coordinates": [
          4.352493,
          50.8467372
        ]
      },
      "properties": {
        "entity_type": "Bauteilgruppe",
        "bauteilgruppe_id": "bg_aluminium_profile_multi_facade_h_profiles",
        "bauteilgruppe_name": "bg_reuse_aluminium_profile_multi_facade_h_profiles",
        "projekt_id": "p_multi_brussels_reuse_in_multi",
        "projekt_name": "Multi Brussels",
        "stadt_name": "Brüssel",
        "geo_precision": "city_centroid_via_project"
      }
    },
    {
      "type": "Feature",
      "geometry": {
        "type": "Point",
        "coordinates": [
          16.3725042,
          48.2083537
        ]
      },
      "properties": {
        "entity_type": "Bauteilgruppe",
        "bauteilgruppe_id": "bg_aluminium_technik_meduni_cable_ducts_grids_candidate",
        "bauteilgruppe_name": "bg_reuse_aluminium_technik_meduni_cable_ducts_grids_candidate",
        "projekt_id": "p_meduni_campus_mariannengasse",
        "projekt_name": "MedUni Campus Wien",
        "stadt_name": "Wien",
        "geo_precision": "city_centroid_via_project"
      }
    },
    {
      "type": "Feature",
      "geometry": {
        "type": "Point",
        "coordinates": [
          6.0230325,
          51.9470218
        ]
      },
      "properties": {
        "entity_type": "Bauteilgruppe",
        "bauteilgruppe_id": "bg_asphalt_liander_existing_roofs",
        "bauteilgruppe_name": "bg_reuse_asphalt_liander_existing_roofs",
        "projekt_id": "p_liander_alliander_hq_duiven",
        "projekt_name": "Liander",
        "stadt_name": "Duiven",
        "geo_precision": "city_centroid_via_project"
      }
    },
    {
      "type": "Feature",
      "geometry": {
        "type": "Point",
        "coordinates": [
          16.3725042,
          48.2083537
        ]
      },
      "properties": {
        "entity_type": "Bauteilgruppe",
        "bauteilgruppe_id": "bg_ausbau_wand_meduni_toilet_partitions_candidate",
        "bauteilgruppe_name": "bg_reuse_ausbau_wand_meduni_toilet_partitions_candidate",
        "projekt_id": "p_meduni_campus_mariannengasse",
        "projekt_name": "MedUni Campus Wien",
        "stadt_name": "Wien",
        "geo_precision": "city_centroid_via_project"
      }
    },
    {
      "type": "Feature",
      "geometry": {
        "type": "Point",
        "coordinates": [
          6.0230325,
          51.9470218
        ]
      },
      "properties": {
        "entity_type": "Bauteilgruppe",
        "bauteilgruppe_id": "bg_bestand_liander_existing_constructions",
        "bauteilgruppe_name": "bg_reuse_bestand_liander_existing_constructions",
        "projekt_id": "p_liander_alliander_hq_duiven",
        "projekt_name": "Liander",
        "stadt_name": "Duiven",
        "geo_precision": "city_centroid_via_project"
      }
    },
    {
      "type": "Feature",
      "geometry": {
        "type": "Point",
        "coordinates": [
          4.47775,
          51.9244424
        ]
      },
      "properties": {
        "entity_type": "Bauteilgruppe",
        "bauteilgruppe_id": "bg_beton_innenwand_bluecity_original_concrete_blocks",
        "bauteilgruppe_name": "bg_reuse_beton_innenwand_bluecity_original_concrete_blocks",
        "projekt_id": "p_bluecity_offices_rotterdam",
        "projekt_name": "BlueCity Offices…",
        "stadt_name": "Rotterdam",
        "geo_precision": "city_centroid_via_project"
      }
    },
    {
      "type": "Feature",
      "geometry": {
        "type": "Point",
        "coordinates": [
          6.0230325,
          51.9470218
        ]
      },
      "properties": {
        "entity_type": "Bauteilgruppe",
        "bauteilgruppe_id": "bg_beton_liander_demolished_concrete",
        "bauteilgruppe_name": "bg_reuse_beton_liander_demolished_concrete",
        "projekt_id": "p_liander_alliander_hq_duiven",
        "projekt_name": "Liander",
        "stadt_name": "Duiven",
        "geo_precision": "city_centroid_via_project"
      }
    },
    {
      "type": "Feature",
      "geometry": {
        "type": "Point",
        "coordinates": [
          12.5700724,
          55.6867243
        ]
      },
      "properties": {
        "entity_type": "Bauteilgruppe",
        "bauteilgruppe_id": "bg_beton_tragwerk_upcycle_studios_recycled_concrete",
        "bauteilgruppe_name": "bg_reuse_beton_tragwerk_upcycle_studios_recycled_concrete",
        "projekt_id": "p_upcycle_studios_copenhagen",
        "projekt_name": "Upcycle Studios Copenhag…",
        "stadt_name": "Kopenhagen",
        "geo_precision": "city_centroid_via_project"
      }
    },
    {
      "type": "Feature",
      "geometry": {
        "type": "Point",
        "coordinates": [
          16.3725042,
          48.2083537
        ]
      },
      "properties": {
        "entity_type": "Bauteilgruppe",
        "bauteilgruppe_id": "bg_boden_meduni_double_floors_candidate",
        "bauteilgruppe_name": "bg_reuse_boden_meduni_double_floors_candidate",
        "projekt_id": "p_meduni_campus_mariannengasse",
        "projekt_name": "MedUni Campus Wien",
        "stadt_name": "Wien",
        "geo_precision": "city_centroid_via_project"
      }
    },
    {
      "type": "Feature",
      "geometry": {
        "type": "Point",
        "coordinates": [
          8.6185666,
          47.3969942
        ]
      },
      "properties": {
        "entity_type": "Bauteilgruppe",
        "bauteilgruppe_id": "bg_daemmstoff_daemmung_umar_repurposed_insulation",
        "bauteilgruppe_name": "bg_reuse_daemmstoff_daemmung_umar_repurposed_insulation",
        "projekt_id": "p_umar_unit",
        "projekt_name": "UMAR Unit",
        "stadt_name": "Dübendorf",
        "geo_precision": "city_centroid_via_project"
      }
    },
    {
      "type": "Feature",
      "geometry": {
        "type": "Point",
        "coordinates": [
          6.0230325,
          51.9470218
        ]
      },
      "properties": {
        "entity_type": "Bauteilgruppe",
        "bauteilgruppe_id": "bg_decke_liander_existing_ceiling_plates",
        "bauteilgruppe_name": "bg_reuse_decke_liander_existing_ceiling_plates",
        "projekt_id": "p_liander_alliander_hq_duiven",
        "projekt_name": "Liander",
        "stadt_name": "Duiven",
        "geo_precision": "city_centroid_via_project"
      }
    },
    {
      "type": "Feature",
      "geometry": {
        "type": "Point",
        "coordinates": [
          16.3725042,
          48.2083537
        ]
      },
      "properties": {
        "entity_type": "Bauteilgruppe",
        "bauteilgruppe_id": "bg_fliesen_boden_wand_meduni_tiles_candidate",
        "bauteilgruppe_name": "bg_reuse_fliesen_boden_wand_meduni_tiles_candidate",
        "projekt_id": "p_meduni_campus_mariannengasse",
        "projekt_name": "MedUni Campus Wien",
        "stadt_name": "Wien",
        "geo_precision": "city_centroid_via_project"
      }
    },
    {
      "type": "Feature",
      "geometry": {
        "type": "Point",
        "coordinates": [
          8.7291498,
          47.4991723
        ]
      },
      "properties": {
        "entity_type": "Bauteilgruppe",
        "bauteilgruppe_id": "bg_glas_fenster_k118_zurich_windows_candidate",
        "bauteilgruppe_name": "bg_reuse_glas_fenster_k118_zurich_windows_candidate",
        "projekt_id": "p_k118_kopfbau_halle_118_winterthur",
        "projekt_name": "K.118 Winterthur",
        "stadt_name": "Winterthur",
        "geo_precision": "city_centroid_via_project"
      }
    },
    {
      "type": "Feature",
      "geometry": {
        "type": "Point",
        "coordinates": [
          12.5700724,
          55.6867243
        ]
      },
      "properties": {
        "entity_type": "Bauteilgruppe",
        "bauteilgruppe_id": "bg_glas_fenster_upcycle_studios_repurposed_double_glazing",
        "bauteilgruppe_name": "bg_reuse_glas_fenster_upcycle_studios_repurposed_double_glazing",
        "projekt_id": "p_upcycle_studios_copenhagen",
        "projekt_name": "Upcycle Studios Copenhag…",
        "stadt_name": "Kopenhagen",
        "geo_precision": "city_centroid_via_project"
      }
    },
    {
      "type": "Feature",
      "geometry": {
        "type": "Point",
        "coordinates": [
          4.47775,
          51.9244424
        ]
      },
      "properties": {
        "entity_type": "Bauteilgruppe",
        "bauteilgruppe_id": "bg_glas_innenwand_bluecity_reused_window_frames",
        "bauteilgruppe_name": "bg_reuse_glas_innenwand_bluecity_reused_window_frames",
        "projekt_id": "p_bluecity_offices_rotterdam",
        "projekt_name": "BlueCity Offices…",
        "stadt_name": "Rotterdam",
        "geo_precision": "city_centroid_via_project"
      }
    },
    {
      "type": "Feature",
      "geometry": {
        "type": "Point",
        "coordinates": [
          2.3483915,
          48.8534951
        ]
      },
      "properties": {
        "entity_type": "Bauteilgruppe",
        "bauteilgruppe_id": "bg_holz_ausbau_canaux_archive_furniture_acoustic_desks",
        "bauteilgruppe_name": "bg_reuse_holz_ausbau_canaux_archive_furniture_acoustic_desks",
        "projekt_id": "p_maison_des_canaux_paris",
        "projekt_name": "Maison des Canaux, Paris",
        "stadt_name": "Paris",
        "geo_precision": "city_centroid_via_project"
      }
    },
    {
      "type": "Feature",
      "geometry": {
        "type": "Point",
        "coordinates": [
          12.5700724,
          55.6867243
        ]
      },
      "properties": {
        "entity_type": "Bauteilgruppe",
        "bauteilgruppe_id": "bg_holz_ausbau_upcycle_studios_discarded_flooring_boards",
        "bauteilgruppe_name": "bg_reuse_holz_ausbau_upcycle_studios_discarded_flooring_boards",
        "projekt_id": "p_upcycle_studios_copenhagen",
        "projekt_name": "Upcycle Studios Copenhag…",
        "stadt_name": "Kopenhagen",
        "geo_precision": "city_centroid_via_project"
      }
    },
    {
      "type": "Feature",
      "geometry": {
        "type": "Point",
        "coordinates": [
          2.3483915,
          48.8534951
        ]
      },
      "properties": {
        "entity_type": "Bauteilgruppe",
        "bauteilgruppe_id": "bg_holz_aussenraum_canaux_landing_doors_decking_lattice",
        "bauteilgruppe_name": "bg_reuse_holz_aussenraum_canaux_landing_doors_decking_lattice",
        "projekt_id": "p_maison_des_canaux_paris",
        "projekt_name": "Maison des Canaux, Paris",
        "stadt_name": "Paris",
        "geo_precision": "city_centroid_via_project"
      }
    },
    {
      "type": "Feature",
      "geometry": {
        "type": "Point",
        "coordinates": [
          2.3483915,
          48.8534951
        ]
      },
      "properties": {
        "entity_type": "Bauteilgruppe",
        "bauteilgruppe_id": "bg_holz_boden_canaux_refurbished_wooden_floor",
        "bauteilgruppe_name": "bg_reuse_holz_boden_canaux_refurbished_wooden_floor",
        "projekt_id": "p_maison_des_canaux_paris",
        "projekt_name": "Maison des Canaux, Paris",
        "stadt_name": "Paris",
        "geo_precision": "city_centroid_via_project"
      }
    },
    {
      "type": "Feature",
      "geometry": {
        "type": "Point",
        "coordinates": [
          8.7291498,
          47.4991723
        ]
      },
      "properties": {
        "entity_type": "Bauteilgruppe",
        "bauteilgruppe_id": "bg_holz_boden_k118_parquet_candidate",
        "bauteilgruppe_name": "bg_reuse_holz_boden_k118_parquet_candidate",
        "projekt_id": "p_k118_kopfbau_halle_118_winterthur",
        "projekt_name": "K.118 Winterthur",
        "stadt_name": "Winterthur",
        "geo_precision": "city_centroid_via_project"
      }
    },
    {
      "type": "Feature",
      "geometry": {
        "type": "Point",
        "coordinates": [
          16.3725042,
          48.2083537
        ]
      },
      "properties": {
        "entity_type": "Bauteilgruppe",
        "bauteilgruppe_id": "bg_holz_boden_meduni_parquet_candidate",
        "bauteilgruppe_name": "bg_reuse_holz_boden_meduni_parquet_candidate",
        "projekt_id": "p_meduni_campus_mariannengasse",
        "projekt_name": "MedUni Campus Wien",
        "stadt_name": "Wien",
        "geo_precision": "city_centroid_via_project"
      }
    },
    {
      "type": "Feature",
      "geometry": {
        "type": "Point",
        "coordinates": [
          8.7291498,
          47.4991723
        ]
      },
      "properties": {
        "entity_type": "Bauteilgruppe",
        "bauteilgruppe_id": "bg_holz_dach_k118_aarau_roof_elements_candidate",
        "bauteilgruppe_name": "bg_reuse_holz_dach_k118_aarau_roof_elements_candidate",
        "projekt_id": "p_k118_kopfbau_halle_118_winterthur",
        "projekt_name": "K.118 Winterthur",
        "stadt_name": "Winterthur",
        "geo_precision": "city_centroid_via_project"
      }
    },
    {
      "type": "Feature",
      "geometry": {
        "type": "Point",
        "coordinates": [
          0.5821779,
          50.8550976
        ]
      },
      "properties": {
        "entity_type": "Bauteilgruppe",
        "bauteilgruppe_id": "bg_holz_fassade_hastings_pier_rescued_tropical_hardwood",
        "bauteilgruppe_name": "bg_reuse_holz_fassade_hastings_pier_rescued_tropical_hardwood",
        "projekt_id": "p_hastings_pier_visitor_centre",
        "projekt_name": "Hastings Pier Visitor…",
        "stadt_name": "Hastings",
        "geo_precision": "city_centroid_via_project"
      }
    },
    {
      "type": "Feature",
      "geometry": {
        "type": "Point",
        "coordinates": [
          6.0230325,
          51.9470218
        ]
      },
      "properties": {
        "entity_type": "Bauteilgruppe",
        "bauteilgruppe_id": "bg_holz_fassade_liander_waste_wood_facades",
        "bauteilgruppe_name": "bg_reuse_holz_fassade_liander_waste_wood_facades",
        "projekt_id": "p_liander_alliander_hq_duiven",
        "projekt_name": "Liander",
        "stadt_name": "Duiven",
        "geo_precision": "city_centroid_via_project"
      }
    },
    {
      "type": "Feature",
      "geometry": {
        "type": "Point",
        "coordinates": [
          8.5410422,
          47.3744489
        ]
      },
      "properties": {
        "entity_type": "Bauteilgruppe",
        "bauteilgruppe_id": "bg_holz_mehrere_grubenstrasse_old_roof_purlins",
        "bauteilgruppe_name": "bg_reuse_holz_mehrere_grubenstrasse_old_roof_purlins",
        "projekt_id": "p_grubenstrasse_29_werkhof_29_zuerich",
        "projekt_name": "Grubenstrasse 29",
        "stadt_name": "Zürich",
        "geo_precision": "city_centroid_via_project"
      }
    },
    {
      "type": "Feature",
      "geometry": {
        "type": "Point",
        "coordinates": [
          12.5700724,
          55.6867243
        ]
      },
      "properties": {
        "entity_type": "Bauteilgruppe",
        "bauteilgruppe_id": "bg_holz_mehrere_resource_rows_metro_wastewood_candidate",
        "bauteilgruppe_name": "bg_reuse_holz_mehrere_resource_rows_metro_wastewood_candidate",
        "projekt_id": "p_resource_rows_copenhagen",
        "projekt_name": "Resource Rows",
        "stadt_name": "Kopenhagen",
        "geo_precision": "city_centroid_via_project"
      }
    },
    {
      "type": "Feature",
      "geometry": {
        "type": "Point",
        "coordinates": [
          0.5821779,
          50.8550976
        ]
      },
      "properties": {
        "entity_type": "Bauteilgruppe",
        "bauteilgruppe_id": "bg_holz_moebel_hastings_pier_deck_furniture",
        "bauteilgruppe_name": "bg_reuse_holz_moebel_hastings_pier_deck_furniture",
        "projekt_id": "p_hastings_pier_visitor_centre",
        "projekt_name": "Hastings Pier Visitor…",
        "stadt_name": "Hastings",
        "geo_precision": "city_centroid_via_project"
      }
    },
    {
      "type": "Feature",
      "geometry": {
        "type": "Point",
        "coordinates": [
          2.3483915,
          48.8534951
        ]
      },
      "properties": {
        "entity_type": "Bauteilgruppe",
        "bauteilgruppe_id": "bg_holz_papier_ferme_du_rail_recycled_fibre_wall_panels",
        "bauteilgruppe_name": "bg_reuse_holz_papier_ferme_du_rail_recycled_fibre_wall_panels",
        "projekt_id": "p_ferme_du_rail_paris",
        "projekt_name": "Ferme du Rail Paris",
        "stadt_name": "Paris",
        "geo_precision": "city_centroid_via_project"
      }
    },
    {
      "type": "Feature",
      "geometry": {
        "type": "Point",
        "coordinates": [
          -0.1277653,
          51.5074456
        ]
      },
      "properties": {
        "entity_type": "Bauteilgruppe",
        "bauteilgruppe_id": "bg_holz_tragwerk_cascadeup_glulamst_frame",
        "bauteilgruppe_name": "bg_reuse_holz_tragwerk_cascadeup_glulamst_frame",
        "projekt_id": "p_cascadeup_london_secondary_timber_glulam_demonstrator",
        "projekt_name": "CascadeUp",
        "stadt_name": "London",
        "geo_precision": "city_centroid_via_project"
      }
    },
    {
      "type": "Feature",
      "geometry": {
        "type": "Point",
        "coordinates": [
          16.3725042,
          48.2083537
        ]
      },
      "properties": {
        "entity_type": "Bauteilgruppe",
        "bauteilgruppe_id": "bg_holz_treppe_meduni_oak_handrails_candidate",
        "bauteilgruppe_name": "bg_reuse_holz_treppe_meduni_oak_handrails_candidate",
        "projekt_id": "p_meduni_campus_mariannengasse",
        "projekt_name": "MedUni Campus Wien",
        "stadt_name": "Wien",
        "geo_precision": "city_centroid_via_project"
      }
    },
    {
      "type": "Feature",
      "geometry": {
        "type": "Point",
        "coordinates": [
          8.7291498,
          47.4991723
        ]
      },
      "properties": {
        "entity_type": "Bauteilgruppe",
        "bauteilgruppe_id": "bg_holz_tueren_k118_uster_doors_candidate",
        "bauteilgruppe_name": "bg_reuse_holz_tueren_k118_uster_doors_candidate",
        "projekt_id": "p_k118_kopfbau_halle_118_winterthur",
        "projekt_name": "K.118 Winterthur",
        "stadt_name": "Winterthur",
        "geo_precision": "city_centroid_via_project"
      }
    },
    {
      "type": "Feature",
      "geometry": {
        "type": "Point",
        "coordinates": [
          16.3725042,
          48.2083537
        ]
      },
      "properties": {
        "entity_type": "Bauteilgruppe",
        "bauteilgruppe_id": "bg_holz_tueren_meduni_doors_candidate",
        "bauteilgruppe_name": "bg_reuse_holz_tueren_meduni_doors_candidate",
        "projekt_id": "p_meduni_campus_mariannengasse",
        "projekt_name": "MedUni Campus Wien",
        "stadt_name": "Wien",
        "geo_precision": "city_centroid_via_project"
      }
    },
    {
      "type": "Feature",
      "geometry": {
        "type": "Point",
        "coordinates": [
          -0.1277653,
          51.5074456
        ]
      },
      "properties": {
        "entity_type": "Bauteilgruppe",
        "bauteilgruppe_id": "bg_holz_wand_decke_cascadeup_clst_panels",
        "bauteilgruppe_name": "bg_reuse_holz_wand_decke_cascadeup_clst_panels",
        "projekt_id": "p_cascadeup_london_secondary_timber_glulam_demonstrator",
        "projekt_name": "CascadeUp",
        "stadt_name": "London",
        "geo_precision": "city_centroid_via_project"
      }
    },
    {
      "type": "Feature",
      "geometry": {
        "type": "Point",
        "coordinates": [
          2.3483915,
          48.8534951
        ]
      },
      "properties": {
        "entity_type": "Bauteilgruppe",
        "bauteilgruppe_id": "bg_keramik_fliese_canaux_terracotta_wall_covering",
        "bauteilgruppe_name": "bg_reuse_keramik_fliese_canaux_terracotta_wall_covering",
        "projekt_id": "p_maison_des_canaux_paris",
        "projekt_name": "Maison des Canaux, Paris",
        "stadt_name": "Paris",
        "geo_precision": "city_centroid_via_project"
      }
    },
    {
      "type": "Feature",
      "geometry": {
        "type": "Point",
        "coordinates": [
          2.3483915,
          48.8534951
        ]
      },
      "properties": {
        "entity_type": "Bauteilgruppe",
        "bauteilgruppe_id": "bg_keramik_fliese_ferme_du_rail_reused_tiles",
        "bauteilgruppe_name": "bg_reuse_keramik_fliese_ferme_du_rail_reused_tiles",
        "projekt_id": "p_ferme_du_rail_paris",
        "projekt_name": "Ferme du Rail Paris",
        "stadt_name": "Paris",
        "geo_precision": "city_centroid_via_project"
      }
    },
    {
      "type": "Feature",
      "geometry": {
        "type": "Point",
        "coordinates": [
          2.3483915,
          48.8534951
        ]
      },
      "properties": {
        "entity_type": "Bauteilgruppe",
        "bauteilgruppe_id": "bg_leuchten_canaux_lighting_fixtures_parchment",
        "bauteilgruppe_name": "bg_reuse_leuchten_canaux_lighting_fixtures_parchment",
        "projekt_id": "p_maison_des_canaux_paris",
        "projekt_name": "Maison des Canaux, Paris",
        "stadt_name": "Paris",
        "geo_precision": "city_centroid_via_project"
      }
    },
    {
      "type": "Feature",
      "geometry": {
        "type": "Point",
        "coordinates": [
          4.4908843,
          52.1594747
        ]
      },
      "properties": {
        "entity_type": "Bauteilgruppe",
        "bauteilgruppe_id": "bg_mehrere_ausbau_biopartner5_furniture_doors_candidate",
        "bauteilgruppe_name": "bg_reuse_mehrere_ausbau_biopartner5_furniture_doors_candidate",
        "projekt_id": "p_biopartner_5_leiden_oegstgeest",
        "projekt_name": "BioPartner 5",
        "stadt_name": "Leiden",
        "geo_precision": "city_centroid_via_project"
      }
    },
    {
      "type": "Feature",
      "geometry": {
        "type": "Point",
        "coordinates": [
          4.4738856,
          52.185433
        ]
      },
      "properties": {
        "entity_type": "Bauteilgruppe",
        "bauteilgruppe_id": "bg_mehrere_ausbau_biopartner5_furniture_doors_candidate",
        "bauteilgruppe_name": "bg_reuse_mehrere_ausbau_biopartner5_furniture_doors_candidate",
        "projekt_id": "p_biopartner_5_leiden_oegstgeest",
        "projekt_name": "BioPartner 5",
        "stadt_name": "Oegstgeest",
        "geo_precision": "city_centroid_via_project"
      }
    },
    {
      "type": "Feature",
      "geometry": {
        "type": "Point",
        "coordinates": [
          4.4383633,
          50.8084174
        ]
      },
      "properties": {
        "entity_type": "Bauteilgruppe",
        "bauteilgruppe_id": "bg_mehrere_maison_vignette_reclaimed_recycled_package",
        "bauteilgruppe_name": "bg_reuse_mehrere_maison_vignette_reclaimed_recycled_package",
        "projekt_id": "p_maison_vignette_auderghem",
        "projekt_name": "Maison Vignette",
        "stadt_name": "Auderghem / Brüssel",
        "geo_precision": "city_centroid_via_project"
      }
    },
    {
      "type": "Feature",
      "geometry": {
        "type": "Point",
        "coordinates": [
          16.3725042,
          48.2083537
        ]
      },
      "properties": {
        "entity_type": "Bauteilgruppe",
        "bauteilgruppe_id": "bg_mehrere_mehrere_meduni_component_catalogue",
        "bauteilgruppe_name": "bg_reuse_mehrere_mehrere_meduni_component_catalogue",
        "projekt_id": "p_meduni_campus_mariannengasse",
        "projekt_name": "MedUni Campus Wien",
        "stadt_name": "Wien",
        "geo_precision": "city_centroid_via_project"
      }
    },
    {
      "type": "Feature",
      "geometry": {
        "type": "Point",
        "coordinates": [
          12.4696107,
          55.7383794
        ]
      },
      "properties": {
        "entity_type": "Bauteilgruppe",
        "bauteilgruppe_id": "bg_mehrere_mehrere_svanen_clock_dome_washbasins",
        "bauteilgruppe_name": "bg_reuse_mehrere_mehrere_svanen_clock_dome_washbasins",
        "projekt_id": "p_svanen_kindergarten_gladsaxe",
        "projekt_name": "Svanen",
        "stadt_name": "Gladsaxe",
        "geo_precision": "city_centroid_via_project"
      }
    },
    {
      "type": "Feature",
      "geometry": {
        "type": "Point",
        "coordinates": [
          8.7291498,
          47.4991723
        ]
      },
      "properties": {
        "entity_type": "Bauteilgruppe",
        "bauteilgruppe_id": "bg_mehrere_technik_k118_pv_candidate",
        "bauteilgruppe_name": "bg_reuse_mehrere_technik_k118_pv_candidate",
        "projekt_id": "p_k118_kopfbau_halle_118_winterthur",
        "projekt_name": "K.118 Winterthur",
        "stadt_name": "Winterthur",
        "geo_precision": "city_centroid_via_project"
      }
    },
    {
      "type": "Feature",
      "geometry": {
        "type": "Point",
        "coordinates": [
          8.7291498,
          47.4991723
        ]
      },
      "properties": {
        "entity_type": "Bauteilgruppe",
        "bauteilgruppe_id": "bg_metall_fassade_k118_red_sheets_candidate",
        "bauteilgruppe_name": "bg_reuse_metall_fassade_k118_red_sheets_candidate",
        "projekt_id": "p_k118_kopfbau_halle_118_winterthur",
        "projekt_name": "K.118 Winterthur",
        "stadt_name": "Winterthur",
        "geo_precision": "city_centroid_via_project"
      }
    },
    {
      "type": "Feature",
      "geometry": {
        "type": "Point",
        "coordinates": [
          8.5410422,
          47.3744489
        ]
      },
      "properties": {
        "entity_type": "Bauteilgruppe",
        "bauteilgruppe_id": "bg_metall_fassade_schaerenmoos_fassade_absturz",
        "bauteilgruppe_name": "bg_reuse_metall_fassade_schaerenmoos_fassade_absturz",
        "projekt_id": "p_schaerenmoosstrasse_zuerich",
        "projekt_name": "Schärenmoosstr. ZH",
        "stadt_name": "Zürich",
        "geo_precision": "city_centroid_via_project"
      }
    },
    {
      "type": "Feature",
      "geometry": {
        "type": "Point",
        "coordinates": [
          2.3483915,
          48.8534951
        ]
      },
      "properties": {
        "entity_type": "Bauteilgruppe",
        "bauteilgruppe_id": "bg_metall_ferme_du_rail_reused_metallic_elements",
        "bauteilgruppe_name": "bg_reuse_metall_ferme_du_rail_reused_metallic_elements",
        "projekt_id": "p_ferme_du_rail_paris",
        "projekt_name": "Ferme du Rail Paris",
        "stadt_name": "Paris",
        "geo_precision": "city_centroid_via_project"
      }
    },
    {
      "type": "Feature",
      "geometry": {
        "type": "Point",
        "coordinates": [
          4.47775,
          51.9244424
        ]
      },
      "properties": {
        "entity_type": "Bauteilgruppe",
        "bauteilgruppe_id": "bg_metall_gelaender_bluecity_oil_platform_balustrades",
        "bauteilgruppe_name": "bg_reuse_metall_gelaender_bluecity_oil_platform_balustrades",
        "projekt_id": "p_bluecity_offices_rotterdam",
        "projekt_name": "BlueCity Offices…",
        "stadt_name": "Rotterdam",
        "geo_precision": "city_centroid_via_project"
      }
    },
    {
      "type": "Feature",
      "geometry": {
        "type": "Point",
        "coordinates": [
          16.3725042,
          48.2083537
        ]
      },
      "properties": {
        "entity_type": "Bauteilgruppe",
        "bauteilgruppe_id": "bg_metall_technik_meduni_copper_cables_candidate",
        "bauteilgruppe_name": "bg_reuse_metall_technik_meduni_copper_cables_candidate",
        "projekt_id": "p_meduni_campus_mariannengasse",
        "projekt_name": "MedUni Campus Wien",
        "stadt_name": "Wien",
        "geo_precision": "city_centroid_via_project"
      }
    },
    {
      "type": "Feature",
      "geometry": {
        "type": "Point",
        "coordinates": [
          16.3725042,
          48.2083537
        ]
      },
      "properties": {
        "entity_type": "Bauteilgruppe",
        "bauteilgruppe_id": "bg_metall_treppe_meduni_jugendstil_handrails_candidate",
        "bauteilgruppe_name": "bg_reuse_metall_treppe_meduni_jugendstil_handrails_candidate",
        "projekt_id": "p_meduni_campus_mariannengasse",
        "projekt_name": "MedUni Campus Wien",
        "stadt_name": "Wien",
        "geo_precision": "city_centroid_via_project"
      }
    },
    {
      "type": "Feature",
      "geometry": {
        "type": "Point",
        "coordinates": [
          2.3483915,
          48.8534951
        ]
      },
      "properties": {
        "entity_type": "Bauteilgruppe",
        "bauteilgruppe_id": "bg_moebel_canaux_reclaimed_furniture",
        "bauteilgruppe_name": "bg_reuse_moebel_canaux_reclaimed_furniture",
        "projekt_id": "p_maison_des_canaux_paris",
        "projekt_name": "Maison des Canaux, Paris",
        "stadt_name": "Paris",
        "geo_precision": "city_centroid_via_project"
      }
    },
    {
      "type": "Feature",
      "geometry": {
        "type": "Point",
        "coordinates": [
          16.3725042,
          48.2083537
        ]
      },
      "properties": {
        "entity_type": "Bauteilgruppe",
        "bauteilgruppe_id": "bg_moebel_lager_meduni_heavy_shelves_candidate",
        "bauteilgruppe_name": "bg_reuse_moebel_lager_meduni_heavy_shelves_candidate",
        "projekt_id": "p_meduni_campus_mariannengasse",
        "projekt_name": "MedUni Campus Wien",
        "stadt_name": "Wien",
        "geo_precision": "city_centroid_via_project"
      }
    },
    {
      "type": "Feature",
      "geometry": {
        "type": "Point",
        "coordinates": [
          16.3725042,
          48.2083537
        ]
      },
      "properties": {
        "entity_type": "Bauteilgruppe",
        "bauteilgruppe_id": "bg_moebel_sitze_meduni_cinema_seats_candidate",
        "bauteilgruppe_name": "bg_reuse_moebel_sitze_meduni_cinema_seats_candidate",
        "projekt_id": "p_meduni_campus_mariannengasse",
        "projekt_name": "MedUni Campus Wien",
        "stadt_name": "Wien",
        "geo_precision": "city_centroid_via_project"
      }
    },
    {
      "type": "Feature",
      "geometry": {
        "type": "Point",
        "coordinates": [
          16.3725042,
          48.2083537
        ]
      },
      "properties": {
        "entity_type": "Bauteilgruppe",
        "bauteilgruppe_id": "bg_moebel_stuehle_meduni_folding_chairs_candidate",
        "bauteilgruppe_name": "bg_reuse_moebel_stuehle_meduni_folding_chairs_candidate",
        "projekt_id": "p_meduni_campus_mariannengasse",
        "projekt_name": "MedUni Campus Wien",
        "stadt_name": "Wien",
        "geo_precision": "city_centroid_via_project"
      }
    },
    {
      "type": "Feature",
      "geometry": {
        "type": "Point",
        "coordinates": [
          8.7291498,
          47.4991723
        ]
      },
      "properties": {
        "entity_type": "Bauteilgruppe",
        "bauteilgruppe_id": "bg_naturstein_boden_k118_granite_candidate",
        "bauteilgruppe_name": "bg_reuse_naturstein_boden_k118_granite_candidate",
        "projekt_id": "p_k118_kopfbau_halle_118_winterthur",
        "projekt_name": "K.118 Winterthur",
        "stadt_name": "Winterthur",
        "geo_precision": "city_centroid_via_project"
      }
    },
    {
      "type": "Feature",
      "geometry": {
        "type": "Point",
        "coordinates": [
          8.7291498,
          47.4991723
        ]
      },
      "properties": {
        "entity_type": "Bauteilgruppe",
        "bauteilgruppe_id": "bg_naturstein_fassade_k118_granit_orion_candidate",
        "bauteilgruppe_name": "bg_reuse_naturstein_fassade_k118_granit_orion_candidate",
        "projekt_id": "p_k118_kopfbau_halle_118_winterthur",
        "projekt_name": "K.118 Winterthur",
        "stadt_name": "Winterthur",
        "geo_precision": "city_centroid_via_project"
      }
    },
    {
      "type": "Feature",
      "geometry": {
        "type": "Point",
        "coordinates": [
          2.7643391,
          50.9638066
        ]
      },
      "properties": {
        "entity_type": "Bauteilgruppe",
        "bauteilgruppe_id": "bg_papier_daemmung_lo_reninge_recycled_paper_insulation",
        "bauteilgruppe_name": "bg_reuse_papier_daemmung_lo_reninge_recycled_paper_insulation",
        "projekt_id": "p_lo_reninge_town_hall_facade",
        "projekt_name": "Lo-Reninge Town Hall…",
        "stadt_name": "Lo-Reninge",
        "geo_precision": "city_centroid_via_project"
      }
    },
    {
      "type": "Feature",
      "geometry": {
        "type": "Point",
        "coordinates": [
          6.0230325,
          51.9470218
        ]
      },
      "properties": {
        "entity_type": "Bauteilgruppe",
        "bauteilgruppe_id": "bg_sanitaer_liander_existing_toilets",
        "bauteilgruppe_name": "bg_reuse_sanitaer_liander_existing_toilets",
        "projekt_id": "p_liander_alliander_hq_duiven",
        "projekt_name": "Liander",
        "stadt_name": "Duiven",
        "geo_precision": "city_centroid_via_project"
      }
    },
    {
      "type": "Feature",
      "geometry": {
        "type": "Point",
        "coordinates": [
          8.7291498,
          47.4991723
        ]
      },
      "properties": {
        "entity_type": "Bauteilgruppe",
        "bauteilgruppe_id": "bg_stahl_erschliessung_k118_aussentreppe_orion_candidate",
        "bauteilgruppe_name": "bg_reuse_stahl_erschliessung_k118_aussentreppe_orion_candidate",
        "projekt_id": "p_k118_kopfbau_halle_118_winterthur",
        "projekt_name": "K.118 Winterthur",
        "stadt_name": "Winterthur",
        "geo_precision": "city_centroid_via_project"
      }
    },
    {
      "type": "Feature",
      "geometry": {
        "type": "Point",
        "coordinates": [
          8.7291498,
          47.4991723
        ]
      },
      "properties": {
        "entity_type": "Bauteilgruppe",
        "bauteilgruppe_id": "bg_stahl_mehrere_k118_kopfbau_halle_118_winterthur_stahltraeger_candidate",
        "bauteilgruppe_name": "bg_reuse_stahl_mehrere_k118_kopfbau_halle_118_winterthur_stahltraeger_candidate",
        "projekt_id": "p_k118_kopfbau_halle_118_winterthur",
        "projekt_name": "K.118 Winterthur",
        "stadt_name": "Winterthur",
        "geo_precision": "city_centroid_via_project"
      }
    },
    {
      "type": "Feature",
      "geometry": {
        "type": "Point",
        "coordinates": [
          8.5410422,
          47.3744489
        ]
      },
      "properties": {
        "entity_type": "Bauteilgruppe",
        "bauteilgruppe_id": "bg_stahl_mehrere_schaerenmoos_dachpergolen",
        "bauteilgruppe_name": "bg_reuse_stahl_mehrere_schaerenmoos_dachpergolen",
        "projekt_id": "p_schaerenmoosstrasse_zuerich",
        "projekt_name": "Schärenmoosstr. ZH",
        "stadt_name": "Zürich",
        "geo_precision": "city_centroid_via_project"
      }
    },
    {
      "type": "Feature",
      "geometry": {
        "type": "Point",
        "coordinates": [
          8.5410422,
          47.3744489
        ]
      },
      "properties": {
        "entity_type": "Bauteilgruppe",
        "bauteilgruppe_id": "bg_stahl_mehrere_schaerenmoos_laubengang_balkone",
        "bauteilgruppe_name": "bg_reuse_stahl_mehrere_schaerenmoos_laubengang_balkone",
        "projekt_id": "p_schaerenmoosstrasse_zuerich",
        "projekt_name": "Schärenmoosstr. ZH",
        "stadt_name": "Zürich",
        "geo_precision": "city_centroid_via_project"
      }
    },
    {
      "type": "Feature",
      "geometry": {
        "type": "Point",
        "coordinates": [
          4.47775,
          51.9244424
        ]
      },
      "properties": {
        "entity_type": "Bauteilgruppe",
        "bauteilgruppe_id": "bg_stahl_tragwerk_bluecity_reused_steel",
        "bauteilgruppe_name": "bg_reuse_stahl_tragwerk_bluecity_reused_steel",
        "projekt_id": "p_bluecity_offices_rotterdam",
        "projekt_name": "BlueCity Offices…",
        "stadt_name": "Rotterdam",
        "geo_precision": "city_centroid_via_project"
      }
    },
    {
      "type": "Feature",
      "geometry": {
        "type": "Point",
        "coordinates": [
          -0.1277653,
          51.5074456
        ]
      },
      "properties": {
        "entity_type": "Bauteilgruppe",
        "bauteilgruppe_id": "bg_stahl_tragwerk_brent_cross_oil_pipeline_tubulars",
        "bauteilgruppe_name": "bg_reuse_stahl_tragwerk_brent_cross_oil_pipeline_tubulars",
        "projekt_id": "p_brent_cross_town_primary_substation_london",
        "projekt_name": "Brent Cross Town…",
        "stadt_name": "London",
        "geo_precision": "city_centroid_via_project"
      }
    },
    {
      "type": "Feature",
      "geometry": {
        "type": "Point",
        "coordinates": [
          8.7291498,
          47.4991723
        ]
      },
      "properties": {
        "entity_type": "Bauteilgruppe",
        "bauteilgruppe_id": "bg_stahl_tragwerk_k118_basel_steel_beams_candidate",
        "bauteilgruppe_name": "bg_reuse_stahl_tragwerk_k118_basel_steel_beams_candidate",
        "projekt_id": "p_k118_kopfbau_halle_118_winterthur",
        "projekt_name": "K.118 Winterthur",
        "stadt_name": "Winterthur",
        "geo_precision": "city_centroid_via_project"
      }
    },
    {
      "type": "Feature",
      "geometry": {
        "type": "Point",
        "coordinates": [
          6.0230325,
          51.9470218
        ]
      },
      "properties": {
        "entity_type": "Bauteilgruppe",
        "bauteilgruppe_id": "bg_stahl_tragwerk_liander_extension_steel",
        "bauteilgruppe_name": "bg_reuse_stahl_tragwerk_liander_extension_steel",
        "projekt_id": "p_liander_alliander_hq_duiven",
        "projekt_name": "Liander",
        "stadt_name": "Duiven",
        "geo_precision": "city_centroid_via_project"
      }
    },
    {
      "type": "Feature",
      "geometry": {
        "type": "Point",
        "coordinates": [
          8.7291498,
          47.4991723
        ]
      },
      "properties": {
        "entity_type": "Bauteilgruppe",
        "bauteilgruppe_id": "bg_stahl_treppe_k118_orion_stair_candidate",
        "bauteilgruppe_name": "bg_reuse_stahl_treppe_k118_orion_stair_candidate",
        "projekt_id": "p_k118_kopfbau_halle_118_winterthur",
        "projekt_name": "K.118 Winterthur",
        "stadt_name": "Winterthur",
        "geo_precision": "city_centroid_via_project"
      }
    },
    {
      "type": "Feature",
      "geometry": {
        "type": "Point",
        "coordinates": [
          4.352493,
          50.8467372
        ]
      },
      "properties": {
        "entity_type": "Bauteilgruppe",
        "bauteilgruppe_id": "bg_stein_boden_multi_bruges_bluestone_flagstones",
        "bauteilgruppe_name": "bg_reuse_stein_boden_multi_bruges_bluestone_flagstones",
        "projekt_id": "p_multi_brussels_reuse_in_multi",
        "projekt_name": "Multi Brussels",
        "stadt_name": "Brüssel",
        "geo_precision": "city_centroid_via_project"
      }
    },
    {
      "type": "Feature",
      "geometry": {
        "type": "Point",
        "coordinates": [
          4.352493,
          50.8467372
        ]
      },
      "properties": {
        "entity_type": "Bauteilgruppe",
        "bauteilgruppe_id": "bg_stein_boden_multi_generale_granite_flooring",
        "bauteilgruppe_name": "bg_reuse_stein_boden_multi_generale_granite_flooring",
        "projekt_id": "p_multi_brussels_reuse_in_multi",
        "projekt_name": "Multi Brussels",
        "stadt_name": "Brüssel",
        "geo_precision": "city_centroid_via_project"
      }
    },
    {
      "type": "Feature",
      "geometry": {
        "type": "Point",
        "coordinates": [
          4.352493,
          50.8467372
        ]
      },
      "properties": {
        "entity_type": "Bauteilgruppe",
        "bauteilgruppe_id": "bg_stein_boden_multi_paris_granite_terrace",
        "bauteilgruppe_name": "bg_reuse_stein_boden_multi_paris_granite_terrace",
        "projekt_id": "p_multi_brussels_reuse_in_multi",
        "projekt_name": "Multi Brussels",
        "stadt_name": "Brüssel",
        "geo_precision": "city_centroid_via_project"
      }
    },
    {
      "type": "Feature",
      "geometry": {
        "type": "Point",
        "coordinates": [
          2.3483915,
          48.8534951
        ]
      },
      "properties": {
        "entity_type": "Bauteilgruppe",
        "bauteilgruppe_id": "bg_stein_ferme_du_rail_reused_stones",
        "bauteilgruppe_name": "bg_reuse_stein_ferme_du_rail_reused_stones",
        "projekt_id": "p_ferme_du_rail_paris",
        "projekt_name": "Ferme du Rail Paris",
        "stadt_name": "Paris",
        "geo_precision": "city_centroid_via_project"
      }
    },
    {
      "type": "Feature",
      "geometry": {
        "type": "Point",
        "coordinates": [
          4.352493,
          50.8467372
        ]
      },
      "properties": {
        "entity_type": "Bauteilgruppe",
        "bauteilgruppe_id": "bg_stein_multi_bluestone_blocks_plinth",
        "bauteilgruppe_name": "bg_reuse_stein_multi_bluestone_blocks_plinth",
        "projekt_id": "p_multi_brussels_reuse_in_multi",
        "projekt_name": "Multi Brussels",
        "stadt_name": "Brüssel",
        "geo_precision": "city_centroid_via_project"
      }
    },
    {
      "type": "Feature",
      "geometry": {
        "type": "Point",
        "coordinates": [
          16.3725042,
          48.2083537
        ]
      },
      "properties": {
        "entity_type": "Bauteilgruppe",
        "bauteilgruppe_id": "bg_technik_aufzug_meduni_paternoster_candidate",
        "bauteilgruppe_name": "bg_reuse_technik_aufzug_meduni_paternoster_candidate",
        "projekt_id": "p_meduni_campus_mariannengasse",
        "projekt_name": "MedUni Campus Wien",
        "stadt_name": "Wien",
        "geo_precision": "city_centroid_via_project"
      }
    },
    {
      "type": "Feature",
      "geometry": {
        "type": "Point",
        "coordinates": [
          8.7291498,
          47.4991723
        ]
      },
      "properties": {
        "entity_type": "Bauteilgruppe",
        "bauteilgruppe_id": "bg_technik_ausbau_k118_fixtures_candidate",
        "bauteilgruppe_name": "bg_reuse_technik_ausbau_k118_fixtures_candidate",
        "projekt_id": "p_k118_kopfbau_halle_118_winterthur",
        "projekt_name": "K.118 Winterthur",
        "stadt_name": "Winterthur",
        "geo_precision": "city_centroid_via_project"
      }
    },
    {
      "type": "Feature",
      "geometry": {
        "type": "Point",
        "coordinates": [
          16.3725042,
          48.2083537
        ]
      },
      "properties": {
        "entity_type": "Bauteilgruppe",
        "bauteilgruppe_id": "bg_technik_ausbau_meduni_projector_screen_candidate",
        "bauteilgruppe_name": "bg_reuse_technik_ausbau_meduni_projector_screen_candidate",
        "projekt_id": "p_meduni_campus_mariannengasse",
        "projekt_name": "MedUni Campus Wien",
        "stadt_name": "Wien",
        "geo_precision": "city_centroid_via_project"
      }
    },
    {
      "type": "Feature",
      "geometry": {
        "type": "Point",
        "coordinates": [
          16.3725042,
          48.2083537
        ]
      },
      "properties": {
        "entity_type": "Bauteilgruppe",
        "bauteilgruppe_id": "bg_technik_ausbau_meduni_vintage_clocks_candidate",
        "bauteilgruppe_name": "bg_reuse_technik_ausbau_meduni_vintage_clocks_candidate",
        "projekt_id": "p_meduni_campus_mariannengasse",
        "projekt_name": "MedUni Campus Wien",
        "stadt_name": "Wien",
        "geo_precision": "city_centroid_via_project"
      }
    },
    {
      "type": "Feature",
      "geometry": {
        "type": "Point",
        "coordinates": [
          4.352493,
          50.8467372
        ]
      },
      "properties": {
        "entity_type": "Bauteilgruppe",
        "bauteilgruppe_id": "bg_technik_multi_elevator_engines",
        "bauteilgruppe_name": "bg_reuse_technik_multi_elevator_engines",
        "projekt_id": "p_multi_brussels_reuse_in_multi",
        "projekt_name": "Multi Brussels",
        "stadt_name": "Brüssel",
        "geo_precision": "city_centroid_via_project"
      }
    },
    {
      "type": "Feature",
      "geometry": {
        "type": "Point",
        "coordinates": [
          2.3483915,
          48.8534951
        ]
      },
      "properties": {
        "entity_type": "Bauteilgruppe",
        "bauteilgruppe_id": "bg_textil_daemmung_ferme_du_rail_recycled_clothing_insulation",
        "bauteilgruppe_name": "bg_reuse_textil_daemmung_ferme_du_rail_recycled_clothing_insulation",
        "projekt_id": "p_ferme_du_rail_paris",
        "projekt_name": "Ferme du Rail Paris",
        "stadt_name": "Paris",
        "geo_precision": "city_centroid_via_project"
      }
    },
    {
      "type": "Feature",
      "geometry": {
        "type": "Point",
        "coordinates": [
          6.0230325,
          51.9470218
        ]
      },
      "properties": {
        "entity_type": "Bauteilgruppe",
        "bauteilgruppe_id": "bg_tuer_moebel_liander_doors_to_furniture",
        "bauteilgruppe_name": "bg_reuse_tuer_moebel_liander_doors_to_furniture",
        "projekt_id": "p_liander_alliander_hq_duiven",
        "projekt_name": "Liander",
        "stadt_name": "Duiven",
        "geo_precision": "city_centroid_via_project"
      }
    },
    {
      "type": "Feature",
      "geometry": {
        "type": "Point",
        "coordinates": [
          2.7643391,
          50.9638066
        ]
      },
      "properties": {
        "entity_type": "Bauteilgruppe",
        "bauteilgruppe_id": "bg_ziegel_fassade_lo_reninge_reclaimed_yellow_brick",
        "bauteilgruppe_name": "bg_reuse_ziegel_fassade_lo_reninge_reclaimed_yellow_brick",
        "projekt_id": "p_lo_reninge_town_hall_facade",
        "projekt_name": "Lo-Reninge Town Hall…",
        "stadt_name": "Lo-Reninge",
        "geo_precision": "city_centroid_via_project"
      }
    },
    {
      "type": "Feature",
      "geometry": {
        "type": "Point",
        "coordinates": [
          4.4383633,
          50.8084174
        ]
      },
      "properties": {
        "entity_type": "Bauteilgruppe",
        "bauteilgruppe_id": "bg_ziegel_fassade_maison_vignette_reused_facing_bricks",
        "bauteilgruppe_name": "bg_reuse_ziegel_fassade_maison_vignette_reused_facing_bricks",
        "projekt_id": "p_maison_vignette_auderghem",
        "projekt_name": "Maison Vignette",
        "stadt_name": "Auderghem / Brüssel",
        "geo_precision": "city_centroid_via_project"
      }
    }
  ]
}