review_id,origin,expansion_state,country,relationship_kind,source,target,relationship_type,description_for_display_only,profile_proposal,profile_reason_code,profile_review_status,evidence_quote,evidence_url,evidence_flags
AT:K001,baseline_264,retained,AT,AKTEUR-AKTEUR,re:store / HarvestMAP Vienna,materialnomaden,Betreiberschaft,Betrieb als Herausgeberin.,needs_profile_review,actor_actor_requires_scope_evidence,needs_source_scope_review,Medieninhaber und Herausgeber: materialnomaden GmbH,https://www.restore.or.at/impressum,
AT:K002,baseline_264,retained,AT,AKTEUR-AKTEUR,BIG (Bundesimmob.),BauKarussell,Dienstleistungsbeziehung,Führte Social Urban Mining am MedUni-Campus durch.,needs_profile_review,actor_actor_requires_scope_evidence,needs_source_scope_review,Zwischen Oktober 2019 und Juli 2020 fuehrte BauKarussell im Auftrag der Bundesimmobiliengesellschaft (BIG) Social Urban Mining in Wien Alsergrund durch.,https://www.baukarussell.at/meduni-campus-mariannengasse-wien/,
AT:K003,baseline_264,retained,AT,AKTEUR-AKTEUR,MedUni Wien,BauKarussell,Gemeinsames Bauvorhaben,Zusammenarbeit.,needs_profile_review,actor_actor_requires_scope_evidence,needs_source_scope_review,"Wir freuen uns, dass wir BauKarussell als Projektpartner beim MedUni Campus Mariannengasse gewinnen konnten.",https://www.meduniwien.ac.at/web/ueber-uns/news/detailseite/2019/news-im-dezember-2020/aus-alt-wird-neu-big-meduni-wien-und-baukarussell-nutzen-grosses-re-use-potential-beim-meduni-campus-mariannengasse/,
AT:K004,baseline_264,proposed_removed,AT,AKTEUR-BAUVORHABEN,DRZ,MedUni Campus Wien,"Projektbeteiligung, Aufgabe unklar",Beteiligung; genaue Rolle noch offen.,Einzelfall / Vorhaben,actor_project_edge,ready,Operative Partner sind das Demontage- und Recyclingzentrum DRZ Wien.,https://www.baukarussell.at/vom-luster-bis-zum-kupferkabel/,
AT:K005,baseline_264,retained,AT,AKTEUR-BAUVORHABEN,DRZ,Ferry-Dusika-Stadion Rückbau,Rückbau,Rückbau.,Einzelfall / Vorhaben,actor_project_edge,ready,Operative Partner sind das Demontage- und Recyclingzentrum DRZ Wien.,https://www.ots.at/presseaussendung/OTS_20211014_OTS0116/ferry-dusika-stadion-erfolg-fuer-kreislaufwirtschaftliches-rueckbauprojekt,
AT:K006,baseline_264,retained,AT,AKTEUR-BAUVORHABEN,Die Kümmerei,Ferry-Dusika-Stadion Rückbau,Rückbau,Rückbau.,Einzelfall / Vorhaben,actor_project_edge,ready,Die KUEMMEREI (Traegerin: BFI Wien/Job-TransFair),https://www.ots.at/presseaussendung/OTS_20211014_OTS0116/ferry-dusika-stadion-erfolg-fuer-kreislaufwirtschaftliches-rueckbauprojekt,
AT:K008,baseline_264,retained,AT,AKTEUR-BAUVORHABEN,MedUni Campus Wien,BauKarussell,Reuse-Konzept,Reuse-Konzept.,Einzelfall / Vorhaben,actor_project_edge,ready,Zwischen Oktober 2019 und Juli 2020 fuehrte BauKarussell im Auftrag der Bundesimmobiliengesellschaft (BIG) Social Urban Mining in Wien Alsergrund durch.,https://www.baukarussell.at/meduni-campus-mariannengasse-wien/,
AT:K009,baseline_264,retained,AT,AKTEUR-AKTEUR,BauKarussell,Re-Use Austria,Gründung,Gründung der Genossenschaft.,needs_profile_review,actor_actor_requires_scope_evidence,needs_source_scope_review,"Als Gruendungsmitglied von BauKarussell ist es Re-Use Austria ein besonderes Anliegen, sozialwirtschaftlichen Re-Use-Betrieben ... eine starke Position ...",https://www.baukarussell.at/genossenschaft/,
AT:K011,baseline_264,retained,AT,AKTEUR-BAUVORHABEN,BauKarussell,Ferry-Dusika-Stadion Rückbau,Reuse-Konzept,Reuse-Konzept.,Einzelfall / Vorhaben,actor_project_edge,ready,BauKarussell mit seinen Partnern im Stadion am Werk,https://www.ots.at/presseaussendung/OTS_20211014_OTS0116/ferry-dusika-stadion-erfolg-fuer-kreislaufwirtschaftliches-rueckbauprojekt,
AT:K013,baseline_264,retained,AT,AKTEUR-AKTEUR,BauKarussell,Job-TransFair gemeinnützige GmbH,Konsortialpartner,Mitgliedschaft in der Genossenschaft.,needs_profile_review,actor_actor_requires_scope_evidence,needs_source_scope_review,"Geschaeftsfuehrer Job-TransFair GmbH ... weil wir dadurch die Chance sehen, unseren Transitarbeitskraeften sehr gute Chancen ... zu eroeffnen.",https://www.baukarussell.at/genossenschaft/,
AT:K014,baseline_264,retained,AT,AKTEUR-AKTEUR,BauKarussell,pulswerk GmbH,Konsortialpartner,Mitgliedschaft in der Genossenschaft.,needs_profile_review,actor_actor_requires_scope_evidence,needs_source_scope_review,"Das BauKarussell-Team setzt sich aus Partnern von pulswerk GmbH, Romm ZT und RepaNet",https://www.ots.at/presseaussendung/OTS_20211014_OTS0116/ferry-dusika-stadion-erfolg-fuer-kreislaufwirtschaftliches-rueckbauprojekt,
AT:K021,baseline_264,retained,AT,AKTEUR-BAUVORHABEN,Re-Use Austria,Ferry-Dusika-Stadion Rückbau,Rückbau,Rückbau.,Einzelfall / Vorhaben,actor_project_edge,ready,"Das BauKarussell-Team setzt sich aus Partnern von pulswerk GmbH, Romm ZT und RepaNet",https://www.ots.at/presseaussendung/OTS_20211014_OTS0116/ferry-dusika-stadion-erfolg-fuer-kreislaufwirtschaftliches-rueckbauprojekt,
AT:K023,baseline_264,proposed_removed,AT,AKTEUR-BAUVORHABEN,Ferry-Dusika-Stadion Rückbau,Job-TransFair gemeinnützige GmbH,"Projektbeteiligung, Aufgabe unklar",Beteiligung; genaue Rolle noch offen.,Einzelfall / Vorhaben,actor_project_edge,ready,Die KUEMMEREI (Traegerin: BFI Wien/Job-TransFair),https://www.ots.at/presseaussendung/OTS_20211014_OTS0116/ferry-dusika-stadion-erfolg-fuer-kreislaufwirtschaftliches-rueckbauprojekt,
AT:K024,baseline_264,retained,AT,AKTEUR-BAUVORHABEN,Ferry-Dusika-Stadion Rückbau,pulswerk GmbH,Rückbau,Rückbau.,Einzelfall / Vorhaben,actor_project_edge,ready,"Das BauKarussell-Team setzt sich aus Partnern von pulswerk GmbH, Romm ZT und RepaNet",https://www.ots.at/presseaussendung/OTS_20211014_OTS0116/ferry-dusika-stadion-erfolg-fuer-kreislaufwirtschaftliches-rueckbauprojekt,
AT:K029,baseline_264,retained,AT,AKTEUR-BAUVORHABEN,Ferry-Dusika-Stadion Rückbau,WSE Wiener Standortentwicklung GmbH,Betrieb,Projektsteuerung.,Einzelfall / Vorhaben,actor_project_edge,ready,Umgesetzt wird das Projekt vom Bauprojektmanagement-Team der WSE.,https://www.ots.at/presseaussendung/OTS_20211014_OTS0116/ferry-dusika-stadion-erfolg-fuer-kreislaufwirtschaftliches-rueckbauprojekt,
BE:K003,baseline_264,retained,BE,AKTEUR-BAUVORHABEN,Chiro d’Itterbeek,Franck,Bauteillieferung,Lieferte Reuse-Ziegel.,Einzelfall / Vorhaben,actor_project_edge,ready,"The facade, for example, is entirely made of reusable bricks provided by Jan Franck.",https://rotordb.org/en/projects/sanitary-block-itterbeek-chiro,
BE:K005,baseline_264,retained,BE,AKTEUR-BAUVORHABEN,Chiro d’Itterbeek,RotorDC,Bauteillieferung,Lieferte Reuse-Bauteile.,Einzelfall / Vorhaben,actor_project_edge,ready,The interior of the sanitary block is mainly made of reuse materials sold by RotorDC.,https://rotordb.org/en/projects/sanitary-block-itterbeek-chiro,
BE:K006,baseline_264,retained,BE,AKTEUR-BAUVORHABEN,BLAF Architecten,Maison DnA,Entwurf,Entwurf.,Einzelfall / Vorhaben,actor_project_edge,ready,dnA House / BLAF Architecten (Architekt: BLAF Architecten),https://www.archdaily.com/423660/dna-house-blaf-architecten,
BE:K012,baseline_264,retained,BE,AKTEUR-BAUVORHABEN,Maison Vignette,Franck Bricks,Bauteillieferung,Lieferte Reuse-Ziegel.,Einzelfall / Vorhaben,actor_project_edge,ready,"Brique: Grote Boomse Steen, provenant de chez Franck",https://opalis.eu/fr/projets/maison-vignette-karbon-architecture-et-urbanisme,
BE:K023,baseline_264,retained,BE,AKTEUR-BAUVORHABEN,Musée de Folklore de Mouscron,Bureau Bouwtechniek,Fachplanung,Tragwerksplanung.,Einzelfall / Vorhaben,actor_project_edge,ready,"L'équipe formée par V+ (architecture), Projectiles (architecture, muséographie), Taktyk (paysage), Greisch, Daidalos Peutz et Bureau Bouwtechniek (bureaux d'études)",https://www.architectura.be/fr/actualite/un-nouvel-ecrin-pour-le-musee-de-folklore-de-mouscron,
BE:K027,baseline_264,retained,BE,AKTEUR-BAUVORHABEN,Recypark Demets,51N4E,Entwurf,Entwurf.,Einzelfall / Vorhaben,actor_project_edge,ready,"51N4E, Witteveen&Bos and Rotor joined forces and won the competition with a project that focused on reusing an existing structure",https://rotordb.org/en/projects/recypark-anderlecht,
BE:K028,baseline_264,retained,BE,AKTEUR-BAUVORHABEN,Recypark Demets,Rotor,Entwurf,Entwurf.,Einzelfall / Vorhaben,actor_project_edge,ready,"51N4E, Witteveen&Bos and Rotor joined forces and won the competition with a project that focused on reusing an existing structure",https://rotordb.org/en/projects/recypark-anderlecht,
BE:K037,baseline_264,retained,BE,AKTEUR-BAUVORHABEN,Zinneke,Zinneke asbl,Bauherrschaft,Bauherrschaft.,Einzelfall / Vorhaben,actor_project_edge,ready,"In 2015, Zinneke invited Rotor to join the long-term project for the renovation of their 4.000 m² new facilities at Place Masui.",https://rotordb.org/en/projects/zinneke-feder-masui4ever,
BE:K041,baseline_264,retained,BE,AKTEUR-BAUVORHABEN,Zinneke,ERDF / FEDER Brüssel-Hauptstadt,Förderung,Förderung.,Einzelfall / Vorhaben,actor_project_edge,ready,This project was made possible thanks to an ERDF subvention from the Brussels-Capital Region.,https://rotordb.org/en/projects/zinneke-feder-masui4ever,
BE:K042,baseline_264,retained,BE,AKTEUR-BAUVORHABEN,Zinneke,Rotor,Fachplanung,Fachplanung.,Einzelfall / Vorhaben,actor_project_edge,ready,"In 2015, Zinneke invited Rotor to join the long-term project for the renovation of their 4.000 m² new facilities at Place Masui.",https://rotordb.org/en/projects/zinneke-feder-masui4ever,
BE:K043,baseline_264,retained,BE,AKTEUR-AKTEUR,Rotor,RotorDC,Gründung,Gründung als Spin-off.,needs_profile_review,actor_actor_requires_scope_evidence,needs_source_scope_review,Please check our spin-off RotorDC's website.,https://rotordb.org/en/projects/oxy-centre-monnaie,
BE:K046,baseline_264,retained,BE,AKTEUR-AKTEUR,Opalis,Brussels Environment,Trägerschaft,Unterstützte die Entwicklung.,needs_profile_review,actor_actor_requires_scope_evidence,needs_source_scope_review,Opalis was developed with the support of Brussels Environment.,https://opalis.eu/en/about,
BE:K072,baseline_264,retained,BE,AKTEUR-AKTEUR,Embuild,Buildwise,"Zusammenarbeit, Art unklar",Entwickelten das Tool Circulair Gebouwd gemeinsam.,needs_profile_review,actor_actor_requires_scope_evidence,needs_source_scope_review,Embuild Vlaanderen en Buildwise hebben op 6 december ... de nieuwe tool 'Circulair Gebouwd' voorgesteld.,https://www.embuildvlaanderen.be/press-room/circulair-gebouwd/,
BE:K073,baseline_264,retained,BE,AKTEUR-AKTEUR,Buildwise,Vrije Universiteit Brussel (VUB) – Architectural Engineering,Konsortialpartner,Erarbeiteten gemeinsam einen Reuse-Umbau-Bericht.,needs_profile_review,actor_actor_requires_scope_evidence,needs_source_scope_review,"The work was performed by VITO, Buildwise, UHasselt and VUB.",https://researchportal.vub.be/en/publications/aanbevelingen-veranderingsgericht-verbouwen-eindrapportage-deelop,
BE:K075,baseline_264,retained,BE,AKTEUR-AKTEUR,BauMaB Kassel / Bauteilbörse Kassel,Stadt Kassel,Trägerschaft,Initiierte in Klimastrategie.,needs_profile_review,actor_actor_requires_scope_evidence,needs_source_scope_review,Das Projekt wurde im Rahmen der Klimaschutzstrategie der Stadt Kassel initiiert.,https://baumab-kassel.de/konzept/,
BE:K086,baseline_264,retained,BE,AKTEUR-AKTEUR,OVAM (Openbare Vlaamse Afvalstoffenmaatschappij),Tracimat vzw,Regulatorische Anerkennung,Erkannte Tracimat als Sloopbeheerorganisation an.,needs_profile_review,actor_actor_requires_scope_evidence,needs_source_scope_review,Voor de sloopopvolging worden de standaarddocumenten van Tracimat gebruikt.,https://ovam.vlaanderen.be/bouw-sloopopvolging,
CH:K001,baseline_264,retained,CH,AKTEUR-AKTEUR,Ressourcerie Lausanne / Matériuum / R-UUL,Matériuum,Konzernbindung,Führung als Zweigbetrieb.,needs_profile_review,actor_actor_requires_scope_evidence,needs_source_scope_review,la Ressourcerie Matériuum Lausanne (RUUL) permet de stocker et de prolonger la durée de vie d'une grande quantité de matières,https://materiuum.ch/ressourcerie-lausanne-magasin-shop/,
CH:K002,baseline_264,retained,CH,AKTEUR-AKTEUR,Bauteilbörse Basel,Gruner ReUse,Gemeinsames Bauvorhaben,Inventarisierung und Vermarktung.,needs_profile_review,actor_actor_requires_scope_evidence,needs_source_scope_review,Nach dem Ausbau übernimmt die Bauteilbörse Basel die Lagerung und den Weiterverkauf über useagain.ch.,https://www.gruner.ch/de/news/bauteile-aus-rueckbauten-jetzt-imeshop-von-grunerreuse-live,
CH:K003,baseline_264,retained,CH,AKTEUR-AKTEUR,Bauteilbörse Basel,useagain / Bauteilclick,Dienstleistungsbeziehung,Stellt Marktplatz für ihren Bauteilverkauf.,needs_profile_review,actor_actor_requires_scope_evidence,needs_source_scope_review,Nach dem Ausbau übernimmt die Bauteilbörse Basel die Lagerung und den Weiterverkauf über useagain.ch.,https://www.gruner.ch/de/news/bauteile-aus-rueckbauten-jetzt-imeshop-von-grunerreuse-live,
CH:K004,baseline_264,retained,CH,AKTEUR-AKTEUR,Bauteilvermittlung Zürichsee-Oberland,Stiftung Chance BauTeile Zürich / Glattbrugg,Dienstleistungsbeziehung,"Prüft, demontiert und transportiert.",needs_profile_review,actor_actor_requires_scope_evidence,needs_source_scope_review,"Fachleute der Stiftung Chance prüfen die Bauteile, demontieren sie und übernehmen den Transport.",https://www.btvz.ch/portraet/,
CH:K006,baseline_264,retained,CH,AKTEUR-AKTEUR,useagain / Bauteilclick,Bauteilladen Winterthur,Dienstleistungsbeziehung,Bauteilvermittlung.,needs_profile_review,actor_actor_requires_scope_evidence,needs_source_scope_review,"promotes direct exchange between various organisations, such as Bauteilbörse Basel, BauTeile Zürich and Bauteilladen Winterthur",https://library-of-reuse.ch/pioneers/useagain,
CH:K007,baseline_264,proposed_removed,CH,AKTEUR-BAUVORHABEN,ELYS Kultur- und Gewerbezentrum Basel,Zirkular,"Projektbeteiligung, Aufgabe unklar",Beteiligung; genaue Rolle noch offen.,Einzelfall / Vorhaben,actor_project_edge,ready,They received a lot of attention and were the trigger for the foundation of Zirkular by the involved planners.,https://zirkular.net/en/project/culture-commercial-center-elys,
CH:K008,baseline_264,retained,CH,AKTEUR-BAUVORHABEN,baubüro in situ,Grubenstrasse 29,Entwurf,Entwurf.,Einzelfall / Vorhaben,actor_project_edge,ready,Architekten: baubüro in situ ag,https://www.bauwelt.de/rubriken/bauten/Werkhof-29-Zuerich-baubuero-in-situ-ag-4385137.html,
CH:K009,baseline_264,retained,CH,AKTEUR-BAUVORHABEN,baubüro in situ,K.118 Winterthur,Entwurf,Entwurf.,Einzelfall / Vorhaben,actor_project_edge,ready,Architektur: Baubüro in situ,https://circularmaterialsystems.com/de/case/06_k-118/,
CH:K011,baseline_264,retained,CH,AKTEUR-AKTEUR,baubüro in situ,RE-WIN,"Zusammenarbeit, Art unklar",Unterstützten gemeinsam das Netzwerk.,needs_profile_review,actor_actor_requires_scope_evidence,needs_source_scope_review,Zusammenarbeit mit Baubüro in situ,https://re-win.ch/verein/ueber/,
CH:K012,baseline_264,retained,CH,AKTEUR-AKTEUR,baubüro in situ,Pascal Flammer Architekten,Gemeinsames Bauvorhaben,Wählten Reuse-Bauteile für Hobelwerk Haus D aus.,needs_profile_review,actor_actor_requires_scope_evidence,needs_source_scope_review,"untersuchten in situ und PFA 60 Elemente, aus denen schlussendlich 21 für Erwerb und Einbau ausgewählt wurden",https://www.espazium.ch/de/aktuelles/winterthur-hobelwerk-architektur-reuse-flammerarchitkten-nettonull,
CH:K013,baseline_264,retained,CH,AKTEUR-BAUVORHABEN,Grubenstrasse 29,Modissa Immobilien AG,Bauherrschaft,Bauherrschaft.,Einzelfall / Vorhaben,actor_project_edge,ready,Auftraggeber (Client): Modissa Immobilien AG,https://zirkular.net/de/projekt/grubenstrasse-29/,
CH:K015,baseline_264,retained,CH,AKTEUR-BAUVORHABEN,Grubenstrasse 29,Tschudin Rückbau und Demontagen GmbH,Rückbau,Rückbau.,Einzelfall / Vorhaben,actor_project_edge,ready,Material Suppliers (Wiederverwendete Bauteile): Tschudin Rückbau und Demontagen GmbH,https://zirkular.net/de/projekt/grubenstrasse-29/,
CH:K016,baseline_264,retained,CH,AKTEUR-BAUVORHABEN,Grubenstrasse 29,Zirkular,Bauteilinventarisierung,Bauteilinventarisierung.,Einzelfall / Vorhaben,actor_project_edge,ready,"Zirkular Projektteam: Marc Angst, Leonard Schönfelder",https://zirkular.net/de/projekt/grubenstrasse-29/,
CH:K017,baseline_264,retained,CH,AKTEUR-BAUVORHABEN,Recyclingzentrum Juch-Areal,Entsorgung + Recycling Zürich (ERZ),Betrieb,Betrieb.,Einzelfall / Vorhaben,actor_project_edge,ready,Eigentümervertretung Entsorgung + Recycling Zürich (ERZ),https://www.stadt-zuerich.ch/de/planen-und-bauen/projekte-und-ausschreibungen/hochbauvorhaben/planung-ausfuehrung/recyclingzentrum-juch-areal.html,
CH:K018,baseline_264,retained,CH,AKTEUR-BAUVORHABEN,Recyclingzentrum Juch-Areal,Weber + Brönnimann AG,Fachplanung,Tragwerksplanung.,Einzelfall / Vorhaben,actor_project_edge,ready,"Bauingenieurwesen Weber + Brönnimann AG, Bern",https://www.stadt-zuerich.ch/de/planen-und-bauen/projekte-und-ausschreibungen/hochbauvorhaben/planung-ausfuehrung/recyclingzentrum-juch-areal.html,
CH:K019,baseline_264,retained,CH,AKTEUR-BAUVORHABEN,Recyclingzentrum Juch-Areal,manoa Landschaftsarchitekten,Entwurf,Entwurf.,Einzelfall / Vorhaben,actor_project_edge,ready,"Landschaftsarchitektur manoa Landschaftsarchitekten GmbH, Meilen",https://www.stadt-zuerich.ch/de/planen-und-bauen/projekte-und-ausschreibungen/hochbauvorhaben/planung-ausfuehrung/recyclingzentrum-juch-areal.html,
CH:K020,baseline_264,retained,CH,AKTEUR-BAUVORHABEN,Recyclingzentrum Juch-Areal,Graber Pulver,Entwurf,Entwurf.,Einzelfall / Vorhaben,actor_project_edge,ready,"Generalplanung und Architektur Graber Pulver Architekt:innen AG, Zürich",https://www.stadt-zuerich.ch/de/planen-und-bauen/projekte-und-ausschreibungen/hochbauvorhaben/planung-ausfuehrung/recyclingzentrum-juch-areal.html,
CH:K021,baseline_264,retained,CH,AKTEUR-BAUVORHABEN,K.118 Winterthur,Stiftung Abendrot / Vorsorgestiftung Abendrot,Bauherrschaft,Bauherrschaft.,Einzelfall / Vorhaben,actor_project_edge,ready,Client: Stiftung Abendrot,https://zirkular.net/en/project/building-k-118/,
CH:K022,baseline_264,retained,CH,AKTEUR-BAUVORHABEN,K.118 Winterthur,Institut Konstruktives Entwerfen (IKE) / ZHAW,Forschungsbegleitung,Forschungsbegleitung.,Einzelfall / Vorhaben,actor_project_edge,ready,"mit dem Projekt K.118 den derzeit grössten Neubau der Schweiz, der zu grossen Teilen aus wiederverwendeten Bauteilen konzipiert ist",https://www.zhaw.ch/de/forschung/projekt/71771,
CH:K023,baseline_264,retained,CH,AKTEUR-BAUVORHABEN,K.118 Winterthur,Oberli Ingenieurbau AG,Fachplanung,Tragwerksplanung.,Einzelfall / Vorhaben,actor_project_edge,ready,Civil engineer: Oberli Ingenieurbau AG,https://www.archdaily.com/968958/k118-kopfbau-halle-118-hauburo-in-situ,
CH:K024,baseline_264,retained,CH,AKTEUR-BAUVORHABEN,K.118 Winterthur,Josef Kolb AG,Fachplanung,Tragwerksplanung.,Einzelfall / Vorhaben,actor_project_edge,ready,Timber Engineering: Josef Kolb AG,https://www.archdaily.com/968958/k118-kopfbau-halle-118-hauburo-in-situ,
CH:K025,baseline_264,retained,CH,AKTEUR-BAUVORHABEN,K.118 Winterthur,Wetter AG,Bauausführung,Bauausführung.,Einzelfall / Vorhaben,actor_project_edge,ready,Steel Construction: Wetter AG,https://www.archdaily.com/968958/k118-kopfbau-halle-118-hauburo-in-situ,
CH:K026,baseline_264,proposed_removed,CH,AKTEUR-BAUVORHABEN,K.118 Winterthur,Zirkular,"Projektbeteiligung, Aufgabe unklar",Beteiligung; genaue Rolle noch offen.,Einzelfall / Vorhaben,actor_project_edge,ready,Sie erhielten viel Aufmerksamkeit und waren Auslöser der Gründung von Zirkular durch die involvierten Planenden.,https://zirkular.net/de/projekt/k-118-kopfbau-halle-118/,
CH:K027,baseline_264,retained,CH,AKTEUR-BAUVORHABEN,Kindergarten Mööslistrasse,Amt für Hochbauten und Immobilien Stadt Zürich,Bauherrschaft,Bauherrschaft.,Einzelfall / Vorhaben,actor_project_edge,ready,"Bauherrschaft: Stadt Zürich, Eigentümervertretung: Immobilien Stadt Zürich, Bauherrenvertretung: Amt für Hochbauten",https://www.stadt-zuerich.ch/de/planen-und-bauen/portfolio/bauten-anlagen/schulbauten/kindergarten-moeoeslistrasse.html,
CH:K029,baseline_264,retained,CH,AKTEUR-BAUVORHABEN,Kindergarten Mööslistrasse,Ingenieurbureau Heierli AG,Fachplanung,Tragwerksplanung.,Einzelfall / Vorhaben,actor_project_edge,ready,"Bauingenieurwesen (Structural Engineering): Ingenieurbureau Heierli AG, Zürich",https://www.stadt-zuerich.ch/de/planen-und-bauen/portfolio/bauten-anlagen/schulbauten/kindergarten-moeoeslistrasse.html,
CH:K031,baseline_264,retained,CH,AKTEUR-BAUVORHABEN,Kindergarten Mööslistrasse,Schmidiger + Rosasco AG,Fachplanung,Fachplanung.,Einzelfall / Vorhaben,actor_project_edge,ready,"Elektroplanung (Electrical Planning): Schmidiger + Rosasco AG, Zürich",https://www.stadt-zuerich.ch/de/planen-und-bauen/portfolio/bauten-anlagen/schulbauten/kindergarten-moeoeslistrasse.html,
CH:K032,baseline_264,retained,CH,AKTEUR-BAUVORHABEN,Kindergarten Mööslistrasse,aik Architektur + Ingenieur Kollektiv,Fachplanung,Tragwerksplanung.,Einzelfall / Vorhaben,actor_project_edge,ready,"Bauphysik (Building Physics): aik, Architektur + Ingenieur Kollektiv, Zürich",https://www.stadt-zuerich.ch/de/planen-und-bauen/portfolio/bauten-anlagen/schulbauten/kindergarten-moeoeslistrasse.html,
CH:K033,baseline_264,retained,CH,AKTEUR-BAUVORHABEN,Kindergarten Mööslistrasse,Zirkular,Entwurf,Entwurf.,Einzelfall / Vorhaben,actor_project_edge,ready,"landscape architecture planning for the re-use concept was handled by Zirkular GmbH, Zürich",https://www.stadt-zuerich.ch/de/planen-und-bauen/portfolio/bauten-anlagen/schulbauten/kindergarten-moeoeslistrasse.html,
CH:K035,baseline_264,retained,CH,AKTEUR-BAUVORHABEN,Re:Crete footbridge,Structural Xploration Lab (SXL) / EPFL,Bauausführung,Bauausführung.,Einzelfall / Vorhaben,actor_project_edge,ready,"the Sructural Xploration Lab (SXL) has built the RE:CRETE prototype, a footbridge built from 25 reused concrete blocks",https://www.epfl.ch/schools/enac/recrete/,
CH:K036,baseline_264,proposed_removed,CH,AKTEUR-BAUVORHABEN,NEST Research and Innovation Platform / Empa–Eawag,UMAR Unit,Forschungsbegleitung,Forschungsbegleitung.,Einzelfall / Vorhaben,actor_project_edge,ready,"In der NEST-Unit »UMAR« (Urban Mining & Recycling) wohnen und arbeiten seit Mai zwei Studenten, um sich regelmäßig mit den Wissenschaftlern der Empa",https://www.db-bauzeitung.de/db/heizung-klima-lueftung/forschungsmodul/,
CH:K038,baseline_264,retained,CH,AKTEUR-BAUVORHABEN,Stiftung Habitat,LYSP8 Basel,Betrieb,Betrieb.,Einzelfall / Vorhaben,actor_project_edge,ready,Entstanden ist hier ein weiteres Wohnhaus der Stiftung Habitat.,https://www.stiftung-habitat.ch/sh/liegenschaften/haeuser-und-projekte/wohnhaus-weinlagerstrasse-33.html,
CH:K039,baseline_264,retained,CH,AKTEUR-BAUVORHABEN,LYSP8 Basel,PIRMIN JUNG Schweiz AG,Fachplanung,Fachplanung.,Einzelfall / Vorhaben,actor_project_edge,ready,Pirmin Jung (Fachplanung Holzbau),https://zirkular.net/en/project/lysp8/,
CH:K040,baseline_264,retained,CH,AKTEUR-AKTEUR,Zirkular,Studio Trachsler Hoffmann,Gemeinsames Bauvorhaben,Arbeiteten an Schärenmoosstrasse zusammen.,needs_profile_review,actor_actor_requires_scope_evidence,needs_source_scope_review,Nach dem Wettbewerbsgewinn wurde Zirkular mit in das Projektteam geholt.,https://zirkular.net/de/projekt/schaerenmoosstrasse/,
CH:K041,baseline_264,retained,CH,AKTEUR-AKTEUR,Zirkular,RE-WIN,Gründung,Initiierten die erste Fenstersammlung.,needs_profile_review,actor_actor_requires_scope_evidence,needs_source_scope_review,Das Baubüro in situ hat zusammen mit der Zirkular GmbH die erste Fenster-Sammelaktion gestartet und den ersten LKW Transport in die Ukraine bezahlt.,https://re-win.ch/supporters/baubuero-in-situ-ag-und-zirkular-gmbh/,
CH:K042,baseline_264,retained,CH,AKTEUR-AKTEUR,Zirkular,Bauteilkatalog Immobilien Basel-Stadt,Dienstleistungsbeziehung,Katalogisierte Bauteile für Basler Wettbewerbe.,needs_profile_review,actor_actor_requires_scope_evidence,needs_source_scope_review,Im Rahmen der Projektwettbewerbe «Walkeweg» und «Schliengerweg» katalogisierte Zirkular die Re-Use-Bauteile,https://zirkular.net/de/projekt/bauteilkatalog-immobilien-basel-stadt/,
CH:K043,baseline_264,retained,CH,AKTEUR-BAUVORHABEN,UMAR Unit,Lindner SE,Bauteillieferung,Lieferte Reuse-Bauteile.,Einzelfall / Vorhaben,actor_project_edge,ready,Lindner realisierte dort speziell entwickelte Plafotherm® Heiz-/Kühldecken.,https://www.lindner-group.com/de/referenzen/nest-unit-umar,
CH:K044,baseline_264,retained,CH,AKTEUR-AKTEUR,ZHAW,INEB – FHNW (Leitfaden Reuse Stahl/Stahlbeton),Konsortialpartner,Verbundpartnerschaft.,needs_profile_review,actor_actor_requires_scope_evidence,needs_source_scope_review,Zwei Institute - INEB der FHNW und IKE der ZHAW - untersuchen im Rahmen eines Projekts die Wiederverwendung.,https://www.fhnw.ch/de/die-fhnw/hochschulen/architektur-bau-geomatik/institute/ineb/ineb-forschung/ressourceneffizientes-und-zirkulaeres-bauen/leitfaden-reuse-stahl-und-stahlbetonbauteilen,
CH:K045,baseline_264,retained,CH,AKTEUR-BAUVORHABEN,ELEMENTA Walkeweg,Monotti Ingegneri,Fachplanung,Tragwerksplanung.,Einzelfall / Vorhaben,actor_project_edge,ready,Bauingenieurwesen: Monotti Ingegneri Consulenti SA,https://media.bs.ch/original_file/8e80b99a92a09ee372ff54721421eb6497819e1f/bvd-jurybericht-walkeweg-komprimiert-1.pdf,
CH:K046,baseline_264,retained,CH,AKTEUR-AKTEUR,Digvis GmbH,Bauteilkatalog Immobilien Basel-Stadt,Dienstleistungsbeziehung,Programmierte Basler.,needs_profile_review,actor_actor_requires_scope_evidence,needs_source_scope_review,Programmierung: digvis GmbH Industriestrasse 59 8152 Glattbrugg,https://bauteile-ibs.ch/contact,
DE:K001,baseline_264,retained,DE,AKTEUR-BAUVORHABEN,Abfallwirtschaftsbetriebe Münster,AWM Münster – zirkulärer Büroumbau,Bauherrschaft,Bauherrschaft.,Einzelfall / Vorhaben,actor_project_edge,ready,"In Zusammenarbeit mit dem Düsseldorfer Unternehmen Urselmann interior, das sich auf Innenausbau nach dem Prinzip cradle-to-cradle spezialisiert hat, ist auf 250 m2 eine moderne Arbeitswelt",https://awm.stadt-muenster.de/aktuelles/newsdetail/moderne-arbeitswelt-aus-gebrauchten-materialien,
DE:K002,baseline_264,proposed_removed,DE,AKTEUR-BAUVORHABEN,Berlin-Schildow Pilot,Claus Asam,Prüfung und Nachweis,Prüfung der Reuse-Bauteile.,Einzelfall / Vorhaben,actor_project_edge,ready,Gemeinsam mit Claus Asam vom IEMB hat Hervé Biele aus den Platten in der AEG-Halle drei Testbauten errichtet.,https://taz.de/Die-Wiedergeburt-der-Platte/!493469/,
DE:K005,baseline_264,proposed_removed,DE,AKTEUR-BAUVORHABEN,Claus Asam,Mehrow Pilot House,"Projektbeteiligung, Aufgabe unklar",Beteiligung; genaue Rolle noch offen.,Einzelfall / Vorhaben,actor_project_edge,ready,"sagt Dipl.-Ing. Claus Asam vom IEMB, der das Projekt leitete und maßgeblich mitinitiierte",https://www.baulinks.de/webplugin/2005/1177.php4,
DE:K009,baseline_264,retained,DE,AKTEUR-BAUVORHABEN,CRCLR House,LXSY Architektur,Entwurf,Entwurf.,Einzelfall / Vorhaben,actor_project_edge,ready,Rund 70% der verwendeten Materialien und Produkte sind recycelt oder nachhaltig.,https://lxsy.de/projekte/impact-hub-berlin-at-crclr-house,
DE:K010,baseline_264,retained,DE,AKTEUR-BAUVORHABEN,ZRS Ingenieure,Impact Hub Berlin at CRCLR-House (Innenausbau),Fachplanung,Tragwerksplanung.,Einzelfall / Vorhaben,actor_project_edge,ready,"polis AWARD 2023, 3rd prize, category „Ökologische Wirklichkeit"" for Impact Hub",https://www.zrs.berlin/en/project/crclr-house-2/,
DE:K014,baseline_264,retained,DE,AKTEUR-BAUVORHABEN,Impact Hub Berlin at CRCLR-House (Innenausbau),Die Zusammenarbeiter,Entwurf,Entwurf.,Einzelfall / Vorhaben,actor_project_edge,ready,"Christian Schöningh ist Teil der TRNSFRM eG und mit „Die Zusammenarbeiter"" einer der planenden Architekten vor Ort.",https://www.dbz.de/artikel/crclr-house-berlin-3945221.html,
DE:K015,baseline_264,retained,DE,AKTEUR-BAUVORHABEN,Impact Hub Berlin at CRCLR-House (Innenausbau),LXSY Architektur,Entwurf,Entwurf.,Einzelfall / Vorhaben,actor_project_edge,ready,Rund 70% der verwendeten Materialien und Produkte sind recycelt oder nachhaltig.,https://lxsy.de/projekte/impact-hub-berlin-at-crclr-house,
DE:K016,baseline_264,retained,DE,AKTEUR-BAUVORHABEN,Plattenpalast Berlin,Wiewiorra Hopp Architekten,Entwurf,Entwurf.,Einzelfall / Vorhaben,actor_project_edge,ready,Forschungsprojekt der TU Berlin unter der Leitung von Claus Asam vom IEMB in Zusammenarbeit mit dem Berliner Architekturbüro wiewiorra hopp architekten,https://wwstudio.de/projects/plattenpalst,
DE:K018,baseline_264,retained,DE,AKTEUR-BAUVORHABEN,Plattenvereinigung Berlin,TU Berlin Fachgebiet Bauphysik und Baukonstruktionen,Forschungsbegleitung,Forschungsbegleitung.,Einzelfall / Vorhaben,actor_project_edge,ready,The building was developed in partnership with the Chair of Building Physics and Building Constructions at TU Berlin.,https://www.tu.berlin/en/bauphysik/research/past-projects/projekt-plattenvereinigung,
DE:K019,baseline_264,retained,DE,AKTEUR-BAUVORHABEN,Plattenvereinigung Berlin,Deutsche Bundesstiftung Umwelt (DBU),Förderung,Förderung.,Einzelfall / Vorhaben,actor_project_edge,ready,Plattenvereinigung wird durch die Deutsche Bundesstiftung Umwelt (DBU) als Projekt für „Berufsbildung und öffentlichen Diskurs zum Ressourcenschutz am Beispiel eines modellhaften mobilen Recyclinggebäudes,https://www.plattenvereinigung.de/project/,
DE:K020,baseline_264,retained,DE,AKTEUR-BAUVORHABEN,Plattenvereinigung Berlin,Bundeszentrale für politische Bildung (bpb),Förderung,Förderung.,Einzelfall / Vorhaben,actor_project_edge,ready,Das vielfältige Programm wurde ebenso von der Bundeszentrale für politische Bildung (bpb) gefördert.,https://www.plattenvereinigung.de/project/,
DE:K021,baseline_264,retained,DE,AKTEUR-BAUVORHABEN,Recyclinghaus Hannover,Gundlach GmbH & Co. KG Wohnungsunternehmen,Bauherrschaft,Bauherrschaft.,Einzelfall / Vorhaben,actor_project_edge,ready,"Bauherrin (Client): Gundlach GmbH & Co. KG Wohnungsunternehmen, Hannover",https://www.aknds.de/architektur-baukultur/staatspreis-2020/engere-wahl-2020/recyclinghaus-hannover-kronsberg-hannover,
DE:K023,baseline_264,retained,DE,AKTEUR-BAUVORHABEN,Recyclinghaus Hannover,H2A,Fachplanung,Tragwerksplanung.,Einzelfall / Vorhaben,actor_project_edge,ready,"Bauphysik: H2A – v. Heeren Habibi Architekt und Ingenieur PartGmbB, Hannover",https://www.aknds.de/architektur-baukultur/staatspreis-2020/engere-wahl-2020/recyclinghaus-hannover-kronsberg-hannover,
DE:K024,baseline_264,retained,DE,AKTEUR-BAUVORHABEN,Recyclinghaus Hannover,CITYFÖRSTER,Entwurf,Entwurf.,Einzelfall / Vorhaben,actor_project_edge,ready,"Architekten (Design): CITYFÖRSTER architecture + urbanism, Hannover, Architekt Dipl.-Ing. Nils Nolting",https://www.aknds.de/architektur-baukultur/staatspreis-2020/engere-wahl-2020/recyclinghaus-hannover-kronsberg-hannover,
DE:K025,baseline_264,retained,DE,AKTEUR-BAUVORHABEN,Jugendtreff Ingersheim,Gemeinde Ingersheim,Bauherrschaft,Bauherrschaft.,Einzelfall / Vorhaben,actor_project_edge,ready,Bauherr: Gemeinde Ingersheim,https://klingelhoefer-kroetsch.de/projekte/jugendtreff-ingersheim/,
DE:K026,baseline_264,retained,DE,AKTEUR-BAUVORHABEN,AWM Münster – zirkulärer Büroumbau,Urselmann Interior,Bauausführung,Bauausführung.,Einzelfall / Vorhaben,actor_project_edge,ready,"In Zusammenarbeit mit dem Düsseldorfer Unternehmen Urselmann interior, das sich auf Innenausbau nach dem Prinzip cradle-to-cradle spezialisiert hat, ist auf 250 m2 eine moderne Arbeitswelt",https://awm.stadt-muenster.de/aktuelles/newsdetail/moderne-arbeitswelt-aus-gebrauchten-materialien,
DE:K027,baseline_264,retained,DE,AKTEUR-BAUVORHABEN,AWM Münster – zirkulärer Büroumbau,Petra Jablonická,Entwurf,Entwurf.,Einzelfall / Vorhaben,actor_project_edge,ready,"Petra Jablonická (Architect) — 95,6% circular reconstruction of offices for AWM Münster","https://www.jablonicka.com/work/95,6%25-circular-reconstruction-of-offices-for-awm-m%C3%BCnster-",
DE:K029,baseline_264,retained,DE,AKTEUR-BAUVORHABEN,AWM Münster – zirkulärer Büroumbau,Concular,Reuse-Konzept,Beschaffte Reuse-Material.,Einzelfall / Vorhaben,actor_project_edge,ready,hat urselmann interior eng mit Concular zusammengearbeit – sowohl bei der Beschaffung der zirkulären Materialien als auch bei der Auswertung,https://concular.de/bueroetage-muenster/,
DE:K031,baseline_264,retained,DE,AKTEUR-AKTEUR,Circular Structural Design,Concular,Konsortialpartner,Entwickelten Matching-Algorithmen im Green-AI-Hub.,needs_profile_review,actor_actor_requires_scope_evidence,needs_source_scope_review,"Together with its partner Circular Structural Design from Berlin, matching algorithms are being developed within the AI pilot project",https://www.green-ai-hub.de/en/pilot-projects/pilotproject-concular,
DE:K033,baseline_264,retained,DE,AKTEUR-AKTEUR,Professur Nachhaltiges Bauen / KIT,Baukreisel e.V.,Kooperationsvereinbarung,Starteten einen Ausbau-Stegreif am KIT.,needs_profile_review,actor_actor_requires_scope_evidence,needs_source_scope_review,Als freies Kollektiv für zirkuläres Bauen ruft der Baukreisel gemeinsam mit dem Lehrstuhl für Nachhaltiges Bauen am KIT einen Ausbau Stegreif aus.,https://nb.ieb.kit.edu/index.php/ausbau-stegreif-konrad-kocher-schule-kitzingen/,
DE:K034,baseline_264,retained,DE,AKTEUR-AKTEUR,Urban Mining Index,Lehrstuhl TEAMhillebrandt / Bergische Universität Wuppertal,Trägerschaft,Entwickelte zur Software.,needs_profile_review,actor_actor_requires_scope_evidence,needs_source_scope_review,"Die Bergische Universität Wuppertal hat den „UMI"" zu einer anwenderfreundlichen Software weiterentwickelt und im Urban Solar Decathlon 2021 eingesetzt.",https://urban-mining-index.de/initiative/,
DE:K035,baseline_264,retained,DE,AKTEUR-AKTEUR,Concular,ALBA Berlin,Kooperationsvereinbarung,Betreiben Urban Mining Hub gemeinsam.,needs_profile_review,actor_actor_requires_scope_evidence,needs_source_scope_review,"ALBA Berlin versteht sich in diesem Projekt als einer dieser starken Partner, der neben der benötigten Fläche auch effektive Logistikdienstleistungen anbietet.",https://www.alba.info/unternehmen/newsroom/pressemitteilungen/detail/urban-mining-hub-berlin-gekommen-um-zu-bleiben/,
DE:K036,baseline_264,retained,DE,AKTEUR-AKTEUR,Concular,München Bauteilbörse (CirCoFin pilot),Betreiberschaft,Mitentwicklung.,needs_profile_review,actor_actor_requires_scope_evidence,needs_source_scope_review,Im Rahmen des europäischen CIRCOFIN-Projekts entwickelt Concular gemeinsam mit der Stadt München eine digitale und physische Bauteilbörse.,https://concular.de/regionale-knotenpunkte-fuer-ganz-deutschland/,
DE:K048,baseline_264,retained,DE,AKTEUR-AKTEUR,Historische Bauelemente (Marwitz),Unternehmerverband Historische Baustoffe e.V. (UHB),Konsortialpartner,Nimmt als Mitglied am UHB teil.,needs_profile_review,actor_actor_requires_scope_evidence,needs_source_scope_review,Historische Bauelemente - Olaf Elias e.K. ... Latest news about this member:,https://www.historische-baustoffe.de/en/the-dealers/list-of-dealers/elias/,
DE:K049,baseline_264,retained,DE,AKTEUR-AKTEUR,Historische Baustoffe Ostalb (Söhnstetten),Unternehmerverband Historische Baustoffe e.V. (UHB),Konsortialpartner,Nimmt als Mitglied am UHB teil.,needs_profile_review,actor_actor_requires_scope_evidence,needs_source_scope_review,Historische Baustoffe Ostalb ... Latest news about this member: ... Members from this region: Baden-Wuerttemberg,https://www.historische-baustoffe.de/en/the-dealers/list-of-dealers/hbostalb/,
DK:K001,baseline_264,retained,DK,AKTEUR-BAUVORHABEN,Resource Rows,Lendager,Entwurf,Entwurf.,Einzelfall / Vorhaben,actor_project_edge,ready,"In an intensive cooperation between the client and the team of Lendager Group, Resource Rows proves that ... upcycling ... is possible.",https://circularmaterialsystems.com/en/case/02_en_resource-rows/,
DK:K005,baseline_264,retained,DK,AKTEUR-BAUVORHABEN,Svanen,Tscherning,Rückbau,Rückbau.,Einzelfall / Vorhaben,actor_project_edge,ready,"For entreprenoeren Tscherning har udfordringen vaeret, at man normalt kan nedrive meget med maskine",https://vaerdibyg.dk/case/svanen-i-gladsaxe-cirkulaer-nedrivning/,
DK:K008,baseline_264,retained,DK,AKTEUR-BAUVORHABEN,Svanen,Lendager,Entwurf,Entwurf.,Einzelfall / Vorhaben,actor_project_edge,ready,Architects: Lendager Arkitekter ApS / SWECO architects,https://www.troldtekt.com/references/children-and-youth/boernehuset-svanen,
DK:K010,baseline_264,retained,DK,AKTEUR-AKTEUR,Tscherning,GreenDozer ApS,"Zusammenarbeit, Art unklar",Vertieften ihre Zusammenarbeit.,needs_profile_review,actor_actor_requires_scope_evidence,needs_source_scope_review,styrket samarbejdet med GreenDozer,https://regnskaber.cvrapi.dk/34487362/amNsb3VkczovLzAzL2RkL2MxLzBjLzRlLzM1ZjUtNDdiNy1hYzYxLTU3NjA1MzRmMDQxYg.pdf,
DK:K012,baseline_264,retained,DK,AKTEUR-BAUVORHABEN,Thoravej 29 Copenhagen,DTU Byg – Sektion Materialer og Holdbarhed,Prüfung und Nachweis,Prüfung der Reuse-Bauteile.,Einzelfall / Vorhaben,actor_project_edge,ready,"A report from the Technical University of Denmark (DTU) on the Thoravej 29 project shows that compared to constructing an entirely new building, CO2 emissions",https://dac.dk/en/magazine/places/thoravej-29-what-can-be-reused-must-be-reused-376,
DK:K015,baseline_264,retained,DK,AKTEUR-BAUVORHABEN,TRÆ High-Rise,a:gain,Bauteillieferung,Lieferte Reuse-Bauteile.,Einzelfall / Vorhaben,actor_project_edge,ready,Leverede produkter til TRÆ,https://www.again.dk/da/project-references/trae,
DK:K016,baseline_264,retained,DK,AKTEUR-BAUVORHABEN,TRÆ High-Rise,DOVISTA / KRONE,Bauteillieferung,Lieferte Reuse-Bauteile.,Einzelfall / Vorhaben,actor_project_edge,ready,"KRONE supplied all the windows to the building, including the upcycled windows.",https://dovista.com/krone-brandcase,
DK:K017,baseline_264,retained,DK,AKTEUR-BAUVORHABEN,TRÆ High-Rise,Artelia,Fachplanung,Tragwerksplanung.,Einzelfall / Vorhaben,actor_project_edge,ready,Artelia is the engineer on TRÆ.,https://www.arteliagroup.com/fr/project/trae-a-wooden-tower-at-the-highest-level/,
DK:K018,baseline_264,retained,DK,AKTEUR-BAUVORHABEN,TRÆ High-Rise,Lendager,Entwurf,Entwurf.,Einzelfall / Vorhaben,actor_project_edge,ready,"TRAE ... a 78-meter beacon of circular construction, showing that large-scale architecture can combine reused materials",https://lendager.com/project/trae,
DK:K019,baseline_264,retained,DK,AKTEUR-BAUVORHABEN,a:gain,Upcycle Studios Copenhag…,Bauteillieferung,Lieferte einen Viddø-Fensterprototyp.,Einzelfall / Vorhaben,actor_project_edge,ready,"In Upcycle Studios, 75% of the windows came from public housing in North Jutland",https://www.again.dk/project-references/upcycle-studios,
DK:K024,baseline_264,retained,DK,AKTEUR-AKTEUR,Circue,GreenDozer ApS,Kooperationsvereinbarung,Verknüpften mit Revit.,needs_profile_review,actor_actor_requires_scope_evidence,needs_source_scope_review,"Den digitale materialebørs gør det muligt at eksportere genbrugsmaterialer fra markedspladser som Genbyg, J Jensen og Greendozer ind i Revit",https://www.strateginetvaerket.dk/case-circue-digital-platform-baner-vejen-for-cirkulaert-byggeri-og-baeredygtig-transformation/,
DK:K030,baseline_264,retained,DK,AKTEUR-AKTEUR,GreenDozer ApS,Kingo (Kingo Karlsen A/S),Konzernbindung,Investition.,needs_profile_review,actor_actor_requires_scope_evidence,needs_source_scope_review,"Senest har tre store nedrivningsvirksomheder, P. Olesen, Kingo og Tscherning, investeret i virksomheden",https://greendozer.com/nyt-samarbejde-fremmer-genbrug-af-byggematerialer,
DK:K031,baseline_264,retained,DK,AKTEUR-AKTEUR,GreenDozer ApS,P. Olesen / PO Genbrug,Konzernbindung,Investition.,needs_profile_review,actor_actor_requires_scope_evidence,needs_source_scope_review,"Senest har tre store nedrivningsvirksomheder, P. Olesen, Kingo og Tscherning, investeret i virksomheden",https://greendozer.com/nyt-samarbejde-fremmer-genbrug-af-byggematerialer,
FI:K001,baseline_264,retained,FI,AKTEUR-BAUVORHABEN,Härmälänranta,A-Kruunu,Bauherrschaft,Bauherrschaft.,Einzelfall / Vorhaben,actor_project_edge,ready,"The building was built by Skanska for the client, affordable rental housing company A-Kruunu",https://recreate-project.eu/tag/city-of-tampere/,
FI:K002,baseline_264,retained,FI,AKTEUR-BAUVORHABEN,Härmälänranta,Skanska Finland,Bauausführung,Bauausführung.,Einzelfall / Vorhaben,actor_project_edge,ready,"The building was built by Skanska for the client, affordable rental housing company A-Kruunu",https://recreate-project.eu/tag/city-of-tampere/,
FI:K003,baseline_264,retained,FI,AKTEUR-BAUVORHABEN,Härmälänranta,Consolis Parma,Aufarbeitung,Aufarbeitung der Reuse-Bauteile.,Einzelfall / Vorhaben,actor_project_edge,ready,were quality controlled and factory refurbished in Consolis Parma's factory in Kangasala,https://recreate-project.eu/tag/precast-concrete,
FI:K004,baseline_264,retained,FI,AKTEUR-BAUVORHABEN,Härmälänranta,Ramboll Finland,Fachplanung,Tragwerksplanung.,Einzelfall / Vorhaben,actor_project_edge,ready,we at Ramboll developed designing the refurbishment of the reclaimed elements in collaboration with the factory,https://recreate-project.eu/tag/consolis-parma/,
FI:K007,baseline_264,retained,FI,AKTEUR-AKTEUR,Skanska Finland,Consolis Parma,Konsortialpartner,Arbeiteten im ReCreate-Verbund zusammen.,needs_profile_review,actor_actor_requires_scope_evidence,needs_source_scope_review,"ReCreate's Finnish cluster is formed by Tampere University, Skanska, Consolis Parma, Ramboll Finland, Umacon, LIIKE architects, and the City of Tampere.",https://recreate-project.eu/tag/precast-concrete,
FI:K009,baseline_264,retained,FI,AKTEUR-AKTEUR,Skanska Finland,Ramboll Finland,Konsortialpartner,Arbeiteten im ReCreate-Verbund zusammen.,needs_profile_review,actor_actor_requires_scope_evidence,needs_source_scope_review,"ReCreate's Finnish cluster is formed by Tampere University, Skanska, Consolis Parma, Ramboll Finland, Umacon, LIIKE architects, and the City of Tampere.",https://recreate-project.eu/tag/precast-concrete,
FI:K010,baseline_264,retained,FI,AKTEUR-BAUVORHABEN,Skanska Finland,Lokomotion Technology Center,Bauausführung,Bauausführung.,Einzelfall / Vorhaben,actor_project_edge,ready,"In the ReCreate research project, companies have participated in Skanska's building projects, which serve as the study's minipilots.",https://parma.fi/betonielementtien-uudelleenkayttoa-koeponnistettu-onnistuneesti-recreate-hankkeen-minipiloteissa/,
FI:K011,baseline_264,retained,FI,AKTEUR-AKTEUR,Skanska Finland,Tampereen kaupunki (City of Tampere),Konsortialpartner,Arbeiteten im ReCreate-Verbund zusammen.,needs_profile_review,actor_actor_requires_scope_evidence,needs_source_scope_review,"ReCreate's Finnish cluster is formed by Tampere University, Skanska, Consolis Parma, Ramboll Finland, Umacon, LIIKE architects, and the City of Tampere.",https://recreate-project.eu/tag/precast-concrete,
FI:K013,baseline_264,retained,FI,AKTEUR-AKTEUR,Consolis Parma,Ramboll Finland,Konsortialpartner,Bestimmte die Aufarbeitung Reuse-Bauteile.,needs_profile_review,actor_actor_requires_scope_evidence,needs_source_scope_review,Consolis Parma used Ramboll's help determine suitable refurbishment measures,https://recreate-project.eu/tag/consolis-parma/,
FI:K014,baseline_264,retained,FI,AKTEUR-BAUVORHABEN,Consolis Parma,Lokomotion Technology Center,Aufarbeitung,Aufarbeitung der Reuse-Bauteile.,Einzelfall / Vorhaben,actor_project_edge,ready,"In the ReCreate research project, companies have participated in Skanska's building projects, which serve as the study's minipilots.",https://parma.fi/betonielementtien-uudelleenkayttoa-koeponnistettu-onnistuneesti-recreate-hankkeen-minipiloteissa/,
FI:K015,baseline_264,retained,FI,AKTEUR-BAUVORHABEN,Consolis Parma,Melkinlaituri Primary School and Daycare Centre,Aufarbeitung,Aufarbeitung der Reuse-Bauteile.,Einzelfall / Vorhaben,actor_project_edge,ready,"Slabs were transported to Consolis Parma's Nummela factory, where the refurbishment of the elements could begin",https://recreate-project.eu/tag/consolis-parma/,
FI:K016,baseline_264,retained,FI,AKTEUR-AKTEUR,Consolis Parma,Peikko Finland,Konsortialpartner,Erprobten demontierbare Betonverbindungen.,needs_profile_review,actor_actor_requires_scope_evidence,needs_source_scope_review,We implemented a pilot project at the end of 2021...to prove that the connecting technology between load-bearing structures enables easy dismantling and reassembly.,https://www.peikko.com/blog/pilot-project-proves-that-the-dismount-and-reuse-of-concrete-elements-is-realistic-and-economical/,
FI:K017,baseline_264,retained,FI,AKTEUR-AKTEUR,Consolis Parma,Tampereen kaupunki (City of Tampere),Konsortialpartner,Arbeiteten im ReCreate-Verbund zusammen.,needs_profile_review,actor_actor_requires_scope_evidence,needs_source_scope_review,"ReCreate's Finnish cluster is formed by Tampere University, Skanska, Consolis Parma, Ramboll Finland, Umacon, LIIKE architects, and the City of Tampere.",https://recreate-project.eu/tag/precast-concrete,
FI:K021,baseline_264,retained,FI,AKTEUR-BAUVORHABEN,Ramboll Finland,Lokomotion Technology Center,Fachplanung,Fachplanung.,Einzelfall / Vorhaben,actor_project_edge,ready,"In the ReCreate research project, companies have participated in Skanska's building projects, which serve as the study's minipilots.",https://parma.fi/betonielementtien-uudelleenkayttoa-koeponnistettu-onnistuneesti-recreate-hankkeen-minipiloteissa/,
FI:K022,baseline_264,retained,FI,AKTEUR-BAUVORHABEN,Ramboll Finland,Melkinlaituri Primary School and Daycare Centre,Prüfung und Nachweis,Prüfung der Reuse-Bauteile.,Einzelfall / Vorhaben,actor_project_edge,ready,Consolis Parma used Ramboll's help determine suitable refurbishment measures,https://recreate-project.eu/tag/consolis-parma/,
FI:K024,baseline_264,retained,FI,AKTEUR-AKTEUR,Ramboll Finland,Tampereen kaupunki (City of Tampere),Konsortialpartner,Arbeiteten im ReCreate-Verbund zusammen.,needs_profile_review,actor_actor_requires_scope_evidence,needs_source_scope_review,"ReCreate's Finnish cluster is formed by Tampere University, Skanska, Consolis Parma, Ramboll Finland, Umacon, LIIKE architects, and the City of Tampere.",https://recreate-project.eu/tag/precast-concrete,
FI:K026,baseline_264,retained,FI,AKTEUR-BAUVORHABEN,Lokomotion Technology Center,ReCreate-Koordination / Faculty of Built Environment / Tampere University,Forschungsbegleitung,Forschungsbegleitung.,Einzelfall / Vorhaben,actor_project_edge,ready,The Finnish ReCreate cluster and Lokomotion Technology completed the second reuse mini-pilot.,https://recreate-project.eu/2026/02/24/second-reuse-mini-pilot-successful-in-finland/,
FI:K027,baseline_264,retained,FI,AKTEUR-BAUVORHABEN,Melkinlaituri Primary School and Daycare Centre,Urban Environment Division / City of Helsinki,Bauherrschaft,Bauherrschaft.,Einzelfall / Vorhaben,actor_project_edge,ready,Melkinlaiturin peruskoulu ... Helsingin kaupunki,https://paatokset.hel.fi/fi/asia/hel-2024-003973,
FI:K028,baseline_264,retained,FI,AKTEUR-BAUVORHABEN,Melkinlaituri Primary School and Daycare Centre,YIT,Bauausführung,Bauausführung.,Einzelfall / Vorhaben,actor_project_edge,ready,YIT is delivering the Melkinlaituri school and day care centre for the City of Helsinki as a life-cycle project.,https://sustera.com/melkinlaituri-primary-school-and-day-care-centre-pilot-project-for-the-reuse-of-hollow-core-slabs/,
FI:K029,baseline_264,retained,FI,AKTEUR-AKTEUR,Urban Environment Division / City of Helsinki,Kiilto Family,Gemeinsames Bauvorhaben,Erprobten wiederlösbare Fliesen.,needs_profile_review,actor_actor_requires_scope_evidence,needs_source_scope_review,pilottihanke Forum Virium Helsingin ja Business Helsingin ARKI 135 kiertotaloushubin kanssa tarjoaa mahdollisuuden testata ja demonstroida teknologian toimivuutta,https://www.kiilto.fi/uutishuone/rakennusmateriaalit-jotka-elavat-useamman-kerran/,
FI:K030,baseline_264,retained,FI,AKTEUR-AKTEUR,ReCreate-Koordination / Faculty of Built Environment / Tampere University,SÄILÖ: Purusta säilöön ja kiertoon,Konsortialpartner,Verbundpartnerschaft.,needs_profile_review,actor_actor_requires_scope_evidence,needs_source_scope_review,"SÄILÖ-hanke toteutetaan yhteistyössä Oriveden kaupungin, Nokian kaupungin ja Tampereen yliopiston kanssa.",https://ekokumppanit.fi/hankkeet/sailo/,
FI:K031,baseline_264,retained,FI,AKTEUR-AKTEUR,ReCreate-Koordination / Faculty of Built Environment / Tampere University,Tampereen kaupunki (City of Tampere),Kooperationsvereinbarung,Stärken als Bildungs- und Wissenschaftsstandort.,needs_profile_review,actor_actor_requires_scope_evidence,needs_source_scope_review,Strategic partnership between Tampere Universities and the City of Tampere,https://www.tampere.fi/en/current/2026/02/19/strategic-partnership-between-tampere-universities-and-city-tampere,
FI:K032,baseline_264,retained,FI,AKTEUR-AKTEUR,Housing Design / Department of Architecture / Aalto University,VTT – Circularity in the Built Environment,Kooperationsvereinbarung,Forschen zur grünen und digitalen Transformation.,needs_profile_review,actor_actor_requires_scope_evidence,needs_source_scope_review,Aalto University and VTT have signed a strategic partnership agreement.,https://www.aalto.fi/en/corporate-collaboration/strategic-research-institute-partner-vtt,
FI:K036,baseline_264,retained,FI,AKTEUR-AKTEUR,Ekokumppanit (Kiertotalous Pirkanmaa),SÄILÖ: Purusta säilöön ja kiertoon,Trägerschaft,Trägt das federführend.,needs_profile_review,actor_actor_requires_scope_evidence,needs_source_scope_review,Hankkeen päätoteuttajana toimii Ekokumppanien operoima Kiertotalous Pirkanmaa,https://ekokumppanit.fi/hankkeet/sailo/,
FI:K038,baseline_264,retained,FI,AKTEUR-AKTEUR,KIELO-Projektteam / Xamk,Mikkelin Kehitysyhtiö Miksei Oy,Konsortialpartner,Verbundpartnerschaft.,needs_profile_review,actor_actor_requires_scope_evidence,needs_source_scope_review,KIELO – Kiertotalousloikka rakennusmateriaalien uudelleenkäytön parantamiseksi Mikkelissä on Mikkelin kehitysyhtiö Miksei Oy:n ja Kaakkois-Suomen ammattikorkeakoulun yhteinen ryhmähanke.,https://mikseimikkeli.fi/hankkeet/kielo/,
FI:K039,baseline_264,retained,FI,AKTEUR-AKTEUR,Mikkelin Kehitysyhtiö Miksei Oy,Purkupiha,Dienstleistungsbeziehung,Führte Rückbau im KIELO-Piloten aus.,needs_profile_review,actor_actor_requires_scope_evidence,needs_source_scope_review,Purkatyö toteutettiin yhteistyössä paikallisen rakennusliike OW-Yhtiöt Oy:n ja kohteen purku-urakoitsijaksi valikoituneen Purkupiha Oy:n kanssa.,https://arkisto.mikseimikkeli.fi/hiilineutraalit-terasportaat-onnistunut-purkumateriaalien-uudelleenkayttokokeilu-mikkelissa/,
FI:K040,baseline_264,retained,FI,AKTEUR-AKTEUR,Purkutori.fi,Purkupiha,Betreiberschaft,Betreibt Marktplatz.,needs_profile_review,actor_actor_requires_scope_evidence,needs_source_scope_review,Purkutori.fi-palvelun tarjoaa Purkupiha Oy – yksi Suomen suurimmista purkuliikkeistä ja johtava suomalaisomisteinen rakennusten ja teollisuuden purkaja Suomessa.,https://www.purkutori.fi/tietoja-meista,
FR:K006,baseline_264,retained,FR,AKTEUR-AKTEUR,Cycle Up,ORAK,Kooperationsvereinbarung,Entwickelten eine Reuse-Lösung für Teppichfliesen.,needs_profile_review,actor_actor_requires_scope_evidence,needs_source_scope_review,"Aujourd'hui Orak propose, en partenariat avec Cycle Up, une solution globale pour dalles textiles neuves ou réemployées",https://site.cycle-up.fr/annonceur-plus-orak/,
FR:K008,baseline_264,retained,FR,AKTEUR-AKTEUR,Cycle Up,TEXTIFLOOR,Kooperationsvereinbarung,Verbessern gemeinsam Bodenbelag-Reuse.,needs_profile_review,actor_actor_requires_scope_evidence,needs_source_scope_review,le partenariat Cycle Up X Textifloor a pour objectif de contribuer à l'amélioration de la chaine de valeur,https://site.cycle-up.fr/textifloor-annonceurplus/,
FR:K010,baseline_264,retained,FR,AKTEUR-AKTEUR,Réempro,CD2E,Mitgliedschaft,Mitgliedschaft im Netzwerk.,needs_profile_review,actor_actor_requires_scope_evidence,needs_source_scope_review,"Grâce à la notoriété du CD2E, nous avons pu bénéficier d'un grand réseau d'acteurs du réemploi et ainsi améliorer notre expertise sur le sujet.",https://cd2e.com/portraits-adherents/reempro-cd2e-portraits-adherents/,
FR:K015,baseline_264,retained,FR,AKTEUR-BAUVORHABEN,Circular Pavilion Paris,Encore Heureux,Entwurf,Entwurf.,Einzelfall / Vorhaben,actor_project_edge,ready,ENCORE HEUREUX ARCHITECTES (mandataires),https://encoreheureux.org/en/projects/pavillon-circulaire,
FR:K016,baseline_264,retained,FR,AKTEUR-BAUVORHABEN,Ferme du Rail Paris,Travail & Vie,Bauausführung,Bauausführung.,Einzelfall / Vorhaben,actor_project_edge,ready,Dans les entreprises : Apijbat et Travail et Vie,https://www.ekopolis.fr/operations-batiment/la-ferme-du-rail,
FR:K017,baseline_264,retained,FR,AKTEUR-BAUVORHABEN,Ferme du Rail Paris,Réhabail,Bauherrschaft,Bauherrschaft.,Einzelfall / Vorhaben,actor_project_edge,ready,La maîtrise d'ouvrage privée Réhabail a été un acteur moteur et volontaire dans la démarche de réemploi,https://www.ekopolis.fr/operations-batiment/la-ferme-du-rail,
FR:K018,baseline_264,retained,FR,AKTEUR-BAUVORHABEN,Ferme du Rail Paris,Pouget Consultants,Fachplanung,Fachplanung.,Einzelfall / Vorhaben,actor_project_edge,ready,"Grand Huit avec Albert et cie (AMO), Scoping (BET TCE), Gamba (BET acoustique) et Toreana, Pouget (BE thermique), Mélanie Drevet paysagiste",https://grandhuit.eu/projet/ferme-du-rail/,
FR:K020,baseline_264,retained,FR,AKTEUR-BAUVORHABEN,Ferme du Rail Paris,Albert & Co,Fachplanung,Fachplanung.,Einzelfall / Vorhaben,actor_project_edge,ready,"rand huit avec albert et cie (amo), scoping (bet tce), gamba (bet acoustique) et toreana, pouget (be thermique), melanie drevet paysagi",https://grandhuit.eu/projet/ferme-du-rail/,
FR:K021,baseline_264,retained,FR,AKTEUR-BAUVORHABEN,Grande Halle de Colombelles,Le WIP,Betrieb,Betrieb.,Einzelfall / Vorhaben,actor_project_edge,ready,"Le WIP, actuel exploitant du bâtiment, a été titulaire de ce lot Réemploi",https://www.ekopolis.fr/operations-batiment/grande-halle-de-colombelles,
FR:K022,baseline_264,retained,FR,AKTEUR-BAUVORHABEN,"Maison des Canaux, Paris",Les Canaux,Betrieb,Betrieb.,Einzelfall / Vorhaben,actor_project_edge,ready,"la Maison des Canaux, gérée par l'association Les Canaux",https://www.paris.fr/pages/les-canaux-une-maison-des-economies-solidaires-et-innovantes-4133,
FR:K023,baseline_264,retained,FR,AKTEUR-BAUVORHABEN,"Maison des Canaux, Paris",Ville de Paris,Bauherrschaft,Bauherrschaft.,Einzelfall / Vorhaben,actor_project_edge,ready,"La Ville de Paris a décidé d'en faire un chantier de travaux exemplaire, sur le plan environnemental, notamment en économie circulaire, et solidaire.",https://www.paris.fr/pages/l-economie-circulaire-au-coeur-du-chantier-de-la-maison-des-canaux-16966,
FR:K024,baseline_264,retained,FR,AKTEUR-AKTEUR,Ville de Paris,Plateforme de réemploi des matériaux de voirie de la Ville de Paris,Betreiberschaft,Betreibt das Straßenbau-Depot.,needs_profile_review,actor_actor_requires_scope_evidence,needs_source_scope_review,Tous les chantiers de voirie parisiens ont leur réserve de granit au cœur d'un immense dépôt de la Direction de la voirie et des déplacements à Bonneuil sur Marne.,https://www.paris.fr/pages/le-pave-parisien-a-l-epreuve-du-temps-7511,
FR:K025,baseline_264,retained,FR,AKTEUR-BAUVORHABEN,Résilience,Novaedia / Novædia,Betrieb,Betrieb.,Einzelfall / Vorhaben,actor_project_edge,ready,"Le bâtiment accueillera en mars 2020 le siège social et les ateliers de Novaedia, coopérative à but d'insertion sociale",http://materiauxreemploi.com/visite-de-chantier-resilience-la-ferme-des-possibles-a-stains/,
FR:K026,baseline_264,retained,FR,AKTEUR-BAUVORHABEN,Résilience,SOCOTEC,Prüfung und Nachweis,Prüfung der Reuse-Bauteile.,Einzelfall / Vorhaben,actor_project_edge,ready,contrôleur technique : SOCOTEC,https://topophile.net/faire/la-ferme-des-possibles-ou-de-la-serendipite/,
FR:K027,baseline_264,retained,FR,AKTEUR-BAUVORHABEN,Résilience,Depuis 1920,Bauausführung,Bauausführung.,Einzelfall / Vorhaben,actor_project_edge,ready,"Les châssis ont été déposés, transportés et retravaillés dans les ateliers de l'entreprise de menuiseries Depuis1920",http://materiauxreemploi.com/visite-de-chantier-resilience-la-ferme-des-possibles-a-stains/,
FR:K028,baseline_264,retained,FR,AKTEUR-BAUVORHABEN,Résilience,Association Réavie,Bauteillieferung,Lieferte Reuse-Bauteile.,Einzelfall / Vorhaben,actor_project_edge,ready,"L'association Réavie a préparé et livré des éléments tels que des WC, des luminaires, des poignées de portes, des mitigeurs",http://materiauxreemploi.com/visite-de-chantier-resilience-la-ferme-des-possibles-a-stains/,
FR:K030,baseline_264,retained,FR,AKTEUR-BAUVORHABEN,Résilience,Archipel zéro,Entwurf,Entwurf.,Einzelfall / Vorhaben,actor_project_edge,ready,"Conçu par l'agence d'architecture Frédéric Denise – Archipel Zéro, le projet illustre l'engagement de la maîtrise d'ouvrage",http://materiauxreemploi.com/visite-de-chantier-resilience-la-ferme-des-possibles-a-stains/,
FR:K031,baseline_264,retained,FR,AKTEUR-AKTEUR,La Fab Bordeaux,Collectif CANCAN,Dienstleistungsbeziehung,Arbeitete im Auftrag.,needs_profile_review,actor_actor_requires_scope_evidence,needs_source_scope_review,Commanditaire : La Fab,https://www.collectifcancan.fr/project/promenade/,quote_too_short
FR:K032,baseline_264,retained,FR,AKTEUR-AKTEUR,Encore Heureux,REMIX / matériaux réemploi,Gründung,Mitgründung des Reuse-Büros.,needs_profile_review,actor_actor_requires_scope_evidence,needs_source_scope_review,"Encore Heureux Architectes et Morgan Moinet décident de fonder REMIX, un bureau d'études",https://encoreheureux.org/en/news/creation-d-un-bureau-d-etudes-dedie-au-reemploi,
FR:K033,baseline_264,retained,FR,AKTEUR-AKTEUR,Mobius Réemploi,CSTB,Konsortialpartner,Arbeiteten im SPIROU-Verbund zusammen.,needs_profile_review,actor_actor_requires_scope_evidence,needs_source_scope_review,"le projet de recherche SPIROU (Sécuriser les Pratiques Innovantes de Réemploi via une Offre Unifiée) co-financé par l'ADEME, le CSTB et ses partenaires Mobius réemploi, le Booster du Réemploi / A4MT et Qualiconsult",https://www.cstb.fr/nos-offres/toutes-nos-offres/accompagner-developpement-reemploi,
FR:K034,baseline_264,retained,FR,AKTEUR-AKTEUR,CANCAN Architecture,REFAIR Bordeaux,"Zusammenarbeit, Art unklar",Begleitete beim Reuse-Vorhaben.,needs_profile_review,actor_actor_requires_scope_evidence,needs_source_scope_review,REFAIR accompagne CANCAN Architecture sur le réemploi.,https://refair-bm.fr/le-reemploi-cest-la-base/,
FR:K035,baseline_264,retained,FR,AKTEUR-AKTEUR,CSTB,Bellastock,Konsortialpartner,Arbeiteten im FCRBE-Verbund zusammen.,needs_profile_review,actor_actor_requires_scope_evidence,needs_source_scope_review,"Bellastock et le CSTB en France, Bruxelles-Environnement, Belgian Building Research Institute (BBRI) et la Confédération de la Construction en Belgique, la School of Architecture and Design de l'Université de Brighton et l'opérateur",https://lecho-circulaire.com/le-projet-fcrbe-facilite-le-reemploi-dans-la-construction/,
FR:K038,baseline_264,retained,FR,AKTEUR-AKTEUR,CSTB,Institut National de l'Économie Circulaire (INEC),Konsortialpartner,Arbeiteten im LIFE-Waste2Build-Verbund zusammen.,needs_profile_review,actor_actor_requires_scope_evidence,needs_source_scope_review,Le CSTB a rejoint le consortium ... avec l'Institut National de l'Économie Circulaire.,https://www.cstb.fr/toutes-les-actualites/economie-circulaire-batiment,
FR:K039,baseline_264,retained,FR,AKTEUR-AKTEUR,CSTB,Booster du Réemploi (A4MT),Konsortialpartner,Arbeiteten im SPIROU-Verbund zusammen.,needs_profile_review,actor_actor_requires_scope_evidence,needs_source_scope_review,"le projet de recherche SPIROU (Sécuriser les Pratiques Innovantes de Réemploi via une Offre Unifiée) co-financé par l'ADEME, le CSTB et ses partenaires Mobius réemploi, le Booster du Réemploi / A4MT et Qualiconsult",https://www.cstb.fr/nos-offres/toutes-nos-offres/accompagner-developpement-reemploi,
FR:K041,baseline_264,retained,FR,AKTEUR-AKTEUR,Lascombes Matériaux Anciens,Lascombes Matériaux Anciens Sud-Ouest,Konzernbindung,Führt Sud- als Regionaldepot.,needs_profile_review,actor_actor_requires_scope_evidence,needs_source_scope_review,Lascombes Sud-Ouest est le dépôt régional secondaire de l'entreprise.,https://www.lascombes-sud-ouest.fr/p-infos-pratiques_fr.htm,
FR:K044,baseline_264,retained,FR,AKTEUR-AKTEUR,Booster du Réemploi (A4MT),CD2E,Kooperationsvereinbarung,Organisieren lokalen Reuse- gemeinsam.,needs_profile_review,actor_actor_requires_scope_evidence,needs_source_scope_review,le CD2E et Action for Market Transformation – A4MT joignent leurs forces pour organiser un nouveau Booster du Réemploi local,https://cd2e.com/domaines-dexpertise/economie-circulaire/booster-du-reemploi/,
GB:K002,baseline_264,retained,GB,AKTEUR-BAUVORHABEN,Gardiner & Theobald,BedZED,Fachplanung,Tragwerksplanung.,Einzelfall / Vorhaben,actor_project_edge,ready,"led by the Peabody Trust in partnership with Bill Dunster Architects, Ellis & Moore Consulting Engineers, BioRegional, Arup and the cost consultants Gardiner and Theobald",https://en.wikipedia.org/wiki/BedZED,
GB:K003,baseline_264,retained,GB,AKTEUR-BAUVORHABEN,Gardiner & Theobald,55 Great Suffolk Street,Fachplanung,Fachplanung.,Einzelfall / Vorhaben,actor_project_edge,ready,Gardiner & Theobald (Project Manager – reclaimed steel initiative),https://asbp.org.uk/case-studies/55-great-suffolk-street,
GB:K016,baseline_264,retained,GB,AKTEUR-BAUVORHABEN,CascadeUp,UCL Circular Economy Lab,Forschungsbegleitung,Forschungsbegleitung.,Einzelfall / Vorhaben,actor_project_edge,ready,"The pilot, known as CascadeUp, brings our bio-based, circular economy research to life.",https://www.ucl.ac.uk/circular-economy-lab/research/reusing-wood-demolition-mass-timber-products,
GB:K017,baseline_264,retained,GB,AKTEUR-BAUVORHABEN,CascadeUp,UK CLT,Bauteillieferung,Lieferte Reuse-Holz.,Einzelfall / Vorhaben,actor_project_edge,ready,"This pilot modular building uses glulamST for its structural frame, and CLST as wall and floor panels.",https://ukclt.com/,
GB:K026,baseline_264,retained,GB,AKTEUR-AKTEUR,Whitby Wood,The Engineers Reuse Collective (TERC),Gründung,Gründung als Mitgründerin.,needs_profile_review,actor_actor_requires_scope_evidence,needs_source_scope_review,"The group has been founded by Buro Happold, Civic Engineers, Elliott Wood, Heyne Tillett Steel, Webb Yates Engineers and Whitby Wood, and is supported by The Institution of Structural Engineers.",https://terc.org.uk/news_launch/,
GB:K030,baseline_264,retained,GB,AKTEUR-BAUVORHABEN,Brighton Waste House,"Studierende, Schulkinder und Freiwillige",Bauausführung,Bauausführung.,Einzelfall / Vorhaben,actor_project_edge,ready,70 students worked on the Waste House in their workshops and over 250 students helped in total,https://www.brighton.ac.uk/mrm/building-the-future/index.aspx,
GB:K038,baseline_264,retained,GB,AKTEUR-BAUVORHABEN,Hastings Pier Visitor Centre,National Lottery Heritage Fund,Förderung,Förderung.,Einzelfall / Vorhaben,actor_project_edge,ready,Funding: Heritage Lottery Fund (£11.4 million grant),http://drmmstudio.com/project/hastings-pier/,
GB:K041,baseline_264,retained,GB,AKTEUR-BAUVORHABEN,"Holbein Gardens, London",Heyne Tillett Steel / HTS,Fachplanung,Tragwerksplanung.,Einzelfall / Vorhaben,actor_project_edge,ready,Engineers and consultants: TFT (Sustainability Consultant) HTS (Structural Engineer),https://asbp.org.uk/case-studies/holbein-gardens,
GB:K042,baseline_264,retained,GB,AKTEUR-BAUVORHABEN,"Holbein Gardens, London",Cleveland Steel & Tubes,Bauteillieferung,Lieferte Reuse-Stahl.,Einzelfall / Vorhaben,actor_project_edge,ready,Steel supplier: Cleveland Steel & Tubes,https://terc.org.uk/54-2/,
GB:K044,baseline_264,retained,GB,AKTEUR-BAUVORHABEN,"Holbein Gardens, London",TFT Consultants,Reuse-Konzept,Reuse-Konzept.,Einzelfall / Vorhaben,actor_project_edge,ready,Engineers and consultants: TFT (Sustainability Consultant),https://asbp.org.uk/case-studies/holbein-gardens,
GB:K046,baseline_264,retained,GB,AKTEUR-AKTEUR,Heyne Tillett Steel / HTS,Cleveland Steel & Tubes,Lieferbeziehung,Liefert Reuse-Stahl.,needs_profile_review,actor_actor_requires_scope_evidence,needs_source_scope_review,We work closely with Cleveland Steel & Tubes.,https://hts.uk.com/news-views/the-future-of-steel-reuse/,
GB:K047,baseline_264,retained,GB,AKTEUR-AKTEUR,Heyne Tillett Steel / HTS,The Engineers Reuse Collective (TERC),Gründung,Gründung als Mitgründerin.,needs_profile_review,actor_actor_requires_scope_evidence,needs_source_scope_review,Founding members include Heyne Tillett Steel.,https://hts.uk.com/news-views/introducing-the-engineers-reuse-collective/,
GB:K048,baseline_264,retained,GB,AKTEUR-BAUVORHABEN,Cleveland Steel & Tubes,Timber Square London,Bauteillieferung,Lieferte Reuse-Stahl.,Einzelfall / Vorhaben,actor_project_edge,ready,125 tonnes of reused steel were sourced from Cleveland Steel & Tubes.,https://timberdevelopment.uk/print-and-ink-buildings-timber-square/,
GB:K049,baseline_264,retained,GB,AKTEUR-BAUVORHABEN,Cleveland Steel & Tubes,55 Great Suffolk Street,Bauteillieferung,Lieferte Reuse-Stahl.,Einzelfall / Vorhaben,actor_project_edge,ready,11.1 tonnes of steel were procured from Cleveland Steel & Tubes.,https://asbp.org.uk/case-studies/55-great-suffolk-street,
GB:K051,baseline_264,retained,GB,AKTEUR-AKTEUR,Cleveland Steel & Tubes,Elliott Wood,Lieferbeziehung,Liefert Reuse-Stahl.,needs_profile_review,actor_actor_requires_scope_evidence,needs_source_scope_review,"Sourced from Cleveland Steel Stock, 4% of the steel is reclaimed, and 1% is recovered",https://www.elliottwood.co.uk/latest/180-piccadilly-londons-largest-steel-reuse-project,
GB:K052,baseline_264,retained,GB,AKTEUR-BAUVORHABEN,House of Fraser,FORE Partnership,Bauherrschaft,Bauherrschaft.,Einzelfall / Vorhaben,actor_project_edge,ready,"The deal to reuse steel from House of Fraser was conceived between Fore and its consultants, Civic Engineers",https://www.theconstructionindex.co.uk/news/view/london-office-project-reuses-90-year-old-department-store-steel,
GB:K053,baseline_264,retained,GB,AKTEUR-BAUVORHABEN,House of Fraser,Willmott Dixon,Bauausführung,Bauausführung.,Einzelfall / Vorhaben,actor_project_edge,ready,Collaboration between supply chain partners flagged the potential to reuse steel from the demolition of the House of Fraser building on Oxford Street,https://www.willmottdixon.co.uk/now-or-never/case-studies/tower-bridge-court-sets-standard-for-reuse-of-building-materials,
GB:K056,baseline_264,retained,GB,AKTEUR-BAUVORHABEN,House of Fraser,Webb Yates Engineers,Fachplanung,Tragwerksplanung.,Einzelfall / Vorhaben,actor_project_edge,ready,"Webb Yates, the engineer appointed to TBC London, ensured there was a smooth transition for using the recycled materials in the Thames-side design",https://www.theconstructionindex.co.uk/news/view/london-office-project-reuses-90-year-old-department-store-steel,
GB:K059,baseline_264,retained,GB,AKTEUR-BAUVORHABEN,House of Fraser,Civic Engineers,Fachplanung,Tragwerksplanung.,Einzelfall / Vorhaben,actor_project_edge,ready,Structural engineer: Civic Engineers,https://www.building.co.uk/buildings/its-mandss-oxford-street-neighbour-and-its-being-refurbished-not-demolished/5129238.article,
GB:K060,baseline_264,retained,GB,AKTEUR-BAUVORHABEN,House of Fraser,Studio PDP,Entwurf,Entwurf.,Einzelfall / Vorhaben,actor_project_edge,ready,Studio PDP is leading the transformation of 318 Oxford Street.,https://studiopdp.com/blog/oxford-streets-sleeping-giant-awakens,
GB:K061,baseline_264,retained,GB,AKTEUR-AKTEUR,Webb Yates Engineers,The Engineers Reuse Collective (TERC),Gründung,Gründung als Mitgründerin.,needs_profile_review,actor_actor_requires_scope_evidence,needs_source_scope_review,Founding members include Webb Yates Engineers.,https://hts.uk.com/news-views/introducing-the-engineers-reuse-collective/,
GB:K062,baseline_264,retained,GB,AKTEUR-AKTEUR,Civic Engineers,Studio PDP,Gemeinsames Bauvorhaben,Planten 318 Oxford Street gemeinsam.,needs_profile_review,actor_actor_requires_scope_evidence,needs_source_scope_review,Structural and Facade Engineer: Civic Engineers,https://studiopdp.com/blog/permission-granted-318-oxford-street,
GB:K063,baseline_264,retained,GB,AKTEUR-AKTEUR,Civic Engineers,The Engineers Reuse Collective (TERC),Gründung,Gründung als Mitgründerin.,needs_profile_review,actor_actor_requires_scope_evidence,needs_source_scope_review,Founding members include Civic Engineers.,https://hts.uk.com/news-views/introducing-the-engineers-reuse-collective/,
GB:K068,baseline_264,retained,GB,AKTEUR-BAUVORHABEN,PLP Architecture London Studio Circular Fit-out,Method,Bauausführung,Führte Ausbauarbeiten aus.,Einzelfall / Vorhaben,actor_project_edge,ready,Contractor Method,https://plparchitecture.com/plp-architecture-circular-studio-fit-out/,quote_too_short
GB:K071,baseline_264,retained,GB,AKTEUR-BAUVORHABEN,PLP Architecture London Studio Circular Fit-out,Grants of Shoreditch,Bauteillieferung,Lieferte Reuse-Marmor.,Einzelfall / Vorhaben,actor_project_edge,ready,Reclaimed Marble Grants of Shoreditch,https://plparchitecture.com/plp-architecture-circular-studio-fit-out/,
GB:K072,baseline_264,retained,GB,AKTEUR-AKTEUR,Method,PLP Architecture,Gemeinsames Bauvorhaben,Gemeinsames Bauvorhaben.,needs_profile_review,actor_actor_requires_scope_evidence,needs_source_scope_review,Contractor Method,https://plparchitecture.com/plp-architecture-circular-studio-fit-out/,quote_too_short
GB:K075,baseline_264,retained,GB,AKTEUR-AKTEUR,Grants of Shoreditch,PLP Architecture,Lieferbeziehung,Lieferte Reuse-Marmor.,needs_profile_review,actor_actor_requires_scope_evidence,needs_source_scope_review,Reclaimed Marble Grants of Shoreditch,https://plparchitecture.com/plp-architecture-circular-studio-fit-out/,
GB:K078,baseline_264,retained,GB,AKTEUR-BAUVORHABEN,Roots in the Sky,AKT II,Fachplanung,Tragwerksplanung.,Einzelfall / Vorhaben,actor_project_edge,ready,"collaboration from AKT II, Gardiner & Theobald and Atelier Ten",https://www.architectsjournal.co.uk/news/developer-urban-mines-broadgate-steel-frame-for-southwark-retrofits,
GB:K083,baseline_264,retained,GB,AKTEUR-BAUVORHABEN,AKT II,55 Great Suffolk Street,Prüfung und Nachweis,Prüfung der Reuse-Bauteile.,Einzelfall / Vorhaben,actor_project_edge,ready,AKT II was involved in assessing and repurposing the steel.,https://www.architectsjournal.co.uk/news/developer-urban-mines-broadgate-steel-frame-for-southwark-retrofits,
GB:K090,baseline_264,retained,GB,AKTEUR-BAUVORHABEN,Timber Square London,Opera Property & Asset Management,Fachplanung,Fachplanung.,Einzelfall / Vorhaben,actor_project_edge,ready,"Opera have led the procurement and management of the professional team, programming and contractor procurement strategy for the site",https://www.operapm.co.uk/place/our-projects/timber-square-southwark,
GB:K092,baseline_264,retained,GB,AKTEUR-BAUVORHABEN,Opera Property & Asset Management,55 Great Suffolk Street,Fachplanung,Fachplanung.,Einzelfall / Vorhaben,actor_project_edge,ready,Opera (Project Manager – 55 Great Suffolk Street),https://asbp.org.uk/case-studies/55-great-suffolk-street,
GB:K093,baseline_264,retained,GB,AKTEUR-BAUVORHABEN,Hawkins\Brown,55 Great Suffolk Street,Entwurf,Entwurf.,Einzelfall / Vorhaben,actor_project_edge,ready,Scope: Architecture,https://www.hawkinsbrown.com/projects/55-great-suffolk-street/,quote_too_short
GB:K095,baseline_264,retained,GB,AKTEUR-AKTEUR,The Engineers Reuse Collective (TERC),Elliott Wood,Gründung,Gründung als Mitgründerin.,needs_profile_review,actor_actor_requires_scope_evidence,needs_source_scope_review,Founding members include Elliott Wood.,https://hts.uk.com/news-views/introducing-the-engineers-reuse-collective/,
NL:K007,baseline_264,retained,NL,AKTEUR-AKTEUR,Lagemaat Heerde,lcp-circulair,Gründung,Gründung als Mitgründerin.,needs_profile_review,actor_actor_requires_scope_evidence,needs_source_scope_review,LCP circulair is een samenwerking tussen cepezed projects en Lagemaat,https://lcp-circulair.nl/,
NL:K009,baseline_264,retained,NL,AKTEUR-BAUVORHABEN,cepezed,The Green House Utrecht,Entwurf,Entwurf.,Einzelfall / Vorhaben,actor_project_edge,ready,The circular and highly sustainable design was made by cepezed in commission of consortium R Creators.,https://www.cepezed.com/recent/circulair-paviljoen-the-green-house-geopend/,
NL:K010,baseline_264,retained,NL,AKTEUR-AKTEUR,cepezed,lcp-circulair,Gründung,Gründung als Mitgründerin.,needs_profile_review,actor_actor_requires_scope_evidence,needs_source_scope_review,"Lcp circulair, a joint venture between cepezedprojects and Lagemaat.",https://iconrealestate.com/news/landmark-for-circular-innovation-circl-dismantling-to-commence/,
NL:K011,baseline_264,retained,NL,AKTEUR-BAUVORHABEN,IMd Raadgevende Ingenieurs,BioPartner 5,Entwurf,Entwurf.,Einzelfall / Vorhaben,actor_project_edge,ready,Constructief ontwerp: IMd Raadgevende Ingenieurs,https://www.staalmakers.nl/projecten/biopartner-5/,
NL:K012,baseline_264,retained,NL,AKTEUR-BAUVORHABEN,IMd Raadgevende Ingenieurs,Montessori Maassluis,Fachplanung,Tragwerksplanung.,Einzelfall / Vorhaben,actor_project_edge,ready,Designteam: IMd Raadgevende Ingenieurs,https://www.kraaijvanger.nl/nl/projecten/montessori-maassluis,
NL:K014,baseline_264,retained,NL,AKTEUR-BAUVORHABEN,BioPartner 5,Popma ter Steege Architecten / PTSA,Entwurf,Entwurf.,Einzelfall / Vorhaben,actor_project_edge,ready,Architectuur: Popma ter Steege Architecten,https://www.staalmakers.nl/projecten/biopartner-5/,
NL:K016,baseline_264,retained,NL,AKTEUR-BAUVORHABEN,BioPartner 5,Vic Obdam Staalbouw,Bauausführung,Bauausführung.,Einzelfall / Vorhaben,actor_project_edge,ready,Staalbouw: Vic Obdam Staalbouw,https://www.staalmakers.nl/projecten/biopartner-5/,
NL:K019,baseline_264,proposed_removed,NL,AKTEUR-BAUVORHABEN,BioPartner 5,Leiden University,Bauteillieferung,Lieferte Reuse-Stahl.,Einzelfall / Vorhaben,actor_project_edge,ready,The same beams have also been used for the circular construction of BioPartner 5 at the Leiden Bio Science Park.,https://www.universiteitleiden.nl/en/news/2020/11/gorlaeus-highrise-lives-on-in-two-new-buildings-in-leiden,
NL:K025,baseline_264,retained,NL,AKTEUR-BAUVORHABEN,Jeugdkliniek Ithaka,Rothuizen Architecten / Taco Tuinhof,Entwurf,Entwurf.,Einzelfall / Vorhaben,actor_project_edge,ready,Architect - Partner Taco Tuinhof,https://rothuizen-architecten.nl/project/circulair-gebouw-voor-kind-en-jeugdkliniek/,
NL:K027,baseline_264,retained,NL,AKTEUR-BAUVORHABEN,Jeugdkliniek Ithaka,ABT,Fachplanung,Fachplanung.,Einzelfall / Vorhaben,actor_project_edge,ready,Houtconstructeur - ABT en Adviesbureau Lüning ontwierpen samen de hergebruikte houten draagconstructie voor de Emergis-kliniek.,https://luning.nl/projecten/zorgkliniek-emergis-kloetinge/,
NL:K029,baseline_264,retained,NL,AKTEUR-BAUVORHABEN,Jeugdkliniek Ithaka,Rijkswaterstaat,Bauteillieferung,Lieferte Reuse-Bauteile.,Einzelfall / Vorhaben,actor_project_edge,ready,Het kantoor van Rijkswaterstaat in Terneuzen...is afgebroken en zoveel mogelijk materialen zijn hergebruikt voor de nieuwbouw van deze kliniek.,https://www.burobas.nl/project/emergis-ithaka-circulariteit-duurzaamheid-healing-environment-ontwerp,
NL:K031,baseline_264,retained,NL,AKTEUR-BAUVORHABEN,Jeugdkliniek Ithaka,DWT Groep,Bauausführung,Bauausführung.,Einzelfall / Vorhaben,actor_project_edge,ready,Aan DWT Groep werd gevraagd dit op te pakken.,https://demakersvanmorgen.com/ithaka-kliniek-circulair-en-energieneutraal/,
NL:K032,baseline_264,retained,NL,AKTEUR-BAUVORHABEN,Liander,Alliander / Liander,Bauherrschaft,Bauherrschaft.,Einzelfall / Vorhaben,actor_project_edge,ready,Client: Alliander - VolkerWessels,https://www.rau.eu/portfolio/liander/,
NL:K034,baseline_264,retained,NL,AKTEUR-BAUVORHABEN,Liander,Madaster / Materialpass-Kontext,Bauteilinventarisierung,Bauteilinventarisierung.,Einzelfall / Vorhaben,actor_project_edge,ready,We hadden toen al enige ervaring opgedaan met het gemeentehuis in Brummen [2011-2013] en het Alliander-kantoor in Duiven [2011-2015].,https://milieudatabase.nl/en/latest/news/en-madaster-we-willen-aansluiten-bij-datgene-wat-er-al-is/,
NL:K035,baseline_264,retained,NL,AKTEUR-BAUVORHABEN,Liander,RAU,Bauherrschaft,Bauherrschaft.,Einzelfall / Vorhaben,actor_project_edge,ready,Bij de bouw van het complex zijn grondstoffen en materialen hergebruikt en gedocumenteerd in een grondstoffenpaspoort.,https://www.rau.eu/portfolio/liander/,
NL:K036,baseline_264,retained,NL,AKTEUR-BAUVORHABEN,Montessori Maassluis,Kraaijvanger Architects,Entwurf,Entwurf.,Einzelfall / Vorhaben,actor_project_edge,ready,"Kraaijvanger Architects is collaborating on this project with the client Stichting Montessorischolen Monton, A. de Jong Groep, Anculus, Vintis Installatieadviseurs, VIA landscape, IMd Raadgevende Ingenieurs, and Van Dijk Maasland B.V.",https://www.kraaijvanger.nl/en/news/de-handtekeningen-zijn-gezet-montessorischool-maassluis,
NL:K051,baseline_264,retained,NL,AKTEUR-BAUVORHABEN,SUPERLOCAL Expogebouw,HEEMwonen,Bauherrschaft,Bauherrschaft.,Einzelfall / Vorhaben,actor_project_edge,ready,"HEEMwonen, gemeente Kerkrade en IBA Parkstad hebben de ambitie en uitgangspunten van het concept bewaakt en gecoördineerd.",https://www.superlocal.eu/superlocal/expogebouw/,
NL:K053,baseline_264,retained,NL,AKTEUR-BAUVORHABEN,SUPERLOCAL Expogebouw,IBA Parkstad,Reuse-Konzept,Reuse-Konzept.,Einzelfall / Vorhaben,actor_project_edge,ready,"HEEMwonen, gemeente Kerkrade en IBA Parkstad hebben de ambitie en uitgangspunten van het concept bewaakt en gecoördineerd.",https://www.superlocal.eu/superlocal/expogebouw/,
NL:K054,baseline_264,retained,NL,AKTEUR-BAUVORHABEN,SUPERLOCAL Expogebouw,Maurer United,Entwurf,Entwurf.,Einzelfall / Vorhaben,actor_project_edge,ready,De architect Maurer United is in zijn ontwerp gebonden aan deze herbruikbare elementen in plaats van nieuwe onderdelen.,https://www.superlocal.eu/superlocal/expogebouw/,
NL:K056,baseline_264,retained,NL,AKTEUR-BAUVORHABEN,SUPERLOCAL Expogebouw,Dusseldorp,Bauteillieferung,Lieferte Reuse-Bauteile.,Einzelfall / Vorhaben,actor_project_edge,ready,"Sloopbedrijf Dusseldorp is leverancier van de bouwmaterialen, die ze oogsten tijdens de sloop van de flat.",https://www.superlocal.eu/superlocal/expogebouw/,
NL:K057,baseline_264,retained,NL,AKTEUR-BAUVORHABEN,SUPERLOCAL Expogebouw,Bouwbedrijven Jongen,Bauausführung,Bauausführung.,Einzelfall / Vorhaben,actor_project_edge,ready,"De aannemer, Bouwbedrijven Jongen was afhankelijk van de staat en kwaliteit van de geoogste materialen.",https://www.superlocal.eu/superlocal/expogebouw/,
NL:K058,baseline_264,retained,NL,AKTEUR-BAUVORHABEN,SUPERLOCAL Expogebouw,SURD Research Centre / Zuyd,Forschungsbegleitung,Forschungsbegleitung.,Einzelfall / Vorhaben,actor_project_edge,ready,"een partnerschap gevormd tussen 12 partijen: HEEMwonen, Dusseldorp infra, sloop en milieutechniek, Bouwbedrijven Jongen, WML, Waterschapsbedrijf Limburg, Zuyd Hogeschool",https://www.kerkrade.nl/superlocal-bleijerheide,
NL:K061,baseline_264,retained,NL,AKTEUR-BAUVORHABEN,The Green House Utrecht,Pieters,Fachplanung,Tragwerksplanung.,Einzelfall / Vorhaben,actor_project_edge,ready,stability: pieters bouwtechniek,https://www.cepezed.com/projects/the-green-house/,
NL:K063,baseline_264,retained,NL,AKTEUR-BAUVORHABEN,The Green House Utrecht,Ballast Nedam,Bauausführung,Bauausführung.,Einzelfall / Vorhaben,actor_project_edge,ready,main contractor: ballast nedam,https://www.cepezed.com/projects/the-green-house/,
NL:K065,baseline_264,retained,NL,AKTEUR-BAUVORHABEN,The Green House Utrecht,De Groot & Visser,Bauausführung,Bauausführung.,Einzelfall / Vorhaben,actor_project_edge,ready,facades: de groot & visser,https://www.cepezed.com/projects/the-green-house/,
NL:K066,baseline_264,retained,NL,AKTEUR-BAUVORHABEN,ABN AMRO,Circl,Bauherrschaft,Entwickelte und baute Circl.,Einzelfall / Vorhaben,actor_project_edge,ready,ABN AMRO heeft dit pand circulair ontwikkeld en gebouwd om de opgedane kennis te delen en klanten goed over circulariteit te kunnen adviseren.,https://www.duurzaamnieuws.nl/abn-amro-geeft-circulair-bouwen-gezicht-met-paviljoen-circl/,
NL:K068,baseline_264,retained,NL,AKTEUR-BAUVORHABEN,Villa Welpeloo Enschede,Superuse Studios / 2012Architecten,Entwurf,Entwurf.,Einzelfall / Vorhaben,actor_project_edge,ready,Villa Welpeloo is a house and art studio designed and constructed in 2005 by Superuse Studios.,https://www.ellenmacarthurfoundation.org/circular-examples/finding-and-utilising-waste-materials-for-construction-purposes,
NL:K069,baseline_264,retained,NL,AKTEUR-AKTEUR,Superuse Studios / 2012Architecten,New Horizon UM,Kooperationsvereinbarung,Führen Oogstkaart.nl nach Übernahme fort.,needs_profile_review,actor_actor_requires_scope_evidence,needs_source_scope_review,Om die vraag te beantwoorden ontwikkelde Superuse Studios tien jaar geleden het platform Oogstkaart.nl. Met de overname door New Horizon Urban Mining moet het platform doorgroeien tot het belangrijkste platform op dit gebied in Nederland.,https://architectenweb.nl/nieuws/artikel.aspx?ID=47638,
NL:K070,baseline_264,retained,NL,AKTEUR-BAUVORHABEN,Woongroep Boschgaard,Bewohnerinitiative Boschgaard,Bauherrschaft,Bauherrschaft.,Einzelfall / Vorhaben,actor_project_edge,ready,het initiatief volledig bij de toekomstige bewoners vandaan komt,https://www.crowdbuilding.com/d/initiatieven/boschgaard,
NL:K071,baseline_264,retained,NL,AKTEUR-BAUVORHABEN,Woongroep Boschgaard,Zayaz,Bauherrschaft,Bauherrschaft.,Einzelfall / Vorhaben,actor_project_edge,ready,Zayaz ondersteunt en faciliteert hen hierin. En blijft eigenaar van het gebouw,https://www.zayaz.nl/boschgaard,
NO:K001,baseline_264,retained,NO,AKTEUR-AKTEUR,Loopfront,Regionalt ombruksnettverk for byggematerialer (Oslo-Trondheim),Gründung,Gründung des Reuse-Netzes.,needs_profile_review,actor_actor_requires_scope_evidence,needs_source_scope_review,Loopfront og Multiconsult etablerer nå nettverk for ombruk av byggematerialer.,https://www.multiconsult.no/etablerer-nettverk-for-mer-ombruk-av-byggematerialer/,
NO:K002,baseline_264,retained,NO,AKTEUR-BAUVORHABEN,KA13,Entra AS,Bauherrschaft,Bauherrschaft.,Einzelfall / Vorhaben,actor_project_edge,ready,Developer: Entra,https://www.futurebuilt.no/forbildeprosjekter/kristian-augusts-gate-13-oslo,quote_too_short
NO:K003,baseline_264,retained,NO,AKTEUR-BAUVORHABEN,KA13,MAD arkitekter / Mad as,Entwurf,Entwurf.,Einzelfall / Vorhaben,actor_project_edge,ready,Architect: Mad,https://www.futurebuilt.no/forbildeprosjekter/kristian-augusts-gate-13-oslo,quote_too_short
NO:K004,baseline_264,retained,NO,AKTEUR-BAUVORHABEN,KA13,FutureBuilt,Bauausführung,Bauausführung.,Einzelfall / Vorhaben,actor_project_edge,ready,Kristian Augusts gate relates to FutureBuilt's criteria for circular buildings.,https://www.futurebuilt.no/forbildeprosjekter/kristian-augusts-gate-13-oslo,
NO:K005,baseline_264,retained,NO,AKTEUR-BAUVORHABEN,KA13,Asplan Viak,Entwurf,Entwurf.,Einzelfall / Vorhaben,actor_project_edge,ready,Landscape Architect: Asplan Viak / Environmental Consultant: Asplan Viak AS,https://www.futurebuilt.no/forbildeprosjekter/kristian-augusts-gate-13-oslo,
NO:K006,baseline_264,retained,NO,AKTEUR-BAUVORHABEN,KA13,Insenti,Reuse-Konzept,Reuse-Konzept.,Einzelfall / Vorhaben,actor_project_edge,ready,"Insenti er engasjert av Entra som byggherrens representant med byggeledelse, prosjektledelse, prosjekteringsgruppeledelse, miljørådgiving og ombrukskoordinering.",https://insenti.no/prosjekt/kristian-augusts-gate-13-ka13/,
NO:K007,baseline_264,retained,NO,AKTEUR-BAUVORHABEN,KA13,Scenario Interiørarkitekter,Entwurf,Entwurf.,Einzelfall / Vorhaben,actor_project_edge,ready,Her har Scenario hatt ansvar for interiøret i kontorbyggets åtte etasjer.,https://www.scenario.no/prosjekter/ka13-tullinlokka,
NO:K011,baseline_264,retained,NO,AKTEUR-AKTEUR,Asker kommune – Ombruk,Regionalt ombruksnettverk for byggematerialer (Oslo-Trondheim),Mitgliedschaft,Mitgliedschaft im Reuse-Netz.,needs_profile_review,actor_actor_requires_scope_evidence,needs_source_scope_review,"deltar med bygg som skal kartlegges, blant annet Oslo Areal, Omsorgsbygg Oslo KF, Asker kommune, Trondheim kommune, TOBB, NTNU og SINTEF",https://www.multiconsult.no/etablerer-nettverk-for-mer-ombruk-av-byggematerialer/,
NO:K012,baseline_264,retained,NO,AKTEUR-AKTEUR,Asker kommune – Ombruk,Sirken,Dienstleistungsbeziehung,Erprobte Reuse-Container.,needs_profile_review,actor_actor_requires_scope_evidence,needs_source_scope_review,"Kommunen tester ut Sirken, en selvbetjent butikk i kontainer, som gjør materialer fra rivingsprosjekter, og overskudd fra byggeprosjekter tilgjengelige.",https://www.asker.kommune.no/klima-og-natur/siste-nytt-om-klima-og-natur/tre-ar-med-sirkulare-fremskritt/,
NO:K013,baseline_264,retained,NO,AKTEUR-AKTEUR,Bodø Kommune,Nordlandsforskning AS,Kooperationsvereinbarung,Erforschen Bürgerbeteiligung in gemeinsam.,needs_profile_review,actor_actor_requires_scope_evidence,needs_source_scope_review,"Bodø kommune i samarbeid med Nordlandsforskning, Nord universitet, Nordland fylkeskommune, Bodø/Glimt og Bodø Røde Kors utforske hvordan det kan gjøres.",https://www.an.no/bodo-en-barekraftig-og-samskapende-by/o/5-4-1367256,
NO:K015,baseline_264,retained,NO,AKTEUR-AKTEUR,Multiconsult,Regionalt ombruksnettverk for byggematerialer (Oslo-Trondheim),Gründung,Gründung des Reuse-Netzes.,needs_profile_review,actor_actor_requires_scope_evidence,needs_source_scope_review,Loopfront og Multiconsult etablerer nå nettverk for ombruk av byggematerialer.,https://www.multiconsult.no/etablerer-nettverk-for-mer-ombruk-av-byggematerialer/,
NO:K018,baseline_264,retained,NO,AKTEUR-AKTEUR,Regionalt ombruksnettverk for byggematerialer (Oslo-Trondheim),TOBB,Mitgliedschaft,Mitgliedschaft im Reuse-Netz.,needs_profile_review,actor_actor_requires_scope_evidence,needs_source_scope_review,"deltar med bygg som skal kartlegges, blant annet Oslo Areal, Omsorgsbygg Oslo KF, Asker kommune, Trondheim kommune, TOBB, NTNU og SINTEF",https://www.multiconsult.no/etablerer-nettverk-for-mer-ombruk-av-byggematerialer/,
NO:K019,baseline_264,retained,NO,AKTEUR-AKTEUR,Regionalt ombruksnettverk for byggematerialer (Oslo-Trondheim),Trondheim kommune,Mitgliedschaft,Mitgliedschaft im Reuse-Netz.,needs_profile_review,actor_actor_requires_scope_evidence,needs_source_scope_review,"deltar med bygg som skal kartlegges, blant annet Oslo Areal, Omsorgsbygg Oslo KF, Asker kommune, Trondheim kommune, TOBB, NTNU og SINTEF",https://www.multiconsult.no/etablerer-nettverk-for-mer-ombruk-av-byggematerialer/,
NO:K021,baseline_264,retained,NO,AKTEUR-AKTEUR,TOBB,Rehub,Konsortialpartner,Arbeiteten im Vendom-Verbund zusammen.,needs_profile_review,actor_actor_requires_scope_evidence,needs_source_scope_review,Partnere i Vendom: ... Rehub ... TOBB ...,https://tobb.no/itobb/tobb-med-i-vendom-veien-mot-en-sirkulaer-byggenaering/,
NO:K027,baseline_264,retained,NO,AKTEUR-AKTEUR,OMBYGG,Sirkulær Ressurssentral,Betreiberschaft,Betreibt Reuse-Handel Ressourcenzentrale.,needs_profile_review,actor_actor_requires_scope_evidence,needs_source_scope_review,I teltet tilbyr driftsselskapet Ombygg ombruksvarer av høy kvalitet og utleie av lagerplass til ombruksvarer.,https://www.ressurssentral.no/,
SE:K001,baseline_264,retained,SE,AKTEUR-AKTEUR,Åhlin & Ekeroth,Bygghubben,Konzernbindung,Ist Miteigentümerin von Bygghubben.,needs_profile_review,actor_actor_requires_scope_evidence,needs_source_scope_review,"Bygghubben, som Åhlin & Ekeroth är delägare i och en av initiativtagarna till",https://ahlin-ekeroth.se/bygghubben-i-nytt-samarbete-med-k-bygg/,
SE:K002,baseline_264,retained,SE,AKTEUR-AKTEUR,Akademiska Hus,Bjerking,Konsortialpartner,Arbeiteten im Återhus-Verbund zusammen.,needs_profile_review,actor_actor_requires_scope_evidence,needs_source_scope_review,"14 parter ingår i projektkonsortium: RISE, Akademiska Hus, Bjerking, Codesign, Förbo, Heidelberg Materials-Precast Contiga, KTH, Magnolia Bostad, NCC, Palats",https://www.akademiskahus.se/om-oss/aktuellt/Nyheter/2023/december/samverkan-for-aterbruk-av-lastbarande-konstruktionsdelar/,
SE:K003,baseline_264,retained,SE,AKTEUR-AKTEUR,Akademiska Hus,Handslag för cirkulärt byggande,Konsortialpartner,Mitgliedschaft.,needs_profile_review,actor_actor_requires_scope_evidence,needs_source_scope_review,Akademiska Hus,https://www.businessregiongoteborg.se/naringslivsutveckling/hallbar-utveckling/goteborgs-plattform-klimatneutralt-byggande/handslag-cirkulart-byggande,quote_too_short
SE:K005,baseline_264,retained,SE,AKTEUR-AKTEUR,Akademiska Hus,Wiklunds Åkeri,Konsortialpartner,Arbeiteten im KRETS-Verbund zusammen.,needs_profile_review,actor_actor_requires_scope_evidence,needs_source_scope_review,"Bland medlemmarna finns Vasakronan, Castellum, Wiklunds, Alecta Fastigheter, Akademiska Hus samt Uppsala klimatprotokoll",https://www.wiklunds.se/affarsomraden/cirkulart-byggande/,
SE:K006,baseline_264,retained,SE,AKTEUR-AKTEUR,Akademiska Hus,Palats,Konsortialpartner,Arbeiteten im Återhus-Verbund zusammen.,needs_profile_review,actor_actor_requires_scope_evidence,needs_source_scope_review,"14 parter ingår i projektkonsortium: RISE, Akademiska Hus, Bjerking, Codesign, Förbo, Heidelberg Materials-Precast Contiga, KTH, Magnolia Bostad, NCC, Palats",https://www.akademiskahus.se/om-oss/aktuellt/Nyheter/2023/december/samverkan-for-aterbruk-av-lastbarande-konstruktionsdelar/,
SE:K007,baseline_264,retained,SE,AKTEUR-AKTEUR,Anthesis,NCC,Konsortialpartner,Arbeiteten im Återhus-Verbund zusammen.,needs_profile_review,actor_actor_requires_scope_evidence,needs_source_scope_review,"Partners: NCC, RISE, Stockholms stad, Vasakronan, Fabege, Atrium Ljungberg, Contiga, Zengun, Anthesis, Svensk Betong, Ramboll och KTH",https://www.svenskbyggtidning.se/2021/04/27/aterhus-att-bygga-hus-av-hus/,
SE:K011,baseline_264,retained,SE,AKTEUR-AKTEUR,Byggåterbruket (Umeå),Umeå kommun,Trägerschaft,Trägt das Reuse-Zentrum.,needs_profile_review,actor_actor_requires_scope_evidence,needs_source_scope_review,Byggåterbruket startade genom ett politiskt initiativ och är en del av Umeå kommun.,https://www.umea.se/download/18.1de870d7195cb1f57ec433c/1743065440894/KSHU_2025-01-28_protokoll.pdf,
SE:K014,baseline_264,retained,SE,AKTEUR-AKTEUR,Bygghubben,Teknikbyggarna,Konzernbindung,Ist Miteigentümerin von Bygghubben.,needs_profile_review,actor_actor_requires_scope_evidence,needs_source_scope_review,"Vi är stolta delägare i ByggHubben, ett företag som främjar återbruk inom byggbranschen.",https://teknikbyggarna.se/hallbarhet/,
SE:K015,baseline_264,retained,SE,AKTEUR-AKTEUR,Bygghubben,Wilzéns,Konzernbindung,Ist Miteigentümerin und Mitgründerin von Bygghubben.,needs_profile_review,actor_actor_requires_scope_evidence,needs_source_scope_review,Under 2023 har Wilzéns blivit delägare i och en av grundarna till Bygghubben,https://wilzens.se/hallbarhet/,
SE:K016,baseline_264,retained,SE,AKTEUR-AKTEUR,Codesign Sweden AB,RISE (Research Institutes of Sweden),Konsortialpartner,Arbeiteten im Återhus-Verbund zusammen.,needs_profile_review,actor_actor_requires_scope_evidence,needs_source_scope_review,"Innovationsprojektet Återhus leds av Codesign i samarbete med NCC, RISE och Stockholms stad",https://www.mynewsdesk.com/se/codesign/pressreleases/aaterhus-att-bygga-hus-av-hus-faar-vidare-finansiering-fraan-vinnova-3092349,
SE:K017,baseline_264,retained,SE,AKTEUR-AKTEUR,Contiga,Fabege,Konsortialpartner,Arbeiteten im Återhus-Verbund zusammen.,needs_profile_review,actor_actor_requires_scope_evidence,needs_source_scope_review,"Medverkar gör även Stockholm stad, Vasakronan, Fabege, Atrium Ljungberg, Contiga, Zengun, Anthesis, Svensk Betong, Ramboll och KTH.",https://branschaktuellt.se/byggindustrin/62133-stora-aktorer-i-samverkan-om-aterhus/,
SE:K018,baseline_264,retained,SE,AKTEUR-AKTEUR,Contiga,Zengun,Konsortialpartner,Arbeiteten im Återhus-Verbund zusammen.,needs_profile_review,actor_actor_requires_scope_evidence,needs_source_scope_review,Samverkansparter i projektet Återhus: ... Contiga ... Zengun.,https://www.fabege.se/om-fabege/pressrum/nyheter/2022/hallbarhetshuset/,
SE:K019,baseline_264,retained,SE,AKTEUR-AKTEUR,Fabege,Reboost,Konsortialpartner,Trat bei und übergab eigenen Reuse-Hub.,needs_profile_review,actor_actor_requires_scope_evidence,needs_source_scope_review,ansluter Fabege som ny medlem i Ragn-Sells Reboost,https://www.fabege.se/kunskap-och-inspiration/nyheter/2026/fabege-overlater-aterbrukshubb-till-ragn-sells-och-blir-medlem-i-reboost/,
SE:K022,baseline_264,retained,SE,AKTEUR-AKTEUR,Handslag för cirkulärt byggande,Vasakronan,Konsortialpartner,Mitgliedschaft.,needs_profile_review,actor_actor_requires_scope_evidence,needs_source_scope_review,Vasakronan blev Årets Återbrukare 2026 för att i snart ett decennium ha visat vägen mot cirkulärt byggande och drivit på branschens omställning.,https://www.businessregiongoteborg.se/naringslivsutveckling/hallbar-utveckling/goteborgs-plattform-klimatneutralt-byggande/handslag-cirkulart-byggande,
SE:K023,baseline_264,proposed_removed,SE,AKTEUR-AKTEUR,Helsingborgshem,"ReCreate Sweden / KTH Architecture, Technique and Theory",Konsortialpartner,Verbundpartnerschaft.,needs_profile_review,actor_actor_requires_scope_evidence,needs_source_scope_review,I den svenska piloten är Helsingborgshem huvudsaklig partner ... och KTH deltar.,https://www.kth.se/om/nyheter/centrala-nyheter/gammal-betong-far-nytt-liv-1.1077230,
SE:K024,baseline_264,retained,SE,AKTEUR-AKTEUR,Helsingborgshem,Strängbetong,Konsortialpartner,Arbeiteten im ReCreate-Verbund zusammen.,needs_profile_review,actor_actor_requires_scope_evidence,needs_source_scope_review,"I ReCreate ingår även Consoliskoncernen som tillverkar prefabricerad betong, i Sverige representerad av Consolis Strängbetong.",https://www.mynewsdesk.com/se/helsingborgshem/pressreleases/aaterbruk-av-prefabricerade-betongelement-i-nya-byggnader-stort-internationellt-projekt-ska-utveckla-nya-loesningar-3102159,
SE:K025,baseline_264,proposed_removed,SE,AKTEUR-AKTEUR,"ReCreate Sweden / KTH Architecture, Technique and Theory",NCC,Konsortialpartner,Arbeiteten im Återhus-Verbund zusammen.,needs_profile_review,actor_actor_requires_scope_evidence,needs_source_scope_review,"Partners: NCC, RISE, Stockholms stad, Vasakronan, Fabege, Atrium Ljungberg, Contiga, Zengun, Anthesis, Svensk Betong, Ramboll och KTH",https://www.svenskbyggtidning.se/2021/04/27/aterhus-att-bygga-hus-av-hus/,
SE:K026,baseline_264,retained,SE,AKTEUR-AKTEUR,Ragn-Sells,Reboost,Betreiberschaft,Betreibt Reuse-Dienst.,needs_profile_review,actor_actor_requires_scope_evidence,needs_source_scope_review,Ragn-Sells vill bidra till en mer cirkulär byggbransch och erbjuder en medlemsbaserad tjänst för kvalitetssäkrade återbrukade produkter.,https://www.ragnsells.se/vara-tjanster/integrerade-losningar/reboost/,
SE:K027,baseline_264,retained,SE,AKTEUR-AKTEUR,Serviceförvaltningen und Miljöförvaltningen / Stockholms stad,Vasakronan,Konsortialpartner,Arbeiteten im Återhus-Verbund zusammen.,needs_profile_review,actor_actor_requires_scope_evidence,needs_source_scope_review,"Medverkar gör även Stockholm stad, Vasakronan, Fabege, Atrium Ljungberg",https://branschaktuellt.se/byggindustrin/62133-stora-aktorer-i-samverkan-om-aterhus/,
SE:K028,baseline_264,retained,SE,AKTEUR-AKTEUR,Svensk Betong,NCC,Konsortialpartner,Arbeiteten im Återhus-Verbund zusammen.,needs_profile_review,actor_actor_requires_scope_evidence,needs_source_scope_review,"Partners: NCC, RISE, Stockholms stad, Vasakronan, Fabege, Atrium Ljungberg, Contiga, Zengun, Anthesis, Svensk Betong, Ramboll och KTH",https://www.svenskbyggtidning.se/2021/04/27/aterhus-att-bygga-hus-av-hus/,
SE:K029,baseline_264,retained,SE,AKTEUR-AKTEUR,Vasakronan,Wiklunds Åkeri,Konsortialpartner,Arbeiteten im KRETS-Verbund zusammen.,needs_profile_review,actor_actor_requires_scope_evidence,needs_source_scope_review,"Bland medlemmarna finns Vasakronan, Castellum, Wiklunds, Alecta Fastigheter, Akademiska Hus samt Uppsala klimatprotokoll",https://www.wiklunds.se/affarsomraden/cirkulart-byggande/,
SE:K030,baseline_264,retained,SE,AKTEUR-AKTEUR,Zengun,NCC,Konsortialpartner,Arbeiteten im Återhus-Verbund zusammen.,needs_profile_review,actor_actor_requires_scope_evidence,needs_source_scope_review,"Partners: NCC, RISE, Stockholms stad, Vasakronan, Fabege, Atrium Ljungberg, Contiga, Zengun, Anthesis, Svensk Betong, Ramboll och KTH",https://www.svenskbyggtidning.se/2021/04/27/aterhus-att-bygga-hus-av-hus/,
SE:K031,baseline_264,retained,SE,AKTEUR-BAUVORHABEN,"Kv Återbruket, Litteraturgatan/Selma stad, Göteborg",Liljewall Arkitekter,Entwurf,Entwarf Kv.,Einzelfall / Vorhaben,actor_project_edge,ready,"Kv Återbruket ‹ Liljewall Arkitekter – Göteborg, Stockholm & Malmö (eigene Projektseite)",https://www.liljewall.se/projekt/kv-aterbruket/,
SE:K032,baseline_264,retained,SE,AKTEUR-BAUVORHABEN,"Kv Återbruket, Litteraturgatan/Selma stad, Göteborg",NCC,Bauausführung,Führte die Bauarbeiten an Kv aus.,Einzelfall / Vorhaben,actor_project_edge,ready,"Hyresrätter Kvarteret Återbruket, Göteborg / NCC (eigene Projektseite, NCC als ausführendes Bauunternehmen)",https://www.ncc.se/vara-projekt/hyresratter-kvarteret-aterbruket-goteborg/,
SE:K033,baseline_264,retained,SE,AKTEUR-AKTEUR,NCC,RISE (Research Institutes of Sweden),Konsortialpartner,Arbeiteten im Återhus-Verbund zusammen.,needs_profile_review,actor_actor_requires_scope_evidence,needs_source_scope_review,"Partners: NCC, RISE, Stockholms stad, Vasakronan, Fabege, Atrium Ljungberg, Contiga, Zengun, Anthesis, Svensk Betong, Ramboll och KTH",https://www.svenskbyggtidning.se/2021/04/27/aterhus-att-bygga-hus-av-hus/,
candidate-edge:proposal:proj:12:B:1,expansion_candidate,proposed_addition,DE,AKTEUR-BAUVORHABEN,Wohnungsgesellschaft mbH Hoyerswerda,Bröthen Twin-House,Bauherrschaft,Bauherrin des Zweifamilienhauses Bröthen aus wiederverwendeten P2-Bauteilen.,Einzelfall / Vorhaben,actor_project_edge,ready,Zweifamilienhaus in Bröthen,https://www-docs.b-tu.de/ag-baurecycling/public/Forschungsberichte/AZ_22286_Bericht_DBU_Tschechien.pdf,description_over_60
candidate-edge:proposal:proj:12:B:2,expansion_candidate,proposed_addition,DE,AKTEUR-BAUVORHABEN,"Bauingenieurbüro Heidan, Wittichenau",Bröthen Twin-House,Fachplanung,Plante das Haus mit wiederverwendeten P2-Betonfertigteilen.,Einzelfall / Vorhaben,actor_project_edge,ready,"Nach Aussage: Dr. Heidan, Bauingenieurbüro Heidan.",https://www-docs.b-tu.de/ag-baurecycling/public/Forschungsberichte/AZ_22286_Bericht_DBU_Tschechien.pdf,
candidate-edge:proposal:proj:19:A:1,expansion_candidate,proposed_addition,GB,AKTEUR-BAUVORHABEN,Cleveland Steel & Tubes,Brent Cross Town Substation,Bauteillieferung,Lieferte rund 33 Tonnen wiederverwendeten Pipeline-Stahl für den Stahlbau.,Einzelfall / Vorhaben,actor_project_edge,ready,Reclaimed tubes were purchased from stockholder Cleveland Steel and Tubes and originated from cancelled projects in the oil and gas industry,https://asbp.org.uk/case-studies/brent-cross-town-primary-substation,description_over_60
candidate-edge:proposal:proj:19:A:2,expansion_candidate,proposed_addition,GB,AKTEUR-BAUVORHABEN,Whitby Wood,Brent Cross Town Substation,Fachplanung,Übernahm die Tragwerksplanung für die neue Substation.,Einzelfall / Vorhaben,actor_project_edge,ready,Brent Cross Town Primary Substation,https://asbp.org.uk/case-studies/brent-cross-town-primary-substation,
candidate-edge:proposal:proj:19:B:1,expansion_candidate,proposed_addition,GB,AKTEUR-BAUVORHABEN,Arup,Brent Cross Town Substation,Reuse-Konzept,Schlug die Wiederverwendung von Rohrleitungsstahl im Tragwerk vor.,Einzelfall / Vorhaben,actor_project_edge,ready,"Arup proposed the idea of reusing steel, recognising that steelwork was the largest element in the project",https://asbp.org.uk/case-studies/brent-cross-town-primary-substation,description_over_60
candidate-edge:proposal:proj:19:B:2,expansion_candidate,proposed_addition,GB,AKTEUR-BAUVORHABEN,Bourne Special Projects,Brent Cross Town Substation,Bauausführung,Fertigte und errichtete den Stahlbau mit rund 45% wiederverwendetem Stahl.,Einzelfall / Vorhaben,actor_project_edge,ready,Brent Cross Town Primary Substation,https://asbp.org.uk/case-studies/brent-cross-town-primary-substation,description_over_60
candidate-edge:proposal:proj:19:B:3,expansion_candidate,proposed_addition,GB,AKTEUR-BAUVORHABEN,Brent Cross South Limited Partnership,Brent Cross Town Substation,Bauherrschaft,Trug als formale Bauherrin die Strategie für wiederverwendeten Stahl.,Einzelfall / Vorhaben,actor_project_edge,ready, wird namentlich im Stakeholder-Verzeichnis als Partner der ,https://asbp.org.uk/case-studies/brent-cross-town-primary-substation,quote_contains_review_meta_language;quote_looks_truncated;description_over_60
candidate-edge:proposal:proj:23:B:1,expansion_candidate,proposed_addition,BE,AKTEUR-BAUVORHABEN,Antiekbouw NV,Europa Building (Résidence Palace),Bauteillieferung,Lieferte rund 3750 wiederverwendete Eichenfensterrahmen für die Europa-Building-Fassade.,Einzelfall / Vorhaben,actor_project_edge,ready,Thousands of old single glazed windows supplied by Antiek Bouw of Ypres are to be reused in the new EU headquarters in Brussels.,https://www.salvoweb.com/salvonews/17998-single-glazed-reclaimed-windows-reused-in-new-eu-hq,description_over_60
candidate-edge:proposal:proj:23:B:2,expansion_candidate,proposed_addition,BE,AKTEUR-BAUVORHABEN,Samyn and Partners,Europa Building (Résidence Palace),Entwurf,Entwarf die Fassade aus wiederverwendeten Eichenfensterrahmen für Europa Building.,Einzelfall / Vorhaben,actor_project_edge,ready,LEAD and DESIGN PARTNER,https://samynandpartners.com/portfolio/europa-new-headquarters-of-the-council-of-the-european-union/,quote_too_short;description_over_60
candidate-edge:proposal:proj:27:A:1,expansion_candidate,proposed_addition,BE,AKTEUR-BAUVORHABEN,BLAF Architecten,gjG House,Entwurf,BLAF Architecten entwarf gjG House mit einer Schale aus wiederverwendeten Ziegeln.,Einzelfall / Vorhaben,actor_project_edge,ready," mit BLAF Architecten als Entwurfsverfasser (Kriterium 2 erfüllt). Konkrete Verbindung beschrieben: Seite erläutert, dass BLAF Architecten das Haus im Rahmen ihrer ",https://www.archdaily.com/951845/gjg-house-blaf-architecten,description_over_60
candidate-edge:proposal:proj:29:A:1,expansion_candidate,proposed_addition,DE,AKTEUR-BAUVORHABEN,Arbeitsgebiet Bauliches Recycling / BTU Cottbus-Senftenberg,Association House Gröditz,Forschungsbegleitung,Erstellte 2007 Grundlagenermittlung zum Einsatz von Altbetonelementen für das Vereinshaus.,Einzelfall / Vorhaben,actor_project_edge,ready,Vereinshaus 1911 e.V. Gröditz,https://www.b-tu.de/ag-baurecycling/publikationen/vortraege,description_over_60
candidate-edge:proposal:proj:30:B:1,expansion_candidate,proposed_addition,DE,AKTEUR-BAUVORHABEN,VFC Plauen e.V.,Association House Plauen,Bauherrschaft,VFC Plauen e.V. baut Umkleide-/Sanitärtrakt aus wiederverwendeten Betonelementen.,Einzelfall / Vorhaben,actor_project_edge,ready,2_Wiederverwendung.pdf,https://www-docs.b-tu.de/ag-baurecycling/public/Forschungsberichte/2_Wiederverwendung.pdf,quote_too_short;description_over_60
candidate-edge:proposal:proj:30:B:2,expansion_candidate,proposed_addition,DE,AKTEUR-BAUVORHABEN,"bauplanung plauen GmbH, architektur- und Ingenieurbüro",Association House Plauen,Entwurf,bauplanung plauen GmbH plante die Neugestaltung des Umkleide-/Sanitärbereichs.,Einzelfall / Vorhaben,actor_project_edge,ready,"Mundt, J.: Projektunterlagen: Vogtland-Stadion Plauen, Neugestaltung Umkleide-/Sanitärbereiche, bauplanung plauen GmbH, architektur- und Ingenieurbüro, Plauen, 2006.",https://www-docs.b-tu.de/ag-baurecycling/public/Forschungsberichte/2_Wiederverwendung.pdf,description_over_60
candidate-edge:proposal:proj:41:A:1,expansion_candidate,proposed_addition,BE,AKTEUR-BAUVORHABEN,Rotor,MULTI Brussels,Reuse-Konzept,Beriet Whitewood und CONIX RDBM bei der Materialsuche für MULTI.,Einzelfall / Vorhaben,actor_project_edge,ready,URL rotordb.org/en/projects/multi-de-brouckere-tower ist erreichbar und ist Rotors eigene Projektseite zu MULTI/De Brouckère Tower,https://rotordb.org/en/projects/multi-de-brouckere-tower,description_over_60
candidate-edge:proposal:proj:41:A:2,expansion_candidate,proposed_addition,BE,AKTEUR-BAUVORHABEN,RotorDC,MULTI Brussels,Bauteillieferung,Lieferte geborgenen Granit für die Terrassenverkleidung von MULTI.,Einzelfall / Vorhaben,actor_project_edge,ready,"URL rotordb.org/en/projects/multi-de-brouckere-tower ist erreichbar, nennt beide Knoten (Rotor DC und MULTI De Brouckère Tower) und beschreibt die konkrete Verbindung: von Rotor DC geborgener Granit wurde als Terrassenverkleidung im Projekt",https://rotordb.org/en/projects/multi-de-brouckere-tower,description_over_60
candidate-edge:proposal:proj:41:B:1,expansion_candidate,proposed_addition,BE,AKTEUR-BAUVORHABEN,Maris Natuursteen,MULTI Brussels,Aufarbeitung,Bearbeitete geborgene Blausteinplatten für den Atriumboden von MULTI.,Einzelfall / Vorhaben,actor_project_edge,ready,"Bluestone flagstones... salvaged and dimensioned by Maris Natuursteen, have been installed as the atrium's flooring",https://rotordb.org/en/projects/multi-de-brouckere-tower,description_over_60
candidate-edge:proposal:proj:41:B:2,expansion_candidate,proposed_addition,BE,AKTEUR-BAUVORHABEN,Carrières de Maffle,MULTI Brussels,Aufarbeitung,Arbeitet geborgenen Blaustein zu Platten für neue Bauprojekte auf.,Einzelfall / Vorhaben,actor_project_edge,ready,carefully remanufacturing the blocks in order to produce slabs for the terrasse of the new project,https://rotordb.org/en/news/reuse-blue-limestone-multi,description_over_60
candidate-edge:proposal:proj:41:B:3,expansion_candidate,proposed_addition,BE,AKTEUR-BAUVORHABEN,Whitewood,MULTI Brussels,Bauherrschaft,Initiierte als Bauherr die Reuse-Strategie und holte Rotor an Bord.,Einzelfall / Vorhaben,actor_project_edge,ready,doorgedreven hergebruik,https://ecobuild.brussels/nl/circubuild-award-verhuist-naar-valerie-vermandel/,quote_too_short;description_over_60
candidate-edge:proposal:proj:43:B:1,expansion_candidate,proposed_addition,BE,AKTEUR-BAUVORHABEN,noAarchitecten,Lo-Reninge Town Hall Façade,Entwurf,Konzipierte die Ziegelfassade des Stadthauses mit recyceltem Backstein.,Einzelfall / Vorhaben,actor_project_edge,ready,046 Town Hall Lo-Reninge,https://divisare.com/projects/391079-noaarchitecten-filip-dujardin-046-town-hall-lo-reninge,quote_too_short;description_over_60
candidate-edge:proposal:proj:44:A:1,expansion_candidate,proposed_addition,BE,AKTEUR-BAUVORHABEN,Rotor,Institut de Botanique ULg,Reuse-Konzept,Beriet bei Untersuchungen zum Reuse-Konzept des Institut de Botanique.,Einzelfall / Vorhaben,actor_project_edge,ready,auf zahlreichen Besuchen und Untersuchungen (en concertation avec Rotor notamment) sowie fortschreitendem Prototyping technischer Details,https://opalis.eu/fr/projets/linstitut-de-botanique-de-lulg,description_over_60
candidate-edge:proposal:proj:44:B:1,expansion_candidate,proposed_addition,BE,AKTEUR-BAUVORHABEN,Université de Liège – Administration des Ressources Immobilières,Institut de Botanique ULg,Reuse-Konzept,Initiierte als Bauherrin und Planerin das Reuse-Konzept der Sanierung.,Einzelfall / Vorhaben,actor_project_edge,ready,Institut de Botanique de l'ULiège (Bâtiment B22),https://web.archive.org/web/20231103040446/https://www.construction21.org/belgique/case-studies/h/institut-de-botanique-de-uliege-batiment-b22.html,description_over_60
candidate-edge:proposal:proj:44:B:2,expansion_candidate,proposed_addition,BE,AKTEUR-BAUVORHABEN,Les Entreprises Gilles Moury sa,Institut de Botanique ULg,Bauausführung,Montierte als Subunternehmer eine Fassade aus wiederverwendetem Holz.,Einzelfall / Vorhaben,actor_project_edge,ready,mis en œuvre par l'entreprise Moury (sous-traitant GROVEN Portal) pour la réalisation d'un nouveau bardage de façade de (2.600 m²),https://web.archive.org/web/20231103040446/https://www.construction21.org/belgique/case-studies/h/institut-de-botanique-de-uliege-batiment-b22.html,description_over_60
candidate-edge:proposal:proj:58:A:1,expansion_candidate,proposed_addition,NL,AKTEUR-BAUVORHABEN,bureau SLA,People’s Pavilion,Entwurf,Entwarf mit Overtreders W das temporäre Gebäude aus 100% geliehenen Materialien.,Einzelfall / Vorhaben,actor_project_edge,ready,", mit explizitem Entwurfscredit ",https://bureausla.nl/project/peoples-pavilion/?lang=en,description_over_60
candidate-edge:proposal:proj:58:A:2,expansion_candidate,proposed_addition,NL,AKTEUR-BAUVORHABEN,Overtreders W,People’s Pavilion,Entwurf,Entwarf mit bureau SLA das Pavillon-Gebäude aus vollständig geliehenen Materialien.,Einzelfall / Vorhaben,actor_project_edge,ready,). Quote verbatim vorhanden: ,https://bureausla.nl/project/peoples-pavilion/?lang=en,description_over_60
candidate-edge:proposal:proj:58:A:3,expansion_candidate,proposed_addition,NL,AKTEUR-BAUVORHABEN,New Horizon,People’s Pavilion,Reuse-Konzept,Beriet als Urban-Mining-Experte zur Materialwahl für den geliehenen Pavillon.,Einzelfall / Vorhaben,actor_project_edge,ready,) des People's Pavilion und nennt beide Knoten: New Horizon wird dort explizit mit Rollenangabe ,https://bureausla.nl/project/peoples-pavilion/?lang=en,description_over_60
candidate-edge:proposal:proj:58:A:4,expansion_candidate,proposed_addition,NL,AKTEUR-BAUVORHABEN,Stiho,People’s Pavilion,Bauteillieferung,"Verlieh Holz- und Stahlmatten für den Bau, die nach der Messe zurückgingen.",Einzelfall / Vorhaben,actor_project_edge,ready, in der projekteigenen Rubrik ,https://bureausla.nl/project/peoples-pavilion/?lang=en,description_over_60
candidate-edge:proposal:proj:60:B:1,expansion_candidate,proposed_addition,DE,AKTEUR-BAUVORHABEN,"gmp Architekten von Gerkan, Marg und Partner",Christ Pavilion,Entwurf,Entwarf den Christus-Pavillon für EXPO 2000 und die Verlagerung nach Volkenroda.,Einzelfall / Vorhaben,actor_project_edge,ready,Entwurf: Meinhard von Gerkan und Joachim Zais,https://www.gmp.de/de/projekte/415/christus-pavillon-expo-2000,description_over_60
candidate-edge:proposal:proj:68:B:1,expansion_candidate,proposed_addition,GB,AKTEUR-BAUVORHABEN,SEGRO,9 Cambridge Avenue,Bauherrschaft,"Gab als Bauherrin den Auftrag, möglichst viel des Bestands wiederzuverwenden.",Einzelfall / Vorhaben,actor_project_edge,ready,SEGRO took on the risk for the reused components as it is their building,https://steelconstruction.info/9_Cambridge_Avenue,description_over_60
candidate-edge:proposal:proj:68:B:2,expansion_candidate,proposed_addition,GB,AKTEUR-BAUVORHABEN,Francis Construction,9 Cambridge Avenue,Bauausführung,"Führte Rückbau, Sicherung und Wiedereinbau der Bestandsbauteile aus.",Einzelfall / Vorhaben,actor_project_edge,ready,"9 Cambridge Avenue, Slough",https://www.francisconstruction.co.uk/project/9-cambridge-avenue-slough/,description_over_60
candidate-edge:proposal:proj:69:A:1,expansion_candidate,proposed_addition,GB,AKTEUR-BAUVORHABEN,Elliott Wood,30 Duke Street St James’s,Fachplanung,"Trägt Tragwerksplanung, Nachhaltigkeit und BIM für das Reuse-Vorhaben.",Einzelfall / Vorhaben,actor_project_edge,ready,"URL erreichbar, Quelle nennt beide Knoten (Elliott Wood und Projekt 30 Duke Street St James's für Bauherr GPE) und beschreibt konkret die Fachplanungsleistung (Tragwerksplanung, Nachhaltigkeit, BIM für die Materialwiederverwendung, u.a",https://www.elliottwood.co.uk/featured/30-duke-street,quote_contains_review_meta_language;description_over_60
candidate-edge:proposal:proj:69:A:2,expansion_candidate,proposed_addition,GB,AKTEUR-BAUVORHABEN,Cleveland Steel & Tubes,30 Duke Street St James’s,Bauteillieferung,Lieferte reklamierten Stahlanteil (4%) für den Stahlbau.,Einzelfall / Vorhaben,actor_project_edge,ready,"Sourced from Cleveland Steel Stock, 4% of the steel is reclaimed, and 1% is recovered",https://www.elliottwood.co.uk/latest/180-piccadilly-londons-largest-steel-reuse-project,
candidate-edge:proposal:proj:69:B:1,expansion_candidate,proposed_addition,GB,AKTEUR-BAUVORHABEN,GPE,30 Duke Street St James’s,Bauherrschaft,"Bauherr; behält Fundament/Untergeschoss, nutzt Stahl aus City Place House.",Einzelfall / Vorhaben,actor_project_edge,ready,-- Beide Belege wurden erneut geöffnet und bestätigt,https://www.gpe.co.uk/content-hub/case-studies/2025/best-in-class,description_over_60
candidate-edge:proposal:proj:69:B:2,expansion_candidate,proposed_addition,GB,AKTEUR-BAUVORHABEN,Mace,30 Duke Street St James’s,Bauausführung,Hauptunternehmer; leitete Bau inkl. vorgefertigter Fassadenpaneele.,Einzelfall / Vorhaben,actor_project_edge,ready,led by developer GPE and constructed by main contractor Mace,https://www.buildnews.co.uk/30-duke-street-tops-out-as-londons-largest-commercial-reused-steel-project/,description_over_60
candidate-edge:proposal:proj:69:B:3,expansion_candidate,proposed_addition,GB,AKTEUR-BAUVORHABEN,William Hare Group,30 Duke Street St James’s,Bauausführung,Lieferte und montierte das (teils reklamierte) Stahltragwerk.,Einzelfall / Vorhaben,actor_project_edge,ready,. edge_beleg_url (buildnews.co.uk) nennt beide Knoten (30 Duke Street und William Hare Group) und beschreibt die konkrete Verbindung: ,https://www.buildnews.co.uk/30-duke-street-tops-out-as-londons-largest-commercial-reused-steel-project/,description_over_60
candidate-edge:proposal:proj:69:B:4,expansion_candidate,proposed_addition,GB,AKTEUR-BAUVORHABEN,EMR,30 Duke Street St James’s,Bauteillieferung,Lieferte Anteil (6%) an wiederverwendbarem Stahl aus eigenem Bestand.,Einzelfall / Vorhaben,actor_project_edge,ready," (eigene, dauerhafte Kernpraxis: ",https://www.elliottwood.co.uk/latest/180-piccadilly-londons-largest-steel-reuse-project,description_over_60
candidate-edge:proposal:proj:69:B:5,expansion_candidate,proposed_addition,GB,AKTEUR-BAUVORHABEN,John F Hunt,30 Duke Street St James’s,Rückbau,Bergungsauftrag; rettete 8t Stahl und ~1800 Innenausbau-Elemente.,Einzelfall / Vorhaben,actor_project_edge,ready,"at the pre-demolition audit stage throughout all our projects, our expert environmental team identify all potential items for reuse",https://www.britishchambers.org.uk/case-studies/john-f-hunt-recovers-significant-steel-materials-for-reuse-at-its-central-london-demolition-project/,description_over_60
candidate-edge:proposal:proj:70:A:1,expansion_candidate,proposed_addition,GB,AKTEUR-BAUVORHABEN,Heyne Tillett Steel / HTS,SIX St Andrew Street,Reuse-Konzept,HTS entwickelte via Stockmatcher das Reuse-Konzept für 24 t Recyclingstahl bei SIX.,Einzelfall / Vorhaben,actor_project_edge,ready,"URL https://hts.uk.com/project/six/ ist erreichbar und ist HTS' eigene Projektseite zum SIX-Bauvorhaben (6-10 St Andrew Street, London)",https://hts.uk.com/project/six/,description_over_60
candidate-edge:proposal:proj:70:B:1,expansion_candidate,proposed_addition,GB,AKTEUR-BAUVORHABEN,GPE,SIX St Andrew Street,Bauherrschaft,Steuert Rückbau und Wiedereinsatz von Stahl zwischen eigenen Bauprojekten.,Einzelfall / Vorhaben,actor_project_edge,ready,Barr Gazetas has completed the refurbishment... for developer Great Portland Estates (GPE),https://www.bdonline.co.uk/buildings-design-and-specification/barr-gazetas-delivers-retrofit-of-central-london-office-for-gpe/5136731.article,description_over_60
candidate-edge:proposal:proj:70:B:2,expansion_candidate,proposed_addition,GB,AKTEUR-BAUVORHABEN,Barr Gazetas,SIX St Andrew Street,Entwurf,Barr Gazetas entwarf Umbau und Erweiterung von SIX St Andrew Street.,Einzelfall / Vorhaben,actor_project_edge,ready,"Barr Gazetas has completed the refurbishment and extension of 6 St Andrew Street in Farringdon, London, for developer Great Portland Estates (GPE)",https://www.bdonline.co.uk/buildings-design-and-specification/barr-gazetas-delivers-retrofit-of-central-london-office-for-gpe/5136731.article,description_over_60
candidate-edge:proposal:proj:71:A:1,expansion_candidate,proposed_addition,GB,AKTEUR-BAUVORHABEN,Cleveland Steel & Tubes,Pontllanfraith Centre for Skills and Learning,Bauteillieferung,Cleveland Steel lieferte wiederverwendeten Stahl für die Sporthalle in Pontllanfraith.,Einzelfall / Vorhaben,actor_project_edge,ready,Pontllanfraith Centre for Vulnerable Learners,https://www.curtins.com/experience/pontillanfaith-centre-wales/,description_over_60
candidate-edge:proposal:proj:71:B:1,expansion_candidate,proposed_addition,GB,AKTEUR-BAUVORHABEN,Curtins,Pontllanfraith Centre for Skills and Learning,Fachplanung,Curtins beriet als Tragwerksplaner zur Einbindung wiederverwendeter Stahlbauteile.,Einzelfall / Vorhaben,actor_project_edge,ready,-- Beide Beleg-URLs live geöffnet und Zitate exakt bestätigt,https://www.curtins.com/experience/pontillanfaith-centre-wales/,description_over_60
candidate-edge:proposal:proj:71:B:2,expansion_candidate,proposed_addition,GB,AKTEUR-BAUVORHABEN,Reseiclo Community Wood Recycling,Pontllanfraith Centre for Skills and Learning,Projektbeitrag,*Bauteillieferung* (Projekt->Akteur): Baustelle lieferte Überschussholz an Reseiclo.,Einzelfall / Vorhaben,actor_project_edge,ready,Wynne Construction has provided 40 tonnes of timber and wood to Newport social enterprise Reseiclo Community Wood Recycling,https://wynneconstruction.co.uk/branching-out/,description_over_60
candidate-edge:proposal:proj:71:B:3,expansion_candidate,proposed_addition,GB,AKTEUR-BAUVORHABEN,Wynne Construction,Pontllanfraith Centre for Skills and Learning,Bauausführung,Wynne führte Umbau und Neubau der Sporthalle in Pontllanfraith als Generalunternehmer aus.,Einzelfall / Vorhaben,actor_project_edge,ready,-- Beide Beleg-URLs erneut geöffnet und erreichbar,https://www.sell2wales.gov.wales/search/show/search_view.aspx?ID=JAN462624,description_over_60
candidate-edge:proposal:proj:72:B:1,expansion_candidate,proposed_addition,GB,AKTEUR-BAUVORHABEN,GPE,2 Aldermanbury Square,Bauherrschaft,Steuert Rückbau und Wiedereinsatz von Stahl zwischen eigenen Bauprojekten.,Einzelfall / Vorhaben,actor_project_edge,ready,"2 Aldermanbury Square project, driven by property company Great Portland Estates (GPE)",https://www.gpe.co.uk/news-media/news/2026/gpe-completes-its-largest-office-development-to-date/,description_over_60
candidate-edge:proposal:proj:72:B:2,expansion_candidate,proposed_addition,GB,AKTEUR-BAUVORHABEN,Keltbray,2 Aldermanbury Square,Rückbau,Führte den zerstörungsarmen Rückbau des Stahltragwerks für die Wiederverwendung durch.,Einzelfall / Vorhaben,actor_project_edge,ready," korrekt belegt, Zitat exakt gefunden. edge_beleg_url (cogentbc.co.uk, Projektseite von Cogent als Project Manager für 2 Aldermanbury Square) nennt beide Knoten und beschreibt die konkrete Verbindung: ",https://www.cogentbc.co.uk/project/2-aldermanbury-square-london/,description_over_60
candidate-edge:proposal:proj:73:A:1,expansion_candidate,proposed_addition,NL,AKTEUR-BAUVORHABEN,cepezed,Techbank Enschede,Entwurf,Cepezed entwarf 2015 das demontierbare Gebäude der heutigen Techbank.,Einzelfall / Vorhaben,actor_project_edge,ready,In 2015 ontwierp architectenbureau cepezed een gebouw dat eenvoudig te monteren én demonteren is.,https://techbank.nl/,description_over_60
candidate-edge:proposal:proj:73:A:2,expansion_candidate,proposed_addition,NL,AKTEUR-BAUVORHABEN,Lagemaat Heerde,Techbank Enschede,Rückbau,Lagemaat demontierte das Amsterdamer Gebäude für den Wiederaufbau als Techbank.,Einzelfall / Vorhaben,actor_project_edge,ready," als aannemer/contractor, Projekt = Wiederaufbau des Amsterdamer Gebäudes als Techbank in Enschede) und beschreibt die konkrete Verbindung: ",https://www.winkelstechniek.nl/verhalen/tijdelijke-rechtbank-uit-amsterdam-krijgt-nieuwe-functie-en-plek-in-enschede,description_over_60
candidate-edge:proposal:proj:73:A:3,expansion_candidate,proposed_addition,NL,AKTEUR-BAUVORHABEN,lcp-circulair,Techbank Enschede,Reuse-Konzept,LCP Circulair begleitete Demontage und Wiederaufbau als Techbank Enschede.,Einzelfall / Vorhaben,actor_project_edge,ready,De tijdelijke rechtbank Amsterdam is gedemonteerd en weer opgebouwd als Techbank op Kennispark Twente,https://lcp-circulair.nl/projecten,description_over_60
candidate-edge:proposal:proj:73:B:1,expansion_candidate,proposed_addition,NL,AKTEUR-BAUVORHABEN,Rijksvastgoedbedrijf,Techbank Enschede,Bauherrschaft,Rijksvastgoedbedrijf beauftragte das demontierbare Interimsgebäude.,Einzelfall / Vorhaben,actor_project_edge,ready," (konkretes Programm, nicht nur Nachhaltigkeits-Sprache). edge_beleg_url (1twente.nl) nennt beide Knoten und beschreibt die konkrete Verbindung: ",https://www.1twente.nl/artikel/5974633/op-deze-plek-in-enschede-staat-nu-de-voormalige-rechtbank-van-amsterdam-een-voorbeeld-voor-de-rest-van-het-land,description_over_60
candidate-edge:proposal:proj:74:B:1,expansion_candidate,proposed_addition,NL,AKTEUR-BAUVORHABEN,Claessens Erdmann architects & designers,Bus Terminal Schiphol-Noord,Entwurf,Entwarf den Umbau des Hangars zum Busbahnhof Schiphol-Noord.,Einzelfall / Vorhaben,actor_project_edge,ready,Sander Bos en Bart van Ham van architectenbureau Claessens-Erdmann hebben de hangar aangepast aan de nieuwe functie,https://www.architectuur.nl/nieuws/derde-leven-vliegtuighangar-als-busstation-schiphol/,
candidate-edge:proposal:proj:74:B:2,expansion_candidate,proposed_addition,NL,AKTEUR-BAUVORHABEN,Royal HaskoningDHV,Bus Terminal Schiphol-Noord,Fachplanung,Erstellte die Tragwerksplanung für den Busbahnhof Schiphol-Noord.,Einzelfall / Vorhaben,actor_project_edge,ready,Bus station Schiphol – Nord,https://www.steelconstruct.com/wp-content/uploads/FS08-Bus-station-Schiphol-Nord.pdf,description_over_60
candidate-edge:proposal:proj:74:B:3,expansion_candidate,proposed_addition,NL,AKTEUR-BAUVORHABEN,Aa-Dee Machinefabriek Staalbouw Nederland,Bus Terminal Schiphol-Noord,Aufarbeitung,Arbeitete die wiederverwendete Hangar-Stahlkonstruktion für den Busbahnhof auf.,Einzelfall / Vorhaben,actor_project_edge,ready,"Steel construction: Aa-Dee Machinefabriek Staalbouw Nederland, Schijndel",https://www.steelconstruct.com/wp-content/uploads/FS08-Bus-station-Schiphol-Nord.pdf,description_over_60
candidate-edge:proposal:proj:75:A:1,expansion_candidate,proposed_addition,NL,AKTEUR-BAUVORHABEN,Superuse Studios / 2012Architecten,Grondstoffenstation Afrikaanderplein,Entwurf,"Entwarf das Grondstoffenstation Afrikaanderplein, gebaut aus geoogste materialen.",Einzelfall / Vorhaben,actor_project_edge,ready,"Het Grondstoffenstation Afrikaanderplein is een ontwerp van Superuse Studios in opdracht van Afrikaanderwijk Coöperatie, gerealiseerd door Aannemingsbedrijf Mostert.",https://architectenweb.nl/nieuws/artikel.aspx?id=58154,description_over_60
candidate-edge:proposal:proj:75:A:2,expansion_candidate,proposed_addition,NL,AKTEUR-BAUVORHABEN,IMd Raadgevende Ingenieurs,Grondstoffenstation Afrikaanderplein,Fachplanung,Erstellte den konstruktiven Entwurf des Grondstoffenstation Afrikaanderplein.,Einzelfall / Vorhaben,actor_project_edge,ready,Afvalstoffenstation Afrikaanderplein,https://www.nationalestaalprijs.nl/project/afvalstoffenstation-afrikaanderplein,description_over_60
candidate-edge:proposal:proj:75:A:3,expansion_candidate,proposed_addition,NL,AKTEUR-BAUVORHABEN,Vic Obdam Staalbouw,Grondstoffenstation Afrikaanderplein,Bauteillieferung,Fertigte die Stahlkonstruktion des Grondstoffenstation Afrikaanderplein.,Einzelfall / Vorhaben,actor_project_edge,ready,Afvalstoffenstation Afrikaanderplein,https://www.nationalestaalprijs.nl/project/afvalstoffenstation-afrikaanderplein,description_over_60
candidate-edge:proposal:proj:75:B:1,expansion_candidate,proposed_addition,NL,AKTEUR-BAUVORHABEN,Afrikaanderwijk Coöperatie,Grondstoffenstation Afrikaanderplein,Bauherrschaft,Beauftragte den Bau des Grondstoffenstation Afrikaanderplein.,Einzelfall / Vorhaben,actor_project_edge,ready,in opdracht van Afrikaanderwijk Coöperatie,https://architectenweb.nl/nieuws/artikel.aspx?id=58154,description_over_60
candidate-edge:proposal:proj:75:B:2,expansion_candidate,proposed_addition,NL,AKTEUR-BAUVORHABEN,Aannemingsbedrijf Mostert,Grondstoffenstation Afrikaanderplein,Bauausführung,Realisierte den Bau des Grondstoffenstation Afrikaanderplein.,Einzelfall / Vorhaben,actor_project_edge,ready,gerealiseerd door Aannemingsbedrijf Mostert,https://architectenweb.nl/nieuws/artikel.aspx?id=58154,description_over_60
candidate-edge:proposal:proj:75:B:3,expansion_candidate,proposed_addition,NL,AKTEUR-BAUVORHABEN,Gemeente Rotterdam,Grondstoffenstation Afrikaanderplein,Förderung,Förderte den Bau des Grondstoffenstation Afrikaanderplein.,Einzelfall / Vorhaben,actor_project_edge,ready,Wij bouwden Milieupark + De HER met zoveel mogelijk hergebruikte materialen. Zo gaven we een oud laboratorium uit Delft een nieuw leven,https://wijkcooperatie.org/nl/services/het_grondstoffenstation/,
candidate-edge:proposal:proj:76:A:1,expansion_candidate,proposed_addition,NL,AKTEUR-BAUVORHABEN,IMd Raadgevende Ingenieurs,De HER Rotterdam,Fachplanung,IMd bewertete Bestandsstahl und berechnete die Tragkonstruktion für De HER.,Einzelfall / Vorhaben,actor_project_edge,ready,IMd Raadgevende Ingenieurs bracht de kwaliteit en capaciteit van de bestaande staalconstructie in kaart en ontwierp en berekende de constructie voor de De HER,https://imdbv.nl/nieuws/de-her-in-bouwwereld,description_over_60
candidate-edge:proposal:proj:76:A:2,expansion_candidate,proposed_addition,NL,AKTEUR-BAUVORHABEN,Vic Obdam Staalbouw,De HER Rotterdam,Aufarbeitung,Vic Obdam prüfte und bearbeitete wiederverwendete Stahlprofile für De HER.,Einzelfall / Vorhaben,actor_project_edge,ready,Vic Obdam inspecteerde in zijn werkplaats alle profielen visueel op schade.,https://her-bouwen.nl/materialen/staalconstructie/,description_over_60
candidate-edge:proposal:proj:76:B:1,expansion_candidate,proposed_addition,NL,AKTEUR-BAUVORHABEN,N3O architecten,De HER Rotterdam,Entwurf,N3O Architecten entwarf De HER radikal um wiederverwendete Bauteile.,Einzelfall / Vorhaben,actor_project_edge,ready, bzw. Projektdetail „Jeroen Grosfeld (N3O architecten),https://www.bambouwentechniek.nl/projecten/milieupark-de-her-rotterdam,description_over_60
candidate-edge:proposal:proj:76:B:2,expansion_candidate,proposed_addition,NL,AKTEUR-BAUVORHABEN,BAM Bouw en Techniek,De HER Rotterdam,Bauausführung,BAM Bouw en Techniek realisierte den Bau von De HER.,Einzelfall / Vorhaben,actor_project_edge,ready,De bouw van het nieuwe milieupark en De HER is gerealiseerd met de volgende partners: BAM Bouw en Techniek...,https://www.bambouwentechniek.nl/projecten/milieupark-de-her-rotterdam,
candidate-edge:proposal:proj:76:B:3,expansion_candidate,proposed_addition,NL,AKTEUR-BAUVORHABEN,Gemeente Rotterdam,De HER Rotterdam,Bauherrschaft,Gemeente Rotterdam ist Opdrachtgever (Bauherr) von De HER.,Einzelfall / Vorhaben,actor_project_edge,ready,Opdrachtgever: Gemeente Rotterdam,https://www.bambouwentechniek.nl/projecten/milieupark-de-her-rotterdam,
candidate-edge:proposal:proj:77:B:1,expansion_candidate,proposed_addition,NL,AKTEUR-BAUVORHABEN,Meerdink Bruggen B.V.,Lamgatsebrug,Bauausführung,Baute die Lamgatsebrug und verwendete dafür Stahl-Brückenteile von ProRail.,Einzelfall / Vorhaben,actor_project_edge,ready,De bruggenbouwer heeft overbodige stalen brugonderdelen van ProRail overgekocht en in de nieuwe Lamgatsebrug verwerkt,https://www.west-brabant.eu/actueel/nieuws/circulaire-renovatie-lamgatsebrug-zorgt-voor-letterlijke-en-figuurlijke,description_over_60
candidate-edge:proposal:proj:77:B:2,expansion_candidate,proposed_addition,NL,AKTEUR-BAUVORHABEN,Van Hese Infra B.V.,Lamgatsebrug,Rückbau,Rückbaute die alte Lamgatsebrug und rettete das Holz zur Wiederverwendung.,Einzelfall / Vorhaben,actor_project_edge,ready,De sloop van de brug met hergebruik van het hout wordt uitgevoerd door Van Hese Infra B.V. uit Middelburg.,https://www.internetbode.nl/moerdijk/414803/vervanging-lamgatsebrug-is-uniek-project-sloopwerkzaamheden-g,description_over_60
candidate-edge:proposal:proj:77:B:3,expansion_candidate,proposed_addition,NL,AKTEUR-BAUVORHABEN,Arc2 architectuur,Lamgatsebrug,Entwurf,Entwarf die Circulaire Tuibrug Hoeven (Lamgatsebrug) aus wiederverwendeten Materialien.,Einzelfall / Vorhaben,actor_project_edge,ready,De Circulaire Tuibrug Lamgatsebrug is ontworpen door Arc2 architectuur,https://architectenweb.nl/projecten/project.aspx?id=47249,description_over_60
candidate-edge:proposal:proj:77:B:4,expansion_candidate,proposed_addition,NL,AKTEUR-BAUVORHABEN,Wiggers Ingenieursbureau,Lamgatsebrug,Fachplanung,Erstellte als Konstrukteur die Tragwerksplanung für die Lamgatsebrug.,Einzelfall / Vorhaben,actor_project_edge,ready,"Lamgatsebrug - Allenweg, Hoeven",https://www.bruggenarchitectuur.nl/projecten/fietsbrug/circulaire-tuibrug-hoeven/,description_over_60
candidate-edge:proposal:proj:78:A:1,expansion_candidate,proposed_addition,NL,AKTEUR-BAUVORHABEN,IMd Raadgevende Ingenieurs,De Gouwehal,Bauteilinventarisierung,Führte mit Topos die Materialinventarisierung für die Gouwehal durch.,Einzelfall / Vorhaben,actor_project_edge,ready,"Samen met architect Ronald de Rooij en de constructeur van IMd raadgevende ingenieurs, werd een materialeninventarisatie gedaan",https://www.ivvd.nl/kennisdossiers/samenwerking-vastgoed/gouwehal-sporthal-%C3%A9n-leeromgeving-over-duurzaamheid,description_over_60
candidate-edge:proposal:proj:78:B:1,expansion_candidate,proposed_addition,NL,AKTEUR-BAUVORHABEN,Alkondor Hengelo,De Gouwehal,Bauteillieferung,"Lieferte die demontierbare, wiederverwendbare Ciskin-Fassade für die Gouwehal.",Einzelfall / Vorhaben,actor_project_edge,ready,"Gevelsysteem: Ciskin, in dit project door Alkondor geengineerd, geproduceerd en gemonteerd",https://circularfacadecompany.com/bouwwereld-over-circulair-project-sportaccommodatie-waddinxveen/,description_over_60
candidate-edge:proposal:proj:78:B:2,expansion_candidate,proposed_addition,NL,AKTEUR-BAUVORHABEN,Aannemersbedrijf Den Dubbelden,De Gouwehal,Bauausführung,Führte den Bau der zirkulären Sporthalle De Gouwehal als Generalunternehmer aus.,Einzelfall / Vorhaben,actor_project_edge,ready,sportaccommodatie De Gouwehal,https://circularfacadecompany.com/bouwwereld-over-circulair-project-sportaccommodatie-waddinxveen/,description_over_60
candidate-edge:proposal:proj:78:B:3,expansion_candidate,proposed_addition,NL,AKTEUR-BAUVORHABEN,Gemeente Waddinxveen,De Gouwehal,Bauherrschaft,War Bauherrin der zirkulären Sporthalle De Gouwehal in Waddinxveen.,Einzelfall / Vorhaben,actor_project_edge,ready,hout en staal uit het oude gemeentehuis en de voormalige kinderopvang,https://www.topos.nl/portfolio/nieuwbouw-sporthal-de-gouwehal-waddinxveen/,description_over_60
candidate-edge:proposal:proj:79:A:1,expansion_candidate,proposed_addition,NL,AKTEUR-BAUVORHABEN,Vic Obdam Staalbouw,"Doorlaatpost 90, Schiphol",Aufarbeitung,Arbeitete die Stahlkonstruktionen für die Doorlaatpost 90 im Werk auf.,Einzelfall / Vorhaben,actor_project_edge,ready,"URL erreichbar; Seite ist eine projektspezifische Beschreibungsseite (hergebruik-staal.nl/project/doorlaatpost-90-schiphol/), kein Verzeichniseintrag",https://www.hergebruik-staal.nl/project/doorlaatpost-90-schiphol/,quote_contains_review_meta_language;description_over_60
candidate-edge:proposal:proj:79:B:1,expansion_candidate,proposed_addition,NL,AKTEUR-BAUVORHABEN,Royal BAM Group / BAM Bouw en Techniek,"Doorlaatpost 90, Schiphol",Bauausführung,Baute die Doorlaatpost 90 als Hauptausführender aus recyceltem Abbruchmaterial.,Einzelfall / Vorhaben,actor_project_edge,ready,ook het ding tegenwoordig,https://www.bam.com/en/node/8752,description_over_60
candidate-edge:proposal:proj:79:B:2,expansion_candidate,proposed_addition,NL,AKTEUR-BAUVORHABEN,Royal Schiphol Group,"Doorlaatpost 90, Schiphol",Bauherrschaft,Beauftragte Checkpoint 90 mit konkret wiederverwendeten Bauteilen.,Einzelfall / Vorhaben,actor_project_edge,ready,Schiphol Airport enlisted Benthem Crouwel NACO's support to design a new checkpoint,https://www.naco.nl/en/projects/circular-design-for-schiphol-checkpoint,description_over_60
candidate-edge:proposal:proj:79:B:3,expansion_candidate,proposed_addition,NL,AKTEUR-BAUVORHABEN,Benthem Crouwel NACO Architects,"Doorlaatpost 90, Schiphol",Entwurf,Entwarf als Architekt die zirkuläre Doorlaatpost 90 am Flughafen Schiphol.,Einzelfall / Vorhaben,actor_project_edge,ready,Benthem Crouwel NACO (BCN),https://www.naco.nl/en/projects/circular-design-for-schiphol-checkpoint,description_over_60
candidate-edge:proposal:proj:80:A:1,expansion_candidate,proposed_addition,NL,AKTEUR-BAUVORHABEN,Superuse Studios / 2012Architecten,Parkeergarage Foodspot Utrecht,Bauteillieferung,Vermittelte via Oogstkaart das Fassadenglas für die Parkeergarage Foodspot Utrecht.,Einzelfall / Vorhaben,actor_project_edge,ready,Gered van de glascontainer,https://www.hergebruik-staal.nl/project/parkeergarage-foodspot-utrecht/,description_over_60
candidate-edge:proposal:proj:80:B:1,expansion_candidate,proposed_addition,NL,AKTEUR-BAUVORHABEN,C.A. de Groot Sloop- en Demontagetechniek B.V.,Parkeergarage Foodspot Utrecht,Bauteillieferung,Lieferte geborgenen Stahl aus abgebrochenen Hallen für die Parkeergarage Foodspot.,Einzelfall / Vorhaben,actor_project_edge,ready, geführt und laut Zitat ,https://www.hergebruik-staal.nl/project/parkeergarage-foodspot-utrecht/,quote_too_short;quote_contains_review_meta_language;description_over_60
candidate-edge:proposal:proj:81:A:1,expansion_candidate,proposed_addition,NL,AKTEUR-BAUVORHABEN,Dusseldorp,Hoge Brug Ulft–Silvolde,Bauausführung,Führte als Hauptauftragnehmer den zirkulären Umbau der Hoge Brug Ulft aus.,Einzelfall / Vorhaben,actor_project_edge,ready, nennt Dusseldorp explizit mit konkreter Rolle ,https://www.hergebruik-staal.nl/project/hoge-brug-ulft/,description_over_60
candidate-edge:proposal:proj:81:B:1,expansion_candidate,proposed_addition,NL,AKTEUR-BAUVORHABEN,Royal HaskoningDHV,Hoge Brug Ulft–Silvolde,Fachplanung,Untersuchte die alte Stahlbrücke und plante deren Wiederverwendung für die neue Brücke.,Einzelfall / Vorhaben,actor_project_edge,ready,Hoge Brug Ulft–Silvolde,https://www.haskoning.nl/nl-nl/projecten/nieuwe-hoge-brug-in-ulft-circulair,quote_too_short;quote_is_only_project_name;description_over_60
candidate-edge:proposal:proj:81:B:2,expansion_candidate,proposed_addition,NL,AKTEUR-BAUVORHABEN,Eeftink-Rensing,Hoge Brug Ulft–Silvolde,Aufarbeitung,"Reinigte, strahlte und demontierte die wiederzuverwendenden Stahlteile der Brücke.",Einzelfall / Vorhaben,actor_project_edge,ready,"Het staalconstructiebedrijf heeft het staal gereinigd, gestraald en gedemonteerd",https://bouwakkoordstaal.nl/best-practices/brug-naar-de-circulaire-toekomst,description_over_60
candidate-edge:proposal:proj:81:B:3,expansion_candidate,proposed_addition,NL,AKTEUR-BAUVORHABEN,Gemeente Oude IJsselstreek,Hoge Brug Ulft–Silvolde,Bauherrschaft,Initiierte und beauftragte den zirkulären Umbau der Hoge Brug Ulft–Silvolde.,Einzelfall / Vorhaben,actor_project_edge,ready,voor 90% gemaakt van eerder gebruikt staal en ijzer,https://bouwakkoordstaal.nl/best-practices/brug-naar-de-circulaire-toekomst,description_over_60
candidate-edge:proposal:proj:82:B:1,expansion_candidate,proposed_addition,NL,AKTEUR-BAUVORHABEN,Dura Vermeer,Verkeersbrug Witte Paarden,Bauausführung,Dura Vermeer baute die neue Brücke Witte Paarden mit wiederverwendeten Stahlträgern.,Einzelfall / Vorhaben,actor_project_edge,ready,In samenwerking met ProRail heeft Dura Vermeer de 100 jaar oude brug over het spoor bij Witte Paarden in gemeente Steenwijkerland vervangen,https://www.duravermeer.nl/projecten/vervanging-spoorbrug-witte-paarden,description_over_60
candidate-edge:proposal:proj:82:B:2,expansion_candidate,proposed_addition,NL,AKTEUR-BAUVORHABEN,Wagemaker Rosmalen,Verkeersbrug Witte Paarden,Fachplanung,Wagemaker Rosmalen entwarf die stählerne Hauptkonstruktion der Brücke.,Einzelfall / Vorhaben,actor_project_edge,ready,"Het constructief ontwerp, door Wagemaker Rosmalen, omvat een stalen hoofddraagconstructie en een composiet rijdek",https://www.hergebruik-staal.nl/project/verkeersbrug-witte-paarden-witte-paarden-ov/,description_over_60
candidate-edge:proposal:proj:82:B:3,expansion_candidate,proposed_addition,NL,AKTEUR-BAUVORHABEN,Swanenberg,Verkeersbrug Witte Paarden,Bauteillieferung,Swanenberg lieferte die wiederverwendeten Stahlprofile für die Brücke Witte Paarden.,Einzelfall / Vorhaben,actor_project_edge,ready,De her te gebruiken profielen zijn gewonnen uit een bouwkuip voor de zeesluis in IJmuiden en aangekocht bij staalhandel Swanenberg,https://www.hergebruik-staal.nl/project/verkeersbrug-witte-paarden-witte-paarden-ov/,description_over_60
candidate-edge:proposal:proj:83:A:1,expansion_candidate,proposed_addition,NL,AKTEUR-BAUVORHABEN,IMd Raadgevende Ingenieurs,De Avenir – Avignonlaan,Fachplanung,Plante die Wiederverwendung des bestehenden Stahlskeletts im Neubau.,Einzelfall / Vorhaben,actor_project_edge,ready,Scholencomplex Avignonlaan Eindhoven,https://www.duravermeer.nl/projecten/eindhoven-avignonlaan,description_over_60
candidate-edge:proposal:proj:83:A:2,expansion_candidate,proposed_addition,NL,AKTEUR-BAUVORHABEN,New Horizon,De Avenir – Avignonlaan,Bauteilinventarisierung,Erfasste und sammelte wiederverwendbare Bauteile aus dem Bestandsgebäude.,Einzelfall / Vorhaben,actor_project_edge,ready,New Horizon haalde herbruikbare materialen op en bood niet-herbruikbare materialen aan ons eigen Urban Mining Collective of andere partijen,https://www.duravermeer.nl/projecten/eindhoven-avignonlaan,description_over_60
candidate-edge:proposal:proj:83:B:1,expansion_candidate,proposed_addition,NL,AKTEUR-BAUVORHABEN,RoosRos Architecten,De Avenir – Avignonlaan,Entwurf,Entwarf den Schulneubau mit Wiederverwendung des bestehenden Stahlskeletts.,Einzelfall / Vorhaben,actor_project_edge,ready,eigene Seite stellt Reuse dauerhaft als Teil des Tuns dar,https://www.roosros.nl/project/aloysius-stichting-vestiging-eindhoven/,description_over_60
candidate-edge:proposal:proj:83:B:2,expansion_candidate,proposed_addition,NL,AKTEUR-BAUVORHABEN,Gemeente Eindhoven,De Avenir – Avignonlaan,Bauherrschaft,Trat als formeller Auftraggeber des zirkulären Schulneubaus auf.,Einzelfall / Vorhaben,actor_project_edge,ready,"Opdracht: Gemeente Eindhoven, Eindhoven",https://www.nationalestaalprijs.nl/project/aloysius-stichting-vestiging-eindhoven,description_over_60
candidate-edge:proposal:proj:83:B:3,expansion_candidate,proposed_addition,NL,AKTEUR-BAUVORHABEN,Dura Vermeer Bouw Zuid,De Avenir – Avignonlaan,Bauausführung,Führte den Neubau aus und integrierte das bestehende Stahlskelett.,Einzelfall / Vorhaben,actor_project_edge,ready,Dura Vermeer Bouw Zuid,https://www.duravermeer.nl/projecten/eindhoven-avignonlaan,quote_too_short;description_over_60
candidate-edge:proposal:proj:84:A:1,expansion_candidate,proposed_addition,NL,AKTEUR-BAUVORHABEN,Lagemaat Heerde,Circulair Paviljoen KAAP,Rückbau,Lagemaat demontierte die Spenderhalle für das Paviljon KAAP in Amsterdam.,Einzelfall / Vorhaben,actor_project_edge,ready,Hoofduitvoering Groothuis Bouwgroep i.o.v. Lagemaat Heerde. Demontage Lagemaat (van donor-fabriekshal),https://www.hergebruik-staal.nl/project/circulair-paviljoen-kaap-amsterdam/,description_over_60
candidate-edge:proposal:proj:84:B:1,expansion_candidate,proposed_addition,NL,AKTEUR-BAUVORHABEN,ALBA Concepts,Circulair Paviljoen KAAP,Prüfung und Nachweis,ALBA Concepts testete und optimierte den KAAP-Entwurf nach der BCI-Methodik.,Einzelfall / Vorhaben,actor_project_edge,ready,Samen met ALBA Concepts is het ontwerp getoetst en verder geoptimaliseerd volgens de principes van de Building Circularity Index (BCI),https://www.amvest.nl/nieuws/circulair-horecapaviljoen-kaap-opgeleverd-aan-het-ij/,description_over_60
candidate-edge:proposal:proj:84:B:2,expansion_candidate,proposed_addition,NL,AKTEUR-BAUVORHABEN,NEXT architects,Circulair Paviljoen KAAP,Entwurf,NEXT architects entwarf das KAAP-Paviljoen mit wiederverwendeten Bauteilen.,Einzelfall / Vorhaben,actor_project_edge,ready,In samenwerking met partners heeft NEXT architects lokaal vrijkomende bouwmaterialen hergebruikt in het ontwerp,https://www.hergebruik-staal.nl/project/circulair-paviljoen-kaap-amsterdam/,description_over_60
candidate-edge:proposal:proj:84:B:3,expansion_candidate,proposed_addition,NL,AKTEUR-BAUVORHABEN,Van Rossum Raadgevende Ingenieurs,Circulair Paviljoen KAAP,Fachplanung,Van Rossum entwarf die Tragkonstruktion des KAAP-Paviljoens aus Altstahl.,Einzelfall / Vorhaben,actor_project_edge,ready,Constructief Ontwerp: van ROSSUM,https://www.hergebruik-staal.nl/project/circulair-paviljoen-kaap-amsterdam/,description_over_60
candidate-edge:proposal:proj:84:B:4,expansion_candidate,proposed_addition,NL,AKTEUR-BAUVORHABEN,Groothuis Bouwgroep,Circulair Paviljoen KAAP,Bauausführung,Groothuis Bouwgroep realisierte das KAAP-Paviljoen zusammen mit Lagemaat.,Einzelfall / Vorhaben,actor_project_edge,ready,De realisatie was in handen van Lagemaat en Groothuis Bouwgroep,https://www.amvest.nl/nieuws/circulair-horecapaviljoen-kaap-opgeleverd-aan-het-ij/,description_over_60
candidate-edge:proposal:proj:85:A:1,expansion_candidate,proposed_addition,NL,AKTEUR-BAUVORHABEN,IMd Raadgevende Ingenieurs,Hoogstraat 168–172,Fachplanung,Entwarf die Tragkonstruktion aus wiederverwendetem Stahl für Hoogstraat 168–172.,Einzelfall / Vorhaben,actor_project_edge,ready,Procedure Donorstaal,https://www.nationalestaalprijs.nl/project/hoogstraat-168-172,quote_too_short;description_over_60
candidate-edge:proposal:proj:85:B:1,expansion_candidate,proposed_addition,NL,AKTEUR-BAUVORHABEN,Struijk Groep,Hoogstraat 168–172,Bauteillieferung,Lieferte rund 27 Tonnen wiederverwendete Stahlprofile für Hoogstraat 168–172.,Einzelfall / Vorhaben,actor_project_edge,ready,Levering stalen balken voor herontwikkeling Hoogstraat Rotterdam,https://struijk.nl/nl/projecten/duurzaam-hergebruik-van-betonnen-geluidspanelen-a50-uden-2,description_over_60
candidate-edge:proposal:proj:86:B:1,expansion_candidate,proposed_addition,BE,AKTEUR-BAUVORHABEN,G&A De Meuter nv,BC Materials Production Hall,Bauteillieferung,Lieferte 175 gebrauchte Legio-Betonblöcke von einer Abbruchbaustelle für die Halle.,Einzelfall / Vorhaben,actor_project_edge,ready,BC Materials Production Hall,https://opalis.eu/nl/projecten/gerecupereerde-betonvloer-en-blokken-voor-een-productiehal,quote_is_only_project_name;description_over_60
candidate-edge:proposal:proj:86:B:2,expansion_candidate,proposed_addition,BE,AKTEUR-BAUVORHABEN,BC architects & studies,BC Materials Production Hall,Entwurf,Entwarf die demontierbare Produktionshalle aus wiederverwendeten Bauteilen.,Einzelfall / Vorhaben,actor_project_edge,ready,"Second-hand prefab concrete tiles make up the floor, and second-hand prefab concrete stackable blocks provide storage space for resources",https://bcarchitects.org/en/projects/bc-materials,description_over_60
candidate-edge:proposal:proj:87:B:1,expansion_candidate,proposed_addition,BE,AKTEUR-BAUVORHABEN,Havana,Cohousing De Schilders,Entwurf,Havana entwarf die Fassade aus recuperierten Ziegeln für De Schilders.,Einzelfall / Vorhaben,actor_project_edge,ready,32 detailed project sheets,https://havana.be/projects/1303_CHS,description_over_60
candidate-edge:proposal:proj:88:B:1,expansion_candidate,proposed_addition,BE,AKTEUR-BAUVORHABEN,Beliris,Molenbeek-Saint-Jean Town Square,Bauherrschaft,Bauherrin des Platzumbaus Molenbeek-Saint-Jean mit wiederverwendetem Pflaster.,Einzelfall / Vorhaben,actor_project_edge,ready,les inventaires « déconstruction » et « réemploi »... optimisent les possibilités de réutilisation,https://keep.eu/api/project-attachment/61592/get_file/,description_over_60
candidate-edge:proposal:proj:89:B:1,expansion_candidate,proposed_addition,BE,AKTEUR-BAUVORHABEN,Entreprises Jacques Delens,Complexe Tour à Plomb,Bauausführung,"Generalunternehmer der Tour à Plomb, barg Ziegel und Balken zur Wiederverwendung.",Einzelfall / Vorhaben,actor_project_edge,ready,"Un large projet ... mené par les Entreprises Jacques Delens avec pour objectif, la conservation du bâti et le réemploi des matériaux",https://www.circulareconomy.brussels/60m3-de-briques-reutilisees-sur-site-projet-tour-a-plomb-arnaud-dawans/,description_over_60
candidate-edge:proposal:proj:89:B:2,expansion_candidate,proposed_addition,BE,AKTEUR-BAUVORHABEN,Ville de Bruxelles,Complexe Tour à Plomb,Bauherrschaft,Stadt Brüssel war Bauherrin des Umbaus der Tour à Plomb mit Materialwiederverwendung.,Einzelfall / Vorhaben,actor_project_edge,ready,Un large projet commandité par la Ville de Bruxelles et mené par les Entreprises Jacques Delens,https://www.circulareconomy.brussels/60m3-de-briques-reutilisees-sur-site-projet-tour-a-plomb-arnaud-dawans/,description_over_60
candidate-edge:proposal:proj:90:A:1,expansion_candidate,proposed_addition,FR,AKTEUR-BAUVORHABEN,Ville de Paris,Housing Reuilly – Lot AE,Bauherrschaft,Ville de Paris übertrug Paris Habitat als Aménageur die Caserne de Reuilly.,Einzelfall / Vorhaben,actor_project_edge,ready," von Paris Habitat, 8 Seiten). Das Zitat ist verbatim im Dokument enthalten (Seite 7, Chronologie-Abschnitt): ",https://www.api-site.paris.fr/mairies/public/assets/2019/3/Brochure%20Caserne%20de%20Reuilly%20Paris%20Habitat.pdf,description_over_60
candidate-edge:proposal:proj:90:B:1,expansion_candidate,proposed_addition,FR,AKTEUR-BAUVORHABEN,Paris Habitat,Housing Reuilly – Lot AE,Bauherrschaft,Paris Habitat war Bauherrin/Aménageur der Wohnbebauung Caserne de Reuilly (Lot AE).,Einzelfall / Vorhaben,actor_project_edge,ready,La Caserne de Reuilly,https://www.api-site.paris.fr/mairies/public/assets/2019/3/Brochure%20Caserne%20de%20Reuilly%20Paris%20Habitat.pdf,quote_too_short;description_over_60
candidate-edge:proposal:proj:91:A:1,expansion_candidate,proposed_addition,FR,AKTEUR-BAUVORHABEN,Bellastock,Recyclerie et déchèterie de Kaysersberg,Reuse-Konzept,Begleitete als Reuse-Assistent den Umbau der Recyclerie Kaysersberg.,Einzelfall / Vorhaben,actor_project_edge,ready,Kaysersberg waste collection centre,https://www.betriber-emwelt.lu/fileadmin/files/images/_de_construction/Documents_FCRBE/dt4_2_2_project-sheets_041023_lr.pdf,description_over_60
candidate-edge:proposal:proj:91:B:1,expansion_candidate,proposed_addition,FR,AKTEUR-BAUVORHABEN,ADEME,Recyclerie et déchèterie de Kaysersberg,Förderung,Förderte als öffentlicher Geldgeber den Umbau der Recyclerie Kaysersberg.,Einzelfall / Vorhaben,actor_project_edge,ready,"L'ADEME accompagne techniquement et financièrement les acteurs du réemploi et de la réutilisation, notamment ceux de l'économie sociale et solidaire (ESS).",https://www.betriber-emwelt.lu/fileadmin/files/images/_de_construction/Documents_FCRBE/dt4_2_2_project-sheets_041023_lr.pdf,description_over_60
candidate-edge:proposal:proj:91:B:2,expansion_candidate,proposed_addition,FR,AKTEUR-BAUVORHABEN,Communauté de Communes de la Vallée de Kaysersberg,Recyclerie et déchèterie de Kaysersberg,Bauherrschaft,War Bauherrin des Umbaus und betreibt dort dauerhaft einen Reuse-Raum.,Einzelfall / Vorhaben,actor_project_edge,ready,Kaysersberg waste collection centre,https://www.betriber-emwelt.lu/fileadmin/files/images/_de_construction/Documents_FCRBE/dt4_2_2_project-sheets_041023_lr.pdf,description_over_60
candidate-edge:proposal:proj:92:A:1,expansion_candidate,proposed_addition,FR,AKTEUR-BAUVORHABEN,Bellastock,Garden of Mellinet,Reuse-Konzept,Entwickelte das Reuse-Konzept für die Bauteile der Caserne Mellinet in Nantes.,Einzelfall / Vorhaben,actor_project_edge,ready,"Bellastock est alors missionné pour réaliser un diagnostic ressources avant la démolition, visant à cibler les matériaux pouvant être réemployés, pour ensuite mettre en place des filières de réemploi",https://www.bellastock.com/projets/caserne-mellinet/,description_over_60
candidate-edge:proposal:proj:92:B:1,expansion_candidate,proposed_addition,FR,AKTEUR-BAUVORHABEN,Nantes Métropole Aménagement,Garden of Mellinet,Bauherrschaft,Schrieb 2015 den Wettbewerb zur Umnutzung der Caserne Mellinet aus.,Einzelfall / Vorhaben,actor_project_edge,ready,"En 2015, Bellastock remporte avec le groupement mené par TGTFP l'appel à projet pour la reconversion la Caserne Mellinet lancé par Nantes Métropole Aménagement et l'AFLA...",https://www.bellastock.com/projets/caserne-mellinet/,description_over_60
candidate-edge:proposal:proj:93:A:1,expansion_candidate,proposed_addition,FR,AKTEUR-BAUVORHABEN,Ville de Paris,Réaménagement de la Place de la Bastille,Bauherrschaft,Die Stadt Paris finanzierte und leitete die Neugestaltung der Place de la Bastille.,Einzelfall / Vorhaben,actor_project_edge,ready,Place de la Bastille,https://mairie12.paris.fr/pages/reamenagement-des-places-de-la-bastille-et-de-la-nation-10195,quote_too_short;description_over_60
candidate-edge:proposal:proj:93:B:1,expansion_candidate,proposed_addition,FR,AKTEUR-BAUVORHABEN,Lahaye Granits,Réaménagement de la Place de la Bastille,Aufarbeitung,Arbeitete recyceltes Granit für die Neugestaltung der Place de la Bastille auf.,Einzelfall / Vorhaben,actor_project_edge,ready,"Le réemploi des pavés, dalles et bordures en granit est devenu incontournable pour les travaux d'aménagements de la voie publique",https://www.lahaye-granits.com/recyclage,description_over_60
candidate-edge:proposal:proj:94:A:1,expansion_candidate,proposed_addition,FR,AKTEUR-BAUVORHABEN,Ville de Paris,Promenade Jane-et-Paulette-Nardal,Bauherrschaft,War Bauherrin der Promenade Nardal auf dem ehemaligen Broussais-Areal.,Einzelfall / Vorhaben,actor_project_edge,ready,Promenade Paulette et Jane Nardal,https://www.setec.fr/blog/projets/promenade-paulette-et-jane-nardal/,description_over_60
candidate-edge:proposal:proj:94:B:2,expansion_candidate,proposed_addition,FR,AKTEUR-BAUVORHABEN,Fédération française des professionnels de la pierre sèche,Promenade Jane-et-Paulette-Nardal,Bauausführung,Schulte Bauarbeiter vor Ort in traditioneller Trockenmauertechnik.,Einzelfall / Vorhaben,actor_project_edge,ready, und die Organisation ,https://ateliernous.fr/promenade-nardal/,quote_too_short;description_over_60
candidate-edge:proposal:proj:95:A:1,expansion_candidate,proposed_addition,FR,AKTEUR-BAUVORHABEN,Ville de Paris,Jardin de la Caserne de Reuilly,Bauherrschaft,Vermittelte 2013 die Grundstücksübertragung des Kasernenareals an Paris Habitat.,Einzelfall / Vorhaben,actor_project_edge,ready,Fiche REX La Caserne de Reuilly,https://experimentationsurbaines.ademe.fr/wp-content/uploads/2022/04/10.-Fiche-REX-La-Caserne-de-Reuilly.pdf,description_over_60
candidate-edge:proposal:proj:95:B:1,expansion_candidate,proposed_addition,FR,AKTEUR-BAUVORHABEN,Paris Habitat,Jardin de la Caserne de Reuilly,Bauherrschaft,War Bauherrin des Gartens und ließ gefundene Pflastersteine vor Ort wiederverwenden.,Einzelfall / Vorhaben,actor_project_edge,ready, als laufende eigene Praxis dar (Zitat exakt vorhanden: ,https://www.betriber-emwelt.lu/fileadmin/files/images/_de_construction/Documents_FCRBE/dt4_2_2_project-sheets_041023_lr.pdf,description_over_60
candidate-edge:proposal:proj:96:A:1,expansion_candidate,proposed_addition,FR,AKTEUR-BAUVORHABEN,Bellastock,Pulse Offices,Reuse-Konzept,"Begleitete Pulse als AMO Réemploi, identifizierte wiederverwendbare Bodenplatten.",Einzelfall / Vorhaben,actor_project_edge,ready,URL erreichbar; nennt Bellastock als AMO und dessen Reuse-Beratung für Pulse konkret.,https://www.woodsurfer.com/chantier-de-a-a-z-immeuble-pulse-saint-denis-93/3363116,quote_contains_review_meta_language;description_over_60
candidate-edge:proposal:proj:96:B:1,expansion_candidate,proposed_addition,FR,AKTEUR-BAUVORHABEN,BFV Architectes,Pulse Offices,Entwurf,Entwarf das Bürogebäude Pulse in Saint-Denis mit Holz-Beton-Glas-Architektur.,Einzelfall / Vorhaben,actor_project_edge,ready,-- Beide URLs erreichbar: eigene Reemploi-Praxis (kern); Pulse-Seite nennt BFV als Architekt und Reuse-Anteile.,https://bfv.team/fr/projects/pulse,quote_contains_review_meta_language;description_over_60
candidate-edge:proposal:proj:96:B:2,expansion_candidate,proposed_addition,FR,AKTEUR-BAUVORHABEN,Icade,Pulse Offices,Bauherrschaft,Beauftragte als Bauherrin das Bürogebäude Pulse mit Réemploi-Anteil in Saint-Denis.,Einzelfall / Vorhaben,actor_project_edge,ready,-- Beide URLs erreichbar: Icade gründete Cycle Up (bezug); Pulse-Seite nennt Icade als Investor/Promoteur und Reuse-Bauteile.,https://www.icade.fr/projets/bureaux/fonciere/pulse,quote_contains_review_meta_language;description_over_60
candidate-edge:proposal:proj:97:A:1,expansion_candidate,proposed_addition,DE,AKTEUR-BAUVORHABEN,Arbeitsgebiet Bauliches Recycling / BTU Cottbus-Senftenberg,Sportlerheim Kolkwitz,Forschungsbegleitung,Der Rohbau des ReUse Hub Kolkwitz wird von der BTU wissenschaftlich begleitet.,Einzelfall / Vorhaben,actor_project_edge,ready,URL erreichbar; nennt BTU ausdrücklich als wissenschaftliche Begleitung des Rohbaus in Kolkwitz.,https://www.b-tu.de/news/artikel/31916-die-professorin-die-dem-beton-ein-zweites-leben-gibt,quote_contains_review_meta_language;description_over_60
candidate-edge:proposal:proj:97:B:1,expansion_candidate,proposed_addition,DE,AKTEUR-BAUVORHABEN,ECOSOIL Ost GmbH,Sportlerheim Kolkwitz,Rückbau,ECOSOIL zerlegt die DDR-Betonplatten aus Großräschen für den Wiederaufbau in Kolkwitz.,Einzelfall / Vorhaben,actor_project_edge,ready,"-- Beide URLs erreichbar: eigene De-/Remontage und ReCreate-Mitwirkung (kern); Projektseite nennt selektiven Rückbau, Demontage und Wiederverwendung.",https://www.ecosoil-umwelt.de/news-eu-projekt-recreate-sportlerheim-kolkwitz,quote_contains_review_meta_language;description_over_60
candidate-edge:proposal:proj:97:B:2,expansion_candidate,proposed_addition,DE,AKTEUR-BAUVORHABEN,P. Jähne Ingenieurbüro GmbH,Sportlerheim Kolkwitz,Fachplanung,Plant und überwacht den Rohbau des ReUse Hub Kolkwitz.,Einzelfall / Vorhaben,actor_project_edge,ready,-- Beide URLs erreichbar: ReCreate-Seite nennt statische Berechnung für gebrauchte Teile (bezug); BTU nennt Planung und Überwachung des ReUse Hub.,https://www.b-tu.de/news/artikel/31916-die-professorin-die-dem-beton-ein-zweites-leben-gibt,quote_contains_review_meta_language
candidate-edge:proposal:proj:98:A:1,expansion_candidate,proposed_addition,CH,AKTEUR-BAUVORHABEN,Zirkular,Provisorium Kantonsschule Uster,Reuse-Konzept,Zirkular unterstützte baubüro in situ bei der Bauteilsuche für das Provisorium.,Einzelfall / Vorhaben,actor_project_edge,ready,Provisorium Kantonsschule Uster,https://zirkular.net/de/projekt/provisorium-kantonsschule/,quote_is_only_project_name;description_over_60
candidate-edge:proposal:proj:99:A:1,expansion_candidate,proposed_addition,CH,AKTEUR-BAUVORHABEN,baubüro in situ,Gebäude Q – Werkstadt Zürich,Entwurf,"Plante als Architekturbüro die Gesamtsanierung von Gebäude Q, Werkstadt Zürich.",Einzelfall / Vorhaben,actor_project_edge,ready,URL erreichbar; nennt baubüro in situ ausdrücklich als Architekturbüro des Projekts Gebäude Q.,https://www.lubw.baden-wuerttemberg.de/en/abfall-und-kreislaufwirtschaft/inzibau-good-practice/-/asset_publisher/wcwKprBkZG7i/content/geb%C3%A4ude-q-werkstadt-areal?_com_liferay_asset_publisher_web_portlet_AssetPublisherPortlet_INSTANCE_wcwKprBkZG7i_assetEntryId=5162022,quote_contains_review_meta_language;description_over_60
candidate-edge:proposal:proj:99:A:2,expansion_candidate,proposed_addition,CH,AKTEUR-BAUVORHABEN,Zirkular,Gebäude Q – Werkstadt Zürich,Reuse-Konzept,"Erbrachte die Fachplanung Wiederverwendung für Gebäude Q, Werkstadt Zürich.",Einzelfall / Vorhaben,actor_project_edge,ready,URL erreichbar; nennt Zirkular GmbH ausdrücklich mit Fachplanung Wiederverwendung für Gebäude Q.,https://www.lubw.baden-wuerttemberg.de/en/abfall-und-kreislaufwirtschaft/inzibau-good-practice/-/asset_publisher/wcwKprBkZG7i/content/geb%C3%A4ude-q-werkstadt-areal?_com_liferay_asset_publisher_web_portlet_AssetPublisherPortlet_INSTANCE_wcwKprBkZG7i_assetEntryId=5162022,quote_contains_review_meta_language;description_over_60
candidate-edge:proposal:proj:99:B:1,expansion_candidate,proposed_addition,CH,AKTEUR-BAUVORHABEN,SBB Immobilien AG,Gebäude Q – Werkstadt Zürich,Bauherrschaft,Ist Bauherrin des SBB-Areals Werkstadt Zürich mit Gebäude Q in Zürich-Altstetten.,Einzelfall / Vorhaben,actor_project_edge,ready,-- Beide URLs erreichbar: eigene Seite belegt fortlaufende Bauteilwiederverwendung (kern) und Gebäude-Q-Seite nennt SBB Immobilien als Bauherrin.,https://www.lubw.baden-wuerttemberg.de/en/abfall-und-kreislaufwirtschaft/inzibau-good-practice/-/asset_publisher/wcwKprBkZG7i/content/geb%C3%A4ude-q-werkstadt-areal?_com_liferay_asset_publisher_web_portlet_AssetPublisherPortlet_INSTANCE_wcwKprBkZG7i_assetEntryId=5162022,quote_contains_review_meta_language;description_over_60
candidate-edge:proposal:proj:100:A:1,expansion_candidate,proposed_addition,CH,AKTEUR-BAUVORHABEN,baubüro in situ,Transa Headoffice – Reuse to the max,Entwurf,Plante den Umbau des Transa Headoffice nach dem Motto Wiederverwendung.,Einzelfall / Vorhaben,actor_project_edge,ready,URL erreichbar; eigene Projektseite nennt baubüro in situ und beschreibt den Reuse-Umbau des Transa Headoffice konkret.,https://insitu.ch/projekte/328-zero-waste-umbau-transa,quote_contains_review_meta_language;description_over_60
candidate-edge:proposal:proj:100:A:2,expansion_candidate,proposed_addition,CH,AKTEUR-BAUVORHABEN,Zirkular,Transa Headoffice – Reuse to the max,Bauteilinventarisierung,Übernahm die Bauteiljagd für den reuse-orientierten Umbau des Transa Headoffice.,Einzelfall / Vorhaben,actor_project_edge,ready,URL erreichbar; nennt Zirkular als Bauteiljägerin und beschreibt die gemeinsame Suche nach Reuse-Fenstern.,https://www.baunetzwissen.de/nachhaltig-bauen/objekte/buero/umbau-bueroetage-transa-in-zuerich-8172962,quote_contains_review_meta_language;description_over_60
candidate-edge:proposal:proj:101:B:1,expansion_candidate,proposed_addition,SE,AKTEUR-BAUVORHABEN,Stadsfastighetsförvaltningen,Hoppet 2 – Friedländers Gata 20,Bauherrschaft,Ist Bauherr der Återbruk-Förskola Friedländers gata 20 in Göteborg.,Einzelfall / Vorhaben,actor_project_edge,ready,-- Beide URLs erreichbar: eigene Vorgaben verlangen mindestens 20 % Reuse; Projektseite nennt die Stadsfastighetsförvaltningen als Bauherrin.,https://derome.se/hallbarhet/vart-ramverk/hallbart-byggande/innovation-utveckling/friedlanders-gata,quote_contains_review_meta_language;description_over_60
candidate-edge:proposal:proj:101:B:2,expansion_candidate,proposed_addition,SE,AKTEUR-BAUVORHABEN,Derome,Hoppet 2 – Friedländers Gata 20,Bauausführung,War Totalentreprenör der Återbruk-Förskola Friedländers gata 20.,Einzelfall / Vorhaben,actor_project_edge,ready,-- Beide URLs erreichbar; Derome nennt sich Totalentreprenör und beschreibt Produktion/Lieferung für das konkrete Reuse-Projekt.,https://derome.se/hallbarhet/vart-ramverk/hallbart-byggande/innovation-utveckling/friedlanders-gata,quote_contains_review_meta_language;description_over_60
candidate-edge:proposal:proj:101:B:3,expansion_candidate,proposed_addition,SE,AKTEUR-BAUVORHABEN,RA-Bygg,Hoppet 2 – Friedländers Gata 20,Bauausführung,War Byggentreprenör (Unterauftragnehmer) der Förskola Friedländers gata 20.,Einzelfall / Vorhaben,actor_project_edge,ready,-- Kantenquelle nennt RA-Bygg als Bauunternehmer; Ersatzquelle dokumentiert dessen aktive Erhöhung des Reuse-Anteils.,https://derome.se/hallbarhet/vart-ramverk/hallbart-byggande/innovation-utveckling/friedlanders-gata,quote_contains_review_meta_language;description_over_60
candidate-edge:proposal:proj:101:B:4,expansion_candidate,proposed_addition,SE,AKTEUR-BAUVORHABEN,Kaka Arkitekter,Hoppet 2 – Friedländers Gata 20,Entwurf,Entwarf die Återbruk-Förskola Friedländers gata 20 mit wiederverwendeten Fenstern.,Einzelfall / Vorhaben,actor_project_edge,ready,-- Kaka-Projektseite belegt Entwurf und konkrete Wiederverwendung; Ersatzquelle dokumentiert die Anpassung an Reuse-Fenster.,https://kakaarkitekter.se/friedlanders-gata/,description_over_60
candidate-edge:proposal:proj:102:B:1,expansion_candidate,proposed_addition,SE,AKTEUR-BAUVORHABEN,Wingårdhs,Droppen,Entwurf,Entwarf die Fassade aus wiederverwendeten Wärmetauscherplatten für Droppen.,Einzelfall / Vorhaben,actor_project_edge,ready,"belegt -- Kante und Reuse-Entwurf sind belegt; der einzelne Magasinet-Beitrag belegt jedoch Bezug, nicht die behauptete dauerhafte kern-Relevanz.",https://www.wingardhs.se/journal/droppens-aterbrukade-fasad-fran-tavling-till-verklighet,description_over_60
candidate-edge:proposal:proj:102:B:2,expansion_candidate,proposed_addition,SE,AKTEUR-BAUVORHABEN,Granitor Properties,Droppen,Bauherrschaft,War Bauherr des Neubaus Droppen mit wiederverwendeter Fassade in Malmö.,Einzelfall / Vorhaben,actor_project_edge,ready," (Embassy of Sharing, Malmö) mit ",https://www.ottobygg.se/projektbibliotek/droppen/,description_over_60
candidate-edge:proposal:proj:102:B:3,expansion_candidate,proposed_addition,SE,AKTEUR-BAUVORHABEN,Byggnadsfirman Otto Magnusson,Droppen,Bauausführung,Führte als Totalentreprenör den Bau von Droppen aus.,Einzelfall / Vorhaben,actor_project_edge,ready,-- Beide URLs erreichbar: Ottobygg dokumentiert das Reuse-Fassadenprojekt; Wingårdhs nennt Otto Magnusson als Unternehmer.,https://www.wingardhs.se/journal/droppens-aterbrukade-fasad-fran-tavling-till-verklighet,quote_contains_review_meta_language
candidate-edge:proposal:proj:103:A:1,expansion_candidate,proposed_addition,SE,AKTEUR-BAUVORHABEN,Fabege,"Hållbarhetshuset, Haga Norra",Bauherrschaft,Fabege initiierte das Reuse-Pilotprojekt Hållbarhetshuset in Haga Norra.,Einzelfall / Vorhaben,actor_project_edge,ready,URL erreichbar; Fabege nennt seine Initiative gemeinsam mit Zengun und beschreibt den Reuse-Pilot Hållbarhetshuset.,https://www.fabege.se/en/knowledge--inspiration/news/2022/sustainability-house/,quote_contains_review_meta_language;description_over_60
candidate-edge:proposal:proj:103:A:2,expansion_candidate,proposed_addition,SE,AKTEUR-BAUVORHABEN,Zengun,"Hållbarhetshuset, Haga Norra",Bauausführung,Zengun führte als Totalentreprenör Rückbau und Bau des Hållbarhetshuset aus.,Einzelfall / Vorhaben,actor_project_edge,ready,URL erreichbar; nennt Zengun als Totalunternehmer für Rückbau der Bilia-Immobilie und Bau des Hållbarhetshuset.,https://www.svenskbyggtidning.se/2022/01/25/snart-finns-det-arbetsmodeller-for-befintligt-material-i-hus-som-rivs-for-att-aterbruka-i-nyproduktion/,quote_contains_review_meta_language;description_over_60
candidate-edge:proposal:proj:103:A:3,expansion_candidate,proposed_addition,SE,AKTEUR-BAUVORHABEN,RISE (Research Institutes of Sweden),"Hållbarhetshuset, Haga Norra",Prüfung und Nachweis,RISE prüfte und verifizierte die technischen Eigenschaften der Håldäck-Platten.,Einzelfall / Vorhaben,actor_project_edge,ready,URL erreichbar; beschreibt RISE-Prüfung und Verifikation der technischen Hohldielen-Eigenschaften konkret.,https://www.svenskbyggtidning.se/2022/01/25/snart-finns-det-arbetsmodeller-for-befintligt-material-i-hus-som-rivs-for-att-aterbruka-i-nyproduktion/,quote_contains_review_meta_language;description_over_60
candidate-edge:proposal:proj:103:A:4,expansion_candidate,proposed_addition,SE,AKTEUR-BAUVORHABEN,Codesign Sweden AB,"Hållbarhetshuset, Haga Norra",Forschungsbegleitung,"Codesign leitet Återhus, dessen erster Pilotbau Hållbarhetshuset ist.",Einzelfall / Vorhaben,actor_project_edge,ready,URL erreichbar; Codesign-Projektleitung von Återhus und Hållbarhetshuset als dessen erster Pilot sind konkret belegt.,https://www.mynewsdesk.com/se/codesign/pressreleases/den-foersta-pilotbyggnaden-inom-aaterhus-att-bygga-hus-av-hus-staar-aentligen-klar-3207066,quote_contains_review_meta_language;description_over_60
candidate-edge:proposal:proj:104:A:1,expansion_candidate,proposed_addition,SE,AKTEUR-BAUVORHABEN,Liljewall Arkitekter,Ekebäckshöjd – Peab-Etappe,Entwurf,Architektonischer Entwurf für die Wohnbebauung Ekebäckshöjd in Göteborg.,Einzelfall / Vorhaben,actor_project_edge,ready,Den arkitektoniska utformningen av hyreshuset sköts av Liljewall Architects.,https://www.nyaprojekt.se/2023/07/04/nytt-flerbostadshus-i-ekebackshojd-i-goteborg/,description_over_60
candidate-edge:proposal:proj:104:B:1,expansion_candidate,proposed_addition,SE,AKTEUR-BAUVORHABEN,Brukspecialisten,Ekebäckshöjd – Peab-Etappe,Bauteillieferung,Lieferte 385.000 wiederverwendete Ziegelsteine für Ekebäckshöjd.,Einzelfall / Vorhaben,actor_project_edge,ready,-- Beide Belege live geöffnet und verifiziert,https://brukspecialisten.se/projekt-post-type/ekebackshojd/,description_over_60
candidate-edge:proposal:proj:104:B:2,expansion_candidate,proposed_addition,SE,AKTEUR-BAUVORHABEN,Stena Fastigheter Göteborg,Ekebäckshöjd – Peab-Etappe,Bauherrschaft,Bauherrin und Eigentümerin des Wohnbauprojekts Ekebäckshöjd.,Einzelfall / Vorhaben,actor_project_edge,ready,-- Beide URLs erreichbar: Stena betreibt bestandsweite Wiederverwendung von Geräten; Peab nennt Stena als Bestellerin von Ekebäckshöjd.,https://peab.se/om-peab/bolagsinformation/press-och-media/pressmeddelanden/2023/januari/peab-bygger-lagenheter-i-goteborg/,quote_contains_review_meta_language
candidate-edge:proposal:proj:104:B:3,expansion_candidate,proposed_addition,SE,AKTEUR-BAUVORHABEN,Peab Sverige AB,Ekebäckshöjd – Peab-Etappe,Bauausführung,Totalentreprenör für den Bau der Wohnanlage Ekebäckshöjd.,Einzelfall / Vorhaben,actor_project_edge,ready,-- Beide URLs erreichbar; Peab belegt eigene Reuse-Praxis und ist als Totalentreprenör von Ekebäckshöjd genannt.,https://www.nyaprojekt.se/2023/07/04/nytt-flerbostadshus-i-ekebackshojd-i-goteborg/,quote_contains_review_meta_language
candidate-edge:proposal:proj:105:B:1,expansion_candidate,proposed_addition,SE,AKTEUR-BAUVORHABEN,Borås Stad,Fredriksborgsskolan,Bauherrschaft,"Wählt wiederverwendetes Fassadenziegel, um die Klimawirkung des Neubaus zu senken.",Einzelfall / Vorhaben,actor_project_edge,ready,-- Eigene kommunale Seite belegt dauerhafte Materiallagerung und nennt Borås Stad beim Reuse-Ziegelprojekt Fredriksborgsskolan.,https://www.boras.se/hallbarutveckling/klimatochenergi/klimatsmartbyggande.4.5d707cfb1844c59ae8156483.html,description_over_60
candidate-edge:proposal:proj:106:B:1,expansion_candidate,proposed_addition,SE,AKTEUR-BAUVORHABEN,Vacse AB,Borås nya tingsrätt,Bauherrschaft,Erwarb das Projekt und entwickelte es gemeinsam mit Skanska.,Einzelfall / Vorhaben,actor_project_edge,ready,-- Beide URLs erreichbar: eigene Handbuch-/Reuse-Praxis (kern) und gemeinsame Projektentwicklung mit Skanska sind belegt.,https://www.skanska.com/se/sv/bygg-infrastruktur/referensprojekt/tegelbacken-boras-tingsratt,quote_contains_review_meta_language
candidate-edge:proposal:proj:106:B:2,expansion_candidate,proposed_addition,SE,AKTEUR-BAUVORHABEN,Skanska Sverige AB,Borås nya tingsrätt,Bauausführung,Baute das Gerichtsgebäude mit återbrukat Tegel an der Fassade.,Einzelfall / Vorhaben,actor_project_edge,ready,-- Eigene Seite belegt fortlaufendes Reuse-Programm; Referenzseite nennt Skanska als gemeinsame Entwicklerin des Reuse-Ziegelprojekts.,https://www.skanska.com/se/sv/bygg-infrastruktur/referensprojekt/tegelbacken-boras-tingsratt,description_over_60
candidate-edge:proposal:proj:106:B:3,expansion_candidate,proposed_addition,SE,AKTEUR-BAUVORHABEN,ON Arkitekter,Borås nya tingsrätt,Entwurf,Entwarf das Gerichtsgebäude mit wiederverwendeter Ziegelfassade.,Einzelfall / Vorhaben,actor_project_edge,ready,-- Eigene Återbruk-Projektkategorie belegt kern; Skanska nennt ON Arkitekter ausdrücklich als Entwurfsbüro.,https://www.skanska.com/se/sv/bygg-infrastruktur/referensprojekt/tegelbacken-boras-tingsratt,description_over_60
candidate-edge:proposal:proj:107:B:1,expansion_candidate,proposed_addition,DK,AKTEUR-BAUVORHABEN,Thisted Kommune,SMK Thy,Bauherrschaft,Bauherrin: entschied Wiederaufbau des Pakhus mit wiederverwendeten Mauersteinen.,Einzelfall / Vorhaben,actor_project_edge,ready,-- Quelle erreichbar; Thisted Kommune wird ausdrücklich als Eigentümerin und Bauherrin des Reuse-Wiederaufbaus genannt.,https://www.licitationen.dk/article/view/877991/pakhusbygning_skal_pilles_ned_og_bygges_op_igen,description_over_60
candidate-edge:proposal:proj:107:B:2,expansion_candidate,proposed_addition,DK,AKTEUR-BAUVORHABEN,EKJ Rådgivende Ingeniører,SMK Thy,Fachplanung,EKJ plante Tragwerk und Fundament für den Wiederaufbau des Pakhus mit Recyclingsteinen.,Einzelfall / Vorhaben,actor_project_edge,ready,-- Eigene EKJ-Seite beschreibt die Fachplanung für Fundament und Wiederaufbau mit denselben Ziegeln konkret.,https://www.ekj.dk/project/smk-pakhus-i-thy/,description_over_60
candidate-edge:proposal:proj:107:B:3,expansion_candidate,proposed_addition,DK,AKTEUR-BAUVORHABEN,Reiulf Ramstad Arkitekter,SMK Thy,Entwurf,Reiulf Ramstad gewann die Wettbewerbsaufgabe für den Pakhus-Wiederaufbau in Thy.,Einzelfall / Vorhaben,actor_project_edge,ready,-- Quelle erreichbar; nennt Reiulf Ramstad als Gewinner des Architekturwettbewerbs für den Reuse-Wiederaufbau.,https://www.licitationen.dk/article/view/877991/pakhusbygning_skal_pilles_ned_og_bygges_op_igen,description_over_60
candidate-edge:proposal:proj:108:A:1,expansion_candidate,proposed_addition,NO,AKTEUR-BAUVORHABEN,Asker kommune – Ombruk,Nedre Sem Låve,Bauherrschaft,Asker kommune ist Bauherr des Umbaus der Nedre Sem Låve.,Einzelfall / Vorhaben,actor_project_edge,ready,Kommunalseite nennt Nedre Sem als erstes zirkuläres Bauprojekt der Asker kommune und beschreibt den Wiederaufbau.,https://www.asker.kommune.no/asker-mot-2030/ferdigstilte-utbyggingsprosjekter/nedresemlave/,
candidate-edge:proposal:proj:108:A:2,expansion_candidate,proposed_addition,NO,AKTEUR-BAUVORHABEN,Asplan Viak,Nedre Sem Låve,Fachplanung,Asplan Viak war Miljørådgiver beim Umbau der Nedre Sem Låve.,Einzelfall / Vorhaben,actor_project_edge,ready,FutureBuilt nennt Asplan Viak ausdrücklich als Umweltberaterin des Projekts.,https://www.futurebuilt.no/forbildeprosjekter/nedre-sem-laave,
candidate-edge:proposal:proj:108:A:3,expansion_candidate,proposed_addition,NO,AKTEUR-BAUVORHABEN,FutureBuilt,Nedre Sem Låve,Forschungsbegleitung,FutureBuilt testete an der Nedre Sem Låve seinen Zirkularitätsindex und Plastkriterien.,Einzelfall / Vorhaben,actor_project_edge,ready,FutureBuilt beschreibt die Erprobung seines Zirkularitätsindex am konkreten Projekt.,https://www.futurebuilt.no/forbildeprosjekter/nedre-sem-laave,description_over_60
candidate-edge:proposal:proj:108:B:1,expansion_candidate,proposed_addition,NO,AKTEUR-BAUVORHABEN,Holar,Nedre Sem Låve,Entwurf,Holar (Ola Roald Arkitektur) war Architekt der Nedre Sem Låve.,Einzelfall / Vorhaben,actor_project_edge,ready,-- Beide URLs erreichbar: Holar beschreibt eigene Ombruk-Praxis; FutureBuilt nennt Holar als Architektin.,https://doga.no/forbilder-og-eksempler/nedre-sem-laave-fra-forfall-til-moderne-velferdsbygg,quote_contains_review_meta_language;description_over_60
candidate-edge:proposal:proj:108:B:2,expansion_candidate,proposed_addition,NO,AKTEUR-BAUVORHABEN,Veidekke,Nedre Sem Låve,Bauausführung,Veidekke war Entreprenør und Prosjektleder beim Umbau der Nedre Sem Låve.,Einzelfall / Vorhaben,actor_project_edge,ready,-- Beide URLs erreichbar: Veidekke dokumentiert eigene Reuse-Ausführung und laufende Ombruk-Praxis.,https://www.veidekke.no/aktuelt/nyheter-og-reportasjer/nedre-sem-lave/,quote_contains_review_meta_language;description_over_60
candidate-edge:proposal:proj:108:B:3,expansion_candidate,proposed_addition,NO,AKTEUR-BAUVORHABEN,Norsk Folkemuseum,Nedre Sem Låve,Projektbeitrag,*Bauteillieferung* (Projekt->Akteur): Balken der abgebauten Nedre Sem Låve wurden an.,Einzelfall / Vorhaben,actor_project_edge,ready,-- Beide URLs erreichbar: Norsk Folkemuseum verbaut Holz der Nedre-Sem-Låve; die Herkunft und spätere Nutzung sind konkret belegt.,https://www.fremtidensbygg.no/materialene-fra-den-gamle-laven-skal-brukes-pa-nytt/,quote_contains_review_meta_language;description_over_60
candidate-edge:proposal:proj:109:A:1,expansion_candidate,proposed_addition,FI,AKTEUR-BAUVORHABEN,Ramboll Finland,"TA Housing Block, Tehdaskartanonkatu 34",Fachplanung,Ramboll Finland war verantwortlicher Tragwerksplaner des Minipilot-3-Wohnblocks.,Einzelfall / Vorhaben,actor_project_edge,ready,ReCreate-Seite nennt Ramboll Finland als verantwortliche Tragwerksplanung des konkreten Minipiloten.,https://recreate-project.eu/2026/04/20/a-third-reuse-mini-pilot-implemented-in-finland/,description_over_60
candidate-edge:proposal:proj:109:A:2,expansion_candidate,proposed_addition,FI,AKTEUR-BAUVORHABEN,Consolis Parma,"TA Housing Block, Tehdaskartanonkatu 34",Aufarbeitung,Consolis Parma arbeitete die wiederverwendeten Betonelemente für den Bau auf.,Einzelfall / Vorhaben,actor_project_edge,ready,ReCreate-Seite nennt Consolis Parma ausdrücklich für die Aufarbeitung der wiederverwendeten Elemente.,https://recreate-project.eu/2026/04/20/a-third-reuse-mini-pilot-implemented-in-finland/,description_over_60
candidate-edge:proposal:proj:109:A:3,expansion_candidate,proposed_addition,FI,AKTEUR-BAUVORHABEN,Skanska Finland,"TA Housing Block, Tehdaskartanonkatu 34",Bauausführung,Skanska errichtete den Wohnblock in Tampere-Hiedanranta für TA.,Einzelfall / Vorhaben,actor_project_edge,ready,ReCreate-Seite nennt Skanska als Bauunternehmen des Wohnblocks in Hiedanranta.,https://recreate-project.eu/2026/04/20/a-third-reuse-mini-pilot-implemented-in-finland/,description_over_60
candidate-edge:proposal:proj:109:B:1,expansion_candidate,proposed_addition,FI,AKTEUR-BAUVORHABEN,TA-Asumisoikeus Oy,"TA Housing Block, Tehdaskartanonkatu 34",Bauherrschaft,Beauftragte einen Wohnbau mit 55 wiederverwendeten Betonfertigteilen.,Einzelfall / Vorhaben,actor_project_edge,ready,belegt -- Kante als Bauherrin ist belegt; die Reuse-Gradquelle war nicht erreichbar und der erforderliche Grad daher nicht zweifelsfrei prüfbar.,https://ta.fi/tiedotteet/ta-yhtiot-mukana-rakentamassa-tampereen-hiedanrantaa-ensimmaisen-asuinkerrostalon-peruskivi-muurattiin-juhlatilaisuudessa-17-9/,description_over_60
candidate-edge:proposal:proj:111:B:1,expansion_candidate,proposed_addition,DE,AKTEUR-BAUVORHABEN,Spine Architects,DIGITAL PAVILLON,Entwurf,Verantwortete die Architektur des zum Digital Pavillon umgebauten EXPO-Pavillons.,Einzelfall / Vorhaben,actor_project_edge,ready,-- Beide URLs erreichbar: eigene Seite nennt Reuse als Planungsansatz; Projektquelle nennt Spine Architects für die Architektur.,https://www.baunetzwissen.de/glas/objekte/buero-verwaltung/buerogebaeude-hammerbrooklyn-in-hamburg-7753658,quote_contains_review_meta_language;description_over_60
candidate-edge:proposal:proj:111:B:2,expansion_candidate,proposed_addition,DE,AKTEUR-BAUVORHABEN,Heinrich Lamparter Stahlbau,DIGITAL PAVILLON,Bauausführung,Demontierte den EXPO-Pavillon und errichtete die Stahl-Glas-Fassade in Hamburg neu.,Einzelfall / Vorhaben,actor_project_edge,ready,"-- Eigene Projektseite belegt Demontage, Transport und Wiedererrichtung des EXPO-Pavillons in Hamburg konkret.",https://www.stahlglas.de/referenzen/digitalcampus-hammerbrooklyn-mailand-hamburg/,description_over_60
candidate-edge:proposal:proj:112:B:1,expansion_candidate,proposed_addition,DE,AKTEUR-BAUVORHABEN,müllerblaustein Holzbauwerke GmbH,BUGA Holzpavillon – Reuse 2023,Bauausführung,Baute den Holzpavillon der BUGA 2023 in Mannheim aus 376 Holzkassetten zusammen.,Einzelfall / Vorhaben,actor_project_edge,ready,"belegt -- Wiederaufbau und Montage sind belegt; Gradquelle nennt nachhaltigen Rückbau als Planungsprinzip, nicht eine belastbare eigene kern-Reuse-Praxis.",https://www.dach-holzbau.de/artikel/bionischer-holzpavillon-auf-buga-in-mannheim-erneut-aufgebaut-3984355.html,quote_contains_review_meta_language;description_over_60
candidate-edge:proposal:proj:113:A:1,expansion_candidate,proposed_addition,DE,AKTEUR-BAUVORHABEN,Professur Nachhaltiges Bauen / KIT,Mehr.WERT.Pavillon,Entwurf,Der Pavillon-Entwurf entstand im Entwurfsstudio der Professur Nachhaltiges Bauen am KIT.,Einzelfall / Vorhaben,actor_project_edge,ready,"Eigene KIT-Projektseite belegt, dass der Pavillonentwurf aus dem Designstudio der Professur entstand.",https://nb.ieb.kit.edu/index.php/mehr-wert-pavillon/,description_over_60
candidate-edge:proposal:proj:113:B:1,expansion_candidate,proposed_addition,DE,AKTEUR-BAUVORHABEN,2hs Architekten und Ingenieur PartGmbB Hebel Heisel Schlesier,Mehr.WERT.Pavillon,Entwurf,2hs Architekten entwarf und plante den Mehr.WERT.Pavillon in Heilbronn.,Einzelfall / Vorhaben,actor_project_edge,ready,-- Quelle erreichbar; nennt 2hs als Architekten und beschreibt den mit KIT-Studierenden entworfenen und gebauten Reuse-Pavillon.,https://bauforumstahl.de/wettbewerb/mehr-wert-pavillon,description_over_60
candidate-edge:proposal:proj:113:B:3,expansion_candidate,proposed_addition,DE,AKTEUR-BAUVORHABEN,Entsorgungsbetriebe Stadt Heilbronn,Mehr.WERT.Pavillon,Bauherrschaft,Entsorgungsbetriebe Heilbronn war Bauherr des Mehr.WERT.Pavillons der BUGA 2019.,Einzelfall / Vorhaben,actor_project_edge,ready,-- Quelle erreichbar; nennt Entsorgungsbetriebe Heilbronn ausdrücklich als Bauherrin des Reuse-Pavillons.,https://bauforumstahl.de/wettbewerb/mehr-wert-pavillon,description_over_60
candidate-edge:proposal:proj:115:A:1,expansion_candidate,proposed_addition,DE,AKTEUR-BAUVORHABEN,Arbeitsgebiet Bauliches Recycling / BTU Cottbus-Senftenberg,Reihenhäuser in Hohenmölsen,Forschungsbegleitung,Mettkes BTU-Gruppe zeigt das Hohenmölsen-Reihenhaus als Recycling-Fallbeispiel.,Einzelfall / Vorhaben,actor_project_edge,ready,"Quelle dokumentiert das Reihenhaus als Fallbeispiel mit Bildnachweis der BTU, nicht zweifelsfrei deren konkrete Forschungsbegleitung.",https://www.bft-international.com/de/artikel/wiederverwendung-von-betonfertigteilplatten-4095412.html,description_over_60
candidate-edge:proposal:proj:116:A:1,expansion_candidate,proposed_addition,CH,AKTEUR-BAUVORHABEN,Zirkular,Unterstand Primeo,Fachplanung,Übernahm die Fachplanung für den wiederverwendeten Unterstand Primeo.,Einzelfall / Vorhaben,actor_project_edge,ready,URL erreichbar; Projektseite nennt Zirkular ausdrücklich für Bauteiljagd und Fachplanung.,https://zirkular.net/de/projekt/unterstand-primeo/,quote_contains_review_meta_language;description_over_60
candidate-edge:proposal:proj:117:B:1,expansion_candidate,proposed_addition,CH,AKTEUR-BAUVORHABEN,Kunstgiesserei St. Gallen AG,Atelier Jim Dine,Bauherrschaft,Beauftragte den Bau des Atelier Jim Dine im Sitterwerk St. Gallen.,Einzelfall / Vorhaben,actor_project_edge,ready,-- Eigene Projektseite und Fachartikel nennen Kunstgiesserei St,https://www.fluryfurrer.ch/projekte/ateliers/atelier_jim_dine,description_over_60
candidate-edge:proposal:proj:117:B:2,expansion_candidate,proposed_addition,CH,AKTEUR-BAUVORHABEN,Flury+Furrer Architekten GmbH,Atelier Jim Dine,Entwurf,Entwarf das Atelier Jim Dine im Sitterwerk St. Gallen.,Einzelfall / Vorhaben,actor_project_edge,ready,-- Fachartikel nennt Flury + Furrer ausdrücklich als Architektur des Reuse-Ateliers.,https://www.hochparterre.ch/nachrichten/architektur/das-bauhuettenprinzip,
candidate-edge:proposal:proj:117:B:3,expansion_candidate,proposed_addition,CH,AKTEUR-BAUVORHABEN,Schnetzer Puskas Ingenieure AG,Atelier Jim Dine,Fachplanung,Plante das Tragwerk für das Atelier Jim Dine im Sitterwerk.,Einzelfall / Vorhaben,actor_project_edge,ready,-- Beide URLs erreichbar; eigenes Profil nennt Reuse-Ansatz und Fachartikel Schnetzer Puskas als Bauingenieure.,https://www.hochparterre.ch/nachrichten/architektur/das-bauhuettenprinzip,quote_contains_review_meta_language
candidate-edge:proposal:proj:118:A:1,expansion_candidate,proposed_addition,CH,AKTEUR-BAUVORHABEN,baubüro in situ,Hobelwerk Haus D,Reuse-Konzept,"Koordinierte Ausbau, Transport und Wiedereinbau der Bauteile bei Hobelwerk Haus D.",Einzelfall / Vorhaben,actor_project_edge,ready,"Projektseite beschreibt die konkrete Koordination von Ausbau, Transport, Zwischenlagerung und Wiedereinbau durch baubüro in situ.",https://zirkular.net/de/projekt/hobelwerk-haus-d/,description_over_60
candidate-edge:proposal:proj:118:A:2,expansion_candidate,proposed_addition,CH,AKTEUR-BAUVORHABEN,Pascal Flammer Architekten,Hobelwerk Haus D,Entwurf,Entwickelte die konstruktiven Leitdetails für Hobelwerk Haus D.,Einzelfall / Vorhaben,actor_project_edge,ready,Projektseite nennt Pascal Flammer und seine Leitdetails ausdrücklich für die flexible Wiederverwendung.,https://zirkular.net/de/projekt/hobelwerk-haus-d/,description_over_60
candidate-edge:proposal:proj:120:A:1,expansion_candidate,proposed_addition,CH,AKTEUR-BAUVORHABEN,Zirkular,Basel Pavillon,Bauteilinventarisierung,Erstellte den Bauteilkatalog für den Wettbewerb des Basel Pavillon.,Einzelfall / Vorhaben,actor_project_edge,ready,Projektseite beschreibt den von Zirkular erarbeiteten Bauteilkatalog für den Basel Pavillon konkret.,https://zirkular.net/de/projekt/basel-pavillon-2022/,description_over_60
candidate-edge:proposal:proj:120:B:1,expansion_candidate,proposed_addition,CH,AKTEUR-BAUVORHABEN,HUSNER AG Holzbau,Basel Pavillon,Bauausführung,Fertigte Tragkonstruktion und Dach des Basel Pavillon in Frick.,Einzelfall / Vorhaben,actor_project_edge,ready,-- Eigene Re-Use-Seite und Projektbezug belegen HUSNERs Wiederverwendungsleistung am Pavillon.,https://www.husner.ch/de/leistungen/zimmerei/zirkulaeres-bauen/,description_over_60
candidate-edge:proposal:proj:121:B:1,expansion_candidate,proposed_addition,CH,AKTEUR-BAUVORHABEN,spillmann echsle architekten,FREITAG flagship store,Entwurf,"Entwarf den Turm aus 19 gestapelten, wiederverwendeten Frachtcontainern.",Einzelfall / Vorhaben,actor_project_edge,ready,-- Eigene Projektseite nennt den Freitag Flagship Store und dokumentiert den Entwurfsbezug.,https://www.spillmannechsle.ch/works/freitag-flagship-store,description_over_60
candidate-edge:proposal:proj:121:B:3,expansion_candidate,proposed_addition,CH,AKTEUR-BAUVORHABEN,FREITAG lab. ag,FREITAG flagship store,Bauherrschaft,Liess den Flagship-Store aus 19 gebrauchten Frachtcontainern errichten.,Einzelfall / Vorhaben,actor_project_edge,ready,belegt -- Freitag ist als Auftraggeberin belegt; der Grad-Beleg betrifft Taschenmaterial und belegt keine dauerhafte bauliche Reuse-Praxis.,https://freitag.ch/en_BR/mission/about-freitag/history,description_over_60
candidate-edge:proposal:proj:122:B:2,expansion_candidate,proposed_addition,AT,AKTEUR-BAUVORHABEN,Kessler² Architektur,Rieder Campus,Entwurf,Plante den Umbau der ehemaligen Busgarage zum neuen Firmensitz.,Einzelfall / Vorhaben,actor_project_edge,ready,-- Quelle nennt Architektur Kessler² als Entwicklerin und Umsetzerin des Reuse-Konzepts für den Rieder Campus.,https://www.bestworkspaces.com/workspaces/rieder-campus-sustainable-transformation/,quote_contains_review_meta_language;description_over_60
candidate-edge:proposal:proj:124:A:1,expansion_candidate,proposed_addition,CH,AKTEUR-BAUVORHABEN,baubüro in situ,NEST-Unit Sprint,Entwurf,Erhielt den Planungsauftrag für die NEST-Unit Sprint nach Design-for-Disassembly.,Einzelfall / Vorhaben,actor_project_edge,ready,Sprint-Seite belegt den Auftrag an in situ und dessen Planung/Ausführung nach Design-for-Disassembly.,https://zirkular.net/en/project/empa-sprint-unit/,description_over_60
candidate-edge:proposal:proj:124:A:2,expansion_candidate,proposed_addition,CH,AKTEUR-BAUVORHABEN,Zirkular,NEST-Unit Sprint,Reuse-Konzept,Entwickelte mit baubüro in situ das Design-for-Disassembly-Konzept der Sprint-Unit.,Einzelfall / Vorhaben,actor_project_edge,ready,Sprint-Seite beschreibt die für Planung und Ausführung notwendige Zusammenarbeit mit Zirkular konkret.,https://zirkular.net/en/project/empa-sprint-unit/,description_over_60
candidate-edge:proposal:proj:124:B:1,expansion_candidate,proposed_addition,CH,AKTEUR-BAUVORHABEN,HUSNER AG Holzbau,NEST-Unit Sprint,Bauausführung,Baute die zehn neuen Büromodule der NEST-Unit Sprint in Holzmodulbauweise.,Einzelfall / Vorhaben,actor_project_edge,ready,-- Beide URLs erreichbar; HUSNER beschreibt Re-Use-Rückbau und den Bau der zehn Sprint-Module.,https://www.husner.ch/de/news/news-detail/empa-unit-sprint/,quote_contains_review_meta_language;description_over_60
candidate-edge:proposal:proj:124:B:2,expansion_candidate,proposed_addition,CH,AKTEUR-BAUVORHABEN,ERNE AG Bauunternehmung,NEST-Unit Sprint,Rückbau,Barg mit HUSNER Holzteile aus einem Industrieabbruch für die Sprint-Unit.,Einzelfall / Vorhaben,actor_project_edge,ready,-- Projektseite beschreibt die Sicherung wiederverwendbarer Holzteile gemeinsam mit ERNE konkret.,https://www.husner.ch/de/news/news-detail/empa-unit-sprint/,description_over_60
candidate-edge:proposal:proj:125:A:1,expansion_candidate,proposed_addition,CH,AKTEUR-BAUVORHABEN,Structural Xploration Lab (SXL) / EPFL,Re:bble Tower,Entwurf,Entwarf und baute den Re:bble Tower als eigenes Doktorats-Forschungsprojekt.,Einzelfall / Vorhaben,actor_project_edge,ready,EPFL-Projektseite nennt das SXL-Team beim Re:bble Tower und beschreibt den Demonstrator aus wiederverwendetem Betonabbruch.,https://livingarchives.epfl.ch/projects/8197/rebble-tower-constructive-systems-for-structural-walls-from-reused-concrete-rubble/,description_over_60
candidate-edge:proposal:proj:125:B:1,expansion_candidate,proposed_addition,CH,AKTEUR-BAUVORHABEN,Prelco,Re:bble Tower,Aufarbeitung,Fertigte die vorgefertigten Wände des Re:bble Tower aus Betonabbruch.,Einzelfall / Vorhaben,actor_project_edge,ready,-- EPFL-Projektseite nennt Prelco ausdrücklich für die Vorfertigung der Wände aus Betonabbruch.,https://livingarchives.epfl.ch/projects/8197/rebble-tower-constructive-systems-for-structural-walls-from-reused-concrete-rubble/,description_over_60
candidate-edge:proposal:proj:125:B:2,expansion_candidate,proposed_addition,CH,AKTEUR-BAUVORHABEN,Nicolas Fehlmann Ingénieurs Conseils SA,Re:bble Tower,Prüfung und Nachweis,Erbrachte die statischen Nachweise für die Betonabbruch-Wände des Turms.,Einzelfall / Vorhaben,actor_project_edge,ready,-- EPFL-Projektseite nennt NFIC ausdrücklich für statische Nachweise der Betonabbruch-Bauteile.,https://livingarchives.epfl.ch/projects/8197/rebble-tower-constructive-systems-for-structural-walls-from-reused-concrete-rubble/,description_over_60
candidate-edge:proposal:proj:125:B:3,expansion_candidate,proposed_addition,CH,AKTEUR-BAUVORHABEN,Antiglio SA,Re:bble Tower,Bauteillieferung,Lieferte grossformatige Betonabbruchplatten für den Re:bble Tower.,Einzelfall / Vorhaben,actor_project_edge,ready,-- EPFL-Projektseite nennt Antiglio ausdrücklich für Lieferung großformatiger Betonabbruchplatten.,https://livingarchives.epfl.ch/projects/8197/rebble-tower-constructive-systems-for-structural-walls-from-reused-concrete-rubble/,description_over_60
candidate-edge:proposal:proj:125:B:4,expansion_candidate,proposed_addition,CH,AKTEUR-BAUVORHABEN,SRREC,Re:bble Tower,Bauteillieferung,Lieferte grossformatige Betonabbruchplatten für den Re:bble Tower.,Einzelfall / Vorhaben,actor_project_edge,ready,-- EPFL-Projektseite nennt SRREC ausdrücklich für die Lieferung großformatiger Betonabbruchplatten.,https://livingarchives.epfl.ch/projects/8197/rebble-tower-constructive-systems-for-structural-walls-from-reused-concrete-rubble/,description_over_60
candidate-edge:proposal:proj:125:B:5,expansion_candidate,proposed_addition,CH,AKTEUR-BAUVORHABEN,Friderici Spécial SA,Re:bble Tower,Logistik,Transportierte die vorgefertigten Betonabbruch-Wände zur Baustelle.,Einzelfall / Vorhaben,actor_project_edge,ready,-- EPFL-Projektseite nennt Friderici Spécial ausdrücklich für den Transport der vorgefertigten Wände.,https://livingarchives.epfl.ch/projects/8197/rebble-tower-constructive-systems-for-structural-walls-from-reused-concrete-rubble/,description_over_60
candidate-edge:proposal:proj:126:B:1,expansion_candidate,proposed_addition,CH,AKTEUR-BAUVORHABEN,uptownBasel AG,uptownBasel Building 8,Bauherrschaft,uptownBasel ist Bauherrin des Reuse-Projekts Gebäude 8 in Arlesheim.,Einzelfall / Vorhaben,actor_project_edge,ready,-- Beide URLs erreichbar; uptownBasel ist als Client/Bauherrschaft des Stahl-Reuse-Projekts genannt.,https://www.schnetzerpuskas.com/en/projects/3567-uptownbasel-building-8,quote_contains_review_meta_language;description_over_60
candidate-edge:proposal:proj:126:B:2,expansion_candidate,proposed_addition,CH,AKTEUR-BAUVORHABEN,Schnetzer Puskas Ingenieure AG,uptownBasel Building 8,Fachplanung,Schnetzer Puskas plant das Tragwerk aus wiederverwendeten Stahlprofilen für Gebäude 8.,Einzelfall / Vorhaben,actor_project_edge,ready,-- Eigene Projektseite beschreibt die Tragwerksplanung systematisch aus vorhandenen Stahlprofilen.,https://www.schnetzerpuskas.com/en/projects/3567-uptownbasel-building-8,description_over_60
candidate-edge:proposal:proj:126:B:3,expansion_candidate,proposed_addition,CH,AKTEUR-BAUVORHABEN,SCE GmbH,uptownBasel Building 8,Fachplanung,SCE berät uptownBasel beim Rückbau und der Logistik der Stahlkonstruktion.,Einzelfall / Vorhaben,actor_project_edge,ready,"-- Beide Quellen nennen SCE konkret für Demontage-, Logistik- und Stahlstrukturberatung.",https://www.schnetzerpuskas.com/en/projects/3567-uptownbasel-building-8,description_over_60
candidate-edge:proposal:proj:126:B:4,expansion_candidate,proposed_addition,CH,AKTEUR-BAUVORHABEN,Stamm Bau,uptownBasel Building 8,Bauausführung,Stamm Bau montiert die wiederverwendete Stahlkonstruktion in Gebäude 8.,Einzelfall / Vorhaben,actor_project_edge,ready,-- Beide Quellen nennen Stamm Bau konkret für die Montage der wiederverwendeten Stahlstruktur.,https://www.schnetzerpuskas.com/en/projects/3567-uptownbasel-building-8,description_over_60
candidate-edge:proposal:proj:126:B:5,expansion_candidate,proposed_addition,CH,AKTEUR-BAUVORHABEN,FHNW Institut Digitales Bauen,uptownBasel Building 8,Forschungsbegleitung,FHNW erforscht die Identifikation rückgebauter Stahlprofile für Gebäude 8.,Einzelfall / Vorhaben,actor_project_edge,ready,-- Eigene FHNW-Seite beschreibt Forschung zur Identifikation rückgebauter Stahlprofile für Gebäude 8.,https://www.fhnw.ch/de/architektur-bau-geomatik/forschung-dienstleistungen/forschung/projekte/stahlbau-zirkulaer,description_over_60
candidate-edge:proposal:rejected:P41-B03,expansion_candidate,proposed_addition,BE,AKTEUR-BAUVORHABEN,CONIX RDBM Architects,MULTI Brussels,Entwurf,Plante den Einbau wiederverwendeter Materialien über Entwurf und Bau.,Einzelfall / Vorhaben,actor_project_edge,ready,Als Architekt plante CONIX RDBM die Wiederverwendung durch Entwurf und Bau.,https://www.circubuild.be/nl/case-study/multi-brussel/,description_over_60
