anchor_id,rel_type,target_id,target_label,evidence_url,evidence_quote,line_ref,evidence_basis,final_decision,source_note,pass8_action,evidence_tier,finalest_decision,promoted_to_strict_in_finalest
articonnex,HAT_BAUTEILTYP,bt_ausbau,Ausbau,https://articonnex.com/,Product scope includes “quincaillerie”.,search extract,DIRECT_FIRST_PARTY_SEARCH,REVIEW_ONLY_SOURCE_EXTRACT_OR_CATEGORY_SCOPE,Hardware/fittings fit the Ausbau category.,,REVIEW_ONLY,DO_NOT_IMPORT_REVIEW_ONLY,False
articonnex,HAT_BAUTEILTYP,bt_boden,Boden,https://articonnex.com/collections/sols/reemploi,"Revêtements de sol: sol PVC, vinyle, parquets, carrelages, moquettes.",search extract,DIRECT_FIRST_PARTY_SEARCH,REVIEW_ONLY_SOURCE_EXTRACT_OR_CATEGORY_SCOPE,Direct floor-covering category.,,REVIEW_ONLY,DO_NOT_IMPORT_REVIEW_ONLY,False
articonnex,HAT_BAUTEILTYP,bt_daemmung,daemmung,https://articonnex.com/collections/all?page=30,"Collection page exposes type filters including Contreplaqué, Panneau, Panneau décoratif feutre, Panneau isolant, Tôle and Tasseau; provenance filters include Réemploi and Surplus de chantier.",L856-L888,direct_category_filter,REVIEW_ONLY_MAPPED_FROM_NON_PRODUCT_OR_WEAK_SOURCE,"Pass4-6 mapped from component text. Raw material=""MDF, contreplaqué, feutre, isolant, tôle, bois categories (as category labels, not product composition)""; raw component=""Panneau / Contreplaqué / Panneau décoratif feutre / Panneau isolant / Tôle / Tasseau categories""; status=DIRECT_CATEGORY; source_kind=webshop_listing_page",,REVIEW_ONLY,DO_NOT_IMPORT_REVIEW_ONLY,False
articonnex,HAT_BAUTEILTYP,bt_fassade,Fassade,https://articonnex.com/,Produits phares include “bardage”.,search extract,DIRECT_FIRST_PARTY_SEARCH,REVIEW_ONLY_SOURCE_EXTRACT_OR_CATEGORY_SCOPE,Bardage/cladding supports facade/skin component.,,REVIEW_ONLY,DO_NOT_IMPORT_REVIEW_ONLY,False
articonnex,NUTZT_MATERIAL,mat_daemmstoff,Dämmstoff,https://articonnex.com/,Produits phares include “isolant”.,search extract,DIRECT_FIRST_PARTY_SEARCH,REVIEW_ONLY_SOURCE_EXTRACT_OR_CATEGORY_SCOPE,French “isolant” supports insulation material.,,REVIEW_ONLY,DO_NOT_IMPORT_REVIEW_ONLY,False
articonnex,NUTZT_MATERIAL,mat_daemmstoff,daemmstoff,https://articonnex.com/collections/all?page=30,"Collection page exposes type filters including Contreplaqué, Panneau, Panneau décoratif feutre, Panneau isolant, Tôle and Tasseau; provenance filters include Réemploi and Surplus de chantier.",L856-L888,direct_category_filter,REVIEW_ONLY_MAPPED_FROM_NON_PRODUCT_OR_WEAK_SOURCE,"Pass4-6 mapped from material text. Raw material=""MDF, contreplaqué, feutre, isolant, tôle, bois categories (as category labels, not product composition)""; raw component=""Panneau / Contreplaqué / Panneau décoratif feutre / Panneau isolant / Tôle / Tasseau categories""; status=DIRECT_CATEGORY; source_kind=webshop_listing_page",,REVIEW_ONLY,DO_NOT_IMPORT_REVIEW_ONLY,False
articonnex,NUTZT_MATERIAL,mat_holz,Holz,https://articonnex.com/,"Contreplaqué, OSB, Bois; products include parquets, terrasse, tasseaux.",search extract,DIRECT_FIRST_PARTY_SEARCH,REVIEW_ONLY_SOURCE_EXTRACT_OR_CATEGORY_SCOPE,Direct first-party wording names wood/wood products.,,REVIEW_ONLY,DO_NOT_IMPORT_REVIEW_ONLY,False
articonnex,NUTZT_MATERIAL,mat_holz,holz,https://articonnex.com/collections/all?page=30,"Collection page exposes type filters including Contreplaqué, Panneau, Panneau décoratif feutre, Panneau isolant, Tôle and Tasseau; provenance filters include Réemploi and Surplus de chantier.",L856-L888,direct_category_filter,REVIEW_ONLY_MAPPED_FROM_NON_PRODUCT_OR_WEAK_SOURCE,"Pass4-6 mapped from material text. Raw material=""MDF, contreplaqué, feutre, isolant, tôle, bois categories (as category labels, not product composition)""; raw component=""Panneau / Contreplaqué / Panneau décoratif feutre / Panneau isolant / Tôle / Tasseau categories""; status=DIRECT_CATEGORY; source_kind=webshop_listing_page",,REVIEW_ONLY,DO_NOT_IMPORT_REVIEW_ONLY,False
articonnex,NUTZT_MATERIAL,mat_holz,holz,https://articonnex.com/collections/all?page=30,Listing title: “Panneau décoratif en feutre et bois massif épicéa…”,L969-L972,direct_public_listing,REVIEW_ONLY_MAPPED_FROM_NON_PRODUCT_OR_WEAK_SOURCE,"Pass4-6 mapped from material text. Raw material=""feutre + bois massif épicéa""; raw component=""panneau décoratif / decorative panel""; status=DIRECT_EXPLICIT; source_kind=webshop_listing_page",,REVIEW_ONLY,DO_NOT_IMPORT_REVIEW_ONLY,False
articonnex,NUTZT_MATERIAL,mat_kunststoff,Kunststoff,https://articonnex.com/collections/sols/reemploi,"Collection de revêtements de sol: sol PVC, vinyle; dalles et lames PVC.",search extract,DIRECT_FIRST_PARTY_SEARCH,REVIEW_ONLY_SOURCE_EXTRACT_OR_CATEGORY_SCOPE,PVC/vinyl is explicit plastic material.,,REVIEW_ONLY,DO_NOT_IMPORT_REVIEW_ONLY,False
backacia,HAT_BAUTEILTYP,bt_boden,boden,https://www.backacia.com/,Search result shows category/listing text including “Parquet & wooden floor”.,,direct_category_listing,REVIEW_ONLY_MAPPED_FROM_NON_PRODUCT_OR_WEAK_SOURCE,"Pass4-6 mapped from component text. Raw material=""wood""; raw component=""parquet / wooden floor""; status=DIRECT_CATEGORY; source_kind=search_result_listing",,REVIEW_ONLY,DO_NOT_IMPORT_REVIEW_ONLY,False
backacia,HAT_BAUTEILTYP,bt_boden,boden,https://www.backacia.com/,Search result shows “Sol PVC - Backacia”.,,direct_category_listing,REVIEW_ONLY_MAPPED_FROM_NON_PRODUCT_OR_WEAK_SOURCE,"Pass4-6 mapped from component text. Raw material=""PVC""; raw component=""flooring""; status=DIRECT_CATEGORY; source_kind=search_result_listing",,REVIEW_ONLY,DO_NOT_IMPORT_REVIEW_ONLY,False
backacia,HAT_BAUTEILTYP,bt_boden,boden,https://www.backacia.com/,Search result shows “Second-hand Cement tile - Backacia”.,,direct_category_listing,REVIEW_ONLY_MAPPED_FROM_NON_PRODUCT_OR_WEAK_SOURCE,"Pass4-6 mapped from component text. Raw material=""cement""; raw component=""cement tile""; status=DIRECT_CATEGORY; source_kind=search_result_listing",,REVIEW_ONLY,DO_NOT_IMPORT_REVIEW_ONLY,False
backacia,HAT_BAUTEILTYP,bt_boden,boden,https://www.backacia.com/,"Search result shows “Paving slabs, outdoor wood strips, recycled tiles: browse offers for outdoor paving…”",,direct_category_listing,REVIEW_ONLY_MAPPED_FROM_NON_PRODUCT_OR_WEAK_SOURCE,"Pass4-6 mapped from component text. Raw material=""wood + recycled tile + paving material (mixed; not product-specific)""; raw component=""outdoor paving / paving slabs / wooden strips / recycled tiles""; status=DIRECT_CATEGORY; source_kind=search_result_listing",,REVIEW_ONLY,DO_NOT_IMPORT_REVIEW_ONLY,False
backacia,HAT_BAUTEILTYP,bt_tuer,tuer,https://www.backacia.com/,"Search result shows “Paving slabs, outdoor wood strips, recycled tiles: browse offers for outdoor paving…”",,direct_category_listing,REVIEW_ONLY_MAPPED_FROM_NON_PRODUCT_OR_WEAK_SOURCE,"Pass4-6 mapped from component text. Raw material=""wood + recycled tile + paving material (mixed; not product-specific)""; raw component=""outdoor paving / paving slabs / wooden strips / recycled tiles""; status=DIRECT_CATEGORY; source_kind=search_result_listing",,REVIEW_ONLY,DO_NOT_IMPORT_REVIEW_ONLY,False
backacia,NUTZT_MATERIAL,mat_holz,holz,https://www.backacia.com/,Search result shows category/listing text including “Parquet & wooden floor”.,,direct_category_listing,REVIEW_ONLY_MAPPED_FROM_NON_PRODUCT_OR_WEAK_SOURCE,"Pass4-6 mapped from material text. Raw material=""wood""; raw component=""parquet / wooden floor""; status=DIRECT_CATEGORY; source_kind=search_result_listing",,REVIEW_ONLY,DO_NOT_IMPORT_REVIEW_ONLY,False
backacia,NUTZT_MATERIAL,mat_holz,holz,https://www.backacia.com/,"Search result shows “Paving slabs, outdoor wood strips, recycled tiles: browse offers for outdoor paving…”",,direct_category_listing,REVIEW_ONLY_MAPPED_FROM_NON_PRODUCT_OR_WEAK_SOURCE,"Pass4-6 mapped from material text. Raw material=""wood + recycled tile + paving material (mixed; not product-specific)""; raw component=""outdoor paving / paving slabs / wooden strips / recycled tiles""; status=DIRECT_CATEGORY; source_kind=search_result_listing",,REVIEW_ONLY,DO_NOT_IMPORT_REVIEW_ONLY,False
backacia,NUTZT_MATERIAL,mat_kunststoff,kunststoff,https://www.backacia.com/,Search result shows “Sol PVC - Backacia”.,,direct_category_listing,REVIEW_ONLY_MAPPED_FROM_NON_PRODUCT_OR_WEAK_SOURCE,"Pass4-6 mapped from material text. Raw material=""PVC""; raw component=""flooring""; status=DIRECT_CATEGORY; source_kind=search_result_listing",,REVIEW_ONLY,DO_NOT_IMPORT_REVIEW_ONLY,False
batiterre,NUTZT_MATERIAL,mat_keramik,keramik,https://www.batiterre.be/shop/category/liege-26,"Category excerpt lists Brique de verre, Faïence, Carrelage, Pierre bleue and named ceramic tile products.",,direct_public_listing,REVIEW_ONLY_MAPPED_FROM_NON_PRODUCT_OR_WEAK_SOURCE,"Pass4-6 mapped from material text. Raw material=""faïence, ceramic tile, pierre bleue, carrelage""; raw component=""Tiles / faïence / stone""; status=nan; source_kind=category_listing_page",,REVIEW_ONLY,DO_NOT_IMPORT_REVIEW_ONLY,False
batiterre,NUTZT_MATERIAL,mat_naturstein,naturstein,https://www.batiterre.be/shop/category/liege-26,"Category excerpt lists Brique de verre, Faïence, Carrelage, Pierre bleue and named ceramic tile products.",,direct_public_listing,REVIEW_ONLY_MAPPED_FROM_NON_PRODUCT_OR_WEAK_SOURCE,"Pass4-6 mapped from material text. Raw material=""faïence, ceramic tile, pierre bleue, carrelage""; raw component=""Tiles / faïence / stone""; status=nan; source_kind=category_listing_page",,REVIEW_ONLY,DO_NOT_IMPORT_REVIEW_ONLY,False
bauteilboerse_bremen,HAT_BAUTEILTYP,bt_ausbau,ausbau,https://www.bauteilboerse-bremen.de/katalog,"Catalog page lists category groups including Fenster, Türen, Hof & Garten, Böden & Treppen, Wände & Innenraum, Sanitär & Heizung; category pages expose a Material filter with Holz/Metall/Kunststoff/Keramik/Glas/Sonstiges/Stein.",search excerpt,direct_actor_catalog,REVIEW_ONLY_MAPPED_FROM_NON_PRODUCT_OR_WEAK_SOURCE,"Pass4-6 mapped from component text. Raw material=""Holz, Metall, Kunststoff, Keramik, Glas, Sonstiges, Stein filters""; raw component=""Bauteilkatalog across windows, doors, garden, floors/stairs, walls/interior, sanitary/heating, roof/facade""; status=DIRECT_CATEGORY_SCOPE; source_kind=catalog_category_page",,REVIEW_ONLY,DO_NOT_IMPORT_REVIEW_ONLY,False
bauteilboerse_bremen,HAT_BAUTEILTYP,bt_ausbau,ausbau,https://www.bauteilboerse-bremen.de/katalog/waende,"Wände & Innenraum listing includes “Zierbogen Holz”, article no. 21218, price 150,00 €.",search excerpt,direct_public_listing,REVIEW_ONLY_MAPPED_FROM_NON_PRODUCT_OR_WEAK_SOURCE,"Pass4-6 mapped from component text. Raw material=""Holz""; raw component=""Zierbogen""; status=DIRECT_EXPLICIT; source_kind=category_listing_page",,REVIEW_ONLY,DO_NOT_IMPORT_REVIEW_ONLY,False
bauteilboerse_bremen,HAT_BAUTEILTYP,bt_boden,boden,https://www.bauteilboerse-bremen.de/katalog,"Catalog page lists category groups including Fenster, Türen, Hof & Garten, Böden & Treppen, Wände & Innenraum, Sanitär & Heizung; category pages expose a Material filter with Holz/Metall/Kunststoff/Keramik/Glas/Sonstiges/Stein.",search excerpt,direct_actor_catalog,REVIEW_ONLY_MAPPED_FROM_NON_PRODUCT_OR_WEAK_SOURCE,"Pass4-6 mapped from component text. Raw material=""Holz, Metall, Kunststoff, Keramik, Glas, Sonstiges, Stein filters""; raw component=""Bauteilkatalog across windows, doors, garden, floors/stairs, walls/interior, sanitary/heating, roof/facade""; status=DIRECT_CATEGORY_SCOPE; source_kind=catalog_category_page",,REVIEW_ONLY,DO_NOT_IMPORT_REVIEW_ONLY,False
bauteilboerse_bremen,HAT_BAUTEILTYP,bt_boden,boden,https://www.bauteilboerse-bremen.de/katalog/boeden-treppen,"Böden & Treppen listing includes “italienische Bodenfliesen”, article no. 21238, 266 Stück vorhanden.",search excerpt,direct_public_listing,REVIEW_ONLY_MAPPED_FROM_NON_PRODUCT_OR_WEAK_SOURCE,"Pass4-6 mapped from component text. Raw material=""tile / ceramic not separately specified by row title""; raw component=""Bodenfliesen""; status=DIRECT_BAUTEILTYP_ONLY; source_kind=category_listing_page",,REVIEW_ONLY,DO_NOT_IMPORT_REVIEW_ONLY,False
bauteilboerse_bremen,HAT_BAUTEILTYP,bt_boden,boden,https://www.bauteilboerse-bremen.de/katalog/boeden-treppen,"Böden & Treppen listing includes “Zementfliese”, article no. 21215, 489 Stück vorhanden, price 1,00 € / Stück.",search excerpt,direct_public_listing,REVIEW_ONLY_MAPPED_FROM_NON_PRODUCT_OR_WEAK_SOURCE,"Pass4-6 mapped from component text. Raw material=""Zement""; raw component=""Zementfliese""; status=DIRECT_EXPLICIT; source_kind=category_listing_page",,REVIEW_ONLY,DO_NOT_IMPORT_REVIEW_ONLY,False
bauteilboerse_bremen,HAT_BAUTEILTYP,bt_dach,dach,https://www.bauteilboerse-bremen.de/katalog,"Catalog page lists category groups including Fenster, Türen, Hof & Garten, Böden & Treppen, Wände & Innenraum, Sanitär & Heizung; category pages expose a Material filter with Holz/Metall/Kunststoff/Keramik/Glas/Sonstiges/Stein.",search excerpt,direct_actor_catalog,REVIEW_ONLY_MAPPED_FROM_NON_PRODUCT_OR_WEAK_SOURCE,"Pass4-6 mapped from component text. Raw material=""Holz, Metall, Kunststoff, Keramik, Glas, Sonstiges, Stein filters""; raw component=""Bauteilkatalog across windows, doors, garden, floors/stairs, walls/interior, sanitary/heating, roof/facade""; status=DIRECT_CATEGORY_SCOPE; source_kind=catalog_category_page",,REVIEW_ONLY,DO_NOT_IMPORT_REVIEW_ONLY,False
bauteilboerse_bremen,HAT_BAUTEILTYP,bt_fassade,fassade,https://www.bauteilboerse-bremen.de/katalog,"Catalog page lists category groups including Fenster, Türen, Hof & Garten, Böden & Treppen, Wände & Innenraum, Sanitär & Heizung; category pages expose a Material filter with Holz/Metall/Kunststoff/Keramik/Glas/Sonstiges/Stein.",search excerpt,direct_actor_catalog,REVIEW_ONLY_MAPPED_FROM_NON_PRODUCT_OR_WEAK_SOURCE,"Pass4-6 mapped from component text. Raw material=""Holz, Metall, Kunststoff, Keramik, Glas, Sonstiges, Stein filters""; raw component=""Bauteilkatalog across windows, doors, garden, floors/stairs, walls/interior, sanitary/heating, roof/facade""; status=DIRECT_CATEGORY_SCOPE; source_kind=catalog_category_page",,REVIEW_ONLY,DO_NOT_IMPORT_REVIEW_ONLY,False
bauteilboerse_bremen,HAT_BAUTEILTYP,bt_fenster,fenster,https://www.bauteilboerse-bremen.de/katalog,"Catalog page lists category groups including Fenster, Türen, Hof & Garten, Böden & Treppen, Wände & Innenraum, Sanitär & Heizung; category pages expose a Material filter with Holz/Metall/Kunststoff/Keramik/Glas/Sonstiges/Stein.",search excerpt,direct_actor_catalog,REVIEW_ONLY_MAPPED_FROM_NON_PRODUCT_OR_WEAK_SOURCE,"Pass4-6 mapped from component text. Raw material=""Holz, Metall, Kunststoff, Keramik, Glas, Sonstiges, Stein filters""; raw component=""Bauteilkatalog across windows, doors, garden, floors/stairs, walls/interior, sanitary/heating, roof/facade""; status=DIRECT_CATEGORY_SCOPE; source_kind=catalog_category_page",,REVIEW_ONLY,DO_NOT_IMPORT_REVIEW_ONLY,False
bauteilboerse_bremen,HAT_BAUTEILTYP,bt_fenster,fenster,https://www.bauteilboerse-bremen.de/katalog/fenster,"Fenster page lists “Dreieckiges Kunststofffenster”, “Kunststoffbalkontür”, “Kunststofffenster”, “Bleiglaskunststofffenster”, and material filters Holz/Metall/Kunststoff/Keramik/Glas/Sonstiges/Stein.",search excerpt,direct_public_listing,REVIEW_ONLY_MAPPED_FROM_NON_PRODUCT_OR_WEAK_SOURCE,"Pass4-6 mapped from component text. Raw material=""Kunststoff / Glas""; raw component=""Fenster / Balkontür""; status=DIRECT_EXPLICIT; source_kind=category_listing_page",,REVIEW_ONLY,DO_NOT_IMPORT_REVIEW_ONLY,False
bauteilboerse_bremen,HAT_BAUTEILTYP,bt_technik,technik,https://www.bauteilboerse-bremen.de/katalog,"Catalog page lists category groups including Fenster, Türen, Hof & Garten, Böden & Treppen, Wände & Innenraum, Sanitär & Heizung; category pages expose a Material filter with Holz/Metall/Kunststoff/Keramik/Glas/Sonstiges/Stein.",search excerpt,direct_actor_catalog,REVIEW_ONLY_MAPPED_FROM_NON_PRODUCT_OR_WEAK_SOURCE,"Pass4-6 mapped from component text. Raw material=""Holz, Metall, Kunststoff, Keramik, Glas, Sonstiges, Stein filters""; raw component=""Bauteilkatalog across windows, doors, garden, floors/stairs, walls/interior, sanitary/heating, roof/facade""; status=DIRECT_CATEGORY_SCOPE; source_kind=catalog_category_page",,REVIEW_ONLY,DO_NOT_IMPORT_REVIEW_ONLY,False
bauteilboerse_bremen,HAT_BAUTEILTYP,bt_technik,technik,https://www.bauteilboerse-bremen.de/katalog/sanitaer,"Sanitär & Heizung listing includes “Duschwanne mit Glaswand”, article no. 21248, price 120,00 €.",search excerpt,direct_public_listing,REVIEW_ONLY_MAPPED_FROM_NON_PRODUCT_OR_WEAK_SOURCE,"Pass4-6 mapped from component text. Raw material=""Glas for the wall component; tub material not specified""; raw component=""Duschwanne with glass wall""; status=DIRECT_PARTIAL_MATERIAL; source_kind=category_listing_page",,REVIEW_ONLY,DO_NOT_IMPORT_REVIEW_ONLY,False
bauteilboerse_bremen,HAT_BAUTEILTYP,bt_treppe,treppe,https://www.bauteilboerse-bremen.de/katalog,"Catalog page lists category groups including Fenster, Türen, Hof & Garten, Böden & Treppen, Wände & Innenraum, Sanitär & Heizung; category pages expose a Material filter with Holz/Metall/Kunststoff/Keramik/Glas/Sonstiges/Stein.",search excerpt,direct_actor_catalog,REVIEW_ONLY_MAPPED_FROM_NON_PRODUCT_OR_WEAK_SOURCE,"Pass4-6 mapped from component text. Raw material=""Holz, Metall, Kunststoff, Keramik, Glas, Sonstiges, Stein filters""; raw component=""Bauteilkatalog across windows, doors, garden, floors/stairs, walls/interior, sanitary/heating, roof/facade""; status=DIRECT_CATEGORY_SCOPE; source_kind=catalog_category_page",,REVIEW_ONLY,DO_NOT_IMPORT_REVIEW_ONLY,False
bauteilboerse_bremen,HAT_BAUTEILTYP,bt_treppe,treppe,https://www.bauteilboerse-bremen.de/katalog/boeden-treppen,"Böden & Treppen listing includes “italienische Bodenfliesen”, article no. 21238, 266 Stück vorhanden.",search excerpt,direct_public_listing,REVIEW_ONLY_MAPPED_FROM_NON_PRODUCT_OR_WEAK_SOURCE,"Pass4-6 mapped from component text. Raw material=""tile / ceramic not separately specified by row title""; raw component=""Bodenfliesen""; status=DIRECT_BAUTEILTYP_ONLY; source_kind=category_listing_page",,REVIEW_ONLY,DO_NOT_IMPORT_REVIEW_ONLY,False
bauteilboerse_bremen,HAT_BAUTEILTYP,bt_treppe,treppe,https://www.bauteilboerse-bremen.de/katalog/boeden-treppen,"Böden & Treppen listing includes “achteckige Handläufe aus Tropenholz”, article no. 21224, price 50,00 € / Stück.",search excerpt,direct_public_listing,REVIEW_ONLY_MAPPED_FROM_NON_PRODUCT_OR_WEAK_SOURCE,"Pass4-6 mapped from component text. Raw material=""Tropenholz""; raw component=""Handlauf""; status=DIRECT_EXPLICIT; source_kind=category_listing_page",,REVIEW_ONLY,DO_NOT_IMPORT_REVIEW_ONLY,False
bauteilboerse_bremen,HAT_BAUTEILTYP,bt_treppe,treppe,https://www.bauteilboerse-bremen.de/katalog/boeden-treppen,"Böden & Treppen listing includes “Zementfliese”, article no. 21215, 489 Stück vorhanden, price 1,00 € / Stück.",search excerpt,direct_public_listing,REVIEW_ONLY_MAPPED_FROM_NON_PRODUCT_OR_WEAK_SOURCE,"Pass4-6 mapped from component text. Raw material=""Zement""; raw component=""Zementfliese""; status=DIRECT_EXPLICIT; source_kind=category_listing_page",,REVIEW_ONLY,DO_NOT_IMPORT_REVIEW_ONLY,False
bauteilboerse_bremen,HAT_BAUTEILTYP,bt_tuer,tuer,https://www.bauteilboerse-bremen.de/katalog,"Catalog page lists category groups including Fenster, Türen, Hof & Garten, Böden & Treppen, Wände & Innenraum, Sanitär & Heizung; category pages expose a Material filter with Holz/Metall/Kunststoff/Keramik/Glas/Sonstiges/Stein.",search excerpt,direct_actor_catalog,REVIEW_ONLY_MAPPED_FROM_NON_PRODUCT_OR_WEAK_SOURCE,"Pass4-6 mapped from component text. Raw material=""Holz, Metall, Kunststoff, Keramik, Glas, Sonstiges, Stein filters""; raw component=""Bauteilkatalog across windows, doors, garden, floors/stairs, walls/interior, sanitary/heating, roof/facade""; status=DIRECT_CATEGORY_SCOPE; source_kind=catalog_category_page",,REVIEW_ONLY,DO_NOT_IMPORT_REVIEW_ONLY,False
bauteilboerse_bremen,HAT_BAUTEILTYP,bt_tuer,tuer,https://www.bauteilboerse-bremen.de/katalog/tueren,"Türen page lists subcategories and rows such as “Zimmertür mit Zarge und Bekleidung” and “Schiebetür”; material filter is present, but material is not explicit in these row titles.",search excerpt,direct_public_listing_bauteiltyp_only,REVIEW_ONLY_MAPPED_FROM_NON_PRODUCT_OR_WEAK_SOURCE,"Pass4-6 mapped from component text. Raw material=""material not explicit in listed first rows; filter includes Holz/Metall/Kunststoff/Keramik/Glas/Sonstiges/Stein""; raw component=""Zimmertür / Schiebetür""; status=DIRECT_BAUTEILTYP_ONLY; source_kind=category_listing_page",,REVIEW_ONLY,DO_NOT_IMPORT_REVIEW_ONLY,False
bauteilboerse_bremen,HAT_BAUTEILTYP,bt_wand,wand,https://www.bauteilboerse-bremen.de/katalog,"Catalog page lists category groups including Fenster, Türen, Hof & Garten, Böden & Treppen, Wände & Innenraum, Sanitär & Heizung; category pages expose a Material filter with Holz/Metall/Kunststoff/Keramik/Glas/Sonstiges/Stein.",search excerpt,direct_actor_catalog,REVIEW_ONLY_MAPPED_FROM_NON_PRODUCT_OR_WEAK_SOURCE,"Pass4-6 mapped from component text. Raw material=""Holz, Metall, Kunststoff, Keramik, Glas, Sonstiges, Stein filters""; raw component=""Bauteilkatalog across windows, doors, garden, floors/stairs, walls/interior, sanitary/heating, roof/facade""; status=DIRECT_CATEGORY_SCOPE; source_kind=catalog_category_page",,REVIEW_ONLY,DO_NOT_IMPORT_REVIEW_ONLY,False
bauteilboerse_bremen,HAT_BAUTEILTYP,bt_wand,wand,https://www.bauteilboerse-bremen.de/katalog/sanitaer,"Sanitär & Heizung listing includes “Duschwanne mit Glaswand”, article no. 21248, price 120,00 €.",search excerpt,direct_public_listing,REVIEW_ONLY_MAPPED_FROM_NON_PRODUCT_OR_WEAK_SOURCE,"Pass4-6 mapped from component text. Raw material=""Glas for the wall component; tub material not specified""; raw component=""Duschwanne with glass wall""; status=DIRECT_PARTIAL_MATERIAL; source_kind=category_listing_page",,REVIEW_ONLY,DO_NOT_IMPORT_REVIEW_ONLY,False
bauteilboerse_bremen,HAT_BAUTEILTYP,bt_wand,wand,https://www.bauteilboerse-bremen.de/katalog/waende,"Wände & Innenraum listing includes “Zierbogen Holz”, article no. 21218, price 150,00 €.",search excerpt,direct_public_listing,REVIEW_ONLY_MAPPED_FROM_NON_PRODUCT_OR_WEAK_SOURCE,"Pass4-6 mapped from component text. Raw material=""Holz""; raw component=""Zierbogen""; status=DIRECT_EXPLICIT; source_kind=category_listing_page",,REVIEW_ONLY,DO_NOT_IMPORT_REVIEW_ONLY,False
bauteilboerse_bremen,NUTZT_MATERIAL,mat_glas,glas,https://www.bauteilboerse-bremen.de/katalog,"Catalog page lists category groups including Fenster, Türen, Hof & Garten, Böden & Treppen, Wände & Innenraum, Sanitär & Heizung; category pages expose a Material filter with Holz/Metall/Kunststoff/Keramik/Glas/Sonstiges/Stein.",search excerpt,direct_actor_catalog,REVIEW_ONLY_MAPPED_FROM_NON_PRODUCT_OR_WEAK_SOURCE,"Pass4-6 mapped from material text. Raw material=""Holz, Metall, Kunststoff, Keramik, Glas, Sonstiges, Stein filters""; raw component=""Bauteilkatalog across windows, doors, garden, floors/stairs, walls/interior, sanitary/heating, roof/facade""; status=DIRECT_CATEGORY_SCOPE; source_kind=catalog_category_page",,REVIEW_ONLY,DO_NOT_IMPORT_REVIEW_ONLY,False
bauteilboerse_bremen,NUTZT_MATERIAL,mat_glas,glas,https://www.bauteilboerse-bremen.de/katalog/fenster,"Fenster page lists “Dreieckiges Kunststofffenster”, “Kunststoffbalkontür”, “Kunststofffenster”, “Bleiglaskunststofffenster”, and material filters Holz/Metall/Kunststoff/Keramik/Glas/Sonstiges/Stein.",search excerpt,direct_public_listing,REVIEW_ONLY_MAPPED_FROM_NON_PRODUCT_OR_WEAK_SOURCE,"Pass4-6 mapped from material text. Raw material=""Kunststoff / Glas""; raw component=""Fenster / Balkontür""; status=DIRECT_EXPLICIT; source_kind=category_listing_page",,REVIEW_ONLY,DO_NOT_IMPORT_REVIEW_ONLY,False
bauteilboerse_bremen,NUTZT_MATERIAL,mat_glas,glas,https://www.bauteilboerse-bremen.de/katalog/sanitaer,"Sanitär & Heizung listing includes “Duschwanne mit Glaswand”, article no. 21248, price 120,00 €.",search excerpt,direct_public_listing,REVIEW_ONLY_MAPPED_FROM_NON_PRODUCT_OR_WEAK_SOURCE,"Pass4-6 mapped from material text. Raw material=""Glas for the wall component; tub material not specified""; raw component=""Duschwanne with glass wall""; status=DIRECT_PARTIAL_MATERIAL; source_kind=category_listing_page",,REVIEW_ONLY,DO_NOT_IMPORT_REVIEW_ONLY,False
bauteilboerse_bremen,NUTZT_MATERIAL,mat_glas,glas,https://www.bauteilboerse-bremen.de/katalog/tueren,"Türen page lists subcategories and rows such as “Zimmertür mit Zarge und Bekleidung” and “Schiebetür”; material filter is present, but material is not explicit in these row titles.",search excerpt,direct_public_listing_bauteiltyp_only,REVIEW_ONLY_MAPPED_FROM_NON_PRODUCT_OR_WEAK_SOURCE,"Pass4-6 mapped from material text. Raw material=""material not explicit in listed first rows; filter includes Holz/Metall/Kunststoff/Keramik/Glas/Sonstiges/Stein""; raw component=""Zimmertür / Schiebetür""; status=DIRECT_BAUTEILTYP_ONLY; source_kind=category_listing_page",,REVIEW_ONLY,DO_NOT_IMPORT_REVIEW_ONLY,False
bauteilboerse_bremen,NUTZT_MATERIAL,mat_holz,holz,https://www.bauteilboerse-bremen.de/katalog,"Catalog page lists category groups including Fenster, Türen, Hof & Garten, Böden & Treppen, Wände & Innenraum, Sanitär & Heizung; category pages expose a Material filter with Holz/Metall/Kunststoff/Keramik/Glas/Sonstiges/Stein.",search excerpt,direct_actor_catalog,REVIEW_ONLY_MAPPED_FROM_NON_PRODUCT_OR_WEAK_SOURCE,"Pass4-6 mapped from material text. Raw material=""Holz, Metall, Kunststoff, Keramik, Glas, Sonstiges, Stein filters""; raw component=""Bauteilkatalog across windows, doors, garden, floors/stairs, walls/interior, sanitary/heating, roof/facade""; status=DIRECT_CATEGORY_SCOPE; source_kind=catalog_category_page",,REVIEW_ONLY,DO_NOT_IMPORT_REVIEW_ONLY,False
bauteilboerse_bremen,NUTZT_MATERIAL,mat_holz,holz,https://www.bauteilboerse-bremen.de/katalog/boeden-treppen,"Böden & Treppen listing includes “achteckige Handläufe aus Tropenholz”, article no. 21224, price 50,00 € / Stück.",search excerpt,direct_public_listing,REVIEW_ONLY_MAPPED_FROM_NON_PRODUCT_OR_WEAK_SOURCE,"Pass4-6 mapped from material text. Raw material=""Tropenholz""; raw component=""Handlauf""; status=DIRECT_EXPLICIT; source_kind=category_listing_page",,REVIEW_ONLY,DO_NOT_IMPORT_REVIEW_ONLY,False
bauteilboerse_bremen,NUTZT_MATERIAL,mat_holz,holz,https://www.bauteilboerse-bremen.de/katalog/fenster,"Fenster page lists “Dreieckiges Kunststofffenster”, “Kunststoffbalkontür”, “Kunststofffenster”, “Bleiglaskunststofffenster”, and material filters Holz/Metall/Kunststoff/Keramik/Glas/Sonstiges/Stein.",search excerpt,direct_public_listing,REVIEW_ONLY_MAPPED_FROM_NON_PRODUCT_OR_WEAK_SOURCE,"Pass4-6 mapped from material text. Raw material=""Kunststoff / Glas""; raw component=""Fenster / Balkontür""; status=DIRECT_EXPLICIT; source_kind=category_listing_page",,REVIEW_ONLY,DO_NOT_IMPORT_REVIEW_ONLY,False
bauteilboerse_bremen,NUTZT_MATERIAL,mat_holz,holz,https://www.bauteilboerse-bremen.de/katalog/tueren,"Türen page lists subcategories and rows such as “Zimmertür mit Zarge und Bekleidung” and “Schiebetür”; material filter is present, but material is not explicit in these row titles.",search excerpt,direct_public_listing_bauteiltyp_only,REVIEW_ONLY_MAPPED_FROM_NON_PRODUCT_OR_WEAK_SOURCE,"Pass4-6 mapped from material text. Raw material=""material not explicit in listed first rows; filter includes Holz/Metall/Kunststoff/Keramik/Glas/Sonstiges/Stein""; raw component=""Zimmertür / Schiebetür""; status=DIRECT_BAUTEILTYP_ONLY; source_kind=category_listing_page",,REVIEW_ONLY,DO_NOT_IMPORT_REVIEW_ONLY,False
bauteilboerse_bremen,NUTZT_MATERIAL,mat_holz,holz,https://www.bauteilboerse-bremen.de/katalog/waende,"Wände & Innenraum listing includes “Zierbogen Holz”, article no. 21218, price 150,00 €.",search excerpt,direct_public_listing,REVIEW_ONLY_MAPPED_FROM_NON_PRODUCT_OR_WEAK_SOURCE,"Pass4-6 mapped from material text. Raw material=""Holz""; raw component=""Zierbogen""; status=DIRECT_EXPLICIT; source_kind=category_listing_page",,REVIEW_ONLY,DO_NOT_IMPORT_REVIEW_ONLY,False
bauteilboerse_bremen,NUTZT_MATERIAL,mat_keramik,keramik,https://www.bauteilboerse-bremen.de/katalog,"Catalog page lists category groups including Fenster, Türen, Hof & Garten, Böden & Treppen, Wände & Innenraum, Sanitär & Heizung; category pages expose a Material filter with Holz/Metall/Kunststoff/Keramik/Glas/Sonstiges/Stein.",search excerpt,direct_actor_catalog,REVIEW_ONLY_MAPPED_FROM_NON_PRODUCT_OR_WEAK_SOURCE,"Pass4-6 mapped from material text. Raw material=""Holz, Metall, Kunststoff, Keramik, Glas, Sonstiges, Stein filters""; raw component=""Bauteilkatalog across windows, doors, garden, floors/stairs, walls/interior, sanitary/heating, roof/facade""; status=DIRECT_CATEGORY_SCOPE; source_kind=catalog_category_page",,REVIEW_ONLY,DO_NOT_IMPORT_REVIEW_ONLY,False
bauteilboerse_bremen,NUTZT_MATERIAL,mat_keramik,keramik,https://www.bauteilboerse-bremen.de/katalog/boeden-treppen,"Böden & Treppen listing includes “italienische Bodenfliesen”, article no. 21238, 266 Stück vorhanden.",search excerpt,direct_public_listing,REVIEW_ONLY_MAPPED_FROM_NON_PRODUCT_OR_WEAK_SOURCE,"Pass4-6 mapped from material text. Raw material=""tile / ceramic not separately specified by row title""; raw component=""Bodenfliesen""; status=DIRECT_BAUTEILTYP_ONLY; source_kind=category_listing_page",,REVIEW_ONLY,DO_NOT_IMPORT_REVIEW_ONLY,False
bauteilboerse_bremen,NUTZT_MATERIAL,mat_keramik,keramik,https://www.bauteilboerse-bremen.de/katalog/fenster,"Fenster page lists “Dreieckiges Kunststofffenster”, “Kunststoffbalkontür”, “Kunststofffenster”, “Bleiglaskunststofffenster”, and material filters Holz/Metall/Kunststoff/Keramik/Glas/Sonstiges/Stein.",search excerpt,direct_public_listing,REVIEW_ONLY_MAPPED_FROM_NON_PRODUCT_OR_WEAK_SOURCE,"Pass4-6 mapped from material text. Raw material=""Kunststoff / Glas""; raw component=""Fenster / Balkontür""; status=DIRECT_EXPLICIT; source_kind=category_listing_page",,REVIEW_ONLY,DO_NOT_IMPORT_REVIEW_ONLY,False
bauteilboerse_bremen,NUTZT_MATERIAL,mat_keramik,keramik,https://www.bauteilboerse-bremen.de/katalog/tueren,"Türen page lists subcategories and rows such as “Zimmertür mit Zarge und Bekleidung” and “Schiebetür”; material filter is present, but material is not explicit in these row titles.",search excerpt,direct_public_listing_bauteiltyp_only,REVIEW_ONLY_MAPPED_FROM_NON_PRODUCT_OR_WEAK_SOURCE,"Pass4-6 mapped from material text. Raw material=""material not explicit in listed first rows; filter includes Holz/Metall/Kunststoff/Keramik/Glas/Sonstiges/Stein""; raw component=""Zimmertür / Schiebetür""; status=DIRECT_BAUTEILTYP_ONLY; source_kind=category_listing_page",,REVIEW_ONLY,DO_NOT_IMPORT_REVIEW_ONLY,False
bauteilboerse_bremen,NUTZT_MATERIAL,mat_kunststoff,kunststoff,https://www.bauteilboerse-bremen.de/katalog,"Catalog page lists category groups including Fenster, Türen, Hof & Garten, Böden & Treppen, Wände & Innenraum, Sanitär & Heizung; category pages expose a Material filter with Holz/Metall/Kunststoff/Keramik/Glas/Sonstiges/Stein.",search excerpt,direct_actor_catalog,REVIEW_ONLY_MAPPED_FROM_NON_PRODUCT_OR_WEAK_SOURCE,"Pass4-6 mapped from material text. Raw material=""Holz, Metall, Kunststoff, Keramik, Glas, Sonstiges, Stein filters""; raw component=""Bauteilkatalog across windows, doors, garden, floors/stairs, walls/interior, sanitary/heating, roof/facade""; status=DIRECT_CATEGORY_SCOPE; source_kind=catalog_category_page",,REVIEW_ONLY,DO_NOT_IMPORT_REVIEW_ONLY,False
bauteilboerse_bremen,NUTZT_MATERIAL,mat_kunststoff,kunststoff,https://www.bauteilboerse-bremen.de/katalog/fenster,"Fenster page lists “Dreieckiges Kunststofffenster”, “Kunststoffbalkontür”, “Kunststofffenster”, “Bleiglaskunststofffenster”, and material filters Holz/Metall/Kunststoff/Keramik/Glas/Sonstiges/Stein.",search excerpt,direct_public_listing,REVIEW_ONLY_MAPPED_FROM_NON_PRODUCT_OR_WEAK_SOURCE,"Pass4-6 mapped from material text. Raw material=""Kunststoff / Glas""; raw component=""Fenster / Balkontür""; status=DIRECT_EXPLICIT; source_kind=category_listing_page",,REVIEW_ONLY,DO_NOT_IMPORT_REVIEW_ONLY,False
bauteilboerse_bremen,NUTZT_MATERIAL,mat_kunststoff,kunststoff,https://www.bauteilboerse-bremen.de/katalog/tueren,"Türen page lists subcategories and rows such as “Zimmertür mit Zarge und Bekleidung” and “Schiebetür”; material filter is present, but material is not explicit in these row titles.",search excerpt,direct_public_listing_bauteiltyp_only,REVIEW_ONLY_MAPPED_FROM_NON_PRODUCT_OR_WEAK_SOURCE,"Pass4-6 mapped from material text. Raw material=""material not explicit in listed first rows; filter includes Holz/Metall/Kunststoff/Keramik/Glas/Sonstiges/Stein""; raw component=""Zimmertür / Schiebetür""; status=DIRECT_BAUTEILTYP_ONLY; source_kind=category_listing_page",,REVIEW_ONLY,DO_NOT_IMPORT_REVIEW_ONLY,False
bauteilboerse_bremen,NUTZT_MATERIAL,mat_naturstein,naturstein,https://www.bauteilboerse-bremen.de/katalog/hof-garten,"Hof & Garten listing includes “große Sandsteinplatte”, article no. 21124, price 75,00 € / Stück.",search excerpt,direct_public_listing,REVIEW_ONLY_MAPPED_FROM_NON_PRODUCT_OR_WEAK_SOURCE,"Pass4-6 mapped from material text. Raw material=""Sandstein""; raw component=""Sandsteinplatte""; status=DIRECT_EXPLICIT; source_kind=category_listing_page",,REVIEW_ONLY,DO_NOT_IMPORT_REVIEW_ONLY,False
bauteilboerse_bremen,NUTZT_MATERIAL,mat_naturstein,naturstein,https://www.bauteilboerse-bremen.de/katalog/hof-garten,"Hof & Garten listing includes “Bord aus Muschelkalk”, article no. 21123, price 12,00 € / Stück.",search excerpt,direct_public_listing,REVIEW_ONLY_MAPPED_FROM_NON_PRODUCT_OR_WEAK_SOURCE,"Pass4-6 mapped from material text. Raw material=""Muschelkalk""; raw component=""Bord / stone element""; status=DIRECT_EXPLICIT; source_kind=category_listing_page",,REVIEW_ONLY,DO_NOT_IMPORT_REVIEW_ONLY,False
bauteilboerse_bremen,NUTZT_MATERIAL,mat_naturstein,naturstein,https://www.bauteilboerse-bremen.de/katalog/hof-garten,"Hof & Garten listing includes “Grauwacke Mosaikpflaster”, article no. 21121, price 0,10 € / Stück.",search excerpt,direct_public_listing,REVIEW_ONLY_MAPPED_FROM_NON_PRODUCT_OR_WEAK_SOURCE,"Pass4-6 mapped from material text. Raw material=""Grauwacke""; raw component=""Mosaikpflaster""; status=DIRECT_EXPLICIT; source_kind=category_listing_page",,REVIEW_ONLY,DO_NOT_IMPORT_REVIEW_ONLY,False
bauteilboerse_bremen,NUTZT_MATERIAL,mat_stahl,stahl,https://www.bauteilboerse-bremen.de/katalog/hof-garten,"Hof & Garten listing includes “Handläufe aus Edelstahl”, article no. 21223, price 20,00 € / Stück.",search excerpt,direct_public_listing,REVIEW_ONLY_MAPPED_FROM_NON_PRODUCT_OR_WEAK_SOURCE,"Pass4-6 mapped from material text. Raw material=""Edelstahl""; raw component=""Handlauf""; status=DIRECT_EXPLICIT; source_kind=category_listing_page",,REVIEW_ONLY,DO_NOT_IMPORT_REVIEW_ONLY,False
bauteilladen_winterthur,HAT_BAUTEILTYP,bt_boden,boden,https://bauteilladen.ch/shop/,"Shop category list includes Boden & Wandbeläge, Fenster, Sanitär, Treppen, Türen & Tore, Decken & Dächer and others.",L41-L59,direct_category_filter,REVIEW_ONLY_MAPPED_FROM_NON_PRODUCT_OR_WEAK_SOURCE,"Pass4-6 mapped from component text. Raw material=""NOT STATED IN SOURCE""; raw component=""Fenster / Sanitär / Treppen / Türen & Tore / Decken & Dächer / Boden & Wandbeläge categories""; status=DIRECT_CATEGORY; source_kind=webshop_listing_page",,REVIEW_ONLY,DO_NOT_IMPORT_REVIEW_ONLY,False
bauteilladen_winterthur,HAT_BAUTEILTYP,bt_technik,technik,https://bauteilladen.ch/produkt/metallgelaender-verzinkt/,"Product page/sidebar lists shop categories including Fenster, Heizung & Klima, Sanitär, Treppen, Türen & Tore, Decken & Dächer, Möbel.",,direct_category_scope,REVIEW_ONLY_MAPPED_FROM_NON_PRODUCT_OR_WEAK_SOURCE,"Pass4-6 mapped from component text. Raw material=""varied""; raw component=""Fenster, Türen & Tore, Sanitär, Treppen, Decken & Dächer, Möbel etc.""; status=nan; source_kind=product_page_with_category_sidebar",,REVIEW_ONLY,DO_NOT_IMPORT_REVIEW_ONLY,False
bauteilladen_winterthur,HAT_BAUTEILTYP,bt_technik,technik,https://bauteilladen.ch/shop/,"Shop category list includes Boden & Wandbeläge, Fenster, Sanitär, Treppen, Türen & Tore, Decken & Dächer and others.",L41-L59,direct_category_filter,REVIEW_ONLY_MAPPED_FROM_NON_PRODUCT_OR_WEAK_SOURCE,"Pass4-6 mapped from component text. Raw material=""NOT STATED IN SOURCE""; raw component=""Fenster / Sanitär / Treppen / Türen & Tore / Decken & Dächer / Boden & Wandbeläge categories""; status=DIRECT_CATEGORY; source_kind=webshop_listing_page",,REVIEW_ONLY,DO_NOT_IMPORT_REVIEW_ONLY,False
bauteilladen_winterthur,HAT_BAUTEILTYP,bt_treppe,treppe,https://bauteilladen.ch/produkt/metallgelaender-verzinkt/,"Product page/sidebar lists shop categories including Fenster, Heizung & Klima, Sanitär, Treppen, Türen & Tore, Decken & Dächer, Möbel.",,direct_category_scope,REVIEW_ONLY_MAPPED_FROM_NON_PRODUCT_OR_WEAK_SOURCE,"Pass4-6 mapped from component text. Raw material=""varied""; raw component=""Fenster, Türen & Tore, Sanitär, Treppen, Decken & Dächer, Möbel etc.""; status=nan; source_kind=product_page_with_category_sidebar",,REVIEW_ONLY,DO_NOT_IMPORT_REVIEW_ONLY,False
bauteilladen_winterthur,HAT_BAUTEILTYP,bt_treppe,treppe,https://bauteilladen.ch/shop/,"Shop category list includes Boden & Wandbeläge, Fenster, Sanitär, Treppen, Türen & Tore, Decken & Dächer and others.",L41-L59,direct_category_filter,REVIEW_ONLY_MAPPED_FROM_NON_PRODUCT_OR_WEAK_SOURCE,"Pass4-6 mapped from component text. Raw material=""NOT STATED IN SOURCE""; raw component=""Fenster / Sanitär / Treppen / Türen & Tore / Decken & Dächer / Boden & Wandbeläge categories""; status=DIRECT_CATEGORY; source_kind=webshop_listing_page",,REVIEW_ONLY,DO_NOT_IMPORT_REVIEW_ONLY,False
bauteilladen_winterthur,HAT_BAUTEILTYP,bt_tuer,tuer,https://bauteilladen.ch/produkt/metallgelaender-verzinkt/,"Product page/sidebar lists shop categories including Fenster, Heizung & Klima, Sanitär, Treppen, Türen & Tore, Decken & Dächer, Möbel.",,direct_category_scope,REVIEW_ONLY_MAPPED_FROM_NON_PRODUCT_OR_WEAK_SOURCE,"Pass4-6 mapped from component text. Raw material=""varied""; raw component=""Fenster, Türen & Tore, Sanitär, Treppen, Decken & Dächer, Möbel etc.""; status=nan; source_kind=product_page_with_category_sidebar",,REVIEW_ONLY,DO_NOT_IMPORT_REVIEW_ONLY,False
bauteilladen_winterthur,HAT_BAUTEILTYP,bt_tuer,tuer,https://bauteilladen.ch/shop/,"Shop category list includes Boden & Wandbeläge, Fenster, Sanitär, Treppen, Türen & Tore, Decken & Dächer and others.",L41-L59,direct_category_filter,REVIEW_ONLY_MAPPED_FROM_NON_PRODUCT_OR_WEAK_SOURCE,"Pass4-6 mapped from component text. Raw material=""NOT STATED IN SOURCE""; raw component=""Fenster / Sanitär / Treppen / Türen & Tore / Decken & Dächer / Boden & Wandbeläge categories""; status=DIRECT_CATEGORY; source_kind=webshop_listing_page",,REVIEW_ONLY,DO_NOT_IMPORT_REVIEW_ONLY,False
bauteilnetz_deutschland,HAT_BAUTEILTYP,bt_fenster,Fenster,https://www.dbu.de/projektbeispiele/das-bauteilnetz-deutschland/,"The DBU description gives the principle: windows, doors or radiators from demolition/conversion are secured and stored until taken up by a buyer.",search extract,THIRD_PARTY_DIRECT,REVIEW_ONLY_SOURCE_EXTRACT_OR_CATEGORY_SCOPE,"Third-party project source; appropriate for Bauteilnetz historical scope, not for a current stock claim.",,REVIEW_ONLY,DO_NOT_IMPORT_REVIEW_ONLY,False
bauteilnetz_deutschland,HAT_BAUTEILTYP,bt_technik,Technik,https://www.dbu.de/projektbeispiele/das-bauteilnetz-deutschland/,"The DBU description gives the principle: windows, doors or radiators from demolition/conversion are secured and stored until taken up by a buyer.",search extract,THIRD_PARTY_DIRECT,REVIEW_ONLY_SOURCE_EXTRACT_OR_CATEGORY_SCOPE,"Third-party project source; appropriate for Bauteilnetz historical scope, not for a current stock claim.",,REVIEW_ONLY,DO_NOT_IMPORT_REVIEW_ONLY,False
bauteilnetz_deutschland,HAT_BAUTEILTYP,bt_tuer,Tür,https://www.dbu.de/projektbeispiele/das-bauteilnetz-deutschland/,"The DBU description gives the principle: windows, doors or radiators from demolition/conversion are secured and stored until taken up by a buyer.",search extract,THIRD_PARTY_DIRECT,REVIEW_ONLY_SOURCE_EXTRACT_OR_CATEGORY_SCOPE,"Third-party project source; appropriate for Bauteilnetz historical scope, not for a current stock claim.",,REVIEW_ONLY,DO_NOT_IMPORT_REVIEW_ONLY,False
bauteilnetz_deutschland,HAT_BAUTEILTYP,bt_wand,wand,https://www.bauteilnetz.de/bauteilnetz/website/bauteilsuche/dachziegel_firstziegel_lueftersteine_maschinell?btk_bauteil_show=17936&btk_suche=true&btk_kid=2&btkt_local=false&btkt_fs_andor=and&btkt_detailsuche=true&btkt_anzopt=false&btkt_simple_search_off=false&btkt_specialsuche=false&btk_sort=BauteilAngebot.ErfassungsDatum_desc,"User supplied direct Bauteilnetz product/category URL for roof-tile/first-tile/ventilation-stone search; apply product/detail-first scan, but material must be taken from page field when visible.",,needs_line_capture,REVIEW_ONLY_MAPPED_FROM_NON_PRODUCT_OR_WEAK_SOURCE,"Pass4-6 mapped from component text. Raw material=""not explicitly captured in opened line excerpt""; raw component=""Wände/Dach / Dachziegel, Firstziegel, Lüftersteine""; status=nan; source_kind=user_supplied_product_url",,REVIEW_ONLY,DO_NOT_IMPORT_REVIEW_ONLY,False
bauteilnetz_deutschland,NUTZT_MATERIAL,mat_holz,holz,https://www.bauteilnetz.de/bauteilnetz/website/bauteilsuche/boeden?btk_kid=1&btk_suche=true&btkt_anzopt=false&btkt_detailsuche=true&btkt_fs_andor=and&btkt_local=false&btkt_simple_search_off=false&btkt_specialsuche=false,Public Bauteilsuche category page for Böden exposes product rows; material should only be taken when a row title or detail field explicitly says it.,category listing rows captured in current session,direct_public_listing,REVIEW_ONLY_MAPPED_FROM_NON_PRODUCT_OR_WEAK_SOURCE,"Pass4-6 mapped from material text. Raw material=""wood/ceramic/stone items appear in listing titles""; raw component=""Böden / Fliesen / Parkett""; status=DIRECT_CATEGORY_SCOPE; source_kind=category_listing_page",,REVIEW_ONLY,DO_NOT_IMPORT_REVIEW_ONLY,False
cornermat_retrival,HAT_BAUTEILTYP,bt_boden,Boden,https://ecosysteme-economiecirculaire.wallonie.be/fr/agenda/cornermat-e-magasin-de-materiaux-de-construction-de-reemploi/,"Event page says the Cornermat store contains: “bois, sanitaires, isolants, revêtements de sol, éclairage, cloisons, châssis...”. Matched token: revêtements de sol.",search extract,THIRD_PARTY_DIRECT,REVIEW_ONLY_SOURCE_EXTRACT_OR_CATEGORY_SCOPE,Third-party but specific to Cornermat; obtain first-party shop/category page before fully automatic import.,,REVIEW_ONLY,DO_NOT_IMPORT_REVIEW_ONLY,False
cornermat_retrival,HAT_BAUTEILTYP,bt_daemmung,daemmung,https://www.cornermat.be/shop/page/4,"Category and material filters include Portes, Sol, Châssis et fenêtres, Isolation, Couverture, Sanitaires plus material filters BOIS, METAL, VERRE, PIERRE.",L54-L155,direct_category_filter,REVIEW_ONLY_MAPPED_FROM_NON_PRODUCT_OR_WEAK_SOURCE,"Pass4-6 mapped from component text. Raw material=""BOIS, METAL, VERRE, PIERRE material filters""; raw component=""doors / floors / windows / insulation / roof covering / sanitary / electrical / wood/metal/glass/stone material filters""; status=DIRECT_CATEGORY; source_kind=webshop_listing_page",,REVIEW_ONLY,DO_NOT_IMPORT_REVIEW_ONLY,False
cornermat_retrival,NUTZT_MATERIAL,mat_daemmstoff,Dämmstoff,https://ecosysteme-economiecirculaire.wallonie.be/fr/agenda/cornermat-e-magasin-de-materiaux-de-construction-de-reemploi/,"Event page says the Cornermat store contains: “bois, sanitaires, isolants, revêtements de sol, éclairage, cloisons, châssis...”. Matched token: isolants.",search extract,THIRD_PARTY_DIRECT,REVIEW_ONLY_SOURCE_EXTRACT_OR_CATEGORY_SCOPE,Third-party but specific to Cornermat; obtain first-party shop/category page before fully automatic import.,,REVIEW_ONLY,DO_NOT_IMPORT_REVIEW_ONLY,False
cornermat_retrival,NUTZT_MATERIAL,mat_daemmstoff,daemmstoff,https://www.cornermat.be/shop/page/4,"Category and material filters include Portes, Sol, Châssis et fenêtres, Isolation, Couverture, Sanitaires plus material filters BOIS, METAL, VERRE, PIERRE.",L54-L155,direct_category_filter,REVIEW_ONLY_MAPPED_FROM_NON_PRODUCT_OR_WEAK_SOURCE,"Pass4-6 mapped from material text. Raw material=""BOIS, METAL, VERRE, PIERRE material filters""; raw component=""doors / floors / windows / insulation / roof covering / sanitary / electrical / wood/metal/glass/stone material filters""; status=DIRECT_CATEGORY; source_kind=webshop_listing_page",,REVIEW_ONLY,DO_NOT_IMPORT_REVIEW_ONLY,False
cycle_up,HAT_BAUTEILTYP,bt_fenster,fenster,https://www.cycle-up.fr/upload/material/documents/2021200-12.pdf,"Cycle Up product PDF result states “Fenêtre 1 vantail avec soubassement”, “châssis PVC”, “Matériau PVC”, and “Type Fenêtre double vitrage claire”.",,direct_product_sheet,REVIEW_ONLY_MAPPED_FROM_NON_PRODUCT_OR_WEAK_SOURCE,"Pass4-6 mapped from component text. Raw material=""PVC + glass implied by double glazing; PVC explicitly stated""; raw component=""window / fenêtre double vitrage with subframe""; status=DIRECT_EXPLICIT; source_kind=product_pdf",,REVIEW_ONLY,DO_NOT_IMPORT_REVIEW_ONLY,False
cycle_up,NUTZT_MATERIAL,mat_glas,glas,https://www.cycle-up.fr/upload/material/documents/2021200-12.pdf,"Cycle Up product PDF result states “Fenêtre 1 vantail avec soubassement”, “châssis PVC”, “Matériau PVC”, and “Type Fenêtre double vitrage claire”.",,direct_product_sheet,REVIEW_ONLY_MAPPED_FROM_NON_PRODUCT_OR_WEAK_SOURCE,"Pass4-6 mapped from material text. Raw material=""PVC + glass implied by double glazing; PVC explicitly stated""; raw component=""window / fenêtre double vitrage with subframe""; status=DIRECT_EXPLICIT; source_kind=product_pdf",,REVIEW_ONLY,DO_NOT_IMPORT_REVIEW_ONLY,False
cycle_up,NUTZT_MATERIAL,mat_kunststoff,kunststoff,https://www.cycle-up.fr/upload/material/documents/2021200-12.pdf,"Cycle Up product PDF result states “Fenêtre 1 vantail avec soubassement”, “châssis PVC”, “Matériau PVC”, and “Type Fenêtre double vitrage claire”.",,direct_product_sheet,REVIEW_ONLY_MAPPED_FROM_NON_PRODUCT_OR_WEAK_SOURCE,"Pass4-6 mapped from material text. Raw material=""PVC + glass implied by double glazing; PVC explicitly stated""; raw component=""window / fenêtre double vitrage with subframe""; status=DIRECT_EXPLICIT; source_kind=product_pdf",,REVIEW_ONLY,DO_NOT_IMPORT_REVIEW_ONLY,False
cycle_zero,HAT_BAUTEILTYP,bt_boden,Boden,https://www.iledefrance.fr/toutes-les-actualites/cycle-zero-la-revolution-numerique-anti-gaspillage-dans-le-btp,"Third-party article lists: “Bois, fenêtres, radiateurs, tuyauterie, portes, peinture, carrelage”. Matched token: carrelage.",search extract,THIRD_PARTY_DIRECT,REVIEW_ONLY_SOURCE_EXTRACT_OR_CATEGORY_SCOPE,"Third-party source, useful but keep manual review unless first-party in-app/category export is obtained.",,REVIEW_ONLY,DO_NOT_IMPORT_REVIEW_ONLY,False
cycle_zero,HAT_BAUTEILTYP,bt_daemmung,Dämmung,https://www.iledefrance.fr/toutes-les-actualites/cycle-zero-la-revolution-numerique-anti-gaspillage-dans-le-btp,"Third-party article lists: “Bois, fenêtres, radiateurs, tuyauterie, portes, peinture, carrelage”. Matched token: isolants.",search extract,THIRD_PARTY_DIRECT,REVIEW_ONLY_SOURCE_EXTRACT_OR_CATEGORY_SCOPE,"Third-party source, useful but keep manual review unless first-party in-app/category export is obtained.",,REVIEW_ONLY,DO_NOT_IMPORT_REVIEW_ONLY,False
cycle_zero,HAT_BAUTEILTYP,bt_fenster,Fenster,https://www.iledefrance.fr/toutes-les-actualites/cycle-zero-la-revolution-numerique-anti-gaspillage-dans-le-btp,"Third-party article lists: “Bois, fenêtres, radiateurs, tuyauterie, portes, peinture, carrelage”. Matched token: fenêtres.",search extract,THIRD_PARTY_DIRECT,REVIEW_ONLY_SOURCE_EXTRACT_OR_CATEGORY_SCOPE,"Third-party source, useful but keep manual review unless first-party in-app/category export is obtained.",,REVIEW_ONLY,DO_NOT_IMPORT_REVIEW_ONLY,False
cycle_zero,HAT_BAUTEILTYP,bt_technik,Technik,https://www.iledefrance.fr/toutes-les-actualites/cycle-zero-la-revolution-numerique-anti-gaspillage-dans-le-btp,"Third-party article lists: “Bois, fenêtres, radiateurs, tuyauterie, portes, peinture, carrelage”. Matched token: radiateurs; tuyauterie.",search extract,THIRD_PARTY_DIRECT,REVIEW_ONLY_SOURCE_EXTRACT_OR_CATEGORY_SCOPE,"Third-party source, useful but keep manual review unless first-party in-app/category export is obtained.",,REVIEW_ONLY,DO_NOT_IMPORT_REVIEW_ONLY,False
cycle_zero,HAT_BAUTEILTYP,bt_tuer,Tür,https://www.iledefrance.fr/toutes-les-actualites/cycle-zero-la-revolution-numerique-anti-gaspillage-dans-le-btp,"Third-party article lists: “Bois, fenêtres, radiateurs, tuyauterie, portes, peinture, carrelage”. Matched token: portes.",search extract,THIRD_PARTY_DIRECT,REVIEW_ONLY_SOURCE_EXTRACT_OR_CATEGORY_SCOPE,"Third-party source, useful but keep manual review unless first-party in-app/category export is obtained.",,REVIEW_ONLY,DO_NOT_IMPORT_REVIEW_ONLY,False
cycle_zero,NUTZT_MATERIAL,mat_daemmstoff,Dämmstoff,https://www.constructionbtp.com/environnement/article/2025/05/22/152917/cycle-zero-des-materiaux-chantier-gratuits-aux-particuliers,Article list includes “isolants”.,search extract,THIRD_PARTY_DIRECT,REVIEW_ONLY_SOURCE_EXTRACT_OR_CATEGORY_SCOPE,Third-party source; keep manual review.,,REVIEW_ONLY,DO_NOT_IMPORT_REVIEW_ONLY,False
cycle_zero,NUTZT_MATERIAL,mat_holz,Holz,https://www.iledefrance.fr/toutes-les-actualites/cycle-zero-la-revolution-numerique-anti-gaspillage-dans-le-btp,"Third-party article lists: “Bois, fenêtres, radiateurs, tuyauterie, portes, peinture, carrelage”. Matched token: Bois.",search extract,THIRD_PARTY_DIRECT,REVIEW_ONLY_SOURCE_EXTRACT_OR_CATEGORY_SCOPE,"Third-party source, useful but keep manual review unless first-party in-app/category export is obtained.",,REVIEW_ONLY,DO_NOT_IMPORT_REVIEW_ONLY,False
genbyg,HAT_BAUTEILTYP,bt_boden,boden,https://genbyg.dk/murervarer/brugte-fliser/,"Navigation shows Træ & Gulve, Gulve (Træ & Klinker), Bøgeparket, Egeparket, Brugte Klinker.",,direct_public_category,REVIEW_ONLY_MAPPED_FROM_NON_PRODUCT_OR_WEAK_SOURCE,"Pass4-6 mapped from component text. Raw material=""wood floors, clinker/tile""; raw component=""Floors / Træ & Klinker""; status=nan; source_kind=category_navigation_stock",,REVIEW_ONLY,DO_NOT_IMPORT_REVIEW_ONLY,False
genbyg,NUTZT_MATERIAL,mat_holz,holz,https://genbyg.dk/murervarer/brugte-fliser/,"Navigation shows Træ & Gulve, Gulve (Træ & Klinker), Bøgeparket, Egeparket, Brugte Klinker.",,direct_public_category,REVIEW_ONLY_MAPPED_FROM_NON_PRODUCT_OR_WEAK_SOURCE,"Pass4-6 mapped from material text. Raw material=""wood floors, clinker/tile""; raw component=""Floors / Træ & Klinker""; status=nan; source_kind=category_navigation_stock",,REVIEW_ONLY,DO_NOT_IMPORT_REVIEW_ONLY,False
genbyg,NUTZT_MATERIAL,mat_keramik,keramik,https://genbyg.dk/murervarer/brugte-fliser/,"Navigation shows Træ & Gulve, Gulve (Træ & Klinker), Bøgeparket, Egeparket, Brugte Klinker.",,direct_public_category,REVIEW_ONLY_MAPPED_FROM_NON_PRODUCT_OR_WEAK_SOURCE,"Pass4-6 mapped from material text. Raw material=""wood floors, clinker/tile""; raw component=""Floors / Træ & Klinker""; status=nan; source_kind=category_navigation_stock",,REVIEW_ONLY,DO_NOT_IMPORT_REVIEW_ONLY,False
insert_marketplace,HAT_BAUTEILTYP,bt_fenster,fenster,https://marktplaats.insert.nl/materialen/kozijnen-ramen-en-deuren,"Category page says it has reusable frames, windows and doors from all over the Netherlands.",,direct_category_text,REVIEW_ONLY_MAPPED_FROM_NON_PRODUCT_OR_WEAK_SOURCE,"Pass4-6 mapped from component text. Raw material=""NOT STATED IN SOURCE""; raw component=""frames / windows / doors""; status=DIRECT_CATEGORY; source_kind=marketplace_category_page",,REVIEW_ONLY,DO_NOT_IMPORT_REVIEW_ONLY,False
insert_marketplace,HAT_BAUTEILTYP,bt_tuer,tuer,https://marktplaats.insert.nl/materialen/kozijnen-ramen-en-deuren,"Category page says it has reusable frames, windows and doors from all over the Netherlands.",,direct_category_text,REVIEW_ONLY_MAPPED_FROM_NON_PRODUCT_OR_WEAK_SOURCE,"Pass4-6 mapped from component text. Raw material=""NOT STATED IN SOURCE""; raw component=""frames / windows / doors""; status=DIRECT_CATEGORY; source_kind=marketplace_category_page",,REVIEW_ONLY,DO_NOT_IMPORT_REVIEW_ONLY,False
insert_marketplace,HAT_BAUTEILTYP,bt_tuer,tuer,https://www.insert.nl/producten/insert-marktplaats/,"Insert page says users can place “gebruikte bouwmaterialen, materialen uit de buitenruimte of groenvoorziening” on Insert Marktplaats.",,actor_scope_text,REVIEW_ONLY_MAPPED_FROM_NON_PRODUCT_OR_WEAK_SOURCE,"Pass4-6 mapped from component text. Raw material=""mixed; not product-specific""; raw component=""used building materials, outdoor-space materials, greenery/landscaping material""; status=ACTOR_SCOPE_DIRECT; source_kind=actor_product_page",,REVIEW_ONLY,DO_NOT_IMPORT_REVIEW_ONLY,False
material_index,NUTZT_MATERIAL,mat_ziegel,ziegel,https://material-index.exchange/,"Homepage says reclaimed, refurbished & excess construction materials; category pages include Doors & Partitions, Bricks & Stone, Structure.",,direct_category_scope,REVIEW_ONLY_MAPPED_FROM_NON_PRODUCT_OR_WEAK_SOURCE,"Pass4-6 mapped from material text. Raw material=""reclaimed/refurbished/excess materials""; raw component=""Doors & Partitions; Bricks & Stone; Structure etc.""; status=nan; source_kind=official_homepage_and_category",,REVIEW_ONLY,DO_NOT_IMPORT_REVIEW_ONLY,False
material_index,NUTZT_MATERIAL,mat_ziegel,ziegel,https://material-index.exchange/categories/doors-partitions-and-ironmongery,Category pages say browse Doors & Partitions products on Material Index; Bricks & Stone page is public.,,direct_category_scope,REVIEW_ONLY_MAPPED_FROM_NON_PRODUCT_OR_WEAK_SOURCE,"Pass4-6 mapped from material text. Raw material=""not item-specific""; raw component=""Doors & Partitions; Bricks & Stone; Structure""; status=nan; source_kind=category_page",,REVIEW_ONLY,DO_NOT_IMPORT_REVIEW_ONLY,False
material_reuse_portal,ACTOR_CLASSIFICATION,aggregator_not_direct_inventory,Aggregator / portal; no direct stock claim from actor page,https://www.materialreuseportal.com/About,About page says it “brings together construction materials from multiple marketplaces” and integrates data from multiple sources.,"web lines 33, 41-43",ACTOR_ABOUT_PAGE,CLASSIFICATION_ONLY_NOT_MATERIAL_BT_IMPORT,"Explains why direct Material/Bauteiltyp rows require product/listing URLs, not only the portal about page.",,REVIEW_ONLY,DO_NOT_IMPORT_REVIEW_ONLY,False
material_reuse_portal,HAT_BAUTEILTYP,bt_boden,boden,https://www.materialreuseportal.com/Products/42c31410-6a59-ee11-9937-6045bdd0c763,"Product page result says “Reclaimed Single Roman Roof Tiles” with approximately 1,000 available.",,direct_public_listing,REVIEW_ONLY_MAPPED_FROM_NON_PRODUCT_OR_WEAK_SOURCE,"Pass4-6 mapped from component text. Raw material=""NOT STATED IN SOURCE""; raw component=""roof tiles""; status=PARTIAL_BAUTEILTYP_ONLY; source_kind=product_page",,REVIEW_ONLY,DO_NOT_IMPORT_REVIEW_ONLY,False
material_reuse_portal,HAT_BAUTEILTYP,bt_decke,decke,https://materialreuseportal.com/Faq,"FAQ lists top-level Material Reuse Portal categories including general building products, structure, doors/windows/hatches, roofs/ceilings/soffits, HVAC, plumbing and more.",,direct_category_scope,REVIEW_ONLY_MAPPED_FROM_NON_PRODUCT_OR_WEAK_SOURCE,"Pass4-6 mapped from component text. Raw material=""not material-specific unless listing item says it""; raw component=""General building products; Structure; Doors, windows and hatches; Roofs; Plumbing; HVAC etc.""; status=nan; source_kind=official_faq_category_page",,REVIEW_ONLY,DO_NOT_IMPORT_REVIEW_ONLY,False
material_reuse_portal,HAT_BAUTEILTYP,bt_fenster,fenster,https://materialreuseportal.com/Faq,"FAQ lists top-level Material Reuse Portal categories including general building products, structure, doors/windows/hatches, roofs/ceilings/soffits, HVAC, plumbing and more.",,direct_category_scope,REVIEW_ONLY_MAPPED_FROM_NON_PRODUCT_OR_WEAK_SOURCE,"Pass4-6 mapped from component text. Raw material=""not material-specific unless listing item says it""; raw component=""General building products; Structure; Doors, windows and hatches; Roofs; Plumbing; HVAC etc.""; status=nan; source_kind=official_faq_category_page",,REVIEW_ONLY,DO_NOT_IMPORT_REVIEW_ONLY,False
material_reuse_portal,HAT_BAUTEILTYP,bt_fenster,fenster,https://materialreuseportal.com/Products/Search?location=Hampton,"Search result snippet includes examples such as 3-Ribbed Glass Glass Blocks and industrial/commercial windows, but also reports no products found in opened page; treat as weak/transient.",,weak_transient_listing,REVIEW_ONLY_MAPPED_FROM_NON_PRODUCT_OR_WEAK_SOURCE,"Pass4-6 mapped from component text. Raw material=""Glass blocks/windows inferred from result title""; raw component=""Doors; glass blocks; industrial/commercial windows""; status=nan; source_kind=search_result_page",,REVIEW_ONLY,DO_NOT_IMPORT_REVIEW_ONLY,False
material_reuse_portal,HAT_BAUTEILTYP,bt_technik,technik,https://materialreuseportal.com/Faq,"FAQ lists top-level Material Reuse Portal categories including general building products, structure, doors/windows/hatches, roofs/ceilings/soffits, HVAC, plumbing and more.",,direct_category_scope,REVIEW_ONLY_MAPPED_FROM_NON_PRODUCT_OR_WEAK_SOURCE,"Pass4-6 mapped from component text. Raw material=""not material-specific unless listing item says it""; raw component=""General building products; Structure; Doors, windows and hatches; Roofs; Plumbing; HVAC etc.""; status=nan; source_kind=official_faq_category_page",,REVIEW_ONLY,DO_NOT_IMPORT_REVIEW_ONLY,False
material_reuse_portal,HAT_BAUTEILTYP,bt_treppe,treppe,https://www.materialreuseportal.com/Products/a2a05c54-9a4b-f111-8fcb-7ced8d3b1305,Product page result says the industrial staircase is “made of steel” and is a durable structure for industrial use.,,direct_public_listing,REVIEW_ONLY_MAPPED_FROM_NON_PRODUCT_OR_WEAK_SOURCE,"Pass4-6 mapped from component text. Raw material=""steel""; raw component=""industrial staircase""; status=DIRECT_EXPLICIT; source_kind=product_page",,REVIEW_ONLY,DO_NOT_IMPORT_REVIEW_ONLY,False
material_reuse_portal,HAT_BAUTEILTYP,bt_tuer,tuer,https://materialreuseportal.com/,Home states the portal brings together data on available materials from multiple sources and has integrated with marketplaces.,,direct_actor_scope,REVIEW_ONLY_MAPPED_FROM_NON_PRODUCT_OR_WEAK_SOURCE,"Pass4-6 mapped from component text. Raw material=""multiple providers, no own stock""; raw component=""aggregator / search portal""; status=nan; source_kind=official_homepage",,REVIEW_ONLY,DO_NOT_IMPORT_REVIEW_ONLY,False
material_reuse_portal,HAT_BAUTEILTYP,bt_tuer,tuer,https://materialreuseportal.com/,"Homepage says the portal brings together data on available materials from multiple sources and has integrated with marketplaces; classify as aggregator/search portal, not own-stock shop.",search result excerpt,direct_actor_scope,REVIEW_ONLY_MAPPED_FROM_NON_PRODUCT_OR_WEAK_SOURCE,"Pass4-6 mapped from component text. Raw material=""multiple sources / marketplaces""; raw component=""aggregated searchable material reuse listings""; status=DIRECT_ACTOR_SCOPE; source_kind=official_homepage",,REVIEW_ONLY,DO_NOT_IMPORT_REVIEW_ONLY,False
material_reuse_portal,HAT_BAUTEILTYP,bt_tuer,tuer,https://materialreuseportal.com/Faq,"FAQ lists top-level Material Reuse Portal categories including general building products, structure, doors/windows/hatches, roofs/ceilings/soffits, HVAC, plumbing and more.",,direct_category_scope,REVIEW_ONLY_MAPPED_FROM_NON_PRODUCT_OR_WEAK_SOURCE,"Pass4-6 mapped from component text. Raw material=""not material-specific unless listing item says it""; raw component=""General building products; Structure; Doors, windows and hatches; Roofs; Plumbing; HVAC etc.""; status=nan; source_kind=official_faq_category_page",,REVIEW_ONLY,DO_NOT_IMPORT_REVIEW_ONLY,False
material_reuse_portal,HAT_BAUTEILTYP,bt_tuer,tuer,https://materialreuseportal.com/Products/Search?location=Hampton,"Search result snippet includes examples such as 3-Ribbed Glass Glass Blocks and industrial/commercial windows, but also reports no products found in opened page; treat as weak/transient.",,weak_transient_listing,REVIEW_ONLY_MAPPED_FROM_NON_PRODUCT_OR_WEAK_SOURCE,"Pass4-6 mapped from component text. Raw material=""Glass blocks/windows inferred from result title""; raw component=""Doors; glass blocks; industrial/commercial windows""; status=nan; source_kind=search_result_page",,REVIEW_ONLY,DO_NOT_IMPORT_REVIEW_ONLY,False
material_reuse_portal,HAT_BAUTEILTYP,bt_wand,wand,https://materialreuseportal.com/Products/Search?location=Hampton,"Search result snippet includes examples such as 3-Ribbed Glass Glass Blocks and industrial/commercial windows, but also reports no products found in opened page; treat as weak/transient.",,weak_transient_listing,REVIEW_ONLY_MAPPED_FROM_NON_PRODUCT_OR_WEAK_SOURCE,"Pass4-6 mapped from component text. Raw material=""Glass blocks/windows inferred from result title""; raw component=""Doors; glass blocks; industrial/commercial windows""; status=nan; source_kind=search_result_page",,REVIEW_ONLY,DO_NOT_IMPORT_REVIEW_ONLY,False
material_reuse_portal,NUTZT_MATERIAL,mat_glas,glas,https://materialreuseportal.com/Products/Search?location=Hampton,"Search result snippet includes examples such as 3-Ribbed Glass Glass Blocks and industrial/commercial windows, but also reports no products found in opened page; treat as weak/transient.",,weak_transient_listing,REVIEW_ONLY_MAPPED_FROM_NON_PRODUCT_OR_WEAK_SOURCE,"Pass4-6 mapped from material text. Raw material=""Glass blocks/windows inferred from result title""; raw component=""Doors; glass blocks; industrial/commercial windows""; status=nan; source_kind=search_result_page",,REVIEW_ONLY,DO_NOT_IMPORT_REVIEW_ONLY,False
material_reuse_portal,NUTZT_MATERIAL,mat_holz,holz,https://materialreuseportal.com/Products/Search?location=Clifton,Product search result includes “Building Timber C16”.,,direct_public_listing,REVIEW_ONLY_MAPPED_FROM_NON_PRODUCT_OR_WEAK_SOURCE,"Pass4-6 mapped from material text. Raw material=""timber""; raw component=""building timber C16""; status=DIRECT_EXPLICIT; source_kind=aggregated_search_page",,REVIEW_ONLY,DO_NOT_IMPORT_REVIEW_ONLY,False
material_reuse_portal,NUTZT_MATERIAL,mat_stahl,stahl,https://www.materialreuseportal.com/Products/a2a05c54-9a4b-f111-8fcb-7ced8d3b1305,Product page result says the industrial staircase is “made of steel” and is a durable structure for industrial use.,,direct_public_listing,REVIEW_ONLY_MAPPED_FROM_NON_PRODUCT_OR_WEAK_SOURCE,"Pass4-6 mapped from material text. Raw material=""steel""; raw component=""industrial staircase""; status=DIRECT_EXPLICIT; source_kind=product_page",,REVIEW_ONLY,DO_NOT_IMPORT_REVIEW_ONLY,False
materialenbank_leuven_atelier_circuler,HAT_BAUTEILTYP,bt_boden,Boden,https://ateliercirculer.be/catalogus/hout/plaatmaterialen/mdf/,Vloerbekleding,search extract,DIRECT_FIRST_PARTY_SEARCH,REVIEW_ONLY_SOURCE_EXTRACT_OR_CATEGORY_SCOPE,Direct first-party category evidence; use exact category wording in notes.,,REVIEW_ONLY,DO_NOT_IMPORT_REVIEW_ONLY,False
materialenbank_leuven_atelier_circuler,HAT_BAUTEILTYP,bt_boden,boden,https://bouwkroniek.be/materiaal/circulariteit-als-businessmodel-materialenbank-leuven-bewijst-dat-het-kan-52498,"Article lists examples: floor covering, insulation, sanitary, radiators, ceramic stone, solid wooden floors, stone fractions, slates, doors and windows, gates.",,historical_current_context,REVIEW_ONLY_MAPPED_FROM_NON_PRODUCT_OR_WEAK_SOURCE,"Pass4-6 mapped from component text. Raw material=""mixed; ceramic stone and solid wooden floors explicit; others not material-specific""; raw component=""floor covering, insulation, sanitary, radiators, ceramic stone, solid wooden floors, stone fractions, slates, doors, windows, gates""; status=DIRECT_CATEGORY; source_kind=news_article",,REVIEW_ONLY,DO_NOT_IMPORT_REVIEW_ONLY,False
materialenbank_leuven_atelier_circuler,HAT_BAUTEILTYP,bt_boden,boden,https://opalis.eu/nl/handelaars/materialenbank-leuven,"Opalis lists categories for Materialenbank Leuven including Stenen platen/vloeren, Structureel staal/Stalen liggers, Isolatiemateriaal, Ramen, Deuren, Houtachtige plaatmaterialen, Keramische tegels, Cementtegels, Massief houten vloeren, Radiatoren, Sanitair/Wastafels.",,direct_category_listing,REVIEW_ONLY_MAPPED_FROM_NON_PRODUCT_OR_WEAK_SOURCE,"Pass4-6 mapped from component text. Raw material=""stone, steel, insulation, wood-based sheet material, ceramic tile, cement tile, solid wood, mixed/unknown for windows/doors/radiators/sanitary""; raw component=""stone slabs/floors, steel beams, insulation, windows, doors, wood-based sheet materials, ceramic/cement tiles, solid wood floors, radiators, sanitary basins""; status=DIRECT_CATEGORY; source_kind=directory_profile",,REVIEW_ONLY,DO_NOT_IMPORT_REVIEW_ONLY,False
materialenbank_leuven_atelier_circuler,HAT_BAUTEILTYP,bt_daemmung,Dämmung,https://ateliercirculer.be/catalogus/,Isolatie & akoestiek,search extract,DIRECT_FIRST_PARTY_SEARCH,REVIEW_ONLY_SOURCE_EXTRACT_OR_CATEGORY_SCOPE,Direct first-party category evidence; use exact category wording in notes.,,REVIEW_ONLY,DO_NOT_IMPORT_REVIEW_ONLY,False
materialenbank_leuven_atelier_circuler,HAT_BAUTEILTYP,bt_daemmung,daemmung,https://bouwkroniek.be/materiaal/circulariteit-als-businessmodel-materialenbank-leuven-bewijst-dat-het-kan-52498,"Article lists examples: floor covering, insulation, sanitary, radiators, ceramic stone, solid wooden floors, stone fractions, slates, doors and windows, gates.",,historical_current_context,REVIEW_ONLY_MAPPED_FROM_NON_PRODUCT_OR_WEAK_SOURCE,"Pass4-6 mapped from component text. Raw material=""mixed; ceramic stone and solid wooden floors explicit; others not material-specific""; raw component=""floor covering, insulation, sanitary, radiators, ceramic stone, solid wooden floors, stone fractions, slates, doors, windows, gates""; status=DIRECT_CATEGORY; source_kind=news_article",,REVIEW_ONLY,DO_NOT_IMPORT_REVIEW_ONLY,False
materialenbank_leuven_atelier_circuler,HAT_BAUTEILTYP,bt_daemmung,daemmung,https://opalis.eu/nl/handelaars/materialenbank-leuven,"Opalis lists categories for Materialenbank Leuven including Stenen platen/vloeren, Structureel staal/Stalen liggers, Isolatiemateriaal, Ramen, Deuren, Houtachtige plaatmaterialen, Keramische tegels, Cementtegels, Massief houten vloeren, Radiatoren, Sanitair/Wastafels.",,direct_category_listing,REVIEW_ONLY_MAPPED_FROM_NON_PRODUCT_OR_WEAK_SOURCE,"Pass4-6 mapped from component text. Raw material=""stone, steel, insulation, wood-based sheet material, ceramic tile, cement tile, solid wood, mixed/unknown for windows/doors/radiators/sanitary""; raw component=""stone slabs/floors, steel beams, insulation, windows, doors, wood-based sheet materials, ceramic/cement tiles, solid wood floors, radiators, sanitary basins""; status=DIRECT_CATEGORY; source_kind=directory_profile",,REVIEW_ONLY,DO_NOT_IMPORT_REVIEW_ONLY,False
materialenbank_leuven_atelier_circuler,HAT_BAUTEILTYP,bt_daemmung,daemmung,https://pers.leuven.be/leuvense-materialenbank-recupereerde-vorig-jaar-40-ton-bouwafval,"Leuven press release says 2021 recovered materials included 15 m³ insulation, 6.7 t stone mainly natural stone, 6 km beam wood, +/- 900 m² sheet material/planks, rubber/plastic items, about 15 windows and 20 doors, and about 50 sanitary appliances such as basins and WCs.",,historical_inventory_summary,REVIEW_ONLY_MAPPED_FROM_NON_PRODUCT_OR_WEAK_SOURCE,"Pass4-6 mapped from component text. Raw material=""insulation; natural stone; wood; plate/plank material; rubber/plastic; mixed/not stated for windows/doors/sanitary""; raw component=""insulation, natural stone, beam wood, panels/planks, rubber/plastic, windows, doors, sanitary fixtures""; status=DIRECT_HISTORICAL_SUMMARY; source_kind=municipal_press_release",,REVIEW_ONLY,DO_NOT_IMPORT_REVIEW_ONLY,False
materialenbank_leuven_atelier_circuler,HAT_BAUTEILTYP,bt_fassade,Fassade,https://ateliercirculer.be/catalogus/hout/plaatmaterialen/mdf/,Terras & Gevelbekleding,search extract,DIRECT_FIRST_PARTY_SEARCH,REVIEW_ONLY_SOURCE_EXTRACT_OR_CATEGORY_SCOPE,Direct first-party category evidence; use exact category wording in notes.,,REVIEW_ONLY,DO_NOT_IMPORT_REVIEW_ONLY,False
materialenbank_leuven_atelier_circuler,HAT_BAUTEILTYP,bt_fenster,Fenster,https://ateliercirculer.be/catalogus/,Ramen & Deuren,search extract,DIRECT_FIRST_PARTY_SEARCH,REVIEW_ONLY_SOURCE_EXTRACT_OR_CATEGORY_SCOPE,Direct first-party category evidence; use exact category wording in notes.,,REVIEW_ONLY,DO_NOT_IMPORT_REVIEW_ONLY,False
materialenbank_leuven_atelier_circuler,HAT_BAUTEILTYP,bt_fenster,fenster,https://ateliercirculer.be/materialenbank/,Atelier Circuler page says Materialenbank Leuven works for the reuse of building materials and shows categories including “Ramen & Deuren”.,,actor_scope_text,REVIEW_ONLY_MAPPED_FROM_NON_PRODUCT_OR_WEAK_SOURCE,"Pass4-6 mapped from component text. Raw material=""mixed building materials""; raw component=""reused building materials; windows and doors category""; status=ACTOR_SCOPE_DIRECT; source_kind=actor_about_page",,REVIEW_ONLY,DO_NOT_IMPORT_REVIEW_ONLY,False
materialenbank_leuven_atelier_circuler,HAT_BAUTEILTYP,bt_fenster,fenster,https://bouwkroniek.be/materiaal/circulariteit-als-businessmodel-materialenbank-leuven-bewijst-dat-het-kan-52498,"Article lists examples: floor covering, insulation, sanitary, radiators, ceramic stone, solid wooden floors, stone fractions, slates, doors and windows, gates.",,historical_current_context,REVIEW_ONLY_MAPPED_FROM_NON_PRODUCT_OR_WEAK_SOURCE,"Pass4-6 mapped from component text. Raw material=""mixed; ceramic stone and solid wooden floors explicit; others not material-specific""; raw component=""floor covering, insulation, sanitary, radiators, ceramic stone, solid wooden floors, stone fractions, slates, doors, windows, gates""; status=DIRECT_CATEGORY; source_kind=news_article",,REVIEW_ONLY,DO_NOT_IMPORT_REVIEW_ONLY,False
materialenbank_leuven_atelier_circuler,HAT_BAUTEILTYP,bt_fenster,fenster,https://opalis.eu/nl/handelaars/materialenbank-leuven,"Opalis lists categories for Materialenbank Leuven including Stenen platen/vloeren, Structureel staal/Stalen liggers, Isolatiemateriaal, Ramen, Deuren, Houtachtige plaatmaterialen, Keramische tegels, Cementtegels, Massief houten vloeren, Radiatoren, Sanitair/Wastafels.",,direct_category_listing,REVIEW_ONLY_MAPPED_FROM_NON_PRODUCT_OR_WEAK_SOURCE,"Pass4-6 mapped from component text. Raw material=""stone, steel, insulation, wood-based sheet material, ceramic tile, cement tile, solid wood, mixed/unknown for windows/doors/radiators/sanitary""; raw component=""stone slabs/floors, steel beams, insulation, windows, doors, wood-based sheet materials, ceramic/cement tiles, solid wood floors, radiators, sanitary basins""; status=DIRECT_CATEGORY; source_kind=directory_profile",,REVIEW_ONLY,DO_NOT_IMPORT_REVIEW_ONLY,False
materialenbank_leuven_atelier_circuler,HAT_BAUTEILTYP,bt_fenster,fenster,https://pers.leuven.be/leuvense-materialenbank-recupereerde-vorig-jaar-40-ton-bouwafval,"Leuven press release says 2021 recovered materials included 15 m³ insulation, 6.7 t stone mainly natural stone, 6 km beam wood, +/- 900 m² sheet material/planks, rubber/plastic items, about 15 windows and 20 doors, and about 50 sanitary appliances such as basins and WCs.",,historical_inventory_summary,REVIEW_ONLY_MAPPED_FROM_NON_PRODUCT_OR_WEAK_SOURCE,"Pass4-6 mapped from component text. Raw material=""insulation; natural stone; wood; plate/plank material; rubber/plastic; mixed/not stated for windows/doors/sanitary""; raw component=""insulation, natural stone, beam wood, panels/planks, rubber/plastic, windows, doors, sanitary fixtures""; status=DIRECT_HISTORICAL_SUMMARY; source_kind=municipal_press_release",,REVIEW_ONLY,DO_NOT_IMPORT_REVIEW_ONLY,False
materialenbank_leuven_atelier_circuler,HAT_BAUTEILTYP,bt_technik,Technik,https://ateliercirculer.be/catalogus/,Verwarming & Sanitair; Elektriciteit & Verlichting,search extract,DIRECT_FIRST_PARTY_SEARCH,REVIEW_ONLY_SOURCE_EXTRACT_OR_CATEGORY_SCOPE,Direct first-party category evidence; use exact category wording in notes.,,REVIEW_ONLY,DO_NOT_IMPORT_REVIEW_ONLY,False
materialenbank_leuven_atelier_circuler,HAT_BAUTEILTYP,bt_technik,technik,https://bouwkroniek.be/materiaal/circulariteit-als-businessmodel-materialenbank-leuven-bewijst-dat-het-kan-52498,"Article lists examples: floor covering, insulation, sanitary, radiators, ceramic stone, solid wooden floors, stone fractions, slates, doors and windows, gates.",,historical_current_context,REVIEW_ONLY_MAPPED_FROM_NON_PRODUCT_OR_WEAK_SOURCE,"Pass4-6 mapped from component text. Raw material=""mixed; ceramic stone and solid wooden floors explicit; others not material-specific""; raw component=""floor covering, insulation, sanitary, radiators, ceramic stone, solid wooden floors, stone fractions, slates, doors, windows, gates""; status=DIRECT_CATEGORY; source_kind=news_article",,REVIEW_ONLY,DO_NOT_IMPORT_REVIEW_ONLY,False
materialenbank_leuven_atelier_circuler,HAT_BAUTEILTYP,bt_technik,technik,https://opalis.eu/nl/handelaars/materialenbank-leuven,"Opalis lists categories for Materialenbank Leuven including Stenen platen/vloeren, Structureel staal/Stalen liggers, Isolatiemateriaal, Ramen, Deuren, Houtachtige plaatmaterialen, Keramische tegels, Cementtegels, Massief houten vloeren, Radiatoren, Sanitair/Wastafels.",,direct_category_listing,REVIEW_ONLY_MAPPED_FROM_NON_PRODUCT_OR_WEAK_SOURCE,"Pass4-6 mapped from component text. Raw material=""stone, steel, insulation, wood-based sheet material, ceramic tile, cement tile, solid wood, mixed/unknown for windows/doors/radiators/sanitary""; raw component=""stone slabs/floors, steel beams, insulation, windows, doors, wood-based sheet materials, ceramic/cement tiles, solid wood floors, radiators, sanitary basins""; status=DIRECT_CATEGORY; source_kind=directory_profile",,REVIEW_ONLY,DO_NOT_IMPORT_REVIEW_ONLY,False
materialenbank_leuven_atelier_circuler,HAT_BAUTEILTYP,bt_technik,technik,https://pers.leuven.be/leuvense-materialenbank-recupereerde-vorig-jaar-40-ton-bouwafval,"Leuven press release says 2021 recovered materials included 15 m³ insulation, 6.7 t stone mainly natural stone, 6 km beam wood, +/- 900 m² sheet material/planks, rubber/plastic items, about 15 windows and 20 doors, and about 50 sanitary appliances such as basins and WCs.",,historical_inventory_summary,REVIEW_ONLY_MAPPED_FROM_NON_PRODUCT_OR_WEAK_SOURCE,"Pass4-6 mapped from component text. Raw material=""insulation; natural stone; wood; plate/plank material; rubber/plastic; mixed/not stated for windows/doors/sanitary""; raw component=""insulation, natural stone, beam wood, panels/planks, rubber/plastic, windows, doors, sanitary fixtures""; status=DIRECT_HISTORICAL_SUMMARY; source_kind=municipal_press_release",,REVIEW_ONLY,DO_NOT_IMPORT_REVIEW_ONLY,False
materialenbank_leuven_atelier_circuler,HAT_BAUTEILTYP,bt_traeger,Träger,https://ateliercirculer.be/catalogus/hout/plaatmaterialen/mdf/,Hout subcategory includes “Constructie”.,search extract,DIRECT_FIRST_PARTY_SEARCH,REVIEW_ONLY_SOURCE_EXTRACT_OR_CATEGORY_SCOPE,"Potential structural timber, but not explicit beam/joist/träger; keep manual review.",,REVIEW_ONLY,DO_NOT_IMPORT_REVIEW_ONLY,False
materialenbank_leuven_atelier_circuler,HAT_BAUTEILTYP,bt_traeger,traeger,https://opalis.eu/nl/handelaars/materialenbank-leuven,"Opalis lists categories for Materialenbank Leuven including Stenen platen/vloeren, Structureel staal/Stalen liggers, Isolatiemateriaal, Ramen, Deuren, Houtachtige plaatmaterialen, Keramische tegels, Cementtegels, Massief houten vloeren, Radiatoren, Sanitair/Wastafels.",,direct_category_listing,REVIEW_ONLY_MAPPED_FROM_NON_PRODUCT_OR_WEAK_SOURCE,"Pass4-6 mapped from component text. Raw material=""stone, steel, insulation, wood-based sheet material, ceramic tile, cement tile, solid wood, mixed/unknown for windows/doors/radiators/sanitary""; raw component=""stone slabs/floors, steel beams, insulation, windows, doors, wood-based sheet materials, ceramic/cement tiles, solid wood floors, radiators, sanitary basins""; status=DIRECT_CATEGORY; source_kind=directory_profile",,REVIEW_ONLY,DO_NOT_IMPORT_REVIEW_ONLY,False
materialenbank_leuven_atelier_circuler,HAT_BAUTEILTYP,bt_traeger,traeger,https://pers.leuven.be/leuvense-materialenbank-recupereerde-vorig-jaar-40-ton-bouwafval,"Leuven press release says 2021 recovered materials included 15 m³ insulation, 6.7 t stone mainly natural stone, 6 km beam wood, +/- 900 m² sheet material/planks, rubber/plastic items, about 15 windows and 20 doors, and about 50 sanitary appliances such as basins and WCs.",,historical_inventory_summary,REVIEW_ONLY_MAPPED_FROM_NON_PRODUCT_OR_WEAK_SOURCE,"Pass4-6 mapped from component text. Raw material=""insulation; natural stone; wood; plate/plank material; rubber/plastic; mixed/not stated for windows/doors/sanitary""; raw component=""insulation, natural stone, beam wood, panels/planks, rubber/plastic, windows, doors, sanitary fixtures""; status=DIRECT_HISTORICAL_SUMMARY; source_kind=municipal_press_release",,REVIEW_ONLY,DO_NOT_IMPORT_REVIEW_ONLY,False
materialenbank_leuven_atelier_circuler,HAT_BAUTEILTYP,bt_tuer,Tür,https://ateliercirculer.be/catalogus/,Ramen & Deuren,search extract,DIRECT_FIRST_PARTY_SEARCH,REVIEW_ONLY_SOURCE_EXTRACT_OR_CATEGORY_SCOPE,Direct first-party category evidence; use exact category wording in notes.,,REVIEW_ONLY,DO_NOT_IMPORT_REVIEW_ONLY,False
materialenbank_leuven_atelier_circuler,HAT_BAUTEILTYP,bt_tuer,tuer,https://ateliercirculer.be/materialenbank/,Atelier Circuler page says Materialenbank Leuven works for the reuse of building materials and shows categories including “Ramen & Deuren”.,,actor_scope_text,REVIEW_ONLY_MAPPED_FROM_NON_PRODUCT_OR_WEAK_SOURCE,"Pass4-6 mapped from component text. Raw material=""mixed building materials""; raw component=""reused building materials; windows and doors category""; status=ACTOR_SCOPE_DIRECT; source_kind=actor_about_page",,REVIEW_ONLY,DO_NOT_IMPORT_REVIEW_ONLY,False
materialenbank_leuven_atelier_circuler,HAT_BAUTEILTYP,bt_tuer,tuer,https://bouwkroniek.be/materiaal/circulariteit-als-businessmodel-materialenbank-leuven-bewijst-dat-het-kan-52498,"Article lists examples: floor covering, insulation, sanitary, radiators, ceramic stone, solid wooden floors, stone fractions, slates, doors and windows, gates.",,historical_current_context,REVIEW_ONLY_MAPPED_FROM_NON_PRODUCT_OR_WEAK_SOURCE,"Pass4-6 mapped from component text. Raw material=""mixed; ceramic stone and solid wooden floors explicit; others not material-specific""; raw component=""floor covering, insulation, sanitary, radiators, ceramic stone, solid wooden floors, stone fractions, slates, doors, windows, gates""; status=DIRECT_CATEGORY; source_kind=news_article",,REVIEW_ONLY,DO_NOT_IMPORT_REVIEW_ONLY,False
materialenbank_leuven_atelier_circuler,HAT_BAUTEILTYP,bt_tuer,tuer,https://opalis.eu/nl/handelaars/materialenbank-leuven,"Opalis lists categories for Materialenbank Leuven including Stenen platen/vloeren, Structureel staal/Stalen liggers, Isolatiemateriaal, Ramen, Deuren, Houtachtige plaatmaterialen, Keramische tegels, Cementtegels, Massief houten vloeren, Radiatoren, Sanitair/Wastafels.",,direct_category_listing,REVIEW_ONLY_MAPPED_FROM_NON_PRODUCT_OR_WEAK_SOURCE,"Pass4-6 mapped from component text. Raw material=""stone, steel, insulation, wood-based sheet material, ceramic tile, cement tile, solid wood, mixed/unknown for windows/doors/radiators/sanitary""; raw component=""stone slabs/floors, steel beams, insulation, windows, doors, wood-based sheet materials, ceramic/cement tiles, solid wood floors, radiators, sanitary basins""; status=DIRECT_CATEGORY; source_kind=directory_profile",,REVIEW_ONLY,DO_NOT_IMPORT_REVIEW_ONLY,False
materialenbank_leuven_atelier_circuler,HAT_BAUTEILTYP,bt_tuer,tuer,https://pers.leuven.be/leuvense-materialenbank-recupereerde-vorig-jaar-40-ton-bouwafval,"Leuven press release says 2021 recovered materials included 15 m³ insulation, 6.7 t stone mainly natural stone, 6 km beam wood, +/- 900 m² sheet material/planks, rubber/plastic items, about 15 windows and 20 doors, and about 50 sanitary appliances such as basins and WCs.",,historical_inventory_summary,REVIEW_ONLY_MAPPED_FROM_NON_PRODUCT_OR_WEAK_SOURCE,"Pass4-6 mapped from component text. Raw material=""insulation; natural stone; wood; plate/plank material; rubber/plastic; mixed/not stated for windows/doors/sanitary""; raw component=""insulation, natural stone, beam wood, panels/planks, rubber/plastic, windows, doors, sanitary fixtures""; status=DIRECT_HISTORICAL_SUMMARY; source_kind=municipal_press_release",,REVIEW_ONLY,DO_NOT_IMPORT_REVIEW_ONLY,False
materialenbank_leuven_atelier_circuler,HAT_BAUTEILTYP,bt_wand,Wand,https://ateliercirculer.be/catalogus/hout/plaatmaterialen/mdf/,Plaatmaterialen,search extract,DIRECT_FIRST_PARTY_SEARCH,REVIEW_ONLY_SOURCE_EXTRACT_OR_CATEGORY_SCOPE,Direct first-party category evidence; use exact category wording in notes.,,REVIEW_ONLY,DO_NOT_IMPORT_REVIEW_ONLY,False
materialenbank_leuven_atelier_circuler,NUTZT_MATERIAL,mat_daemmstoff,Dämmstoff,https://ateliercirculer.be/catalogus/,Isolatie & akoestiek,search extract,DIRECT_FIRST_PARTY_SEARCH,REVIEW_ONLY_SOURCE_EXTRACT_OR_CATEGORY_SCOPE,Insulation category supports mat_daemmstoff.,,REVIEW_ONLY,DO_NOT_IMPORT_REVIEW_ONLY,False
materialenbank_leuven_atelier_circuler,NUTZT_MATERIAL,mat_daemmstoff,daemmstoff,https://bouwkroniek.be/materiaal/circulariteit-als-businessmodel-materialenbank-leuven-bewijst-dat-het-kan-52498,"Article lists examples: floor covering, insulation, sanitary, radiators, ceramic stone, solid wooden floors, stone fractions, slates, doors and windows, gates.",,historical_current_context,REVIEW_ONLY_MAPPED_FROM_NON_PRODUCT_OR_WEAK_SOURCE,"Pass4-6 mapped from material text. Raw material=""mixed; ceramic stone and solid wooden floors explicit; others not material-specific""; raw component=""floor covering, insulation, sanitary, radiators, ceramic stone, solid wooden floors, stone fractions, slates, doors, windows, gates""; status=DIRECT_CATEGORY; source_kind=news_article",,REVIEW_ONLY,DO_NOT_IMPORT_REVIEW_ONLY,False
materialenbank_leuven_atelier_circuler,NUTZT_MATERIAL,mat_daemmstoff,daemmstoff,https://opalis.eu/nl/handelaars/materialenbank-leuven,"Opalis lists categories for Materialenbank Leuven including Stenen platen/vloeren, Structureel staal/Stalen liggers, Isolatiemateriaal, Ramen, Deuren, Houtachtige plaatmaterialen, Keramische tegels, Cementtegels, Massief houten vloeren, Radiatoren, Sanitair/Wastafels.",,direct_category_listing,REVIEW_ONLY_MAPPED_FROM_NON_PRODUCT_OR_WEAK_SOURCE,"Pass4-6 mapped from material text. Raw material=""stone, steel, insulation, wood-based sheet material, ceramic tile, cement tile, solid wood, mixed/unknown for windows/doors/radiators/sanitary""; raw component=""stone slabs/floors, steel beams, insulation, windows, doors, wood-based sheet materials, ceramic/cement tiles, solid wood floors, radiators, sanitary basins""; status=DIRECT_CATEGORY; source_kind=directory_profile",,REVIEW_ONLY,DO_NOT_IMPORT_REVIEW_ONLY,False
materialenbank_leuven_atelier_circuler,NUTZT_MATERIAL,mat_daemmstoff,daemmstoff,https://pers.leuven.be/leuvense-materialenbank-recupereerde-vorig-jaar-40-ton-bouwafval,"Leuven press release says 2021 recovered materials included 15 m³ insulation, 6.7 t stone mainly natural stone, 6 km beam wood, +/- 900 m² sheet material/planks, rubber/plastic items, about 15 windows and 20 doors, and about 50 sanitary appliances such as basins and WCs.",,historical_inventory_summary,REVIEW_ONLY_MAPPED_FROM_NON_PRODUCT_OR_WEAK_SOURCE,"Pass4-6 mapped from material text. Raw material=""insulation; natural stone; wood; plate/plank material; rubber/plastic; mixed/not stated for windows/doors/sanitary""; raw component=""insulation, natural stone, beam wood, panels/planks, rubber/plastic, windows, doors, sanitary fixtures""; status=DIRECT_HISTORICAL_SUMMARY; source_kind=municipal_press_release",,REVIEW_ONLY,DO_NOT_IMPORT_REVIEW_ONLY,False
materialenbank_leuven_atelier_circuler,NUTZT_MATERIAL,mat_holz,Holz,https://ateliercirculer.be/materialenbank/,"gerecupereerde hout- en steenfracties; constructiehout, plaatmaterialen, tropisch/rustiek/lokaal hout",search extract,DIRECT_FIRST_PARTY_SEARCH,REVIEW_ONLY_SOURCE_EXTRACT_OR_CATEGORY_SCOPE,Direct first-party search extract names wood categories.,,REVIEW_ONLY,DO_NOT_IMPORT_REVIEW_ONLY,False
materialenbank_leuven_atelier_circuler,NUTZT_MATERIAL,mat_holz,holz,https://opalis.eu/nl/handelaars/materialenbank-leuven,"Opalis lists categories for Materialenbank Leuven including Stenen platen/vloeren, Structureel staal/Stalen liggers, Isolatiemateriaal, Ramen, Deuren, Houtachtige plaatmaterialen, Keramische tegels, Cementtegels, Massief houten vloeren, Radiatoren, Sanitair/Wastafels.",,direct_category_listing,REVIEW_ONLY_MAPPED_FROM_NON_PRODUCT_OR_WEAK_SOURCE,"Pass4-6 mapped from material text. Raw material=""stone, steel, insulation, wood-based sheet material, ceramic tile, cement tile, solid wood, mixed/unknown for windows/doors/radiators/sanitary""; raw component=""stone slabs/floors, steel beams, insulation, windows, doors, wood-based sheet materials, ceramic/cement tiles, solid wood floors, radiators, sanitary basins""; status=DIRECT_CATEGORY; source_kind=directory_profile",,REVIEW_ONLY,DO_NOT_IMPORT_REVIEW_ONLY,False
materialenbank_leuven_atelier_circuler,NUTZT_MATERIAL,mat_holz,holz,https://pers.leuven.be/leuvense-materialenbank-recupereerde-vorig-jaar-40-ton-bouwafval,"Leuven press release says 2021 recovered materials included 15 m³ insulation, 6.7 t stone mainly natural stone, 6 km beam wood, +/- 900 m² sheet material/planks, rubber/plastic items, about 15 windows and 20 doors, and about 50 sanitary appliances such as basins and WCs.",,historical_inventory_summary,REVIEW_ONLY_MAPPED_FROM_NON_PRODUCT_OR_WEAK_SOURCE,"Pass4-6 mapped from material text. Raw material=""insulation; natural stone; wood; plate/plank material; rubber/plastic; mixed/not stated for windows/doors/sanitary""; raw component=""insulation, natural stone, beam wood, panels/planks, rubber/plastic, windows, doors, sanitary fixtures""; status=DIRECT_HISTORICAL_SUMMARY; source_kind=municipal_press_release",,REVIEW_ONLY,DO_NOT_IMPORT_REVIEW_ONLY,False
materialenbank_leuven_atelier_circuler,NUTZT_MATERIAL,mat_keramik,keramik,https://bouwkroniek.be/materiaal/circulariteit-als-businessmodel-materialenbank-leuven-bewijst-dat-het-kan-52498,"Article lists examples: floor covering, insulation, sanitary, radiators, ceramic stone, solid wooden floors, stone fractions, slates, doors and windows, gates.",,historical_current_context,REVIEW_ONLY_MAPPED_FROM_NON_PRODUCT_OR_WEAK_SOURCE,"Pass4-6 mapped from material text. Raw material=""mixed; ceramic stone and solid wooden floors explicit; others not material-specific""; raw component=""floor covering, insulation, sanitary, radiators, ceramic stone, solid wooden floors, stone fractions, slates, doors, windows, gates""; status=DIRECT_CATEGORY; source_kind=news_article",,REVIEW_ONLY,DO_NOT_IMPORT_REVIEW_ONLY,False
materialenbank_leuven_atelier_circuler,NUTZT_MATERIAL,mat_keramik,keramik,https://opalis.eu/nl/handelaars/materialenbank-leuven,"Opalis lists categories for Materialenbank Leuven including Stenen platen/vloeren, Structureel staal/Stalen liggers, Isolatiemateriaal, Ramen, Deuren, Houtachtige plaatmaterialen, Keramische tegels, Cementtegels, Massief houten vloeren, Radiatoren, Sanitair/Wastafels.",,direct_category_listing,REVIEW_ONLY_MAPPED_FROM_NON_PRODUCT_OR_WEAK_SOURCE,"Pass4-6 mapped from material text. Raw material=""stone, steel, insulation, wood-based sheet material, ceramic tile, cement tile, solid wood, mixed/unknown for windows/doors/radiators/sanitary""; raw component=""stone slabs/floors, steel beams, insulation, windows, doors, wood-based sheet materials, ceramic/cement tiles, solid wood floors, radiators, sanitary basins""; status=DIRECT_CATEGORY; source_kind=directory_profile",,REVIEW_ONLY,DO_NOT_IMPORT_REVIEW_ONLY,False
materialenbank_leuven_atelier_circuler,NUTZT_MATERIAL,mat_kunststoff,kunststoff,https://pers.leuven.be/leuvense-materialenbank-recupereerde-vorig-jaar-40-ton-bouwafval,"Leuven press release says 2021 recovered materials included 15 m³ insulation, 6.7 t stone mainly natural stone, 6 km beam wood, +/- 900 m² sheet material/planks, rubber/plastic items, about 15 windows and 20 doors, and about 50 sanitary appliances such as basins and WCs.",,historical_inventory_summary,REVIEW_ONLY_MAPPED_FROM_NON_PRODUCT_OR_WEAK_SOURCE,"Pass4-6 mapped from material text. Raw material=""insulation; natural stone; wood; plate/plank material; rubber/plastic; mixed/not stated for windows/doors/sanitary""; raw component=""insulation, natural stone, beam wood, panels/planks, rubber/plastic, windows, doors, sanitary fixtures""; status=DIRECT_HISTORICAL_SUMMARY; source_kind=municipal_press_release",,REVIEW_ONLY,DO_NOT_IMPORT_REVIEW_ONLY,False
materialenbank_leuven_atelier_circuler,NUTZT_MATERIAL,mat_naturstein,Naturstein,https://ateliercirculer.be/materialenbank/,kunst- en natuursteen,search extract,DIRECT_FIRST_PARTY_SEARCH,REVIEW_ONLY_SOURCE_EXTRACT_OR_CATEGORY_SCOPE,Direct first-party search extract explicitly names natural stone.,,REVIEW_ONLY,DO_NOT_IMPORT_REVIEW_ONLY,False
materialenbank_leuven_atelier_circuler,NUTZT_MATERIAL,mat_naturstein,naturstein,https://bouwkroniek.be/materiaal/circulariteit-als-businessmodel-materialenbank-leuven-bewijst-dat-het-kan-52498,"Article lists examples: floor covering, insulation, sanitary, radiators, ceramic stone, solid wooden floors, stone fractions, slates, doors and windows, gates.",,historical_current_context,REVIEW_ONLY_MAPPED_FROM_NON_PRODUCT_OR_WEAK_SOURCE,"Pass4-6 mapped from material text. Raw material=""mixed; ceramic stone and solid wooden floors explicit; others not material-specific""; raw component=""floor covering, insulation, sanitary, radiators, ceramic stone, solid wooden floors, stone fractions, slates, doors, windows, gates""; status=DIRECT_CATEGORY; source_kind=news_article",,REVIEW_ONLY,DO_NOT_IMPORT_REVIEW_ONLY,False
materialenbank_leuven_atelier_circuler,NUTZT_MATERIAL,mat_naturstein,naturstein,https://opalis.eu/nl/handelaars/materialenbank-leuven,"Opalis lists categories for Materialenbank Leuven including Stenen platen/vloeren, Structureel staal/Stalen liggers, Isolatiemateriaal, Ramen, Deuren, Houtachtige plaatmaterialen, Keramische tegels, Cementtegels, Massief houten vloeren, Radiatoren, Sanitair/Wastafels.",,direct_category_listing,REVIEW_ONLY_MAPPED_FROM_NON_PRODUCT_OR_WEAK_SOURCE,"Pass4-6 mapped from material text. Raw material=""stone, steel, insulation, wood-based sheet material, ceramic tile, cement tile, solid wood, mixed/unknown for windows/doors/radiators/sanitary""; raw component=""stone slabs/floors, steel beams, insulation, windows, doors, wood-based sheet materials, ceramic/cement tiles, solid wood floors, radiators, sanitary basins""; status=DIRECT_CATEGORY; source_kind=directory_profile",,REVIEW_ONLY,DO_NOT_IMPORT_REVIEW_ONLY,False
materialenbank_leuven_atelier_circuler,NUTZT_MATERIAL,mat_naturstein,naturstein,https://pers.leuven.be/leuvense-materialenbank-recupereerde-vorig-jaar-40-ton-bouwafval,"Leuven press release says 2021 recovered materials included 15 m³ insulation, 6.7 t stone mainly natural stone, 6 km beam wood, +/- 900 m² sheet material/planks, rubber/plastic items, about 15 windows and 20 doors, and about 50 sanitary appliances such as basins and WCs.",,historical_inventory_summary,REVIEW_ONLY_MAPPED_FROM_NON_PRODUCT_OR_WEAK_SOURCE,"Pass4-6 mapped from material text. Raw material=""insulation; natural stone; wood; plate/plank material; rubber/plastic; mixed/not stated for windows/doors/sanitary""; raw component=""insulation, natural stone, beam wood, panels/planks, rubber/plastic, windows, doors, sanitary fixtures""; status=DIRECT_HISTORICAL_SUMMARY; source_kind=municipal_press_release",,REVIEW_ONLY,DO_NOT_IMPORT_REVIEW_ONLY,False
materialenbank_leuven_atelier_circuler,NUTZT_MATERIAL,mat_stahl,stahl,https://opalis.eu/nl/handelaars/materialenbank-leuven,"Opalis lists categories for Materialenbank Leuven including Stenen platen/vloeren, Structureel staal/Stalen liggers, Isolatiemateriaal, Ramen, Deuren, Houtachtige plaatmaterialen, Keramische tegels, Cementtegels, Massief houten vloeren, Radiatoren, Sanitair/Wastafels.",,direct_category_listing,REVIEW_ONLY_MAPPED_FROM_NON_PRODUCT_OR_WEAK_SOURCE,"Pass4-6 mapped from material text. Raw material=""stone, steel, insulation, wood-based sheet material, ceramic tile, cement tile, solid wood, mixed/unknown for windows/doors/radiators/sanitary""; raw component=""stone slabs/floors, steel beams, insulation, windows, doors, wood-based sheet materials, ceramic/cement tiles, solid wood floors, radiators, sanitary basins""; status=DIRECT_CATEGORY; source_kind=directory_profile",,REVIEW_ONLY,DO_NOT_IMPORT_REVIEW_ONLY,False
materialrest24,HAT_BAUTEILTYP,bt_ausbau,Ausbau,https://www.haustec.de/management/betriebsfuehrung/wie-sie-materialreste-ueber-das-internet-verwerten-koennen,Category list includes “Bauelemente; Befestigungsmaterial”.,L159-L164,THIRD_PARTY_FETCHED,REVIEW_ONLY_SOURCE_EXTRACT_OR_CATEGORY_SCOPE,Third-party category evidence; first-party source still preferable before final graph import.,,REVIEW_ONLY,DO_NOT_IMPORT_REVIEW_ONLY,False
materialrest24,HAT_BAUTEILTYP,bt_dach,Dach,https://www.haustec.de/management/betriebsfuehrung/wie-sie-materialreste-ueber-das-internet-verwerten-koennen,Category list includes “Dach”.,L159-L164,THIRD_PARTY_FETCHED,REVIEW_ONLY_SOURCE_EXTRACT_OR_CATEGORY_SCOPE,Third-party category evidence; first-party source still preferable before final graph import.,,REVIEW_ONLY,DO_NOT_IMPORT_REVIEW_ONLY,False
materialrest24,HAT_BAUTEILTYP,bt_technik,Technik,https://www.haustec.de/management/betriebsfuehrung/wie-sie-materialreste-ueber-das-internet-verwerten-koennen,Category list includes “Sanitär & Heizung; Elektronik”.,L159-L164,THIRD_PARTY_FETCHED,REVIEW_ONLY_SOURCE_EXTRACT_OR_CATEGORY_SCOPE,Third-party category evidence; first-party source still preferable before final graph import.,,REVIEW_ONLY,DO_NOT_IMPORT_REVIEW_ONLY,False
materialrest24,HAT_BAUTEILTYP,bt_wand,Wand,https://www.haustec.de/management/betriebsfuehrung/wie-sie-materialreste-ueber-das-internet-verwerten-koennen,Category list includes “Trockenbau”.,L159-L164,THIRD_PARTY_FETCHED,REVIEW_ONLY_SOURCE_EXTRACT_OR_CATEGORY_SCOPE,Third-party category evidence; first-party source still preferable before final graph import.,,REVIEW_ONLY,DO_NOT_IMPORT_REVIEW_ONLY,False
materialrest24,NUTZT_MATERIAL,mat_holz,Holz,https://www.haustec.de/management/betriebsfuehrung/wie-sie-materialreste-ueber-das-internet-verwerten-koennen,Category list includes “Holz”.,L159-L164,THIRD_PARTY_FETCHED,REVIEW_ONLY_SOURCE_EXTRACT_OR_CATEGORY_SCOPE,Third-party but specific to Materialrest24 category list.,,REVIEW_ONLY,DO_NOT_IMPORT_REVIEW_ONLY,False
r_place,HAT_BAUTEILTYP,bt_technik,Technik,https://r-place.fr/Qui-sommes-nous,“équipements électriques et thermiques”.,search extract,DIRECT_FIRST_PARTY_SEARCH,REVIEW_ONLY_SOURCE_EXTRACT_OR_CATEGORY_SCOPE,Direct category evidence for services/technical equipment.,,REVIEW_ONLY,DO_NOT_IMPORT_REVIEW_ONLY,False
reuse_and_trade,HAT_BAUTEILTYP,bt_gelaender,gelaender,https://www.reuseandtrade.de/artikeluebersicht/Schnaeppchen-fuer-Privatkunden.aspx,"Treppenturm listing includes components such as “Vertikalrahmen, Stahl” and “Geländer, Stahl”.",L401-L440,direct_public_listing,REVIEW_ONLY_MAPPED_FROM_NON_PRODUCT_OR_WEAK_SOURCE,"Pass4-6 mapped from component text. Raw material=""Stahl for vertical frames and railings; not all parts stated""; raw component=""stair tower / scaffolding stair tower""; status=DIRECT_EXPLICIT_LIMITED; source_kind=webshop_listing_page",,REVIEW_ONLY,DO_NOT_IMPORT_REVIEW_ONLY,False
reuse_and_trade,HAT_BAUTEILTYP,bt_technik,technik,https://www.reuseandtrade.de/artikeluebersicht/Schnaeppchen-fuer-Privatkunden.aspx,"Listing page has 363 products and categories including Garten & Terrasse, Handwerk / Heimwerken, Heizung / Sanitär, Möbel und Accessoires.",L77-L121,direct_category_filter,REVIEW_ONLY_MAPPED_FROM_NON_PRODUCT_OR_WEAK_SOURCE,"Pass4-6 mapped from component text. Raw material=""NOT STATED IN SOURCE""; raw component=""Elektrogeräte / Garten & Terrasse / Handwerk-Heimwerken / Heizung-Sanitär / Möbel etc.""; status=DIRECT_CATEGORY; source_kind=webshop_listing_page",,REVIEW_ONLY,DO_NOT_IMPORT_REVIEW_ONLY,False
reuse_and_trade,HAT_BAUTEILTYP,bt_treppe,treppe,https://www.reuseandtrade.de/artikeluebersicht/Schnaeppchen-fuer-Privatkunden.aspx,"Treppenturm listing includes components such as “Vertikalrahmen, Stahl” and “Geländer, Stahl”.",L401-L440,direct_public_listing,REVIEW_ONLY_MAPPED_FROM_NON_PRODUCT_OR_WEAK_SOURCE,"Pass4-6 mapped from component text. Raw material=""Stahl for vertical frames and railings; not all parts stated""; raw component=""stair tower / scaffolding stair tower""; status=DIRECT_EXPLICIT_LIMITED; source_kind=webshop_listing_page",,REVIEW_ONLY,DO_NOT_IMPORT_REVIEW_ONLY,False
reuse_and_trade,NUTZT_MATERIAL,mat_holz,holz,https://www.reuseandtrade.de/artikeluebersicht/Schnaeppchen-fuer-Privatkunden.aspx,"Listing title: “2 Kellerregale, Holz, 102x50x238 cm”.",L278-L295,direct_public_listing,REVIEW_ONLY_MAPPED_FROM_NON_PRODUCT_OR_WEAK_SOURCE,"Pass4-6 mapped from material text. Raw material=""Holz""; raw component=""basement shelving / Kellerregale""; status=DIRECT_EXPLICIT; source_kind=webshop_listing_page",,REVIEW_ONLY,DO_NOT_IMPORT_REVIEW_ONLY,False
reuse_and_trade,NUTZT_MATERIAL,mat_holz,holz,https://www.reuseandtrade.de/artikeluebersicht/Schnaeppchen-fuer-Privatkunden.aspx,"Listing title: “12 Kellerregale zzgl. 1 Ecke, aus Holz…”.",L337-L363,direct_public_listing,REVIEW_ONLY_MAPPED_FROM_NON_PRODUCT_OR_WEAK_SOURCE,"Pass4-6 mapped from material text. Raw material=""Holz""; raw component=""basement shelving / Kellerregale""; status=DIRECT_EXPLICIT; source_kind=webshop_listing_page",,REVIEW_ONLY,DO_NOT_IMPORT_REVIEW_ONLY,False
reuse_and_trade,NUTZT_MATERIAL,mat_stahl,stahl,https://www.reuseandtrade.de/artikeluebersicht/Schnaeppchen-fuer-Privatkunden.aspx,"Treppenturm listing includes components such as “Vertikalrahmen, Stahl” and “Geländer, Stahl”.",L401-L440,direct_public_listing,REVIEW_ONLY_MAPPED_FROM_NON_PRODUCT_OR_WEAK_SOURCE,"Pass4-6 mapped from material text. Raw material=""Stahl for vertical frames and railings; not all parts stated""; raw component=""stair tower / scaffolding stair tower""; status=DIRECT_EXPLICIT_LIMITED; source_kind=webshop_listing_page",,REVIEW_ONLY,DO_NOT_IMPORT_REVIEW_ONLY,False
rotordc,HAT_BAUTEILTYP,bt_ausbau,ausbau,https://rotordc.com/shop,"RotorDC shop exposes categories such as Brick, Door, Floor, Sanitary, Technical, Roof, Stairs, Wall Cladding, Wood & Panels, and products with prices.",L38-L276; L283-L399,direct_actor_catalog,REVIEW_ONLY_MAPPED_FROM_NON_PRODUCT_OR_WEAK_SOURCE,"Pass4-6 mapped from component text. Raw material=""brick, ceramic, natural stone, wood, steel, glass, brass, terracotta etc. appear in categories/products""; raw component=""webshop categories: brick, door, floor, sanitary, technical, roof, hardware, stairs, wall cladding, wood & panels""; status=DIRECT_CATEGORY_SCOPE; source_kind=webshop_category_page",,REVIEW_ONLY,DO_NOT_IMPORT_REVIEW_ONLY,False
rotordc,HAT_BAUTEILTYP,bt_boden,boden,https://rotordc.com/shop/page/48,"Shop category navigation lists Door, Floor, Natural Stone, Old Ceramic Tile, Sanitary, Technical, Insulation, Stairs, Wood & Panels.",,direct_category_scope,REVIEW_ONLY_MAPPED_FROM_NON_PRODUCT_OR_WEAK_SOURCE,"Pass4-6 mapped from component text. Raw material=""varied; category names include natural stone, ceramic tile, HPL/Trespa, plywood, lumber""; raw component=""Door, floor, roof, sanitary, technical, wood/panels""; status=nan; source_kind=shop_category_page",,REVIEW_ONLY,DO_NOT_IMPORT_REVIEW_ONLY,False
rotordc,HAT_BAUTEILTYP,bt_dach,dach,https://rotordc.com/shop,"RotorDC shop exposes categories such as Brick, Door, Floor, Sanitary, Technical, Roof, Stairs, Wall Cladding, Wood & Panels, and products with prices.",L38-L276; L283-L399,direct_actor_catalog,REVIEW_ONLY_MAPPED_FROM_NON_PRODUCT_OR_WEAK_SOURCE,"Pass4-6 mapped from component text. Raw material=""brick, ceramic, natural stone, wood, steel, glass, brass, terracotta etc. appear in categories/products""; raw component=""webshop categories: brick, door, floor, sanitary, technical, roof, hardware, stairs, wall cladding, wood & panels""; status=DIRECT_CATEGORY_SCOPE; source_kind=webshop_category_page",,REVIEW_ONLY,DO_NOT_IMPORT_REVIEW_ONLY,False
rotordc,HAT_BAUTEILTYP,bt_dach,dach,https://rotordc.com/shop/page/48,"Shop category navigation lists Door, Floor, Natural Stone, Old Ceramic Tile, Sanitary, Technical, Insulation, Stairs, Wood & Panels.",,direct_category_scope,REVIEW_ONLY_MAPPED_FROM_NON_PRODUCT_OR_WEAK_SOURCE,"Pass4-6 mapped from component text. Raw material=""varied; category names include natural stone, ceramic tile, HPL/Trespa, plywood, lumber""; raw component=""Door, floor, roof, sanitary, technical, wood/panels""; status=nan; source_kind=shop_category_page",,REVIEW_ONLY,DO_NOT_IMPORT_REVIEW_ONLY,False
rotordc,HAT_BAUTEILTYP,bt_daemmung,daemmung,https://rotordc.com/shop/page/48,"Shop category navigation lists Door, Floor, Natural Stone, Old Ceramic Tile, Sanitary, Technical, Insulation, Stairs, Wood & Panels.",,direct_category_scope,REVIEW_ONLY_MAPPED_FROM_NON_PRODUCT_OR_WEAK_SOURCE,"Pass4-6 mapped from component text. Raw material=""varied; category names include natural stone, ceramic tile, HPL/Trespa, plywood, lumber""; raw component=""Door, floor, roof, sanitary, technical, wood/panels""; status=nan; source_kind=shop_category_page",,REVIEW_ONLY,DO_NOT_IMPORT_REVIEW_ONLY,False
rotordc,HAT_BAUTEILTYP,bt_fassade,fassade,https://rotordc.com/shop,"RotorDC shop exposes categories such as Brick, Door, Floor, Sanitary, Technical, Roof, Stairs, Wall Cladding, Wood & Panels, and products with prices.",L38-L276; L283-L399,direct_actor_catalog,REVIEW_ONLY_MAPPED_FROM_NON_PRODUCT_OR_WEAK_SOURCE,"Pass4-6 mapped from component text. Raw material=""brick, ceramic, natural stone, wood, steel, glass, brass, terracotta etc. appear in categories/products""; raw component=""webshop categories: brick, door, floor, sanitary, technical, roof, hardware, stairs, wall cladding, wood & panels""; status=DIRECT_CATEGORY_SCOPE; source_kind=webshop_category_page",,REVIEW_ONLY,DO_NOT_IMPORT_REVIEW_ONLY,False
rotordc,HAT_BAUTEILTYP,bt_technik,technik,https://rotordc.com/shop,"RotorDC shop exposes categories such as Brick, Door, Floor, Sanitary, Technical, Roof, Stairs, Wall Cladding, Wood & Panels, and products with prices.",L38-L276; L283-L399,direct_actor_catalog,REVIEW_ONLY_MAPPED_FROM_NON_PRODUCT_OR_WEAK_SOURCE,"Pass4-6 mapped from component text. Raw material=""brick, ceramic, natural stone, wood, steel, glass, brass, terracotta etc. appear in categories/products""; raw component=""webshop categories: brick, door, floor, sanitary, technical, roof, hardware, stairs, wall cladding, wood & panels""; status=DIRECT_CATEGORY_SCOPE; source_kind=webshop_category_page",,REVIEW_ONLY,DO_NOT_IMPORT_REVIEW_ONLY,False
rotordc,HAT_BAUTEILTYP,bt_technik,technik,https://rotordc.com/shop/page/48,"Shop category navigation lists Door, Floor, Natural Stone, Old Ceramic Tile, Sanitary, Technical, Insulation, Stairs, Wood & Panels.",,direct_category_scope,REVIEW_ONLY_MAPPED_FROM_NON_PRODUCT_OR_WEAK_SOURCE,"Pass4-6 mapped from component text. Raw material=""varied; category names include natural stone, ceramic tile, HPL/Trespa, plywood, lumber""; raw component=""Door, floor, roof, sanitary, technical, wood/panels""; status=nan; source_kind=shop_category_page",,REVIEW_ONLY,DO_NOT_IMPORT_REVIEW_ONLY,False
rotordc,HAT_BAUTEILTYP,bt_treppe,treppe,https://rotordc.com/shop,"RotorDC shop exposes categories such as Brick, Door, Floor, Sanitary, Technical, Roof, Stairs, Wall Cladding, Wood & Panels, and products with prices.",L38-L276; L283-L399,direct_actor_catalog,REVIEW_ONLY_MAPPED_FROM_NON_PRODUCT_OR_WEAK_SOURCE,"Pass4-6 mapped from component text. Raw material=""brick, ceramic, natural stone, wood, steel, glass, brass, terracotta etc. appear in categories/products""; raw component=""webshop categories: brick, door, floor, sanitary, technical, roof, hardware, stairs, wall cladding, wood & panels""; status=DIRECT_CATEGORY_SCOPE; source_kind=webshop_category_page",,REVIEW_ONLY,DO_NOT_IMPORT_REVIEW_ONLY,False
rotordc,HAT_BAUTEILTYP,bt_treppe,treppe,https://rotordc.com/shop/page/48,"Shop category navigation lists Door, Floor, Natural Stone, Old Ceramic Tile, Sanitary, Technical, Insulation, Stairs, Wood & Panels.",,direct_category_scope,REVIEW_ONLY_MAPPED_FROM_NON_PRODUCT_OR_WEAK_SOURCE,"Pass4-6 mapped from component text. Raw material=""varied; category names include natural stone, ceramic tile, HPL/Trespa, plywood, lumber""; raw component=""Door, floor, roof, sanitary, technical, wood/panels""; status=nan; source_kind=shop_category_page",,REVIEW_ONLY,DO_NOT_IMPORT_REVIEW_ONLY,False
rotordc,HAT_BAUTEILTYP,bt_tuer,tuer,https://rotordc.com/shop,"RotorDC shop exposes categories such as Brick, Door, Floor, Sanitary, Technical, Roof, Stairs, Wall Cladding, Wood & Panels, and products with prices.",L38-L276; L283-L399,direct_actor_catalog,REVIEW_ONLY_MAPPED_FROM_NON_PRODUCT_OR_WEAK_SOURCE,"Pass4-6 mapped from component text. Raw material=""brick, ceramic, natural stone, wood, steel, glass, brass, terracotta etc. appear in categories/products""; raw component=""webshop categories: brick, door, floor, sanitary, technical, roof, hardware, stairs, wall cladding, wood & panels""; status=DIRECT_CATEGORY_SCOPE; source_kind=webshop_category_page",,REVIEW_ONLY,DO_NOT_IMPORT_REVIEW_ONLY,False
rotordc,HAT_BAUTEILTYP,bt_tuer,tuer,https://rotordc.com/shop/page/48,"Shop category navigation lists Door, Floor, Natural Stone, Old Ceramic Tile, Sanitary, Technical, Insulation, Stairs, Wood & Panels.",,direct_category_scope,REVIEW_ONLY_MAPPED_FROM_NON_PRODUCT_OR_WEAK_SOURCE,"Pass4-6 mapped from component text. Raw material=""varied; category names include natural stone, ceramic tile, HPL/Trespa, plywood, lumber""; raw component=""Door, floor, roof, sanitary, technical, wood/panels""; status=nan; source_kind=shop_category_page",,REVIEW_ONLY,DO_NOT_IMPORT_REVIEW_ONLY,False
rotordc,HAT_BAUTEILTYP,bt_wand,wand,https://rotordc.com/shop,"RotorDC shop exposes categories such as Brick, Door, Floor, Sanitary, Technical, Roof, Stairs, Wall Cladding, Wood & Panels, and products with prices.",L38-L276; L283-L399,direct_actor_catalog,REVIEW_ONLY_MAPPED_FROM_NON_PRODUCT_OR_WEAK_SOURCE,"Pass4-6 mapped from component text. Raw material=""brick, ceramic, natural stone, wood, steel, glass, brass, terracotta etc. appear in categories/products""; raw component=""webshop categories: brick, door, floor, sanitary, technical, roof, hardware, stairs, wall cladding, wood & panels""; status=DIRECT_CATEGORY_SCOPE; source_kind=webshop_category_page",,REVIEW_ONLY,DO_NOT_IMPORT_REVIEW_ONLY,False
rotordc,NUTZT_MATERIAL,mat_aluminium,aluminium,https://rotordc.com/shop/category/hardware-handle-cabinet-handle-156,"Category product rows list cabinet handles in stainless steel, brushed/cast aluminium, porcelain and brass, resin and plastic.",,direct_public_listing,REVIEW_ONLY_MAPPED_FROM_NON_PRODUCT_OR_WEAK_SOURCE,"Pass4-6 mapped from material text. Raw material=""stainless steel, aluminium, cast aluminium, porcelain and brass, resin, plastic""; raw component=""Cabinet handles/knobs/hardware""; status=nan; source_kind=product_listing_page",,REVIEW_ONLY,DO_NOT_IMPORT_REVIEW_ONLY,False
rotordc,NUTZT_MATERIAL,mat_daemmstoff,daemmstoff,https://rotordc.com/shop/page/48,"Shop category navigation lists Door, Floor, Natural Stone, Old Ceramic Tile, Sanitary, Technical, Insulation, Stairs, Wood & Panels.",,direct_category_scope,REVIEW_ONLY_MAPPED_FROM_NON_PRODUCT_OR_WEAK_SOURCE,"Pass4-6 mapped from material text. Raw material=""varied; category names include natural stone, ceramic tile, HPL/Trespa, plywood, lumber""; raw component=""Door, floor, roof, sanitary, technical, wood/panels""; status=nan; source_kind=shop_category_page",,REVIEW_ONLY,DO_NOT_IMPORT_REVIEW_ONLY,False
rotordc,NUTZT_MATERIAL,mat_holz,holz,https://rotordc.com/shop,"RotorDC shop exposes categories such as Brick, Door, Floor, Sanitary, Technical, Roof, Stairs, Wall Cladding, Wood & Panels, and products with prices.",L38-L276; L283-L399,direct_actor_catalog,REVIEW_ONLY_MAPPED_FROM_NON_PRODUCT_OR_WEAK_SOURCE,"Pass4-6 mapped from material text. Raw material=""brick, ceramic, natural stone, wood, steel, glass, brass, terracotta etc. appear in categories/products""; raw component=""webshop categories: brick, door, floor, sanitary, technical, roof, hardware, stairs, wall cladding, wood & panels""; status=DIRECT_CATEGORY_SCOPE; source_kind=webshop_category_page",,REVIEW_ONLY,DO_NOT_IMPORT_REVIEW_ONLY,False
rotordc,NUTZT_MATERIAL,mat_holz,holz,https://rotordc.com/shop/page/48,"Shop category navigation lists Door, Floor, Natural Stone, Old Ceramic Tile, Sanitary, Technical, Insulation, Stairs, Wood & Panels.",,direct_category_scope,REVIEW_ONLY_MAPPED_FROM_NON_PRODUCT_OR_WEAK_SOURCE,"Pass4-6 mapped from material text. Raw material=""varied; category names include natural stone, ceramic tile, HPL/Trespa, plywood, lumber""; raw component=""Door, floor, roof, sanitary, technical, wood/panels""; status=nan; source_kind=shop_category_page",,REVIEW_ONLY,DO_NOT_IMPORT_REVIEW_ONLY,False
rotordc,NUTZT_MATERIAL,mat_kunststoff,kunststoff,https://rotordc.com/shop/category/hardware-handle-cabinet-handle-156,"Category product rows list cabinet handles in stainless steel, brushed/cast aluminium, porcelain and brass, resin and plastic.",,direct_public_listing,REVIEW_ONLY_MAPPED_FROM_NON_PRODUCT_OR_WEAK_SOURCE,"Pass4-6 mapped from material text. Raw material=""stainless steel, aluminium, cast aluminium, porcelain and brass, resin, plastic""; raw component=""Cabinet handles/knobs/hardware""; status=nan; source_kind=product_listing_page",,REVIEW_ONLY,DO_NOT_IMPORT_REVIEW_ONLY,False
rotordc,NUTZT_MATERIAL,mat_naturstein,naturstein,https://rotordc.com/shop,"RotorDC shop exposes categories such as Brick, Door, Floor, Sanitary, Technical, Roof, Stairs, Wall Cladding, Wood & Panels, and products with prices.",L38-L276; L283-L399,direct_actor_catalog,REVIEW_ONLY_MAPPED_FROM_NON_PRODUCT_OR_WEAK_SOURCE,"Pass4-6 mapped from material text. Raw material=""brick, ceramic, natural stone, wood, steel, glass, brass, terracotta etc. appear in categories/products""; raw component=""webshop categories: brick, door, floor, sanitary, technical, roof, hardware, stairs, wall cladding, wood & panels""; status=DIRECT_CATEGORY_SCOPE; source_kind=webshop_category_page",,REVIEW_ONLY,DO_NOT_IMPORT_REVIEW_ONLY,False
rotordc,NUTZT_MATERIAL,mat_naturstein,naturstein,https://rotordc.com/shop/page/48,"Shop category navigation lists Door, Floor, Natural Stone, Old Ceramic Tile, Sanitary, Technical, Insulation, Stairs, Wood & Panels.",,direct_category_scope,REVIEW_ONLY_MAPPED_FROM_NON_PRODUCT_OR_WEAK_SOURCE,"Pass4-6 mapped from material text. Raw material=""varied; category names include natural stone, ceramic tile, HPL/Trespa, plywood, lumber""; raw component=""Door, floor, roof, sanitary, technical, wood/panels""; status=nan; source_kind=shop_category_page",,REVIEW_ONLY,DO_NOT_IMPORT_REVIEW_ONLY,False
rotordc,NUTZT_MATERIAL,mat_stahl,stahl,https://rotordc.com/shop,"RotorDC shop exposes categories such as Brick, Door, Floor, Sanitary, Technical, Roof, Stairs, Wall Cladding, Wood & Panels, and products with prices.",L38-L276; L283-L399,direct_actor_catalog,REVIEW_ONLY_MAPPED_FROM_NON_PRODUCT_OR_WEAK_SOURCE,"Pass4-6 mapped from material text. Raw material=""brick, ceramic, natural stone, wood, steel, glass, brass, terracotta etc. appear in categories/products""; raw component=""webshop categories: brick, door, floor, sanitary, technical, roof, hardware, stairs, wall cladding, wood & panels""; status=DIRECT_CATEGORY_SCOPE; source_kind=webshop_category_page",,REVIEW_ONLY,DO_NOT_IMPORT_REVIEW_ONLY,False
rotordc,NUTZT_MATERIAL,mat_stahl,stahl,https://rotordc.com/shop/category/hardware-handle-cabinet-handle-156,"Category product rows list cabinet handles in stainless steel, brushed/cast aluminium, porcelain and brass, resin and plastic.",,direct_public_listing,REVIEW_ONLY_MAPPED_FROM_NON_PRODUCT_OR_WEAK_SOURCE,"Pass4-6 mapped from material text. Raw material=""stainless steel, aluminium, cast aluminium, porcelain and brass, resin, plastic""; raw component=""Cabinet handles/knobs/hardware""; status=nan; source_kind=product_listing_page",,REVIEW_ONLY,DO_NOT_IMPORT_REVIEW_ONLY,False
salvoweb,HAT_BAUTEILTYP,bt_tuer,tuer,https://asbp.org.uk/article/reuse-digital-platforms-and-physical-hubs,ASBP page lists Salvo/Salvoweb as a comprehensive architectural salvage directory with products for sale and upcoming demolitions.,,actor_scope_text,REVIEW_ONLY_MAPPED_FROM_NON_PRODUCT_OR_WEAK_SOURCE,"Pass4-6 mapped from component text. Raw material=""mixed architectural salvage; not product-specific""; raw component=""architectural salvage directory with products for sale and upcoming demolitions""; status=ACTOR_SCOPE_SECONDARY; source_kind=external_reuse_directory_article",,REVIEW_ONLY,DO_NOT_IMPORT_REVIEW_ONLY,False
skop_marketplace,HAT_BAUTEILTYP,bt_ausbau,ausbau,https://marketplace.skop.app/boutiques-reemploi/skop,"SKOP vendor directory lists sellers/offers and categories including woodwork, interior/exterior joinery, sanitary, insulation, floor/wall coverings, roofing, ironmongery.",,direct_public_directory,REVIEW_ONLY_MAPPED_FROM_NON_PRODUCT_OR_WEAK_SOURCE,"Pass4-6 mapped from component text. Raw material=""Bois d’œuvre; menuiseries; sanitaires; isolant; revêtements; couverture; quincaillerie""; raw component=""vendors / offers across material categories""; status=nan; source_kind=vendor_directory_page",,REVIEW_ONLY,DO_NOT_IMPORT_REVIEW_ONLY,False
skop_marketplace,HAT_BAUTEILTYP,bt_boden,boden,https://marketplace.skop.app/boutiques-reemploi/skop,"SKOP vendor directory lists sellers/offers and categories including woodwork, interior/exterior joinery, sanitary, insulation, floor/wall coverings, roofing, ironmongery.",,direct_public_directory,REVIEW_ONLY_MAPPED_FROM_NON_PRODUCT_OR_WEAK_SOURCE,"Pass4-6 mapped from component text. Raw material=""Bois d’œuvre; menuiseries; sanitaires; isolant; revêtements; couverture; quincaillerie""; raw component=""vendors / offers across material categories""; status=nan; source_kind=vendor_directory_page",,REVIEW_ONLY,DO_NOT_IMPORT_REVIEW_ONLY,False
skop_marketplace,HAT_BAUTEILTYP,bt_dach,dach,https://marketplace.skop.app/boutiques-reemploi/skop,"SKOP vendor directory lists sellers/offers and categories including woodwork, interior/exterior joinery, sanitary, insulation, floor/wall coverings, roofing, ironmongery.",,direct_public_directory,REVIEW_ONLY_MAPPED_FROM_NON_PRODUCT_OR_WEAK_SOURCE,"Pass4-6 mapped from component text. Raw material=""Bois d’œuvre; menuiseries; sanitaires; isolant; revêtements; couverture; quincaillerie""; raw component=""vendors / offers across material categories""; status=nan; source_kind=vendor_directory_page",,REVIEW_ONLY,DO_NOT_IMPORT_REVIEW_ONLY,False
skop_marketplace,HAT_BAUTEILTYP,bt_daemmung,daemmung,https://marketplace.skop.app/boutiques-reemploi/skop,"SKOP vendor directory lists sellers/offers and categories including woodwork, interior/exterior joinery, sanitary, insulation, floor/wall coverings, roofing, ironmongery.",,direct_public_directory,REVIEW_ONLY_MAPPED_FROM_NON_PRODUCT_OR_WEAK_SOURCE,"Pass4-6 mapped from component text. Raw material=""Bois d’œuvre; menuiseries; sanitaires; isolant; revêtements; couverture; quincaillerie""; raw component=""vendors / offers across material categories""; status=nan; source_kind=vendor_directory_page",,REVIEW_ONLY,DO_NOT_IMPORT_REVIEW_ONLY,False
skop_marketplace,HAT_BAUTEILTYP,bt_technik,technik,https://marketplace.skop.app/boutiques-reemploi/skop,"SKOP vendor directory lists sellers/offers and categories including woodwork, interior/exterior joinery, sanitary, insulation, floor/wall coverings, roofing, ironmongery.",,direct_public_directory,REVIEW_ONLY_MAPPED_FROM_NON_PRODUCT_OR_WEAK_SOURCE,"Pass4-6 mapped from component text. Raw material=""Bois d’œuvre; menuiseries; sanitaires; isolant; revêtements; couverture; quincaillerie""; raw component=""vendors / offers across material categories""; status=nan; source_kind=vendor_directory_page",,REVIEW_ONLY,DO_NOT_IMPORT_REVIEW_ONLY,False
skop_marketplace,HAT_BAUTEILTYP,bt_technik,technik,https://marketplace.skop.app/boutiques-reemploi/skop,SKOP lists Bâticycle as magasin de réemploi des matériaux de second œuvre with 88 offers and category Appareils sanitaires / Reconditionné.,,direct_public_directory,REVIEW_ONLY_MAPPED_FROM_NON_PRODUCT_OR_WEAK_SOURCE,"Pass4-6 mapped from component text. Raw material=""not material-specific except categories""; raw component=""second œuvre / sanitary / reconditioned / 88 offers""; status=nan; source_kind=vendor_profile_excerpt",,REVIEW_ONLY,DO_NOT_IMPORT_REVIEW_ONLY,False
skop_marketplace,HAT_BAUTEILTYP,bt_tuer,tuer,https://marketplace.skop.app/boutiques-reemploi/skop,"SKOP vendor directory lists sellers/offers and categories including woodwork, interior/exterior joinery, sanitary, insulation, floor/wall coverings, roofing, ironmongery.",,direct_public_directory,REVIEW_ONLY_MAPPED_FROM_NON_PRODUCT_OR_WEAK_SOURCE,"Pass4-6 mapped from component text. Raw material=""Bois d’œuvre; menuiseries; sanitaires; isolant; revêtements; couverture; quincaillerie""; raw component=""vendors / offers across material categories""; status=nan; source_kind=vendor_directory_page",,REVIEW_ONLY,DO_NOT_IMPORT_REVIEW_ONLY,False
skop_marketplace,HAT_BAUTEILTYP,bt_wand,wand,https://marketplace.skop.app/boutiques-reemploi/skop,"SKOP vendor directory lists sellers/offers and categories including woodwork, interior/exterior joinery, sanitary, insulation, floor/wall coverings, roofing, ironmongery.",,direct_public_directory,REVIEW_ONLY_MAPPED_FROM_NON_PRODUCT_OR_WEAK_SOURCE,"Pass4-6 mapped from component text. Raw material=""Bois d’œuvre; menuiseries; sanitaires; isolant; revêtements; couverture; quincaillerie""; raw component=""vendors / offers across material categories""; status=nan; source_kind=vendor_directory_page",,REVIEW_ONLY,DO_NOT_IMPORT_REVIEW_ONLY,False
skop_marketplace,NUTZT_MATERIAL,mat_daemmstoff,daemmstoff,https://marketplace.skop.app/boutiques-reemploi/skop,"SKOP vendor directory lists sellers/offers and categories including woodwork, interior/exterior joinery, sanitary, insulation, floor/wall coverings, roofing, ironmongery.",,direct_public_directory,REVIEW_ONLY_MAPPED_FROM_NON_PRODUCT_OR_WEAK_SOURCE,"Pass4-6 mapped from material text. Raw material=""Bois d’œuvre; menuiseries; sanitaires; isolant; revêtements; couverture; quincaillerie""; raw component=""vendors / offers across material categories""; status=nan; source_kind=vendor_directory_page",,REVIEW_ONLY,DO_NOT_IMPORT_REVIEW_ONLY,False
skop_marketplace,NUTZT_MATERIAL,mat_holz,holz,https://marketplace.skop.app/boutiques-reemploi/skop,"SKOP vendor directory lists sellers/offers and categories including woodwork, interior/exterior joinery, sanitary, insulation, floor/wall coverings, roofing, ironmongery.",,direct_public_directory,REVIEW_ONLY_MAPPED_FROM_NON_PRODUCT_OR_WEAK_SOURCE,"Pass4-6 mapped from material text. Raw material=""Bois d’œuvre; menuiseries; sanitaires; isolant; revêtements; couverture; quincaillerie""; raw component=""vendors / offers across material categories""; status=nan; source_kind=vendor_directory_page",,REVIEW_ONLY,DO_NOT_IMPORT_REVIEW_ONLY,False
surplus_building_and_plumbing_materials,HAT_BAUTEILTYP,bt_dach,dach,https://surplusbuildingsupplies.co.uk/how-it-works/,"How-it-works/menu lists building categories including bricks, insulation, roofing/guttering, timber/sheet materials, plumbing, reclaimed materials.",,direct_category_scope,REVIEW_ONLY_MAPPED_FROM_NON_PRODUCT_OR_WEAK_SOURCE,"Pass4-6 mapped from component text. Raw material=""blocks, bricks, roofing, timber, insulation etc.""; raw component=""Building materials, heating/plumbing, landscaping, reclaimed materials""; status=nan; source_kind=official_category_page",,REVIEW_ONLY,DO_NOT_IMPORT_REVIEW_ONLY,False
surplus_building_and_plumbing_materials,HAT_BAUTEILTYP,bt_daemmung,daemmung,https://surplusbuildingsupplies.co.uk/how-it-works/,"How-it-works/menu lists building categories including bricks, insulation, roofing/guttering, timber/sheet materials, plumbing, reclaimed materials.",,direct_category_scope,REVIEW_ONLY_MAPPED_FROM_NON_PRODUCT_OR_WEAK_SOURCE,"Pass4-6 mapped from component text. Raw material=""blocks, bricks, roofing, timber, insulation etc.""; raw component=""Building materials, heating/plumbing, landscaping, reclaimed materials""; status=nan; source_kind=official_category_page",,REVIEW_ONLY,DO_NOT_IMPORT_REVIEW_ONLY,False
surplus_building_and_plumbing_materials,HAT_BAUTEILTYP,bt_technik,technik,https://surplusbuildingsupplies.co.uk/how-it-works/,"How-it-works/menu lists building categories including bricks, insulation, roofing/guttering, timber/sheet materials, plumbing, reclaimed materials.",,direct_category_scope,REVIEW_ONLY_MAPPED_FROM_NON_PRODUCT_OR_WEAK_SOURCE,"Pass4-6 mapped from component text. Raw material=""blocks, bricks, roofing, timber, insulation etc.""; raw component=""Building materials, heating/plumbing, landscaping, reclaimed materials""; status=nan; source_kind=official_category_page",,REVIEW_ONLY,DO_NOT_IMPORT_REVIEW_ONLY,False
surplus_building_and_plumbing_materials,HAT_BAUTEILTYP,bt_wand,wand,https://surplusbuildingsupplies.co.uk/how-it-works/,"How-it-works/menu lists building categories including bricks, insulation, roofing/guttering, timber/sheet materials, plumbing, reclaimed materials.",,direct_category_scope,REVIEW_ONLY_MAPPED_FROM_NON_PRODUCT_OR_WEAK_SOURCE,"Pass4-6 mapped from component text. Raw material=""blocks, bricks, roofing, timber, insulation etc.""; raw component=""Building materials, heating/plumbing, landscaping, reclaimed materials""; status=nan; source_kind=official_category_page",,REVIEW_ONLY,DO_NOT_IMPORT_REVIEW_ONLY,False
surplus_building_and_plumbing_materials,NUTZT_MATERIAL,mat_daemmstoff,daemmstoff,https://surplusbuildingsupplies.co.uk/how-it-works/,"How-it-works/menu lists building categories including bricks, insulation, roofing/guttering, timber/sheet materials, plumbing, reclaimed materials.",,direct_category_scope,REVIEW_ONLY_MAPPED_FROM_NON_PRODUCT_OR_WEAK_SOURCE,"Pass4-6 mapped from material text. Raw material=""blocks, bricks, roofing, timber, insulation etc.""; raw component=""Building materials, heating/plumbing, landscaping, reclaimed materials""; status=nan; source_kind=official_category_page",,REVIEW_ONLY,DO_NOT_IMPORT_REVIEW_ONLY,False
surplus_building_and_plumbing_materials,NUTZT_MATERIAL,mat_holz,holz,https://surplusbuildingsupplies.co.uk/how-it-works/,"How-it-works/menu lists building categories including bricks, insulation, roofing/guttering, timber/sheet materials, plumbing, reclaimed materials.",,direct_category_scope,REVIEW_ONLY_MAPPED_FROM_NON_PRODUCT_OR_WEAK_SOURCE,"Pass4-6 mapped from material text. Raw material=""blocks, bricks, roofing, timber, insulation etc.""; raw component=""Building materials, heating/plumbing, landscaping, reclaimed materials""; status=nan; source_kind=official_category_page",,REVIEW_ONLY,DO_NOT_IMPORT_REVIEW_ONLY,False
surplus_building_and_plumbing_materials,NUTZT_MATERIAL,mat_ziegel,ziegel,https://surplusbuildingsupplies.co.uk/how-it-works/,"How-it-works/menu lists building categories including bricks, insulation, roofing/guttering, timber/sheet materials, plumbing, reclaimed materials.",,direct_category_scope,REVIEW_ONLY_MAPPED_FROM_NON_PRODUCT_OR_WEAK_SOURCE,"Pass4-6 mapped from material text. Raw material=""blocks, bricks, roofing, timber, insulation etc.""; raw component=""Building materials, heating/plumbing, landscaping, reclaimed materials""; status=nan; source_kind=official_category_page",,REVIEW_ONLY,DO_NOT_IMPORT_REVIEW_ONLY,False
sustainability_yard,HAT_BAUTEILTYP,bt_ausbau,ausbau,https://sustainabilityyard.com/docs/sell-on-sustainability-yard,"Sell guide states accepted reclaimed & salvaged materials including bricks, blocks, stone, timber beams/joists/boards/flooring, roof tiles/slates, doors/windows/frames/hardware, insulation, electrical fittings, plumbing fixtures/pipework, flooring packs, tiles, cladding/panels.",,accepted_scope_not_inventory,REVIEW_ONLY_MAPPED_FROM_NON_PRODUCT_OR_WEAK_SOURCE,"Pass4-6 mapped from component text. Raw material=""multiple materials""; raw component=""Bricks/blocks/stone; timber; roof tiles/slates; doors/windows/frames/hardware; insulation; electrical; plumbing; flooring/tiles/cladding""; status=nan; source_kind=official_sell_guide",,REVIEW_ONLY,DO_NOT_IMPORT_REVIEW_ONLY,False
sustainability_yard,HAT_BAUTEILTYP,bt_boden,boden,https://sustainabilityyard.com/docs/sell-on-sustainability-yard,"Sell guide states accepted reclaimed & salvaged materials including bricks, blocks, stone, timber beams/joists/boards/flooring, roof tiles/slates, doors/windows/frames/hardware, insulation, electrical fittings, plumbing fixtures/pipework, flooring packs, tiles, cladding/panels.",,accepted_scope_not_inventory,REVIEW_ONLY_MAPPED_FROM_NON_PRODUCT_OR_WEAK_SOURCE,"Pass4-6 mapped from component text. Raw material=""multiple materials""; raw component=""Bricks/blocks/stone; timber; roof tiles/slates; doors/windows/frames/hardware; insulation; electrical; plumbing; flooring/tiles/cladding""; status=nan; source_kind=official_sell_guide",,REVIEW_ONLY,DO_NOT_IMPORT_REVIEW_ONLY,False
sustainability_yard,HAT_BAUTEILTYP,bt_dach,dach,https://sustainabilityyard.com/docs/sell-on-sustainability-yard,"Sell guide states accepted reclaimed & salvaged materials including bricks, blocks, stone, timber beams/joists/boards/flooring, roof tiles/slates, doors/windows/frames/hardware, insulation, electrical fittings, plumbing fixtures/pipework, flooring packs, tiles, cladding/panels.",,accepted_scope_not_inventory,REVIEW_ONLY_MAPPED_FROM_NON_PRODUCT_OR_WEAK_SOURCE,"Pass4-6 mapped from component text. Raw material=""multiple materials""; raw component=""Bricks/blocks/stone; timber; roof tiles/slates; doors/windows/frames/hardware; insulation; electrical; plumbing; flooring/tiles/cladding""; status=nan; source_kind=official_sell_guide",,REVIEW_ONLY,DO_NOT_IMPORT_REVIEW_ONLY,False
sustainability_yard,HAT_BAUTEILTYP,bt_daemmung,daemmung,https://sustainabilityyard.com/docs/sell-on-sustainability-yard,"Sell guide states accepted reclaimed & salvaged materials including bricks, blocks, stone, timber beams/joists/boards/flooring, roof tiles/slates, doors/windows/frames/hardware, insulation, electrical fittings, plumbing fixtures/pipework, flooring packs, tiles, cladding/panels.",,accepted_scope_not_inventory,REVIEW_ONLY_MAPPED_FROM_NON_PRODUCT_OR_WEAK_SOURCE,"Pass4-6 mapped from component text. Raw material=""multiple materials""; raw component=""Bricks/blocks/stone; timber; roof tiles/slates; doors/windows/frames/hardware; insulation; electrical; plumbing; flooring/tiles/cladding""; status=nan; source_kind=official_sell_guide",,REVIEW_ONLY,DO_NOT_IMPORT_REVIEW_ONLY,False
sustainability_yard,HAT_BAUTEILTYP,bt_fassade,fassade,https://sustainabilityyard.com/docs/sell-on-sustainability-yard,"Sell guide states accepted reclaimed & salvaged materials including bricks, blocks, stone, timber beams/joists/boards/flooring, roof tiles/slates, doors/windows/frames/hardware, insulation, electrical fittings, plumbing fixtures/pipework, flooring packs, tiles, cladding/panels.",,accepted_scope_not_inventory,REVIEW_ONLY_MAPPED_FROM_NON_PRODUCT_OR_WEAK_SOURCE,"Pass4-6 mapped from component text. Raw material=""multiple materials""; raw component=""Bricks/blocks/stone; timber; roof tiles/slates; doors/windows/frames/hardware; insulation; electrical; plumbing; flooring/tiles/cladding""; status=nan; source_kind=official_sell_guide",,REVIEW_ONLY,DO_NOT_IMPORT_REVIEW_ONLY,False
sustainability_yard,HAT_BAUTEILTYP,bt_fenster,fenster,https://sustainabilityyard.com/docs/sell-on-sustainability-yard,"Sell guide states accepted reclaimed & salvaged materials including bricks, blocks, stone, timber beams/joists/boards/flooring, roof tiles/slates, doors/windows/frames/hardware, insulation, electrical fittings, plumbing fixtures/pipework, flooring packs, tiles, cladding/panels.",,accepted_scope_not_inventory,REVIEW_ONLY_MAPPED_FROM_NON_PRODUCT_OR_WEAK_SOURCE,"Pass4-6 mapped from component text. Raw material=""multiple materials""; raw component=""Bricks/blocks/stone; timber; roof tiles/slates; doors/windows/frames/hardware; insulation; electrical; plumbing; flooring/tiles/cladding""; status=nan; source_kind=official_sell_guide",,REVIEW_ONLY,DO_NOT_IMPORT_REVIEW_ONLY,False
sustainability_yard,HAT_BAUTEILTYP,bt_technik,technik,https://sustainabilityyard.com/docs/sell-on-sustainability-yard,"Sell guide states accepted reclaimed & salvaged materials including bricks, blocks, stone, timber beams/joists/boards/flooring, roof tiles/slates, doors/windows/frames/hardware, insulation, electrical fittings, plumbing fixtures/pipework, flooring packs, tiles, cladding/panels.",,accepted_scope_not_inventory,REVIEW_ONLY_MAPPED_FROM_NON_PRODUCT_OR_WEAK_SOURCE,"Pass4-6 mapped from component text. Raw material=""multiple materials""; raw component=""Bricks/blocks/stone; timber; roof tiles/slates; doors/windows/frames/hardware; insulation; electrical; plumbing; flooring/tiles/cladding""; status=nan; source_kind=official_sell_guide",,REVIEW_ONLY,DO_NOT_IMPORT_REVIEW_ONLY,False
sustainability_yard,HAT_BAUTEILTYP,bt_traeger,traeger,https://sustainabilityyard.com/docs/sell-on-sustainability-yard,"Sell guide states accepted reclaimed & salvaged materials including bricks, blocks, stone, timber beams/joists/boards/flooring, roof tiles/slates, doors/windows/frames/hardware, insulation, electrical fittings, plumbing fixtures/pipework, flooring packs, tiles, cladding/panels.",,accepted_scope_not_inventory,REVIEW_ONLY_MAPPED_FROM_NON_PRODUCT_OR_WEAK_SOURCE,"Pass4-6 mapped from component text. Raw material=""multiple materials""; raw component=""Bricks/blocks/stone; timber; roof tiles/slates; doors/windows/frames/hardware; insulation; electrical; plumbing; flooring/tiles/cladding""; status=nan; source_kind=official_sell_guide",,REVIEW_ONLY,DO_NOT_IMPORT_REVIEW_ONLY,False
sustainability_yard,HAT_BAUTEILTYP,bt_tuer,tuer,https://sustainabilityyard.com/docs/sell-on-sustainability-yard,"Sell guide states accepted reclaimed & salvaged materials including bricks, blocks, stone, timber beams/joists/boards/flooring, roof tiles/slates, doors/windows/frames/hardware, insulation, electrical fittings, plumbing fixtures/pipework, flooring packs, tiles, cladding/panels.",,accepted_scope_not_inventory,REVIEW_ONLY_MAPPED_FROM_NON_PRODUCT_OR_WEAK_SOURCE,"Pass4-6 mapped from component text. Raw material=""multiple materials""; raw component=""Bricks/blocks/stone; timber; roof tiles/slates; doors/windows/frames/hardware; insulation; electrical; plumbing; flooring/tiles/cladding""; status=nan; source_kind=official_sell_guide",,REVIEW_ONLY,DO_NOT_IMPORT_REVIEW_ONLY,False
sustainability_yard,HAT_BAUTEILTYP,bt_wand,wand,https://sustainabilityyard.com/docs/sell-on-sustainability-yard,"Sell guide states accepted reclaimed & salvaged materials including bricks, blocks, stone, timber beams/joists/boards/flooring, roof tiles/slates, doors/windows/frames/hardware, insulation, electrical fittings, plumbing fixtures/pipework, flooring packs, tiles, cladding/panels.",,accepted_scope_not_inventory,REVIEW_ONLY_MAPPED_FROM_NON_PRODUCT_OR_WEAK_SOURCE,"Pass4-6 mapped from component text. Raw material=""multiple materials""; raw component=""Bricks/blocks/stone; timber; roof tiles/slates; doors/windows/frames/hardware; insulation; electrical; plumbing; flooring/tiles/cladding""; status=nan; source_kind=official_sell_guide",,REVIEW_ONLY,DO_NOT_IMPORT_REVIEW_ONLY,False
sustainability_yard,NUTZT_MATERIAL,mat_daemmstoff,daemmstoff,https://sustainabilityyard.com/docs/sell-on-sustainability-yard,"Sell guide states accepted reclaimed & salvaged materials including bricks, blocks, stone, timber beams/joists/boards/flooring, roof tiles/slates, doors/windows/frames/hardware, insulation, electrical fittings, plumbing fixtures/pipework, flooring packs, tiles, cladding/panels.",,accepted_scope_not_inventory,REVIEW_ONLY_MAPPED_FROM_NON_PRODUCT_OR_WEAK_SOURCE,"Pass4-6 mapped from material text. Raw material=""multiple materials""; raw component=""Bricks/blocks/stone; timber; roof tiles/slates; doors/windows/frames/hardware; insulation; electrical; plumbing; flooring/tiles/cladding""; status=nan; source_kind=official_sell_guide",,REVIEW_ONLY,DO_NOT_IMPORT_REVIEW_ONLY,False
sustainability_yard,NUTZT_MATERIAL,mat_holz,holz,https://sustainabilityyard.com/docs/sell-on-sustainability-yard,"Sell guide states accepted reclaimed & salvaged materials including bricks, blocks, stone, timber beams/joists/boards/flooring, roof tiles/slates, doors/windows/frames/hardware, insulation, electrical fittings, plumbing fixtures/pipework, flooring packs, tiles, cladding/panels.",,accepted_scope_not_inventory,REVIEW_ONLY_MAPPED_FROM_NON_PRODUCT_OR_WEAK_SOURCE,"Pass4-6 mapped from material text. Raw material=""multiple materials""; raw component=""Bricks/blocks/stone; timber; roof tiles/slates; doors/windows/frames/hardware; insulation; electrical; plumbing; flooring/tiles/cladding""; status=nan; source_kind=official_sell_guide",,REVIEW_ONLY,DO_NOT_IMPORT_REVIEW_ONLY,False
sustainability_yard,NUTZT_MATERIAL,mat_naturstein,naturstein,https://sustainabilityyard.com/docs/sell-on-sustainability-yard,"Sell guide states accepted reclaimed & salvaged materials including bricks, blocks, stone, timber beams/joists/boards/flooring, roof tiles/slates, doors/windows/frames/hardware, insulation, electrical fittings, plumbing fixtures/pipework, flooring packs, tiles, cladding/panels.",,accepted_scope_not_inventory,REVIEW_ONLY_MAPPED_FROM_NON_PRODUCT_OR_WEAK_SOURCE,"Pass4-6 mapped from material text. Raw material=""multiple materials""; raw component=""Bricks/blocks/stone; timber; roof tiles/slates; doors/windows/frames/hardware; insulation; electrical; plumbing; flooring/tiles/cladding""; status=nan; source_kind=official_sell_guide",,REVIEW_ONLY,DO_NOT_IMPORT_REVIEW_ONLY,False
sustainability_yard,NUTZT_MATERIAL,mat_ziegel,ziegel,https://sustainabilityyard.com/docs/sell-on-sustainability-yard,"Sell guide states accepted reclaimed & salvaged materials including bricks, blocks, stone, timber beams/joists/boards/flooring, roof tiles/slates, doors/windows/frames/hardware, insulation, electrical fittings, plumbing fixtures/pipework, flooring packs, tiles, cladding/panels.",,accepted_scope_not_inventory,REVIEW_ONLY_MAPPED_FROM_NON_PRODUCT_OR_WEAK_SOURCE,"Pass4-6 mapped from material text. Raw material=""multiple materials""; raw component=""Bricks/blocks/stone; timber; roof tiles/slates; doors/windows/frames/hardware; insulation; electrical; plumbing; flooring/tiles/cladding""; status=nan; source_kind=official_sell_guide",,REVIEW_ONLY,DO_NOT_IMPORT_REVIEW_ONLY,False
useagain_bauteilclick,HAT_BAUTEILTYP,bt_tuer,tuer,https://www.useagain.ch/de/kaufen/gebaeudetechnik-sanitaer/sanitaer/zubehoer,"Category page: Zubehör für Sanitär; 79 Artikel; filters include material values; product rows include ventilator, WC Rollen Halterung, Spiegelschrank, Lavabo etc.",,direct_public_listing,REVIEW_ONLY_MAPPED_FROM_NON_PRODUCT_OR_WEAK_SOURCE,"Pass4-6 mapped from component text. Raw material=""filter lists Stahl, Kunststein, gemischt, Glas, Kunststoff, Keramik, Metall, Holz""; raw component=""Sanitär Zubehör""; status=nan; source_kind=category_listing_page",,REVIEW_ONLY,DO_NOT_IMPORT_REVIEW_ONLY,False
useagain_bauteilclick,NUTZT_MATERIAL,mat_glas,glas,https://www.useagain.ch/de/kaufen/gebaeudetechnik-sanitaer/sanitaer/zubehoer,"Category page: Zubehör für Sanitär; 79 Artikel; filters include material values; product rows include ventilator, WC Rollen Halterung, Spiegelschrank, Lavabo etc.",,direct_public_listing,REVIEW_ONLY_MAPPED_FROM_NON_PRODUCT_OR_WEAK_SOURCE,"Pass4-6 mapped from material text. Raw material=""filter lists Stahl, Kunststein, gemischt, Glas, Kunststoff, Keramik, Metall, Holz""; raw component=""Sanitär Zubehör""; status=nan; source_kind=category_listing_page",,REVIEW_ONLY,DO_NOT_IMPORT_REVIEW_ONLY,False
useagain_bauteilclick,NUTZT_MATERIAL,mat_holz,holz,https://www.useagain.ch/de/kaufen/gebaeudetechnik-sanitaer/sanitaer/zubehoer,"Category page: Zubehör für Sanitär; 79 Artikel; filters include material values; product rows include ventilator, WC Rollen Halterung, Spiegelschrank, Lavabo etc.",,direct_public_listing,REVIEW_ONLY_MAPPED_FROM_NON_PRODUCT_OR_WEAK_SOURCE,"Pass4-6 mapped from material text. Raw material=""filter lists Stahl, Kunststein, gemischt, Glas, Kunststoff, Keramik, Metall, Holz""; raw component=""Sanitär Zubehör""; status=nan; source_kind=category_listing_page",,REVIEW_ONLY,DO_NOT_IMPORT_REVIEW_ONLY,False
useagain_bauteilclick,NUTZT_MATERIAL,mat_keramik,keramik,https://www.useagain.ch/de/kaufen/gebaeudetechnik-sanitaer/sanitaer/zubehoer,"Category page: Zubehör für Sanitär; 79 Artikel; filters include material values; product rows include ventilator, WC Rollen Halterung, Spiegelschrank, Lavabo etc.",,direct_public_listing,REVIEW_ONLY_MAPPED_FROM_NON_PRODUCT_OR_WEAK_SOURCE,"Pass4-6 mapped from material text. Raw material=""filter lists Stahl, Kunststein, gemischt, Glas, Kunststoff, Keramik, Metall, Holz""; raw component=""Sanitär Zubehör""; status=nan; source_kind=category_listing_page",,REVIEW_ONLY,DO_NOT_IMPORT_REVIEW_ONLY,False
useagain_bauteilclick,NUTZT_MATERIAL,mat_kunststoff,kunststoff,https://www.useagain.ch/de/kaufen/gebaeudetechnik-sanitaer/sanitaer/zubehoer,"Category page: Zubehör für Sanitär; 79 Artikel; filters include material values; product rows include ventilator, WC Rollen Halterung, Spiegelschrank, Lavabo etc.",,direct_public_listing,REVIEW_ONLY_MAPPED_FROM_NON_PRODUCT_OR_WEAK_SOURCE,"Pass4-6 mapped from material text. Raw material=""filter lists Stahl, Kunststein, gemischt, Glas, Kunststoff, Keramik, Metall, Holz""; raw component=""Sanitär Zubehör""; status=nan; source_kind=category_listing_page",,REVIEW_ONLY,DO_NOT_IMPORT_REVIEW_ONLY,False
enviromate,NUTZT_MATERIAL,mat_holz,Holz,https://relondon.gov.uk/wp-content/uploads/2021/06/ReLondon-Sourcing-reclaimed-construction-materials-May-2021.pdf,ReLondon profile: typical materials available include timber.,PDF p.15 extract,THIRD_PARTY_PROFILE,REVIEW_ONLY_SOURCE_EXTRACT_OR_CATEGORY_SCOPE,Use to support actor scope and likely material portfolio; first-party page confirms marketplace but not all categories.,ADD_OR_PROMOTE_AFTER_RECLASSIFICATION,REVIEW_ONLY,DO_NOT_IMPORT_REVIEW_ONLY,False
enviromate,NUTZT_MATERIAL,mat_daemmstoff,Dämmstoff,https://relondon.gov.uk/wp-content/uploads/2021/06/ReLondon-Sourcing-reclaimed-construction-materials-May-2021.pdf,ReLondon profile: typical materials available include insulation.,PDF p.15 extract,THIRD_PARTY_PROFILE,REVIEW_ONLY_SOURCE_EXTRACT_OR_CATEGORY_SCOPE,Use to support actor scope and likely material portfolio; first-party page confirms marketplace but not all categories.,ADD_OR_PROMOTE_AFTER_RECLASSIFICATION,REVIEW_ONLY,DO_NOT_IMPORT_REVIEW_ONLY,False
enviromate,HAT_BAUTEILTYP,bt_tuer,Tür,https://relondon.gov.uk/wp-content/uploads/2021/06/ReLondon-Sourcing-reclaimed-construction-materials-May-2021.pdf,ReLondon profile: typical materials include doors.,PDF p.15 extract,THIRD_PARTY_PROFILE,REVIEW_ONLY_SOURCE_EXTRACT_OR_CATEGORY_SCOPE,Use to support actor scope and likely portfolio; not first-party product evidence.,ADD_OR_PROMOTE_AFTER_RECLASSIFICATION,REVIEW_ONLY,DO_NOT_IMPORT_REVIEW_ONLY,False
enviromate,HAT_BAUTEILTYP,bt_treppe,Treppe,https://relondon.gov.uk/wp-content/uploads/2021/06/ReLondon-Sourcing-reclaimed-construction-materials-May-2021.pdf,ReLondon profile: typical materials include stairs.,PDF p.15 extract,THIRD_PARTY_PROFILE,REVIEW_ONLY_SOURCE_EXTRACT_OR_CATEGORY_SCOPE,Use to support actor scope and likely portfolio; not first-party product evidence.,ADD_OR_PROMOTE_AFTER_RECLASSIFICATION,REVIEW_ONLY,DO_NOT_IMPORT_REVIEW_ONLY,False
enviromate,HAT_BAUTEILTYP,bt_daemmung,Dämmung,https://relondon.gov.uk/wp-content/uploads/2021/06/ReLondon-Sourcing-reclaimed-construction-materials-May-2021.pdf,ReLondon profile: typical materials include insulation.,PDF p.15 extract,THIRD_PARTY_PROFILE,REVIEW_ONLY_SOURCE_EXTRACT_OR_CATEGORY_SCOPE,Use to support actor scope and likely portfolio; not first-party product evidence.,ADD_OR_PROMOTE_AFTER_RECLASSIFICATION,REVIEW_ONLY,DO_NOT_IMPORT_REVIEW_ONLY,False
material_index,NUTZT_MATERIAL,mat_holz,Holz,https://material-index.co.uk/,Recent requests include Timber beams.,L85-L87,DIRECT_FIRST_PARTY_REQUEST_LIST,REVIEW_ONLY_SOURCE_EXTRACT_OR_CATEGORY_SCOPE,"Material/request examples, not necessarily current stock; keep review unless live item page confirms availability.",ADD_OR_PROMOTE_AFTER_RECLASSIFICATION,REVIEW_ONLY,DO_NOT_IMPORT_REVIEW_ONLY,False
material_index,NUTZT_MATERIAL,mat_ziegel,Ziegel,https://material-index.co.uk/,Recent requests include Heritage bricks and Brick pavers.,L85-L87,DIRECT_FIRST_PARTY_REQUEST_LIST,REVIEW_ONLY_SOURCE_EXTRACT_OR_CATEGORY_SCOPE,"Material/request examples, not necessarily current stock; keep review unless live item page confirms availability.",ADD_OR_PROMOTE_AFTER_RECLASSIFICATION,REVIEW_ONLY,DO_NOT_IMPORT_REVIEW_ONLY,False
material_index,NUTZT_MATERIAL,mat_stahl,Stahl,https://material-index.co.uk/,Recent requests include Bare Steel Encapsulated Panel.,L85-L87,DIRECT_FIRST_PARTY_REQUEST_LIST,REVIEW_ONLY_SOURCE_EXTRACT_OR_CATEGORY_SCOPE,"Material/request examples, not necessarily current stock; keep review unless live item page confirms availability.",ADD_OR_PROMOTE_AFTER_RECLASSIFICATION,REVIEW_ONLY,DO_NOT_IMPORT_REVIEW_ONLY,False
new_horizon,NUTZT_MATERIAL,mat_beton,Beton,https://newhorizon.nl/producten/,First-party product overview names circular concrete products/prefab/concrete applications.,search result extract,FIRST_PARTY_SEARCH_EXTRACT,REVIEW_ONLY_SOURCE_EXTRACT_OR_CATEGORY_SCOPE,Needs a fetched product page or product overview page before strict import.,ADD_OR_PROMOTE_AFTER_RECLASSIFICATION,REVIEW_ONLY,DO_NOT_IMPORT_REVIEW_ONLY,False
new_horizon,HAT_BAUTEILTYP,bt_fassade,Fassade,https://newhorizon.nl/producten/,First-party product overview names circular gevel/façade products.,search result extract,FIRST_PARTY_SEARCH_EXTRACT,REVIEW_ONLY_SOURCE_EXTRACT_OR_CATEGORY_SCOPE,Needs a fetched product page or product overview page before strict import.,ADD_OR_PROMOTE_AFTER_RECLASSIFICATION,REVIEW_ONLY,DO_NOT_IMPORT_REVIEW_ONLY,False
new_horizon,HAT_BAUTEILTYP,bt_dach,Dach,https://newhorizon.nl/producten/,First-party product overview names circular roofing/dak products.,search result extract,FIRST_PARTY_SEARCH_EXTRACT,REVIEW_ONLY_SOURCE_EXTRACT_OR_CATEGORY_SCOPE,Needs a fetched product page or product overview page before strict import.,ADD_OR_PROMOTE_AFTER_RECLASSIFICATION,REVIEW_ONLY,DO_NOT_IMPORT_REVIEW_ONLY,False
batrecup,HAT_BAUTEILTYP,bt_fenster,Fenster,https://www.batrecup.com/fabriquer-une-serre-a-partir-de-fenetres-et-baies-vitrees-en-reemploi-lart-de-lecologie/,BatRecup article says old windows/baies vitrées can be collected directly on the BatRecup application.,search result extract,DIRECT_FIRST_PARTY_ARTICLE,REVIEW_ONLY_SOURCE_EXTRACT_OR_CATEGORY_SCOPE,Confirms material-reuse scope/app use; no public product catalogue row found.,ADD_OR_PROMOTE_AFTER_RECLASSIFICATION,REVIEW_ONLY,DO_NOT_IMPORT_REVIEW_ONLY,False
batrecup,HAT_BAUTEILTYP,bt_tuer,Tür,https://www.batrecup.com/materiaux-recyclables-et-reemploi/,"BatRecup article about reusable materials names portes, fenêtres and bois.",search result extract,DIRECT_FIRST_PARTY_ARTICLE,REVIEW_ONLY_SOURCE_EXTRACT_OR_CATEGORY_SCOPE,Confirms material-reuse scope/app use; no public product catalogue row found.,ADD_OR_PROMOTE_AFTER_RECLASSIFICATION,REVIEW_ONLY,DO_NOT_IMPORT_REVIEW_ONLY,False
batrecup,NUTZT_MATERIAL,mat_holz,Holz,https://www.batrecup.com/materiaux-recyclables-et-reemploi/,BatRecup article about reusable materials names bois.,search result extract,DIRECT_FIRST_PARTY_ARTICLE,REVIEW_ONLY_SOURCE_EXTRACT_OR_CATEGORY_SCOPE,Confirms material-reuse scope/app use; no public product catalogue row found.,ADD_OR_PROMOTE_AFTER_RECLASSIFICATION,REVIEW_ONLY,DO_NOT_IMPORT_REVIEW_ONLY,False
