from_node_id,edge_type,to_node_id,evidence_status,source_url,source_quote,applicability_reason,missing_info,confidence
rw_din_spec_91484,GILT_IN_LAND,land_deutschland,rule_documented,https://din.one/pages/viewpage.action?pageId=160465716,Verfahren zur Erfassung von Bauprodukten als Grundlage fuer Bewertungen des Anschlussnutzungspotentials vor Abbruch- und Renovierungsarbeiten (Pre-Demolition-Audit).,jurisdiction of the rule,,0.9
nf_bauteilidentifikation,GESTUETZT_AUF_REGELWERK,rw_din_spec_91484,rule_documented,https://din.one/pages/viewpage.action?pageId=160465716,Verfahren zur Erfassung von Bauprodukten als Grundlage fuer Bewertungen des Anschlussnutzungspotentials vor Abbruch- und Renovierungsarbeiten (Pre-Demolition-Audit).,Nachweis is required/backed by this rule,,0.9
nf_herkunfts_und_rueckbaudokumentation,GESTUETZT_AUF_REGELWERK,rw_din_spec_91484,rule_documented,https://din.one/pages/viewpage.action?pageId=160465716,Verfahren zur Erfassung von Bauprodukten als Grundlage fuer Bewertungen des Anschlussnutzungspotentials vor Abbruch- und Renovierungsarbeiten (Pre-Demolition-Audit).,Nachweis is required/backed by this rule,,0.9
nf_zustands_und_massaufnahme,GESTUETZT_AUF_REGELWERK,rw_din_spec_91484,rule_documented,https://din.one/pages/viewpage.action?pageId=160465716,Verfahren zur Erfassung von Bauprodukten als Grundlage fuer Bewertungen des Anschlussnutzungspotentials vor Abbruch- und Renovierungsarbeiten (Pre-Demolition-Audit).,Nachweis is required/backed by this rule,,0.9
rf_reusedokumentationfrage,ERFORDERT_NACHWEIS,nf_bauteilidentifikation,rule_documented,https://din.one/pages/viewpage.action?pageId=160465716,Verfahren zur Erfassung von Bauprodukten als Grundlage fuer Bewertungen des Anschlussnutzungspotentials vor Abbruch- und Renovierungsarbeiten (Pre-Demolition-Audit).,question answered via rw_din_spec_91484,,0.9
rf_reusedokumentationfrage,ERFORDERT_NACHWEIS,nf_herkunfts_und_rueckbaudokumentation,rule_documented,https://din.one/pages/viewpage.action?pageId=160465716,Verfahren zur Erfassung von Bauprodukten als Grundlage fuer Bewertungen des Anschlussnutzungspotentials vor Abbruch- und Renovierungsarbeiten (Pre-Demolition-Audit).,question answered via rw_din_spec_91484,,0.9
rf_reusedokumentationfrage,ERFORDERT_NACHWEIS,nf_zustands_und_massaufnahme,rule_documented,https://din.one/pages/viewpage.action?pageId=160465716,Verfahren zur Erfassung von Bauprodukten als Grundlage fuer Bewertungen des Anschlussnutzungspotentials vor Abbruch- und Renovierungsarbeiten (Pre-Demolition-Audit).,question answered via rw_din_spec_91484,,0.9
rf_rueckbau_und_bauteilernte_frage,ERFORDERT_NACHWEIS,nf_bauteilidentifikation,rule_documented,https://din.one/pages/viewpage.action?pageId=160465716,Verfahren zur Erfassung von Bauprodukten als Grundlage fuer Bewertungen des Anschlussnutzungspotentials vor Abbruch- und Renovierungsarbeiten (Pre-Demolition-Audit).,question answered via rw_din_spec_91484,,0.9
rf_rueckbau_und_bauteilernte_frage,ERFORDERT_NACHWEIS,nf_herkunfts_und_rueckbaudokumentation,rule_documented,https://din.one/pages/viewpage.action?pageId=160465716,Verfahren zur Erfassung von Bauprodukten als Grundlage fuer Bewertungen des Anschlussnutzungspotentials vor Abbruch- und Renovierungsarbeiten (Pre-Demolition-Audit).,question answered via rw_din_spec_91484,,0.9
rf_rueckbau_und_bauteilernte_frage,ERFORDERT_NACHWEIS,nf_zustands_und_massaufnahme,rule_documented,https://din.one/pages/viewpage.action?pageId=160465716,Verfahren zur Erfassung von Bauprodukten als Grundlage fuer Bewertungen des Anschlussnutzungspotentials vor Abbruch- und Renovierungsarbeiten (Pre-Demolition-Audit).,question answered via rw_din_spec_91484,,0.9
rw_din_spec_91525,GILT_IN_LAND,land_deutschland,rule_documented,https://www.dinmedia.de/en/technical-rule/din-spec-91525/397760893,"Anschlussnutzungskonzept (PUC): einheitliche Kriterien fuer die wirtschaftliche, technische und oekologische Bewertung von Bauteilen fuer die Wiederverwendung.",jurisdiction of the rule,,0.9
nf_zustands_und_massaufnahme,GESTUETZT_AUF_REGELWERK,rw_din_spec_91525,rule_documented,https://www.dinmedia.de/en/technical-rule/din-spec-91525/397760893,"Anschlussnutzungskonzept (PUC): einheitliche Kriterien fuer die wirtschaftliche, technische und oekologische Bewertung von Bauteilen fuer die Wiederverwendung.",Nachweis is required/backed by this rule,,0.9
nf_dauerhaftigkeit_restlebensdauer,GESTUETZT_AUF_REGELWERK,rw_din_spec_91525,rule_documented,https://www.dinmedia.de/en/technical-rule/din-spec-91525/397760893,"Anschlussnutzungskonzept (PUC): einheitliche Kriterien fuer die wirtschaftliche, technische und oekologische Bewertung von Bauteilen fuer die Wiederverwendung.",Nachweis is required/backed by this rule,,0.9
rf_reusedokumentationfrage,ERFORDERT_NACHWEIS,nf_dauerhaftigkeit_restlebensdauer,rule_documented,https://www.dinmedia.de/en/technical-rule/din-spec-91525/397760893,"Anschlussnutzungskonzept (PUC): einheitliche Kriterien fuer die wirtschaftliche, technische und oekologische Bewertung von Bauteilen fuer die Wiederverwendung.",question answered via rw_din_spec_91525,,0.9
rf_rueckbau_und_bauteilernte_frage,ERFORDERT_NACHWEIS,nf_dauerhaftigkeit_restlebensdauer,rule_documented,https://www.dinmedia.de/en/technical-rule/din-spec-91525/397760893,"Anschlussnutzungskonzept (PUC): einheitliche Kriterien fuer die wirtschaftliche, technische und oekologische Bewertung von Bauteilen fuer die Wiederverwendung.",question answered via rw_din_spec_91525,,0.9
rw_vdi_6210,GILT_IN_LAND,land_deutschland,rule_documented,https://www.vdi.de/richtlinien/details/vdi-6210-blatt-1-abbruch-von-baulichen-und-technischen-anlagen,"Gilt fuer vollstaendigen Rueckbau und Abbrucharbeiten im Bestand; beschreibt Gewinnung, Bereitstellung, Zwischenlagerung und Verbleib der anfallenden Stoffe.",jurisdiction of the rule,,0.85
nf_herkunfts_und_rueckbaudokumentation,GESTUETZT_AUF_REGELWERK,rw_vdi_6210,rule_documented,https://www.vdi.de/richtlinien/details/vdi-6210-blatt-1-abbruch-von-baulichen-und-technischen-anlagen,"Gilt fuer vollstaendigen Rueckbau und Abbrucharbeiten im Bestand; beschreibt Gewinnung, Bereitstellung, Zwischenlagerung und Verbleib der anfallenden Stoffe.",Nachweis is required/backed by this rule,,0.85
nf_genehmigungs_oder_zustimmungsbedarf,GESTUETZT_AUF_REGELWERK,rw_vdi_6210,rule_documented,https://www.vdi.de/richtlinien/details/vdi-6210-blatt-1-abbruch-von-baulichen-und-technischen-anlagen,"Gilt fuer vollstaendigen Rueckbau und Abbrucharbeiten im Bestand; beschreibt Gewinnung, Bereitstellung, Zwischenlagerung und Verbleib der anfallenden Stoffe.",Nachweis is required/backed by this rule,,0.85
rf_rueckbau_und_bauteilernte_frage,ERFORDERT_NACHWEIS,nf_genehmigungs_oder_zustimmungsbedarf,rule_documented,https://www.vdi.de/richtlinien/details/vdi-6210-blatt-1-abbruch-von-baulichen-und-technischen-anlagen,"Gilt fuer vollstaendigen Rueckbau und Abbrucharbeiten im Bestand; beschreibt Gewinnung, Bereitstellung, Zwischenlagerung und Verbleib der anfallenden Stoffe.",question answered via rw_vdi_6210,,0.85
rw_krwg,GILT_IN_LAND,land_deutschland,rule_documented,https://www.gesetze-im-internet.de/krwg/__6.html,"Abfallhierarchie: Vermeidung, Vorbereitung zur Wiederverwendung (Pruefung/Reinigung/Reparatur), Recycling, sonstige Verwertung, Beseitigung.",jurisdiction of the rule,,0.9
nf_herkunfts_und_rueckbaudokumentation,GESTUETZT_AUF_REGELWERK,rw_krwg,rule_documented,https://www.gesetze-im-internet.de/krwg/__6.html,"Abfallhierarchie: Vermeidung, Vorbereitung zur Wiederverwendung (Pruefung/Reinigung/Reparatur), Recycling, sonstige Verwertung, Beseitigung.",Nachweis is required/backed by this rule,,0.9
rw_eu_cpr_2024_3110,GILT_IN_LAND,land_deutschland,rule_documented,https://www.ressource-deutschland.de/service/rechtlicher-rahmen-zur-ressourceneffizienz/eu-bauprodukte-verordnung-2024/3110/,Erweiterter Anwendungsbereich umfasst gebrauchte Produkte; digitaler Produktpass muss Informationen fuer Wiederverwendung und Refurbishment bereitstellen.,EU-wide regulation,,0.9
rw_eu_cpr_2024_3110,GILT_IN_LAND,land_oesterreich,comparative_only,https://www.ressource-deutschland.de/service/rechtlicher-rahmen-zur-ressourceneffizienz/eu-bauprodukte-verordnung-2024/3110/,Erweiterter Anwendungsbereich umfasst gebrauchte Produkte; digitaler Produktpass muss Informationen fuer Wiederverwendung und Refurbishment bereitstellen.,EU-wide regulation,,0.9
rw_eu_cpr_2024_3110,GILT_IN_LAND,land_belgien,comparative_only,https://www.ressource-deutschland.de/service/rechtlicher-rahmen-zur-ressourceneffizienz/eu-bauprodukte-verordnung-2024/3110/,Erweiterter Anwendungsbereich umfasst gebrauchte Produkte; digitaler Produktpass muss Informationen fuer Wiederverwendung und Refurbishment bereitstellen.,EU-wide regulation,,0.9
rw_eu_cpr_2024_3110,GILT_IN_LAND,land_niederlande,comparative_only,https://www.ressource-deutschland.de/service/rechtlicher-rahmen-zur-ressourceneffizienz/eu-bauprodukte-verordnung-2024/3110/,Erweiterter Anwendungsbereich umfasst gebrauchte Produkte; digitaler Produktpass muss Informationen fuer Wiederverwendung und Refurbishment bereitstellen.,EU-wide regulation,,0.9
rw_eu_cpr_2024_3110,GILT_IN_LAND,land_frankreich,comparative_only,https://www.ressource-deutschland.de/service/rechtlicher-rahmen-zur-ressourceneffizienz/eu-bauprodukte-verordnung-2024/3110/,Erweiterter Anwendungsbereich umfasst gebrauchte Produkte; digitaler Produktpass muss Informationen fuer Wiederverwendung und Refurbishment bereitstellen.,EU-wide regulation,,0.9
rw_eu_cpr_2024_3110,GILT_IN_LAND,land_daenemark,comparative_only,https://www.ressource-deutschland.de/service/rechtlicher-rahmen-zur-ressourceneffizienz/eu-bauprodukte-verordnung-2024/3110/,Erweiterter Anwendungsbereich umfasst gebrauchte Produkte; digitaler Produktpass muss Informationen fuer Wiederverwendung und Refurbishment bereitstellen.,EU-wide regulation,,0.9
rw_eu_cpr_2024_3110,GILT_IN_LAND,land_norwegen,comparative_only,https://www.ressource-deutschland.de/service/rechtlicher-rahmen-zur-ressourceneffizienz/eu-bauprodukte-verordnung-2024/3110/,Erweiterter Anwendungsbereich umfasst gebrauchte Produkte; digitaler Produktpass muss Informationen fuer Wiederverwendung und Refurbishment bereitstellen.,EU-wide regulation,,0.9
nf_produktstatus_und_leistungserklaerung,GESTUETZT_AUF_REGELWERK,rw_eu_cpr_2024_3110,rule_documented,https://www.ressource-deutschland.de/service/rechtlicher-rahmen-zur-ressourceneffizienz/eu-bauprodukte-verordnung-2024/3110/,Erweiterter Anwendungsbereich umfasst gebrauchte Produkte; digitaler Produktpass muss Informationen fuer Wiederverwendung und Refurbishment bereitstellen.,Nachweis is required/backed by this rule,,0.9
nf_herkunfts_und_rueckbaudokumentation,GESTUETZT_AUF_REGELWERK,rw_eu_cpr_2024_3110,rule_documented,https://www.ressource-deutschland.de/service/rechtlicher-rahmen-zur-ressourceneffizienz/eu-bauprodukte-verordnung-2024/3110/,Erweiterter Anwendungsbereich umfasst gebrauchte Produkte; digitaler Produktpass muss Informationen fuer Wiederverwendung und Refurbishment bereitstellen.,Nachweis is required/backed by this rule,,0.9
rf_bauproduktstatus_frage,ERFORDERT_NACHWEIS,nf_produktstatus_und_leistungserklaerung,rule_documented,https://www.ressource-deutschland.de/service/rechtlicher-rahmen-zur-ressourceneffizienz/eu-bauprodukte-verordnung-2024/3110/,Erweiterter Anwendungsbereich umfasst gebrauchte Produkte; digitaler Produktpass muss Informationen fuer Wiederverwendung und Refurbishment bereitstellen.,question answered via rw_eu_cpr_2024_3110,,0.9
rf_bauproduktstatus_frage,ERFORDERT_NACHWEIS,nf_herkunfts_und_rueckbaudokumentation,rule_documented,https://www.ressource-deutschland.de/service/rechtlicher-rahmen-zur-ressourceneffizienz/eu-bauprodukte-verordnung-2024/3110/,Erweiterter Anwendungsbereich umfasst gebrauchte Produkte; digitaler Produktpass muss Informationen fuer Wiederverwendung und Refurbishment bereitstellen.,question answered via rw_eu_cpr_2024_3110,,0.9
rf_reusedokumentationfrage,ERFORDERT_NACHWEIS,nf_produktstatus_und_leistungserklaerung,rule_documented,https://www.ressource-deutschland.de/service/rechtlicher-rahmen-zur-ressourceneffizienz/eu-bauprodukte-verordnung-2024/3110/,Erweiterter Anwendungsbereich umfasst gebrauchte Produkte; digitaler Produktpass muss Informationen fuer Wiederverwendung und Refurbishment bereitstellen.,question answered via rw_eu_cpr_2024_3110,,0.9
rw_eu_cpr_305_2011,GILT_IN_LAND,land_deutschland,rule_documented,https://www.maschinenrichtlinie.de/mbt-leitfaden/eu-binnenmarkt/eu-produktvorschriften/bauprodukte-verordnung-eu-nr-305/2011-/-eu-nr-2024/3110/,Fuer CE-gekennzeichnete Bauprodukte nach Verordnung (EU) 305/2011 werden keine nationalen Verwendbarkeitsnachweise ausgestellt.,EU-wide regulation,,0.8
rw_eu_cpr_305_2011,GILT_IN_LAND,land_oesterreich,comparative_only,https://www.maschinenrichtlinie.de/mbt-leitfaden/eu-binnenmarkt/eu-produktvorschriften/bauprodukte-verordnung-eu-nr-305/2011-/-eu-nr-2024/3110/,Fuer CE-gekennzeichnete Bauprodukte nach Verordnung (EU) 305/2011 werden keine nationalen Verwendbarkeitsnachweise ausgestellt.,EU-wide regulation,,0.8
rw_eu_cpr_305_2011,GILT_IN_LAND,land_belgien,comparative_only,https://www.maschinenrichtlinie.de/mbt-leitfaden/eu-binnenmarkt/eu-produktvorschriften/bauprodukte-verordnung-eu-nr-305/2011-/-eu-nr-2024/3110/,Fuer CE-gekennzeichnete Bauprodukte nach Verordnung (EU) 305/2011 werden keine nationalen Verwendbarkeitsnachweise ausgestellt.,EU-wide regulation,,0.8
rw_eu_cpr_305_2011,GILT_IN_LAND,land_niederlande,comparative_only,https://www.maschinenrichtlinie.de/mbt-leitfaden/eu-binnenmarkt/eu-produktvorschriften/bauprodukte-verordnung-eu-nr-305/2011-/-eu-nr-2024/3110/,Fuer CE-gekennzeichnete Bauprodukte nach Verordnung (EU) 305/2011 werden keine nationalen Verwendbarkeitsnachweise ausgestellt.,EU-wide regulation,,0.8
rw_eu_cpr_305_2011,GILT_IN_LAND,land_frankreich,comparative_only,https://www.maschinenrichtlinie.de/mbt-leitfaden/eu-binnenmarkt/eu-produktvorschriften/bauprodukte-verordnung-eu-nr-305/2011-/-eu-nr-2024/3110/,Fuer CE-gekennzeichnete Bauprodukte nach Verordnung (EU) 305/2011 werden keine nationalen Verwendbarkeitsnachweise ausgestellt.,EU-wide regulation,,0.8
rw_eu_cpr_305_2011,GILT_IN_LAND,land_daenemark,comparative_only,https://www.maschinenrichtlinie.de/mbt-leitfaden/eu-binnenmarkt/eu-produktvorschriften/bauprodukte-verordnung-eu-nr-305/2011-/-eu-nr-2024/3110/,Fuer CE-gekennzeichnete Bauprodukte nach Verordnung (EU) 305/2011 werden keine nationalen Verwendbarkeitsnachweise ausgestellt.,EU-wide regulation,,0.8
rw_eu_cpr_305_2011,GILT_IN_LAND,land_norwegen,comparative_only,https://www.maschinenrichtlinie.de/mbt-leitfaden/eu-binnenmarkt/eu-produktvorschriften/bauprodukte-verordnung-eu-nr-305/2011-/-eu-nr-2024/3110/,Fuer CE-gekennzeichnete Bauprodukte nach Verordnung (EU) 305/2011 werden keine nationalen Verwendbarkeitsnachweise ausgestellt.,EU-wide regulation,,0.8
nf_produktstatus_und_leistungserklaerung,GESTUETZT_AUF_REGELWERK,rw_eu_cpr_305_2011,rule_documented,https://www.maschinenrichtlinie.de/mbt-leitfaden/eu-binnenmarkt/eu-produktvorschriften/bauprodukte-verordnung-eu-nr-305/2011-/-eu-nr-2024/3110/,Fuer CE-gekennzeichnete Bauprodukte nach Verordnung (EU) 305/2011 werden keine nationalen Verwendbarkeitsnachweise ausgestellt.,Nachweis is required/backed by this rule,,0.8
rw_trgs_519,GILT_IN_LAND,land_deutschland,rule_documented,https://www.baua.de/DE/Angebote/Regelwerk/TRGS/TRGS-519,Asbest: Vor jeder Taetigkeit systematische Informationsermittlung und Gefaehrdungsbeurteilung; Anzeige bei der Behoerde mind. eine Woche vor Beginn.,jurisdiction of the rule,,0.95
nf_asbest_check,GESTUETZT_AUF_REGELWERK,rw_trgs_519,rule_documented,https://www.baua.de/DE/Angebote/Regelwerk/TRGS/TRGS-519,Asbest: Vor jeder Taetigkeit systematische Informationsermittlung und Gefaehrdungsbeurteilung; Anzeige bei der Behoerde mind. eine Woche vor Beginn.,Nachweis is required/backed by this rule,,0.95
rf_schadstoff_frage,ERFORDERT_NACHWEIS,nf_asbest_check,rule_documented,https://www.baua.de/DE/Angebote/Regelwerk/TRGS/TRGS-519,Asbest: Vor jeder Taetigkeit systematische Informationsermittlung und Gefaehrdungsbeurteilung; Anzeige bei der Behoerde mind. eine Woche vor Beginn.,question answered via rw_trgs_519,,0.95
rw_trgs_521,GILT_IN_LAND,land_deutschland,rule_documented,https://www.baua.de/DE/Angebote/Regelwerk/TRGS/pdf/TRGS-521.pdf,"KMF vor 1996 als krebserzeugend Kat. 2 (alte Mineralwolle); Handhabung nur im Rahmen von Abbruch-, Sanierungs- und Instandhaltungsarbeiten mit Schutzmassnahmen.",jurisdiction of the rule,,0.9
nf_kmf_check,GESTUETZT_AUF_REGELWERK,rw_trgs_521,rule_documented,https://www.baua.de/DE/Angebote/Regelwerk/TRGS/pdf/TRGS-521.pdf,"KMF vor 1996 als krebserzeugend Kat. 2 (alte Mineralwolle); Handhabung nur im Rahmen von Abbruch-, Sanierungs- und Instandhaltungsarbeiten mit Schutzmassnahmen.",Nachweis is required/backed by this rule,,0.9
rf_schadstoff_frage,ERFORDERT_NACHWEIS,nf_kmf_check,rule_documented,https://www.baua.de/DE/Angebote/Regelwerk/TRGS/pdf/TRGS-521.pdf,"KMF vor 1996 als krebserzeugend Kat. 2 (alte Mineralwolle); Handhabung nur im Rahmen von Abbruch-, Sanierungs- und Instandhaltungsarbeiten mit Schutzmassnahmen.",question answered via rw_trgs_521,,0.9
rw_gefstoffv,GILT_IN_LAND,land_deutschland,rule_documented,https://www.bgbau.de/themen/sicherheit-und-gesundheit/asbest/neue-gefahrstoffverordnung-2024,"Gebaeude vor 31.10.1993: Asbestverdacht; Informationspflicht ueber Gefahrstoffe vor Bau-, Instandhaltungs- oder Rueckbauarbeiten; risikobezogenes Massnahmenkonzept.",jurisdiction of the rule,,0.9
nf_asbest_check,GESTUETZT_AUF_REGELWERK,rw_gefstoffv,rule_documented,https://www.bgbau.de/themen/sicherheit-und-gesundheit/asbest/neue-gefahrstoffverordnung-2024,"Gebaeude vor 31.10.1993: Asbestverdacht; Informationspflicht ueber Gefahrstoffe vor Bau-, Instandhaltungs- oder Rueckbauarbeiten; risikobezogenes Massnahmenkonzept.",Nachweis is required/backed by this rule,,0.9
nf_schadstoffpruefung,GESTUETZT_AUF_REGELWERK,rw_gefstoffv,rule_documented,https://www.bgbau.de/themen/sicherheit-und-gesundheit/asbest/neue-gefahrstoffverordnung-2024,"Gebaeude vor 31.10.1993: Asbestverdacht; Informationspflicht ueber Gefahrstoffe vor Bau-, Instandhaltungs- oder Rueckbauarbeiten; risikobezogenes Massnahmenkonzept.",Nachweis is required/backed by this rule,,0.9
rf_schadstoff_frage,ERFORDERT_NACHWEIS,nf_schadstoffpruefung,rule_documented,https://www.bgbau.de/themen/sicherheit-und-gesundheit/asbest/neue-gefahrstoffverordnung-2024,"Gebaeude vor 31.10.1993: Asbestverdacht; Informationspflicht ueber Gefahrstoffe vor Bau-, Instandhaltungs- oder Rueckbauarbeiten; risikobezogenes Massnahmenkonzept.",question answered via rw_gefstoffv,,0.9
rw_reach_annex_xvii,GILT_IN_LAND,land_deutschland,rule_documented,https://www.reach-clp-biozid-helpdesk.de/SharedDocs/Meldungen/DE/REACH/2023-07-20-Beschr%C3%A4nkung_Formaldehyd_Abspalter,"Ab 6.8.2026 Holzwerkstoff-Artikel/Moebel nur < 0,062 mg/m3 Formaldehyd; andere Artikel/Bauprodukte < 0,080 mg/m3.",EU-wide regulation,,0.85
rw_reach_annex_xvii,GILT_IN_LAND,land_oesterreich,comparative_only,https://www.reach-clp-biozid-helpdesk.de/SharedDocs/Meldungen/DE/REACH/2023-07-20-Beschr%C3%A4nkung_Formaldehyd_Abspalter,"Ab 6.8.2026 Holzwerkstoff-Artikel/Moebel nur < 0,062 mg/m3 Formaldehyd; andere Artikel/Bauprodukte < 0,080 mg/m3.",EU-wide regulation,,0.85
rw_reach_annex_xvii,GILT_IN_LAND,land_belgien,comparative_only,https://www.reach-clp-biozid-helpdesk.de/SharedDocs/Meldungen/DE/REACH/2023-07-20-Beschr%C3%A4nkung_Formaldehyd_Abspalter,"Ab 6.8.2026 Holzwerkstoff-Artikel/Moebel nur < 0,062 mg/m3 Formaldehyd; andere Artikel/Bauprodukte < 0,080 mg/m3.",EU-wide regulation,,0.85
rw_reach_annex_xvii,GILT_IN_LAND,land_niederlande,comparative_only,https://www.reach-clp-biozid-helpdesk.de/SharedDocs/Meldungen/DE/REACH/2023-07-20-Beschr%C3%A4nkung_Formaldehyd_Abspalter,"Ab 6.8.2026 Holzwerkstoff-Artikel/Moebel nur < 0,062 mg/m3 Formaldehyd; andere Artikel/Bauprodukte < 0,080 mg/m3.",EU-wide regulation,,0.85
rw_reach_annex_xvii,GILT_IN_LAND,land_frankreich,comparative_only,https://www.reach-clp-biozid-helpdesk.de/SharedDocs/Meldungen/DE/REACH/2023-07-20-Beschr%C3%A4nkung_Formaldehyd_Abspalter,"Ab 6.8.2026 Holzwerkstoff-Artikel/Moebel nur < 0,062 mg/m3 Formaldehyd; andere Artikel/Bauprodukte < 0,080 mg/m3.",EU-wide regulation,,0.85
rw_reach_annex_xvii,GILT_IN_LAND,land_daenemark,comparative_only,https://www.reach-clp-biozid-helpdesk.de/SharedDocs/Meldungen/DE/REACH/2023-07-20-Beschr%C3%A4nkung_Formaldehyd_Abspalter,"Ab 6.8.2026 Holzwerkstoff-Artikel/Moebel nur < 0,062 mg/m3 Formaldehyd; andere Artikel/Bauprodukte < 0,080 mg/m3.",EU-wide regulation,,0.85
rw_reach_annex_xvii,GILT_IN_LAND,land_norwegen,comparative_only,https://www.reach-clp-biozid-helpdesk.de/SharedDocs/Meldungen/DE/REACH/2023-07-20-Beschr%C3%A4nkung_Formaldehyd_Abspalter,"Ab 6.8.2026 Holzwerkstoff-Artikel/Moebel nur < 0,062 mg/m3 Formaldehyd; andere Artikel/Bauprodukte < 0,080 mg/m3.",EU-wide regulation,,0.85
nf_formaldehyd_oder_emissionsnachweis,GESTUETZT_AUF_REGELWERK,rw_reach_annex_xvii,rule_documented,https://www.reach-clp-biozid-helpdesk.de/SharedDocs/Meldungen/DE/REACH/2023-07-20-Beschr%C3%A4nkung_Formaldehyd_Abspalter,"Ab 6.8.2026 Holzwerkstoff-Artikel/Moebel nur < 0,062 mg/m3 Formaldehyd; andere Artikel/Bauprodukte < 0,080 mg/m3.",Nachweis is required/backed by this rule,,0.85
nf_schwermetall_oder_bleifarbe_check,GESTUETZT_AUF_REGELWERK,rw_reach_annex_xvii,rule_documented,https://www.reach-clp-biozid-helpdesk.de/SharedDocs/Meldungen/DE/REACH/2023-07-20-Beschr%C3%A4nkung_Formaldehyd_Abspalter,"Ab 6.8.2026 Holzwerkstoff-Artikel/Moebel nur < 0,062 mg/m3 Formaldehyd; andere Artikel/Bauprodukte < 0,080 mg/m3.",Nachweis is required/backed by this rule,,0.85
rf_schadstoff_frage,ERFORDERT_NACHWEIS,nf_formaldehyd_oder_emissionsnachweis,rule_documented,https://www.reach-clp-biozid-helpdesk.de/SharedDocs/Meldungen/DE/REACH/2023-07-20-Beschr%C3%A4nkung_Formaldehyd_Abspalter,"Ab 6.8.2026 Holzwerkstoff-Artikel/Moebel nur < 0,062 mg/m3 Formaldehyd; andere Artikel/Bauprodukte < 0,080 mg/m3.",question answered via rw_reach_annex_xvii,,0.85
rf_schadstoff_frage,ERFORDERT_NACHWEIS,nf_schwermetall_oder_bleifarbe_check,rule_documented,https://www.reach-clp-biozid-helpdesk.de/SharedDocs/Meldungen/DE/REACH/2023-07-20-Beschr%C3%A4nkung_Formaldehyd_Abspalter,"Ab 6.8.2026 Holzwerkstoff-Artikel/Moebel nur < 0,062 mg/m3 Formaldehyd; andere Artikel/Bauprodukte < 0,080 mg/m3.",question answered via rw_reach_annex_xvii,,0.85
rw_reach_annex_xvii,BETRIFFT_MATERIAL,mat_mdf,rule_documented,https://www.reach-clp-biozid-helpdesk.de/SharedDocs/Meldungen/DE/REACH/2023-07-20-Beschr%C3%A4nkung_Formaldehyd_Abspalter,"Ab 6.8.2026 Holzwerkstoff-Artikel/Moebel nur < 0,062 mg/m3 Formaldehyd; andere Artikel/Bauprodukte < 0,080 mg/m3.",rule governs/assesses this material for reuse,,0.85
rw_pop_2019_1021,GILT_IN_LAND,land_deutschland,rule_documented,https://eur-lex.europa.eu/legal-content/DE/TXT/?uri=LEGISSUM:4406078,Anforderungen an Verwendung und Freisetzung persistenter organischer Schadstoffe (u.a. PCB); Bestimmungen fuer die Entsorgung kontaminierter Abfaelle.,EU-wide regulation,,0.85
rw_pop_2019_1021,GILT_IN_LAND,land_oesterreich,comparative_only,https://eur-lex.europa.eu/legal-content/DE/TXT/?uri=LEGISSUM:4406078,Anforderungen an Verwendung und Freisetzung persistenter organischer Schadstoffe (u.a. PCB); Bestimmungen fuer die Entsorgung kontaminierter Abfaelle.,EU-wide regulation,,0.85
rw_pop_2019_1021,GILT_IN_LAND,land_belgien,comparative_only,https://eur-lex.europa.eu/legal-content/DE/TXT/?uri=LEGISSUM:4406078,Anforderungen an Verwendung und Freisetzung persistenter organischer Schadstoffe (u.a. PCB); Bestimmungen fuer die Entsorgung kontaminierter Abfaelle.,EU-wide regulation,,0.85
rw_pop_2019_1021,GILT_IN_LAND,land_niederlande,comparative_only,https://eur-lex.europa.eu/legal-content/DE/TXT/?uri=LEGISSUM:4406078,Anforderungen an Verwendung und Freisetzung persistenter organischer Schadstoffe (u.a. PCB); Bestimmungen fuer die Entsorgung kontaminierter Abfaelle.,EU-wide regulation,,0.85
rw_pop_2019_1021,GILT_IN_LAND,land_frankreich,comparative_only,https://eur-lex.europa.eu/legal-content/DE/TXT/?uri=LEGISSUM:4406078,Anforderungen an Verwendung und Freisetzung persistenter organischer Schadstoffe (u.a. PCB); Bestimmungen fuer die Entsorgung kontaminierter Abfaelle.,EU-wide regulation,,0.85
rw_pop_2019_1021,GILT_IN_LAND,land_daenemark,comparative_only,https://eur-lex.europa.eu/legal-content/DE/TXT/?uri=LEGISSUM:4406078,Anforderungen an Verwendung und Freisetzung persistenter organischer Schadstoffe (u.a. PCB); Bestimmungen fuer die Entsorgung kontaminierter Abfaelle.,EU-wide regulation,,0.85
rw_pop_2019_1021,GILT_IN_LAND,land_norwegen,comparative_only,https://eur-lex.europa.eu/legal-content/DE/TXT/?uri=LEGISSUM:4406078,Anforderungen an Verwendung und Freisetzung persistenter organischer Schadstoffe (u.a. PCB); Bestimmungen fuer die Entsorgung kontaminierter Abfaelle.,EU-wide regulation,,0.85
nf_pcb_check,GESTUETZT_AUF_REGELWERK,rw_pop_2019_1021,rule_documented,https://eur-lex.europa.eu/legal-content/DE/TXT/?uri=LEGISSUM:4406078,Anforderungen an Verwendung und Freisetzung persistenter organischer Schadstoffe (u.a. PCB); Bestimmungen fuer die Entsorgung kontaminierter Abfaelle.,Nachweis is required/backed by this rule,,0.85
nf_pak_check,GESTUETZT_AUF_REGELWERK,rw_pop_2019_1021,rule_documented,https://eur-lex.europa.eu/legal-content/DE/TXT/?uri=LEGISSUM:4406078,Anforderungen an Verwendung und Freisetzung persistenter organischer Schadstoffe (u.a. PCB); Bestimmungen fuer die Entsorgung kontaminierter Abfaelle.,Nachweis is required/backed by this rule,,0.85
rf_schadstoff_frage,ERFORDERT_NACHWEIS,nf_pcb_check,rule_documented,https://eur-lex.europa.eu/legal-content/DE/TXT/?uri=LEGISSUM:4406078,Anforderungen an Verwendung und Freisetzung persistenter organischer Schadstoffe (u.a. PCB); Bestimmungen fuer die Entsorgung kontaminierter Abfaelle.,question answered via rw_pop_2019_1021,,0.85
rf_schadstoff_frage,ERFORDERT_NACHWEIS,nf_pak_check,rule_documented,https://eur-lex.europa.eu/legal-content/DE/TXT/?uri=LEGISSUM:4406078,Anforderungen an Verwendung und Freisetzung persistenter organischer Schadstoffe (u.a. PCB); Bestimmungen fuer die Entsorgung kontaminierter Abfaelle.,question answered via rw_pop_2019_1021,,0.85
rw_cen_ts_1090_201,GILT_IN_LAND,land_deutschland,rule_documented,https://standards.iteh.ai/catalog/standards/cen/31a1835a-d97d-4bf7-8319-62d76609fe39/cen-ts-1090-201-2024,Requirements for the reusability assessment of reclaimed structural components and the declaration of mechanical and geometrical properties as well as weldability.,EU-wide regulation,,0.9
rw_cen_ts_1090_201,GILT_IN_LAND,land_oesterreich,comparative_only,https://standards.iteh.ai/catalog/standards/cen/31a1835a-d97d-4bf7-8319-62d76609fe39/cen-ts-1090-201-2024,Requirements for the reusability assessment of reclaimed structural components and the declaration of mechanical and geometrical properties as well as weldability.,EU-wide regulation,,0.9
rw_cen_ts_1090_201,GILT_IN_LAND,land_belgien,comparative_only,https://standards.iteh.ai/catalog/standards/cen/31a1835a-d97d-4bf7-8319-62d76609fe39/cen-ts-1090-201-2024,Requirements for the reusability assessment of reclaimed structural components and the declaration of mechanical and geometrical properties as well as weldability.,EU-wide regulation,,0.9
rw_cen_ts_1090_201,GILT_IN_LAND,land_niederlande,comparative_only,https://standards.iteh.ai/catalog/standards/cen/31a1835a-d97d-4bf7-8319-62d76609fe39/cen-ts-1090-201-2024,Requirements for the reusability assessment of reclaimed structural components and the declaration of mechanical and geometrical properties as well as weldability.,EU-wide regulation,,0.9
rw_cen_ts_1090_201,GILT_IN_LAND,land_frankreich,comparative_only,https://standards.iteh.ai/catalog/standards/cen/31a1835a-d97d-4bf7-8319-62d76609fe39/cen-ts-1090-201-2024,Requirements for the reusability assessment of reclaimed structural components and the declaration of mechanical and geometrical properties as well as weldability.,EU-wide regulation,,0.9
rw_cen_ts_1090_201,GILT_IN_LAND,land_daenemark,comparative_only,https://standards.iteh.ai/catalog/standards/cen/31a1835a-d97d-4bf7-8319-62d76609fe39/cen-ts-1090-201-2024,Requirements for the reusability assessment of reclaimed structural components and the declaration of mechanical and geometrical properties as well as weldability.,EU-wide regulation,,0.9
rw_cen_ts_1090_201,GILT_IN_LAND,land_norwegen,comparative_only,https://standards.iteh.ai/catalog/standards/cen/31a1835a-d97d-4bf7-8319-62d76609fe39/cen-ts-1090-201-2024,Requirements for the reusability assessment of reclaimed structural components and the declaration of mechanical and geometrical properties as well as weldability.,EU-wide regulation,,0.9
nf_standsicherheitsnachweis,GESTUETZT_AUF_REGELWERK,rw_cen_ts_1090_201,rule_documented,https://standards.iteh.ai/catalog/standards/cen/31a1835a-d97d-4bf7-8319-62d76609fe39/cen-ts-1090-201-2024,Requirements for the reusability assessment of reclaimed structural components and the declaration of mechanical and geometrical properties as well as weldability.,Nachweis is required/backed by this rule,,0.9
nf_materialpruefung,GESTUETZT_AUF_REGELWERK,rw_cen_ts_1090_201,rule_documented,https://standards.iteh.ai/catalog/standards/cen/31a1835a-d97d-4bf7-8319-62d76609fe39/cen-ts-1090-201-2024,Requirements for the reusability assessment of reclaimed structural components and the declaration of mechanical and geometrical properties as well as weldability.,Nachweis is required/backed by this rule,,0.9
nf_befestigungsnachweis,GESTUETZT_AUF_REGELWERK,rw_cen_ts_1090_201,rule_documented,https://standards.iteh.ai/catalog/standards/cen/31a1835a-d97d-4bf7-8319-62d76609fe39/cen-ts-1090-201-2024,Requirements for the reusability assessment of reclaimed structural components and the declaration of mechanical and geometrical properties as well as weldability.,Nachweis is required/backed by this rule,,0.9
nf_produktstatus_und_leistungserklaerung,GESTUETZT_AUF_REGELWERK,rw_cen_ts_1090_201,rule_documented,https://standards.iteh.ai/catalog/standards/cen/31a1835a-d97d-4bf7-8319-62d76609fe39/cen-ts-1090-201-2024,Requirements for the reusability assessment of reclaimed structural components and the declaration of mechanical and geometrical properties as well as weldability.,Nachweis is required/backed by this rule,,0.9
rf_tragwerkssicherheit_frage,ERFORDERT_NACHWEIS,nf_standsicherheitsnachweis,rule_documented,https://standards.iteh.ai/catalog/standards/cen/31a1835a-d97d-4bf7-8319-62d76609fe39/cen-ts-1090-201-2024,Requirements for the reusability assessment of reclaimed structural components and the declaration of mechanical and geometrical properties as well as weldability.,question answered via rw_cen_ts_1090_201,,0.9
rf_tragwerkssicherheit_frage,ERFORDERT_NACHWEIS,nf_materialpruefung,rule_documented,https://standards.iteh.ai/catalog/standards/cen/31a1835a-d97d-4bf7-8319-62d76609fe39/cen-ts-1090-201-2024,Requirements for the reusability assessment of reclaimed structural components and the declaration of mechanical and geometrical properties as well as weldability.,question answered via rw_cen_ts_1090_201,,0.9
rf_tragwerkssicherheit_frage,ERFORDERT_NACHWEIS,nf_befestigungsnachweis,rule_documented,https://standards.iteh.ai/catalog/standards/cen/31a1835a-d97d-4bf7-8319-62d76609fe39/cen-ts-1090-201-2024,Requirements for the reusability assessment of reclaimed structural components and the declaration of mechanical and geometrical properties as well as weldability.,question answered via rw_cen_ts_1090_201,,0.9
rf_tragwerkssicherheit_frage,ERFORDERT_NACHWEIS,nf_produktstatus_und_leistungserklaerung,rule_documented,https://standards.iteh.ai/catalog/standards/cen/31a1835a-d97d-4bf7-8319-62d76609fe39/cen-ts-1090-201-2024,Requirements for the reusability assessment of reclaimed structural components and the declaration of mechanical and geometrical properties as well as weldability.,question answered via rw_cen_ts_1090_201,,0.9
rf_bauproduktstatus_frage,ERFORDERT_NACHWEIS,nf_standsicherheitsnachweis,rule_documented,https://standards.iteh.ai/catalog/standards/cen/31a1835a-d97d-4bf7-8319-62d76609fe39/cen-ts-1090-201-2024,Requirements for the reusability assessment of reclaimed structural components and the declaration of mechanical and geometrical properties as well as weldability.,question answered via rw_cen_ts_1090_201,,0.9
rf_bauproduktstatus_frage,ERFORDERT_NACHWEIS,nf_materialpruefung,rule_documented,https://standards.iteh.ai/catalog/standards/cen/31a1835a-d97d-4bf7-8319-62d76609fe39/cen-ts-1090-201-2024,Requirements for the reusability assessment of reclaimed structural components and the declaration of mechanical and geometrical properties as well as weldability.,question answered via rw_cen_ts_1090_201,,0.9
rf_bauproduktstatus_frage,ERFORDERT_NACHWEIS,nf_befestigungsnachweis,rule_documented,https://standards.iteh.ai/catalog/standards/cen/31a1835a-d97d-4bf7-8319-62d76609fe39/cen-ts-1090-201-2024,Requirements for the reusability assessment of reclaimed structural components and the declaration of mechanical and geometrical properties as well as weldability.,question answered via rw_cen_ts_1090_201,,0.9
rw_cen_ts_1090_201,BETRIFFT_MATERIAL,mat_stahl,rule_documented,https://standards.iteh.ai/catalog/standards/cen/31a1835a-d97d-4bf7-8319-62d76609fe39/cen-ts-1090-201-2024,Requirements for the reusability assessment of reclaimed structural components and the declaration of mechanical and geometrical properties as well as weldability.,rule governs/assesses this material for reuse,,0.9
rw_sci_p427,GILT_IN_LAND,land_vereinigtes_koenigreich,rule_documented,https://steel-sci.com/assets/downloads/steel-reuse-protocol-v06.pdf,"Reclaimed steelwork can be CE marked per BS EN 1090; NDT for documented provenance, destructive testing for legacy/undocumented steel (pre-1970s).",jurisdiction of the rule,,0.9
nf_materialpruefung,GESTUETZT_AUF_REGELWERK,rw_sci_p427,rule_documented,https://steel-sci.com/assets/downloads/steel-reuse-protocol-v06.pdf,"Reclaimed steelwork can be CE marked per BS EN 1090; NDT for documented provenance, destructive testing for legacy/undocumented steel (pre-1970s).",Nachweis is required/backed by this rule,,0.9
nf_standsicherheitsnachweis,GESTUETZT_AUF_REGELWERK,rw_sci_p427,rule_documented,https://steel-sci.com/assets/downloads/steel-reuse-protocol-v06.pdf,"Reclaimed steelwork can be CE marked per BS EN 1090; NDT for documented provenance, destructive testing for legacy/undocumented steel (pre-1970s).",Nachweis is required/backed by this rule,,0.9
nf_produktstatus_und_leistungserklaerung,GESTUETZT_AUF_REGELWERK,rw_sci_p427,rule_documented,https://steel-sci.com/assets/downloads/steel-reuse-protocol-v06.pdf,"Reclaimed steelwork can be CE marked per BS EN 1090; NDT for documented provenance, destructive testing for legacy/undocumented steel (pre-1970s).",Nachweis is required/backed by this rule,,0.9
rw_sci_p427,BETRIFFT_MATERIAL,mat_stahl,rule_documented,https://steel-sci.com/assets/downloads/steel-reuse-protocol-v06.pdf,"Reclaimed steelwork can be CE marked per BS EN 1090; NDT for documented provenance, destructive testing for legacy/undocumented steel (pre-1970s).",rule governs/assesses this material for reuse,,0.9
rw_sia_269,GILT_IN_LAND,land_schweiz,rule_documented,https://www.espazium.ch/de/aktuelles/die-neue-norm-sia-2698,"Grundsaetze und Vorgehensweise bei der Behandlung bestehender Tragwerke; risikobasiertes Verfahren, Kosten-Nutzen bei Erhaltungsmassnahmen.",jurisdiction of the rule,,0.85
nf_standsicherheitsnachweis,GESTUETZT_AUF_REGELWERK,rw_sia_269,rule_documented,https://www.espazium.ch/de/aktuelles/die-neue-norm-sia-2698,"Grundsaetze und Vorgehensweise bei der Behandlung bestehender Tragwerke; risikobasiertes Verfahren, Kosten-Nutzen bei Erhaltungsmassnahmen.",Nachweis is required/backed by this rule,,0.85
nf_zustands_und_massaufnahme,GESTUETZT_AUF_REGELWERK,rw_sia_269,rule_documented,https://www.espazium.ch/de/aktuelles/die-neue-norm-sia-2698,"Grundsaetze und Vorgehensweise bei der Behandlung bestehender Tragwerke; risikobasiertes Verfahren, Kosten-Nutzen bei Erhaltungsmassnahmen.",Nachweis is required/backed by this rule,,0.85
nf_dauerhaftigkeit_restlebensdauer,GESTUETZT_AUF_REGELWERK,rw_sia_269,rule_documented,https://www.espazium.ch/de/aktuelles/die-neue-norm-sia-2698,"Grundsaetze und Vorgehensweise bei der Behandlung bestehender Tragwerke; risikobasiertes Verfahren, Kosten-Nutzen bei Erhaltungsmassnahmen.",Nachweis is required/backed by this rule,,0.85
rf_tragwerkssicherheit_frage,ERFORDERT_NACHWEIS,nf_zustands_und_massaufnahme,rule_documented,https://www.nen.nl/bouw/constructieve-veiligheid/constructieve-veiligheid-bestaande-bouw,"NEN 8700 bevat de grondslagen voor de beoordeling van constructieve veiligheid van bestaande bouwwerken (verbouw en afkeuren), gebaseerd op de Eurocodes; toepassing op 3 niveaus incl. afkeurniveau; serie met NEN 8701 (belastingen) en NEN 8707 (geotechniek).",question answered via rw_nen_8700,,0.9
rf_tragwerkssicherheit_frage,ERFORDERT_NACHWEIS,nf_dauerhaftigkeit_restlebensdauer,rule_documented,https://www.espazium.ch/de/aktuelles/die-neue-norm-sia-2698,"Grundsaetze und Vorgehensweise bei der Behandlung bestehender Tragwerke; risikobasiertes Verfahren, Kosten-Nutzen bei Erhaltungsmassnahmen.",question answered via rw_sia_269,,0.85
rw_eurocodes_en_1990_1999,GILT_IN_LAND,land_deutschland,rule_documented,https://eurocodes.jrc.ec.europa.eu/EN-Eurocodes/eurocode-basis-structural-design,"Principles of EN 1990 are applicable for the structural appraisal of existing constructions, design of repairs/alterations, and assessment of changes in use.",EU-wide regulation,,0.85
rw_eurocodes_en_1990_1999,GILT_IN_LAND,land_oesterreich,comparative_only,https://eurocodes.jrc.ec.europa.eu/EN-Eurocodes/eurocode-basis-structural-design,"Principles of EN 1990 are applicable for the structural appraisal of existing constructions, design of repairs/alterations, and assessment of changes in use.",EU-wide regulation,,0.85
rw_eurocodes_en_1990_1999,GILT_IN_LAND,land_belgien,comparative_only,https://eurocodes.jrc.ec.europa.eu/EN-Eurocodes/eurocode-basis-structural-design,"Principles of EN 1990 are applicable for the structural appraisal of existing constructions, design of repairs/alterations, and assessment of changes in use.",EU-wide regulation,,0.85
rw_eurocodes_en_1990_1999,GILT_IN_LAND,land_niederlande,comparative_only,https://eurocodes.jrc.ec.europa.eu/EN-Eurocodes/eurocode-basis-structural-design,"Principles of EN 1990 are applicable for the structural appraisal of existing constructions, design of repairs/alterations, and assessment of changes in use.",EU-wide regulation,,0.85
rw_eurocodes_en_1990_1999,GILT_IN_LAND,land_frankreich,comparative_only,https://eurocodes.jrc.ec.europa.eu/EN-Eurocodes/eurocode-basis-structural-design,"Principles of EN 1990 are applicable for the structural appraisal of existing constructions, design of repairs/alterations, and assessment of changes in use.",EU-wide regulation,,0.85
rw_eurocodes_en_1990_1999,GILT_IN_LAND,land_daenemark,comparative_only,https://eurocodes.jrc.ec.europa.eu/EN-Eurocodes/eurocode-basis-structural-design,"Principles of EN 1990 are applicable for the structural appraisal of existing constructions, design of repairs/alterations, and assessment of changes in use.",EU-wide regulation,,0.85
rw_eurocodes_en_1990_1999,GILT_IN_LAND,land_norwegen,comparative_only,https://eurocodes.jrc.ec.europa.eu/EN-Eurocodes/eurocode-basis-structural-design,"Principles of EN 1990 are applicable for the structural appraisal of existing constructions, design of repairs/alterations, and assessment of changes in use.",EU-wide regulation,,0.85
nf_standsicherheitsnachweis,GESTUETZT_AUF_REGELWERK,rw_eurocodes_en_1990_1999,rule_documented,https://eurocodes.jrc.ec.europa.eu/EN-Eurocodes/eurocode-basis-structural-design,"Principles of EN 1990 are applicable for the structural appraisal of existing constructions, design of repairs/alterations, and assessment of changes in use.",Nachweis is required/backed by this rule,,0.85
rw_en_1090,GILT_IN_LAND,land_deutschland,rule_documented,https://bauforumstahl.de/wp-content/uploads/2024/02/bfs-CE-Kennzeichnung_nach_EN-1090.pdf,Tragende Stahl-/Aluminiumbauteile nur mit CE-Kennzeichnung nach DIN EN 1090-1 in Verkehr; werkseigene Produktionskontrolle (WPK) zentral.,EU-wide regulation,,0.85
rw_en_1090,GILT_IN_LAND,land_oesterreich,comparative_only,https://bauforumstahl.de/wp-content/uploads/2024/02/bfs-CE-Kennzeichnung_nach_EN-1090.pdf,Tragende Stahl-/Aluminiumbauteile nur mit CE-Kennzeichnung nach DIN EN 1090-1 in Verkehr; werkseigene Produktionskontrolle (WPK) zentral.,EU-wide regulation,,0.85
rw_en_1090,GILT_IN_LAND,land_belgien,comparative_only,https://bauforumstahl.de/wp-content/uploads/2024/02/bfs-CE-Kennzeichnung_nach_EN-1090.pdf,Tragende Stahl-/Aluminiumbauteile nur mit CE-Kennzeichnung nach DIN EN 1090-1 in Verkehr; werkseigene Produktionskontrolle (WPK) zentral.,EU-wide regulation,,0.85
rw_en_1090,GILT_IN_LAND,land_niederlande,comparative_only,https://bauforumstahl.de/wp-content/uploads/2024/02/bfs-CE-Kennzeichnung_nach_EN-1090.pdf,Tragende Stahl-/Aluminiumbauteile nur mit CE-Kennzeichnung nach DIN EN 1090-1 in Verkehr; werkseigene Produktionskontrolle (WPK) zentral.,EU-wide regulation,,0.85
rw_en_1090,GILT_IN_LAND,land_frankreich,comparative_only,https://bauforumstahl.de/wp-content/uploads/2024/02/bfs-CE-Kennzeichnung_nach_EN-1090.pdf,Tragende Stahl-/Aluminiumbauteile nur mit CE-Kennzeichnung nach DIN EN 1090-1 in Verkehr; werkseigene Produktionskontrolle (WPK) zentral.,EU-wide regulation,,0.85
rw_en_1090,GILT_IN_LAND,land_daenemark,comparative_only,https://bauforumstahl.de/wp-content/uploads/2024/02/bfs-CE-Kennzeichnung_nach_EN-1090.pdf,Tragende Stahl-/Aluminiumbauteile nur mit CE-Kennzeichnung nach DIN EN 1090-1 in Verkehr; werkseigene Produktionskontrolle (WPK) zentral.,EU-wide regulation,,0.85
rw_en_1090,GILT_IN_LAND,land_norwegen,comparative_only,https://bauforumstahl.de/wp-content/uploads/2024/02/bfs-CE-Kennzeichnung_nach_EN-1090.pdf,Tragende Stahl-/Aluminiumbauteile nur mit CE-Kennzeichnung nach DIN EN 1090-1 in Verkehr; werkseigene Produktionskontrolle (WPK) zentral.,EU-wide regulation,,0.85
nf_produktstatus_und_leistungserklaerung,GESTUETZT_AUF_REGELWERK,rw_en_1090,rule_documented,https://bauforumstahl.de/wp-content/uploads/2024/02/bfs-CE-Kennzeichnung_nach_EN-1090.pdf,Tragende Stahl-/Aluminiumbauteile nur mit CE-Kennzeichnung nach DIN EN 1090-1 in Verkehr; werkseigene Produktionskontrolle (WPK) zentral.,Nachweis is required/backed by this rule,,0.85
nf_befestigungsnachweis,GESTUETZT_AUF_REGELWERK,rw_en_1090,rule_documented,https://bauforumstahl.de/wp-content/uploads/2024/02/bfs-CE-Kennzeichnung_nach_EN-1090.pdf,Tragende Stahl-/Aluminiumbauteile nur mit CE-Kennzeichnung nach DIN EN 1090-1 in Verkehr; werkseigene Produktionskontrolle (WPK) zentral.,Nachweis is required/backed by this rule,,0.85
rw_en_1090,BETRIFFT_MATERIAL,mat_stahl,rule_documented,https://bauforumstahl.de/wp-content/uploads/2024/02/bfs-CE-Kennzeichnung_nach_EN-1090.pdf,Tragende Stahl-/Aluminiumbauteile nur mit CE-Kennzeichnung nach DIN EN 1090-1 in Verkehr; werkseigene Produktionskontrolle (WPK) zentral.,rule governs/assesses this material for reuse,,0.85
rw_en_1090,BETRIFFT_MATERIAL,mat_aluminium,rule_documented,https://bauforumstahl.de/wp-content/uploads/2024/02/bfs-CE-Kennzeichnung_nach_EN-1090.pdf,Tragende Stahl-/Aluminiumbauteile nur mit CE-Kennzeichnung nach DIN EN 1090-1 in Verkehr; werkseigene Produktionskontrolle (WPK) zentral.,rule governs/assesses this material for reuse,,0.85
rw_dibt_zie_abz,GILT_IN_LAND,land_deutschland,rule_documented,https://www.dibt.de/de/wir-bieten/zulassungen-etas-und-mehr/zustimmung-im-einzelfall-zie-und-vorhabenbez-bauartgenehmigung-vbg,"ZiE = Verwendbarkeitsnachweis fuer ein einziges Bauvorhaben; vorhandene Pruefergebnisse koennen anerkannt werden, wenn sie dem Stand der Technik entsprechen.",jurisdiction of the rule,,0.9
nf_produktstatus_und_leistungserklaerung,GESTUETZT_AUF_REGELWERK,rw_dibt_zie_abz,rule_documented,https://www.dibt.de/de/wir-bieten/zulassungen-etas-und-mehr/zustimmung-im-einzelfall-zie-und-vorhabenbez-bauartgenehmigung-vbg,"ZiE = Verwendbarkeitsnachweis fuer ein einziges Bauvorhaben; vorhandene Pruefergebnisse koennen anerkannt werden, wenn sie dem Stand der Technik entsprechen.",Nachweis is required/backed by this rule,,0.9
nf_genehmigungs_oder_zustimmungsbedarf,GESTUETZT_AUF_REGELWERK,rw_dibt_zie_abz,rule_documented,https://www.dibt.de/de/wir-bieten/zulassungen-etas-und-mehr/zustimmung-im-einzelfall-zie-und-vorhabenbez-bauartgenehmigung-vbg,"ZiE = Verwendbarkeitsnachweis fuer ein einziges Bauvorhaben; vorhandene Pruefergebnisse koennen anerkannt werden, wenn sie dem Stand der Technik entsprechen.",Nachweis is required/backed by this rule,,0.9
rf_bauproduktstatus_frage,ERFORDERT_NACHWEIS,nf_genehmigungs_oder_zustimmungsbedarf,rule_documented,https://www.dibt.de/de/wir-bieten/zulassungen-etas-und-mehr/zustimmung-im-einzelfall-zie-und-vorhabenbez-bauartgenehmigung-vbg,"ZiE = Verwendbarkeitsnachweis fuer ein einziges Bauvorhaben; vorhandene Pruefergebnisse koennen anerkannt werden, wenn sie dem Stand der Technik entsprechen.",question answered via rw_dibt_zie_abz,,0.9
rf_genehmigungs_frage,ERFORDERT_NACHWEIS,nf_produktstatus_und_leistungserklaerung,rule_documented,https://www.dibt.de/de/wir-bieten/zulassungen-etas-und-mehr/zustimmung-im-einzelfall-zie-und-vorhabenbez-bauartgenehmigung-vbg,"ZiE = Verwendbarkeitsnachweis fuer ein einziges Bauvorhaben; vorhandene Pruefergebnisse koennen anerkannt werden, wenn sie dem Stand der Technik entsprechen.",question answered via rw_dibt_zie_abz,,0.9
rf_genehmigungs_frage,ERFORDERT_NACHWEIS,nf_genehmigungs_oder_zustimmungsbedarf,rule_documented,https://www.dibt.de/de/wir-bieten/zulassungen-etas-und-mehr/zustimmung-im-einzelfall-zie-und-vorhabenbez-bauartgenehmigung-vbg,"ZiE = Verwendbarkeitsnachweis fuer ein einziges Bauvorhaben; vorhandene Pruefergebnisse koennen anerkannt werden, wenn sie dem Stand der Technik entsprechen.",question answered via rw_dibt_zie_abz,,0.9
rw_din_en_13501,GILT_IN_LAND,land_deutschland,rule_documented,https://www.baunetzwissen.de/daemmstoffe/fachwissen/normen/din-en-13501-klassifizierung-von-bauprodukten-und-bauarten-zu-ihrem-brandverhalten-1005853,"Klassifizierung von Baustoffen nach Entflammbarkeit: Euroklassen A1-F, Rauchentwicklung s1-s3, brennendes Abtropfen d0-d2.",EU-wide regulation,,0.9
rw_din_en_13501,GILT_IN_LAND,land_oesterreich,comparative_only,https://www.baunetzwissen.de/daemmstoffe/fachwissen/normen/din-en-13501-klassifizierung-von-bauprodukten-und-bauarten-zu-ihrem-brandverhalten-1005853,"Klassifizierung von Baustoffen nach Entflammbarkeit: Euroklassen A1-F, Rauchentwicklung s1-s3, brennendes Abtropfen d0-d2.",EU-wide regulation,,0.9
rw_din_en_13501,GILT_IN_LAND,land_belgien,comparative_only,https://www.baunetzwissen.de/daemmstoffe/fachwissen/normen/din-en-13501-klassifizierung-von-bauprodukten-und-bauarten-zu-ihrem-brandverhalten-1005853,"Klassifizierung von Baustoffen nach Entflammbarkeit: Euroklassen A1-F, Rauchentwicklung s1-s3, brennendes Abtropfen d0-d2.",EU-wide regulation,,0.9
rw_din_en_13501,GILT_IN_LAND,land_niederlande,comparative_only,https://www.baunetzwissen.de/daemmstoffe/fachwissen/normen/din-en-13501-klassifizierung-von-bauprodukten-und-bauarten-zu-ihrem-brandverhalten-1005853,"Klassifizierung von Baustoffen nach Entflammbarkeit: Euroklassen A1-F, Rauchentwicklung s1-s3, brennendes Abtropfen d0-d2.",EU-wide regulation,,0.9
rw_din_en_13501,GILT_IN_LAND,land_frankreich,comparative_only,https://www.baunetzwissen.de/daemmstoffe/fachwissen/normen/din-en-13501-klassifizierung-von-bauprodukten-und-bauarten-zu-ihrem-brandverhalten-1005853,"Klassifizierung von Baustoffen nach Entflammbarkeit: Euroklassen A1-F, Rauchentwicklung s1-s3, brennendes Abtropfen d0-d2.",EU-wide regulation,,0.9
rw_din_en_13501,GILT_IN_LAND,land_daenemark,comparative_only,https://www.baunetzwissen.de/daemmstoffe/fachwissen/normen/din-en-13501-klassifizierung-von-bauprodukten-und-bauarten-zu-ihrem-brandverhalten-1005853,"Klassifizierung von Baustoffen nach Entflammbarkeit: Euroklassen A1-F, Rauchentwicklung s1-s3, brennendes Abtropfen d0-d2.",EU-wide regulation,,0.9
rw_din_en_13501,GILT_IN_LAND,land_norwegen,comparative_only,https://www.baunetzwissen.de/daemmstoffe/fachwissen/normen/din-en-13501-klassifizierung-von-bauprodukten-und-bauarten-zu-ihrem-brandverhalten-1005853,"Klassifizierung von Baustoffen nach Entflammbarkeit: Euroklassen A1-F, Rauchentwicklung s1-s3, brennendes Abtropfen d0-d2.",EU-wide regulation,,0.9
nf_brandschutznachweis,GESTUETZT_AUF_REGELWERK,rw_din_en_13501,rule_documented,https://www.baunetzwissen.de/daemmstoffe/fachwissen/normen/din-en-13501-klassifizierung-von-bauprodukten-und-bauarten-zu-ihrem-brandverhalten-1005853,"Klassifizierung von Baustoffen nach Entflammbarkeit: Euroklassen A1-F, Rauchentwicklung s1-s3, brennendes Abtropfen d0-d2.",Nachweis is required/backed by this rule,,0.9
rf_brandschutz_frage,ERFORDERT_NACHWEIS,nf_brandschutznachweis,rule_documented,https://www.baunetzwissen.de/daemmstoffe/fachwissen/normen/din-en-13501-klassifizierung-von-bauprodukten-und-bauarten-zu-ihrem-brandverhalten-1005853,"Klassifizierung von Baustoffen nach Entflammbarkeit: Euroklassen A1-F, Rauchentwicklung s1-s3, brennendes Abtropfen d0-d2.",question answered via rw_din_en_13501,,0.9
rw_din_4102,GILT_IN_LAND,land_deutschland,rule_documented,https://www.feuertrutz.de/brandschutzklassen-nach-din-4102-und-en-13501-1-26072017,"Baustoffklassen nach DIN 4102 und EN 13501-1 nicht direkt ueberfuehrbar, beide weiter in DE verwendet; DIN 4108 Waermeschutz / DIN 4109 Schallschutz.",jurisdiction of the rule,,0.8
nf_brandschutznachweis,GESTUETZT_AUF_REGELWERK,rw_din_4102,rule_documented,https://www.feuertrutz.de/brandschutzklassen-nach-din-4102-und-en-13501-1-26072017,"Baustoffklassen nach DIN 4102 und EN 13501-1 nicht direkt ueberfuehrbar, beide weiter in DE verwendet; DIN 4108 Waermeschutz / DIN 4109 Schallschutz.",Nachweis is required/backed by this rule,,0.8
nf_bauphysiknachweis,GESTUETZT_AUF_REGELWERK,rw_din_4102,rule_documented,https://www.feuertrutz.de/brandschutzklassen-nach-din-4102-und-en-13501-1-26072017,"Baustoffklassen nach DIN 4102 und EN 13501-1 nicht direkt ueberfuehrbar, beide weiter in DE verwendet; DIN 4108 Waermeschutz / DIN 4109 Schallschutz.",Nachweis is required/backed by this rule,,0.8
rf_brandschutz_frage,ERFORDERT_NACHWEIS,nf_bauphysiknachweis,rule_documented,https://www.feuertrutz.de/brandschutzklassen-nach-din-4102-und-en-13501-1-26072017,"Baustoffklassen nach DIN 4102 und EN 13501-1 nicht direkt ueberfuehrbar, beide weiter in DE verwendet; DIN 4108 Waermeschutz / DIN 4109 Schallschutz.",question answered via rw_din_4102,,0.8
rf_bauphysik_frage,ERFORDERT_NACHWEIS,nf_brandschutznachweis,rule_documented,https://www.oib.or.at/kernaufgaben/oib-richtlinien/,OIB-Richtlinien orientieren sich an den Grundanforderungen der EU-BauPVO; RL 2 Brandschutz definiert Feuerwiderstand und Brandverhalten nach europ. Klassen.,question answered via rw_oib_richtlinien,,0.85
rf_bauphysik_frage,ERFORDERT_NACHWEIS,nf_bauphysiknachweis,rule_documented,https://www.gebaeudeforum.de/ordnungsrecht/geg/,"Verbindliche Sanierungsstandards je Bauteil ueber U-Wert (Wand/Dach 0,24; Fenster max. 1,3); Nachweis durch Sachverstaendigen bzw. Unternehmererklaerung.",question answered via rw_geg,,0.85
rw_mbo_lbo,GILT_IN_LAND,land_deutschland,rule_documented,https://www.dgwz.de/gesetze/musterbauordnung-mbo-landesbauordnung-lbo,Verwendbarkeitsnachweise sind in den LBO vorgeschriebene Kennzeichnungen fuer nicht geregelte Bauprodukte; LBO setzen MBO bindend auf Landesebene um.,jurisdiction of the rule,,0.85
nf_genehmigungs_oder_zustimmungsbedarf,GESTUETZT_AUF_REGELWERK,rw_mbo_lbo,rule_documented,https://www.dgwz.de/gesetze/musterbauordnung-mbo-landesbauordnung-lbo,Verwendbarkeitsnachweise sind in den LBO vorgeschriebene Kennzeichnungen fuer nicht geregelte Bauprodukte; LBO setzen MBO bindend auf Landesebene um.,Nachweis is required/backed by this rule,,0.85
nf_produktstatus_und_leistungserklaerung,GESTUETZT_AUF_REGELWERK,rw_mbo_lbo,rule_documented,https://www.dgwz.de/gesetze/musterbauordnung-mbo-landesbauordnung-lbo,Verwendbarkeitsnachweise sind in den LBO vorgeschriebene Kennzeichnungen fuer nicht geregelte Bauprodukte; LBO setzen MBO bindend auf Landesebene um.,Nachweis is required/backed by this rule,,0.85
rw_mvv_tb,GILT_IN_LAND,land_deutschland,rule_documented,https://www.dibt.de/de/wir-bieten/technische-baubestimmungen,Teil C: Regelungen fuer Verwendung von Bauprodukten ohne CE-Zeichen; konkretisiert Anforderungen an bauliche Anlagen durch Verweise auf Normen.,jurisdiction of the rule,,0.85
nf_produktstatus_und_leistungserklaerung,GESTUETZT_AUF_REGELWERK,rw_mvv_tb,rule_documented,https://www.dibt.de/de/wir-bieten/technische-baubestimmungen,Teil C: Regelungen fuer Verwendung von Bauprodukten ohne CE-Zeichen; konkretisiert Anforderungen an bauliche Anlagen durch Verweise auf Normen.,Nachweis is required/backed by this rule,,0.85
rf_brandschutz_frage,ERFORDERT_NACHWEIS,nf_produktstatus_und_leistungserklaerung,rule_documented,https://www.dibt.de/de/wir-bieten/technische-baubestimmungen,Teil C: Regelungen fuer Verwendung von Bauprodukten ohne CE-Zeichen; konkretisiert Anforderungen an bauliche Anlagen durch Verweise auf Normen.,question answered via rw_mvv_tb,,0.85
rw_geg,GILT_IN_LAND,land_deutschland,rule_documented,https://www.gebaeudeforum.de/ordnungsrecht/geg/,"Verbindliche Sanierungsstandards je Bauteil ueber U-Wert (Wand/Dach 0,24; Fenster max. 1,3); Nachweis durch Sachverstaendigen bzw. Unternehmererklaerung.",jurisdiction of the rule,,0.85
nf_u_wert_oder_energie_info,GESTUETZT_AUF_REGELWERK,rw_geg,rule_documented,https://www.gebaeudeforum.de/ordnungsrecht/geg/,"Verbindliche Sanierungsstandards je Bauteil ueber U-Wert (Wand/Dach 0,24; Fenster max. 1,3); Nachweis durch Sachverstaendigen bzw. Unternehmererklaerung.",Nachweis is required/backed by this rule,,0.85
nf_bauphysiknachweis,GESTUETZT_AUF_REGELWERK,rw_geg,rule_documented,https://www.gebaeudeforum.de/ordnungsrecht/geg/,"Verbindliche Sanierungsstandards je Bauteil ueber U-Wert (Wand/Dach 0,24; Fenster max. 1,3); Nachweis durch Sachverstaendigen bzw. Unternehmererklaerung.",Nachweis is required/backed by this rule,,0.85
rf_bauphysik_frage,ERFORDERT_NACHWEIS,nf_u_wert_oder_energie_info,rule_documented,https://www.gebaeudeforum.de/ordnungsrecht/geg/,"Verbindliche Sanierungsstandards je Bauteil ueber U-Wert (Wand/Dach 0,24; Fenster max. 1,3); Nachweis durch Sachverstaendigen bzw. Unternehmererklaerung.",question answered via rw_geg,,0.85
rw_sia_380_1,GILT_IN_LAND,land_schweiz,rule_documented,https://shop.sia.ch/normenwerk/architekt/380-1_2016_d/D/Product,Verbindliche technische Anforderungen an die Gebaeudehuelle; Anforderungen fuer Neubauten und Umbauten/Sanierungen; Monatsbilanzverfahren nach EN 13790.,jurisdiction of the rule,,0.85
nf_u_wert_oder_energie_info,GESTUETZT_AUF_REGELWERK,rw_sia_380_1,rule_documented,https://shop.sia.ch/normenwerk/architekt/380-1_2016_d/D/Product,Verbindliche technische Anforderungen an die Gebaeudehuelle; Anforderungen fuer Neubauten und Umbauten/Sanierungen; Monatsbilanzverfahren nach EN 13790.,Nachweis is required/backed by this rule,,0.85
nf_bauphysiknachweis,GESTUETZT_AUF_REGELWERK,rw_sia_380_1,rule_documented,https://shop.sia.ch/normenwerk/architekt/380-1_2016_d/D/Product,Verbindliche technische Anforderungen an die Gebaeudehuelle; Anforderungen fuer Neubauten und Umbauten/Sanierungen; Monatsbilanzverfahren nach EN 13790.,Nachweis is required/backed by this rule,,0.85
rw_oib_richtlinien,GILT_IN_LAND,land_oesterreich,rule_documented,https://www.oib.or.at/kernaufgaben/oib-richtlinien/,OIB-Richtlinien orientieren sich an den Grundanforderungen der EU-BauPVO; RL 2 Brandschutz definiert Feuerwiderstand und Brandverhalten nach europ. Klassen.,jurisdiction of the rule,,0.85
nf_brandschutznachweis,GESTUETZT_AUF_REGELWERK,rw_oib_richtlinien,rule_documented,https://www.oib.or.at/kernaufgaben/oib-richtlinien/,OIB-Richtlinien orientieren sich an den Grundanforderungen der EU-BauPVO; RL 2 Brandschutz definiert Feuerwiderstand und Brandverhalten nach europ. Klassen.,Nachweis is required/backed by this rule,,0.85
nf_genehmigungs_oder_zustimmungsbedarf,GESTUETZT_AUF_REGELWERK,rw_oib_richtlinien,rule_documented,https://www.oib.or.at/kernaufgaben/oib-richtlinien/,OIB-Richtlinien orientieren sich an den Grundanforderungen der EU-BauPVO; RL 2 Brandschutz definiert Feuerwiderstand und Brandverhalten nach europ. Klassen.,Nachweis is required/backed by this rule,,0.85
rf_brandschutz_frage,ERFORDERT_NACHWEIS,nf_genehmigungs_oder_zustimmungsbedarf,rule_documented,https://www.oib.or.at/kernaufgaben/oib-richtlinien/,OIB-Richtlinien orientieren sich an den Grundanforderungen der EU-BauPVO; RL 2 Brandschutz definiert Feuerwiderstand und Brandverhalten nach europ. Klassen.,question answered via rw_oib_richtlinien,,0.85
rf_genehmigungs_frage,ERFORDERT_NACHWEIS,nf_brandschutznachweis,rule_documented,https://www.oib.or.at/kernaufgaben/oib-richtlinien/,OIB-Richtlinien orientieren sich an den Grundanforderungen der EU-BauPVO; RL 2 Brandschutz definiert Feuerwiderstand und Brandverhalten nach europ. Klassen.,question answered via rw_oib_richtlinien,,0.85
rf_bauphysik_frage,ERFORDERT_NACHWEIS,nf_genehmigungs_oder_zustimmungsbedarf,rule_documented,https://www.oib.or.at/kernaufgaben/oib-richtlinien/,OIB-Richtlinien orientieren sich an den Grundanforderungen der EU-BauPVO; RL 2 Brandschutz definiert Feuerwiderstand und Brandverhalten nach europ. Klassen.,question answered via rw_oib_richtlinien,,0.85
rw_nl_bbl,GILT_IN_LAND,land_niederlande,rule_documented,https://climate-laws.org/document/the-environment-buildings-decree-of-the-netherlands-besluit-bouwwerken-leefomgeving-bbl_1057,"Article 4.166 Bbl facilitates 1-to-1 reuse of building products without quality loss, allowing direct redeployment in new construction works.",jurisdiction of the rule,,0.9
nf_produktstatus_und_leistungserklaerung,GESTUETZT_AUF_REGELWERK,rw_nl_bbl,rule_documented,https://climate-laws.org/document/the-environment-buildings-decree-of-the-netherlands-besluit-bouwwerken-leefomgeving-bbl_1057,"Article 4.166 Bbl facilitates 1-to-1 reuse of building products without quality loss, allowing direct redeployment in new construction works.",Nachweis is required/backed by this rule,,0.9
nf_genehmigungs_oder_zustimmungsbedarf,GESTUETZT_AUF_REGELWERK,rw_nl_bbl,rule_documented,https://climate-laws.org/document/the-environment-buildings-decree-of-the-netherlands-besluit-bouwwerken-leefomgeving-bbl_1057,"Article 4.166 Bbl facilitates 1-to-1 reuse of building products without quality loss, allowing direct redeployment in new construction works.",Nachweis is required/backed by this rule,,0.9
rf_reusedokumentationfrage,ERFORDERT_NACHWEIS,nf_genehmigungs_oder_zustimmungsbedarf,rule_documented,https://climate-laws.org/document/the-environment-buildings-decree-of-the-netherlands-besluit-bouwwerken-leefomgeving-bbl_1057,"Article 4.166 Bbl facilitates 1-to-1 reuse of building products without quality loss, allowing direct redeployment in new construction works.",question answered via rw_nl_bbl,,0.9
rw_be_tracimat_regional,GILT_IN_LAND,land_belgien,rule_documented,https://vito.be/en/news/demolition-guide-recognizes-building-materials-recycling-or-reuse,Tracimat is the only recognised demolition management organisation in Flanders; demolition monitoring plans enable processing into secondary raw materials.,jurisdiction of the rule,,0.85
nf_herkunfts_und_rueckbaudokumentation,GESTUETZT_AUF_REGELWERK,rw_be_tracimat_regional,rule_documented,https://vito.be/en/news/demolition-guide-recognizes-building-materials-recycling-or-reuse,Tracimat is the only recognised demolition management organisation in Flanders; demolition monitoring plans enable processing into secondary raw materials.,Nachweis is required/backed by this rule,,0.85
nf_bauteilidentifikation,GESTUETZT_AUF_REGELWERK,rw_be_tracimat_regional,rule_documented,https://vito.be/en/news/demolition-guide-recognizes-building-materials-recycling-or-reuse,Tracimat is the only recognised demolition management organisation in Flanders; demolition monitoring plans enable processing into secondary raw materials.,Nachweis is required/backed by this rule,,0.85
rw_ukca_ce,GILT_IN_LAND,land_vereinigtes_koenigreich,rule_documented,https://www.ssqgroup.com/ukca-marking-to-replace-ce-marking-on-construction-products,Recovered/recycled components can be reused or sold if they meet BS EN 1090 and are not altered; salvaged steel must be UKCA marked by the fabricator.,jurisdiction of the rule,,0.85
nf_produktstatus_und_leistungserklaerung,GESTUETZT_AUF_REGELWERK,rw_ukca_ce,rule_documented,https://www.ssqgroup.com/ukca-marking-to-replace-ce-marking-on-construction-products,Recovered/recycled components can be reused or sold if they meet BS EN 1090 and are not altered; salvaged steel must be UKCA marked by the fabricator.,Nachweis is required/backed by this rule,,0.85
rw_din_68800_altholzv,GILT_IN_LAND,land_deutschland,rule_documented,https://www.gesetze-im-internet.de/altholzv/BJNR330210002.html,"AltholzV teilt Altholz in 4 Kategorien (A I naturbelassen ... A IV mit Holzschutzmitteln behandelt); Holzschutzmittel nach DIN 68800 / DIN EN 599; PCP, Lindan, Teeroel, Quecksilber-/Arsensalze beschraenkt/verboten.",jurisdiction of the rule,,0.85
nf_holzschutzmittel_check,GESTUETZT_AUF_REGELWERK,rw_din_68800_altholzv,rule_documented,https://www.gesetze-im-internet.de/altholzv/BJNR330210002.html,"AltholzV teilt Altholz in 4 Kategorien (A I naturbelassen ... A IV mit Holzschutzmitteln behandelt); Holzschutzmittel nach DIN 68800 / DIN EN 599; PCP, Lindan, Teeroel, Quecksilber-/Arsensalze beschraenkt/verboten.",Nachweis is required/backed by this rule,,0.85
rf_schadstoff_frage,ERFORDERT_NACHWEIS,nf_holzschutzmittel_check,rule_documented,https://www.gesetze-im-internet.de/altholzv/BJNR330210002.html,"AltholzV teilt Altholz in 4 Kategorien (A I naturbelassen ... A IV mit Holzschutzmitteln behandelt); Holzschutzmittel nach DIN 68800 / DIN EN 599; PCP, Lindan, Teeroel, Quecksilber-/Arsensalze beschraenkt/verboten.",question answered via rw_din_68800_altholzv,,0.85
rw_din_68800_altholzv,BETRIFFT_MATERIAL,mat_holz,rule_documented,https://www.gesetze-im-internet.de/altholzv/BJNR330210002.html,"AltholzV teilt Altholz in 4 Kategorien (A I naturbelassen ... A IV mit Holzschutzmitteln behandelt); Holzschutzmittel nach DIN 68800 / DIN EN 599; PCP, Lindan, Teeroel, Quecksilber-/Arsensalze beschraenkt/verboten.",rule governs/assesses this material for reuse,,0.85
rw_din_68800_altholzv,BETRIFFT_MATERIAL,mat_holz_clt,rule_documented,https://www.gesetze-im-internet.de/altholzv/BJNR330210002.html,"AltholzV teilt Altholz in 4 Kategorien (A I naturbelassen ... A IV mit Holzschutzmitteln behandelt); Holzschutzmittel nach DIN 68800 / DIN EN 599; PCP, Lindan, Teeroel, Quecksilber-/Arsensalze beschraenkt/verboten.",rule governs/assesses this material for reuse,,0.85
rw_din_68800_altholzv,BETRIFFT_MATERIAL,mat_mdf,rule_documented,https://www.gesetze-im-internet.de/altholzv/BJNR330210002.html,"AltholzV teilt Altholz in 4 Kategorien (A I naturbelassen ... A IV mit Holzschutzmitteln behandelt); Holzschutzmittel nach DIN 68800 / DIN EN 599; PCP, Lindan, Teeroel, Quecksilber-/Arsensalze beschraenkt/verboten.",rule governs/assesses this material for reuse,,0.85
rw_din_18008,GILT_IN_LAND,land_deutschland,rule_documented,https://www.baunormenlexikon.de/norm/din-18008-4/e87129e6-4c53-4386-852c-b6fd49626b0d,DIN 18008-4: Bemessungs- und Konstruktionsregeln fuer absturzsichernde Verglasungen; Sicherheitsglas (VSG/ESG/TVG) verpflichtend bei Absturzsicherung; Nachweise im Grenzzustand der Trag- und Gebrauchstauglichkeit.,jurisdiction of the rule,,0.85
nf_sicherheitsglas_info,GESTUETZT_AUF_REGELWERK,rw_din_18008,rule_documented,https://www.baunormenlexikon.de/norm/din-18008-4/e87129e6-4c53-4386-852c-b6fd49626b0d,DIN 18008-4: Bemessungs- und Konstruktionsregeln fuer absturzsichernde Verglasungen; Sicherheitsglas (VSG/ESG/TVG) verpflichtend bei Absturzsicherung; Nachweise im Grenzzustand der Trag- und Gebrauchstauglichkeit.,Nachweis is required/backed by this rule,,0.85
nf_absturzsicherung,GESTUETZT_AUF_REGELWERK,rw_din_18008,rule_documented,https://www.baunormenlexikon.de/norm/din-18008-4/e87129e6-4c53-4386-852c-b6fd49626b0d,DIN 18008-4: Bemessungs- und Konstruktionsregeln fuer absturzsichernde Verglasungen; Sicherheitsglas (VSG/ESG/TVG) verpflichtend bei Absturzsicherung; Nachweise im Grenzzustand der Trag- und Gebrauchstauglichkeit.,Nachweis is required/backed by this rule,,0.85
rf_tragwerkssicherheit_frage,ERFORDERT_NACHWEIS,nf_sicherheitsglas_info,rule_documented,https://www.baunormenlexikon.de/norm/din-18008-4/e87129e6-4c53-4386-852c-b6fd49626b0d,DIN 18008-4: Bemessungs- und Konstruktionsregeln fuer absturzsichernde Verglasungen; Sicherheitsglas (VSG/ESG/TVG) verpflichtend bei Absturzsicherung; Nachweise im Grenzzustand der Trag- und Gebrauchstauglichkeit.,question answered via rw_din_18008,,0.85
rf_tragwerkssicherheit_frage,ERFORDERT_NACHWEIS,nf_absturzsicherung,rule_documented,https://www.baunormenlexikon.de/norm/din-18008-4/e87129e6-4c53-4386-852c-b6fd49626b0d,DIN 18008-4: Bemessungs- und Konstruktionsregeln fuer absturzsichernde Verglasungen; Sicherheitsglas (VSG/ESG/TVG) verpflichtend bei Absturzsicherung; Nachweise im Grenzzustand der Trag- und Gebrauchstauglichkeit.,question answered via rw_din_18008,,0.85
rw_din_18008,BETRIFFT_MATERIAL,mat_drahtglas,rule_documented,https://www.baunormenlexikon.de/norm/din-18008-4/e87129e6-4c53-4386-852c-b6fd49626b0d,DIN 18008-4: Bemessungs- und Konstruktionsregeln fuer absturzsichernde Verglasungen; Sicherheitsglas (VSG/ESG/TVG) verpflichtend bei Absturzsicherung; Nachweise im Grenzzustand der Trag- und Gebrauchstauglichkeit.,rule governs/assesses this material for reuse,,0.85
rw_din_18008,BETRIFFT_BAUTEILTYP,bt_verglasung,rule_documented,https://www.baunormenlexikon.de/norm/din-18008-4/e87129e6-4c53-4386-852c-b6fd49626b0d,DIN 18008-4: Bemessungs- und Konstruktionsregeln fuer absturzsichernde Verglasungen; Sicherheitsglas (VSG/ESG/TVG) verpflichtend bei Absturzsicherung; Nachweise im Grenzzustand der Trag- und Gebrauchstauglichkeit.,component product standard for this Bauteiltyp,,0.85
rw_din_18008,BETRIFFT_BAUTEILTYP,bt_glasscheibe,rule_documented,https://www.baunormenlexikon.de/norm/din-18008-4/e87129e6-4c53-4386-852c-b6fd49626b0d,DIN 18008-4: Bemessungs- und Konstruktionsregeln fuer absturzsichernde Verglasungen; Sicherheitsglas (VSG/ESG/TVG) verpflichtend bei Absturzsicherung; Nachweise im Grenzzustand der Trag- und Gebrauchstauglichkeit.,component product standard for this Bauteiltyp,,0.85
rw_dguv_v3_vde,GILT_IN_LAND,land_deutschland,rule_documented,https://www.elektrofachkraft.de/pruefung/elektrotechnische-erstpruefung-wiederholungspruefung,"DGUV Vorschrift 3 fordert Pruefung vor Inbetriebnahme durch Elektrofachkraft; DIN VDE 0100-600 Erstpruefung (Errichtung/Aenderung), DIN VDE 0105-100 wiederkehrende Pruefung bestehender Anlagen.",jurisdiction of the rule,,0.85
nf_elektrosicherheitsnachweis,GESTUETZT_AUF_REGELWERK,rw_dguv_v3_vde,rule_documented,https://www.elektrofachkraft.de/pruefung/elektrotechnische-erstpruefung-wiederholungspruefung,"DGUV Vorschrift 3 fordert Pruefung vor Inbetriebnahme durch Elektrofachkraft; DIN VDE 0100-600 Erstpruefung (Errichtung/Aenderung), DIN VDE 0105-100 wiederkehrende Pruefung bestehender Anlagen.",Nachweis is required/backed by this rule,,0.85
rf_hygiene_elektro_funktion_frage,ERFORDERT_NACHWEIS,nf_elektrosicherheitsnachweis,rule_documented,https://www.elektrofachkraft.de/pruefung/elektrotechnische-erstpruefung-wiederholungspruefung,"DGUV Vorschrift 3 fordert Pruefung vor Inbetriebnahme durch Elektrofachkraft; DIN VDE 0100-600 Erstpruefung (Errichtung/Aenderung), DIN VDE 0105-100 wiederkehrende Pruefung bestehender Anlagen.",question answered via rw_dguv_v3_vde,,0.85
rw_dguv_v3_vde,BETRIFFT_BAUTEILTYP,bt_technik,rule_documented,https://www.elektrofachkraft.de/pruefung/elektrotechnische-erstpruefung-wiederholungspruefung,"DGUV Vorschrift 3 fordert Pruefung vor Inbetriebnahme durch Elektrofachkraft; DIN VDE 0100-600 Erstpruefung (Errichtung/Aenderung), DIN VDE 0105-100 wiederkehrende Pruefung bestehender Anlagen.",component product standard for this Bauteiltyp,,0.85
rw_vdi_6023_6022,GILT_IN_LAND,land_deutschland,rule_documented,https://www.vdi.de/mitgliedschaft/vdi-richtlinien/unsere-richtlinien-highlights/vdi-6023,"VDI/DVGW 6023: Hygiene-Anforderungen an Planung, Ausfuehrung, Betrieb und Instandhaltung von Trinkwasser-Installationen (TrinkwV verweist darauf); VDI 6022: Hygiene-Anforderungen Raumlufttechnik.",jurisdiction of the rule,,0.8
nf_hygiene_und_reinigungsnachweis,GESTUETZT_AUF_REGELWERK,rw_vdi_6023_6022,rule_documented,https://www.vdi.de/mitgliedschaft/vdi-richtlinien/unsere-richtlinien-highlights/vdi-6023,"VDI/DVGW 6023: Hygiene-Anforderungen an Planung, Ausfuehrung, Betrieb und Instandhaltung von Trinkwasser-Installationen (TrinkwV verweist darauf); VDI 6022: Hygiene-Anforderungen Raumlufttechnik.",Nachweis is required/backed by this rule,,0.8
rf_hygiene_elektro_funktion_frage,ERFORDERT_NACHWEIS,nf_hygiene_und_reinigungsnachweis,rule_documented,https://www.vdi.de/mitgliedschaft/vdi-richtlinien/unsere-richtlinien-highlights/vdi-6023,"VDI/DVGW 6023: Hygiene-Anforderungen an Planung, Ausfuehrung, Betrieb und Instandhaltung von Trinkwasser-Installationen (TrinkwV verweist darauf); VDI 6022: Hygiene-Anforderungen Raumlufttechnik.",question answered via rw_vdi_6023_6022,,0.8
rw_vdi_6023_6022,BETRIFFT_BAUTEILTYP,bt_technik,rule_documented,https://www.vdi.de/mitgliedschaft/vdi-richtlinien/unsere-richtlinien-highlights/vdi-6023,"VDI/DVGW 6023: Hygiene-Anforderungen an Planung, Ausfuehrung, Betrieb und Instandhaltung von Trinkwasser-Installationen (TrinkwV verweist darauf); VDI 6022: Hygiene-Anforderungen Raumlufttechnik.",component product standard for this Bauteiltyp,,0.8
rw_prodhaftg_bgb,GILT_IN_LAND,land_deutschland,rule_documented,https://de.wikipedia.org/wiki/Produkthaftung_(Deutschland),"Verschuldensunabhaengige Gefaehrdungshaftung; ein Lieferant haftet wie der Hersteller, wenn er seinen Vorlieferanten nicht benennen kann ('Quasi-Hersteller'); Haftung erlischt 10 Jahre nach Inverkehrbringen (§13 ProdHaftG).",jurisdiction of the rule,,0.8
nf_herkunfts_und_rueckbaudokumentation,GESTUETZT_AUF_REGELWERK,rw_prodhaftg_bgb,rule_documented,https://de.wikipedia.org/wiki/Produkthaftung_(Deutschland),"Verschuldensunabhaengige Gefaehrdungshaftung; ein Lieferant haftet wie der Hersteller, wenn er seinen Vorlieferanten nicht benennen kann ('Quasi-Hersteller'); Haftung erlischt 10 Jahre nach Inverkehrbringen (§13 ProdHaftG).",Nachweis is required/backed by this rule,,0.8
nf_produktstatus_und_leistungserklaerung,GESTUETZT_AUF_REGELWERK,rw_prodhaftg_bgb,rule_documented,https://de.wikipedia.org/wiki/Produkthaftung_(Deutschland),"Verschuldensunabhaengige Gefaehrdungshaftung; ein Lieferant haftet wie der Hersteller, wenn er seinen Vorlieferanten nicht benennen kann ('Quasi-Hersteller'); Haftung erlischt 10 Jahre nach Inverkehrbringen (§13 ProdHaftG).",Nachweis is required/backed by this rule,,0.8
rf_haftung_gewaehrleistung_frage,ERFORDERT_NACHWEIS,nf_herkunfts_und_rueckbaudokumentation,rule_documented,https://www.deutscher-abbruchverband.de/publikationen/handlungshilfen-downloads/atv-din-18459/,"ATV DIN 18459 (VOB/C) gilt fuer Abbruch-/Rueckbauarbeiten inkl. Foerderung, Lagerung und Verladung zurueckgewonnener Stoffe und Bauteile; Auftraggeber muss in der Leistungsbeschreibung moegliche Kontaminationen angeben.",question answered via rw_vob_c_din_18459,,0.85
rf_haftung_gewaehrleistung_frage,ERFORDERT_NACHWEIS,nf_produktstatus_und_leistungserklaerung,rule_documented,https://de.wikipedia.org/wiki/Produkthaftung_(Deutschland),"Verschuldensunabhaengige Gefaehrdungshaftung; ein Lieferant haftet wie der Hersteller, wenn er seinen Vorlieferanten nicht benennen kann ('Quasi-Hersteller'); Haftung erlischt 10 Jahre nach Inverkehrbringen (§13 ProdHaftG).",question answered via rw_prodhaftg_bgb,,0.8
rw_vdi_6202,GILT_IN_LAND,land_deutschland,rule_documented,https://www.vdi.de/richtlinie/vdigvss_6202_blatt_1-schadstoffbelastete_bauliche_und_technische_anlagen_abbruch_sanierungs_und/,"Gilt fuer Taetigkeiten mit Gefahrstoffen bei Abbruch-, Sanierungs- und Instandhaltungsarbeiten; strukturierte Schadstoffsanierung von der Erkundung bis zur Entsorgung; Empfehlungen fuer Vertragsregelungen (VOB).",jurisdiction of the rule,,0.85
nf_schadstoffpruefung,GESTUETZT_AUF_REGELWERK,rw_vdi_6202,rule_documented,https://www.vdi.de/richtlinie/vdigvss_6202_blatt_1-schadstoffbelastete_bauliche_und_technische_anlagen_abbruch_sanierungs_und/,"Gilt fuer Taetigkeiten mit Gefahrstoffen bei Abbruch-, Sanierungs- und Instandhaltungsarbeiten; strukturierte Schadstoffsanierung von der Erkundung bis zur Entsorgung; Empfehlungen fuer Vertragsregelungen (VOB).",Nachweis is required/backed by this rule,,0.85
nf_schadstoffkataster_erkundung,GESTUETZT_AUF_REGELWERK,rw_vdi_6202,rule_documented,https://www.vdi.de/richtlinie/vdigvss_6202_blatt_1-schadstoffbelastete_bauliche_und_technische_anlagen_abbruch_sanierungs_und/,"Gilt fuer Taetigkeiten mit Gefahrstoffen bei Abbruch-, Sanierungs- und Instandhaltungsarbeiten; strukturierte Schadstoffsanierung von der Erkundung bis zur Entsorgung; Empfehlungen fuer Vertragsregelungen (VOB).",Nachweis is required/backed by this rule,,0.85
rf_schadstoff_frage,ERFORDERT_NACHWEIS,nf_schadstoffkataster_erkundung,rule_documented,https://www.bmluk.gv.at/dam/jcr:b5c6f981-a044-4979-9dd5-76da4bb69477/OeNORM_B3151_2014.pdf,Seit 1.1.2016 ist jeder Abbruch als Rueckbau gemaess OENORM B 3151 durchzufuehren; Ziel sortenreine Fraktionen; ab 750 t Bau-/Abbruchabfaellen orientierende Schad- und Stoerstofferkundung durch rueckbaukundige Person.,question answered via rw_oenorm_b3151,,0.9
rw_ebv,GILT_IN_LAND,land_deutschland,rule_documented,https://www.gesetze-im-internet.de/ersatzbaustoffv/,"EBV (Mantelverordnung, in Kraft 1.8.2023) legt Anforderungen an Herstellung und Einbau mineralischer Ersatzbaustoffe fest; Einbau nur wenn keine nachteilige Veraenderung von Boden/Grundwasser; Gueteueberwachung und Untersuchungspflichten.",jurisdiction of the rule,,0.85
nf_mineralische_ersatzbaustoff_guete,GESTUETZT_AUF_REGELWERK,rw_ebv,rule_documented,https://www.gesetze-im-internet.de/ersatzbaustoffv/,"EBV (Mantelverordnung, in Kraft 1.8.2023) legt Anforderungen an Herstellung und Einbau mineralischer Ersatzbaustoffe fest; Einbau nur wenn keine nachteilige Veraenderung von Boden/Grundwasser; Gueteueberwachung und Untersuchungspflichten.",Nachweis is required/backed by this rule,,0.85
rf_umweltvertraeglichkeit_oekobilanz_frage,ERFORDERT_NACHWEIS,nf_mineralische_ersatzbaustoff_guete,rule_documented,https://www.gesetze-im-internet.de/ersatzbaustoffv/,"EBV (Mantelverordnung, in Kraft 1.8.2023) legt Anforderungen an Herstellung und Einbau mineralischer Ersatzbaustoffe fest; Einbau nur wenn keine nachteilige Veraenderung von Boden/Grundwasser; Gueteueberwachung und Untersuchungspflichten.",question answered via rw_ebv,,0.85
rf_schadstoff_frage,ERFORDERT_NACHWEIS,nf_mineralische_ersatzbaustoff_guete,rule_documented,https://www.gesetze-im-internet.de/ersatzbaustoffv/,"EBV (Mantelverordnung, in Kraft 1.8.2023) legt Anforderungen an Herstellung und Einbau mineralischer Ersatzbaustoffe fest; Einbau nur wenn keine nachteilige Veraenderung von Boden/Grundwasser; Gueteueberwachung und Untersuchungspflichten.",question answered via rw_ebv,,0.85
rw_ebv,BETRIFFT_MATERIAL,mat_recyclingbeton,rule_documented,https://www.gesetze-im-internet.de/ersatzbaustoffv/,"EBV (Mantelverordnung, in Kraft 1.8.2023) legt Anforderungen an Herstellung und Einbau mineralischer Ersatzbaustoffe fest; Einbau nur wenn keine nachteilige Veraenderung von Boden/Grundwasser; Gueteueberwachung und Untersuchungspflichten.",rule governs/assesses this material for reuse,,0.85
rw_dafstb_rc_beton,GILT_IN_LAND,land_deutschland,rule_documented,https://www.dinmedia.de/en/technical-rule/dafstb-beton-rezyklierte-gesteinskoernung/139271550,Gilt fuer Beton nach DIN EN 206-1 / DIN 1045-2 mit rezyklierter Gesteinskoernung (DIN EN 12620); Begrenzung auf Druckfestigkeit <= C30/37 und Expositionsklassen; bis 45 Vol-% (empfohlen 25 %) Ersatz der Gesteinskoernung.,jurisdiction of the rule,,0.85
nf_rc_gesteinskoernung_eignung,GESTUETZT_AUF_REGELWERK,rw_dafstb_rc_beton,rule_documented,https://www.dinmedia.de/en/technical-rule/dafstb-beton-rezyklierte-gesteinskoernung/139271550,Gilt fuer Beton nach DIN EN 206-1 / DIN 1045-2 mit rezyklierter Gesteinskoernung (DIN EN 12620); Begrenzung auf Druckfestigkeit <= C30/37 und Expositionsklassen; bis 45 Vol-% (empfohlen 25 %) Ersatz der Gesteinskoernung.,Nachweis is required/backed by this rule,,0.85
nf_materialpruefung,GESTUETZT_AUF_REGELWERK,rw_dafstb_rc_beton,rule_documented,https://www.dinmedia.de/en/technical-rule/dafstb-beton-rezyklierte-gesteinskoernung/139271550,Gilt fuer Beton nach DIN EN 206-1 / DIN 1045-2 mit rezyklierter Gesteinskoernung (DIN EN 12620); Begrenzung auf Druckfestigkeit <= C30/37 und Expositionsklassen; bis 45 Vol-% (empfohlen 25 %) Ersatz der Gesteinskoernung.,Nachweis is required/backed by this rule,,0.85
rf_tragwerkssicherheit_frage,ERFORDERT_NACHWEIS,nf_rc_gesteinskoernung_eignung,rule_documented,https://www.dinmedia.de/en/technical-rule/dafstb-beton-rezyklierte-gesteinskoernung/139271550,Gilt fuer Beton nach DIN EN 206-1 / DIN 1045-2 mit rezyklierter Gesteinskoernung (DIN EN 12620); Begrenzung auf Druckfestigkeit <= C30/37 und Expositionsklassen; bis 45 Vol-% (empfohlen 25 %) Ersatz der Gesteinskoernung.,question answered via rw_dafstb_rc_beton,,0.85
rf_umweltvertraeglichkeit_oekobilanz_frage,ERFORDERT_NACHWEIS,nf_rc_gesteinskoernung_eignung,rule_documented,https://www.dinmedia.de/en/technical-rule/dafstb-beton-rezyklierte-gesteinskoernung/139271550,Gilt fuer Beton nach DIN EN 206-1 / DIN 1045-2 mit rezyklierter Gesteinskoernung (DIN EN 12620); Begrenzung auf Druckfestigkeit <= C30/37 und Expositionsklassen; bis 45 Vol-% (empfohlen 25 %) Ersatz der Gesteinskoernung.,question answered via rw_dafstb_rc_beton,,0.85
rf_umweltvertraeglichkeit_oekobilanz_frage,ERFORDERT_NACHWEIS,nf_materialpruefung,rule_documented,https://www.dinmedia.de/en/technical-rule/dafstb-beton-rezyklierte-gesteinskoernung/139271550,Gilt fuer Beton nach DIN EN 206-1 / DIN 1045-2 mit rezyklierter Gesteinskoernung (DIN EN 12620); Begrenzung auf Druckfestigkeit <= C30/37 und Expositionsklassen; bis 45 Vol-% (empfohlen 25 %) Ersatz der Gesteinskoernung.,question answered via rw_dafstb_rc_beton,,0.85
rw_dafstb_rc_beton,BETRIFFT_MATERIAL,mat_recyclingbeton,rule_documented,https://www.dinmedia.de/en/technical-rule/dafstb-beton-rezyklierte-gesteinskoernung/139271550,Gilt fuer Beton nach DIN EN 206-1 / DIN 1045-2 mit rezyklierter Gesteinskoernung (DIN EN 12620); Begrenzung auf Druckfestigkeit <= C30/37 und Expositionsklassen; bis 45 Vol-% (empfohlen 25 %) Ersatz der Gesteinskoernung.,rule governs/assesses this material for reuse,,0.85
rw_dafstb_rc_beton,BETRIFFT_MATERIAL,mat_beton,rule_documented,https://www.dinmedia.de/en/technical-rule/dafstb-beton-rezyklierte-gesteinskoernung/139271550,Gilt fuer Beton nach DIN EN 206-1 / DIN 1045-2 mit rezyklierter Gesteinskoernung (DIN EN 12620); Begrenzung auf Druckfestigkeit <= C30/37 und Expositionsklassen; bis 45 Vol-% (empfohlen 25 %) Ersatz der Gesteinskoernung.,rule governs/assesses this material for reuse,,0.85
rw_dafstb_rc_beton,BETRIFFT_MATERIAL,mat_stahlbeton,rule_documented,https://www.dinmedia.de/en/technical-rule/dafstb-beton-rezyklierte-gesteinskoernung/139271550,Gilt fuer Beton nach DIN EN 206-1 / DIN 1045-2 mit rezyklierter Gesteinskoernung (DIN EN 12620); Begrenzung auf Druckfestigkeit <= C30/37 und Expositionsklassen; bis 45 Vol-% (empfohlen 25 %) Ersatz der Gesteinskoernung.,rule governs/assesses this material for reuse,,0.85
rw_en_15804_15978,GILT_IN_LAND,land_deutschland,rule_documented,https://www.gebaeudeforum.de/wissen/nachhaltiges-bauen-und-sanieren/lebenszyklusbetrachtung/oekobilanzierung-lca/,"EN 15804 Kernregeln fuer EPD von Bauprodukten, EN 15978 Bewertung von Bauwerken; Gutschriften aus Wiederverwendung/Recycling sind separat im End-of-Life-Modul D auszuweisen (negative Werte dominieren).",EU-wide regulation,,0.85
rw_en_15804_15978,GILT_IN_LAND,land_oesterreich,comparative_only,https://www.gebaeudeforum.de/wissen/nachhaltiges-bauen-und-sanieren/lebenszyklusbetrachtung/oekobilanzierung-lca/,"EN 15804 Kernregeln fuer EPD von Bauprodukten, EN 15978 Bewertung von Bauwerken; Gutschriften aus Wiederverwendung/Recycling sind separat im End-of-Life-Modul D auszuweisen (negative Werte dominieren).",EU-wide regulation,,0.85
rw_en_15804_15978,GILT_IN_LAND,land_belgien,comparative_only,https://www.gebaeudeforum.de/wissen/nachhaltiges-bauen-und-sanieren/lebenszyklusbetrachtung/oekobilanzierung-lca/,"EN 15804 Kernregeln fuer EPD von Bauprodukten, EN 15978 Bewertung von Bauwerken; Gutschriften aus Wiederverwendung/Recycling sind separat im End-of-Life-Modul D auszuweisen (negative Werte dominieren).",EU-wide regulation,,0.85
rw_en_15804_15978,GILT_IN_LAND,land_niederlande,comparative_only,https://www.gebaeudeforum.de/wissen/nachhaltiges-bauen-und-sanieren/lebenszyklusbetrachtung/oekobilanzierung-lca/,"EN 15804 Kernregeln fuer EPD von Bauprodukten, EN 15978 Bewertung von Bauwerken; Gutschriften aus Wiederverwendung/Recycling sind separat im End-of-Life-Modul D auszuweisen (negative Werte dominieren).",EU-wide regulation,,0.85
rw_en_15804_15978,GILT_IN_LAND,land_frankreich,comparative_only,https://www.gebaeudeforum.de/wissen/nachhaltiges-bauen-und-sanieren/lebenszyklusbetrachtung/oekobilanzierung-lca/,"EN 15804 Kernregeln fuer EPD von Bauprodukten, EN 15978 Bewertung von Bauwerken; Gutschriften aus Wiederverwendung/Recycling sind separat im End-of-Life-Modul D auszuweisen (negative Werte dominieren).",EU-wide regulation,,0.85
rw_en_15804_15978,GILT_IN_LAND,land_daenemark,comparative_only,https://www.gebaeudeforum.de/wissen/nachhaltiges-bauen-und-sanieren/lebenszyklusbetrachtung/oekobilanzierung-lca/,"EN 15804 Kernregeln fuer EPD von Bauprodukten, EN 15978 Bewertung von Bauwerken; Gutschriften aus Wiederverwendung/Recycling sind separat im End-of-Life-Modul D auszuweisen (negative Werte dominieren).",EU-wide regulation,,0.85
rw_en_15804_15978,GILT_IN_LAND,land_norwegen,comparative_only,https://www.gebaeudeforum.de/wissen/nachhaltiges-bauen-und-sanieren/lebenszyklusbetrachtung/oekobilanzierung-lca/,"EN 15804 Kernregeln fuer EPD von Bauprodukten, EN 15978 Bewertung von Bauwerken; Gutschriften aus Wiederverwendung/Recycling sind separat im End-of-Life-Modul D auszuweisen (negative Werte dominieren).",EU-wide regulation,,0.85
nf_oekobilanz_epd,GESTUETZT_AUF_REGELWERK,rw_en_15804_15978,rule_documented,https://www.gebaeudeforum.de/wissen/nachhaltiges-bauen-und-sanieren/lebenszyklusbetrachtung/oekobilanzierung-lca/,"EN 15804 Kernregeln fuer EPD von Bauprodukten, EN 15978 Bewertung von Bauwerken; Gutschriften aus Wiederverwendung/Recycling sind separat im End-of-Life-Modul D auszuweisen (negative Werte dominieren).",Nachweis is required/backed by this rule,,0.85
rf_umweltvertraeglichkeit_oekobilanz_frage,ERFORDERT_NACHWEIS,nf_oekobilanz_epd,rule_documented,https://www.gebaeudeforum.de/wissen/nachhaltiges-bauen-und-sanieren/lebenszyklusbetrachtung/oekobilanzierung-lca/,"EN 15804 Kernregeln fuer EPD von Bauprodukten, EN 15978 Bewertung von Bauwerken; Gutschriften aus Wiederverwendung/Recycling sind separat im End-of-Life-Modul D auszuweisen (negative Werte dominieren).",question answered via rw_en_15804_15978,,0.85
rw_madaster_grp,GILT_IN_LAND,land_deutschland,rule_documented,https://www.dgnb.de/en/sustainable-building/circular-building/building-resource-passport,Digitaler Gebaeuderessourcenpass speichert Gebaeudeinformationen ueber den Lebenszyklus und weist den Anteil von Primaer-/Sekundaermaterial sowie Wiederverwendung und Recycling aus; Basis fuer Rohstoffboersen.,jurisdiction of the rule,,0.8
rw_madaster_grp,GILT_IN_LAND,land_niederlande,rule_documented,https://www.dgnb.de/en/sustainable-building/circular-building/building-resource-passport,Digitaler Gebaeuderessourcenpass speichert Gebaeudeinformationen ueber den Lebenszyklus und weist den Anteil von Primaer-/Sekundaermaterial sowie Wiederverwendung und Recycling aus; Basis fuer Rohstoffboersen.,jurisdiction of the rule,,0.8
nf_materialpass_ressourcenpass,GESTUETZT_AUF_REGELWERK,rw_madaster_grp,rule_documented,https://www.dgnb.de/en/sustainable-building/circular-building/building-resource-passport,Digitaler Gebaeuderessourcenpass speichert Gebaeudeinformationen ueber den Lebenszyklus und weist den Anteil von Primaer-/Sekundaermaterial sowie Wiederverwendung und Recycling aus; Basis fuer Rohstoffboersen.,Nachweis is required/backed by this rule,,0.8
nf_bauteilidentifikation,GESTUETZT_AUF_REGELWERK,rw_madaster_grp,rule_documented,https://www.dgnb.de/en/sustainable-building/circular-building/building-resource-passport,Digitaler Gebaeuderessourcenpass speichert Gebaeudeinformationen ueber den Lebenszyklus und weist den Anteil von Primaer-/Sekundaermaterial sowie Wiederverwendung und Recycling aus; Basis fuer Rohstoffboersen.,Nachweis is required/backed by this rule,,0.8
rf_reusedokumentationfrage,ERFORDERT_NACHWEIS,nf_materialpass_ressourcenpass,rule_documented,https://www.dgnb.de/en/sustainable-building/circular-building/building-resource-passport,Digitaler Gebaeuderessourcenpass speichert Gebaeudeinformationen ueber den Lebenszyklus und weist den Anteil von Primaer-/Sekundaermaterial sowie Wiederverwendung und Recycling aus; Basis fuer Rohstoffboersen.,question answered via rw_madaster_grp,,0.8
rf_umweltvertraeglichkeit_oekobilanz_frage,ERFORDERT_NACHWEIS,nf_materialpass_ressourcenpass,rule_documented,https://www.dgnb.de/en/sustainable-building/circular-building/building-resource-passport,Digitaler Gebaeuderessourcenpass speichert Gebaeudeinformationen ueber den Lebenszyklus und weist den Anteil von Primaer-/Sekundaermaterial sowie Wiederverwendung und Recycling aus; Basis fuer Rohstoffboersen.,question answered via rw_madaster_grp,,0.8
rf_umweltvertraeglichkeit_oekobilanz_frage,ERFORDERT_NACHWEIS,nf_bauteilidentifikation,rule_documented,https://www.dgnb.de/en/sustainable-building/circular-building/building-resource-passport,Digitaler Gebaeuderessourcenpass speichert Gebaeudeinformationen ueber den Lebenszyklus und weist den Anteil von Primaer-/Sekundaermaterial sowie Wiederverwendung und Recycling aus; Basis fuer Rohstoffboersen.,question answered via rw_madaster_grp,,0.8
rw_nta_8713,GILT_IN_LAND,land_niederlande,rule_documented,https://www.nen.nl/nta-8713-2023-nl-307691,NTA 8713 (Juni 2023) beschreibt das Verfahren zur Bestimmung geometrischer und Materialeigenschaften von aus einem Spendergebaeude rueckgebauten Stahlprofilen fuer die Wiederverwendung; reused steel muss dieselben Sicherheitsanforderungen wie Neustahl erfuellen.,jurisdiction of the rule,,0.9
nf_standsicherheitsnachweis,GESTUETZT_AUF_REGELWERK,rw_nta_8713,rule_documented,https://www.nen.nl/nta-8713-2023-nl-307691,NTA 8713 (Juni 2023) beschreibt das Verfahren zur Bestimmung geometrischer und Materialeigenschaften von aus einem Spendergebaeude rueckgebauten Stahlprofilen fuer die Wiederverwendung; reused steel muss dieselben Sicherheitsanforderungen wie Neustahl erfuellen.,Nachweis is required/backed by this rule,,0.9
nf_materialpruefung,GESTUETZT_AUF_REGELWERK,rw_nta_8713,rule_documented,https://www.nen.nl/nta-8713-2023-nl-307691,NTA 8713 (Juni 2023) beschreibt das Verfahren zur Bestimmung geometrischer und Materialeigenschaften von aus einem Spendergebaeude rueckgebauten Stahlprofilen fuer die Wiederverwendung; reused steel muss dieselben Sicherheitsanforderungen wie Neustahl erfuellen.,Nachweis is required/backed by this rule,,0.9
nf_produktstatus_und_leistungserklaerung,GESTUETZT_AUF_REGELWERK,rw_nta_8713,rule_documented,https://www.nen.nl/nta-8713-2023-nl-307691,NTA 8713 (Juni 2023) beschreibt das Verfahren zur Bestimmung geometrischer und Materialeigenschaften von aus einem Spendergebaeude rueckgebauten Stahlprofilen fuer die Wiederverwendung; reused steel muss dieselben Sicherheitsanforderungen wie Neustahl erfuellen.,Nachweis is required/backed by this rule,,0.9
rw_nta_8713,BETRIFFT_MATERIAL,mat_stahl,rule_documented,https://www.nen.nl/nta-8713-2023-nl-307691,NTA 8713 (Juni 2023) beschreibt das Verfahren zur Bestimmung geometrischer und Materialeigenschaften von aus einem Spendergebaeude rueckgebauten Stahlprofilen fuer die Wiederverwendung; reused steel muss dieselben Sicherheitsanforderungen wie Neustahl erfuellen.,rule governs/assesses this material for reuse,,0.9
rw_oenorm_b3151,GILT_IN_LAND,land_oesterreich,rule_documented,https://www.bmluk.gv.at/dam/jcr:b5c6f981-a044-4979-9dd5-76da4bb69477/OeNORM_B3151_2014.pdf,Seit 1.1.2016 ist jeder Abbruch als Rueckbau gemaess OENORM B 3151 durchzufuehren; Ziel sortenreine Fraktionen; ab 750 t Bau-/Abbruchabfaellen orientierende Schad- und Stoerstofferkundung durch rueckbaukundige Person.,jurisdiction of the rule,,0.9
nf_herkunfts_und_rueckbaudokumentation,GESTUETZT_AUF_REGELWERK,rw_oenorm_b3151,rule_documented,https://www.bmluk.gv.at/dam/jcr:b5c6f981-a044-4979-9dd5-76da4bb69477/OeNORM_B3151_2014.pdf,Seit 1.1.2016 ist jeder Abbruch als Rueckbau gemaess OENORM B 3151 durchzufuehren; Ziel sortenreine Fraktionen; ab 750 t Bau-/Abbruchabfaellen orientierende Schad- und Stoerstofferkundung durch rueckbaukundige Person.,Nachweis is required/backed by this rule,,0.9
nf_schadstoffkataster_erkundung,GESTUETZT_AUF_REGELWERK,rw_oenorm_b3151,rule_documented,https://www.bmluk.gv.at/dam/jcr:b5c6f981-a044-4979-9dd5-76da4bb69477/OeNORM_B3151_2014.pdf,Seit 1.1.2016 ist jeder Abbruch als Rueckbau gemaess OENORM B 3151 durchzufuehren; Ziel sortenreine Fraktionen; ab 750 t Bau-/Abbruchabfaellen orientierende Schad- und Stoerstofferkundung durch rueckbaukundige Person.,Nachweis is required/backed by this rule,,0.9
rf_rueckbau_und_bauteilernte_frage,ERFORDERT_NACHWEIS,nf_schadstoffkataster_erkundung,rule_documented,https://www.bmluk.gv.at/dam/jcr:b5c6f981-a044-4979-9dd5-76da4bb69477/OeNORM_B3151_2014.pdf,Seit 1.1.2016 ist jeder Abbruch als Rueckbau gemaess OENORM B 3151 durchzufuehren; Ziel sortenreine Fraktionen; ab 750 t Bau-/Abbruchabfaellen orientierende Schad- und Stoerstofferkundung durch rueckbaukundige Person.,question answered via rw_oenorm_b3151,,0.9
rf_schadstoff_frage,ERFORDERT_NACHWEIS,nf_herkunfts_und_rueckbaudokumentation,rule_documented,https://www.bmluk.gv.at/dam/jcr:b5c6f981-a044-4979-9dd5-76da4bb69477/OeNORM_B3151_2014.pdf,Seit 1.1.2016 ist jeder Abbruch als Rueckbau gemaess OENORM B 3151 durchzufuehren; Ziel sortenreine Fraktionen; ab 750 t Bau-/Abbruchabfaellen orientierende Schad- und Stoerstofferkundung durch rueckbaukundige Person.,question answered via rw_oenorm_b3151,,0.9
rw_sia_2032,GILT_IN_LAND,land_schweiz,rule_documented,https://www.espazium.ch/de/aktuelles/graue-energie-oekobilanzierung-fuer-die-erstellung-von-gebaeuden,Merkblatt SIA 2032 liefert die Methodik fuer die Oekobilanzierung der Erstellung von Gebaeuden; die Methodik ist robust und interpretationsfaehig fuer die Wiederverwendung von Bauteilen.,jurisdiction of the rule,,0.8
nf_oekobilanz_epd,GESTUETZT_AUF_REGELWERK,rw_sia_2032,rule_documented,https://www.espazium.ch/de/aktuelles/graue-energie-oekobilanzierung-fuer-die-erstellung-von-gebaeuden,Merkblatt SIA 2032 liefert die Methodik fuer die Oekobilanzierung der Erstellung von Gebaeuden; die Methodik ist robust und interpretationsfaehig fuer die Wiederverwendung von Bauteilen.,Nachweis is required/backed by this rule,,0.8
rw_fcrbe_reuse_toolkit,GILT_IN_LAND,land_belgien,rule_documented,https://opalis.eu/en/documentation,"Interreg FCRBE Reuse Toolkit: 36 Material Sheets fuer Planer zur Wiederverwendung; das Reclamation-Audit-Dokument gibt einen Ueberblick, wie reclamation audits durchgefuehrt und das Wiederverwendungspotenzial inventarisiert wird.",jurisdiction of the rule,,0.8
rw_fcrbe_reuse_toolkit,GILT_IN_LAND,land_frankreich,rule_documented,https://opalis.eu/en/documentation,"Interreg FCRBE Reuse Toolkit: 36 Material Sheets fuer Planer zur Wiederverwendung; das Reclamation-Audit-Dokument gibt einen Ueberblick, wie reclamation audits durchgefuehrt und das Wiederverwendungspotenzial inventarisiert wird.",jurisdiction of the rule,,0.8
rw_fcrbe_reuse_toolkit,GILT_IN_LAND,land_vereinigtes_koenigreich,rule_documented,https://opalis.eu/en/documentation,"Interreg FCRBE Reuse Toolkit: 36 Material Sheets fuer Planer zur Wiederverwendung; das Reclamation-Audit-Dokument gibt einen Ueberblick, wie reclamation audits durchgefuehrt und das Wiederverwendungspotenzial inventarisiert wird.",jurisdiction of the rule,,0.8
rw_fcrbe_reuse_toolkit,GILT_IN_LAND,land_niederlande,rule_documented,https://opalis.eu/en/documentation,"Interreg FCRBE Reuse Toolkit: 36 Material Sheets fuer Planer zur Wiederverwendung; das Reclamation-Audit-Dokument gibt einen Ueberblick, wie reclamation audits durchgefuehrt und das Wiederverwendungspotenzial inventarisiert wird.",jurisdiction of the rule,,0.8
nf_bauteilidentifikation,GESTUETZT_AUF_REGELWERK,rw_fcrbe_reuse_toolkit,rule_documented,https://opalis.eu/en/documentation,"Interreg FCRBE Reuse Toolkit: 36 Material Sheets fuer Planer zur Wiederverwendung; das Reclamation-Audit-Dokument gibt einen Ueberblick, wie reclamation audits durchgefuehrt und das Wiederverwendungspotenzial inventarisiert wird.",Nachweis is required/backed by this rule,,0.8
nf_herkunfts_und_rueckbaudokumentation,GESTUETZT_AUF_REGELWERK,rw_fcrbe_reuse_toolkit,rule_documented,https://opalis.eu/en/documentation,"Interreg FCRBE Reuse Toolkit: 36 Material Sheets fuer Planer zur Wiederverwendung; das Reclamation-Audit-Dokument gibt einen Ueberblick, wie reclamation audits durchgefuehrt und das Wiederverwendungspotenzial inventarisiert wird.",Nachweis is required/backed by this rule,,0.8
rw_qng_dgnb,GILT_IN_LAND,land_deutschland,rule_documented,https://www.nachhaltigesbauen.de/austausch/beg/,"QNG (staatliches Qualitaetssiegel Nachhaltiges Gebaeude) verlangt Nachweis oekologischer, soziokultureller und oekonomischer Qualitaet; vergeben u.a. durch DGNB; Niveaus PLUS/PREMIUM.",jurisdiction of the rule,,0.75
nf_oekobilanz_epd,GESTUETZT_AUF_REGELWERK,rw_qng_dgnb,rule_documented,https://www.nachhaltigesbauen.de/austausch/beg/,"QNG (staatliches Qualitaetssiegel Nachhaltiges Gebaeude) verlangt Nachweis oekologischer, soziokultureller und oekonomischer Qualitaet; vergeben u.a. durch DGNB; Niveaus PLUS/PREMIUM.",Nachweis is required/backed by this rule,,0.75
nf_materialpass_ressourcenpass,GESTUETZT_AUF_REGELWERK,rw_qng_dgnb,rule_documented,https://www.nachhaltigesbauen.de/austausch/beg/,"QNG (staatliches Qualitaetssiegel Nachhaltiges Gebaeude) verlangt Nachweis oekologischer, soziokultureller und oekonomischer Qualitaet; vergeben u.a. durch DGNB; Niveaus PLUS/PREMIUM.",Nachweis is required/backed by this rule,,0.75
rf_reusedokumentationfrage,ERFORDERT_NACHWEIS,nf_oekobilanz_epd,rule_documented,https://finance.ec.europa.eu/system/files/2023-06/taxonomy-regulation-delegated-act-2022-environmental_en_0.pdf,Circular-economy TSC: at least 90% (by mass) reuse or recycling of non-hazardous C&D waste; DNSH requires >=70% diverted from landfill; design for adaptability and deconstruction; life-cycle GWP calculated and disclosed.,question answered via rw_eu_taxonomy,,0.85
rw_fr_pemd,GILT_IN_LAND,land_frankreich,rule_documented,https://www.ecologie.gouv.fr/politiques-publiques/diagnostic-produits-equipements-materiaux-dechets-pemd,"Diagnostic PEMD (loi AGEC, obligatoire depuis 1.7.2023, batiments > 1000 m2): inventorier et caracteriser produits/materiaux/equipements/dechets, donner la priorite au reemploi, preconiser les analyses du caractere reemployable; transmis par le maitre d'ouvrage.",jurisdiction of the rule,,0.9
nf_bauteilidentifikation,GESTUETZT_AUF_REGELWERK,rw_fr_pemd,rule_documented,https://www.ecologie.gouv.fr/politiques-publiques/diagnostic-produits-equipements-materiaux-dechets-pemd,"Diagnostic PEMD (loi AGEC, obligatoire depuis 1.7.2023, batiments > 1000 m2): inventorier et caracteriser produits/materiaux/equipements/dechets, donner la priorite au reemploi, preconiser les analyses du caractere reemployable; transmis par le maitre d'ouvrage.",Nachweis is required/backed by this rule,,0.9
nf_herkunfts_und_rueckbaudokumentation,GESTUETZT_AUF_REGELWERK,rw_fr_pemd,rule_documented,https://www.ecologie.gouv.fr/politiques-publiques/diagnostic-produits-equipements-materiaux-dechets-pemd,"Diagnostic PEMD (loi AGEC, obligatoire depuis 1.7.2023, batiments > 1000 m2): inventorier et caracteriser produits/materiaux/equipements/dechets, donner la priorite au reemploi, preconiser les analyses du caractere reemployable; transmis par le maitre d'ouvrage.",Nachweis is required/backed by this rule,,0.9
nf_schadstoffkataster_erkundung,GESTUETZT_AUF_REGELWERK,rw_fr_pemd,rule_documented,https://www.ecologie.gouv.fr/politiques-publiques/diagnostic-produits-equipements-materiaux-dechets-pemd,"Diagnostic PEMD (loi AGEC, obligatoire depuis 1.7.2023, batiments > 1000 m2): inventorier et caracteriser produits/materiaux/equipements/dechets, donner la priorite au reemploi, preconiser les analyses du caractere reemployable; transmis par le maitre d'ouvrage.",Nachweis is required/backed by this rule,,0.9
rf_reusedokumentationfrage,ERFORDERT_NACHWEIS,nf_schadstoffkataster_erkundung,rule_documented,https://www.ecologie.gouv.fr/politiques-publiques/diagnostic-produits-equipements-materiaux-dechets-pemd,"Diagnostic PEMD (loi AGEC, obligatoire depuis 1.7.2023, batiments > 1000 m2): inventorier et caracteriser produits/materiaux/equipements/dechets, donner la priorite au reemploi, preconiser les analyses du caractere reemployable; transmis par le maitre d'ouvrage.",question answered via rw_fr_pemd,,0.9
rw_fr_rep_pmcb,GILT_IN_LAND,land_frankreich,rule_documented,https://www.ecologie.gouv.fr/politiques-publiques/produits-materiaux-construction-du-secteur-du-batiment-pmcb,"REP PMCB (loi AGEC, arrete du 10.6.2022, operationnelle 2023): responsabilite elargie du producteur; eco-organismes (Valobat, Ecominero, Ecomaison, Valdelia) avec objectifs de collecte, recyclage et reemploi-reutilisation.",jurisdiction of the rule,,0.8
nf_herkunfts_und_rueckbaudokumentation,GESTUETZT_AUF_REGELWERK,rw_fr_rep_pmcb,rule_documented,https://www.ecologie.gouv.fr/politiques-publiques/produits-materiaux-construction-du-secteur-du-batiment-pmcb,"REP PMCB (loi AGEC, arrete du 10.6.2022, operationnelle 2023): responsabilite elargie du producteur; eco-organismes (Valobat, Ecominero, Ecomaison, Valdelia) avec objectifs de collecte, recyclage et reemploi-reutilisation.",Nachweis is required/backed by this rule,,0.8
rw_dk_br18,GILT_IN_LAND,land_daenemark,rule_documented,https://www.sbst.dk/Media/638442760533494160/Barrierer%20og%20muligheder%20for%20biogene%20og%20genbrugte%20byggematerialer%20i%20BR18.pdf,Reused building materials must have documentation for their properties just like all other building products; fire-safety documentation requirements for reused materials are the same as for new; BR18 LCA limit values can account for reused materials at zero CO2e.,jurisdiction of the rule,,0.8
nf_produktstatus_und_leistungserklaerung,GESTUETZT_AUF_REGELWERK,rw_dk_br18,rule_documented,https://www.sbst.dk/Media/638442760533494160/Barrierer%20og%20muligheder%20for%20biogene%20og%20genbrugte%20byggematerialer%20i%20BR18.pdf,Reused building materials must have documentation for their properties just like all other building products; fire-safety documentation requirements for reused materials are the same as for new; BR18 LCA limit values can account for reused materials at zero CO2e.,Nachweis is required/backed by this rule,,0.8
nf_brandschutznachweis,GESTUETZT_AUF_REGELWERK,rw_dk_br18,rule_documented,https://www.sbst.dk/Media/638442760533494160/Barrierer%20og%20muligheder%20for%20biogene%20og%20genbrugte%20byggematerialer%20i%20BR18.pdf,Reused building materials must have documentation for their properties just like all other building products; fire-safety documentation requirements for reused materials are the same as for new; BR18 LCA limit values can account for reused materials at zero CO2e.,Nachweis is required/backed by this rule,,0.8
nf_oekobilanz_epd,GESTUETZT_AUF_REGELWERK,rw_dk_br18,rule_documented,https://www.sbst.dk/Media/638442760533494160/Barrierer%20og%20muligheder%20for%20biogene%20og%20genbrugte%20byggematerialer%20i%20BR18.pdf,Reused building materials must have documentation for their properties just like all other building products; fire-safety documentation requirements for reused materials are the same as for new; BR18 LCA limit values can account for reused materials at zero CO2e.,Nachweis is required/backed by this rule,,0.8
rf_bauproduktstatus_frage,ERFORDERT_NACHWEIS,nf_brandschutznachweis,rule_documented,https://www.sbst.dk/Media/638442760533494160/Barrierer%20og%20muligheder%20for%20biogene%20og%20genbrugte%20byggematerialer%20i%20BR18.pdf,Reused building materials must have documentation for their properties just like all other building products; fire-safety documentation requirements for reused materials are the same as for new; BR18 LCA limit values can account for reused materials at zero CO2e.,question answered via rw_dk_br18,,0.8
rf_bauproduktstatus_frage,ERFORDERT_NACHWEIS,nf_oekobilanz_epd,rule_documented,https://www.sbst.dk/Media/638442760533494160/Barrierer%20og%20muligheder%20for%20biogene%20og%20genbrugte%20byggematerialer%20i%20BR18.pdf,Reused building materials must have documentation for their properties just like all other building products; fire-safety documentation requirements for reused materials are the same as for new; BR18 LCA limit values can account for reused materials at zero CO2e.,question answered via rw_dk_br18,,0.8
rf_brandschutz_frage,ERFORDERT_NACHWEIS,nf_oekobilanz_epd,rule_documented,https://www.sbst.dk/Media/638442760533494160/Barrierer%20og%20muligheder%20for%20biogene%20og%20genbrugte%20byggematerialer%20i%20BR18.pdf,Reused building materials must have documentation for their properties just like all other building products; fire-safety documentation requirements for reused materials are the same as for new; BR18 LCA limit values can account for reused materials at zero CO2e.,question answered via rw_dk_br18,,0.8
rf_umweltvertraeglichkeit_oekobilanz_frage,ERFORDERT_NACHWEIS,nf_produktstatus_und_leistungserklaerung,rule_documented,https://www.sbst.dk/Media/638442760533494160/Barrierer%20og%20muligheder%20for%20biogene%20og%20genbrugte%20byggematerialer%20i%20BR18.pdf,Reused building materials must have documentation for their properties just like all other building products; fire-safety documentation requirements for reused materials are the same as for new; BR18 LCA limit values can account for reused materials at zero CO2e.,question answered via rw_dk_br18,,0.8
rf_umweltvertraeglichkeit_oekobilanz_frage,ERFORDERT_NACHWEIS,nf_brandschutznachweis,rule_documented,https://www.sbst.dk/Media/638442760533494160/Barrierer%20og%20muligheder%20for%20biogene%20og%20genbrugte%20byggematerialer%20i%20BR18.pdf,Reused building materials must have documentation for their properties just like all other building products; fire-safety documentation requirements for reused materials are the same as for new; BR18 LCA limit values can account for reused materials at zero CO2e.,question answered via rw_dk_br18,,0.8
rw_no_tek17,GILT_IN_LAND,land_norwegen,rule_documented,https://www.dibk.no/regelverk/byggteknisk-forskrift-tek17/9/9-5,"Since 1.7.2023, reuse-assessment mapping (ombrukskartlegging) is mandatory for most rehabilitation/demolition projects over 100 m2 or where demolition waste exceeds 10 tons; building materials must have documentable suitable properties (TEK17 §3-1, §9-5).",jurisdiction of the rule,,0.85
nf_produktstatus_und_leistungserklaerung,GESTUETZT_AUF_REGELWERK,rw_no_tek17,rule_documented,https://www.dibk.no/regelverk/byggteknisk-forskrift-tek17/9/9-5,"Since 1.7.2023, reuse-assessment mapping (ombrukskartlegging) is mandatory for most rehabilitation/demolition projects over 100 m2 or where demolition waste exceeds 10 tons; building materials must have documentable suitable properties (TEK17 §3-1, §9-5).",Nachweis is required/backed by this rule,,0.85
nf_bauteilidentifikation,GESTUETZT_AUF_REGELWERK,rw_no_tek17,rule_documented,https://www.dibk.no/regelverk/byggteknisk-forskrift-tek17/9/9-5,"Since 1.7.2023, reuse-assessment mapping (ombrukskartlegging) is mandatory for most rehabilitation/demolition projects over 100 m2 or where demolition waste exceeds 10 tons; building materials must have documentable suitable properties (TEK17 §3-1, §9-5).",Nachweis is required/backed by this rule,,0.85
nf_herkunfts_und_rueckbaudokumentation,GESTUETZT_AUF_REGELWERK,rw_no_tek17,rule_documented,https://www.dibk.no/regelverk/byggteknisk-forskrift-tek17/9/9-5,"Since 1.7.2023, reuse-assessment mapping (ombrukskartlegging) is mandatory for most rehabilitation/demolition projects over 100 m2 or where demolition waste exceeds 10 tons; building materials must have documentable suitable properties (TEK17 §3-1, §9-5).",Nachweis is required/backed by this rule,,0.85
rf_bauproduktstatus_frage,ERFORDERT_NACHWEIS,nf_bauteilidentifikation,rule_documented,https://www.dibk.no/regelverk/byggteknisk-forskrift-tek17/9/9-5,"Since 1.7.2023, reuse-assessment mapping (ombrukskartlegging) is mandatory for most rehabilitation/demolition projects over 100 m2 or where demolition waste exceeds 10 tons; building materials must have documentable suitable properties (TEK17 §3-1, §9-5).",question answered via rw_no_tek17,,0.85
rf_rueckbau_und_bauteilernte_frage,ERFORDERT_NACHWEIS,nf_produktstatus_und_leistungserklaerung,rule_documented,https://www.dibk.no/regelverk/byggteknisk-forskrift-tek17/9/9-5,"Since 1.7.2023, reuse-assessment mapping (ombrukskartlegging) is mandatory for most rehabilitation/demolition projects over 100 m2 or where demolition waste exceeds 10 tons; building materials must have documentable suitable properties (TEK17 §3-1, §9-5).",question answered via rw_no_tek17,,0.85
rw_eu_wfd_2008_98,GILT_IN_LAND,land_deutschland,rule_documented,https://eur-lex.europa.eu/legal-content/EN/LSU/?uri=CELEX:32008L0098,"Establishes the five-level waste hierarchy (prevention, preparing for re-use, recycling, other recovery, disposal) and a 70% target (by weight) for preparing for re-use, recycling and recovery of non-hazardous construction and demolition waste; parent directive of KrWG.",EU-wide regulation,,0.9
rw_eu_wfd_2008_98,GILT_IN_LAND,land_oesterreich,comparative_only,https://eur-lex.europa.eu/legal-content/EN/LSU/?uri=CELEX:32008L0098,"Establishes the five-level waste hierarchy (prevention, preparing for re-use, recycling, other recovery, disposal) and a 70% target (by weight) for preparing for re-use, recycling and recovery of non-hazardous construction and demolition waste; parent directive of KrWG.",EU-wide regulation,,0.9
rw_eu_wfd_2008_98,GILT_IN_LAND,land_belgien,comparative_only,https://eur-lex.europa.eu/legal-content/EN/LSU/?uri=CELEX:32008L0098,"Establishes the five-level waste hierarchy (prevention, preparing for re-use, recycling, other recovery, disposal) and a 70% target (by weight) for preparing for re-use, recycling and recovery of non-hazardous construction and demolition waste; parent directive of KrWG.",EU-wide regulation,,0.9
rw_eu_wfd_2008_98,GILT_IN_LAND,land_niederlande,comparative_only,https://eur-lex.europa.eu/legal-content/EN/LSU/?uri=CELEX:32008L0098,"Establishes the five-level waste hierarchy (prevention, preparing for re-use, recycling, other recovery, disposal) and a 70% target (by weight) for preparing for re-use, recycling and recovery of non-hazardous construction and demolition waste; parent directive of KrWG.",EU-wide regulation,,0.9
rw_eu_wfd_2008_98,GILT_IN_LAND,land_frankreich,comparative_only,https://eur-lex.europa.eu/legal-content/EN/LSU/?uri=CELEX:32008L0098,"Establishes the five-level waste hierarchy (prevention, preparing for re-use, recycling, other recovery, disposal) and a 70% target (by weight) for preparing for re-use, recycling and recovery of non-hazardous construction and demolition waste; parent directive of KrWG.",EU-wide regulation,,0.9
rw_eu_wfd_2008_98,GILT_IN_LAND,land_daenemark,comparative_only,https://eur-lex.europa.eu/legal-content/EN/LSU/?uri=CELEX:32008L0098,"Establishes the five-level waste hierarchy (prevention, preparing for re-use, recycling, other recovery, disposal) and a 70% target (by weight) for preparing for re-use, recycling and recovery of non-hazardous construction and demolition waste; parent directive of KrWG.",EU-wide regulation,,0.9
rw_eu_wfd_2008_98,GILT_IN_LAND,land_norwegen,comparative_only,https://eur-lex.europa.eu/legal-content/EN/LSU/?uri=CELEX:32008L0098,"Establishes the five-level waste hierarchy (prevention, preparing for re-use, recycling, other recovery, disposal) and a 70% target (by weight) for preparing for re-use, recycling and recovery of non-hazardous construction and demolition waste; parent directive of KrWG.",EU-wide regulation,,0.9
nf_herkunfts_und_rueckbaudokumentation,GESTUETZT_AUF_REGELWERK,rw_eu_wfd_2008_98,rule_documented,https://eur-lex.europa.eu/legal-content/EN/LSU/?uri=CELEX:32008L0098,"Establishes the five-level waste hierarchy (prevention, preparing for re-use, recycling, other recovery, disposal) and a 70% target (by weight) for preparing for re-use, recycling and recovery of non-hazardous construction and demolition waste; parent directive of KrWG.",Nachweis is required/backed by this rule,,0.9
rw_trgs_524,GILT_IN_LAND,land_deutschland,rule_documented,https://www.baua.de/DE/Angebote/Regelwerk/TRGS/TRGS-524,Schutzmassnahmen bei Taetigkeiten in kontaminierten Bereichen; konkretisiert die Informationsermittlung nach §7 GefStoffV; Arbeiten nur mit fachkundiger Gefaehrdungsbeurteilung; erste Hinweise aus Nutzungs-/Bauhistorie.,jurisdiction of the rule,,0.85
nf_schadstoffkataster_erkundung,GESTUETZT_AUF_REGELWERK,rw_trgs_524,rule_documented,https://www.baua.de/DE/Angebote/Regelwerk/TRGS/TRGS-524,Schutzmassnahmen bei Taetigkeiten in kontaminierten Bereichen; konkretisiert die Informationsermittlung nach §7 GefStoffV; Arbeiten nur mit fachkundiger Gefaehrdungsbeurteilung; erste Hinweise aus Nutzungs-/Bauhistorie.,Nachweis is required/backed by this rule,,0.85
nf_schadstoffpruefung,GESTUETZT_AUF_REGELWERK,rw_trgs_524,rule_documented,https://www.baua.de/DE/Angebote/Regelwerk/TRGS/TRGS-524,Schutzmassnahmen bei Taetigkeiten in kontaminierten Bereichen; konkretisiert die Informationsermittlung nach §7 GefStoffV; Arbeiten nur mit fachkundiger Gefaehrdungsbeurteilung; erste Hinweise aus Nutzungs-/Bauhistorie.,Nachweis is required/backed by this rule,,0.85
rw_pcb_richtlinie,GILT_IN_LAND,land_deutschland,rule_documented,https://gewerbeaufsicht.baden-wuerttemberg.de/documents/20121/49165/6_1.pdf,"Richtlinie fuer die Bewertung und Sanierung PCB-belasteter Baustoffe (1994); PCB v.a. in Fugendichtmassen/Beschichtungen der 1960er/70er; Vorsorgewert Innenraumluft 300 ng/m3, ab >3000 ng/m3 Sanierungspflicht (TRGS 900).",jurisdiction of the rule,,0.85
nf_pcb_check,GESTUETZT_AUF_REGELWERK,rw_pcb_richtlinie,rule_documented,https://gewerbeaufsicht.baden-wuerttemberg.de/documents/20121/49165/6_1.pdf,"Richtlinie fuer die Bewertung und Sanierung PCB-belasteter Baustoffe (1994); PCB v.a. in Fugendichtmassen/Beschichtungen der 1960er/70er; Vorsorgewert Innenraumluft 300 ng/m3, ab >3000 ng/m3 Sanierungspflicht (TRGS 900).",Nachweis is required/backed by this rule,,0.85
rw_din_4074_en_14081,GILT_IN_LAND,land_deutschland,rule_documented,https://www.holzbau-deutschland.de/fileadmin/user_upload/eingebundene_Downloads/2022-12_Information_Sortierung_durch_den_Zimmermeister_01.pdf,"DIN 4074-1 erlaubt visuelle Sortierung von Bauholz nach Tragfaehigkeit; fuer Inverkehrbringen ist Zertifizierung nach DIN EN 14081-1 mit WPK, CE-Kennzeichnung und Leistungserklaerung erforderlich. (Reuse: Festigkeitssortierung/Nachsortierung von Altholz.)",EU-wide regulation,,0.85
rw_din_4074_en_14081,GILT_IN_LAND,land_oesterreich,comparative_only,https://www.holzbau-deutschland.de/fileadmin/user_upload/eingebundene_Downloads/2022-12_Information_Sortierung_durch_den_Zimmermeister_01.pdf,"DIN 4074-1 erlaubt visuelle Sortierung von Bauholz nach Tragfaehigkeit; fuer Inverkehrbringen ist Zertifizierung nach DIN EN 14081-1 mit WPK, CE-Kennzeichnung und Leistungserklaerung erforderlich. (Reuse: Festigkeitssortierung/Nachsortierung von Altholz.)",EU-wide regulation,,0.85
rw_din_4074_en_14081,GILT_IN_LAND,land_belgien,comparative_only,https://www.holzbau-deutschland.de/fileadmin/user_upload/eingebundene_Downloads/2022-12_Information_Sortierung_durch_den_Zimmermeister_01.pdf,"DIN 4074-1 erlaubt visuelle Sortierung von Bauholz nach Tragfaehigkeit; fuer Inverkehrbringen ist Zertifizierung nach DIN EN 14081-1 mit WPK, CE-Kennzeichnung und Leistungserklaerung erforderlich. (Reuse: Festigkeitssortierung/Nachsortierung von Altholz.)",EU-wide regulation,,0.85
rw_din_4074_en_14081,GILT_IN_LAND,land_niederlande,comparative_only,https://www.holzbau-deutschland.de/fileadmin/user_upload/eingebundene_Downloads/2022-12_Information_Sortierung_durch_den_Zimmermeister_01.pdf,"DIN 4074-1 erlaubt visuelle Sortierung von Bauholz nach Tragfaehigkeit; fuer Inverkehrbringen ist Zertifizierung nach DIN EN 14081-1 mit WPK, CE-Kennzeichnung und Leistungserklaerung erforderlich. (Reuse: Festigkeitssortierung/Nachsortierung von Altholz.)",EU-wide regulation,,0.85
rw_din_4074_en_14081,GILT_IN_LAND,land_frankreich,comparative_only,https://www.holzbau-deutschland.de/fileadmin/user_upload/eingebundene_Downloads/2022-12_Information_Sortierung_durch_den_Zimmermeister_01.pdf,"DIN 4074-1 erlaubt visuelle Sortierung von Bauholz nach Tragfaehigkeit; fuer Inverkehrbringen ist Zertifizierung nach DIN EN 14081-1 mit WPK, CE-Kennzeichnung und Leistungserklaerung erforderlich. (Reuse: Festigkeitssortierung/Nachsortierung von Altholz.)",EU-wide regulation,,0.85
rw_din_4074_en_14081,GILT_IN_LAND,land_daenemark,comparative_only,https://www.holzbau-deutschland.de/fileadmin/user_upload/eingebundene_Downloads/2022-12_Information_Sortierung_durch_den_Zimmermeister_01.pdf,"DIN 4074-1 erlaubt visuelle Sortierung von Bauholz nach Tragfaehigkeit; fuer Inverkehrbringen ist Zertifizierung nach DIN EN 14081-1 mit WPK, CE-Kennzeichnung und Leistungserklaerung erforderlich. (Reuse: Festigkeitssortierung/Nachsortierung von Altholz.)",EU-wide regulation,,0.85
rw_din_4074_en_14081,GILT_IN_LAND,land_norwegen,comparative_only,https://www.holzbau-deutschland.de/fileadmin/user_upload/eingebundene_Downloads/2022-12_Information_Sortierung_durch_den_Zimmermeister_01.pdf,"DIN 4074-1 erlaubt visuelle Sortierung von Bauholz nach Tragfaehigkeit; fuer Inverkehrbringen ist Zertifizierung nach DIN EN 14081-1 mit WPK, CE-Kennzeichnung und Leistungserklaerung erforderlich. (Reuse: Festigkeitssortierung/Nachsortierung von Altholz.)",EU-wide regulation,,0.85
nf_standsicherheitsnachweis,GESTUETZT_AUF_REGELWERK,rw_din_4074_en_14081,rule_documented,https://www.holzbau-deutschland.de/fileadmin/user_upload/eingebundene_Downloads/2022-12_Information_Sortierung_durch_den_Zimmermeister_01.pdf,"DIN 4074-1 erlaubt visuelle Sortierung von Bauholz nach Tragfaehigkeit; fuer Inverkehrbringen ist Zertifizierung nach DIN EN 14081-1 mit WPK, CE-Kennzeichnung und Leistungserklaerung erforderlich. (Reuse: Festigkeitssortierung/Nachsortierung von Altholz.)",Nachweis is required/backed by this rule,,0.85
nf_materialpruefung,GESTUETZT_AUF_REGELWERK,rw_din_4074_en_14081,rule_documented,https://www.holzbau-deutschland.de/fileadmin/user_upload/eingebundene_Downloads/2022-12_Information_Sortierung_durch_den_Zimmermeister_01.pdf,"DIN 4074-1 erlaubt visuelle Sortierung von Bauholz nach Tragfaehigkeit; fuer Inverkehrbringen ist Zertifizierung nach DIN EN 14081-1 mit WPK, CE-Kennzeichnung und Leistungserklaerung erforderlich. (Reuse: Festigkeitssortierung/Nachsortierung von Altholz.)",Nachweis is required/backed by this rule,,0.85
nf_produktstatus_und_leistungserklaerung,GESTUETZT_AUF_REGELWERK,rw_din_4074_en_14081,rule_documented,https://www.holzbau-deutschland.de/fileadmin/user_upload/eingebundene_Downloads/2022-12_Information_Sortierung_durch_den_Zimmermeister_01.pdf,"DIN 4074-1 erlaubt visuelle Sortierung von Bauholz nach Tragfaehigkeit; fuer Inverkehrbringen ist Zertifizierung nach DIN EN 14081-1 mit WPK, CE-Kennzeichnung und Leistungserklaerung erforderlich. (Reuse: Festigkeitssortierung/Nachsortierung von Altholz.)",Nachweis is required/backed by this rule,,0.85
rw_din_4074_en_14081,BETRIFFT_MATERIAL,mat_holz,rule_documented,https://www.holzbau-deutschland.de/fileadmin/user_upload/eingebundene_Downloads/2022-12_Information_Sortierung_durch_den_Zimmermeister_01.pdf,"DIN 4074-1 erlaubt visuelle Sortierung von Bauholz nach Tragfaehigkeit; fuer Inverkehrbringen ist Zertifizierung nach DIN EN 14081-1 mit WPK, CE-Kennzeichnung und Leistungserklaerung erforderlich. (Reuse: Festigkeitssortierung/Nachsortierung von Altholz.)",rule governs/assesses this material for reuse,,0.85
rw_din_4074_en_14081,BETRIFFT_MATERIAL,mat_holz_clt,rule_documented,https://www.holzbau-deutschland.de/fileadmin/user_upload/eingebundene_Downloads/2022-12_Information_Sortierung_durch_den_Zimmermeister_01.pdf,"DIN 4074-1 erlaubt visuelle Sortierung von Bauholz nach Tragfaehigkeit; fuer Inverkehrbringen ist Zertifizierung nach DIN EN 14081-1 mit WPK, CE-Kennzeichnung und Leistungserklaerung erforderlich. (Reuse: Festigkeitssortierung/Nachsortierung von Altholz.)",rule governs/assesses this material for reuse,,0.85
rw_en_771_reclaimed,GILT_IN_LAND,land_deutschland,rule_documented,https://reclaimedbrickcompany.co.uk/blogs/yard-display/reclaimed-brick-company-becomes-first-uk-supplier-to-achieve-bs-en-771-1-testing-for-reclaimed-bricks,"Reclaimed bricks may have incomplete documentation (compressive strength, water absorption, durability, soluble-salt class); should be considered F1,S1 or F1,S2 to BS EN 771; third-party testing to EN 771-1 provides trusted data on suitability for reuse.",EU-wide regulation,,0.8
rw_en_771_reclaimed,GILT_IN_LAND,land_oesterreich,comparative_only,https://reclaimedbrickcompany.co.uk/blogs/yard-display/reclaimed-brick-company-becomes-first-uk-supplier-to-achieve-bs-en-771-1-testing-for-reclaimed-bricks,"Reclaimed bricks may have incomplete documentation (compressive strength, water absorption, durability, soluble-salt class); should be considered F1,S1 or F1,S2 to BS EN 771; third-party testing to EN 771-1 provides trusted data on suitability for reuse.",EU-wide regulation,,0.8
rw_en_771_reclaimed,GILT_IN_LAND,land_belgien,comparative_only,https://reclaimedbrickcompany.co.uk/blogs/yard-display/reclaimed-brick-company-becomes-first-uk-supplier-to-achieve-bs-en-771-1-testing-for-reclaimed-bricks,"Reclaimed bricks may have incomplete documentation (compressive strength, water absorption, durability, soluble-salt class); should be considered F1,S1 or F1,S2 to BS EN 771; third-party testing to EN 771-1 provides trusted data on suitability for reuse.",EU-wide regulation,,0.8
rw_en_771_reclaimed,GILT_IN_LAND,land_niederlande,comparative_only,https://reclaimedbrickcompany.co.uk/blogs/yard-display/reclaimed-brick-company-becomes-first-uk-supplier-to-achieve-bs-en-771-1-testing-for-reclaimed-bricks,"Reclaimed bricks may have incomplete documentation (compressive strength, water absorption, durability, soluble-salt class); should be considered F1,S1 or F1,S2 to BS EN 771; third-party testing to EN 771-1 provides trusted data on suitability for reuse.",EU-wide regulation,,0.8
rw_en_771_reclaimed,GILT_IN_LAND,land_frankreich,comparative_only,https://reclaimedbrickcompany.co.uk/blogs/yard-display/reclaimed-brick-company-becomes-first-uk-supplier-to-achieve-bs-en-771-1-testing-for-reclaimed-bricks,"Reclaimed bricks may have incomplete documentation (compressive strength, water absorption, durability, soluble-salt class); should be considered F1,S1 or F1,S2 to BS EN 771; third-party testing to EN 771-1 provides trusted data on suitability for reuse.",EU-wide regulation,,0.8
rw_en_771_reclaimed,GILT_IN_LAND,land_daenemark,comparative_only,https://reclaimedbrickcompany.co.uk/blogs/yard-display/reclaimed-brick-company-becomes-first-uk-supplier-to-achieve-bs-en-771-1-testing-for-reclaimed-bricks,"Reclaimed bricks may have incomplete documentation (compressive strength, water absorption, durability, soluble-salt class); should be considered F1,S1 or F1,S2 to BS EN 771; third-party testing to EN 771-1 provides trusted data on suitability for reuse.",EU-wide regulation,,0.8
rw_en_771_reclaimed,GILT_IN_LAND,land_norwegen,comparative_only,https://reclaimedbrickcompany.co.uk/blogs/yard-display/reclaimed-brick-company-becomes-first-uk-supplier-to-achieve-bs-en-771-1-testing-for-reclaimed-bricks,"Reclaimed bricks may have incomplete documentation (compressive strength, water absorption, durability, soluble-salt class); should be considered F1,S1 or F1,S2 to BS EN 771; third-party testing to EN 771-1 provides trusted data on suitability for reuse.",EU-wide regulation,,0.8
nf_materialpruefung,GESTUETZT_AUF_REGELWERK,rw_en_771_reclaimed,rule_documented,https://reclaimedbrickcompany.co.uk/blogs/yard-display/reclaimed-brick-company-becomes-first-uk-supplier-to-achieve-bs-en-771-1-testing-for-reclaimed-bricks,"Reclaimed bricks may have incomplete documentation (compressive strength, water absorption, durability, soluble-salt class); should be considered F1,S1 or F1,S2 to BS EN 771; third-party testing to EN 771-1 provides trusted data on suitability for reuse.",Nachweis is required/backed by this rule,,0.8
nf_produktstatus_und_leistungserklaerung,GESTUETZT_AUF_REGELWERK,rw_en_771_reclaimed,rule_documented,https://reclaimedbrickcompany.co.uk/blogs/yard-display/reclaimed-brick-company-becomes-first-uk-supplier-to-achieve-bs-en-771-1-testing-for-reclaimed-bricks,"Reclaimed bricks may have incomplete documentation (compressive strength, water absorption, durability, soluble-salt class); should be considered F1,S1 or F1,S2 to BS EN 771; third-party testing to EN 771-1 provides trusted data on suitability for reuse.",Nachweis is required/backed by this rule,,0.8
rw_en_771_reclaimed,BETRIFFT_MATERIAL,mat_ziegel,rule_documented,https://reclaimedbrickcompany.co.uk/blogs/yard-display/reclaimed-brick-company-becomes-first-uk-supplier-to-achieve-bs-en-771-1-testing-for-reclaimed-bricks,"Reclaimed bricks may have incomplete documentation (compressive strength, water absorption, durability, soluble-salt class); should be considered F1,S1 or F1,S2 to BS EN 771; third-party testing to EN 771-1 provides trusted data on suitability for reuse.",rule governs/assesses this material for reuse,,0.8
rw_en_771_reclaimed,BETRIFFT_MATERIAL,mat_keramik,rule_documented,https://reclaimedbrickcompany.co.uk/blogs/yard-display/reclaimed-brick-company-becomes-first-uk-supplier-to-achieve-bs-en-771-1-testing-for-reclaimed-bricks,"Reclaimed bricks may have incomplete documentation (compressive strength, water absorption, durability, soluble-salt class); should be considered F1,S1 or F1,S2 to BS EN 771; third-party testing to EN 771-1 provides trusted data on suitability for reuse.",rule governs/assesses this material for reuse,,0.8
rw_en_771_reclaimed,BETRIFFT_BAUTEILTYP,bt_mauerstein,rule_documented,https://reclaimedbrickcompany.co.uk/blogs/yard-display/reclaimed-brick-company-becomes-first-uk-supplier-to-achieve-bs-en-771-1-testing-for-reclaimed-bricks,"Reclaimed bricks may have incomplete documentation (compressive strength, water absorption, durability, soluble-salt class); should be considered F1,S1 or F1,S2 to BS EN 771; third-party testing to EN 771-1 provides trusted data on suitability for reuse.",component product standard for this Bauteiltyp,,0.8
rw_en_771_reclaimed,BETRIFFT_BAUTEILTYP,bt_fassadenmodul_mauerwerk,rule_documented,https://reclaimedbrickcompany.co.uk/blogs/yard-display/reclaimed-brick-company-becomes-first-uk-supplier-to-achieve-bs-en-771-1-testing-for-reclaimed-bricks,"Reclaimed bricks may have incomplete documentation (compressive strength, water absorption, durability, soluble-salt class); should be considered F1,S1 or F1,S2 to BS EN 771; third-party testing to EN 771-1 provides trusted data on suitability for reuse.",component product standard for this Bauteiltyp,,0.8
rw_en_1992_4,GILT_IN_LAND,land_deutschland,rule_documented,https://fastenerandfixing.com/construction-fixings/design-of-fastenings-for-use-in-concrete-en-1992-4-publication-and-the-implication-for-anchor-manufacturers-and-consumers/,"EN 1992-4 (2017) harmonisiert die Bemessung von Befestigungen in Beton (Einlege- und nachtraegliche Duebel) unter statischen, Ermuedungs- und seismischen Einwirkungen sowie Brand; Sicherheitskonzept in die Eurocodes eingebettet (aus ETAG 001 Annex C).",EU-wide regulation,,0.85
rw_en_1992_4,GILT_IN_LAND,land_oesterreich,comparative_only,https://fastenerandfixing.com/construction-fixings/design-of-fastenings-for-use-in-concrete-en-1992-4-publication-and-the-implication-for-anchor-manufacturers-and-consumers/,"EN 1992-4 (2017) harmonisiert die Bemessung von Befestigungen in Beton (Einlege- und nachtraegliche Duebel) unter statischen, Ermuedungs- und seismischen Einwirkungen sowie Brand; Sicherheitskonzept in die Eurocodes eingebettet (aus ETAG 001 Annex C).",EU-wide regulation,,0.85
rw_en_1992_4,GILT_IN_LAND,land_belgien,comparative_only,https://fastenerandfixing.com/construction-fixings/design-of-fastenings-for-use-in-concrete-en-1992-4-publication-and-the-implication-for-anchor-manufacturers-and-consumers/,"EN 1992-4 (2017) harmonisiert die Bemessung von Befestigungen in Beton (Einlege- und nachtraegliche Duebel) unter statischen, Ermuedungs- und seismischen Einwirkungen sowie Brand; Sicherheitskonzept in die Eurocodes eingebettet (aus ETAG 001 Annex C).",EU-wide regulation,,0.85
rw_en_1992_4,GILT_IN_LAND,land_niederlande,comparative_only,https://fastenerandfixing.com/construction-fixings/design-of-fastenings-for-use-in-concrete-en-1992-4-publication-and-the-implication-for-anchor-manufacturers-and-consumers/,"EN 1992-4 (2017) harmonisiert die Bemessung von Befestigungen in Beton (Einlege- und nachtraegliche Duebel) unter statischen, Ermuedungs- und seismischen Einwirkungen sowie Brand; Sicherheitskonzept in die Eurocodes eingebettet (aus ETAG 001 Annex C).",EU-wide regulation,,0.85
rw_en_1992_4,GILT_IN_LAND,land_frankreich,comparative_only,https://fastenerandfixing.com/construction-fixings/design-of-fastenings-for-use-in-concrete-en-1992-4-publication-and-the-implication-for-anchor-manufacturers-and-consumers/,"EN 1992-4 (2017) harmonisiert die Bemessung von Befestigungen in Beton (Einlege- und nachtraegliche Duebel) unter statischen, Ermuedungs- und seismischen Einwirkungen sowie Brand; Sicherheitskonzept in die Eurocodes eingebettet (aus ETAG 001 Annex C).",EU-wide regulation,,0.85
rw_en_1992_4,GILT_IN_LAND,land_daenemark,comparative_only,https://fastenerandfixing.com/construction-fixings/design-of-fastenings-for-use-in-concrete-en-1992-4-publication-and-the-implication-for-anchor-manufacturers-and-consumers/,"EN 1992-4 (2017) harmonisiert die Bemessung von Befestigungen in Beton (Einlege- und nachtraegliche Duebel) unter statischen, Ermuedungs- und seismischen Einwirkungen sowie Brand; Sicherheitskonzept in die Eurocodes eingebettet (aus ETAG 001 Annex C).",EU-wide regulation,,0.85
rw_en_1992_4,GILT_IN_LAND,land_norwegen,comparative_only,https://fastenerandfixing.com/construction-fixings/design-of-fastenings-for-use-in-concrete-en-1992-4-publication-and-the-implication-for-anchor-manufacturers-and-consumers/,"EN 1992-4 (2017) harmonisiert die Bemessung von Befestigungen in Beton (Einlege- und nachtraegliche Duebel) unter statischen, Ermuedungs- und seismischen Einwirkungen sowie Brand; Sicherheitskonzept in die Eurocodes eingebettet (aus ETAG 001 Annex C).",EU-wide regulation,,0.85
nf_befestigungsnachweis,GESTUETZT_AUF_REGELWERK,rw_en_1992_4,rule_documented,https://fastenerandfixing.com/construction-fixings/design-of-fastenings-for-use-in-concrete-en-1992-4-publication-and-the-implication-for-anchor-manufacturers-and-consumers/,"EN 1992-4 (2017) harmonisiert die Bemessung von Befestigungen in Beton (Einlege- und nachtraegliche Duebel) unter statischen, Ermuedungs- und seismischen Einwirkungen sowie Brand; Sicherheitskonzept in die Eurocodes eingebettet (aus ETAG 001 Annex C).",Nachweis is required/backed by this rule,,0.85
rw_eu_taxonomy,GILT_IN_LAND,land_deutschland,rule_documented,https://finance.ec.europa.eu/system/files/2023-06/taxonomy-regulation-delegated-act-2022-environmental_en_0.pdf,Circular-economy TSC: at least 90% (by mass) reuse or recycling of non-hazardous C&D waste; DNSH requires >=70% diverted from landfill; design for adaptability and deconstruction; life-cycle GWP calculated and disclosed.,EU-wide regulation,,0.85
rw_eu_taxonomy,GILT_IN_LAND,land_oesterreich,comparative_only,https://finance.ec.europa.eu/system/files/2023-06/taxonomy-regulation-delegated-act-2022-environmental_en_0.pdf,Circular-economy TSC: at least 90% (by mass) reuse or recycling of non-hazardous C&D waste; DNSH requires >=70% diverted from landfill; design for adaptability and deconstruction; life-cycle GWP calculated and disclosed.,EU-wide regulation,,0.85
rw_eu_taxonomy,GILT_IN_LAND,land_belgien,comparative_only,https://finance.ec.europa.eu/system/files/2023-06/taxonomy-regulation-delegated-act-2022-environmental_en_0.pdf,Circular-economy TSC: at least 90% (by mass) reuse or recycling of non-hazardous C&D waste; DNSH requires >=70% diverted from landfill; design for adaptability and deconstruction; life-cycle GWP calculated and disclosed.,EU-wide regulation,,0.85
rw_eu_taxonomy,GILT_IN_LAND,land_niederlande,comparative_only,https://finance.ec.europa.eu/system/files/2023-06/taxonomy-regulation-delegated-act-2022-environmental_en_0.pdf,Circular-economy TSC: at least 90% (by mass) reuse or recycling of non-hazardous C&D waste; DNSH requires >=70% diverted from landfill; design for adaptability and deconstruction; life-cycle GWP calculated and disclosed.,EU-wide regulation,,0.85
rw_eu_taxonomy,GILT_IN_LAND,land_frankreich,comparative_only,https://finance.ec.europa.eu/system/files/2023-06/taxonomy-regulation-delegated-act-2022-environmental_en_0.pdf,Circular-economy TSC: at least 90% (by mass) reuse or recycling of non-hazardous C&D waste; DNSH requires >=70% diverted from landfill; design for adaptability and deconstruction; life-cycle GWP calculated and disclosed.,EU-wide regulation,,0.85
rw_eu_taxonomy,GILT_IN_LAND,land_daenemark,comparative_only,https://finance.ec.europa.eu/system/files/2023-06/taxonomy-regulation-delegated-act-2022-environmental_en_0.pdf,Circular-economy TSC: at least 90% (by mass) reuse or recycling of non-hazardous C&D waste; DNSH requires >=70% diverted from landfill; design for adaptability and deconstruction; life-cycle GWP calculated and disclosed.,EU-wide regulation,,0.85
rw_eu_taxonomy,GILT_IN_LAND,land_norwegen,comparative_only,https://finance.ec.europa.eu/system/files/2023-06/taxonomy-regulation-delegated-act-2022-environmental_en_0.pdf,Circular-economy TSC: at least 90% (by mass) reuse or recycling of non-hazardous C&D waste; DNSH requires >=70% diverted from landfill; design for adaptability and deconstruction; life-cycle GWP calculated and disclosed.,EU-wide regulation,,0.85
nf_oekobilanz_epd,GESTUETZT_AUF_REGELWERK,rw_eu_taxonomy,rule_documented,https://finance.ec.europa.eu/system/files/2023-06/taxonomy-regulation-delegated-act-2022-environmental_en_0.pdf,Circular-economy TSC: at least 90% (by mass) reuse or recycling of non-hazardous C&D waste; DNSH requires >=70% diverted from landfill; design for adaptability and deconstruction; life-cycle GWP calculated and disclosed.,Nachweis is required/backed by this rule,,0.85
rw_eu_levels,GILT_IN_LAND,land_deutschland,rule_documented,https://susproc.jrc.ec.europa.eu/product-bureau/sites/default/files/2021-01/UM1_Introduction_to_Level(s)_v1.1_27pp.pdf,"Level(s): common EU framework of 16 core sustainability indicators across 6 macro-objectives; macro-objective 2 'resource efficiency and circular economy' covers material management, waste, extension of component life span and future reuse/recycling potential.",EU-wide regulation,,0.8
rw_eu_levels,GILT_IN_LAND,land_oesterreich,comparative_only,https://susproc.jrc.ec.europa.eu/product-bureau/sites/default/files/2021-01/UM1_Introduction_to_Level(s)_v1.1_27pp.pdf,"Level(s): common EU framework of 16 core sustainability indicators across 6 macro-objectives; macro-objective 2 'resource efficiency and circular economy' covers material management, waste, extension of component life span and future reuse/recycling potential.",EU-wide regulation,,0.8
rw_eu_levels,GILT_IN_LAND,land_belgien,comparative_only,https://susproc.jrc.ec.europa.eu/product-bureau/sites/default/files/2021-01/UM1_Introduction_to_Level(s)_v1.1_27pp.pdf,"Level(s): common EU framework of 16 core sustainability indicators across 6 macro-objectives; macro-objective 2 'resource efficiency and circular economy' covers material management, waste, extension of component life span and future reuse/recycling potential.",EU-wide regulation,,0.8
rw_eu_levels,GILT_IN_LAND,land_niederlande,comparative_only,https://susproc.jrc.ec.europa.eu/product-bureau/sites/default/files/2021-01/UM1_Introduction_to_Level(s)_v1.1_27pp.pdf,"Level(s): common EU framework of 16 core sustainability indicators across 6 macro-objectives; macro-objective 2 'resource efficiency and circular economy' covers material management, waste, extension of component life span and future reuse/recycling potential.",EU-wide regulation,,0.8
rw_eu_levels,GILT_IN_LAND,land_frankreich,comparative_only,https://susproc.jrc.ec.europa.eu/product-bureau/sites/default/files/2021-01/UM1_Introduction_to_Level(s)_v1.1_27pp.pdf,"Level(s): common EU framework of 16 core sustainability indicators across 6 macro-objectives; macro-objective 2 'resource efficiency and circular economy' covers material management, waste, extension of component life span and future reuse/recycling potential.",EU-wide regulation,,0.8
rw_eu_levels,GILT_IN_LAND,land_daenemark,comparative_only,https://susproc.jrc.ec.europa.eu/product-bureau/sites/default/files/2021-01/UM1_Introduction_to_Level(s)_v1.1_27pp.pdf,"Level(s): common EU framework of 16 core sustainability indicators across 6 macro-objectives; macro-objective 2 'resource efficiency and circular economy' covers material management, waste, extension of component life span and future reuse/recycling potential.",EU-wide regulation,,0.8
rw_eu_levels,GILT_IN_LAND,land_norwegen,comparative_only,https://susproc.jrc.ec.europa.eu/product-bureau/sites/default/files/2021-01/UM1_Introduction_to_Level(s)_v1.1_27pp.pdf,"Level(s): common EU framework of 16 core sustainability indicators across 6 macro-objectives; macro-objective 2 'resource efficiency and circular economy' covers material management, waste, extension of component life span and future reuse/recycling potential.",EU-wide regulation,,0.8
nf_oekobilanz_epd,GESTUETZT_AUF_REGELWERK,rw_eu_levels,rule_documented,https://susproc.jrc.ec.europa.eu/product-bureau/sites/default/files/2021-01/UM1_Introduction_to_Level(s)_v1.1_27pp.pdf,"Level(s): common EU framework of 16 core sustainability indicators across 6 macro-objectives; macro-objective 2 'resource efficiency and circular economy' covers material management, waste, extension of component life span and future reuse/recycling potential.",Nachweis is required/backed by this rule,,0.8
nf_materialpass_ressourcenpass,GESTUETZT_AUF_REGELWERK,rw_eu_levels,rule_documented,https://susproc.jrc.ec.europa.eu/product-bureau/sites/default/files/2021-01/UM1_Introduction_to_Level(s)_v1.1_27pp.pdf,"Level(s): common EU framework of 16 core sustainability indicators across 6 macro-objectives; macro-objective 2 'resource efficiency and circular economy' covers material management, waste, extension of component life span and future reuse/recycling potential.",Nachweis is required/backed by this rule,,0.8
rw_espr_dpp,GILT_IN_LAND,land_deutschland,rule_documented,https://green-forum.ec.europa.eu/implementing-ecodesign-sustainable-products-regulation_en,"ESPR (in force 18.7.2024) introduces the mandatory Digital Product Passport (DPP): unique identifier with origin, material composition, environmental performance, repairability, compliance and end-of-life guidance; construction products a priority group.",EU-wide regulation,,0.8
rw_espr_dpp,GILT_IN_LAND,land_oesterreich,comparative_only,https://green-forum.ec.europa.eu/implementing-ecodesign-sustainable-products-regulation_en,"ESPR (in force 18.7.2024) introduces the mandatory Digital Product Passport (DPP): unique identifier with origin, material composition, environmental performance, repairability, compliance and end-of-life guidance; construction products a priority group.",EU-wide regulation,,0.8
rw_espr_dpp,GILT_IN_LAND,land_belgien,comparative_only,https://green-forum.ec.europa.eu/implementing-ecodesign-sustainable-products-regulation_en,"ESPR (in force 18.7.2024) introduces the mandatory Digital Product Passport (DPP): unique identifier with origin, material composition, environmental performance, repairability, compliance and end-of-life guidance; construction products a priority group.",EU-wide regulation,,0.8
rw_espr_dpp,GILT_IN_LAND,land_niederlande,comparative_only,https://green-forum.ec.europa.eu/implementing-ecodesign-sustainable-products-regulation_en,"ESPR (in force 18.7.2024) introduces the mandatory Digital Product Passport (DPP): unique identifier with origin, material composition, environmental performance, repairability, compliance and end-of-life guidance; construction products a priority group.",EU-wide regulation,,0.8
rw_espr_dpp,GILT_IN_LAND,land_frankreich,comparative_only,https://green-forum.ec.europa.eu/implementing-ecodesign-sustainable-products-regulation_en,"ESPR (in force 18.7.2024) introduces the mandatory Digital Product Passport (DPP): unique identifier with origin, material composition, environmental performance, repairability, compliance and end-of-life guidance; construction products a priority group.",EU-wide regulation,,0.8
rw_espr_dpp,GILT_IN_LAND,land_daenemark,comparative_only,https://green-forum.ec.europa.eu/implementing-ecodesign-sustainable-products-regulation_en,"ESPR (in force 18.7.2024) introduces the mandatory Digital Product Passport (DPP): unique identifier with origin, material composition, environmental performance, repairability, compliance and end-of-life guidance; construction products a priority group.",EU-wide regulation,,0.8
rw_espr_dpp,GILT_IN_LAND,land_norwegen,comparative_only,https://green-forum.ec.europa.eu/implementing-ecodesign-sustainable-products-regulation_en,"ESPR (in force 18.7.2024) introduces the mandatory Digital Product Passport (DPP): unique identifier with origin, material composition, environmental performance, repairability, compliance and end-of-life guidance; construction products a priority group.",EU-wide regulation,,0.8
nf_materialpass_ressourcenpass,GESTUETZT_AUF_REGELWERK,rw_espr_dpp,rule_documented,https://green-forum.ec.europa.eu/implementing-ecodesign-sustainable-products-regulation_en,"ESPR (in force 18.7.2024) introduces the mandatory Digital Product Passport (DPP): unique identifier with origin, material composition, environmental performance, repairability, compliance and end-of-life guidance; construction products a priority group.",Nachweis is required/backed by this rule,,0.8
nf_produktstatus_und_leistungserklaerung,GESTUETZT_AUF_REGELWERK,rw_espr_dpp,rule_documented,https://green-forum.ec.europa.eu/implementing-ecodesign-sustainable-products-regulation_en,"ESPR (in force 18.7.2024) introduces the mandatory Digital Product Passport (DPP): unique identifier with origin, material composition, environmental performance, repairability, compliance and end-of-life guidance; construction products a priority group.",Nachweis is required/backed by this rule,,0.8
rf_bauproduktstatus_frage,ERFORDERT_NACHWEIS,nf_materialpass_ressourcenpass,rule_documented,https://green-forum.ec.europa.eu/implementing-ecodesign-sustainable-products-regulation_en,"ESPR (in force 18.7.2024) introduces the mandatory Digital Product Passport (DPP): unique identifier with origin, material composition, environmental performance, repairability, compliance and end-of-life guidance; construction products a priority group.",question answered via rw_espr_dpp,,0.8
rw_lfu_schadstoff_arbeitshilfe,GILT_IN_LAND,land_deutschland,rule_documented,https://www.lfu.bayern.de/abfall/schadstoffratgeber_gebaeuderueckbau/arbeitshilfe/index.htm,"LfU-Arbeitshilfe 'Rueckbau schadstoffbelasteter Bausubstanz': Gebaeude werden vor Abbruch auf Schadstoffe erkundet; das Baujahr/die Baualtersklasse ist der zentrale Indikator (Asbest 1950-1995, alte Mineralwolle bis ~2000, PCB bis 1989 in Dichtmassen/Beschichtungen, PAK bis 1970er in Abdichtungen/Dachpappen); Materialdatenblaetter und Checklisten je Bauteil.",jurisdiction of the rule,,0.85
nf_schadstoffkataster_erkundung,GESTUETZT_AUF_REGELWERK,rw_lfu_schadstoff_arbeitshilfe,rule_documented,https://www.lfu.bayern.de/abfall/schadstoffratgeber_gebaeuderueckbau/arbeitshilfe/index.htm,"LfU-Arbeitshilfe 'Rueckbau schadstoffbelasteter Bausubstanz': Gebaeude werden vor Abbruch auf Schadstoffe erkundet; das Baujahr/die Baualtersklasse ist der zentrale Indikator (Asbest 1950-1995, alte Mineralwolle bis ~2000, PCB bis 1989 in Dichtmassen/Beschichtungen, PAK bis 1970er in Abdichtungen/Dachpappen); Materialdatenblaetter und Checklisten je Bauteil.",Nachweis is required/backed by this rule,,0.85
nf_asbest_check,GESTUETZT_AUF_REGELWERK,rw_lfu_schadstoff_arbeitshilfe,rule_documented,https://www.lfu.bayern.de/abfall/schadstoffratgeber_gebaeuderueckbau/arbeitshilfe/index.htm,"LfU-Arbeitshilfe 'Rueckbau schadstoffbelasteter Bausubstanz': Gebaeude werden vor Abbruch auf Schadstoffe erkundet; das Baujahr/die Baualtersklasse ist der zentrale Indikator (Asbest 1950-1995, alte Mineralwolle bis ~2000, PCB bis 1989 in Dichtmassen/Beschichtungen, PAK bis 1970er in Abdichtungen/Dachpappen); Materialdatenblaetter und Checklisten je Bauteil.",Nachweis is required/backed by this rule,,0.85
nf_schadstoffpruefung,GESTUETZT_AUF_REGELWERK,rw_lfu_schadstoff_arbeitshilfe,rule_documented,https://www.lfu.bayern.de/abfall/schadstoffratgeber_gebaeuderueckbau/arbeitshilfe/index.htm,"LfU-Arbeitshilfe 'Rueckbau schadstoffbelasteter Bausubstanz': Gebaeude werden vor Abbruch auf Schadstoffe erkundet; das Baujahr/die Baualtersklasse ist der zentrale Indikator (Asbest 1950-1995, alte Mineralwolle bis ~2000, PCB bis 1989 in Dichtmassen/Beschichtungen, PAK bis 1970er in Abdichtungen/Dachpappen); Materialdatenblaetter und Checklisten je Bauteil.",Nachweis is required/backed by this rule,,0.85
rf_rueckbau_und_bauteilernte_frage,ERFORDERT_NACHWEIS,nf_asbest_check,rule_documented,https://www.lfu.bayern.de/abfall/schadstoffratgeber_gebaeuderueckbau/arbeitshilfe/index.htm,"LfU-Arbeitshilfe 'Rueckbau schadstoffbelasteter Bausubstanz': Gebaeude werden vor Abbruch auf Schadstoffe erkundet; das Baujahr/die Baualtersklasse ist der zentrale Indikator (Asbest 1950-1995, alte Mineralwolle bis ~2000, PCB bis 1989 in Dichtmassen/Beschichtungen, PAK bis 1970er in Abdichtungen/Dachpappen); Materialdatenblaetter und Checklisten je Bauteil.",question answered via rw_lfu_schadstoff_arbeitshilfe,,0.85
rf_rueckbau_und_bauteilernte_frage,ERFORDERT_NACHWEIS,nf_schadstoffpruefung,rule_documented,https://www.lfu.bayern.de/abfall/schadstoffratgeber_gebaeuderueckbau/arbeitshilfe/index.htm,"LfU-Arbeitshilfe 'Rueckbau schadstoffbelasteter Bausubstanz': Gebaeude werden vor Abbruch auf Schadstoffe erkundet; das Baujahr/die Baualtersklasse ist der zentrale Indikator (Asbest 1950-1995, alte Mineralwolle bis ~2000, PCB bis 1989 in Dichtmassen/Beschichtungen, PAK bis 1970er in Abdichtungen/Dachpappen); Materialdatenblaetter und Checklisten je Bauteil.",question answered via rw_lfu_schadstoff_arbeitshilfe,,0.85
rw_strlschg_radon,GILT_IN_LAND,land_deutschland,rule_documented,https://www.bfs.de/DE/themen/ion/umwelt/radon/regelungen/referenzwert.html,Strahlenschutzgesetz: Radon-Referenzwert 300 Bq/m3 im Jahresmittel fuer Aufenthaltsraeume (§124) und Arbeitsplaetze (§126); bei Ueberschreitung am Arbeitsplatz sind unverzueglich Massnahmen zur Reduzierung einzuleiten.,jurisdiction of the rule,,0.85
nf_radonmessung,GESTUETZT_AUF_REGELWERK,rw_strlschg_radon,rule_documented,https://www.bfs.de/DE/themen/ion/umwelt/radon/regelungen/referenzwert.html,Strahlenschutzgesetz: Radon-Referenzwert 300 Bq/m3 im Jahresmittel fuer Aufenthaltsraeume (§124) und Arbeitsplaetze (§126); bei Ueberschreitung am Arbeitsplatz sind unverzueglich Massnahmen zur Reduzierung einzuleiten.,Nachweis is required/backed by this rule,,0.85
nf_schadstoffpruefung,GESTUETZT_AUF_REGELWERK,rw_strlschg_radon,rule_documented,https://www.bfs.de/DE/themen/ion/umwelt/radon/regelungen/referenzwert.html,Strahlenschutzgesetz: Radon-Referenzwert 300 Bq/m3 im Jahresmittel fuer Aufenthaltsraeume (§124) und Arbeitsplaetze (§126); bei Ueberschreitung am Arbeitsplatz sind unverzueglich Massnahmen zur Reduzierung einzuleiten.,Nachweis is required/backed by this rule,,0.85
rf_schadstoff_frage,ERFORDERT_NACHWEIS,nf_radonmessung,rule_documented,https://www.bfs.de/DE/themen/ion/umwelt/radon/regelungen/referenzwert.html,Strahlenschutzgesetz: Radon-Referenzwert 300 Bq/m3 im Jahresmittel fuer Aufenthaltsraeume (§124) und Arbeitsplaetze (§126); bei Ueberschreitung am Arbeitsplatz sind unverzueglich Massnahmen zur Reduzierung einzuleiten.,question answered via rw_strlschg_radon,,0.85
rw_fib_precast_reuse,GILT_IN_LAND,land_deutschland,rule_documented,https://www.fib-international.org/publications/fib-bulletins/special-design-considerations-for-precast-prestress-pdf-detail.html,"fib (International Federation for Structural Concrete) guidance on precast/prestressed hollow-core floors; reuse research designs wall-slab connections for disassembly so slabs can be dismantled and reused, lowering CO2 and resource use.",EU-wide regulation,,0.7
rw_fib_precast_reuse,GILT_IN_LAND,land_oesterreich,comparative_only,https://www.fib-international.org/publications/fib-bulletins/special-design-considerations-for-precast-prestress-pdf-detail.html,"fib (International Federation for Structural Concrete) guidance on precast/prestressed hollow-core floors; reuse research designs wall-slab connections for disassembly so slabs can be dismantled and reused, lowering CO2 and resource use.",EU-wide regulation,,0.7
rw_fib_precast_reuse,GILT_IN_LAND,land_belgien,comparative_only,https://www.fib-international.org/publications/fib-bulletins/special-design-considerations-for-precast-prestress-pdf-detail.html,"fib (International Federation for Structural Concrete) guidance on precast/prestressed hollow-core floors; reuse research designs wall-slab connections for disassembly so slabs can be dismantled and reused, lowering CO2 and resource use.",EU-wide regulation,,0.7
rw_fib_precast_reuse,GILT_IN_LAND,land_niederlande,comparative_only,https://www.fib-international.org/publications/fib-bulletins/special-design-considerations-for-precast-prestress-pdf-detail.html,"fib (International Federation for Structural Concrete) guidance on precast/prestressed hollow-core floors; reuse research designs wall-slab connections for disassembly so slabs can be dismantled and reused, lowering CO2 and resource use.",EU-wide regulation,,0.7
rw_fib_precast_reuse,GILT_IN_LAND,land_frankreich,comparative_only,https://www.fib-international.org/publications/fib-bulletins/special-design-considerations-for-precast-prestress-pdf-detail.html,"fib (International Federation for Structural Concrete) guidance on precast/prestressed hollow-core floors; reuse research designs wall-slab connections for disassembly so slabs can be dismantled and reused, lowering CO2 and resource use.",EU-wide regulation,,0.7
rw_fib_precast_reuse,GILT_IN_LAND,land_daenemark,comparative_only,https://www.fib-international.org/publications/fib-bulletins/special-design-considerations-for-precast-prestress-pdf-detail.html,"fib (International Federation for Structural Concrete) guidance on precast/prestressed hollow-core floors; reuse research designs wall-slab connections for disassembly so slabs can be dismantled and reused, lowering CO2 and resource use.",EU-wide regulation,,0.7
rw_fib_precast_reuse,GILT_IN_LAND,land_norwegen,comparative_only,https://www.fib-international.org/publications/fib-bulletins/special-design-considerations-for-precast-prestress-pdf-detail.html,"fib (International Federation for Structural Concrete) guidance on precast/prestressed hollow-core floors; reuse research designs wall-slab connections for disassembly so slabs can be dismantled and reused, lowering CO2 and resource use.",EU-wide regulation,,0.7
nf_standsicherheitsnachweis,GESTUETZT_AUF_REGELWERK,rw_fib_precast_reuse,rule_documented,https://www.fib-international.org/publications/fib-bulletins/special-design-considerations-for-precast-prestress-pdf-detail.html,"fib (International Federation for Structural Concrete) guidance on precast/prestressed hollow-core floors; reuse research designs wall-slab connections for disassembly so slabs can be dismantled and reused, lowering CO2 and resource use.",Nachweis is required/backed by this rule,,0.7
nf_materialpruefung,GESTUETZT_AUF_REGELWERK,rw_fib_precast_reuse,rule_documented,https://www.fib-international.org/publications/fib-bulletins/special-design-considerations-for-precast-prestress-pdf-detail.html,"fib (International Federation for Structural Concrete) guidance on precast/prestressed hollow-core floors; reuse research designs wall-slab connections for disassembly so slabs can be dismantled and reused, lowering CO2 and resource use.",Nachweis is required/backed by this rule,,0.7
rw_fib_precast_reuse,BETRIFFT_MATERIAL,mat_beton,rule_documented,https://www.fib-international.org/publications/fib-bulletins/special-design-considerations-for-precast-prestress-pdf-detail.html,"fib (International Federation for Structural Concrete) guidance on precast/prestressed hollow-core floors; reuse research designs wall-slab connections for disassembly so slabs can be dismantled and reused, lowering CO2 and resource use.",rule governs/assesses this material for reuse,,0.7
rw_fib_precast_reuse,BETRIFFT_MATERIAL,mat_stahlbeton,rule_documented,https://www.fib-international.org/publications/fib-bulletins/special-design-considerations-for-precast-prestress-pdf-detail.html,"fib (International Federation for Structural Concrete) guidance on precast/prestressed hollow-core floors; reuse research designs wall-slab connections for disassembly so slabs can be dismantled and reused, lowering CO2 and resource use.",rule governs/assesses this material for reuse,,0.7
rw_iso_20887,GILT_IN_LAND,land_deutschland,rule_documented,https://www.iso.org/standard/69370.html,"ISO 20887:2020 provides principles, requirements and guidance for Design for Disassembly (DfD) and Adaptability (DfA): easy access to components, avoiding unnecessary treatments/finishes, simplifying and standardizing the design, to enable safe disassembly and material recovery/reuse.",EU-wide regulation,,0.8
rw_iso_20887,GILT_IN_LAND,land_oesterreich,comparative_only,https://www.iso.org/standard/69370.html,"ISO 20887:2020 provides principles, requirements and guidance for Design for Disassembly (DfD) and Adaptability (DfA): easy access to components, avoiding unnecessary treatments/finishes, simplifying and standardizing the design, to enable safe disassembly and material recovery/reuse.",EU-wide regulation,,0.8
rw_iso_20887,GILT_IN_LAND,land_belgien,comparative_only,https://www.iso.org/standard/69370.html,"ISO 20887:2020 provides principles, requirements and guidance for Design for Disassembly (DfD) and Adaptability (DfA): easy access to components, avoiding unnecessary treatments/finishes, simplifying and standardizing the design, to enable safe disassembly and material recovery/reuse.",EU-wide regulation,,0.8
rw_iso_20887,GILT_IN_LAND,land_niederlande,comparative_only,https://www.iso.org/standard/69370.html,"ISO 20887:2020 provides principles, requirements and guidance for Design for Disassembly (DfD) and Adaptability (DfA): easy access to components, avoiding unnecessary treatments/finishes, simplifying and standardizing the design, to enable safe disassembly and material recovery/reuse.",EU-wide regulation,,0.8
rw_iso_20887,GILT_IN_LAND,land_frankreich,comparative_only,https://www.iso.org/standard/69370.html,"ISO 20887:2020 provides principles, requirements and guidance for Design for Disassembly (DfD) and Adaptability (DfA): easy access to components, avoiding unnecessary treatments/finishes, simplifying and standardizing the design, to enable safe disassembly and material recovery/reuse.",EU-wide regulation,,0.8
rw_iso_20887,GILT_IN_LAND,land_daenemark,comparative_only,https://www.iso.org/standard/69370.html,"ISO 20887:2020 provides principles, requirements and guidance for Design for Disassembly (DfD) and Adaptability (DfA): easy access to components, avoiding unnecessary treatments/finishes, simplifying and standardizing the design, to enable safe disassembly and material recovery/reuse.",EU-wide regulation,,0.8
rw_iso_20887,GILT_IN_LAND,land_norwegen,comparative_only,https://www.iso.org/standard/69370.html,"ISO 20887:2020 provides principles, requirements and guidance for Design for Disassembly (DfD) and Adaptability (DfA): easy access to components, avoiding unnecessary treatments/finishes, simplifying and standardizing the design, to enable safe disassembly and material recovery/reuse.",EU-wide regulation,,0.8
nf_herkunfts_und_rueckbaudokumentation,GESTUETZT_AUF_REGELWERK,rw_iso_20887,rule_documented,https://www.iso.org/standard/69370.html,"ISO 20887:2020 provides principles, requirements and guidance for Design for Disassembly (DfD) and Adaptability (DfA): easy access to components, avoiding unnecessary treatments/finishes, simplifying and standardizing the design, to enable safe disassembly and material recovery/reuse.",Nachweis is required/backed by this rule,,0.8
rw_en_1090_2_bolts_reuse,GILT_IN_LAND,land_deutschland,rule_documented,https://www.steelconstruction.info/Preloaded_bolting,"EN 1090-2 prohibits reuse of high-strength preloaded bolts that have been fully tightened (plastic stretch during pretensioning); if slackened after final tightening, bolt, nut and washer must be discarded. Preload assemblies per EN 14399 (HV/HR/HRC).",EU-wide regulation,,0.85
rw_en_1090_2_bolts_reuse,GILT_IN_LAND,land_oesterreich,comparative_only,https://www.steelconstruction.info/Preloaded_bolting,"EN 1090-2 prohibits reuse of high-strength preloaded bolts that have been fully tightened (plastic stretch during pretensioning); if slackened after final tightening, bolt, nut and washer must be discarded. Preload assemblies per EN 14399 (HV/HR/HRC).",EU-wide regulation,,0.85
rw_en_1090_2_bolts_reuse,GILT_IN_LAND,land_belgien,comparative_only,https://www.steelconstruction.info/Preloaded_bolting,"EN 1090-2 prohibits reuse of high-strength preloaded bolts that have been fully tightened (plastic stretch during pretensioning); if slackened after final tightening, bolt, nut and washer must be discarded. Preload assemblies per EN 14399 (HV/HR/HRC).",EU-wide regulation,,0.85
rw_en_1090_2_bolts_reuse,GILT_IN_LAND,land_niederlande,comparative_only,https://www.steelconstruction.info/Preloaded_bolting,"EN 1090-2 prohibits reuse of high-strength preloaded bolts that have been fully tightened (plastic stretch during pretensioning); if slackened after final tightening, bolt, nut and washer must be discarded. Preload assemblies per EN 14399 (HV/HR/HRC).",EU-wide regulation,,0.85
rw_en_1090_2_bolts_reuse,GILT_IN_LAND,land_frankreich,comparative_only,https://www.steelconstruction.info/Preloaded_bolting,"EN 1090-2 prohibits reuse of high-strength preloaded bolts that have been fully tightened (plastic stretch during pretensioning); if slackened after final tightening, bolt, nut and washer must be discarded. Preload assemblies per EN 14399 (HV/HR/HRC).",EU-wide regulation,,0.85
rw_en_1090_2_bolts_reuse,GILT_IN_LAND,land_daenemark,comparative_only,https://www.steelconstruction.info/Preloaded_bolting,"EN 1090-2 prohibits reuse of high-strength preloaded bolts that have been fully tightened (plastic stretch during pretensioning); if slackened after final tightening, bolt, nut and washer must be discarded. Preload assemblies per EN 14399 (HV/HR/HRC).",EU-wide regulation,,0.85
rw_en_1090_2_bolts_reuse,GILT_IN_LAND,land_norwegen,comparative_only,https://www.steelconstruction.info/Preloaded_bolting,"EN 1090-2 prohibits reuse of high-strength preloaded bolts that have been fully tightened (plastic stretch during pretensioning); if slackened after final tightening, bolt, nut and washer must be discarded. Preload assemblies per EN 14399 (HV/HR/HRC).",EU-wide regulation,,0.85
nf_befestigungsnachweis,GESTUETZT_AUF_REGELWERK,rw_en_1090_2_bolts_reuse,rule_documented,https://www.steelconstruction.info/Preloaded_bolting,"EN 1090-2 prohibits reuse of high-strength preloaded bolts that have been fully tightened (plastic stretch during pretensioning); if slackened after final tightening, bolt, nut and washer must be discarded. Preload assemblies per EN 14399 (HV/HR/HRC).",Nachweis is required/backed by this rule,,0.85
nf_materialpruefung,GESTUETZT_AUF_REGELWERK,rw_en_1090_2_bolts_reuse,rule_documented,https://www.steelconstruction.info/Preloaded_bolting,"EN 1090-2 prohibits reuse of high-strength preloaded bolts that have been fully tightened (plastic stretch during pretensioning); if slackened after final tightening, bolt, nut and washer must be discarded. Preload assemblies per EN 14399 (HV/HR/HRC).",Nachweis is required/backed by this rule,,0.85
rw_en_1090_2_bolts_reuse,BETRIFFT_MATERIAL,mat_stahl,rule_documented,https://www.steelconstruction.info/Preloaded_bolting,"EN 1090-2 prohibits reuse of high-strength preloaded bolts that have been fully tightened (plastic stretch during pretensioning); if slackened after final tightening, bolt, nut and washer must be discarded. Preload assemblies per EN 14399 (HV/HR/HRC).",rule governs/assesses this material for reuse,,0.85
rw_glas_reuse_igu,GILT_IN_LAND,land_deutschland,rule_documented,https://www.glassonweb.com/article/reuse-and-remanufacturing-insulated-glass-units,"Reuse of insulated glass units preserves embodied carbon; barriers are short lifespan, warranty, lack of size standardisation and labour-intensive dismantling of composite facade units; an IGU is energy-adequate at U ~1.0-1.4 W/m2K (double) / 0.5-0.9 (triple); surface damage relates to mechanical strength.",EU-wide regulation,,0.7
rw_glas_reuse_igu,GILT_IN_LAND,land_oesterreich,comparative_only,https://www.glassonweb.com/article/reuse-and-remanufacturing-insulated-glass-units,"Reuse of insulated glass units preserves embodied carbon; barriers are short lifespan, warranty, lack of size standardisation and labour-intensive dismantling of composite facade units; an IGU is energy-adequate at U ~1.0-1.4 W/m2K (double) / 0.5-0.9 (triple); surface damage relates to mechanical strength.",EU-wide regulation,,0.7
rw_glas_reuse_igu,GILT_IN_LAND,land_belgien,comparative_only,https://www.glassonweb.com/article/reuse-and-remanufacturing-insulated-glass-units,"Reuse of insulated glass units preserves embodied carbon; barriers are short lifespan, warranty, lack of size standardisation and labour-intensive dismantling of composite facade units; an IGU is energy-adequate at U ~1.0-1.4 W/m2K (double) / 0.5-0.9 (triple); surface damage relates to mechanical strength.",EU-wide regulation,,0.7
rw_glas_reuse_igu,GILT_IN_LAND,land_niederlande,comparative_only,https://www.glassonweb.com/article/reuse-and-remanufacturing-insulated-glass-units,"Reuse of insulated glass units preserves embodied carbon; barriers are short lifespan, warranty, lack of size standardisation and labour-intensive dismantling of composite facade units; an IGU is energy-adequate at U ~1.0-1.4 W/m2K (double) / 0.5-0.9 (triple); surface damage relates to mechanical strength.",EU-wide regulation,,0.7
rw_glas_reuse_igu,GILT_IN_LAND,land_frankreich,comparative_only,https://www.glassonweb.com/article/reuse-and-remanufacturing-insulated-glass-units,"Reuse of insulated glass units preserves embodied carbon; barriers are short lifespan, warranty, lack of size standardisation and labour-intensive dismantling of composite facade units; an IGU is energy-adequate at U ~1.0-1.4 W/m2K (double) / 0.5-0.9 (triple); surface damage relates to mechanical strength.",EU-wide regulation,,0.7
rw_glas_reuse_igu,GILT_IN_LAND,land_daenemark,comparative_only,https://www.glassonweb.com/article/reuse-and-remanufacturing-insulated-glass-units,"Reuse of insulated glass units preserves embodied carbon; barriers are short lifespan, warranty, lack of size standardisation and labour-intensive dismantling of composite facade units; an IGU is energy-adequate at U ~1.0-1.4 W/m2K (double) / 0.5-0.9 (triple); surface damage relates to mechanical strength.",EU-wide regulation,,0.7
rw_glas_reuse_igu,GILT_IN_LAND,land_norwegen,comparative_only,https://www.glassonweb.com/article/reuse-and-remanufacturing-insulated-glass-units,"Reuse of insulated glass units preserves embodied carbon; barriers are short lifespan, warranty, lack of size standardisation and labour-intensive dismantling of composite facade units; an IGU is energy-adequate at U ~1.0-1.4 W/m2K (double) / 0.5-0.9 (triple); surface damage relates to mechanical strength.",EU-wide regulation,,0.7
nf_u_wert_oder_energie_info,GESTUETZT_AUF_REGELWERK,rw_glas_reuse_igu,rule_documented,https://www.glassonweb.com/article/reuse-and-remanufacturing-insulated-glass-units,"Reuse of insulated glass units preserves embodied carbon; barriers are short lifespan, warranty, lack of size standardisation and labour-intensive dismantling of composite facade units; an IGU is energy-adequate at U ~1.0-1.4 W/m2K (double) / 0.5-0.9 (triple); surface damage relates to mechanical strength.",Nachweis is required/backed by this rule,,0.7
nf_sicherheitsglas_info,GESTUETZT_AUF_REGELWERK,rw_glas_reuse_igu,rule_documented,https://www.glassonweb.com/article/reuse-and-remanufacturing-insulated-glass-units,"Reuse of insulated glass units preserves embodied carbon; barriers are short lifespan, warranty, lack of size standardisation and labour-intensive dismantling of composite facade units; an IGU is energy-adequate at U ~1.0-1.4 W/m2K (double) / 0.5-0.9 (triple); surface damage relates to mechanical strength.",Nachweis is required/backed by this rule,,0.7
nf_materialpruefung,GESTUETZT_AUF_REGELWERK,rw_glas_reuse_igu,rule_documented,https://www.glassonweb.com/article/reuse-and-remanufacturing-insulated-glass-units,"Reuse of insulated glass units preserves embodied carbon; barriers are short lifespan, warranty, lack of size standardisation and labour-intensive dismantling of composite facade units; an IGU is energy-adequate at U ~1.0-1.4 W/m2K (double) / 0.5-0.9 (triple); surface damage relates to mechanical strength.",Nachweis is required/backed by this rule,,0.7
rf_bauphysik_frage,ERFORDERT_NACHWEIS,nf_sicherheitsglas_info,rule_documented,https://www.glassonweb.com/article/reuse-and-remanufacturing-insulated-glass-units,"Reuse of insulated glass units preserves embodied carbon; barriers are short lifespan, warranty, lack of size standardisation and labour-intensive dismantling of composite facade units; an IGU is energy-adequate at U ~1.0-1.4 W/m2K (double) / 0.5-0.9 (triple); surface damage relates to mechanical strength.",question answered via rw_glas_reuse_igu,,0.7
rf_bauphysik_frage,ERFORDERT_NACHWEIS,nf_materialpruefung,rule_documented,https://www.glassonweb.com/article/reuse-and-remanufacturing-insulated-glass-units,"Reuse of insulated glass units preserves embodied carbon; barriers are short lifespan, warranty, lack of size standardisation and labour-intensive dismantling of composite facade units; an IGU is energy-adequate at U ~1.0-1.4 W/m2K (double) / 0.5-0.9 (triple); surface damage relates to mechanical strength.",question answered via rw_glas_reuse_igu,,0.7
rf_bauproduktstatus_frage,ERFORDERT_NACHWEIS,nf_u_wert_oder_energie_info,rule_documented,https://www.intertek.com/building/standards/en-14351-1/,"EN 14351-1 (harmonisiert unter CPR 305/2011) legt materialunabhaengige Leistungseigenschaften fuer Fenster und Aussentueren fest (Luftdurchlaessigkeit, Schlagregen, Schallschutz, Waermedurchgang Uw, gefaehrliche Stoffe); Nachweis ueber Initial Type Testing + werkseigene Produktionskontrolle. Teil 2: Innentueren.",question answered via rw_en_14351,,0.85
rf_bauproduktstatus_frage,ERFORDERT_NACHWEIS,nf_sicherheitsglas_info,rule_documented,https://www.glassonweb.com/article/reuse-and-remanufacturing-insulated-glass-units,"Reuse of insulated glass units preserves embodied carbon; barriers are short lifespan, warranty, lack of size standardisation and labour-intensive dismantling of composite facade units; an IGU is energy-adequate at U ~1.0-1.4 W/m2K (double) / 0.5-0.9 (triple); surface damage relates to mechanical strength.",question answered via rw_glas_reuse_igu,,0.7
rw_glas_reuse_igu,BETRIFFT_MATERIAL,mat_glas,rule_documented,https://www.glassonweb.com/article/reuse-and-remanufacturing-insulated-glass-units,"Reuse of insulated glass units preserves embodied carbon; barriers are short lifespan, warranty, lack of size standardisation and labour-intensive dismantling of composite facade units; an IGU is energy-adequate at U ~1.0-1.4 W/m2K (double) / 0.5-0.9 (triple); surface damage relates to mechanical strength.",rule governs/assesses this material for reuse,,0.7
rw_glas_reuse_igu,BETRIFFT_MATERIAL,mat_drahtglas,rule_documented,https://www.glassonweb.com/article/reuse-and-remanufacturing-insulated-glass-units,"Reuse of insulated glass units preserves embodied carbon; barriers are short lifespan, warranty, lack of size standardisation and labour-intensive dismantling of composite facade units; an IGU is energy-adequate at U ~1.0-1.4 W/m2K (double) / 0.5-0.9 (triple); surface damage relates to mechanical strength.",rule governs/assesses this material for reuse,,0.7
rw_glas_reuse_igu,BETRIFFT_BAUTEILTYP,bt_verglasung,rule_documented,https://www.glassonweb.com/article/reuse-and-remanufacturing-insulated-glass-units,"Reuse of insulated glass units preserves embodied carbon; barriers are short lifespan, warranty, lack of size standardisation and labour-intensive dismantling of composite facade units; an IGU is energy-adequate at U ~1.0-1.4 W/m2K (double) / 0.5-0.9 (triple); surface damage relates to mechanical strength.",component product standard for this Bauteiltyp,,0.7
rw_glas_reuse_igu,BETRIFFT_BAUTEILTYP,bt_glasscheibe,rule_documented,https://www.glassonweb.com/article/reuse-and-remanufacturing-insulated-glass-units,"Reuse of insulated glass units preserves embodied carbon; barriers are short lifespan, warranty, lack of size standardisation and labour-intensive dismantling of composite facade units; an IGU is energy-adequate at U ~1.0-1.4 W/m2K (double) / 0.5-0.9 (triple); surface damage relates to mechanical strength.",component product standard for this Bauteiltyp,,0.7
rw_naturstein_reuse,GILT_IN_LAND,land_deutschland,rule_documented,https://zukunftnaturstein.de/wiederverwendbarkeit-von-naturstein/,"Naturstein haelt in vielen Faellen >=100 Jahre und kann problemlos wiederverwendet/umgenutzt werden (Restaurierung, Fassaden); reclaimed stone kann fuer Cladding duenner geschnitten werden (z.B. 4 inch -> 2 inch); hohe Wiederverwendbarkeit gegenueber Verbundmaterialien.",EU-wide regulation,,0.65
rw_naturstein_reuse,GILT_IN_LAND,land_oesterreich,comparative_only,https://zukunftnaturstein.de/wiederverwendbarkeit-von-naturstein/,"Naturstein haelt in vielen Faellen >=100 Jahre und kann problemlos wiederverwendet/umgenutzt werden (Restaurierung, Fassaden); reclaimed stone kann fuer Cladding duenner geschnitten werden (z.B. 4 inch -> 2 inch); hohe Wiederverwendbarkeit gegenueber Verbundmaterialien.",EU-wide regulation,,0.65
rw_naturstein_reuse,GILT_IN_LAND,land_belgien,comparative_only,https://zukunftnaturstein.de/wiederverwendbarkeit-von-naturstein/,"Naturstein haelt in vielen Faellen >=100 Jahre und kann problemlos wiederverwendet/umgenutzt werden (Restaurierung, Fassaden); reclaimed stone kann fuer Cladding duenner geschnitten werden (z.B. 4 inch -> 2 inch); hohe Wiederverwendbarkeit gegenueber Verbundmaterialien.",EU-wide regulation,,0.65
rw_naturstein_reuse,GILT_IN_LAND,land_niederlande,comparative_only,https://zukunftnaturstein.de/wiederverwendbarkeit-von-naturstein/,"Naturstein haelt in vielen Faellen >=100 Jahre und kann problemlos wiederverwendet/umgenutzt werden (Restaurierung, Fassaden); reclaimed stone kann fuer Cladding duenner geschnitten werden (z.B. 4 inch -> 2 inch); hohe Wiederverwendbarkeit gegenueber Verbundmaterialien.",EU-wide regulation,,0.65
rw_naturstein_reuse,GILT_IN_LAND,land_frankreich,comparative_only,https://zukunftnaturstein.de/wiederverwendbarkeit-von-naturstein/,"Naturstein haelt in vielen Faellen >=100 Jahre und kann problemlos wiederverwendet/umgenutzt werden (Restaurierung, Fassaden); reclaimed stone kann fuer Cladding duenner geschnitten werden (z.B. 4 inch -> 2 inch); hohe Wiederverwendbarkeit gegenueber Verbundmaterialien.",EU-wide regulation,,0.65
rw_naturstein_reuse,GILT_IN_LAND,land_daenemark,comparative_only,https://zukunftnaturstein.de/wiederverwendbarkeit-von-naturstein/,"Naturstein haelt in vielen Faellen >=100 Jahre und kann problemlos wiederverwendet/umgenutzt werden (Restaurierung, Fassaden); reclaimed stone kann fuer Cladding duenner geschnitten werden (z.B. 4 inch -> 2 inch); hohe Wiederverwendbarkeit gegenueber Verbundmaterialien.",EU-wide regulation,,0.65
rw_naturstein_reuse,GILT_IN_LAND,land_norwegen,comparative_only,https://zukunftnaturstein.de/wiederverwendbarkeit-von-naturstein/,"Naturstein haelt in vielen Faellen >=100 Jahre und kann problemlos wiederverwendet/umgenutzt werden (Restaurierung, Fassaden); reclaimed stone kann fuer Cladding duenner geschnitten werden (z.B. 4 inch -> 2 inch); hohe Wiederverwendbarkeit gegenueber Verbundmaterialien.",EU-wide regulation,,0.65
nf_dauerhaftigkeit_restlebensdauer,GESTUETZT_AUF_REGELWERK,rw_naturstein_reuse,rule_documented,https://zukunftnaturstein.de/wiederverwendbarkeit-von-naturstein/,"Naturstein haelt in vielen Faellen >=100 Jahre und kann problemlos wiederverwendet/umgenutzt werden (Restaurierung, Fassaden); reclaimed stone kann fuer Cladding duenner geschnitten werden (z.B. 4 inch -> 2 inch); hohe Wiederverwendbarkeit gegenueber Verbundmaterialien.",Nachweis is required/backed by this rule,,0.65
nf_materialpruefung,GESTUETZT_AUF_REGELWERK,rw_naturstein_reuse,rule_documented,https://zukunftnaturstein.de/wiederverwendbarkeit-von-naturstein/,"Naturstein haelt in vielen Faellen >=100 Jahre und kann problemlos wiederverwendet/umgenutzt werden (Restaurierung, Fassaden); reclaimed stone kann fuer Cladding duenner geschnitten werden (z.B. 4 inch -> 2 inch); hohe Wiederverwendbarkeit gegenueber Verbundmaterialien.",Nachweis is required/backed by this rule,,0.65
rf_reusedokumentationfrage,ERFORDERT_NACHWEIS,nf_materialpruefung,rule_documented,https://zukunftnaturstein.de/wiederverwendbarkeit-von-naturstein/,"Naturstein haelt in vielen Faellen >=100 Jahre und kann problemlos wiederverwendet/umgenutzt werden (Restaurierung, Fassaden); reclaimed stone kann fuer Cladding duenner geschnitten werden (z.B. 4 inch -> 2 inch); hohe Wiederverwendbarkeit gegenueber Verbundmaterialien.",question answered via rw_naturstein_reuse,,0.65
rw_naturstein_reuse,BETRIFFT_MATERIAL,mat_naturstein,rule_documented,https://zukunftnaturstein.de/wiederverwendbarkeit-von-naturstein/,"Naturstein haelt in vielen Faellen >=100 Jahre und kann problemlos wiederverwendet/umgenutzt werden (Restaurierung, Fassaden); reclaimed stone kann fuer Cladding duenner geschnitten werden (z.B. 4 inch -> 2 inch); hohe Wiederverwendbarkeit gegenueber Verbundmaterialien.",rule governs/assesses this material for reuse,,0.65
rw_nen_8700,GILT_IN_LAND,land_niederlande,rule_documented,https://www.nen.nl/bouw/constructieve-veiligheid/constructieve-veiligheid-bestaande-bouw,"NEN 8700 bevat de grondslagen voor de beoordeling van constructieve veiligheid van bestaande bouwwerken (verbouw en afkeuren), gebaseerd op de Eurocodes; toepassing op 3 niveaus incl. afkeurniveau; serie met NEN 8701 (belastingen) en NEN 8707 (geotechniek).",jurisdiction of the rule,,0.9
nf_standsicherheitsnachweis,GESTUETZT_AUF_REGELWERK,rw_nen_8700,rule_documented,https://www.nen.nl/bouw/constructieve-veiligheid/constructieve-veiligheid-bestaande-bouw,"NEN 8700 bevat de grondslagen voor de beoordeling van constructieve veiligheid van bestaande bouwwerken (verbouw en afkeuren), gebaseerd op de Eurocodes; toepassing op 3 niveaus incl. afkeurniveau; serie met NEN 8701 (belastingen) en NEN 8707 (geotechniek).",Nachweis is required/backed by this rule,,0.9
nf_zustands_und_massaufnahme,GESTUETZT_AUF_REGELWERK,rw_nen_8700,rule_documented,https://www.nen.nl/bouw/constructieve-veiligheid/constructieve-veiligheid-bestaande-bouw,"NEN 8700 bevat de grondslagen voor de beoordeling van constructieve veiligheid van bestaande bouwwerken (verbouw en afkeuren), gebaseerd op de Eurocodes; toepassing op 3 niveaus incl. afkeurniveau; serie met NEN 8701 (belastingen) en NEN 8707 (geotechniek).",Nachweis is required/backed by this rule,,0.9
rw_vkf_bsv,GILT_IN_LAND,land_schweiz,rule_documented,https://www.bsvonline.ch/de,Die landesweit gueltigen VKF-Brandschutzvorschriften bilden die rechtliche Grundlage; Baustoffe werden nach Brandverhalten in Klassen A1-E (RF1-RF3) eingeteilt; Bauteile nach Feuerwiderstand R 30-R 240 sowie E/EI; Rauchklassen 1-3.,jurisdiction of the rule,,0.85
nf_brandschutznachweis,GESTUETZT_AUF_REGELWERK,rw_vkf_bsv,rule_documented,https://www.bsvonline.ch/de,Die landesweit gueltigen VKF-Brandschutzvorschriften bilden die rechtliche Grundlage; Baustoffe werden nach Brandverhalten in Klassen A1-E (RF1-RF3) eingeteilt; Bauteile nach Feuerwiderstand R 30-R 240 sowie E/EI; Rauchklassen 1-3.,Nachweis is required/backed by this rule,,0.85
rw_uk_adb,GILT_IN_LAND,land_vereinigtes_koenigreich,rule_documented,https://www.planningportal.co.uk/applications/building-control-applications/building-control/approved-documents/part-b-fire-safety/,Approved Document B (fire safety) covers B1-B5 incl. B3 internal fire spread (structure: reasonable structural fire resistance and compartmentation); states which materials may be used and which BS standards they must conform to.,jurisdiction of the rule,,0.8
nf_brandschutznachweis,GESTUETZT_AUF_REGELWERK,rw_uk_adb,rule_documented,https://www.planningportal.co.uk/applications/building-control-applications/building-control/approved-documents/part-b-fire-safety/,Approved Document B (fire safety) covers B1-B5 incl. B3 internal fire spread (structure: reasonable structural fire resistance and compartmentation); states which materials may be used and which BS standards they must conform to.,Nachweis is required/backed by this rule,,0.8
rf_tragwerkssicherheit_frage,ERFORDERT_NACHWEIS,nf_brandschutznachweis,rule_documented,https://www.planningportal.co.uk/applications/building-control-applications/building-control/approved-documents/part-b-fire-safety/,Approved Document B (fire safety) covers B1-B5 incl. B3 internal fire spread (structure: reasonable structural fire resistance and compartmentation); states which materials may be used and which BS standards they must conform to.,question answered via rw_uk_adb,,0.8
rw_sia_269_2,GILT_IN_LAND,land_schweiz,rule_documented,https://cms.sia.ch/de/api/getMedia/715,"SIA 269/2 gilt fuer die Erhaltung von Stahlbeton-/Spannbeton-/unbewehrten Betontragwerken im Bestand; Tragwerksanalyse mit Nachweiswerten fuer Beton, Bewehrungs- und Spannstahl, die aus Bauwerksakten oder durch Pruefung am Bestand ermittelt werden.",jurisdiction of the rule,,0.85
nf_standsicherheitsnachweis,GESTUETZT_AUF_REGELWERK,rw_sia_269_2,rule_documented,https://cms.sia.ch/de/api/getMedia/715,"SIA 269/2 gilt fuer die Erhaltung von Stahlbeton-/Spannbeton-/unbewehrten Betontragwerken im Bestand; Tragwerksanalyse mit Nachweiswerten fuer Beton, Bewehrungs- und Spannstahl, die aus Bauwerksakten oder durch Pruefung am Bestand ermittelt werden.",Nachweis is required/backed by this rule,,0.85
nf_materialpruefung,GESTUETZT_AUF_REGELWERK,rw_sia_269_2,rule_documented,https://cms.sia.ch/de/api/getMedia/715,"SIA 269/2 gilt fuer die Erhaltung von Stahlbeton-/Spannbeton-/unbewehrten Betontragwerken im Bestand; Tragwerksanalyse mit Nachweiswerten fuer Beton, Bewehrungs- und Spannstahl, die aus Bauwerksakten oder durch Pruefung am Bestand ermittelt werden.",Nachweis is required/backed by this rule,,0.85
nf_zustands_und_massaufnahme,GESTUETZT_AUF_REGELWERK,rw_sia_269_2,rule_documented,https://cms.sia.ch/de/api/getMedia/715,"SIA 269/2 gilt fuer die Erhaltung von Stahlbeton-/Spannbeton-/unbewehrten Betontragwerken im Bestand; Tragwerksanalyse mit Nachweiswerten fuer Beton, Bewehrungs- und Spannstahl, die aus Bauwerksakten oder durch Pruefung am Bestand ermittelt werden.",Nachweis is required/backed by this rule,,0.85
rw_sia_269_2,BETRIFFT_MATERIAL,mat_beton,rule_documented,https://cms.sia.ch/de/api/getMedia/715,"SIA 269/2 gilt fuer die Erhaltung von Stahlbeton-/Spannbeton-/unbewehrten Betontragwerken im Bestand; Tragwerksanalyse mit Nachweiswerten fuer Beton, Bewehrungs- und Spannstahl, die aus Bauwerksakten oder durch Pruefung am Bestand ermittelt werden.",rule governs/assesses this material for reuse,,0.85
rw_sia_269_2,BETRIFFT_MATERIAL,mat_stahlbeton,rule_documented,https://cms.sia.ch/de/api/getMedia/715,"SIA 269/2 gilt fuer die Erhaltung von Stahlbeton-/Spannbeton-/unbewehrten Betontragwerken im Bestand; Tragwerksanalyse mit Nachweiswerten fuer Beton, Bewehrungs- und Spannstahl, die aus Bauwerksakten oder durch Pruefung am Bestand ermittelt werden.",rule governs/assesses this material for reuse,,0.85
rw_istructe_reuse,GILT_IN_LAND,land_vereinigtes_koenigreich,rule_documented,https://www.istructe.org/resources/guidance/circular-economy/,"IStructE guidance for safe/sustainable reuse of existing structures: 'reuse hierarchy' prioritises retention, repair and refurbishment over invasive intervention; 'Verification of existing building structures' covers appraisal/testing for reuse.",jurisdiction of the rule,,0.8
nf_standsicherheitsnachweis,GESTUETZT_AUF_REGELWERK,rw_istructe_reuse,rule_documented,https://www.istructe.org/resources/guidance/circular-economy/,"IStructE guidance for safe/sustainable reuse of existing structures: 'reuse hierarchy' prioritises retention, repair and refurbishment over invasive intervention; 'Verification of existing building structures' covers appraisal/testing for reuse.",Nachweis is required/backed by this rule,,0.8
nf_zustands_und_massaufnahme,GESTUETZT_AUF_REGELWERK,rw_istructe_reuse,rule_documented,https://www.istructe.org/resources/guidance/circular-economy/,"IStructE guidance for safe/sustainable reuse of existing structures: 'reuse hierarchy' prioritises retention, repair and refurbishment over invasive intervention; 'Verification of existing building structures' covers appraisal/testing for reuse.",Nachweis is required/backed by this rule,,0.8
rf_reusedokumentationfrage,ERFORDERT_NACHWEIS,nf_standsicherheitsnachweis,rule_documented,https://www.istructe.org/resources/guidance/circular-economy/,"IStructE guidance for safe/sustainable reuse of existing structures: 'reuse hierarchy' prioritises retention, repair and refurbishment over invasive intervention; 'Verification of existing building structures' covers appraisal/testing for reuse.",question answered via rw_istructe_reuse,,0.8
rw_agbb_voc,GILT_IN_LAND,land_deutschland,rule_documented,https://www.umweltbundesamt.de/system/files/medien/4031/dokumente/agbb_bewertungsschema_2024.pdf,"AgBB-Bewertungsschema bewertet VOC-Emissionen aus Bauprodukten fuer Innenraeume (TVOC-Konzept C6-C16, plus VVOC/SVOC); Bauprodukte muessen neben technischen auch gesundheitsbezogenen Anforderungen genuegen; Pruefung nach DIN EN 16516.",jurisdiction of the rule,,0.85
nf_voc_emissionsnachweis,GESTUETZT_AUF_REGELWERK,rw_agbb_voc,rule_documented,https://www.umweltbundesamt.de/system/files/medien/4031/dokumente/agbb_bewertungsschema_2024.pdf,"AgBB-Bewertungsschema bewertet VOC-Emissionen aus Bauprodukten fuer Innenraeume (TVOC-Konzept C6-C16, plus VVOC/SVOC); Bauprodukte muessen neben technischen auch gesundheitsbezogenen Anforderungen genuegen; Pruefung nach DIN EN 16516.",Nachweis is required/backed by this rule,,0.85
nf_formaldehyd_oder_emissionsnachweis,GESTUETZT_AUF_REGELWERK,rw_agbb_voc,rule_documented,https://www.umweltbundesamt.de/system/files/medien/4031/dokumente/agbb_bewertungsschema_2024.pdf,"AgBB-Bewertungsschema bewertet VOC-Emissionen aus Bauprodukten fuer Innenraeume (TVOC-Konzept C6-C16, plus VVOC/SVOC); Bauprodukte muessen neben technischen auch gesundheitsbezogenen Anforderungen genuegen; Pruefung nach DIN EN 16516.",Nachweis is required/backed by this rule,,0.85
rf_schadstoff_frage,ERFORDERT_NACHWEIS,nf_voc_emissionsnachweis,rule_documented,https://www.umweltbundesamt.de/system/files/medien/4031/dokumente/agbb_bewertungsschema_2024.pdf,"AgBB-Bewertungsschema bewertet VOC-Emissionen aus Bauprodukten fuer Innenraeume (TVOC-Konzept C6-C16, plus VVOC/SVOC); Bauprodukte muessen neben technischen auch gesundheitsbezogenen Anforderungen genuegen; Pruefung nach DIN EN 16516.",question answered via rw_agbb_voc,,0.85
rw_vdi_3492,GILT_IN_LAND,land_deutschland,rule_documented,https://www.vdi.de/richtlinien/details/vdi-3492-messen-von-innenraumluftverunreinigungen-messen-von-immissionen-messen-anorganischer-faserfoermiger-partikel-rasterelektronenmikroskopisches-verfahren,"VDI 3492: einheitliches Verfahren zur Bestimmung der Anzahlkonzentration anorganischer Faserpartikel in Innen-/Aussenluft und Zuordnung zu Faserklassen (Chrysotil, Amphibolasbest u.a.) mittels REM/EDXA; Nachweisgrenze < 300 Fasern/m3.",jurisdiction of the rule,,0.85
nf_asbest_check,GESTUETZT_AUF_REGELWERK,rw_vdi_3492,rule_documented,https://www.vdi.de/richtlinien/details/vdi-3492-messen-von-innenraumluftverunreinigungen-messen-von-immissionen-messen-anorganischer-faserfoermiger-partikel-rasterelektronenmikroskopisches-verfahren,"VDI 3492: einheitliches Verfahren zur Bestimmung der Anzahlkonzentration anorganischer Faserpartikel in Innen-/Aussenluft und Zuordnung zu Faserklassen (Chrysotil, Amphibolasbest u.a.) mittels REM/EDXA; Nachweisgrenze < 300 Fasern/m3.",Nachweis is required/backed by this rule,,0.85
nf_kmf_check,GESTUETZT_AUF_REGELWERK,rw_vdi_3492,rule_documented,https://www.vdi.de/richtlinien/details/vdi-3492-messen-von-innenraumluftverunreinigungen-messen-von-immissionen-messen-anorganischer-faserfoermiger-partikel-rasterelektronenmikroskopisches-verfahren,"VDI 3492: einheitliches Verfahren zur Bestimmung der Anzahlkonzentration anorganischer Faserpartikel in Innen-/Aussenluft und Zuordnung zu Faserklassen (Chrysotil, Amphibolasbest u.a.) mittels REM/EDXA; Nachweisgrenze < 300 Fasern/m3.",Nachweis is required/backed by this rule,,0.85
rw_uba_schimmelleitfaden,GILT_IN_LAND,land_deutschland,rule_documented,https://www.umweltbundesamt.de/themen/gesundheit/umwelteinfluesse-auf-den-menschen/schimmel/aktueller-uba-schimmelleitfaden,"UBA-Schimmelleitfaden (2017): 'Schimmel' = mikrobieller Befall bei Feuchteschaeden (Schimmelpilze, Hefen, Bakterien); drei Kategorien zur Einstufung der Materialbelastung; Vorbeugung, Erfassung und Sanierung von Schimmelbefall.",jurisdiction of the rule,,0.85
nf_mikrobielle_belastung_check,GESTUETZT_AUF_REGELWERK,rw_uba_schimmelleitfaden,rule_documented,https://www.umweltbundesamt.de/themen/gesundheit/umwelteinfluesse-auf-den-menschen/schimmel/aktueller-uba-schimmelleitfaden,"UBA-Schimmelleitfaden (2017): 'Schimmel' = mikrobieller Befall bei Feuchteschaeden (Schimmelpilze, Hefen, Bakterien); drei Kategorien zur Einstufung der Materialbelastung; Vorbeugung, Erfassung und Sanierung von Schimmelbefall.",Nachweis is required/backed by this rule,,0.85
rf_schadstoff_frage,ERFORDERT_NACHWEIS,nf_mikrobielle_belastung_check,rule_documented,https://www.umweltbundesamt.de/themen/gesundheit/umwelteinfluesse-auf-den-menschen/schimmel/aktueller-uba-schimmelleitfaden,"UBA-Schimmelleitfaden (2017): 'Schimmel' = mikrobieller Befall bei Feuchteschaeden (Schimmelpilze, Hefen, Bakterien); drei Kategorien zur Einstufung der Materialbelastung; Vorbeugung, Erfassung und Sanierung von Schimmelbefall.",question answered via rw_uba_schimmelleitfaden,,0.85
rw_gewabfv,GILT_IN_LAND,land_deutschland,rule_documented,https://www.gesetze-im-internet.de/gewabfv_2017/BJNR089600017.html,GewAbfV §8: Erzeuger/Besitzer von Bau- und Abbruchabfaellen haben Fraktionen getrennt zu sammeln und vorrangig der Vorbereitung zur Wiederverwendung oder dem Recycling zuzufuehren; Getrennthaltung ist zu dokumentieren; bei Ausnahmen Vorbehandlung/Aufbereitung.,jurisdiction of the rule,,0.85
nf_herkunfts_und_rueckbaudokumentation,GESTUETZT_AUF_REGELWERK,rw_gewabfv,rule_documented,https://www.gesetze-im-internet.de/gewabfv_2017/BJNR089600017.html,GewAbfV §8: Erzeuger/Besitzer von Bau- und Abbruchabfaellen haben Fraktionen getrennt zu sammeln und vorrangig der Vorbereitung zur Wiederverwendung oder dem Recycling zuzufuehren; Getrennthaltung ist zu dokumentieren; bei Ausnahmen Vorbehandlung/Aufbereitung.,Nachweis is required/backed by this rule,,0.85
rw_eu_cdw_protocol,GILT_IN_LAND,land_deutschland,rule_documented,https://op.europa.eu/en/publication-detail/-/publication/d63d5a8f-64e8-11ef-a8ba-01aa75ed71a1/language-en,"EU C&D Waste Management Protocol (2024) incl. guidelines for pre-demolition/pre-renovation audits: desk study, site survey, sampling/testing to identify re-use potentials, hazardous substances, waste quantities and streams; selective demolition; the waste hierarchy is the compass.",EU-wide regulation,,0.85
rw_eu_cdw_protocol,GILT_IN_LAND,land_oesterreich,comparative_only,https://op.europa.eu/en/publication-detail/-/publication/d63d5a8f-64e8-11ef-a8ba-01aa75ed71a1/language-en,"EU C&D Waste Management Protocol (2024) incl. guidelines for pre-demolition/pre-renovation audits: desk study, site survey, sampling/testing to identify re-use potentials, hazardous substances, waste quantities and streams; selective demolition; the waste hierarchy is the compass.",EU-wide regulation,,0.85
rw_eu_cdw_protocol,GILT_IN_LAND,land_belgien,comparative_only,https://op.europa.eu/en/publication-detail/-/publication/d63d5a8f-64e8-11ef-a8ba-01aa75ed71a1/language-en,"EU C&D Waste Management Protocol (2024) incl. guidelines for pre-demolition/pre-renovation audits: desk study, site survey, sampling/testing to identify re-use potentials, hazardous substances, waste quantities and streams; selective demolition; the waste hierarchy is the compass.",EU-wide regulation,,0.85
rw_eu_cdw_protocol,GILT_IN_LAND,land_niederlande,comparative_only,https://op.europa.eu/en/publication-detail/-/publication/d63d5a8f-64e8-11ef-a8ba-01aa75ed71a1/language-en,"EU C&D Waste Management Protocol (2024) incl. guidelines for pre-demolition/pre-renovation audits: desk study, site survey, sampling/testing to identify re-use potentials, hazardous substances, waste quantities and streams; selective demolition; the waste hierarchy is the compass.",EU-wide regulation,,0.85
rw_eu_cdw_protocol,GILT_IN_LAND,land_frankreich,comparative_only,https://op.europa.eu/en/publication-detail/-/publication/d63d5a8f-64e8-11ef-a8ba-01aa75ed71a1/language-en,"EU C&D Waste Management Protocol (2024) incl. guidelines for pre-demolition/pre-renovation audits: desk study, site survey, sampling/testing to identify re-use potentials, hazardous substances, waste quantities and streams; selective demolition; the waste hierarchy is the compass.",EU-wide regulation,,0.85
rw_eu_cdw_protocol,GILT_IN_LAND,land_daenemark,comparative_only,https://op.europa.eu/en/publication-detail/-/publication/d63d5a8f-64e8-11ef-a8ba-01aa75ed71a1/language-en,"EU C&D Waste Management Protocol (2024) incl. guidelines for pre-demolition/pre-renovation audits: desk study, site survey, sampling/testing to identify re-use potentials, hazardous substances, waste quantities and streams; selective demolition; the waste hierarchy is the compass.",EU-wide regulation,,0.85
rw_eu_cdw_protocol,GILT_IN_LAND,land_norwegen,comparative_only,https://op.europa.eu/en/publication-detail/-/publication/d63d5a8f-64e8-11ef-a8ba-01aa75ed71a1/language-en,"EU C&D Waste Management Protocol (2024) incl. guidelines for pre-demolition/pre-renovation audits: desk study, site survey, sampling/testing to identify re-use potentials, hazardous substances, waste quantities and streams; selective demolition; the waste hierarchy is the compass.",EU-wide regulation,,0.85
nf_bauteilidentifikation,GESTUETZT_AUF_REGELWERK,rw_eu_cdw_protocol,rule_documented,https://op.europa.eu/en/publication-detail/-/publication/d63d5a8f-64e8-11ef-a8ba-01aa75ed71a1/language-en,"EU C&D Waste Management Protocol (2024) incl. guidelines for pre-demolition/pre-renovation audits: desk study, site survey, sampling/testing to identify re-use potentials, hazardous substances, waste quantities and streams; selective demolition; the waste hierarchy is the compass.",Nachweis is required/backed by this rule,,0.85
nf_herkunfts_und_rueckbaudokumentation,GESTUETZT_AUF_REGELWERK,rw_eu_cdw_protocol,rule_documented,https://op.europa.eu/en/publication-detail/-/publication/d63d5a8f-64e8-11ef-a8ba-01aa75ed71a1/language-en,"EU C&D Waste Management Protocol (2024) incl. guidelines for pre-demolition/pre-renovation audits: desk study, site survey, sampling/testing to identify re-use potentials, hazardous substances, waste quantities and streams; selective demolition; the waste hierarchy is the compass.",Nachweis is required/backed by this rule,,0.85
nf_schadstoffkataster_erkundung,GESTUETZT_AUF_REGELWERK,rw_eu_cdw_protocol,rule_documented,https://op.europa.eu/en/publication-detail/-/publication/d63d5a8f-64e8-11ef-a8ba-01aa75ed71a1/language-en,"EU C&D Waste Management Protocol (2024) incl. guidelines for pre-demolition/pre-renovation audits: desk study, site survey, sampling/testing to identify re-use potentials, hazardous substances, waste quantities and streams; selective demolition; the waste hierarchy is the compass.",Nachweis is required/backed by this rule,,0.85
rf_schadstoff_frage,ERFORDERT_NACHWEIS,nf_bauteilidentifikation,rule_documented,https://op.europa.eu/en/publication-detail/-/publication/d63d5a8f-64e8-11ef-a8ba-01aa75ed71a1/language-en,"EU C&D Waste Management Protocol (2024) incl. guidelines for pre-demolition/pre-renovation audits: desk study, site survey, sampling/testing to identify re-use potentials, hazardous substances, waste quantities and streams; selective demolition; the waste hierarchy is the compass.",question answered via rw_eu_cdw_protocol,,0.85
rw_en_13791_12504,GILT_IN_LAND,land_deutschland,rule_documented,https://standards.iteh.ai/catalog/standards/cen/3209bcc7-df9a-4eb2-904d-e690e79b7452/en-13791-2019,"EN 13791 assesses in-situ compressive strength of concrete from cores (EN 12504-1) and indirect methods (rebound hammer EN 12504-2, UPV); characteristic in-situ strength per EN 13791:2019 §8.3 needs min. 3 cores per indirect test point.",EU-wide regulation,,0.85
rw_en_13791_12504,GILT_IN_LAND,land_oesterreich,comparative_only,https://standards.iteh.ai/catalog/standards/cen/3209bcc7-df9a-4eb2-904d-e690e79b7452/en-13791-2019,"EN 13791 assesses in-situ compressive strength of concrete from cores (EN 12504-1) and indirect methods (rebound hammer EN 12504-2, UPV); characteristic in-situ strength per EN 13791:2019 §8.3 needs min. 3 cores per indirect test point.",EU-wide regulation,,0.85
rw_en_13791_12504,GILT_IN_LAND,land_belgien,comparative_only,https://standards.iteh.ai/catalog/standards/cen/3209bcc7-df9a-4eb2-904d-e690e79b7452/en-13791-2019,"EN 13791 assesses in-situ compressive strength of concrete from cores (EN 12504-1) and indirect methods (rebound hammer EN 12504-2, UPV); characteristic in-situ strength per EN 13791:2019 §8.3 needs min. 3 cores per indirect test point.",EU-wide regulation,,0.85
rw_en_13791_12504,GILT_IN_LAND,land_niederlande,comparative_only,https://standards.iteh.ai/catalog/standards/cen/3209bcc7-df9a-4eb2-904d-e690e79b7452/en-13791-2019,"EN 13791 assesses in-situ compressive strength of concrete from cores (EN 12504-1) and indirect methods (rebound hammer EN 12504-2, UPV); characteristic in-situ strength per EN 13791:2019 §8.3 needs min. 3 cores per indirect test point.",EU-wide regulation,,0.85
rw_en_13791_12504,GILT_IN_LAND,land_frankreich,comparative_only,https://standards.iteh.ai/catalog/standards/cen/3209bcc7-df9a-4eb2-904d-e690e79b7452/en-13791-2019,"EN 13791 assesses in-situ compressive strength of concrete from cores (EN 12504-1) and indirect methods (rebound hammer EN 12504-2, UPV); characteristic in-situ strength per EN 13791:2019 §8.3 needs min. 3 cores per indirect test point.",EU-wide regulation,,0.85
rw_en_13791_12504,GILT_IN_LAND,land_daenemark,comparative_only,https://standards.iteh.ai/catalog/standards/cen/3209bcc7-df9a-4eb2-904d-e690e79b7452/en-13791-2019,"EN 13791 assesses in-situ compressive strength of concrete from cores (EN 12504-1) and indirect methods (rebound hammer EN 12504-2, UPV); characteristic in-situ strength per EN 13791:2019 §8.3 needs min. 3 cores per indirect test point.",EU-wide regulation,,0.85
rw_en_13791_12504,GILT_IN_LAND,land_norwegen,comparative_only,https://standards.iteh.ai/catalog/standards/cen/3209bcc7-df9a-4eb2-904d-e690e79b7452/en-13791-2019,"EN 13791 assesses in-situ compressive strength of concrete from cores (EN 12504-1) and indirect methods (rebound hammer EN 12504-2, UPV); characteristic in-situ strength per EN 13791:2019 §8.3 needs min. 3 cores per indirect test point.",EU-wide regulation,,0.85
nf_materialpruefung,GESTUETZT_AUF_REGELWERK,rw_en_13791_12504,rule_documented,https://standards.iteh.ai/catalog/standards/cen/3209bcc7-df9a-4eb2-904d-e690e79b7452/en-13791-2019,"EN 13791 assesses in-situ compressive strength of concrete from cores (EN 12504-1) and indirect methods (rebound hammer EN 12504-2, UPV); characteristic in-situ strength per EN 13791:2019 §8.3 needs min. 3 cores per indirect test point.",Nachweis is required/backed by this rule,,0.85
nf_standsicherheitsnachweis,GESTUETZT_AUF_REGELWERK,rw_en_13791_12504,rule_documented,https://standards.iteh.ai/catalog/standards/cen/3209bcc7-df9a-4eb2-904d-e690e79b7452/en-13791-2019,"EN 13791 assesses in-situ compressive strength of concrete from cores (EN 12504-1) and indirect methods (rebound hammer EN 12504-2, UPV); characteristic in-situ strength per EN 13791:2019 §8.3 needs min. 3 cores per indirect test point.",Nachweis is required/backed by this rule,,0.85
rw_en_13791_12504,BETRIFFT_MATERIAL,mat_beton,rule_documented,https://standards.iteh.ai/catalog/standards/cen/3209bcc7-df9a-4eb2-904d-e690e79b7452/en-13791-2019,"EN 13791 assesses in-situ compressive strength of concrete from cores (EN 12504-1) and indirect methods (rebound hammer EN 12504-2, UPV); characteristic in-situ strength per EN 13791:2019 §8.3 needs min. 3 cores per indirect test point.",rule governs/assesses this material for reuse,,0.85
rw_en_13791_12504,BETRIFFT_MATERIAL,mat_stahlbeton,rule_documented,https://standards.iteh.ai/catalog/standards/cen/3209bcc7-df9a-4eb2-904d-e690e79b7452/en-13791-2019,"EN 13791 assesses in-situ compressive strength of concrete from cores (EN 12504-1) and indirect methods (rebound hammer EN 12504-2, UPV); characteristic in-situ strength per EN 13791:2019 §8.3 needs min. 3 cores per indirect test point.",rule governs/assesses this material for reuse,,0.85
rw_en_iso_6892,GILT_IN_LAND,land_deutschland,rule_documented,https://www.iso.org/standard/78322.html,"EN ISO 6892-1: uniaxialer Zugversuch metallischer Werkstoffe bei Raumtemperatur; bestimmt Streckgrenze/Dehngrenze, Zugfestigkeit und Bruchdehnung - die Kennwerte, die fuer die (Re-)Zertifizierung von reclaimed steel (SCI P427, NTA 8713, CEN/TS 1090-201) benoetigt werden.",EU-wide regulation,,0.85
rw_en_iso_6892,GILT_IN_LAND,land_oesterreich,comparative_only,https://www.iso.org/standard/78322.html,"EN ISO 6892-1: uniaxialer Zugversuch metallischer Werkstoffe bei Raumtemperatur; bestimmt Streckgrenze/Dehngrenze, Zugfestigkeit und Bruchdehnung - die Kennwerte, die fuer die (Re-)Zertifizierung von reclaimed steel (SCI P427, NTA 8713, CEN/TS 1090-201) benoetigt werden.",EU-wide regulation,,0.85
rw_en_iso_6892,GILT_IN_LAND,land_belgien,comparative_only,https://www.iso.org/standard/78322.html,"EN ISO 6892-1: uniaxialer Zugversuch metallischer Werkstoffe bei Raumtemperatur; bestimmt Streckgrenze/Dehngrenze, Zugfestigkeit und Bruchdehnung - die Kennwerte, die fuer die (Re-)Zertifizierung von reclaimed steel (SCI P427, NTA 8713, CEN/TS 1090-201) benoetigt werden.",EU-wide regulation,,0.85
rw_en_iso_6892,GILT_IN_LAND,land_niederlande,comparative_only,https://www.iso.org/standard/78322.html,"EN ISO 6892-1: uniaxialer Zugversuch metallischer Werkstoffe bei Raumtemperatur; bestimmt Streckgrenze/Dehngrenze, Zugfestigkeit und Bruchdehnung - die Kennwerte, die fuer die (Re-)Zertifizierung von reclaimed steel (SCI P427, NTA 8713, CEN/TS 1090-201) benoetigt werden.",EU-wide regulation,,0.85
rw_en_iso_6892,GILT_IN_LAND,land_frankreich,comparative_only,https://www.iso.org/standard/78322.html,"EN ISO 6892-1: uniaxialer Zugversuch metallischer Werkstoffe bei Raumtemperatur; bestimmt Streckgrenze/Dehngrenze, Zugfestigkeit und Bruchdehnung - die Kennwerte, die fuer die (Re-)Zertifizierung von reclaimed steel (SCI P427, NTA 8713, CEN/TS 1090-201) benoetigt werden.",EU-wide regulation,,0.85
rw_en_iso_6892,GILT_IN_LAND,land_daenemark,comparative_only,https://www.iso.org/standard/78322.html,"EN ISO 6892-1: uniaxialer Zugversuch metallischer Werkstoffe bei Raumtemperatur; bestimmt Streckgrenze/Dehngrenze, Zugfestigkeit und Bruchdehnung - die Kennwerte, die fuer die (Re-)Zertifizierung von reclaimed steel (SCI P427, NTA 8713, CEN/TS 1090-201) benoetigt werden.",EU-wide regulation,,0.85
rw_en_iso_6892,GILT_IN_LAND,land_norwegen,comparative_only,https://www.iso.org/standard/78322.html,"EN ISO 6892-1: uniaxialer Zugversuch metallischer Werkstoffe bei Raumtemperatur; bestimmt Streckgrenze/Dehngrenze, Zugfestigkeit und Bruchdehnung - die Kennwerte, die fuer die (Re-)Zertifizierung von reclaimed steel (SCI P427, NTA 8713, CEN/TS 1090-201) benoetigt werden.",EU-wide regulation,,0.85
nf_materialpruefung,GESTUETZT_AUF_REGELWERK,rw_en_iso_6892,rule_documented,https://www.iso.org/standard/78322.html,"EN ISO 6892-1: uniaxialer Zugversuch metallischer Werkstoffe bei Raumtemperatur; bestimmt Streckgrenze/Dehngrenze, Zugfestigkeit und Bruchdehnung - die Kennwerte, die fuer die (Re-)Zertifizierung von reclaimed steel (SCI P427, NTA 8713, CEN/TS 1090-201) benoetigt werden.",Nachweis is required/backed by this rule,,0.85
rw_en_iso_6892,BETRIFFT_MATERIAL,mat_stahl,rule_documented,https://www.iso.org/standard/78322.html,"EN ISO 6892-1: uniaxialer Zugversuch metallischer Werkstoffe bei Raumtemperatur; bestimmt Streckgrenze/Dehngrenze, Zugfestigkeit und Bruchdehnung - die Kennwerte, die fuer die (Re-)Zertifizierung von reclaimed steel (SCI P427, NTA 8713, CEN/TS 1090-201) benoetigt werden.",rule governs/assesses this material for reuse,,0.85
rw_en_iso_6892,BETRIFFT_MATERIAL,mat_aluminium,rule_documented,https://www.iso.org/standard/78322.html,"EN ISO 6892-1: uniaxialer Zugversuch metallischer Werkstoffe bei Raumtemperatur; bestimmt Streckgrenze/Dehngrenze, Zugfestigkeit und Bruchdehnung - die Kennwerte, die fuer die (Re-)Zertifizierung von reclaimed steel (SCI P427, NTA 8713, CEN/TS 1090-201) benoetigt werden.",rule governs/assesses this material for reuse,,0.85
rw_en_iso_6892,BETRIFFT_MATERIAL,mat_gusseisen,rule_documented,https://www.iso.org/standard/78322.html,"EN ISO 6892-1: uniaxialer Zugversuch metallischer Werkstoffe bei Raumtemperatur; bestimmt Streckgrenze/Dehngrenze, Zugfestigkeit und Bruchdehnung - die Kennwerte, die fuer die (Re-)Zertifizierung von reclaimed steel (SCI P427, NTA 8713, CEN/TS 1090-201) benoetigt werden.",rule governs/assesses this material for reuse,,0.85
rw_vob_c_din_18459,GILT_IN_LAND,land_deutschland,rule_documented,https://www.deutscher-abbruchverband.de/publikationen/handlungshilfen-downloads/atv-din-18459/,"ATV DIN 18459 (VOB/C) gilt fuer Abbruch-/Rueckbauarbeiten inkl. Foerderung, Lagerung und Verladung zurueckgewonnener Stoffe und Bauteile; Auftraggeber muss in der Leistungsbeschreibung moegliche Kontaminationen angeben.",jurisdiction of the rule,,0.85
nf_herkunfts_und_rueckbaudokumentation,GESTUETZT_AUF_REGELWERK,rw_vob_c_din_18459,rule_documented,https://www.deutscher-abbruchverband.de/publikationen/handlungshilfen-downloads/atv-din-18459/,"ATV DIN 18459 (VOB/C) gilt fuer Abbruch-/Rueckbauarbeiten inkl. Foerderung, Lagerung und Verladung zurueckgewonnener Stoffe und Bauteile; Auftraggeber muss in der Leistungsbeschreibung moegliche Kontaminationen angeben.",Nachweis is required/backed by this rule,,0.85
nf_schadstoffkataster_erkundung,GESTUETZT_AUF_REGELWERK,rw_vob_c_din_18459,rule_documented,https://www.deutscher-abbruchverband.de/publikationen/handlungshilfen-downloads/atv-din-18459/,"ATV DIN 18459 (VOB/C) gilt fuer Abbruch-/Rueckbauarbeiten inkl. Foerderung, Lagerung und Verladung zurueckgewonnener Stoffe und Bauteile; Auftraggeber muss in der Leistungsbeschreibung moegliche Kontaminationen angeben.",Nachweis is required/backed by this rule,,0.85
rf_haftung_gewaehrleistung_frage,ERFORDERT_NACHWEIS,nf_schadstoffkataster_erkundung,rule_documented,https://www.deutscher-abbruchverband.de/publikationen/handlungshilfen-downloads/atv-din-18459/,"ATV DIN 18459 (VOB/C) gilt fuer Abbruch-/Rueckbauarbeiten inkl. Foerderung, Lagerung und Verladung zurueckgewonnener Stoffe und Bauteile; Auftraggeber muss in der Leistungsbeschreibung moegliche Kontaminationen angeben.",question answered via rw_vob_c_din_18459,,0.85
rw_en_408,GILT_IN_LAND,land_deutschland,rule_documented,https://www.dinmedia.de/en/standard/din-en-408/126881788,"EN 408 legt Pruefverfahren fuer Bau- und Brettschichtholz fest (Biege-E-Modul, Schubmodul, Biegefestigkeit, Zug-/Druckfestigkeit parallel/senkrecht zur Faser, Dichte, Feuchte) - Grundlage fuer die Bewertung wiederverwendeten Holzes.",EU-wide regulation,,0.85
rw_en_408,GILT_IN_LAND,land_oesterreich,comparative_only,https://www.dinmedia.de/en/standard/din-en-408/126881788,"EN 408 legt Pruefverfahren fuer Bau- und Brettschichtholz fest (Biege-E-Modul, Schubmodul, Biegefestigkeit, Zug-/Druckfestigkeit parallel/senkrecht zur Faser, Dichte, Feuchte) - Grundlage fuer die Bewertung wiederverwendeten Holzes.",EU-wide regulation,,0.85
rw_en_408,GILT_IN_LAND,land_belgien,comparative_only,https://www.dinmedia.de/en/standard/din-en-408/126881788,"EN 408 legt Pruefverfahren fuer Bau- und Brettschichtholz fest (Biege-E-Modul, Schubmodul, Biegefestigkeit, Zug-/Druckfestigkeit parallel/senkrecht zur Faser, Dichte, Feuchte) - Grundlage fuer die Bewertung wiederverwendeten Holzes.",EU-wide regulation,,0.85
rw_en_408,GILT_IN_LAND,land_niederlande,comparative_only,https://www.dinmedia.de/en/standard/din-en-408/126881788,"EN 408 legt Pruefverfahren fuer Bau- und Brettschichtholz fest (Biege-E-Modul, Schubmodul, Biegefestigkeit, Zug-/Druckfestigkeit parallel/senkrecht zur Faser, Dichte, Feuchte) - Grundlage fuer die Bewertung wiederverwendeten Holzes.",EU-wide regulation,,0.85
rw_en_408,GILT_IN_LAND,land_frankreich,comparative_only,https://www.dinmedia.de/en/standard/din-en-408/126881788,"EN 408 legt Pruefverfahren fuer Bau- und Brettschichtholz fest (Biege-E-Modul, Schubmodul, Biegefestigkeit, Zug-/Druckfestigkeit parallel/senkrecht zur Faser, Dichte, Feuchte) - Grundlage fuer die Bewertung wiederverwendeten Holzes.",EU-wide regulation,,0.85
rw_en_408,GILT_IN_LAND,land_daenemark,comparative_only,https://www.dinmedia.de/en/standard/din-en-408/126881788,"EN 408 legt Pruefverfahren fuer Bau- und Brettschichtholz fest (Biege-E-Modul, Schubmodul, Biegefestigkeit, Zug-/Druckfestigkeit parallel/senkrecht zur Faser, Dichte, Feuchte) - Grundlage fuer die Bewertung wiederverwendeten Holzes.",EU-wide regulation,,0.85
rw_en_408,GILT_IN_LAND,land_norwegen,comparative_only,https://www.dinmedia.de/en/standard/din-en-408/126881788,"EN 408 legt Pruefverfahren fuer Bau- und Brettschichtholz fest (Biege-E-Modul, Schubmodul, Biegefestigkeit, Zug-/Druckfestigkeit parallel/senkrecht zur Faser, Dichte, Feuchte) - Grundlage fuer die Bewertung wiederverwendeten Holzes.",EU-wide regulation,,0.85
nf_materialpruefung,GESTUETZT_AUF_REGELWERK,rw_en_408,rule_documented,https://www.dinmedia.de/en/standard/din-en-408/126881788,"EN 408 legt Pruefverfahren fuer Bau- und Brettschichtholz fest (Biege-E-Modul, Schubmodul, Biegefestigkeit, Zug-/Druckfestigkeit parallel/senkrecht zur Faser, Dichte, Feuchte) - Grundlage fuer die Bewertung wiederverwendeten Holzes.",Nachweis is required/backed by this rule,,0.85
nf_standsicherheitsnachweis,GESTUETZT_AUF_REGELWERK,rw_en_408,rule_documented,https://www.dinmedia.de/en/standard/din-en-408/126881788,"EN 408 legt Pruefverfahren fuer Bau- und Brettschichtholz fest (Biege-E-Modul, Schubmodul, Biegefestigkeit, Zug-/Druckfestigkeit parallel/senkrecht zur Faser, Dichte, Feuchte) - Grundlage fuer die Bewertung wiederverwendeten Holzes.",Nachweis is required/backed by this rule,,0.85
rw_en_408,BETRIFFT_MATERIAL,mat_holz,rule_documented,https://www.dinmedia.de/en/standard/din-en-408/126881788,"EN 408 legt Pruefverfahren fuer Bau- und Brettschichtholz fest (Biege-E-Modul, Schubmodul, Biegefestigkeit, Zug-/Druckfestigkeit parallel/senkrecht zur Faser, Dichte, Feuchte) - Grundlage fuer die Bewertung wiederverwendeten Holzes.",rule governs/assesses this material for reuse,,0.85
rw_en_408,BETRIFFT_MATERIAL,mat_holz_clt,rule_documented,https://www.dinmedia.de/en/standard/din-en-408/126881788,"EN 408 legt Pruefverfahren fuer Bau- und Brettschichtholz fest (Biege-E-Modul, Schubmodul, Biegefestigkeit, Zug-/Druckfestigkeit parallel/senkrecht zur Faser, Dichte, Feuchte) - Grundlage fuer die Bewertung wiederverwendeten Holzes.",rule governs/assesses this material for reuse,,0.85
rw_din_18040,GILT_IN_LAND,land_deutschland,rule_documented,https://www.baunormenlexikon.de/norm/din-18040-1/c099c3ee-ecd0-48ed-9d9d-ec0f84970d53,"DIN 18040 (Teile 1 oeffentlich zugaengliche Gebaeude, 2 Wohnungen, 3 Verkehrs-/Freiraum) legt Planungsgrundlagen fuer barrierefreies Bauen fest; Hauptzugaenge stufen-/schwellenlos, Bewegungsflaechen geneigt <=3 %.",jurisdiction of the rule,,0.8
nf_barrierefreiheit_nachweis,GESTUETZT_AUF_REGELWERK,rw_din_18040,rule_documented,https://www.baunormenlexikon.de/norm/din-18040-1/c099c3ee-ecd0-48ed-9d9d-ec0f84970d53,"DIN 18040 (Teile 1 oeffentlich zugaengliche Gebaeude, 2 Wohnungen, 3 Verkehrs-/Freiraum) legt Planungsgrundlagen fuer barrierefreies Bauen fest; Hauptzugaenge stufen-/schwellenlos, Bewegungsflaechen geneigt <=3 %.",Nachweis is required/backed by this rule,,0.8
rf_hygiene_elektro_funktion_frage,ERFORDERT_NACHWEIS,nf_barrierefreiheit_nachweis,rule_documented,https://www.baunormenlexikon.de/norm/din-18040-1/c099c3ee-ecd0-48ed-9d9d-ec0f84970d53,"DIN 18040 (Teile 1 oeffentlich zugaengliche Gebaeude, 2 Wohnungen, 3 Verkehrs-/Freiraum) legt Planungsgrundlagen fuer barrierefreies Bauen fest; Hauptzugaenge stufen-/schwellenlos, Bewegungsflaechen geneigt <=3 %.",question answered via rw_din_18040,,0.8
rw_fr_re2020,GILT_IN_LAND,land_frankreich,rule_documented,https://www.ecologie.gouv.fr/politiques-publiques/reglementation-environnementale-re2020,RE2020 fordert eine vollstaendige Lebenszyklusanalyse (ACV) ueber 50 Jahre; Bauteile aus Reemploi (ohne Wiederaufbereitung ausser Reinigung/Reparatur) werden mit Null-Impact angesetzt; progressive Carbon-Schwellen 2024/2027/2030 (-15/-25/-30 %).,jurisdiction of the rule,,0.85
nf_oekobilanz_epd,GESTUETZT_AUF_REGELWERK,rw_fr_re2020,rule_documented,https://www.ecologie.gouv.fr/politiques-publiques/reglementation-environnementale-re2020,RE2020 fordert eine vollstaendige Lebenszyklusanalyse (ACV) ueber 50 Jahre; Bauteile aus Reemploi (ohne Wiederaufbereitung ausser Reinigung/Reparatur) werden mit Null-Impact angesetzt; progressive Carbon-Schwellen 2024/2027/2030 (-15/-25/-30 %).,Nachweis is required/backed by this rule,,0.85
nf_u_wert_oder_energie_info,GESTUETZT_AUF_REGELWERK,rw_fr_re2020,rule_documented,https://www.ecologie.gouv.fr/politiques-publiques/reglementation-environnementale-re2020,RE2020 fordert eine vollstaendige Lebenszyklusanalyse (ACV) ueber 50 Jahre; Bauteile aus Reemploi (ohne Wiederaufbereitung ausser Reinigung/Reparatur) werden mit Null-Impact angesetzt; progressive Carbon-Schwellen 2024/2027/2030 (-15/-25/-30 %).,Nachweis is required/backed by this rule,,0.85
rf_umweltvertraeglichkeit_oekobilanz_frage,ERFORDERT_NACHWEIS,nf_u_wert_oder_energie_info,rule_documented,https://www.ecologie.gouv.fr/politiques-publiques/reglementation-environnementale-re2020,RE2020 fordert eine vollstaendige Lebenszyklusanalyse (ACV) ueber 50 Jahre; Bauteile aus Reemploi (ohne Wiederaufbereitung ausser Reinigung/Reparatur) werden mit Null-Impact angesetzt; progressive Carbon-Schwellen 2024/2027/2030 (-15/-25/-30 %).,question answered via rw_fr_re2020,,0.85
rf_bauphysik_frage,ERFORDERT_NACHWEIS,nf_oekobilanz_epd,rule_documented,https://www.ecologie.gouv.fr/politiques-publiques/reglementation-environnementale-re2020,RE2020 fordert eine vollstaendige Lebenszyklusanalyse (ACV) ueber 50 Jahre; Bauteile aus Reemploi (ohne Wiederaufbereitung ausser Reinigung/Reparatur) werden mit Null-Impact angesetzt; progressive Carbon-Schwellen 2024/2027/2030 (-15/-25/-30 %).,question answered via rw_fr_re2020,,0.85
rw_nl_mpg,GILT_IN_LAND,land_niederlande,rule_documented,https://www.rvo.nl/onderwerpen/wetten-en-regels-gebouwen/milieuprestatie-gebouwen-mpg,"MPG (Bbl Art. 4.159) verlangt eine Umweltleistungsberechnung; Grenzwert 0,8 (Wohnen) bzw. 1,0 (Buero >100 m2); ab 2026 Berechnung nach EN 15804:A2 (19 Wirkungskategorien), Verschaerfung Buero -15 %.",jurisdiction of the rule,,0.85
nf_oekobilanz_epd,GESTUETZT_AUF_REGELWERK,rw_nl_mpg,rule_documented,https://www.rvo.nl/onderwerpen/wetten-en-regels-gebouwen/milieuprestatie-gebouwen-mpg,"MPG (Bbl Art. 4.159) verlangt eine Umweltleistungsberechnung; Grenzwert 0,8 (Wohnen) bzw. 1,0 (Buero >100 m2); ab 2026 Berechnung nach EN 15804:A2 (19 Wirkungskategorien), Verschaerfung Buero -15 %.",Nachweis is required/backed by this rule,,0.85
rw_ch_muken,GILT_IN_LAND,land_schweiz,rule_documented,https://www.endk.ch/de/energiepolitik/muken,"MuKEn harmonisieren die kantonalen Energievorschriften fuer Gebaeude; bei Umbauten im Bestand bleiben die Waermedaemm-Anforderungen bestehen, Betriebs-CO2 ist zu senken und fossile Heizungen durch erneuerbare zu ersetzen.",jurisdiction of the rule,,0.8
nf_u_wert_oder_energie_info,GESTUETZT_AUF_REGELWERK,rw_ch_muken,rule_documented,https://www.endk.ch/de/energiepolitik/muken,"MuKEn harmonisieren die kantonalen Energievorschriften fuer Gebaeude; bei Umbauten im Bestand bleiben die Waermedaemm-Anforderungen bestehen, Betriebs-CO2 ist zu senken und fossile Heizungen durch erneuerbare zu ersetzen.",Nachweis is required/backed by this rule,,0.8
nf_bauphysiknachweis,GESTUETZT_AUF_REGELWERK,rw_ch_muken,rule_documented,https://www.endk.ch/de/energiepolitik/muken,"MuKEn harmonisieren die kantonalen Energievorschriften fuer Gebaeude; bei Umbauten im Bestand bleiben die Waermedaemm-Anforderungen bestehen, Betriebs-CO2 ist zu senken und fossile Heizungen durch erneuerbare zu ersetzen.",Nachweis is required/backed by this rule,,0.8
rw_uk_pas2080,GILT_IN_LAND,land_vereinigtes_koenigreich,rule_documented,https://www.bsigroup.com/en-US/insights-and-media/insights/brochures/pas-2080-carbon-management-in-infrastructure-and-built-environment/,"PAS 2080:2023 ist die fuehrende Spezifikation fuer Whole-Life-Carbon-Management im Bauwesen; deckt die gesamte Wertschoepfungskette von Material ueber Bau und Nutzung bis Abbruch ab und betont Kreislaufwirtschaftsprinzipien (1,5 Grad / Netto-Null).",jurisdiction of the rule,,0.8
nf_oekobilanz_epd,GESTUETZT_AUF_REGELWERK,rw_uk_pas2080,rule_documented,https://www.bsigroup.com/en-US/insights-and-media/insights/brochures/pas-2080-carbon-management-in-infrastructure-and-built-environment/,"PAS 2080:2023 ist die fuehrende Spezifikation fuer Whole-Life-Carbon-Management im Bauwesen; deckt die gesamte Wertschoepfungskette von Material ueber Bau und Nutzung bis Abbruch ab und betont Kreislaufwirtschaftsprinzipien (1,5 Grad / Netto-Null).",Nachweis is required/backed by this rule,,0.8
rw_en_14351,GILT_IN_LAND,land_deutschland,rule_documented,https://www.intertek.com/building/standards/en-14351-1/,"EN 14351-1 (harmonisiert unter CPR 305/2011) legt materialunabhaengige Leistungseigenschaften fuer Fenster und Aussentueren fest (Luftdurchlaessigkeit, Schlagregen, Schallschutz, Waermedurchgang Uw, gefaehrliche Stoffe); Nachweis ueber Initial Type Testing + werkseigene Produktionskontrolle. Teil 2: Innentueren.",EU-wide regulation,,0.85
rw_en_14351,GILT_IN_LAND,land_oesterreich,comparative_only,https://www.intertek.com/building/standards/en-14351-1/,"EN 14351-1 (harmonisiert unter CPR 305/2011) legt materialunabhaengige Leistungseigenschaften fuer Fenster und Aussentueren fest (Luftdurchlaessigkeit, Schlagregen, Schallschutz, Waermedurchgang Uw, gefaehrliche Stoffe); Nachweis ueber Initial Type Testing + werkseigene Produktionskontrolle. Teil 2: Innentueren.",EU-wide regulation,,0.85
rw_en_14351,GILT_IN_LAND,land_belgien,comparative_only,https://www.intertek.com/building/standards/en-14351-1/,"EN 14351-1 (harmonisiert unter CPR 305/2011) legt materialunabhaengige Leistungseigenschaften fuer Fenster und Aussentueren fest (Luftdurchlaessigkeit, Schlagregen, Schallschutz, Waermedurchgang Uw, gefaehrliche Stoffe); Nachweis ueber Initial Type Testing + werkseigene Produktionskontrolle. Teil 2: Innentueren.",EU-wide regulation,,0.85
rw_en_14351,GILT_IN_LAND,land_niederlande,comparative_only,https://www.intertek.com/building/standards/en-14351-1/,"EN 14351-1 (harmonisiert unter CPR 305/2011) legt materialunabhaengige Leistungseigenschaften fuer Fenster und Aussentueren fest (Luftdurchlaessigkeit, Schlagregen, Schallschutz, Waermedurchgang Uw, gefaehrliche Stoffe); Nachweis ueber Initial Type Testing + werkseigene Produktionskontrolle. Teil 2: Innentueren.",EU-wide regulation,,0.85
rw_en_14351,GILT_IN_LAND,land_frankreich,comparative_only,https://www.intertek.com/building/standards/en-14351-1/,"EN 14351-1 (harmonisiert unter CPR 305/2011) legt materialunabhaengige Leistungseigenschaften fuer Fenster und Aussentueren fest (Luftdurchlaessigkeit, Schlagregen, Schallschutz, Waermedurchgang Uw, gefaehrliche Stoffe); Nachweis ueber Initial Type Testing + werkseigene Produktionskontrolle. Teil 2: Innentueren.",EU-wide regulation,,0.85
rw_en_14351,GILT_IN_LAND,land_daenemark,comparative_only,https://www.intertek.com/building/standards/en-14351-1/,"EN 14351-1 (harmonisiert unter CPR 305/2011) legt materialunabhaengige Leistungseigenschaften fuer Fenster und Aussentueren fest (Luftdurchlaessigkeit, Schlagregen, Schallschutz, Waermedurchgang Uw, gefaehrliche Stoffe); Nachweis ueber Initial Type Testing + werkseigene Produktionskontrolle. Teil 2: Innentueren.",EU-wide regulation,,0.85
rw_en_14351,GILT_IN_LAND,land_norwegen,comparative_only,https://www.intertek.com/building/standards/en-14351-1/,"EN 14351-1 (harmonisiert unter CPR 305/2011) legt materialunabhaengige Leistungseigenschaften fuer Fenster und Aussentueren fest (Luftdurchlaessigkeit, Schlagregen, Schallschutz, Waermedurchgang Uw, gefaehrliche Stoffe); Nachweis ueber Initial Type Testing + werkseigene Produktionskontrolle. Teil 2: Innentueren.",EU-wide regulation,,0.85
nf_produktstatus_und_leistungserklaerung,GESTUETZT_AUF_REGELWERK,rw_en_14351,rule_documented,https://www.intertek.com/building/standards/en-14351-1/,"EN 14351-1 (harmonisiert unter CPR 305/2011) legt materialunabhaengige Leistungseigenschaften fuer Fenster und Aussentueren fest (Luftdurchlaessigkeit, Schlagregen, Schallschutz, Waermedurchgang Uw, gefaehrliche Stoffe); Nachweis ueber Initial Type Testing + werkseigene Produktionskontrolle. Teil 2: Innentueren.",Nachweis is required/backed by this rule,,0.85
nf_u_wert_oder_energie_info,GESTUETZT_AUF_REGELWERK,rw_en_14351,rule_documented,https://www.intertek.com/building/standards/en-14351-1/,"EN 14351-1 (harmonisiert unter CPR 305/2011) legt materialunabhaengige Leistungseigenschaften fuer Fenster und Aussentueren fest (Luftdurchlaessigkeit, Schlagregen, Schallschutz, Waermedurchgang Uw, gefaehrliche Stoffe); Nachweis ueber Initial Type Testing + werkseigene Produktionskontrolle. Teil 2: Innentueren.",Nachweis is required/backed by this rule,,0.85
rf_bauphysik_frage,ERFORDERT_NACHWEIS,nf_produktstatus_und_leistungserklaerung,rule_documented,https://www.intertek.com/building/standards/en-14351-1/,"EN 14351-1 (harmonisiert unter CPR 305/2011) legt materialunabhaengige Leistungseigenschaften fuer Fenster und Aussentueren fest (Luftdurchlaessigkeit, Schlagregen, Schallschutz, Waermedurchgang Uw, gefaehrliche Stoffe); Nachweis ueber Initial Type Testing + werkseigene Produktionskontrolle. Teil 2: Innentueren.",question answered via rw_en_14351,,0.85
rw_en_14351,BETRIFFT_BAUTEILTYP,bt_fenster,rule_documented,https://www.intertek.com/building/standards/en-14351-1/,"EN 14351-1 (harmonisiert unter CPR 305/2011) legt materialunabhaengige Leistungseigenschaften fuer Fenster und Aussentueren fest (Luftdurchlaessigkeit, Schlagregen, Schallschutz, Waermedurchgang Uw, gefaehrliche Stoffe); Nachweis ueber Initial Type Testing + werkseigene Produktionskontrolle. Teil 2: Innentueren.",component product standard for this Bauteiltyp,,0.85
rw_en_14351,BETRIFFT_BAUTEILTYP,bt_tuer,rule_documented,https://www.intertek.com/building/standards/en-14351-1/,"EN 14351-1 (harmonisiert unter CPR 305/2011) legt materialunabhaengige Leistungseigenschaften fuer Fenster und Aussentueren fest (Luftdurchlaessigkeit, Schlagregen, Schallschutz, Waermedurchgang Uw, gefaehrliche Stoffe); Nachweis ueber Initial Type Testing + werkseigene Produktionskontrolle. Teil 2: Innentueren.",component product standard for this Bauteiltyp,,0.85
rw_en_13830,GILT_IN_LAND,land_deutschland,rule_documented,https://www.intertek.com/building/standards/en-13830/,"EN 13830 (harmonisiert unter CPR) ist die Produktnorm fuer Vorhangfassaden; der Bausatz traegt NICHT zur Tragfaehigkeit/Stabilitaet des Hauptbauwerks bei und ist unabhaengig austauschbar; Leistungskriterien fuer Luft-/Wasserdichtheit, Lasten, Akustik, Brand, Dauerhaftigkeit.",EU-wide regulation,,0.85
rw_en_13830,GILT_IN_LAND,land_oesterreich,comparative_only,https://www.intertek.com/building/standards/en-13830/,"EN 13830 (harmonisiert unter CPR) ist die Produktnorm fuer Vorhangfassaden; der Bausatz traegt NICHT zur Tragfaehigkeit/Stabilitaet des Hauptbauwerks bei und ist unabhaengig austauschbar; Leistungskriterien fuer Luft-/Wasserdichtheit, Lasten, Akustik, Brand, Dauerhaftigkeit.",EU-wide regulation,,0.85
rw_en_13830,GILT_IN_LAND,land_belgien,comparative_only,https://www.intertek.com/building/standards/en-13830/,"EN 13830 (harmonisiert unter CPR) ist die Produktnorm fuer Vorhangfassaden; der Bausatz traegt NICHT zur Tragfaehigkeit/Stabilitaet des Hauptbauwerks bei und ist unabhaengig austauschbar; Leistungskriterien fuer Luft-/Wasserdichtheit, Lasten, Akustik, Brand, Dauerhaftigkeit.",EU-wide regulation,,0.85
rw_en_13830,GILT_IN_LAND,land_niederlande,comparative_only,https://www.intertek.com/building/standards/en-13830/,"EN 13830 (harmonisiert unter CPR) ist die Produktnorm fuer Vorhangfassaden; der Bausatz traegt NICHT zur Tragfaehigkeit/Stabilitaet des Hauptbauwerks bei und ist unabhaengig austauschbar; Leistungskriterien fuer Luft-/Wasserdichtheit, Lasten, Akustik, Brand, Dauerhaftigkeit.",EU-wide regulation,,0.85
rw_en_13830,GILT_IN_LAND,land_frankreich,comparative_only,https://www.intertek.com/building/standards/en-13830/,"EN 13830 (harmonisiert unter CPR) ist die Produktnorm fuer Vorhangfassaden; der Bausatz traegt NICHT zur Tragfaehigkeit/Stabilitaet des Hauptbauwerks bei und ist unabhaengig austauschbar; Leistungskriterien fuer Luft-/Wasserdichtheit, Lasten, Akustik, Brand, Dauerhaftigkeit.",EU-wide regulation,,0.85
rw_en_13830,GILT_IN_LAND,land_daenemark,comparative_only,https://www.intertek.com/building/standards/en-13830/,"EN 13830 (harmonisiert unter CPR) ist die Produktnorm fuer Vorhangfassaden; der Bausatz traegt NICHT zur Tragfaehigkeit/Stabilitaet des Hauptbauwerks bei und ist unabhaengig austauschbar; Leistungskriterien fuer Luft-/Wasserdichtheit, Lasten, Akustik, Brand, Dauerhaftigkeit.",EU-wide regulation,,0.85
rw_en_13830,GILT_IN_LAND,land_norwegen,comparative_only,https://www.intertek.com/building/standards/en-13830/,"EN 13830 (harmonisiert unter CPR) ist die Produktnorm fuer Vorhangfassaden; der Bausatz traegt NICHT zur Tragfaehigkeit/Stabilitaet des Hauptbauwerks bei und ist unabhaengig austauschbar; Leistungskriterien fuer Luft-/Wasserdichtheit, Lasten, Akustik, Brand, Dauerhaftigkeit.",EU-wide regulation,,0.85
nf_produktstatus_und_leistungserklaerung,GESTUETZT_AUF_REGELWERK,rw_en_13830,rule_documented,https://www.intertek.com/building/standards/en-13830/,"EN 13830 (harmonisiert unter CPR) ist die Produktnorm fuer Vorhangfassaden; der Bausatz traegt NICHT zur Tragfaehigkeit/Stabilitaet des Hauptbauwerks bei und ist unabhaengig austauschbar; Leistungskriterien fuer Luft-/Wasserdichtheit, Lasten, Akustik, Brand, Dauerhaftigkeit.",Nachweis is required/backed by this rule,,0.85
nf_u_wert_oder_energie_info,GESTUETZT_AUF_REGELWERK,rw_en_13830,rule_documented,https://www.intertek.com/building/standards/en-13830/,"EN 13830 (harmonisiert unter CPR) ist die Produktnorm fuer Vorhangfassaden; der Bausatz traegt NICHT zur Tragfaehigkeit/Stabilitaet des Hauptbauwerks bei und ist unabhaengig austauschbar; Leistungskriterien fuer Luft-/Wasserdichtheit, Lasten, Akustik, Brand, Dauerhaftigkeit.",Nachweis is required/backed by this rule,,0.85
rf_brandschutz_frage,ERFORDERT_NACHWEIS,nf_u_wert_oder_energie_info,rule_documented,https://www.intertek.com/building/standards/en-13830/,"EN 13830 (harmonisiert unter CPR) ist die Produktnorm fuer Vorhangfassaden; der Bausatz traegt NICHT zur Tragfaehigkeit/Stabilitaet des Hauptbauwerks bei und ist unabhaengig austauschbar; Leistungskriterien fuer Luft-/Wasserdichtheit, Lasten, Akustik, Brand, Dauerhaftigkeit.",question answered via rw_en_13830,,0.85
rw_en_13830,BETRIFFT_BAUTEILTYP,bt_fassade,rule_documented,https://www.intertek.com/building/standards/en-13830/,"EN 13830 (harmonisiert unter CPR) ist die Produktnorm fuer Vorhangfassaden; der Bausatz traegt NICHT zur Tragfaehigkeit/Stabilitaet des Hauptbauwerks bei und ist unabhaengig austauschbar; Leistungskriterien fuer Luft-/Wasserdichtheit, Lasten, Akustik, Brand, Dauerhaftigkeit.",component product standard for this Bauteiltyp,,0.85
rw_en_13830,BETRIFFT_BAUTEILTYP,bt_fassadenelement,rule_documented,https://www.intertek.com/building/standards/en-13830/,"EN 13830 (harmonisiert unter CPR) ist die Produktnorm fuer Vorhangfassaden; der Bausatz traegt NICHT zur Tragfaehigkeit/Stabilitaet des Hauptbauwerks bei und ist unabhaengig austauschbar; Leistungskriterien fuer Luft-/Wasserdichtheit, Lasten, Akustik, Brand, Dauerhaftigkeit.",component product standard for this Bauteiltyp,,0.85
rw_en_13830,BETRIFFT_BAUTEILTYP,bt_fassadenmodul_mauerwerk,rule_documented,https://www.intertek.com/building/standards/en-13830/,"EN 13830 (harmonisiert unter CPR) ist die Produktnorm fuer Vorhangfassaden; der Bausatz traegt NICHT zur Tragfaehigkeit/Stabilitaet des Hauptbauwerks bei und ist unabhaengig austauschbar; Leistungskriterien fuer Luft-/Wasserdichtheit, Lasten, Akustik, Brand, Dauerhaftigkeit.",component product standard for this Bauteiltyp,,0.85
rw_en_1168,GILT_IN_LAND,land_deutschland,rule_documented,https://standards.iteh.ai/catalog/standards/cen/e42ae69b-eeba-4f82-b1a2-a0ef748a1752/en-1168-2005a3-2011,"EN 1168 (Betonfertigteile - Hohlplatten) regelt Anforderungen und Leistungskriterien fuer vorgespannte/bewehrte Hohlplatten nach EN 1992-1-1; Toleranzen, Pruefverfahren (Full-scale-Tests) und werkseigene Produktionskontrolle; Anwendung als Decken-/Dachsysteme.",EU-wide regulation,,0.88
rw_en_1168,GILT_IN_LAND,land_oesterreich,comparative_only,https://standards.iteh.ai/catalog/standards/cen/e42ae69b-eeba-4f82-b1a2-a0ef748a1752/en-1168-2005a3-2011,"EN 1168 (Betonfertigteile - Hohlplatten) regelt Anforderungen und Leistungskriterien fuer vorgespannte/bewehrte Hohlplatten nach EN 1992-1-1; Toleranzen, Pruefverfahren (Full-scale-Tests) und werkseigene Produktionskontrolle; Anwendung als Decken-/Dachsysteme.",EU-wide regulation,,0.88
rw_en_1168,GILT_IN_LAND,land_belgien,comparative_only,https://standards.iteh.ai/catalog/standards/cen/e42ae69b-eeba-4f82-b1a2-a0ef748a1752/en-1168-2005a3-2011,"EN 1168 (Betonfertigteile - Hohlplatten) regelt Anforderungen und Leistungskriterien fuer vorgespannte/bewehrte Hohlplatten nach EN 1992-1-1; Toleranzen, Pruefverfahren (Full-scale-Tests) und werkseigene Produktionskontrolle; Anwendung als Decken-/Dachsysteme.",EU-wide regulation,,0.88
rw_en_1168,GILT_IN_LAND,land_niederlande,comparative_only,https://standards.iteh.ai/catalog/standards/cen/e42ae69b-eeba-4f82-b1a2-a0ef748a1752/en-1168-2005a3-2011,"EN 1168 (Betonfertigteile - Hohlplatten) regelt Anforderungen und Leistungskriterien fuer vorgespannte/bewehrte Hohlplatten nach EN 1992-1-1; Toleranzen, Pruefverfahren (Full-scale-Tests) und werkseigene Produktionskontrolle; Anwendung als Decken-/Dachsysteme.",EU-wide regulation,,0.88
rw_en_1168,GILT_IN_LAND,land_frankreich,comparative_only,https://standards.iteh.ai/catalog/standards/cen/e42ae69b-eeba-4f82-b1a2-a0ef748a1752/en-1168-2005a3-2011,"EN 1168 (Betonfertigteile - Hohlplatten) regelt Anforderungen und Leistungskriterien fuer vorgespannte/bewehrte Hohlplatten nach EN 1992-1-1; Toleranzen, Pruefverfahren (Full-scale-Tests) und werkseigene Produktionskontrolle; Anwendung als Decken-/Dachsysteme.",EU-wide regulation,,0.88
rw_en_1168,GILT_IN_LAND,land_daenemark,comparative_only,https://standards.iteh.ai/catalog/standards/cen/e42ae69b-eeba-4f82-b1a2-a0ef748a1752/en-1168-2005a3-2011,"EN 1168 (Betonfertigteile - Hohlplatten) regelt Anforderungen und Leistungskriterien fuer vorgespannte/bewehrte Hohlplatten nach EN 1992-1-1; Toleranzen, Pruefverfahren (Full-scale-Tests) und werkseigene Produktionskontrolle; Anwendung als Decken-/Dachsysteme.",EU-wide regulation,,0.88
rw_en_1168,GILT_IN_LAND,land_norwegen,comparative_only,https://standards.iteh.ai/catalog/standards/cen/e42ae69b-eeba-4f82-b1a2-a0ef748a1752/en-1168-2005a3-2011,"EN 1168 (Betonfertigteile - Hohlplatten) regelt Anforderungen und Leistungskriterien fuer vorgespannte/bewehrte Hohlplatten nach EN 1992-1-1; Toleranzen, Pruefverfahren (Full-scale-Tests) und werkseigene Produktionskontrolle; Anwendung als Decken-/Dachsysteme.",EU-wide regulation,,0.88
nf_standsicherheitsnachweis,GESTUETZT_AUF_REGELWERK,rw_en_1168,rule_documented,https://standards.iteh.ai/catalog/standards/cen/e42ae69b-eeba-4f82-b1a2-a0ef748a1752/en-1168-2005a3-2011,"EN 1168 (Betonfertigteile - Hohlplatten) regelt Anforderungen und Leistungskriterien fuer vorgespannte/bewehrte Hohlplatten nach EN 1992-1-1; Toleranzen, Pruefverfahren (Full-scale-Tests) und werkseigene Produktionskontrolle; Anwendung als Decken-/Dachsysteme.",Nachweis is required/backed by this rule,,0.88
nf_produktstatus_und_leistungserklaerung,GESTUETZT_AUF_REGELWERK,rw_en_1168,rule_documented,https://standards.iteh.ai/catalog/standards/cen/e42ae69b-eeba-4f82-b1a2-a0ef748a1752/en-1168-2005a3-2011,"EN 1168 (Betonfertigteile - Hohlplatten) regelt Anforderungen und Leistungskriterien fuer vorgespannte/bewehrte Hohlplatten nach EN 1992-1-1; Toleranzen, Pruefverfahren (Full-scale-Tests) und werkseigene Produktionskontrolle; Anwendung als Decken-/Dachsysteme.",Nachweis is required/backed by this rule,,0.88
nf_materialpruefung,GESTUETZT_AUF_REGELWERK,rw_en_1168,rule_documented,https://standards.iteh.ai/catalog/standards/cen/e42ae69b-eeba-4f82-b1a2-a0ef748a1752/en-1168-2005a3-2011,"EN 1168 (Betonfertigteile - Hohlplatten) regelt Anforderungen und Leistungskriterien fuer vorgespannte/bewehrte Hohlplatten nach EN 1992-1-1; Toleranzen, Pruefverfahren (Full-scale-Tests) und werkseigene Produktionskontrolle; Anwendung als Decken-/Dachsysteme.",Nachweis is required/backed by this rule,,0.88
rw_en_1168,BETRIFFT_MATERIAL,mat_beton,rule_documented,https://standards.iteh.ai/catalog/standards/cen/e42ae69b-eeba-4f82-b1a2-a0ef748a1752/en-1168-2005a3-2011,"EN 1168 (Betonfertigteile - Hohlplatten) regelt Anforderungen und Leistungskriterien fuer vorgespannte/bewehrte Hohlplatten nach EN 1992-1-1; Toleranzen, Pruefverfahren (Full-scale-Tests) und werkseigene Produktionskontrolle; Anwendung als Decken-/Dachsysteme.",rule governs/assesses this material for reuse,,0.88
rw_en_1168,BETRIFFT_MATERIAL,mat_stahlbeton,rule_documented,https://standards.iteh.ai/catalog/standards/cen/e42ae69b-eeba-4f82-b1a2-a0ef748a1752/en-1168-2005a3-2011,"EN 1168 (Betonfertigteile - Hohlplatten) regelt Anforderungen und Leistungskriterien fuer vorgespannte/bewehrte Hohlplatten nach EN 1992-1-1; Toleranzen, Pruefverfahren (Full-scale-Tests) und werkseigene Produktionskontrolle; Anwendung als Decken-/Dachsysteme.",rule governs/assesses this material for reuse,,0.88
rw_en_1168,BETRIFFT_MATERIAL,mat_spannbeton,rule_documented,https://standards.iteh.ai/catalog/standards/cen/e42ae69b-eeba-4f82-b1a2-a0ef748a1752/en-1168-2005a3-2011,"EN 1168 (Betonfertigteile - Hohlplatten) regelt Anforderungen und Leistungskriterien fuer vorgespannte/bewehrte Hohlplatten nach EN 1992-1-1; Toleranzen, Pruefverfahren (Full-scale-Tests) und werkseigene Produktionskontrolle; Anwendung als Decken-/Dachsysteme.",rule governs/assesses this material for reuse,,0.88
rw_en_1168,BETRIFFT_BAUTEILTYP,bt_hohlkoerperdecke,rule_documented,https://standards.iteh.ai/catalog/standards/cen/e42ae69b-eeba-4f82-b1a2-a0ef748a1752/en-1168-2005a3-2011,"EN 1168 (Betonfertigteile - Hohlplatten) regelt Anforderungen und Leistungskriterien fuer vorgespannte/bewehrte Hohlplatten nach EN 1992-1-1; Toleranzen, Pruefverfahren (Full-scale-Tests) und werkseigene Produktionskontrolle; Anwendung als Decken-/Dachsysteme.",component product standard for this Bauteiltyp,,0.88
rw_din_18065,GILT_IN_LAND,land_deutschland,rule_documented,https://www.weka.de/architekten-ingenieure/din-18065/,"DIN 18065 (Gebaeudetreppen - Begriffe, Messregeln, Hauptmasse) regelt Treppenmasse, Handlaeufe und Absturzsicherung; Gelaenderhoehe 90 cm (Absturz bis 12 m) bzw. 110 cm darueber; max. Oeffnungsweite 12 cm bei Kleinkindern; Steigungs-/Auftrittstoleranz max. 5 mm.",jurisdiction of the rule,,0.8
nf_absturzsicherung,GESTUETZT_AUF_REGELWERK,rw_din_18065,rule_documented,https://www.weka.de/architekten-ingenieure/din-18065/,"DIN 18065 (Gebaeudetreppen - Begriffe, Messregeln, Hauptmasse) regelt Treppenmasse, Handlaeufe und Absturzsicherung; Gelaenderhoehe 90 cm (Absturz bis 12 m) bzw. 110 cm darueber; max. Oeffnungsweite 12 cm bei Kleinkindern; Steigungs-/Auftrittstoleranz max. 5 mm.",Nachweis is required/backed by this rule,,0.8
nf_barrierefreiheit_nachweis,GESTUETZT_AUF_REGELWERK,rw_din_18065,rule_documented,https://www.weka.de/architekten-ingenieure/din-18065/,"DIN 18065 (Gebaeudetreppen - Begriffe, Messregeln, Hauptmasse) regelt Treppenmasse, Handlaeufe und Absturzsicherung; Gelaenderhoehe 90 cm (Absturz bis 12 m) bzw. 110 cm darueber; max. Oeffnungsweite 12 cm bei Kleinkindern; Steigungs-/Auftrittstoleranz max. 5 mm.",Nachweis is required/backed by this rule,,0.8
rf_hygiene_elektro_funktion_frage,ERFORDERT_NACHWEIS,nf_absturzsicherung,rule_documented,https://www.weka.de/architekten-ingenieure/din-18065/,"DIN 18065 (Gebaeudetreppen - Begriffe, Messregeln, Hauptmasse) regelt Treppenmasse, Handlaeufe und Absturzsicherung; Gelaenderhoehe 90 cm (Absturz bis 12 m) bzw. 110 cm darueber; max. Oeffnungsweite 12 cm bei Kleinkindern; Steigungs-/Auftrittstoleranz max. 5 mm.",question answered via rw_din_18065,,0.8
rf_genehmigungs_frage,ERFORDERT_NACHWEIS,nf_absturzsicherung,rule_documented,https://www.weka.de/architekten-ingenieure/din-18065/,"DIN 18065 (Gebaeudetreppen - Begriffe, Messregeln, Hauptmasse) regelt Treppenmasse, Handlaeufe und Absturzsicherung; Gelaenderhoehe 90 cm (Absturz bis 12 m) bzw. 110 cm darueber; max. Oeffnungsweite 12 cm bei Kleinkindern; Steigungs-/Auftrittstoleranz max. 5 mm.",question answered via rw_din_18065,,0.8
rf_genehmigungs_frage,ERFORDERT_NACHWEIS,nf_barrierefreiheit_nachweis,rule_documented,https://www.weka.de/architekten-ingenieure/din-18065/,"DIN 18065 (Gebaeudetreppen - Begriffe, Messregeln, Hauptmasse) regelt Treppenmasse, Handlaeufe und Absturzsicherung; Gelaenderhoehe 90 cm (Absturz bis 12 m) bzw. 110 cm darueber; max. Oeffnungsweite 12 cm bei Kleinkindern; Steigungs-/Auftrittstoleranz max. 5 mm.",question answered via rw_din_18065,,0.8
rw_din_18065,BETRIFFT_BAUTEILTYP,bt_treppe,rule_documented,https://www.weka.de/architekten-ingenieure/din-18065/,"DIN 18065 (Gebaeudetreppen - Begriffe, Messregeln, Hauptmasse) regelt Treppenmasse, Handlaeufe und Absturzsicherung; Gelaenderhoehe 90 cm (Absturz bis 12 m) bzw. 110 cm darueber; max. Oeffnungsweite 12 cm bei Kleinkindern; Steigungs-/Auftrittstoleranz max. 5 mm.",component product standard for this Bauteiltyp,,0.8
rw_din_18065,BETRIFFT_BAUTEILTYP,bt_gelaender,rule_documented,https://www.weka.de/architekten-ingenieure/din-18065/,"DIN 18065 (Gebaeudetreppen - Begriffe, Messregeln, Hauptmasse) regelt Treppenmasse, Handlaeufe und Absturzsicherung; Gelaenderhoehe 90 cm (Absturz bis 12 m) bzw. 110 cm darueber; max. Oeffnungsweite 12 cm bei Kleinkindern; Steigungs-/Auftrittstoleranz max. 5 mm.",component product standard for this Bauteiltyp,,0.8
rw_cen_ts_17440,GILT_IN_LAND,land_deutschland,rule_documented,https://eurocodes.jrc.ec.europa.eu/news/cents-174402020-assessment-and-retrofitting-existing-structures,"CEN/TS 17440:2020 liefert die ergaenzenden Bestimmungen, um EN 1990 auf die Bewertung BESTEHENDER Tragwerke (auch nicht nach Eurocode entworfener) und auf Retrofitting anzuwenden; ermoeglicht die Aktualisierung von Basisvariablen/Modellen aus Bestandsdaten - relevant fuer Wiederverwendung.",EU-wide regulation,,0.85
rw_cen_ts_17440,GILT_IN_LAND,land_oesterreich,comparative_only,https://eurocodes.jrc.ec.europa.eu/news/cents-174402020-assessment-and-retrofitting-existing-structures,"CEN/TS 17440:2020 liefert die ergaenzenden Bestimmungen, um EN 1990 auf die Bewertung BESTEHENDER Tragwerke (auch nicht nach Eurocode entworfener) und auf Retrofitting anzuwenden; ermoeglicht die Aktualisierung von Basisvariablen/Modellen aus Bestandsdaten - relevant fuer Wiederverwendung.",EU-wide regulation,,0.85
rw_cen_ts_17440,GILT_IN_LAND,land_belgien,comparative_only,https://eurocodes.jrc.ec.europa.eu/news/cents-174402020-assessment-and-retrofitting-existing-structures,"CEN/TS 17440:2020 liefert die ergaenzenden Bestimmungen, um EN 1990 auf die Bewertung BESTEHENDER Tragwerke (auch nicht nach Eurocode entworfener) und auf Retrofitting anzuwenden; ermoeglicht die Aktualisierung von Basisvariablen/Modellen aus Bestandsdaten - relevant fuer Wiederverwendung.",EU-wide regulation,,0.85
rw_cen_ts_17440,GILT_IN_LAND,land_niederlande,comparative_only,https://eurocodes.jrc.ec.europa.eu/news/cents-174402020-assessment-and-retrofitting-existing-structures,"CEN/TS 17440:2020 liefert die ergaenzenden Bestimmungen, um EN 1990 auf die Bewertung BESTEHENDER Tragwerke (auch nicht nach Eurocode entworfener) und auf Retrofitting anzuwenden; ermoeglicht die Aktualisierung von Basisvariablen/Modellen aus Bestandsdaten - relevant fuer Wiederverwendung.",EU-wide regulation,,0.85
rw_cen_ts_17440,GILT_IN_LAND,land_frankreich,comparative_only,https://eurocodes.jrc.ec.europa.eu/news/cents-174402020-assessment-and-retrofitting-existing-structures,"CEN/TS 17440:2020 liefert die ergaenzenden Bestimmungen, um EN 1990 auf die Bewertung BESTEHENDER Tragwerke (auch nicht nach Eurocode entworfener) und auf Retrofitting anzuwenden; ermoeglicht die Aktualisierung von Basisvariablen/Modellen aus Bestandsdaten - relevant fuer Wiederverwendung.",EU-wide regulation,,0.85
rw_cen_ts_17440,GILT_IN_LAND,land_daenemark,comparative_only,https://eurocodes.jrc.ec.europa.eu/news/cents-174402020-assessment-and-retrofitting-existing-structures,"CEN/TS 17440:2020 liefert die ergaenzenden Bestimmungen, um EN 1990 auf die Bewertung BESTEHENDER Tragwerke (auch nicht nach Eurocode entworfener) und auf Retrofitting anzuwenden; ermoeglicht die Aktualisierung von Basisvariablen/Modellen aus Bestandsdaten - relevant fuer Wiederverwendung.",EU-wide regulation,,0.85
rw_cen_ts_17440,GILT_IN_LAND,land_norwegen,comparative_only,https://eurocodes.jrc.ec.europa.eu/news/cents-174402020-assessment-and-retrofitting-existing-structures,"CEN/TS 17440:2020 liefert die ergaenzenden Bestimmungen, um EN 1990 auf die Bewertung BESTEHENDER Tragwerke (auch nicht nach Eurocode entworfener) und auf Retrofitting anzuwenden; ermoeglicht die Aktualisierung von Basisvariablen/Modellen aus Bestandsdaten - relevant fuer Wiederverwendung.",EU-wide regulation,,0.85
nf_standsicherheitsnachweis,GESTUETZT_AUF_REGELWERK,rw_cen_ts_17440,rule_documented,https://eurocodes.jrc.ec.europa.eu/news/cents-174402020-assessment-and-retrofitting-existing-structures,"CEN/TS 17440:2020 liefert die ergaenzenden Bestimmungen, um EN 1990 auf die Bewertung BESTEHENDER Tragwerke (auch nicht nach Eurocode entworfener) und auf Retrofitting anzuwenden; ermoeglicht die Aktualisierung von Basisvariablen/Modellen aus Bestandsdaten - relevant fuer Wiederverwendung.",Nachweis is required/backed by this rule,,0.85
nf_zustands_und_massaufnahme,GESTUETZT_AUF_REGELWERK,rw_cen_ts_17440,rule_documented,https://eurocodes.jrc.ec.europa.eu/news/cents-174402020-assessment-and-retrofitting-existing-structures,"CEN/TS 17440:2020 liefert die ergaenzenden Bestimmungen, um EN 1990 auf die Bewertung BESTEHENDER Tragwerke (auch nicht nach Eurocode entworfener) und auf Retrofitting anzuwenden; ermoeglicht die Aktualisierung von Basisvariablen/Modellen aus Bestandsdaten - relevant fuer Wiederverwendung.",Nachweis is required/backed by this rule,,0.85
rw_din_18945_lehm,GILT_IN_LAND,land_deutschland,rule_documented,https://www.baunetzwissen.de/gesund-bauen/fachwissen/regelwerke/normen-fuer-den-lehmbau-3393643,"DIN 18945 (Lehmsteine), 18946 (Lehmmauermoertel), 18947 (Lehmputzmoertel) regeln Anforderungen und Pruefverfahren werkmaessig hergestellter Lehmbaustoffe fuer tragendes und nichttragendes Mauerwerk (Anwendungsklassen AK Ia/Ib/II); Lehm ist sortenrein rueckbau- und wiederverwendbar.",jurisdiction of the rule,,0.8
nf_materialpruefung,GESTUETZT_AUF_REGELWERK,rw_din_18945_lehm,rule_documented,https://www.baunetzwissen.de/gesund-bauen/fachwissen/regelwerke/normen-fuer-den-lehmbau-3393643,"DIN 18945 (Lehmsteine), 18946 (Lehmmauermoertel), 18947 (Lehmputzmoertel) regeln Anforderungen und Pruefverfahren werkmaessig hergestellter Lehmbaustoffe fuer tragendes und nichttragendes Mauerwerk (Anwendungsklassen AK Ia/Ib/II); Lehm ist sortenrein rueckbau- und wiederverwendbar.",Nachweis is required/backed by this rule,,0.8
nf_produktstatus_und_leistungserklaerung,GESTUETZT_AUF_REGELWERK,rw_din_18945_lehm,rule_documented,https://www.baunetzwissen.de/gesund-bauen/fachwissen/regelwerke/normen-fuer-den-lehmbau-3393643,"DIN 18945 (Lehmsteine), 18946 (Lehmmauermoertel), 18947 (Lehmputzmoertel) regeln Anforderungen und Pruefverfahren werkmaessig hergestellter Lehmbaustoffe fuer tragendes und nichttragendes Mauerwerk (Anwendungsklassen AK Ia/Ib/II); Lehm ist sortenrein rueckbau- und wiederverwendbar.",Nachweis is required/backed by this rule,,0.8
rw_din_18945_lehm,BETRIFFT_MATERIAL,mat_lehm,rule_documented,https://www.baunetzwissen.de/gesund-bauen/fachwissen/regelwerke/normen-fuer-den-lehmbau-3393643,"DIN 18945 (Lehmsteine), 18946 (Lehmmauermoertel), 18947 (Lehmputzmoertel) regeln Anforderungen und Pruefverfahren werkmaessig hergestellter Lehmbaustoffe fuer tragendes und nichttragendes Mauerwerk (Anwendungsklassen AK Ia/Ib/II); Lehm ist sortenrein rueckbau- und wiederverwendbar.",rule governs/assesses this material for reuse,,0.8
rw_din_18945_lehm,BETRIFFT_BAUTEILTYP,bt_mauerstein,rule_documented,https://www.baunetzwissen.de/gesund-bauen/fachwissen/regelwerke/normen-fuer-den-lehmbau-3393643,"DIN 18945 (Lehmsteine), 18946 (Lehmmauermoertel), 18947 (Lehmputzmoertel) regeln Anforderungen und Pruefverfahren werkmaessig hergestellter Lehmbaustoffe fuer tragendes und nichttragendes Mauerwerk (Anwendungsklassen AK Ia/Ib/II); Lehm ist sortenrein rueckbau- und wiederverwendbar.",component product standard for this Bauteiltyp,,0.8
rw_en_13162_mineralwolle,GILT_IN_LAND,land_deutschland,rule_documented,https://www.intertek.com/building/standards/en-13162/,"EN 13162 (harmonisiert unter CPR 305/2011) spezifiziert werkmaessig hergestellte Mineralwolle-Daemmstoffe (Matten/Platten); Produktmerkmale, Pruefung, Konformitaetsbewertung, CE-Kennzeichnung; Grenzwerte Waermeleitfaehigkeit <= 0,060 W/(m K).",EU-wide regulation,,0.85
rw_en_13162_mineralwolle,GILT_IN_LAND,land_oesterreich,comparative_only,https://www.intertek.com/building/standards/en-13162/,"EN 13162 (harmonisiert unter CPR 305/2011) spezifiziert werkmaessig hergestellte Mineralwolle-Daemmstoffe (Matten/Platten); Produktmerkmale, Pruefung, Konformitaetsbewertung, CE-Kennzeichnung; Grenzwerte Waermeleitfaehigkeit <= 0,060 W/(m K).",EU-wide regulation,,0.85
rw_en_13162_mineralwolle,GILT_IN_LAND,land_belgien,comparative_only,https://www.intertek.com/building/standards/en-13162/,"EN 13162 (harmonisiert unter CPR 305/2011) spezifiziert werkmaessig hergestellte Mineralwolle-Daemmstoffe (Matten/Platten); Produktmerkmale, Pruefung, Konformitaetsbewertung, CE-Kennzeichnung; Grenzwerte Waermeleitfaehigkeit <= 0,060 W/(m K).",EU-wide regulation,,0.85
rw_en_13162_mineralwolle,GILT_IN_LAND,land_niederlande,comparative_only,https://www.intertek.com/building/standards/en-13162/,"EN 13162 (harmonisiert unter CPR 305/2011) spezifiziert werkmaessig hergestellte Mineralwolle-Daemmstoffe (Matten/Platten); Produktmerkmale, Pruefung, Konformitaetsbewertung, CE-Kennzeichnung; Grenzwerte Waermeleitfaehigkeit <= 0,060 W/(m K).",EU-wide regulation,,0.85
rw_en_13162_mineralwolle,GILT_IN_LAND,land_frankreich,comparative_only,https://www.intertek.com/building/standards/en-13162/,"EN 13162 (harmonisiert unter CPR 305/2011) spezifiziert werkmaessig hergestellte Mineralwolle-Daemmstoffe (Matten/Platten); Produktmerkmale, Pruefung, Konformitaetsbewertung, CE-Kennzeichnung; Grenzwerte Waermeleitfaehigkeit <= 0,060 W/(m K).",EU-wide regulation,,0.85
rw_en_13162_mineralwolle,GILT_IN_LAND,land_daenemark,comparative_only,https://www.intertek.com/building/standards/en-13162/,"EN 13162 (harmonisiert unter CPR 305/2011) spezifiziert werkmaessig hergestellte Mineralwolle-Daemmstoffe (Matten/Platten); Produktmerkmale, Pruefung, Konformitaetsbewertung, CE-Kennzeichnung; Grenzwerte Waermeleitfaehigkeit <= 0,060 W/(m K).",EU-wide regulation,,0.85
rw_en_13162_mineralwolle,GILT_IN_LAND,land_norwegen,comparative_only,https://www.intertek.com/building/standards/en-13162/,"EN 13162 (harmonisiert unter CPR 305/2011) spezifiziert werkmaessig hergestellte Mineralwolle-Daemmstoffe (Matten/Platten); Produktmerkmale, Pruefung, Konformitaetsbewertung, CE-Kennzeichnung; Grenzwerte Waermeleitfaehigkeit <= 0,060 W/(m K).",EU-wide regulation,,0.85
nf_u_wert_oder_energie_info,GESTUETZT_AUF_REGELWERK,rw_en_13162_mineralwolle,rule_documented,https://www.intertek.com/building/standards/en-13162/,"EN 13162 (harmonisiert unter CPR 305/2011) spezifiziert werkmaessig hergestellte Mineralwolle-Daemmstoffe (Matten/Platten); Produktmerkmale, Pruefung, Konformitaetsbewertung, CE-Kennzeichnung; Grenzwerte Waermeleitfaehigkeit <= 0,060 W/(m K).",Nachweis is required/backed by this rule,,0.85
nf_produktstatus_und_leistungserklaerung,GESTUETZT_AUF_REGELWERK,rw_en_13162_mineralwolle,rule_documented,https://www.intertek.com/building/standards/en-13162/,"EN 13162 (harmonisiert unter CPR 305/2011) spezifiziert werkmaessig hergestellte Mineralwolle-Daemmstoffe (Matten/Platten); Produktmerkmale, Pruefung, Konformitaetsbewertung, CE-Kennzeichnung; Grenzwerte Waermeleitfaehigkeit <= 0,060 W/(m K).",Nachweis is required/backed by this rule,,0.85
rw_en_13162_mineralwolle,BETRIFFT_MATERIAL,mat_daemmstoff,rule_documented,https://www.intertek.com/building/standards/en-13162/,"EN 13162 (harmonisiert unter CPR 305/2011) spezifiziert werkmaessig hergestellte Mineralwolle-Daemmstoffe (Matten/Platten); Produktmerkmale, Pruefung, Konformitaetsbewertung, CE-Kennzeichnung; Grenzwerte Waermeleitfaehigkeit <= 0,060 W/(m K).",rule governs/assesses this material for reuse,,0.85
rw_en_13162_mineralwolle,BETRIFFT_BAUTEILTYP,bt_daemmung,rule_documented,https://www.intertek.com/building/standards/en-13162/,"EN 13162 (harmonisiert unter CPR 305/2011) spezifiziert werkmaessig hergestellte Mineralwolle-Daemmstoffe (Matten/Platten); Produktmerkmale, Pruefung, Konformitaetsbewertung, CE-Kennzeichnung; Grenzwerte Waermeleitfaehigkeit <= 0,060 W/(m K).",component product standard for this Bauteiltyp,,0.85
rw_denkmalschutz,GILT_IN_LAND,land_deutschland,rule_documented,https://www.region-gestalten.bund.de/Region/DE/Potenzial_Leerstand/Instrumente/Regeln/Denkmalrechtliche_Befugnisse/denkmalrechtliche_befugnisse_node.html,"Jede Veraenderung/Abriss/Reparatur an einem denkmalgeschuetzten Gebaeude bedarf der Genehmigung der Denkmalschutzbehoerde; Abriss geschuetzter Bauteile ist grundsaetzlich verboten, originale Materialien und Techniken sind soweit moeglich zu erhalten (Erhaltungspflicht) - starker Wiederverwendungstreiber. (UK-Analogon: Grade-II Listing.)",jurisdiction of the rule,,0.8
nf_genehmigungs_oder_zustimmungsbedarf,GESTUETZT_AUF_REGELWERK,rw_denkmalschutz,rule_documented,https://www.region-gestalten.bund.de/Region/DE/Potenzial_Leerstand/Instrumente/Regeln/Denkmalrechtliche_Befugnisse/denkmalrechtliche_befugnisse_node.html,"Jede Veraenderung/Abriss/Reparatur an einem denkmalgeschuetzten Gebaeude bedarf der Genehmigung der Denkmalschutzbehoerde; Abriss geschuetzter Bauteile ist grundsaetzlich verboten, originale Materialien und Techniken sind soweit moeglich zu erhalten (Erhaltungspflicht) - starker Wiederverwendungstreiber. (UK-Analogon: Grade-II Listing.)",Nachweis is required/backed by this rule,,0.8
rw_zirkulaere_vergabe,GILT_IN_LAND,land_deutschland,rule_documented,https://concular.de/leitfaden-fuer-zirkulaeres-planen-und-bauen-fuer-die-oeffentliche-hand-veroeffentlicht/,"Oeffentlich beschaffte Bauleistungen sollen Ressourcenschonung, Langlebigkeit und Weiter-/Umnutzung schon bei der Bedarfsermittlung beruecksichtigen (selektive Rueckbaufaehigkeit, Wiederverwendbarkeit); die NKWS sieht bevorzugte Beschaffung gebrauchter/wiederaufbereiteter Produkte im allgemeinen Vergaberecht vor.",jurisdiction of the rule,,0.75
nf_herkunfts_und_rueckbaudokumentation,GESTUETZT_AUF_REGELWERK,rw_zirkulaere_vergabe,rule_documented,https://concular.de/leitfaden-fuer-zirkulaeres-planen-und-bauen-fuer-die-oeffentliche-hand-veroeffentlicht/,"Oeffentlich beschaffte Bauleistungen sollen Ressourcenschonung, Langlebigkeit und Weiter-/Umnutzung schon bei der Bedarfsermittlung beruecksichtigen (selektive Rueckbaufaehigkeit, Wiederverwendbarkeit); die NKWS sieht bevorzugte Beschaffung gebrauchter/wiederaufbereiteter Produkte im allgemeinen Vergaberecht vor.",Nachweis is required/backed by this rule,,0.75
nf_produktstatus_und_leistungserklaerung,GESTUETZT_AUF_REGELWERK,rw_zirkulaere_vergabe,rule_documented,https://concular.de/leitfaden-fuer-zirkulaeres-planen-und-bauen-fuer-die-oeffentliche-hand-veroeffentlicht/,"Oeffentlich beschaffte Bauleistungen sollen Ressourcenschonung, Langlebigkeit und Weiter-/Umnutzung schon bei der Bedarfsermittlung beruecksichtigen (selektive Rueckbaufaehigkeit, Wiederverwendbarkeit); die NKWS sieht bevorzugte Beschaffung gebrauchter/wiederaufbereiteter Produkte im allgemeinen Vergaberecht vor.",Nachweis is required/backed by this rule,,0.75
rf_genehmigungs_frage,ERFORDERT_NACHWEIS,nf_herkunfts_und_rueckbaudokumentation,rule_documented,https://concular.de/leitfaden-fuer-zirkulaeres-planen-und-bauen-fuer-die-oeffentliche-hand-veroeffentlicht/,"Oeffentlich beschaffte Bauleistungen sollen Ressourcenschonung, Langlebigkeit und Weiter-/Umnutzung schon bei der Bedarfsermittlung beruecksichtigen (selektive Rueckbaufaehigkeit, Wiederverwendbarkeit); die NKWS sieht bevorzugte Beschaffung gebrauchter/wiederaufbereiteter Produkte im allgemeinen Vergaberecht vor.",question answered via rw_zirkulaere_vergabe,,0.75
rw_en_naturstein,GILT_IN_LAND,land_deutschland,rule_documented,https://landingpage.bsigroup.com/LandingPage/Undated?UPI=000000000030090410,"EN 1469 (Wandbekleidungsplatten), EN 12058 (Boden-/Treppenplatten), EN 1341 (Pflaster), EN 1936/12371 (Pruefverfahren) legen Anforderungen/Pruefungen fuer Naturstein-Produkte fest: Rohdichte, Porositaet, Wasseraufnahme, Druck-/Biegefestigkeit, Frost-Tau, Rutschhemmung.",EU-wide regulation,,0.82
rw_en_naturstein,GILT_IN_LAND,land_oesterreich,comparative_only,https://landingpage.bsigroup.com/LandingPage/Undated?UPI=000000000030090410,"EN 1469 (Wandbekleidungsplatten), EN 12058 (Boden-/Treppenplatten), EN 1341 (Pflaster), EN 1936/12371 (Pruefverfahren) legen Anforderungen/Pruefungen fuer Naturstein-Produkte fest: Rohdichte, Porositaet, Wasseraufnahme, Druck-/Biegefestigkeit, Frost-Tau, Rutschhemmung.",EU-wide regulation,,0.82
rw_en_naturstein,GILT_IN_LAND,land_belgien,comparative_only,https://landingpage.bsigroup.com/LandingPage/Undated?UPI=000000000030090410,"EN 1469 (Wandbekleidungsplatten), EN 12058 (Boden-/Treppenplatten), EN 1341 (Pflaster), EN 1936/12371 (Pruefverfahren) legen Anforderungen/Pruefungen fuer Naturstein-Produkte fest: Rohdichte, Porositaet, Wasseraufnahme, Druck-/Biegefestigkeit, Frost-Tau, Rutschhemmung.",EU-wide regulation,,0.82
rw_en_naturstein,GILT_IN_LAND,land_niederlande,comparative_only,https://landingpage.bsigroup.com/LandingPage/Undated?UPI=000000000030090410,"EN 1469 (Wandbekleidungsplatten), EN 12058 (Boden-/Treppenplatten), EN 1341 (Pflaster), EN 1936/12371 (Pruefverfahren) legen Anforderungen/Pruefungen fuer Naturstein-Produkte fest: Rohdichte, Porositaet, Wasseraufnahme, Druck-/Biegefestigkeit, Frost-Tau, Rutschhemmung.",EU-wide regulation,,0.82
rw_en_naturstein,GILT_IN_LAND,land_frankreich,comparative_only,https://landingpage.bsigroup.com/LandingPage/Undated?UPI=000000000030090410,"EN 1469 (Wandbekleidungsplatten), EN 12058 (Boden-/Treppenplatten), EN 1341 (Pflaster), EN 1936/12371 (Pruefverfahren) legen Anforderungen/Pruefungen fuer Naturstein-Produkte fest: Rohdichte, Porositaet, Wasseraufnahme, Druck-/Biegefestigkeit, Frost-Tau, Rutschhemmung.",EU-wide regulation,,0.82
rw_en_naturstein,GILT_IN_LAND,land_daenemark,comparative_only,https://landingpage.bsigroup.com/LandingPage/Undated?UPI=000000000030090410,"EN 1469 (Wandbekleidungsplatten), EN 12058 (Boden-/Treppenplatten), EN 1341 (Pflaster), EN 1936/12371 (Pruefverfahren) legen Anforderungen/Pruefungen fuer Naturstein-Produkte fest: Rohdichte, Porositaet, Wasseraufnahme, Druck-/Biegefestigkeit, Frost-Tau, Rutschhemmung.",EU-wide regulation,,0.82
rw_en_naturstein,GILT_IN_LAND,land_norwegen,comparative_only,https://landingpage.bsigroup.com/LandingPage/Undated?UPI=000000000030090410,"EN 1469 (Wandbekleidungsplatten), EN 12058 (Boden-/Treppenplatten), EN 1341 (Pflaster), EN 1936/12371 (Pruefverfahren) legen Anforderungen/Pruefungen fuer Naturstein-Produkte fest: Rohdichte, Porositaet, Wasseraufnahme, Druck-/Biegefestigkeit, Frost-Tau, Rutschhemmung.",EU-wide regulation,,0.82
nf_materialpruefung,GESTUETZT_AUF_REGELWERK,rw_en_naturstein,rule_documented,https://landingpage.bsigroup.com/LandingPage/Undated?UPI=000000000030090410,"EN 1469 (Wandbekleidungsplatten), EN 12058 (Boden-/Treppenplatten), EN 1341 (Pflaster), EN 1936/12371 (Pruefverfahren) legen Anforderungen/Pruefungen fuer Naturstein-Produkte fest: Rohdichte, Porositaet, Wasseraufnahme, Druck-/Biegefestigkeit, Frost-Tau, Rutschhemmung.",Nachweis is required/backed by this rule,,0.82
nf_produktstatus_und_leistungserklaerung,GESTUETZT_AUF_REGELWERK,rw_en_naturstein,rule_documented,https://landingpage.bsigroup.com/LandingPage/Undated?UPI=000000000030090410,"EN 1469 (Wandbekleidungsplatten), EN 12058 (Boden-/Treppenplatten), EN 1341 (Pflaster), EN 1936/12371 (Pruefverfahren) legen Anforderungen/Pruefungen fuer Naturstein-Produkte fest: Rohdichte, Porositaet, Wasseraufnahme, Druck-/Biegefestigkeit, Frost-Tau, Rutschhemmung.",Nachweis is required/backed by this rule,,0.82
nf_dauerhaftigkeit_restlebensdauer,GESTUETZT_AUF_REGELWERK,rw_en_naturstein,rule_documented,https://landingpage.bsigroup.com/LandingPage/Undated?UPI=000000000030090410,"EN 1469 (Wandbekleidungsplatten), EN 12058 (Boden-/Treppenplatten), EN 1341 (Pflaster), EN 1936/12371 (Pruefverfahren) legen Anforderungen/Pruefungen fuer Naturstein-Produkte fest: Rohdichte, Porositaet, Wasseraufnahme, Druck-/Biegefestigkeit, Frost-Tau, Rutschhemmung.",Nachweis is required/backed by this rule,,0.82
rf_bauproduktstatus_frage,ERFORDERT_NACHWEIS,nf_dauerhaftigkeit_restlebensdauer,rule_documented,https://landingpage.bsigroup.com/LandingPage/Undated?UPI=000000000030090410,"EN 1469 (Wandbekleidungsplatten), EN 12058 (Boden-/Treppenplatten), EN 1341 (Pflaster), EN 1936/12371 (Pruefverfahren) legen Anforderungen/Pruefungen fuer Naturstein-Produkte fest: Rohdichte, Porositaet, Wasseraufnahme, Druck-/Biegefestigkeit, Frost-Tau, Rutschhemmung.",question answered via rw_en_naturstein,,0.82
rw_en_naturstein,BETRIFFT_MATERIAL,mat_naturstein,rule_documented,https://landingpage.bsigroup.com/LandingPage/Undated?UPI=000000000030090410,"EN 1469 (Wandbekleidungsplatten), EN 12058 (Boden-/Treppenplatten), EN 1341 (Pflaster), EN 1936/12371 (Pruefverfahren) legen Anforderungen/Pruefungen fuer Naturstein-Produkte fest: Rohdichte, Porositaet, Wasseraufnahme, Druck-/Biegefestigkeit, Frost-Tau, Rutschhemmung.",rule governs/assesses this material for reuse,,0.82
