"source","case_id","legacy_path","value","relationship","confidence_source","note","raw_label","reason"
"bauobjekt/55_Great_Suffolk_Street_London","","Gebäude\55_Great_Suffolk_Street_London.md","","","","","55 Great Suffolk Street, London — Fallstudie Direct Reuse / zirkuläres Bauen | 55_Great_Suffolk_Street_London | denkmalgeschütztes viktorianisches Lagerhaus, Grade II Listed | 55 Great Suffolk Street, London — Fallstudie Direct Reuse / zirkuläres Bauen | Retrofit / Conservation / Extension mit neuem außenliegendem Stahlkern | 55 Great Suffolk Street, London — Fallstudie Direct Reuse / zirkuläres Bauen | denkmalgeschütztes viktorianisches Lagerhaus, Grade II Listed | Retrofit / Conservation / Extension mit neuem außenliegendem Stahlkern | Papierwaren-/Lagerhaus, u. a. Spicer Bros paper merchants | flexible Büro-/Arbeitsplatzflächen, Retail am Erdgeschoss / amenity facilities | Opera nennt 2021–2023; ASBP/NLA nennen erwartete Fertigstellung 2024; aktueller belastbarer Fertigstellungsstatus unbekannt | unklar / Live-Projekt; Quellen nennen „Expected in 2024“, „Estimated completion September 2024“ und Hawkins\Brown führt den Status weiterhin als „Live“. Eine belastbare öffentliche Fertigstellungsmeldung wurde nicht gefunden.","no_has_bausystem_target"
"bauobjekt/AWM_Muenster_Circular_Office","","Gebäude\AWM_Muenster_Circular_Office.md","","","","","AWM Münster – Zirkulärer Büroausbau 3. OG – Fallstudie Direct Reuse / zirkuläres Bauen | AWM_Muenster_Circular_Office | altes Verwaltungsgebäude der Abfallwirtschaftsbetriebe Münster | AWM Münster – Zirkulärer Büroausbau 3. OG – Fallstudie Direct Reuse / zirkuläres Bauen | Umbau des bis dahin nicht mehr nutzbaren dritten Obergeschosses zu Büro-, Workshop-, Besprechungs-, Küchen- und Coworking-Flächen | AWM Münster – Zirkulärer Büroausbau 3. OG – Fallstudie Direct Reuse / zirkuläres Bauen | altes Verwaltungsgebäude der Abfallwirtschaftsbetriebe Münster | Umbau des bis dahin nicht mehr nutzbaren dritten Obergeschosses zu Büro-, Workshop-, Besprechungs-, Küchen- und Coworking-Flächen | Verwaltungsgebäude / nicht mehr nutzbares 3. OG | moderne Arbeitswelt mit Büros, festen/mobilen Arbeitsplätzen, Workshop- und Besprechungsräumen, Küche | Fertigstellung 2023; öffentliche Vorstellung / Meldung Januar 2024 | gebaut","no_has_bausystem_target"
"bauobjekt/Altes_Hobelwerk_Winterthur","","gebaeude\Altes_Hobelwerk_Winterthur.md","","","","","Altes Hobelwerk, Winterthur | Altes Hobelwerk, Winterthur | Bestandserhalt; minimale Instandsetzung; adaptive reuse; Quartiersinfrastruktur; industrielle Patina; Pioniernutzung; reversible Einbauten. | Das Alte Hobelwerk ist die erhaltene ehemalige Hobelfabrik bzw. Industriehalle auf dem Hobelwerk-Areal in Oberwinterthur. Die Halle wurde von baubüro in situ für die Baugenossenschaft mehr als wohnen instand gesetzt und als offener Gemeinschafts- und Quartiersraum nutzbar gemacht. Der Umbau ist kein vollständiger Ausbau zu einem normierten Innenraum, sondern eine bewusst zurückhaltende, reversible und ressourcenschonende Aktivierung des Bestands.

Gebäudebezogen ist das Alte Hobelwerk ein wichtiges Gegenmodell zu maximaler Sanierung: Die Halle bleibt weitgehend in ihrer räumlichen und materiellen Eigenart erhalten, wird zunächst unbeheizt genutzt und erhält nur die minimale Infrastruktur, die für eine Pioniernutzung als Quartierstreff erforderlich ist.","no_has_nutzung_target"
"bauobjekt/Altes_Hobelwerk_Winterthur","","gebaeude\Altes_Hobelwerk_Winterthur.md","","","","","Altes Hobelwerk, Winterthur | Altes_Hobelwerk_Winterthur | Altes Hobelwerk, Winterthur | Bestandserhalt; minimale Instandsetzung; adaptive reuse; Quartiersinfrastruktur; industrielle Patina; Pioniernutzung; reversible Einbauten. | Altes Hobelwerk, Winterthur | Bestandserhalt; minimale Instandsetzung; adaptive reuse; Quartiersinfrastruktur; industrielle Patina; Pioniernutzung; reversible Einbauten. | Altes Hobelwerk, Winterthur | Bestandserhalt; minimale Instandsetzung; adaptive reuse; Quartiersinfrastruktur; industrielle Patina; Pioniernutzung; reversible Einbauten. | Das Alte Hobelwerk ist die erhaltene ehemalige Hobelfabrik bzw. Industriehalle auf dem Hobelwerk-Areal in Oberwinterthur. Die Halle wurde von baubüro in situ für die Baugenossenschaft mehr als wohnen instand gesetzt und als offener Gemeinschafts- und Quartiersraum nutzbar gemacht. Der Umbau ist kein vollständiger Ausbau zu einem normierten Innenraum, sondern eine bewusst zurückhaltende, reversible und ressourcenschonende Aktivierung des Bestands.

Gebäudebezogen ist das Alte Hobelwerk ein wichtiges Gegenmodell zu maximaler Sanierung: Die Halle bleibt weitgehend in ihrer räumlichen und materiellen Eigenart erhalten, wird zunächst unbeheizt genutzt und erhält nur die minimale Infrastruktur, die für eine Pioniernutzung als Quartierstreff erforderlich ist. | Altes Hobelwerk, Winterthur | Bestandserhalt; minimale Instandsetzung; adaptive reuse; Quartiersinfrastruktur; industrielle Patina; Pioniernutzung; reversible Einbauten. | Das Alte Hobelwerk ist die erhaltene ehemalige Hobelfabrik bzw. Industriehalle auf dem Hobelwerk-Areal in Oberwinterthur. Die Halle wurde von baubüro in situ für die Baugenossenschaft mehr als wohnen instand gesetzt und als offener Gemeinschafts- und Quartiersraum nutzbar gemacht. Der Umbau ist kein vollständiger Ausbau zu einem normierten Innenraum, sondern eine bewusst zurückhaltende, reversible und ressourcenschonende Aktivierung des Bestands.

Gebäudebezogen ist das Alte Hobelwerk ein wichtiges Gegenmodell zu maximaler Sanierung: Die Halle bleibt weitgehend in ihrer räumlichen und materiellen Eigenart erhalten, wird zunächst unbeheizt genutzt und erhält nur die minimale Infrastruktur, die für eine Pioniernutzung als Quartierstreff erforderlich ist.","no_has_bausystem_target"
"bauobjekt/Altes_Hobelwerk_Winterthur","","gebaeude\Altes_Hobelwerk_Winterthur.md","","","","","Altes Hobelwerk, Winterthur | Altes Hobelwerk, Winterthur | Bestandserhalt; minimale Instandsetzung; adaptive reuse; Quartiersinfrastruktur; industrielle Patina; Pioniernutzung; reversible Einbauten. | Das Alte Hobelwerk ist die erhaltene ehemalige Hobelfabrik bzw. Industriehalle auf dem Hobelwerk-Areal in Oberwinterthur. Die Halle wurde von baubüro in situ für die Baugenossenschaft mehr als wohnen instand gesetzt und als offener Gemeinschafts- und Quartiersraum nutzbar gemacht. Der Umbau ist kein vollständiger Ausbau zu einem normierten Innenraum, sondern eine bewusst zurückhaltende, reversible und ressourcenschonende Aktivierung des Bestands.

Gebäudebezogen ist das Alte Hobelwerk ein wichtiges Gegenmodell zu maximaler Sanierung: Die Halle bleibt weitgehend in ihrer räumlichen und materiellen Eigenart erhalten, wird zunächst unbeheizt genutzt und erhält nur die minimale Infrastruktur, die für eine Pioniernutzung als Quartierstreff erforderlich ist.","no_has_bauobjektstatus_target"
"bauobjekt/Areal_Walkeweg_Nord","","gebaeude\Areal_Walkeweg_Nord.md","","","","","Areal Walkeweg Nord | Entwerfen mit Bestand; Bauteilwiederverwendung im Neubau; sozialer Wohnungsbau; kommunale Arealentwicklung; ressourcenschonender Betonbau; Re-Use-Wettbewerbe. | Das Areal Walkeweg Nord in Basel ist ein kommunales Entwicklungsgebiet für preisgünstigen Wohnraum und soziale Infrastruktur. Für die Baufelder C und D wurde ein Neubauprojekt mit expliziter Bauteilwiederverwendung ausgelobt; das Siegerprojekt `Elementa` von PARABASE sieht die konstruktive und gestalterische Integration wiedergewonnener Betonfertigteile aus dem Rückbau kantonaler bzw. regionaler Bestandsbauten vor, besonders aus dem Lysbüchel-Parkhaus. Die Datei behandelt Walkeweg Nord als gebäudebezogene Fallstudie: nicht als allgemeine Quartiersseite, sondern als Beispiel dafür, wie ein Neubau als Aufnahmegebäude für großformatige Re-Use-Bauteile geplant wird.","no_has_bauobjektstatus_target"
"bauobjekt/Association_house_Groeditz","","Gebäude\Association_house_Groeditz.md","","","","","Association house, Gröditz — Fallstudie Direct Reuse / Wiederverwendung von Betonfertigteilen | Sport-/Vereinshaus","no_has_nutzung_target"
"bauobjekt/Association_house_Plauen","","Gebäude\Association_house_Plauen.md","","","","","Association house, Plauen — Fallstudie Direct Reuse / Wiederverwendung von Betonfertigteilen | Sport-/Vereinshaus","no_has_nutzung_target"
"bauobjekt/BOELL_LAB_Berlin","","gebaeude\BOELL_LAB_Berlin.md","","","","","BOELL.LAB, Berlin | BOELL_LAB_Berlin | BOELL.LAB, Berlin | zirkulärer Neubau im denkmalgeschützten Stadtensemble; öffentlicher Bildungs- und Veranstaltungsbau; Bauen in planetaren Grenzen; Design for Disassembly; Low-Tech; modulare Holzkonstruktion; Weiterbauen im Bestand; öffentliche Bauherrschaft / Zuwendung; Reallabor Bauwende. | BOELL.LAB, Berlin | zirkulärer Neubau im denkmalgeschützten Stadtensemble; öffentlicher Bildungs- und Veranstaltungsbau; Bauen in planetaren Grenzen; Design for Disassembly; Low-Tech; modulare Holzkonstruktion; Weiterbauen im Bestand; öffentliche Bauherrschaft / Zuwendung; Reallabor Bauwende. | BOELL.LAB, Berlin | zirkulärer Neubau im denkmalgeschützten Stadtensemble; öffentlicher Bildungs- und Veranstaltungsbau; Bauen in planetaren Grenzen; Design for Disassembly; Low-Tech; modulare Holzkonstruktion; Weiterbauen im Bestand; öffentliche Bauherrschaft / Zuwendung; Reallabor Bauwende. | BOELL.LAB ist ein von LXSY Architektur und asp Architekten entwickeltes Konzept für einen multifunktionalen, zweigeschossigen Neubau an der Berliner Karl-Marx-Allee. Auftraggeberin und vorgesehene Nutzerin ist die Heinrich-Böll-Stiftung. Das Gebäude sollte unmittelbar neben dem Kino International und gegenüber dem Café Moskau als neuer Pavillon bzw. Sonderbau in das denkmalgeschützte Ensemble der Karl-Marx-Allee eingefügt werden.

Gebäudebezogen ist BOELL.LAB ein Referenzfall für die Frage, wie ein Neubau in einem starken Bestand nicht nur gestalterisch, sondern auch ressourcenlogisch antworten kann. Der Entwurf verbindet öffentliche politische Bildungsarbeit, Veranstaltungsräume, Ausstellungen, Böll-Lab, Gastronomie, Schulung und offene Arbeitswelten mit einer modularen, rückbaubaren, ressourcenschonenden Konstruktion. **Statushinweis:** Die LXSY-Projektseite führt das Projekt weiterhin als „In Planung“ mit Jahr 2023. Ein späterer LinkedIn-Beitrag von LXSY meldet jedoch, dass der geplante Erweiterungsbau in der Karl-Marx-Allee nach Prüfung eingestellt wurde. Der Realisierungsstatus ist daher als eingestellt bzw. mindestens widersprüchlich dokumentiert zu behandeln und vor weiterer Verwendung projektseitig zu verifizieren. | Die LXSY-Projektseite führt das Projekt weiterhin als „In Planung“ mit Jahr 2023. Ein späterer LinkedIn-Beitrag von LXSY meldet jedoch, dass der geplante Erweiterungsbau in der Karl-Marx-Allee nach Prüfung eingestellt wurde. Der Realisierungsstatus ist daher | BOELL.LAB, Berlin | zirkulärer Neubau im denkmalgeschützten Stadtensemble; öffentlicher Bildungs- und Veranstaltungsbau; Bauen in planetaren Grenzen; Design for Disassembly; Low-Tech; modulare Holzkonstruktion; Weiterbauen im Bestand; öffentliche Bauherrschaft / Zuwendung; Reallabor Bauwende. | BOELL.LAB ist ein von LXSY Architektur und asp Architekten entwickeltes Konzept für einen multifunktionalen, zweigeschossigen Neubau an der Berliner Karl-Marx-Allee. Auftraggeberin und vorgesehene Nutzerin ist die Heinrich-Böll-Stiftung. Das Gebäude sollte unmittelbar neben dem Kino International und gegenüber dem Café Moskau als neuer Pavillon bzw. Sonderbau in das denkmalgeschützte Ensemble der Karl-Marx-Allee eingefügt werden.

Gebäudebezogen ist BOELL.LAB ein Referenzfall für die Frage, wie ein Neubau in einem starken Bestand nicht nur gestalterisch, sondern auch ressourcenlogisch antworten kann. Der Entwurf verbindet öffentliche politische Bildungsarbeit, Veranstaltungsräume, Ausstellungen, Böll-Lab, Gastronomie, Schulung und offene Arbeitswelten mit einer modularen, rückbaubaren, ressourcenschonenden Konstruktion. **Statushinweis:** Die LXSY-Projektseite führt das Projekt weiterhin als „In Planung“ mit Jahr 2023. Ein späterer LinkedIn-Beitrag von LXSY meldet jedoch, dass der geplante Erweiterungsbau in der Karl-Marx-Allee nach Prüfung eingestellt wurde. Der Realisierungsstatus ist daher als eingestellt bzw. mindestens widersprüchlich dokumentiert zu behandeln und vor weiterer Verwendung projektseitig zu verifizieren. | Die LXSY-Projektseite führt das Projekt weiterhin als „In Planung“ mit Jahr 2023. Ein späterer LinkedIn-Beitrag von LXSY meldet jedoch, dass der geplante Erweiterungsbau in der Karl-Marx-Allee nach Prüfung eingestellt wurde. Der Realisierungsstatus ist daher","no_has_bausystem_target"
"bauobjekt/BOELL_LAB_Berlin","","gebaeude\BOELL_LAB_Berlin.md","","","","","BOELL.LAB, Berlin | BOELL.LAB, Berlin | zirkulärer Neubau im denkmalgeschützten Stadtensemble; öffentlicher Bildungs- und Veranstaltungsbau; Bauen in planetaren Grenzen; Design for Disassembly; Low-Tech; modulare Holzkonstruktion; Weiterbauen im Bestand; öffentliche Bauherrschaft / Zuwendung; Reallabor Bauwende. | BOELL.LAB ist ein von LXSY Architektur und asp Architekten entwickeltes Konzept für einen multifunktionalen, zweigeschossigen Neubau an der Berliner Karl-Marx-Allee. Auftraggeberin und vorgesehene Nutzerin ist die Heinrich-Böll-Stiftung. Das Gebäude sollte unmittelbar neben dem Kino International und gegenüber dem Café Moskau als neuer Pavillon bzw. Sonderbau in das denkmalgeschützte Ensemble der Karl-Marx-Allee eingefügt werden.

Gebäudebezogen ist BOELL.LAB ein Referenzfall für die Frage, wie ein Neubau in einem starken Bestand nicht nur gestalterisch, sondern auch ressourcenlogisch antworten kann. Der Entwurf verbindet öffentliche politische Bildungsarbeit, Veranstaltungsräume, Ausstellungen, Böll-Lab, Gastronomie, Schulung und offene Arbeitswelten mit einer modularen, rückbaubaren, ressourcenschonenden Konstruktion. **Statushinweis:** Die LXSY-Projektseite führt das Projekt weiterhin als „In Planung“ mit Jahr 2023. Ein späterer LinkedIn-Beitrag von LXSY meldet jedoch, dass der geplante Erweiterungsbau in der Karl-Marx-Allee nach Prüfung eingestellt wurde. Der Realisierungsstatus ist daher als eingestellt bzw. mindestens widersprüchlich dokumentiert zu behandeln und vor weiterer Verwendung projektseitig zu verifizieren. | Die LXSY-Projektseite führt das Projekt weiterhin als „In Planung“ mit Jahr 2023. Ein späterer LinkedIn-Beitrag von LXSY meldet jedoch, dass der geplante Erweiterungsbau in der Karl-Marx-Allee nach Prüfung eingestellt wurde. Der Realisierungsstatus ist daher","no_has_bauobjektstatus_target"
"bauobjekt/BOELL_LAB_Berlin","","gebaeude\BOELL_LAB_Berlin.md","","","","","BOELL.LAB, Berlin | zirkulärer Neubau im denkmalgeschützten Stadtensemble; öffentlicher Bildungs- und Veranstaltungsbau; Bauen in planetaren Grenzen; Design for Disassembly; Low-Tech; modulare Holzkonstruktion; Weiterbauen im Bestand; öffentliche Bauherrschaft / Zuwendung; Reallabor Bauwende. | BOELL.LAB, Berlin | zirkulärer Neubau im denkmalgeschützten Stadtensemble; öffentlicher Bildungs- und Veranstaltungsbau; Bauen in planetaren Grenzen; Design for Disassembly; Low-Tech; modulare Holzkonstruktion; Weiterbauen im Bestand; öffentliche Bauherrschaft / Zuwendung; Reallabor Bauwende. | BOELL.LAB ist ein von LXSY Architektur und asp Architekten entwickeltes Konzept für einen multifunktionalen, zweigeschossigen Neubau an der Berliner Karl-Marx-Allee. Auftraggeberin und vorgesehene Nutzerin ist die Heinrich-Böll-Stiftung. Das Gebäude sollte unmittelbar neben dem Kino International und gegenüber dem Café Moskau als neuer Pavillon bzw. Sonderbau in das denkmalgeschützte Ensemble der Karl-Marx-Allee eingefügt werden.

Gebäudebezogen ist BOELL.LAB ein Referenzfall für die Frage, wie ein Neubau in einem starken Bestand nicht nur gestalterisch, sondern auch ressourcenlogisch antworten kann. Der Entwurf verbindet öffentliche politische Bildungsarbeit, Veranstaltungsräume, Ausstellungen, Böll-Lab, Gastronomie, Schulung und offene Arbeitswelten mit einer modularen, rückbaubaren, ressourcenschonenden Konstruktion. **Statushinweis:** Die LXSY-Projektseite führt das Projekt weiterhin als „In Planung“ mit Jahr 2023. Ein späterer LinkedIn-Beitrag von LXSY meldet jedoch, dass der geplante Erweiterungsbau in der Karl-Marx-Allee nach Prüfung eingestellt wurde. Der Realisierungsstatus ist daher als eingestellt bzw. mindestens widersprüchlich dokumentiert zu behandeln und vor weiterer Verwendung projektseitig zu verifizieren. | Die LXSY-Projektseite führt das Projekt weiterhin als „In Planung“ mit Jahr 2023. Ein späterer LinkedIn-Beitrag von LXSY meldet jedoch, dass der geplante Erweiterungsbau in der Karl-Marx-Allee nach Prüfung eingestellt wurde. Der Realisierungsstatus ist daher | BOELL.LAB, Berlin | zirkulärer Neubau im denkmalgeschützten Stadtensemble; öffentlicher Bildungs- und Veranstaltungsbau; Bauen in planetaren Grenzen; Design for Disassembly; Low-Tech; modulare Holzkonstruktion; Weiterbauen im Bestand; öffentliche Bauherrschaft / Zuwendung; Reallabor Bauwende. | BOELL.LAB ist ein von LXSY Architektur und asp Architekten entwickeltes Konzept für einen multifunktionalen, zweigeschossigen Neubau an der Berliner Karl-Marx-Allee. Auftraggeberin und vorgesehene Nutzerin ist die Heinrich-Böll-Stiftung. Das Gebäude sollte unmittelbar neben dem Kino International und gegenüber dem Café Moskau als neuer Pavillon bzw. Sonderbau in das denkmalgeschützte Ensemble der Karl-Marx-Allee eingefügt werden.

Gebäudebezogen ist BOELL.LAB ein Referenzfall für die Frage, wie ein Neubau in einem starken Bestand nicht nur gestalterisch, sondern auch ressourcenlogisch antworten kann. Der Entwurf verbindet öffentliche politische Bildungsarbeit, Veranstaltungsräume, Ausstellungen, Böll-Lab, Gastronomie, Schulung und offene Arbeitswelten mit einer modularen, rückbaubaren, ressourcenschonenden Konstruktion. **Statushinweis:** Die LXSY-Projektseite führt das Projekt weiterhin als „In Planung“ mit Jahr 2023. Ein späterer LinkedIn-Beitrag von LXSY meldet jedoch, dass der geplante Erweiterungsbau in der Karl-Marx-Allee nach Prüfung eingestellt wurde. Der Realisierungsstatus ist daher als eingestellt bzw. mindestens widersprüchlich dokumentiert zu behandeln und vor weiterer Verwendung projektseitig zu verifizieren. | Die LXSY-Projektseite führt das Projekt weiterhin als „In Planung“ mit Jahr 2023. Ein späterer LinkedIn-Beitrag von LXSY meldet jedoch, dass der geplante Erweiterungsbau in der Karl-Marx-Allee nach Prüfung eingestellt wurde. Der Realisierungsstatus ist daher","no_has_bauobjektrolle_target"
"bauobjekt/BedZED_London_Hackbridge","","Gebäude\BedZED_London_Hackbridge.md","","","","","BedZED, London / Hackbridge — Fallstudie Direct Reuse / Bauteilwiederverwendung | BedZED_London_Hackbridge | Gemischt genutztes Quartier mit Wohnungen, Arbeits-/Gewerbeflächen und Gemeinschaftseinrichtungen | BedZED, London / Hackbridge — Fallstudie Direct Reuse / Bauteilwiederverwendung | Neubau eines Nullenergie-/Ökoquartiers mit Direct Reuse einzelner Bauteile | BedZED, London / Hackbridge — Fallstudie Direct Reuse / Bauteilwiederverwendung | Gemischt genutztes Quartier mit Wohnungen, Arbeits-/Gewerbeflächen und Gemeinschaftseinrichtungen | Neubau eines Nullenergie-/Ökoquartiers mit Direct Reuse einzelner Bauteile | Brownfield / ehemals für Klärschlamm bzw. sewage works genutzt; genaue Vornutzung der Bauteilquellen: lokale Abbruch-/Refurbishment-Standorte, u. a. Brighton Railway Station für Stahl laut BioRegional | Wohnen, Arbeiten, Gemeinschaftsnutzung | gebaut 2000–2002; Eröffnung/Nutzung ab 2002 | gebaut","no_has_bausystem_target"
"bauobjekt/Berlin_Schildow_Pilot_House","","Gebäude\Berlin_Schildow_Pilot_House.md","","","","","Berlin-Schildow Pilot House — Fallstudie Direct Reuse / Wiederverwendung von WBS70-Plattenbauteilen | Wiederverwendung von WBS70-Plattenbauteilen aus Berliner/Marzahner Plattenbau | Berlin-Schildow Pilot House — Fallstudie Direct Reuse / Wiederverwendung von WBS70-Plattenbauteilen | Berlin_Schildow_Pilot_House | Einfamilienhaus / Pilotwohnhaus","no_has_bauaufgabe_intervention_target"
"bauobjekt/Berlin_Schildow_Pilot_House_2","","Gebäude\Berlin_Schildow_Pilot_House_2.md","","","","","Berlin-Schildow Pilot House 2 — Fallstudie Direct Reuse / Wiederverwendung von WBS70-Plattenbauteilen | Pilot zur Wiederverwendung von WBS70-Plattenbauteilen | Berlin-Schildow Pilot House 2 — Fallstudie Direct Reuse / Wiederverwendung von WBS70-Plattenbauteilen | Berlin_Schildow_Pilot_House_2 | Einfamilienhaus / Zwei-Generationenhaus; genaue Zuordnung zu einem oder zwei Gebäuden unbekannt","no_has_bauaufgabe_intervention_target"
"bauobjekt/Bestandshalle_CRCLR_House","","gebaeude\Bestandshalle_CRCLR_House.md","","","","","Bestandshalle CRCLR House | Bestandshalle_CRCLR_House | Bestandshalle CRCLR House | Umbau statt Abriss; zirkuläres Bauen; Reallabor im Bestand; Mischnutzung; Holzaufstockung; reversible Innenausbauten; Materialpässe. | Bestandshalle CRCLR House | Umbau statt Abriss; zirkuläres Bauen; Reallabor im Bestand; Mischnutzung; Holzaufstockung; reversible Innenausbauten; Materialpässe. | Umbau statt Abriss; zirkuläres Bauen; Reallabor im Bestand; Mischnutzung; Holzaufstockung; reversible Innenausbauten; Materialpässe. | Die Bestandshalle des CRCLR House ist eine ehemalige Fasslade- bzw. Lagerhalle auf dem Gelände der früheren Berliner Kindl-Brauerei in Neukölln. Sie wurde als Teil eines zirkulären Bauprojekts ertüchtigt, umgenutzt und durch eine Holzaufstockung ergänzt. Die Halle bildet den räumlichen Sockel für Coworking, Werkstätten, Veranstaltungen, Café- und Community-Nutzungen; darüber bzw. daran anschließend wurden Wohn- und Gemeinschaftsnutzungen entwickelt. Als gebäudebezogener Wissensspeicher steht hier die vorhandene Halle im Mittelpunkt: ihre Struktur, ihre Umnutzungsfähigkeit, ihre Aufnahme von Re-Use-Ausbauelementen und ihre Rolle als Demonstrator für zirkuläres Bauen. | Umbau statt Abriss; zirkuläres Bauen; Reallabor im Bestand; Mischnutzung; Holzaufstockung; reversible Innenausbauten; Materialpässe. | Die Bestandshalle des CRCLR House ist eine ehemalige Fasslade- bzw. Lagerhalle auf dem Gelände der früheren Berliner Kindl-Brauerei in Neukölln. Sie wurde als Teil eines zirkulären Bauprojekts ertüchtigt, umgenutzt und durch eine Holzaufstockung ergänzt. Die Halle bildet den räumlichen Sockel für Coworking, Werkstätten, Veranstaltungen, Café- und Community-Nutzungen; darüber bzw. daran anschließend wurden Wohn- und Gemeinschaftsnutzungen entwickelt. Als gebäudebezogener Wissensspeicher steht hier die vorhandene Halle im Mittelpunkt: ihre Struktur, ihre Umnutzungsfähigkeit, ihre Aufnahme von Re-Use-Ausbauelementen und ihre Rolle als Demonstrator für zirkuläres Bauen.","no_has_bausystem_target"
"bauobjekt/Bestandshalle_CRCLR_House","","gebaeude\Bestandshalle_CRCLR_House.md","","","","","Bestandshalle CRCLR House | Umbau statt Abriss; zirkuläres Bauen; Reallabor im Bestand; Mischnutzung; Holzaufstockung; reversible Innenausbauten; Materialpässe. | Die Bestandshalle des CRCLR House ist eine ehemalige Fasslade- bzw. Lagerhalle auf dem Gelände der früheren Berliner Kindl-Brauerei in Neukölln. Sie wurde als Teil eines zirkulären Bauprojekts ertüchtigt, umgenutzt und durch eine Holzaufstockung ergänzt. Die Halle bildet den räumlichen Sockel für Coworking, Werkstätten, Veranstaltungen, Café- und Community-Nutzungen; darüber bzw. daran anschließend wurden Wohn- und Gemeinschaftsnutzungen entwickelt. Als gebäudebezogener Wissensspeicher steht hier die vorhandene Halle im Mittelpunkt: ihre Struktur, ihre Umnutzungsfähigkeit, ihre Aufnahme von Re-Use-Ausbauelementen und ihre Rolle als Demonstrator für zirkuläres Bauen.","no_has_bauobjektstatus_target"
"bauobjekt/Bestandshalle_CRCLR_House","","gebaeude\Bestandshalle_CRCLR_House.md","","","","","Bestandshalle CRCLR House | Umbau statt Abriss; zirkuläres Bauen; Reallabor im Bestand; Mischnutzung; Holzaufstockung; reversible Innenausbauten; Materialpässe. | Umbau statt Abriss; zirkuläres Bauen; Reallabor im Bestand; Mischnutzung; Holzaufstockung; reversible Innenausbauten; Materialpässe. | Die Bestandshalle des CRCLR House ist eine ehemalige Fasslade- bzw. Lagerhalle auf dem Gelände der früheren Berliner Kindl-Brauerei in Neukölln. Sie wurde als Teil eines zirkulären Bauprojekts ertüchtigt, umgenutzt und durch eine Holzaufstockung ergänzt. Die Halle bildet den räumlichen Sockel für Coworking, Werkstätten, Veranstaltungen, Café- und Community-Nutzungen; darüber bzw. daran anschließend wurden Wohn- und Gemeinschaftsnutzungen entwickelt. Als gebäudebezogener Wissensspeicher steht hier die vorhandene Halle im Mittelpunkt: ihre Struktur, ihre Umnutzungsfähigkeit, ihre Aufnahme von Re-Use-Ausbauelementen und ihre Rolle als Demonstrator für zirkuläres Bauen. | Umbau statt Abriss; zirkuläres Bauen; Reallabor im Bestand; Mischnutzung; Holzaufstockung; reversible Innenausbauten; Materialpässe. | Die Bestandshalle des CRCLR House ist eine ehemalige Fasslade- bzw. Lagerhalle auf dem Gelände der früheren Berliner Kindl-Brauerei in Neukölln. Sie wurde als Teil eines zirkulären Bauprojekts ertüchtigt, umgenutzt und durch eine Holzaufstockung ergänzt. Die Halle bildet den räumlichen Sockel für Coworking, Werkstätten, Veranstaltungen, Café- und Community-Nutzungen; darüber bzw. daran anschließend wurden Wohn- und Gemeinschaftsnutzungen entwickelt. Als gebäudebezogener Wissensspeicher steht hier die vorhandene Halle im Mittelpunkt: ihre Struktur, ihre Umnutzungsfähigkeit, ihre Aufnahme von Re-Use-Ausbauelementen und ihre Rolle als Demonstrator für zirkuläres Bauen.","no_has_bauobjektrolle_target"
"bauobjekt/Bestandverplanzung_Pavilion_Muenchen","","Gebäude\Bestandverplanzung_Pavilion_Muenchen.md","","","","","Bestandverplanzung Pavilion, München — Fallstudie Direct Reuse / zirkuläres Bauen | Pavillon / Demonstrator; genaue Nutzung unbekannt","no_has_nutzung_target"
"bauobjekt/Bestandverplanzung_Pavilion_Muenchen","","Gebäude\Bestandverplanzung_Pavilion_Muenchen.md","","","","","Bestandverplanzung Pavilion, München — Fallstudie Direct Reuse / zirkuläres Bauen | Bestandverplanzung_Pavilion_Muenchen | Pavillon / kleine wiederaufgebaute Bungalow-Struktur; genaue Gebäudebezeichnung unbekannt | Bestandverplanzung Pavilion, München — Fallstudie Direct Reuse / zirkuläres Bauen | Wiederverwendung von Paneelen aus drei Bungalows des Münchner Olympischen Dorfes | Bestandverplanzung Pavilion, München — Fallstudie Direct Reuse / zirkuläres Bauen | Pavillon / kleine wiederaufgebaute Bungalow-Struktur; genaue Gebäudebezeichnung unbekannt | Wiederverwendung von Paneelen aus drei Bungalows des Münchner Olympischen Dorfes | Studentische bzw. olympische Bungalows im Olympischen Dorf München | Pavillon / Demonstrator; genaue Nutzung unbekannt | 2008 laut PRECS; Donor-Bungalows aus Olympiadorf-Kontext ca. 1972 | gebaut / Pavillon bzw. kleiner Demonstrator","no_has_bausystem_target"
"bauobjekt/Bestandverplanzung_Pavilion_Muenchen","","Gebäude\Bestandverplanzung_Pavilion_Muenchen.md","","","","","Bestandverplanzung Pavilion, München — Fallstudie Direct Reuse / zirkuläres Bauen | Wiederverwendung von Paneelen aus drei Bungalows des Münchner Olympischen Dorfes | Bestandverplanzung Pavilion, München — Fallstudie Direct Reuse / zirkuläres Bauen | Bestandverplanzung_Pavilion_Muenchen | Pavillon / kleine wiederaufgebaute Bungalow-Struktur; genaue Gebäudebezeichnung unbekannt","no_has_bauaufgabe_intervention_target"
"bauobjekt/Big_Dig_Building_Boston","","Gebäude\Big_Dig_Building_Boston.md","","","","","Big Dig Building, Boston/Cambridge — Fallstudie Direct Reuse / zirkuläres Bauen | geplant als Gebäudestruktur, Fassade, Freiraum-/Landschaftselemente; nicht gebaut","no_has_nutzung_target"
"bauobjekt/Big_Dig_Building_Boston","","Gebäude\Big_Dig_Building_Boston.md","","","","","Big Dig Building, Boston/Cambridge — Fallstudie Direct Reuse / zirkuläres Bauen | Big_Dig_Building_Boston | geplantes Housing-/Commercial-Projekt | Big Dig Building, Boston/Cambridge — Fallstudie Direct Reuse / zirkuläres Bauen | Umnutzung von Big-Dig-Infrastrukturkomponenten als Gebäudestruktur und Fassaden-/Raumelemente | Big Dig Building, Boston/Cambridge — Fallstudie Direct Reuse / zirkuläres Bauen | geplantes Housing-/Commercial-Projekt | Umnutzung von Big-Dig-Infrastrukturkomponenten als Gebäudestruktur und Fassaden-/Raumelemente | temporäre/obsolete Infrastrukturbauteile aus Bostons Big Dig, z. B. erhöhte Straßen-/Rampenbauteile | geplant als Gebäudestruktur, Fassade, Freiraum-/Landschaftselemente; nicht gebaut | Holcim Project Entry 2005; ArchDaily Project year 2008 | Proposal / aborted / ungebaut","no_has_bausystem_target"
"bauobjekt/Big_Dig_House_Lexington_Massachusetts","","Gebäude\Big_Dig_House_Lexington_Massachusetts.md","","","","","Big Dig House, Lexington, Massachusetts — Fallstudie Direct Reuse / zirkuläres Bauen | Big_Dig_House_Lexington_Massachusetts | modernes Wohnhaus / Einfamilienhaus | Big Dig House, Lexington, Massachusetts — Fallstudie Direct Reuse / zirkuläres Bauen | Haus aus wiederverwendeten Stahl- und Betonbauteilen der Boston Big Dig / Central Artery/Tunnel Project / I-93 | Big Dig House, Lexington, Massachusetts — Fallstudie Direct Reuse / zirkuläres Bauen | modernes Wohnhaus / Einfamilienhaus | Haus aus wiederverwendeten Stahl- und Betonbauteilen der Boston Big Dig / Central Artery/Tunnel Project / I-93 | Bauteile aus temporären Rampen, Straßen-/Highway-Bauteilen und dem Rückbau der I-93/Big-Dig-Infrastruktur | tragendes Wohnhaustragwerk, Boden-/Deckenelemente, Rahmen | Konzeptkontakt ab 2003 laut New Yorker; Fertigstellung 2006 | gebaut; Fertigstellung 2006.","no_has_bausystem_target"
"bauobjekt/Big_Dig_House_Lexington_Massachusetts","","Gebäude\Big_Dig_House_Lexington_Massachusetts.md","","","","","Big Dig House, Lexington, Massachusetts — Fallstudie Direct Reuse / zirkuläres Bauen | Haus aus wiederverwendeten Stahl- und Betonbauteilen der Boston Big Dig / Central Artery/Tunnel Project / I-93 | Big Dig House, Lexington, Massachusetts — Fallstudie Direct Reuse / zirkuläres Bauen | Big_Dig_House_Lexington_Massachusetts | modernes Wohnhaus / Einfamilienhaus","no_has_bauaufgabe_intervention_target"
"bauobjekt/BioPartner_5_Leiden_Oegstgeest","","Gebäude\BioPartner_5_Leiden_Oegstgeest.md","","","","","BioPartner 5, Leiden / Oegstgeest — Fallstudie Direct Reuse / Wiederverwendung | BioPartner_5_Leiden_Oegstgeest | Labor-, Büro- und Begegnungsgebäude für Life-Sciences-Startups | BioPartner 5, Leiden / Oegstgeest — Fallstudie Direct Reuse / Wiederverwendung | fünftes Gebäude von BioPartner Center Leiden | BioPartner 5, Leiden / Oegstgeest — Fallstudie Direct Reuse / Wiederverwendung | Labor-, Büro- und Begegnungsgebäude für Life-Sciences-Startups | fünftes Gebäude von BioPartner Center Leiden | Donor: Universitätslabor / Gorlaeus-Hochhaus, Fakultät Naturwissenschaften | Labor, Büro, Restaurant, Meetingcenter, Wintergarten, Terrasse | Entwurfsstart Juni 2018; Realisierung 2020–2021; Fertigstellung / Übergabe 2021 | gebaut","no_has_bausystem_target"
"bauobjekt/BioPartner_5_Leiden_Oegstgeest","","Gebäude\BioPartner_5_Leiden_Oegstgeest.md","","","","","BioPartner 5, Leiden / Oegstgeest — Fallstudie Direct Reuse / Wiederverwendung | fünftes Gebäude von BioPartner Center Leiden | BioPartner 5, Leiden / Oegstgeest — Fallstudie Direct Reuse / Wiederverwendung | BioPartner_5_Leiden_Oegstgeest | Labor-, Büro- und Begegnungsgebäude für Life-Sciences-Startups","no_has_bauaufgabe_intervention_target"
"bauobjekt/BlueCity_Offices_Rotterdam","","Gebäude\BlueCity_Offices_Rotterdam.md","","","","","BlueCity Offices Rotterdam – Fallstudie Direct Reuse / zirkuläres Bauen | BlueCity_Offices_Rotterdam | ehemaliges Tropicana / Club Tropicana | BlueCity Offices Rotterdam – Fallstudie Direct Reuse / zirkuläres Bauen | Büroflügel in ehemaliger Discothek als erster Transformationsabschnitt von BlueCity | BlueCity Offices Rotterdam – Fallstudie Direct Reuse / zirkuläres Bauen | ehemaliges Tropicana / Club Tropicana | Büroflügel in ehemaliger Discothek als erster Transformationsabschnitt von BlueCity | subtropisches Schwimmbad / Discothek Club Tropicana | Büro- und Arbeitsplätze für zirkuläre Unternehmen, Coworking, private und flexible Offices | eröffnet 31.03.2017; Fertigstellung März 2017 | gebaut","no_has_bausystem_target"
"bauobjekt/Boulder_Fire_Station_3","","Gebäude\Boulder_Fire_Station_3.md","","","","","Boulder Fire Station 3, Boulder, Colorado — Fallstudie Direct Reuse / zirkuläres Bauen | Boulder_Fire_Station_3 | Feuerwache und Fire Administration | Boulder Fire Station 3, Boulder, Colorado — Fallstudie Direct Reuse / zirkuläres Bauen | Neubau / Ersatzbau für alte Fire Station 3","no_has_bauobjektklasse_target"
"bauobjekt/Boulder_Fire_Station_3","","Gebäude\Boulder_Fire_Station_3.md","","","","","Boulder Fire Station 3, Boulder, Colorado — Fallstudie Direct Reuse / zirkuläres Bauen | Boulder_Fire_Station_3 | Feuerwache und Fire Administration | Boulder Fire Station 3, Boulder, Colorado — Fallstudie Direct Reuse / zirkuläres Bauen | Neubau / Ersatzbau für alte Fire Station 3 | Boulder Fire Station 3, Boulder, Colorado — Fallstudie Direct Reuse / zirkuläres Bauen | Feuerwache und Fire Administration | Neubau / Ersatzbau für alte Fire Station 3 | Donor-Stahl: Krankenhausstruktur des dekommissionierten Boulder Community Hospital | tragende Stahlbauteile in Feuerwache / öffentliche Sicherheitsinfrastruktur | Planung vor/um 2023–2024; completed/brought online November 2024; Completion Date Q4 2024 laut City project page | gebaut / completed and brought online November 2024","no_has_bausystem_target"
"bauobjekt/Brent_Cross_Town_Primary_Substation_London","","Gebäude\Brent_Cross_Town_Primary_Substation_London.md","","","","","Brent Cross Town Primary Substation, London — Fallstudie Direct Reuse / zirkuläres Bauen | Brent_Cross_Town_Primary_Substation_London | elektrische Primär-Substation mit ovalem Stahl-Screen / Kunstwerk-Hülle | Brent Cross Town Primary Substation, London — Fallstudie Direct Reuse / zirkuläres Bauen | Substation und öffentliche Landmarke für Brent Cross Town | Brent Cross Town Primary Substation, London — Fallstudie Direct Reuse / zirkuläres Bauen | elektrische Primär-Substation mit ovalem Stahl-Screen / Kunstwerk-Hülle | Substation und öffentliche Landmarke für Brent Cross Town | Stahlrohre: ungenutzte/überschüssige oil-and-gas pipeline projects; Grundstück: brownfield/ex-industrial land laut Arup | tragende Stützen und Aussteifungen des Substation-Screens | Stahlbau Juli–November 2022; weitere Projektdaten unbekannt | gebaut; Stahlbauarbeiten laut ASBP Juli–November 2022 abgeschlossen; Arup beschreibt realisiertes Projekt.","no_has_bausystem_target"
"bauobjekt/Brent_Cross_Town_Primary_Substation_London","","Gebäude\Brent_Cross_Town_Primary_Substation_London.md","","","","","Brent Cross Town Primary Substation, London — Fallstudie Direct Reuse / zirkuläres Bauen | Substation und öffentliche Landmarke für Brent Cross Town | Brent Cross Town Primary Substation, London — Fallstudie Direct Reuse / zirkuläres Bauen | Brent_Cross_Town_Primary_Substation_London | elektrische Primär-Substation mit ovalem Stahl-Screen / Kunstwerk-Hülle","no_has_bauaufgabe_intervention_target"
"bauobjekt/Brighton_Waste_House_Brighton","","Gebäude\Brighton_Waste_House_Brighton.md","","","","","Brighton Waste House / Wild House, Brighton — Fallstudie Bauteil- und Materialwiederverwendung | Brighton_Waste_House_Brighton | zweigeschossiges Demonstrations-/Forschungsgebäude | Brighton Waste House / Wild House, Brighton — Fallstudie Bauteil- und Materialwiederverwendung | permanentes Gebäude aus überwiegend Abfall- und Überschussmaterialien als ökologisches Designlabor | Brighton Waste House / Wild House, Brighton — Fallstudie Bauteil- und Materialwiederverwendung | zweigeschossiges Demonstrations-/Forschungsgebäude | permanentes Gebäude aus überwiegend Abfall- und Überschussmaterialien als ökologisches Designlabor | nicht zutreffend; Spenderquellen sind Haushalts-, Industrie- und Baustellenabfälle | Forschungs-, Lehr-, Demonstrations- und Besuchsgebäude | Projektstart 2012; Bau 2013/2014; Eröffnung 10. Juni 2014; Weiterentwicklung zu Wild House 2025 | gebaut / permanent; 2025 als „Brighton Wild House“ weiterentwickelt","no_has_bausystem_target"
"bauobjekt/Brighton_Waste_House_Brighton","","Gebäude\Brighton_Waste_House_Brighton.md","","","","","Brighton Waste House / Wild House, Brighton — Fallstudie Bauteil- und Materialwiederverwendung | permanentes Gebäude aus überwiegend Abfall- und Überschussmaterialien als ökologisches Designlabor | Brighton Waste House / Wild House, Brighton — Fallstudie Bauteil- und Materialwiederverwendung | Brighton_Waste_House_Brighton | zweigeschossiges Demonstrations-/Forschungsgebäude","no_has_bauaufgabe_intervention_target"
"bauobjekt/Broethen_Twin_House_Hoyerswerda","","Gebäude\Broethen_Twin_House_Hoyerswerda.md","","","","","Bröthen Twin-House, Hoyerswerda — Fallstudie Direct Reuse / Wiederverwendung von P2-Plattenbauteilen | Wiederverwendung von P2-Fertigteilen aus Massenwohnungsbau | Bröthen Twin-House, Hoyerswerda — Fallstudie Direct Reuse / Wiederverwendung von P2-Plattenbauteilen | Broethen_Twin_House_Hoyerswerda | Doppelhaus / Wohnhaus","no_has_bauaufgabe_intervention_target"
"bauobjekt/CRCLR_House_Impact_Hub_Berlin","","Gebäude\CRCLR_House_Impact_Hub_Berlin.md","","","","","CRCLR House / Impact Hub Berlin – Fallstudie Direct Reuse | CRCLR_House_Impact_Hub_Berlin | ehemalige Lager-/Fassladehalle auf dem Kindl-Areal | CRCLR House / Impact Hub Berlin – Fallstudie Direct Reuse | Umbau, Aufstockung und Ausbau zu Coworking, Werkstätten, Events und Wohnen | CRCLR House / Impact Hub Berlin – Fallstudie Direct Reuse | ehemalige Lager-/Fassladehalle auf dem Kindl-Areal | Umbau, Aufstockung und Ausbau zu Coworking, Werkstätten, Events und Wohnen | Lager-/Fassladehalle, ehemaliges Kindl-Brauerei-Areal | Coworking, Werkstätten, Studios, Events, Wohnen | Bauzeit 2020–2023; Impact Hub seit 2022/2023 in Nutzung je nach Quelle | gebaut","no_has_bausystem_target"
"bauobjekt/CascadeUp_London_secondary_timber_glulam_demonstrator","","Gebäude\CascadeUp_London_secondary_timber_glulam_demonstrator.md","","","","","CascadeUp / London secondary-timber glulam demonstrator — Fallstudie Direct Reuse | CascadeUp_London_secondary_timber_glulam_demonstrator | kleiner modularer Pilotbau / Ausstellungsdemonstrator | CascadeUp / London secondary-timber glulam demonstrator — Fallstudie Direct Reuse | CascadeUp / Mass Secondary Timber Pilot","no_has_bauobjektklasse_target"
"bauobjekt/CascadeUp_London_secondary_timber_glulam_demonstrator","","Gebäude\CascadeUp_London_secondary_timber_glulam_demonstrator.md","","","","","CascadeUp / London secondary-timber glulam demonstrator — Fallstudie Direct Reuse | tragender Rahmen sowie Wand-/Bodenpaneele eines modularen Demonstrators","no_has_nutzung_target"
"bauobjekt/CascadeUp_London_secondary_timber_glulam_demonstrator","","Gebäude\CascadeUp_London_secondary_timber_glulam_demonstrator.md","","","","","CascadeUp / London secondary-timber glulam demonstrator — Fallstudie Direct Reuse | CascadeUp_London_secondary_timber_glulam_demonstrator | kleiner modularer Pilotbau / Ausstellungsdemonstrator | CascadeUp / London secondary-timber glulam demonstrator — Fallstudie Direct Reuse | CascadeUp / Mass Secondary Timber Pilot | CascadeUp / London secondary-timber glulam demonstrator — Fallstudie Direct Reuse | kleiner modularer Pilotbau / Ausstellungsdemonstrator | CascadeUp / Mass Secondary Timber Pilot | Rückbauholz aus Demolition-Waste-Streams; genaue Donorgebäude/Funktionen unbekannt | tragender Rahmen sowie Wand-/Bodenpaneele eines modularen Demonstrators | 2024–2025 als Ausstellungs-/Pilotphase belegt | Prototyp / Demonstrator","no_has_bausystem_target"
"bauobjekt/CascadeUp_London_secondary_timber_glulam_demonstrator","","Gebäude\CascadeUp_London_secondary_timber_glulam_demonstrator.md","","","","","CascadeUp / London secondary-timber glulam demonstrator — Fallstudie Direct Reuse | CascadeUp / Mass Secondary Timber Pilot | CascadeUp / London secondary-timber glulam demonstrator — Fallstudie Direct Reuse | CascadeUp_London_secondary_timber_glulam_demonstrator | kleiner modularer Pilotbau / Ausstellungsdemonstrator","no_has_bauaufgabe_intervention_target"
"bauobjekt/Charles_Malis_Molenbeek","","Gebäude\Charles_Malis_Molenbeek.md","","","","","Charles Malis / Antenne administrative Molenbeek-Saint-Jean — Fallstudie Direct Reuse | Charles_Malis_Molenbeek | zwei erhaltene Volumen einer früheren Zigarettenfabrik | Charles Malis / Antenne administrative Molenbeek-Saint-Jean — Fallstudie Direct Reuse | Umnutzung zu lokaler Verwaltungsstelle / Bürger:innenservice","no_has_bauobjektklasse_target"
"bauobjekt/Charles_Malis_Molenbeek","","Gebäude\Charles_Malis_Molenbeek.md","","","","","Charles Malis / Antenne administrative Molenbeek-Saint-Jean — Fallstudie Direct Reuse | Charles_Malis_Molenbeek | zwei erhaltene Volumen einer früheren Zigarettenfabrik | Charles Malis / Antenne administrative Molenbeek-Saint-Jean — Fallstudie Direct Reuse | Umnutzung zu lokaler Verwaltungsstelle / Bürger:innenservice | Charles Malis / Antenne administrative Molenbeek-Saint-Jean — Fallstudie Direct Reuse | zwei erhaltene Volumen einer früheren Zigarettenfabrik | Umnutzung zu lokaler Verwaltungsstelle / Bürger:innenservice | Teil eines Industriekomplexes zur Zigarettenproduktion | Wartehalle, 12 Schalter, Verwaltungsbüros | Entwurf 2012; Fertigstellung/Lieferung 2016; LD2 nennt 2017; Mamout-Seite führt 2018 als Projektjahr/Publikationskontext | gebaut","no_has_bausystem_target"
"bauobjekt/Chiro_d_Itterbeek_Dilbeek","","Gebäude\Chiro_d_Itterbeek_Dilbeek.md","","","","","Chiro d’Itterbeek / Sanitary block, Dilbeek – Fallstudie Direct Reuse | Sanitärblock / WC-Anlage für Chiro und Besucher","no_has_nutzung_target"
"bauobjekt/Chiro_d_Itterbeek_Dilbeek","","Gebäude\Chiro_d_Itterbeek_Dilbeek.md","","","","","Chiro d’Itterbeek / Sanitary block, Dilbeek – Fallstudie Direct Reuse | Chiro_d_Itterbeek_Dilbeek | kleiner Sanitärpavillon neben alter Farm | Chiro d’Itterbeek / Sanitary block, Dilbeek – Fallstudie Direct Reuse | Neubau/Anbau eines Sanitärblocks für Chiro d’Itterbeek und Festival-/Besucherbedarf | Chiro d’Itterbeek / Sanitary block, Dilbeek – Fallstudie Direct Reuse | kleiner Sanitärpavillon neben alter Farm | Neubau/Anbau eines Sanitärblocks für Chiro d’Itterbeek und Festival-/Besucherbedarf | neben bestehender Farm; kein vorheriger Sanitärpavillon belegt | Sanitärblock / WC-Anlage für Chiro und Besucher | Baujahr 2018; Lieferung 2019 | gebaut","no_has_bausystem_target"
"bauobjekt/Christ_Pavilion_Volkenroda","","Gebäude\Christ_Pavilion_Volkenroda.md","","","","","Christus-Pavillon / Christ Pavilion, Volkenroda — Fallstudie Direct Reuse / zirkuläres Bauen | Kirche / Bestandteil des Klosters Volkenroda","no_has_nutzung_target"
"bauobjekt/Christ_Pavilion_Volkenroda","","Gebäude\Christ_Pavilion_Volkenroda.md","","","","","Christus-Pavillon / Christ Pavilion, Volkenroda — Fallstudie Direct Reuse / zirkuläres Bauen | Christ_Pavilion_Volkenroda | ökumenischer Pavillon / Kirche / Kreuzgangensemble | Christus-Pavillon / Christ Pavilion, Volkenroda — Fallstudie Direct Reuse / zirkuläres Bauen | Abbau nach EXPO 2000 und Wiederaufbau in Volkenroda | Christus-Pavillon / Christ Pavilion, Volkenroda — Fallstudie Direct Reuse / zirkuläres Bauen | ökumenischer Pavillon / Kirche / Kreuzgangensemble | Abbau nach EXPO 2000 und Wiederaufbau in Volkenroda | EXPO-Pavillon / ökumenische Kirche für Weltausstellung | Kirche / Bestandteil des Klosters Volkenroda | Wettbewerb 1997; Bauzeit 1999–April/2000; Wiederaufbau in Volkenroda Februar–August 2001 bzw. Fertigstellung August 2001 | gebaut / transloziert / in Nutzung","no_has_bausystem_target"
"bauobjekt/Circular_Centre_Netherlands_Prinsenhof_A_reuse_pilot","","Gebäude\Circular_Centre_Netherlands_Prinsenhof_A_reuse_pilot.md","","","","","Circular Centre Netherlands / Prinsenhof A reuse pilot — Fallstudie Wiederverwendung / Direct Reuse | Wissens- und Innovationszentrum für circular construction in Heerde","no_has_nutzung_target"
"bauobjekt/Circular_Centre_Netherlands_Prinsenhof_A_reuse_pilot","","Gebäude\Circular_Centre_Netherlands_Prinsenhof_A_reuse_pilot.md","","","","","Circular Centre Netherlands / Prinsenhof A reuse pilot — Fallstudie Wiederverwendung / Direct Reuse | Circular_Centre_Netherlands_Prinsenhof_A_reuse_pilot | Knowledge and innovation centre for circular construction; Zielgebäude aus Prinsenhof-A-Bauteilen | Circular Centre Netherlands / Prinsenhof A reuse pilot — Fallstudie Wiederverwendung / Direct Reuse | Dutch ReCreate pilot project | Circular Centre Netherlands / Prinsenhof A reuse pilot — Fallstudie Wiederverwendung / Direct Reuse | Knowledge and innovation centre for circular construction; Zielgebäude aus Prinsenhof-A-Bauteilen | Dutch ReCreate pilot project | ehemaliges Büro-/Provinzgebäude Gelderland, Prinsenhof A, Arnhem | Wissens- und Innovationszentrum für circular construction in Heerde | Demontage Prinsenhof A 2022; Refurbishing Plan 2025; Bau CCN laut Lagemaat 2026, ReCreate nennt Start 2025; Fertigstellung unbekannt | geplant / in Entwicklung; Lagemaat nennt Bau in 2026, ReCreate hatte Start 2025 angekündigt. Fertigstellung unbekannt.","no_has_bausystem_target"
"bauobjekt/Circular_Centre_Netherlands_Prinsenhof_A_reuse_pilot","","Gebäude\Circular_Centre_Netherlands_Prinsenhof_A_reuse_pilot.md","","","","","Circular Centre Netherlands / Prinsenhof A reuse pilot — Fallstudie Wiederverwendung / Direct Reuse | Dutch ReCreate pilot project | Circular Centre Netherlands / Prinsenhof A reuse pilot — Fallstudie Wiederverwendung / Direct Reuse | Circular_Centre_Netherlands_Prinsenhof_A_reuse_pilot | Knowledge and innovation centre for circular construction; Zielgebäude aus Prinsenhof-A-Bauteilen","no_has_bauaufgabe_intervention_target"
"bauobjekt/Circular_Pavilion_Paris","","Gebäude\Circular_Pavilion_Paris.md","","","","","Pavillon Circulaire / Circular Pavilion, Paris — Fallstudie Direct Reuse | Circular_Pavilion_Paris | temporärer Kulturpavillon | Pavillon Circulaire / Circular Pavilion, Paris — Fallstudie Direct Reuse | Demonstrator für réemploi de matériaux im COP21-Kontext | Pavillon Circulaire / Circular Pavilion, Paris — Fallstudie Direct Reuse | temporärer Kulturpavillon | Demonstrator für réemploi de matériaux im COP21-Kontext | je Bauteil unterschiedlich: Türen aus Wohnhaussanierung, Dämmung aus Supermarktdach, Paneele aus Ausstellungen, Terrasse aus Paris-Plage, Leuchten aus öffentlichem Beleuchtungsbestand | Pavillon für Ausstellungen, Workshops, Debatten, Kulturprogramm | Lieferung/Fertigstellung 2015; temporäre Nutzung während COP21-Kontext; Demontage/Versetzung Anfang 2016 angekündigt | gebaut / temporär; spätere Wiederaufstellung als Vereinsgebäude angekündigt, tatsächlicher Umsetzungsnachweis unbekannt","no_has_bausystem_target"
"bauobjekt/Circular_Pavilion_Paris","","Gebäude\Circular_Pavilion_Paris.md","","","","","Pavillon Circulaire / Circular Pavilion, Paris — Fallstudie Direct Reuse | Demonstrator für réemploi de matériaux im COP21-Kontext | Pavillon Circulaire / Circular Pavilion, Paris — Fallstudie Direct Reuse | Circular_Pavilion_Paris | temporärer Kulturpavillon","no_has_bauaufgabe_intervention_target"
"bauobjekt/Da_Vinci_Business_District","","gebaeude\Da_Vinci_Business_District.md","","","","","Da Vinci Business District | Da_Vinci_Business_District | Da Vinci Business District | Gewerbebestand als urbane Ressource; Re-Use-Logistik; Bauteilhandel; urban production; Kreislaufwirtschaft in Wirtschaftsgebieten; adaptive reuse von 1980er-Jahre-Gewerbebauten. | Da Vinci Business District | Gewerbebestand als urbane Ressource; Re-Use-Logistik; Bauteilhandel; urban production; Kreislaufwirtschaft in Wirtschaftsgebieten; adaptive reuse von 1980er-Jahre-Gewerbebauten. | Gewerbebestand als urbane Ressource; Re-Use-Logistik; Bauteilhandel; urban production; Kreislaufwirtschaft in Wirtschaftsgebieten; adaptive reuse von 1980er-Jahre-Gewerbebauten. | Der Da Vinci Business District in Evere, Brüssel, ist ein gewerblich geprägtes Gebiet von citydev.brussels. Für die Wiederverwendungsforschung ist besonders das rund 14.000 m² große RotorDC-Areal relevant: Seit Sommer 2022 arbeitet Rotor Deconstruction an der Transformation vorhandener Gebäude aus den 1980er-Jahren zu einem Zentrum für Wiederverwendung, Handwerk und urbane Produktion. Die Datei behandelt daher nicht einen einzelnen ikonischen Bau, sondern einen bestehenden Gewerbe- und Lagerkomplex als Infrastrukturgebäude für die Bauteilwiederverwendung. | Gewerbebestand als urbane Ressource; Re-Use-Logistik; Bauteilhandel; urban production; Kreislaufwirtschaft in Wirtschaftsgebieten; adaptive reuse von 1980er-Jahre-Gewerbebauten. | Der Da Vinci Business District in Evere, Brüssel, ist ein gewerblich geprägtes Gebiet von citydev.brussels. Für die Wiederverwendungsforschung ist besonders das rund 14.000 m² große RotorDC-Areal relevant: Seit Sommer 2022 arbeitet Rotor Deconstruction an der Transformation vorhandener Gebäude aus den 1980er-Jahren zu einem Zentrum für Wiederverwendung, Handwerk und urbane Produktion. Die Datei behandelt daher nicht einen einzelnen ikonischen Bau, sondern einen bestehenden Gewerbe- und Lagerkomplex als Infrastrukturgebäude für die Bauteilwiederverwendung.","no_has_bausystem_target"
"bauobjekt/Da_Vinci_Business_District","","gebaeude\Da_Vinci_Business_District.md","","","","","Da Vinci Business District | Gewerbebestand als urbane Ressource; Re-Use-Logistik; Bauteilhandel; urban production; Kreislaufwirtschaft in Wirtschaftsgebieten; adaptive reuse von 1980er-Jahre-Gewerbebauten. | Der Da Vinci Business District in Evere, Brüssel, ist ein gewerblich geprägtes Gebiet von citydev.brussels. Für die Wiederverwendungsforschung ist besonders das rund 14.000 m² große RotorDC-Areal relevant: Seit Sommer 2022 arbeitet Rotor Deconstruction an der Transformation vorhandener Gebäude aus den 1980er-Jahren zu einem Zentrum für Wiederverwendung, Handwerk und urbane Produktion. Die Datei behandelt daher nicht einen einzelnen ikonischen Bau, sondern einen bestehenden Gewerbe- und Lagerkomplex als Infrastrukturgebäude für die Bauteilwiederverwendung.","no_has_bauobjektstatus_target"
"bauobjekt/ELYS_Kultur_Gewerbehaus_Basel","","Gebäude\ELYS_Kultur_Gewerbehaus_Basel.md","","","","","ELYS Kultur- & Gewerbehaus, Basel – Fallstudie Direct Reuse | ELYS_Kultur_Gewerbehaus_Basel | ehemaliges Coop-Verteilzentrum / ehemalige Großbäckerei | ELYS Kultur- & Gewerbehaus, Basel – Fallstudie Direct Reuse | Umnutzung zu Kultur- und Gewerbehaus | ELYS Kultur- & Gewerbehaus, Basel – Fallstudie Direct Reuse | ehemaliges Coop-Verteilzentrum / ehemalige Großbäckerei | Umnutzung zu Kultur- und Gewerbehaus | Coop-Verteilzentrum / Großbäckerei / Logistikgebäude | Kultur, Gewerbe, Ateliers, Sport, Boulderhalle, Gastronomie, Lager, Vereins- und Proberäume | Projektierung 2017–2018; Realisierung 2018–2020; Bezug 2020; andere Quellen nennen completion 2021 | gebaut","no_has_bausystem_target"
"bauobjekt/ELYS_Kultur_und_Gewerbehaus_Basel_Lysbuechelareal","","gebaeude\ELYS_Kultur_und_Gewerbehaus_Basel_Lysbuechelareal.md","","","","","ELYS Kultur- und Gewerbehaus, Basel / Lysbüchelareal | ELYS_Kultur_und_Gewerbehaus_Basel_Lysbuechelareal | ELYS Kultur- und Gewerbehaus, Basel / Lysbüchelareal | Umnutzung grosser Gewerbe- und Logistikbauten; Kreislaufwirtschaft im Bestand; Urban Mining; Transformation ehemaliger Industrie- und Versorgungsareale; nutzungsgemischte Quartiersbausteine. | ELYS Kultur- und Gewerbehaus, Basel / Lysbüchelareal | Umnutzung grosser Gewerbe- und Logistikbauten; Kreislaufwirtschaft im Bestand; Urban Mining; Transformation ehemaliger Industrie- und Versorgungsareale; nutzungsgemischte Quartiersbausteine. | ELYS Kultur- und Gewerbehaus, Basel / Lysbüchelareal | Umnutzung grosser Gewerbe- und Logistikbauten; Kreislaufwirtschaft im Bestand; Urban Mining; Transformation ehemaliger Industrie- und Versorgungsareale; nutzungsgemischte Quartiersbausteine. | ELYS ist ein Kultur- und Gewerbehaus im Basler Lysbüchel-/Volta-Nord-Areal. Es entstand aus der Umnutzung ehemaliger Coop-Gebäude, insbesondere eines früheren Verteilzentrums bzw. grossen Gewerbe- und Produktionsbaus, der zusammen mit benachbarten Bestandsbauten neu organisiert wurde. Das Gebäude ist kein reines Denkmal- oder Ausstellungsobjekt, sondern ein belastbares Beispiel dafür, wie ein tiefes, ehemals monofunktionales Gewerbegebäude durch Teilrückbau, neue Belichtung, neue Erschliessung und Re-Use-Fassadenteile in einen nutzungsgemischten städtischen Baustein überführt werden kann.

Gebäudebezogen ist ELYS vor allem relevant als Umbau eines grossmassstäblichen, jüngeren Industrie-/Logistikbestands aus den 1980er-Jahren. Die bauliche Ausgangslage war weniger durch historische Ornamentik als durch Tragstruktur, Gebäudetiefe, Fassadenraster, geringe Dämmqualität und grosse zusammenhängende Flächen geprägt. | ELYS Kultur- und Gewerbehaus, Basel / Lysbüchelareal | Umnutzung grosser Gewerbe- und Logistikbauten; Kreislaufwirtschaft im Bestand; Urban Mining; Transformation ehemaliger Industrie- und Versorgungsareale; nutzungsgemischte Quartiersbausteine. | ELYS ist ein Kultur- und Gewerbehaus im Basler Lysbüchel-/Volta-Nord-Areal. Es entstand aus der Umnutzung ehemaliger Coop-Gebäude, insbesondere eines früheren Verteilzentrums bzw. grossen Gewerbe- und Produktionsbaus, der zusammen mit benachbarten Bestandsbauten neu organisiert wurde. Das Gebäude ist kein reines Denkmal- oder Ausstellungsobjekt, sondern ein belastbares Beispiel dafür, wie ein tiefes, ehemals monofunktionales Gewerbegebäude durch Teilrückbau, neue Belichtung, neue Erschliessung und Re-Use-Fassadenteile in einen nutzungsgemischten städtischen Baustein überführt werden kann.

Gebäudebezogen ist ELYS vor allem relevant als Umbau eines grossmassstäblichen, jüngeren Industrie-/Logistikbestands aus den 1980er-Jahren. Die bauliche Ausgangslage war weniger durch historische Ornamentik als durch Tragstruktur, Gebäudetiefe, Fassadenraster, geringe Dämmqualität und grosse zusammenhängende Flächen geprägt.","no_has_bausystem_target"
"bauobjekt/ELYS_Kultur_und_Gewerbehaus_Basel_Lysbuechelareal","","gebaeude\ELYS_Kultur_und_Gewerbehaus_Basel_Lysbuechelareal.md","","","","","ELYS Kultur- und Gewerbehaus, Basel / Lysbüchelareal | ELYS Kultur- und Gewerbehaus, Basel / Lysbüchelareal | Umnutzung grosser Gewerbe- und Logistikbauten; Kreislaufwirtschaft im Bestand; Urban Mining; Transformation ehemaliger Industrie- und Versorgungsareale; nutzungsgemischte Quartiersbausteine. | ELYS ist ein Kultur- und Gewerbehaus im Basler Lysbüchel-/Volta-Nord-Areal. Es entstand aus der Umnutzung ehemaliger Coop-Gebäude, insbesondere eines früheren Verteilzentrums bzw. grossen Gewerbe- und Produktionsbaus, der zusammen mit benachbarten Bestandsbauten neu organisiert wurde. Das Gebäude ist kein reines Denkmal- oder Ausstellungsobjekt, sondern ein belastbares Beispiel dafür, wie ein tiefes, ehemals monofunktionales Gewerbegebäude durch Teilrückbau, neue Belichtung, neue Erschliessung und Re-Use-Fassadenteile in einen nutzungsgemischten städtischen Baustein überführt werden kann.

Gebäudebezogen ist ELYS vor allem relevant als Umbau eines grossmassstäblichen, jüngeren Industrie-/Logistikbestands aus den 1980er-Jahren. Die bauliche Ausgangslage war weniger durch historische Ornamentik als durch Tragstruktur, Gebäudetiefe, Fassadenraster, geringe Dämmqualität und grosse zusammenhängende Flächen geprägt.","no_has_bauobjektstatus_target"
"bauobjekt/ELYS_Kultur_und_Gewerbehaus_Basel_Lysbuechelareal","","gebaeude\ELYS_Kultur_und_Gewerbehaus_Basel_Lysbuechelareal.md","","","","","ELYS Kultur- und Gewerbehaus, Basel / Lysbüchelareal | Umnutzung grosser Gewerbe- und Logistikbauten; Kreislaufwirtschaft im Bestand; Urban Mining; Transformation ehemaliger Industrie- und Versorgungsareale; nutzungsgemischte Quartiersbausteine. | ELYS Kultur- und Gewerbehaus, Basel / Lysbüchelareal | Umnutzung grosser Gewerbe- und Logistikbauten; Kreislaufwirtschaft im Bestand; Urban Mining; Transformation ehemaliger Industrie- und Versorgungsareale; nutzungsgemischte Quartiersbausteine. | ELYS ist ein Kultur- und Gewerbehaus im Basler Lysbüchel-/Volta-Nord-Areal. Es entstand aus der Umnutzung ehemaliger Coop-Gebäude, insbesondere eines früheren Verteilzentrums bzw. grossen Gewerbe- und Produktionsbaus, der zusammen mit benachbarten Bestandsbauten neu organisiert wurde. Das Gebäude ist kein reines Denkmal- oder Ausstellungsobjekt, sondern ein belastbares Beispiel dafür, wie ein tiefes, ehemals monofunktionales Gewerbegebäude durch Teilrückbau, neue Belichtung, neue Erschliessung und Re-Use-Fassadenteile in einen nutzungsgemischten städtischen Baustein überführt werden kann.

Gebäudebezogen ist ELYS vor allem relevant als Umbau eines grossmassstäblichen, jüngeren Industrie-/Logistikbestands aus den 1980er-Jahren. Die bauliche Ausgangslage war weniger durch historische Ornamentik als durch Tragstruktur, Gebäudetiefe, Fassadenraster, geringe Dämmqualität und grosse zusammenhängende Flächen geprägt. | ELYS Kultur- und Gewerbehaus, Basel / Lysbüchelareal | Umnutzung grosser Gewerbe- und Logistikbauten; Kreislaufwirtschaft im Bestand; Urban Mining; Transformation ehemaliger Industrie- und Versorgungsareale; nutzungsgemischte Quartiersbausteine. | ELYS ist ein Kultur- und Gewerbehaus im Basler Lysbüchel-/Volta-Nord-Areal. Es entstand aus der Umnutzung ehemaliger Coop-Gebäude, insbesondere eines früheren Verteilzentrums bzw. grossen Gewerbe- und Produktionsbaus, der zusammen mit benachbarten Bestandsbauten neu organisiert wurde. Das Gebäude ist kein reines Denkmal- oder Ausstellungsobjekt, sondern ein belastbares Beispiel dafür, wie ein tiefes, ehemals monofunktionales Gewerbegebäude durch Teilrückbau, neue Belichtung, neue Erschliessung und Re-Use-Fassadenteile in einen nutzungsgemischten städtischen Baustein überführt werden kann.

Gebäudebezogen ist ELYS vor allem relevant als Umbau eines grossmassstäblichen, jüngeren Industrie-/Logistikbestands aus den 1980er-Jahren. Die bauliche Ausgangslage war weniger durch historische Ornamentik als durch Tragstruktur, Gebäudetiefe, Fassadenraster, geringe Dämmqualität und grosse zusammenhängende Flächen geprägt.","no_has_bauobjektrolle_target"
"bauobjekt/Elementa","","gebaeude\Elementa.md","","","","","ELEMENTA – ReUse-Wohnungsbau Walkeweg Basel | Elementa | ELEMENTA – ReUse-Wohnungsbau Walkeweg Basel","no_has_bauobjektklasse_target"
"bauobjekt/Elementa","","gebaeude\Elementa.md","","","","","ELEMENTA – ReUse-Wohnungsbau Walkeweg Basel | Elementa | ELEMENTA – ReUse-Wohnungsbau Walkeweg Basel","no_has_bausystem_target"
"bauobjekt/Elementa","","gebaeude\Elementa.md","","","","","ELEMENTA – ReUse-Wohnungsbau Walkeweg Basel","no_has_bauobjektstatus_target"
"bauobjekt/Elementa","","gebaeude\Elementa.md","","","","","ELEMENTA – ReUse-Wohnungsbau Walkeweg Basel","no_has_bauobjektrolle_target"
"bauobjekt/Elementa","","gebaeude\Elementa.md","","","","","ELEMENTA – ReUse-Wohnungsbau Walkeweg Basel | ELEMENTA – ReUse-Wohnungsbau Walkeweg Basel | Elementa","no_has_bauaufgabe_intervention_target"
"bauobjekt/Europa_Building_Brussels","","Gebäude\Europa_Building_Brussels.md","","","","","Europa Building, Brussels – Fallstudie Direct Reuse | EU-Ratsgebäude mit Konferenzräumen, Büros und Pressebereichen","no_has_nutzung_target"
"bauobjekt/Europa_Building_Brussels","","Gebäude\Europa_Building_Brussels.md","","","","","Europa Building, Brussels – Fallstudie Direct Reuse | Europa_Building_Brussels | Neubau/Erweiterung mit integriertem Teil des Residence Palace | Europa Building, Brussels – Fallstudie Direct Reuse | Hauptsitz Europäischer Rat und Rat der Europäischen Union | Europa Building, Brussels – Fallstudie Direct Reuse | Neubau/Erweiterung mit integriertem Teil des Residence Palace | Hauptsitz Europäischer Rat und Rat der Europäischen Union | Residence Palace, ursprünglich Apartmentkomplex 1922–1927, später Behördenbüros | EU-Ratsgebäude mit Konferenzräumen, Büros und Pressebereichen | Wettbewerb/Transformation ab 2005; Fertigstellung Dezember 2016; Nutzung ab 2017 | gebaut","no_has_bausystem_target"
"bauobjekt/Ferme_du_Rail_Paris","","Gebäude\Ferme_du_Rail_Paris.md","","","","","La Ferme du Rail, Paris — Fallstudie Direct Reuse / zirkuläres Bauen | Ferme_du_Rail_Paris | Neubauensemble mit Wohngebäude, Restaurant, Gewächshaus, urbaner Landwirtschaft. | La Ferme du Rail, Paris — Fallstudie Direct Reuse / zirkuläres Bauen | Gewinner Réinventer Paris; sozial-ökologisches Agri-urbanes Projekt an der Petite Ceinture. | La Ferme du Rail, Paris — Fallstudie Direct Reuse / zirkuläres Bauen | Neubauensemble mit Wohngebäude, Restaurant, Gewächshaus, urbaner Landwirtschaft. | Gewinner Réinventer Paris; sozial-ökologisches Agri-urbanes Projekt an der Petite Ceinture. | Grundstück auf / bei ehemaliger Bahntrasse; zuvor SNCF-Remblai und informelle Garage laut Ekopolis. | urbane Landwirtschaft, Restaurant, Wohnen für 15 Personen in Reintegration und 5 Horticulture-Studierende, Ausbildung/soziale Integration. | 2014–2019 laut Circular Material Systems; Lieferung 2019. | gebaut","no_has_bausystem_target"
"bauobjekt/Grande_Halle_de_Colombelles","","Gebäude\Grande_Halle_de_Colombelles.md","","","","","Grande Halle de Colombelles / Le WIP — Fallstudie Direct Reuse / zirkuläres Bauen | Grande_Halle_de_Colombelles | ehemalige elektrische Werkstatt der Société Métallurgique de Normandie. | Grande Halle de Colombelles / Le WIP — Fallstudie Direct Reuse / zirkuläres Bauen | Sanierung / Umbau zu einem kreislauforientierten Kultur-, Arbeits- und Veranstaltungshaus. | Grande Halle de Colombelles / Le WIP — Fallstudie Direct Reuse / zirkuläres Bauen | ehemalige elektrische Werkstatt der Société Métallurgique de Normandie. | Sanierung / Umbau zu einem kreislauforientierten Kultur-, Arbeits- und Veranstaltungshaus. | Industriehalle / elektrische Werkstatt der SMN. | Tiers-lieu: kollaborative Arbeitsräume, Werkstätten, Proben-/Veranstaltungsräume, Ausstellung, Café-Restaurant, Kultur- und Wirtschaftsnutzungen. | Lieferung 2019; Le WIP nennt Lot-1-Mission 2018 und Abschluss September 2019. | gebaut","no_has_bausystem_target"
"bauobjekt/Grubenstrasse_29_Werkhof_29_Zuerich","","Gebäude\Grubenstrasse_29_Werkhof_29_Zuerich.md","","","","","Grubenstrasse 29 / Werkhof 29, Zürich — Fallstudie Direct Reuse / zirkuläres Bauen | Grubenstrasse_29_Werkhof_29_Zuerich | ehemaliges Gewerbe-/Fabrik-/Schlossereigebäude im Binz-Areal | Grubenstrasse 29 / Werkhof 29, Zürich — Fallstudie Direct Reuse / zirkuläres Bauen | Umbau und Aufstockung mit Reuse-Bauteilen und Naturbaustoffen | Grubenstrasse 29 / Werkhof 29, Zürich — Fallstudie Direct Reuse / zirkuläres Bauen | ehemaliges Gewerbe-/Fabrik-/Schlossereigebäude im Binz-Areal | Umbau und Aufstockung mit Reuse-Bauteilen und Naturbaustoffen | Autoeinstellhalle / Metallbau / Gewerbe-/Lager-/Schlossereigebäude; genaue Nutzung je Bauphase unbekannt | Büro-, Atelier- und Gewerbeflächen | 2023–2025 laut Zirkular; Fertigstellung/Vermietung 2025 | gebaut / Fertigstellung bzw. Vermietung 2025","no_has_bausystem_target"
"bauobjekt/Harmalanranta_A_Kruunu_ReCreate_mini_pilot_Tampere","","Gebäude\Harmalanranta_A_Kruunu_ReCreate_mini_pilot_Tampere.md","","","","","Härmälänranta / A-Kruunu ReCreate mini-pilot, Tampere — Fallstudie Wiederverwendung / Direct Reuse | erster Finnish-cluster-ReCreate-Mini-Pilot | Härmälänranta / A-Kruunu ReCreate mini-pilot, Tampere — Fallstudie Wiederverwendung / Direct Reuse | Harmalanranta_A_Kruunu_ReCreate_mini_pilot_Tampere | fünfgeschossiger Mietwohnungsbau","no_has_bauaufgabe_intervention_target"
"bauobjekt/Hastings_Pier_Visitor_Centre","","Gebäude\Hastings_Pier_Visitor_Centre.md","","","","","Hastings Pier Visitor Centre / Pavilion Cladding, Hastings | Hastings_Pier_Visitor_Centre | Hastings Pier; neues Besucherzentrum auf Pier | Hastings Pier Visitor Centre / Pavilion Cladding, Hastings | Hastings Pier Regeneration | Hastings Pier Visitor Centre / Pavilion Cladding, Hastings | Hastings Pier; neues Besucherzentrum auf Pier | Hastings Pier Regeneration | Seebrücke / Pier mit Freizeitnutzungen | offener öffentlicher Pier, Veranstaltungen, Märkte, Ausstellungen, Bildung, Restaurant/Pavillon | Brand 2010; Förderzusage 2011; Fertigstellung/Wiedereröffnung 2016; Stirling Prize 2017 | gebaut; Wiedereröffnung/Completion 2016.","no_has_bausystem_target"
"bauobjekt/Hastings_Pier_Visitor_Centre","","Gebäude\Hastings_Pier_Visitor_Centre.md","","","","","Hastings Pier Visitor Centre / Pavilion Cladding, Hastings | Hastings Pier Regeneration | Hastings Pier Visitor Centre / Pavilion Cladding, Hastings | Hastings_Pier_Visitor_Centre | Hastings Pier; neues Besucherzentrum auf Pier","no_has_bauaufgabe_intervention_target"
"bauobjekt/Haus_HOS_Mehrfamilienhaus_Muehlhausen","","Gebäude\Haus_HOS_Mehrfamilienhaus_Muehlhausen.md","","","","","Haus HOS / Mehrfamilienhaus Mühlhausen — Fallstudie Direct Reuse / Wiederverwendung von WBS70-Plattenbauteilen | Mehrfamilienhaus","no_has_nutzung_target"
"bauobjekt/Hobelwerk_Haus_D_Oberwinterthur","","gebaeude\Hobelwerk_Haus_D_Oberwinterthur.md","","","","","Hobelwerk Haus D, Oberwinterthur | Hobelwerk_Haus_D_Oberwinterthur | Hobelwerk Haus D, Oberwinterthur | genossenschaftlicher Wohnungsbau; Neubau auf ehemaligem Industrieareal; Re-Use im Wohnungsbau; Suffizienz und Flächeneffizienz; Quartiersentwicklung; Low-Tech und klimafreundliches Bauen. | Hobelwerk Haus D, Oberwinterthur | genossenschaftlicher Wohnungsbau; Neubau auf ehemaligem Industrieareal; Re-Use im Wohnungsbau; Suffizienz und Flächeneffizienz; Quartiersentwicklung; Low-Tech und klimafreundliches Bauen. | Hobelwerk Haus D, Oberwinterthur | genossenschaftlicher Wohnungsbau; Neubau auf ehemaligem Industrieareal; Re-Use im Wohnungsbau; Suffizienz und Flächeneffizienz; Quartiersentwicklung; Low-Tech und klimafreundliches Bauen. | Hobelwerk Haus D ist eines der Wohngebäude im Hobelwerk-Areal in Oberwinterthur, dem zweiten grossen Bauprojekt der Baugenossenschaft mehr als wohnen. Das Areal entstand auf dem Gelände der ehemaligen Kälin & Co. AG, eines Holzverarbeitungsunternehmens direkt beim Bahnhof Oberwinterthur. Haus D gehört zur zweiten Bauetappe der fünf Häuser des Areals und ist im Zusammenhang mit den Häusern C und E sowie dem erhaltenen Alten Hobelwerk zu lesen.

Gebäudebezogen ist Haus D relevant als Beispiel dafür, wie Wiederverwendung und kreislauffähiges Bauen im mehrgeschossigen genossenschaftlichen Wohnungsbau verankert werden können. Die öffentlich verfügbaren Kurzquellen dokumentieren die Re-Use-Strategie weniger vollständig als bei K.118 oder ELYS; deshalb ist die Datei als belastbarer Gebäudesteckbrief mit klar markierten offenen Prüfpunkten zu lesen. | Hobelwerk Haus D, Oberwinterthur | genossenschaftlicher Wohnungsbau; Neubau auf ehemaligem Industrieareal; Re-Use im Wohnungsbau; Suffizienz und Flächeneffizienz; Quartiersentwicklung; Low-Tech und klimafreundliches Bauen. | Hobelwerk Haus D ist eines der Wohngebäude im Hobelwerk-Areal in Oberwinterthur, dem zweiten grossen Bauprojekt der Baugenossenschaft mehr als wohnen. Das Areal entstand auf dem Gelände der ehemaligen Kälin & Co. AG, eines Holzverarbeitungsunternehmens direkt beim Bahnhof Oberwinterthur. Haus D gehört zur zweiten Bauetappe der fünf Häuser des Areals und ist im Zusammenhang mit den Häusern C und E sowie dem erhaltenen Alten Hobelwerk zu lesen.

Gebäudebezogen ist Haus D relevant als Beispiel dafür, wie Wiederverwendung und kreislauffähiges Bauen im mehrgeschossigen genossenschaftlichen Wohnungsbau verankert werden können. Die öffentlich verfügbaren Kurzquellen dokumentieren die Re-Use-Strategie weniger vollständig als bei K.118 oder ELYS; deshalb ist die Datei als belastbarer Gebäudesteckbrief mit klar markierten offenen Prüfpunkten zu lesen.","no_has_bausystem_target"
"bauobjekt/Hobelwerk_Haus_D_Oberwinterthur","","gebaeude\Hobelwerk_Haus_D_Oberwinterthur.md","","","","","Hobelwerk Haus D, Oberwinterthur | Hobelwerk Haus D, Oberwinterthur | genossenschaftlicher Wohnungsbau; Neubau auf ehemaligem Industrieareal; Re-Use im Wohnungsbau; Suffizienz und Flächeneffizienz; Quartiersentwicklung; Low-Tech und klimafreundliches Bauen. | Hobelwerk Haus D ist eines der Wohngebäude im Hobelwerk-Areal in Oberwinterthur, dem zweiten grossen Bauprojekt der Baugenossenschaft mehr als wohnen. Das Areal entstand auf dem Gelände der ehemaligen Kälin & Co. AG, eines Holzverarbeitungsunternehmens direkt beim Bahnhof Oberwinterthur. Haus D gehört zur zweiten Bauetappe der fünf Häuser des Areals und ist im Zusammenhang mit den Häusern C und E sowie dem erhaltenen Alten Hobelwerk zu lesen.

Gebäudebezogen ist Haus D relevant als Beispiel dafür, wie Wiederverwendung und kreislauffähiges Bauen im mehrgeschossigen genossenschaftlichen Wohnungsbau verankert werden können. Die öffentlich verfügbaren Kurzquellen dokumentieren die Re-Use-Strategie weniger vollständig als bei K.118 oder ELYS; deshalb ist die Datei als belastbarer Gebäudesteckbrief mit klar markierten offenen Prüfpunkten zu lesen.","no_has_bauobjektstatus_target"
"bauobjekt/Hobelwerk_Haus_D_Oberwinterthur","","gebaeude\Hobelwerk_Haus_D_Oberwinterthur.md","","","","","Hobelwerk Haus D, Oberwinterthur | genossenschaftlicher Wohnungsbau; Neubau auf ehemaligem Industrieareal; Re-Use im Wohnungsbau; Suffizienz und Flächeneffizienz; Quartiersentwicklung; Low-Tech und klimafreundliches Bauen. | Hobelwerk Haus D, Oberwinterthur | genossenschaftlicher Wohnungsbau; Neubau auf ehemaligem Industrieareal; Re-Use im Wohnungsbau; Suffizienz und Flächeneffizienz; Quartiersentwicklung; Low-Tech und klimafreundliches Bauen. | Hobelwerk Haus D ist eines der Wohngebäude im Hobelwerk-Areal in Oberwinterthur, dem zweiten grossen Bauprojekt der Baugenossenschaft mehr als wohnen. Das Areal entstand auf dem Gelände der ehemaligen Kälin & Co. AG, eines Holzverarbeitungsunternehmens direkt beim Bahnhof Oberwinterthur. Haus D gehört zur zweiten Bauetappe der fünf Häuser des Areals und ist im Zusammenhang mit den Häusern C und E sowie dem erhaltenen Alten Hobelwerk zu lesen.

Gebäudebezogen ist Haus D relevant als Beispiel dafür, wie Wiederverwendung und kreislauffähiges Bauen im mehrgeschossigen genossenschaftlichen Wohnungsbau verankert werden können. Die öffentlich verfügbaren Kurzquellen dokumentieren die Re-Use-Strategie weniger vollständig als bei K.118 oder ELYS; deshalb ist die Datei als belastbarer Gebäudesteckbrief mit klar markierten offenen Prüfpunkten zu lesen. | Hobelwerk Haus D, Oberwinterthur | genossenschaftlicher Wohnungsbau; Neubau auf ehemaligem Industrieareal; Re-Use im Wohnungsbau; Suffizienz und Flächeneffizienz; Quartiersentwicklung; Low-Tech und klimafreundliches Bauen. | Hobelwerk Haus D ist eines der Wohngebäude im Hobelwerk-Areal in Oberwinterthur, dem zweiten grossen Bauprojekt der Baugenossenschaft mehr als wohnen. Das Areal entstand auf dem Gelände der ehemaligen Kälin & Co. AG, eines Holzverarbeitungsunternehmens direkt beim Bahnhof Oberwinterthur. Haus D gehört zur zweiten Bauetappe der fünf Häuser des Areals und ist im Zusammenhang mit den Häusern C und E sowie dem erhaltenen Alten Hobelwerk zu lesen.

Gebäudebezogen ist Haus D relevant als Beispiel dafür, wie Wiederverwendung und kreislauffähiges Bauen im mehrgeschossigen genossenschaftlichen Wohnungsbau verankert werden können. Die öffentlich verfügbaren Kurzquellen dokumentieren die Re-Use-Strategie weniger vollständig als bei K.118 oder ELYS; deshalb ist die Datei als belastbarer Gebäudesteckbrief mit klar markierten offenen Prüfpunkten zu lesen.","no_has_bauobjektrolle_target"
"bauobjekt/Impact_Hub_Berlin_CRCLR_Fitout","","Gebäude\Impact_Hub_Berlin_CRCLR_Fitout.md","","","","","Impact Hub Berlin Interior / CRCLR Fit-out – Fallstudie Direct Reuse / zirkuläres Bauen | Impact_Hub_Berlin_CRCLR_Fitout | CRCLR House auf dem ehemaligen Kindl-Brauereigelände | Impact Hub Berlin Interior / CRCLR Fit-out – Fallstudie Direct Reuse / zirkuläres Bauen | Coworking-, Community-, Event- und Arbeitsflächen mit zirkulärem Innenausbau | Impact Hub Berlin Interior / CRCLR Fit-out – Fallstudie Direct Reuse / zirkuläres Bauen | CRCLR House auf dem ehemaligen Kindl-Brauereigelände | Coworking-, Community-, Event- und Arbeitsflächen mit zirkulärem Innenausbau | Lager-/Industriegebäude der ehemaligen Kindl-Brauerei | Coworking, Team Offices, Eventflächen, Labs, Maker Space | Bauzeit CRCLR 2019–2024; Impact Hub eröffnete am Standort 2022 | gebaut","no_has_bausystem_target"
"bauobjekt/Institut_de_Botanique_ULg_Liege","","Gebäude\Institut_de_Botanique_ULg_Liege.md","","","","","Institut de Botanique de l’ULg, Liège — Fallstudie Direct Reuse / zirkuläres Bauen | Institut_de_Botanique_ULg_Liege | Institut de Botanique de l’Université de Liège | Institut de Botanique de l’ULg, Liège — Fallstudie Direct Reuse / zirkuläres Bauen | Renovierung / Fassaden- bzw. Hüllbauteil-Wiederverwendung","no_has_bauobjektklasse_target"
"bauobjekt/Institut_de_Botanique_ULg_Liege","","Gebäude\Institut_de_Botanique_ULg_Liege.md","","","","","Institut de Botanique de l’ULg, Liège — Fallstudie Direct Reuse / zirkuläres Bauen | unbekannt","no_has_nutzung_target"
"bauobjekt/Institut_de_Botanique_ULg_Liege","","Gebäude\Institut_de_Botanique_ULg_Liege.md","","","","","Institut de Botanique de l’ULg, Liège — Fallstudie Direct Reuse / zirkuläres Bauen | Institut_de_Botanique_ULg_Liege | Institut de Botanique de l’Université de Liège | Institut de Botanique de l’ULg, Liège — Fallstudie Direct Reuse / zirkuläres Bauen | Renovierung / Fassaden- bzw. Hüllbauteil-Wiederverwendung | Institut de Botanique de l’ULg, Liège — Fallstudie Direct Reuse / zirkuläres Bauen | Institut de Botanique de l’Université de Liège | Renovierung / Fassaden- bzw. Hüllbauteil-Wiederverwendung | botanisches Institut / universitäre Nutzung; Detail unbekannt | unbekannt | gebaut / Renovierung","no_has_bausystem_target"
"bauobjekt/Jeugdkliniek_Ithaka_Emergis_Kloetinge","","Gebäude\Jeugdkliniek_Ithaka_Emergis_Kloetinge.md","","","","","Jeugdkliniek Ithaka / Emergis, Kloetinge | Jeugdkliniek_Ithaka_Emergis_Kloetinge | teils Neubau, teils Renovierung einer Kinder- und Jugendpsychiatrie-Klinik | Jeugdkliniek Ithaka / Emergis, Kloetinge | zirkulär gebaute/umgebaute Klinik mit Donorbauteilen aus dem Rijkswaterstaat-Districtskantoor Terneuzen","no_has_bauobjektklasse_target"
"bauobjekt/Jeugdkliniek_Ithaka_Emergis_Kloetinge","","Gebäude\Jeugdkliniek_Ithaka_Emergis_Kloetinge.md","","","","","Jeugdkliniek Ithaka / Emergis, Kloetinge | Kinder- und Jugendpsychiatrie / GGZ-Klinik, 24–28 flexible Betten laut Emergis","no_has_nutzung_target"
"bauobjekt/Jeugdkliniek_Ithaka_Emergis_Kloetinge","","Gebäude\Jeugdkliniek_Ithaka_Emergis_Kloetinge.md","","","","","Jeugdkliniek Ithaka / Emergis, Kloetinge | Jeugdkliniek_Ithaka_Emergis_Kloetinge | teils Neubau, teils Renovierung einer Kinder- und Jugendpsychiatrie-Klinik | Jeugdkliniek Ithaka / Emergis, Kloetinge | zirkulär gebaute/umgebaute Klinik mit Donorbauteilen aus dem Rijkswaterstaat-Districtskantoor Terneuzen | Jeugdkliniek Ithaka / Emergis, Kloetinge | teils Neubau, teils Renovierung einer Kinder- und Jugendpsychiatrie-Klinik | zirkulär gebaute/umgebaute Klinik mit Donorbauteilen aus dem Rijkswaterstaat-Districtskantoor Terneuzen | Donor: Rijkswaterstaat-Districtskantoor in Terneuzen; Empfängerbestand: bestehende Klinik/GGZ-Gebäude | Kinder- und Jugendpsychiatrie / GGZ-Klinik, 24–28 flexible Betten laut Emergis | Planung/Bau 2017–2019; Eröffnung/Inbetriebnahme 2019 | gebaut / eröffnet 2019","no_has_bausystem_target"
"bauobjekt/Juch_Areal_Recyclingzentrum_Zuerich","","Gebäude\Juch_Areal_Recyclingzentrum_Zuerich.md","","","","","Juch-Areal Recyclingzentrum, Zürich-Altstetten | Juch_Areal_Recyclingzentrum_Zuerich | neues Recyclingzentrum mit großer Anliefer-, Sortier- und Sammelhalle sowie Verwaltungs-/Personalbereich | Juch-Areal Recyclingzentrum, Zürich-Altstetten | öffentliches Pilotprojekt für Re-Use-Bauteile und BIM-Methodik | Juch-Areal Recyclingzentrum, Zürich-Altstetten | neues Recyclingzentrum mit großer Anliefer-, Sortier- und Sammelhalle sowie Verwaltungs-/Personalbereich | öffentliches Pilotprojekt für Re-Use-Bauteile und BIM-Methodik | Donor-Halle: ehemalige städtische Recyclinghalle Hagenholz; Betonplatten: Kerenzerbergtunnel; weitere Beton-Pilzstützen/Deckenelemente: Schellinghalle Rümlang | Recyclingzentrum / Werkstoffsammelstelle / Betrieb und Verwaltung | Architekturwettbewerb 2023; Ausführungskredit/Volksabstimmung 2026; Bauzeit 2026–2027 geplant | geplant / Ausführung vorgesehen; Bauzeit 2026–2027 laut Stadt Zürich, Ausführungskredit/Volksabstimmung Juni 2026","no_has_bausystem_target"
"bauobjekt/Juch_Areal_Recyclingzentrum_Zuerich","","Gebäude\Juch_Areal_Recyclingzentrum_Zuerich.md","","","","","Juch-Areal Recyclingzentrum, Zürich-Altstetten | öffentliches Pilotprojekt für Re-Use-Bauteile und BIM-Methodik | Juch-Areal Recyclingzentrum, Zürich-Altstetten | Juch_Areal_Recyclingzentrum_Zuerich | neues Recyclingzentrum mit großer Anliefer-, Sortier- und Sammelhalle sowie Verwaltungs-/Personalbereich","no_has_bauaufgabe_intervention_target"
"bauobjekt/K118_Kopfbau_Halle_118_Winterthur","","gebaeude\K118_Kopfbau_Halle_118_Winterthur.md","","","","","K.118 – Kopfbau Halle 118, Winterthur | K118_Kopfbau_Halle_118_Winterthur | Aufstockung des Kopfbaus einer bestehenden Industriehalle | K.118 – Kopfbau Halle 118, Winterthur | Erweiterung um drei Etagen mit Studios, Werkstätten und Arbeitsräumen | Re-Use-Neubau auf Bestand; Aufstockung; Tragwerkswiederverwendung; zirkuläres Bauen; Bauteiljagd; graue Emissionen; industrielle Arealtransformation. | K.118 – Kopfbau Halle 118, Winterthur | Aufstockung des Kopfbaus einer bestehenden Industriehalle | Erweiterung um drei Etagen mit Studios, Werkstätten und Arbeitsräumen | Bestand: Industriehalle; Donor-Stahl: Halle aus ELYS-Projekt Basel; Donor-Treppe: Orion-Bürogebäude Zürich | Studios, Werkstätten, Denk-/Arbeitsräume, Labor-/Tüftelraum | Auftrag 2018; Fertigstellung März 2021 / 2021 | gebaut | Re-Use-Neubau auf Bestand; Aufstockung; Tragwerkswiederverwendung; zirkuläres Bauen; Bauteiljagd; graue Emissionen; industrielle Arealtransformation.","no_has_bausystem_target"
"bauobjekt/KA13_Kristian_Augusts_gate_13_Oslo","","Gebäude\KA13_Kristian_Augusts_gate_13_Oslo.md","","","","","KA13 / Kristian Augusts gate 13, Oslo — Fallstudie Direct Reuse / Bauteilwiederverwendung | KA13_Kristian_Augusts_gate_13_Oslo | Bürogebäude aus den 1950er-Jahren, saniert/transformiert und erweitert | KA13 / Kristian Augusts gate 13, Oslo — Fallstudie Direct Reuse / Bauteilwiederverwendung | FutureBuilt-Pilot für zirkuläres Bauen und großmaßstäbliche Bauteilwiederverwendung | KA13 / Kristian Augusts gate 13, Oslo — Fallstudie Direct Reuse / Bauteilwiederverwendung | Bürogebäude aus den 1950er-Jahren, saniert/transformiert und erweitert | FutureBuilt-Pilot für zirkuläres Bauen und großmaßstäbliche Bauteilwiederverwendung | Bürogebäude der 1950er; donor materials aus anderen Abriss-/Umbauprojekten, u. a. Regjeringsbygg R4 | Büro / flexible Arbeitsflächen, Spaces-Konzept | Fertigstellung 2021; Öffnung/Eröffnung 2021 | gebaut","no_has_bausystem_target"
"bauobjekt/Kamikatsu_Zero_Waste_Center_Hotel_WHY","","Gebäude\Kamikatsu_Zero_Waste_Center_Hotel_WHY.md","","","","","Kamikatsu Zero Waste Center / Hotel WHY, Kamikatsu | Kamikatsu_Zero_Waste_Center_Hotel_WHY | Zero-Waste-Zentrum mit Reuse-Shop, Waste-Sorting-Bereich, Community-Funktionen und Hotel WHY | Kamikatsu Zero Waste Center / Hotel WHY, Kamikatsu | Neubau einer kommunalen Zero-Waste-Infrastruktur | Kamikatsu Zero Waste Center / Hotel WHY, Kamikatsu | Zero-Waste-Zentrum mit Reuse-Shop, Waste-Sorting-Bereich, Community-Funktionen und Hotel WHY | Neubau einer kommunalen Zero-Waste-Infrastruktur | Standort war laut offizieller Beschreibung aufgeschüttetes Land mit Abfall/Restboden; frühere Gebäudenutzung unbekannt | Abfallsortierzentrum, Reuse-Shop, Community Hall, Hotel/Experience Stay | Eröffnung Mai 2020; ArchDaily Year 2020 | gebaut; eröffnet Mai 2020.","no_has_bausystem_target"
"bauobjekt/Kindergarten_Moeoeslistrasse_Manegg_Zuerich","","Gebäude\Kindergarten_Moeoeslistrasse_Manegg_Zuerich.md","","","","","Kindergarten Mööslistrasse / Manegg, Zürich — Fallstudie Bauteilwiederverwendung / Direct Reuse | Kindergarten_Moeoeslistrasse_Manegg_Zuerich | Werkhof Mööslistrasse, 1. Obergeschoss | Kindergarten Mööslistrasse / Manegg, Zürich — Fallstudie Bauteilwiederverwendung / Direct Reuse | Umnutzung ehemaliger Wohnräume zu Kindergarten mit Betreuung für Schule Manegg | Kindergarten Mööslistrasse / Manegg, Zürich — Fallstudie Bauteilwiederverwendung / Direct Reuse | Werkhof Mööslistrasse, 1. Obergeschoss | Umnutzung ehemaliger Wohnräume zu Kindergarten mit Betreuung für Schule Manegg | ehemalige Wohnräume über dem Werkhof; Werkhofnutzung im Gebäude bleibt bestehen | Kindergarten mit Betreuung und Mittagstisch / Regenerierküche für Schule Manegg | Bau von Herbst 2022 bis Sommer/Mitte August 2023; Fertigstellung 2023 | gebaut / abgeschlossen 2023","no_has_bausystem_target"
"bauobjekt/Kindl_Areal","","gebaeude\Kindl_Areal.md","","","","","Kindl Areal | Kindl_Areal | Kindl Areal | Industriebestand; Brauereiareale; gemeinwohlorientierte Arealentwicklung; Kultur- und Gewerbenutzung im Bestand; zirkuläres Bauen; soziale Infrastruktur; Erbbaurecht. | Kindl Areal | Industriebestand; Brauereiareale; gemeinwohlorientierte Arealentwicklung; Kultur- und Gewerbenutzung im Bestand; zirkuläres Bauen; soziale Infrastruktur; Erbbaurecht. | Industriebestand; Brauereiareale; gemeinwohlorientierte Arealentwicklung; Kultur- und Gewerbenutzung im Bestand; zirkuläres Bauen; soziale Infrastruktur; Erbbaurecht. | Das Kindl-Areal in Berlin-Neukölln ist das ehemalige Gelände der Berliner Kindl-Brauerei im Rollbergviertel. Es umfasst unterschiedliche Industrie-, Lager-, Sozial-, Brauerei- und Infrastrukturbauten aus verschiedenen Bauphasen. Für die Wiederverwendungsforschung ist das Areal ein wichtiger Gebäudekomplex, weil hier mehrere Formen des Entwerfens mit Bestand parallel auftreten: denkmalbezogene Umnutzung im KINDL – Zentrum für zeitgenössische Kunst, gemeinwohlorientierte Entwicklung im Berlin Global Village, experimentelles zirkuläres Bauen im CRCLR House und die geplante bzw. laufende Transformation des großen Vollgutlagers zu einem sozialen Kultur- und Gewerbezentrum. | Industriebestand; Brauereiareale; gemeinwohlorientierte Arealentwicklung; Kultur- und Gewerbenutzung im Bestand; zirkuläres Bauen; soziale Infrastruktur; Erbbaurecht. | Das Kindl-Areal in Berlin-Neukölln ist das ehemalige Gelände der Berliner Kindl-Brauerei im Rollbergviertel. Es umfasst unterschiedliche Industrie-, Lager-, Sozial-, Brauerei- und Infrastrukturbauten aus verschiedenen Bauphasen. Für die Wiederverwendungsforschung ist das Areal ein wichtiger Gebäudekomplex, weil hier mehrere Formen des Entwerfens mit Bestand parallel auftreten: denkmalbezogene Umnutzung im KINDL – Zentrum für zeitgenössische Kunst, gemeinwohlorientierte Entwicklung im Berlin Global Village, experimentelles zirkuläres Bauen im CRCLR House und die geplante bzw. laufende Transformation des großen Vollgutlagers zu einem sozialen Kultur- und Gewerbezentrum.","no_has_bausystem_target"
"bauobjekt/Kindl_Areal","","gebaeude\Kindl_Areal.md","","","","","Kindl Areal | Industriebestand; Brauereiareale; gemeinwohlorientierte Arealentwicklung; Kultur- und Gewerbenutzung im Bestand; zirkuläres Bauen; soziale Infrastruktur; Erbbaurecht. | Das Kindl-Areal in Berlin-Neukölln ist das ehemalige Gelände der Berliner Kindl-Brauerei im Rollbergviertel. Es umfasst unterschiedliche Industrie-, Lager-, Sozial-, Brauerei- und Infrastrukturbauten aus verschiedenen Bauphasen. Für die Wiederverwendungsforschung ist das Areal ein wichtiger Gebäudekomplex, weil hier mehrere Formen des Entwerfens mit Bestand parallel auftreten: denkmalbezogene Umnutzung im KINDL – Zentrum für zeitgenössische Kunst, gemeinwohlorientierte Entwicklung im Berlin Global Village, experimentelles zirkuläres Bauen im CRCLR House und die geplante bzw. laufende Transformation des großen Vollgutlagers zu einem sozialen Kultur- und Gewerbezentrum.","no_has_bauobjektstatus_target"
"bauobjekt/Kindl_Areal","","gebaeude\Kindl_Areal.md","","","","","Kindl Areal | Industriebestand; Brauereiareale; gemeinwohlorientierte Arealentwicklung; Kultur- und Gewerbenutzung im Bestand; zirkuläres Bauen; soziale Infrastruktur; Erbbaurecht. | Industriebestand; Brauereiareale; gemeinwohlorientierte Arealentwicklung; Kultur- und Gewerbenutzung im Bestand; zirkuläres Bauen; soziale Infrastruktur; Erbbaurecht. | Das Kindl-Areal in Berlin-Neukölln ist das ehemalige Gelände der Berliner Kindl-Brauerei im Rollbergviertel. Es umfasst unterschiedliche Industrie-, Lager-, Sozial-, Brauerei- und Infrastrukturbauten aus verschiedenen Bauphasen. Für die Wiederverwendungsforschung ist das Areal ein wichtiger Gebäudekomplex, weil hier mehrere Formen des Entwerfens mit Bestand parallel auftreten: denkmalbezogene Umnutzung im KINDL – Zentrum für zeitgenössische Kunst, gemeinwohlorientierte Entwicklung im Berlin Global Village, experimentelles zirkuläres Bauen im CRCLR House und die geplante bzw. laufende Transformation des großen Vollgutlagers zu einem sozialen Kultur- und Gewerbezentrum. | Industriebestand; Brauereiareale; gemeinwohlorientierte Arealentwicklung; Kultur- und Gewerbenutzung im Bestand; zirkuläres Bauen; soziale Infrastruktur; Erbbaurecht. | Das Kindl-Areal in Berlin-Neukölln ist das ehemalige Gelände der Berliner Kindl-Brauerei im Rollbergviertel. Es umfasst unterschiedliche Industrie-, Lager-, Sozial-, Brauerei- und Infrastrukturbauten aus verschiedenen Bauphasen. Für die Wiederverwendungsforschung ist das Areal ein wichtiger Gebäudekomplex, weil hier mehrere Formen des Entwerfens mit Bestand parallel auftreten: denkmalbezogene Umnutzung im KINDL – Zentrum für zeitgenössische Kunst, gemeinwohlorientierte Entwicklung im Berlin Global Village, experimentelles zirkuläres Bauen im CRCLR House und die geplante bzw. laufende Transformation des großen Vollgutlagers zu einem sozialen Kultur- und Gewerbezentrum.","no_has_bauobjektrolle_target"
"bauobjekt/Liander_Alliander_HQ_Duiven","","Gebäude\Liander_Alliander_HQ_Duiven.md","","","","","Liander / Alliander HQ, Duiven — Fallstudie Direct Reuse / zirkuläres Bauen | Liander_Alliander_HQ_Duiven | Büro-/Campuskomplex / Hauptquartier | Liander / Alliander HQ, Duiven — Fallstudie Direct Reuse / zirkuläres Bauen | Transformation eines bestehenden Büro-/Betriebsgeländes zu einem zirkulären, energieeffizienten Hauptquartier | Liander / Alliander HQ, Duiven — Fallstudie Direct Reuse / zirkuläres Bauen | Büro-/Campuskomplex / Hauptquartier | Transformation eines bestehenden Büro-/Betriebsgeländes zu einem zirkulären, energieeffizienten Hauptquartier | Büro-/Betriebsgebäude | Hauptquartier / Büroarbeitsplätze / Campus | gebaut; häufig Mitte der 2010er Jahre publiziert, exaktes Fertigstellungsjahr im Detail zu prüfen | gebaut / Transformation","no_has_bausystem_target"
"bauobjekt/Lo_Reninge_Town_Hall_Facade","","Gebäude\Lo_Reninge_Town_Hall_Facade.md","","","","","Lo-Reninge Town Hall façade / Stadhuis Lo – Fallstudie Direct Reuse | Lo_Reninge_Town_Hall_Facade | Rathaus in ehemaligem sechzehntem-century convent, mit Neubau-/Erweiterungsflügel | Lo-Reninge Town Hall façade / Stadhuis Lo – Fallstudie Direct Reuse | Restaurierung und Erweiterung eines ehemaligen Klosters zum Rathaus | Lo-Reninge Town Hall façade / Stadhuis Lo – Fallstudie Direct Reuse | Rathaus in ehemaligem sechzehntem-century convent, mit Neubau-/Erweiterungsflügel | Restaurierung und Erweiterung eines ehemaligen Klosters zum Rathaus | Kloster / später gemeindliche Nutzung unbekannt | Rathaus / öffentliches Verwaltungsgebäude | 2008–2011; Fertigstellung laut VAI 01-11-2011 | gebaut / fertiggestellt","no_has_bausystem_target"
"bauobjekt/Lokomotion_Technology_Centre_mini_pilot_Tampere","","Gebäude\Lokomotion_Technology_Centre_mini_pilot_Tampere.md","","","","","Lokomotion Technology Centre mini-pilot, Tampere — Fallstudie Wiederverwendung / Direct Reuse | Industrie-/Technologiezentrum; Reuse-Bauteile als Dachdecken in Technik-/Personalräumen","no_has_nutzung_target"
"bauobjekt/Lokomotion_Technology_Centre_mini_pilot_Tampere","","Gebäude\Lokomotion_Technology_Centre_mini_pilot_Tampere.md","","","","","Lokomotion Technology Centre mini-pilot, Tampere — Fallstudie Wiederverwendung / Direct Reuse | Lokomotion_Technology_Centre_mini_pilot_Tampere | zwei Teilbereiche: kleiner freistehender Technikbau und Personalräume innerhalb einer größeren Industriehalle | Lokomotion Technology Centre mini-pilot, Tampere — Fallstudie Wiederverwendung / Direct Reuse | Metso Lokomotion Technology Centre Phase 1 | Lokomotion Technology Centre mini-pilot, Tampere — Fallstudie Wiederverwendung / Direct Reuse | zwei Teilbereiche: kleiner freistehender Technikbau und Personalräume innerhalb einer größeren Industriehalle | Metso Lokomotion Technology Centre Phase 1 | Donor: Bürogebäude aus frühen 1980er Jahren in Tampere-Zentrum | Industrie-/Technologiezentrum; Reuse-Bauteile als Dachdecken in Technik-/Personalräumen | Bau Phase 1 ab 2024, Fertigstellung Q3 2027 angekündigt; Reuse-Mini-Pilot Sommer 2025 | im Bau; Reuse-Mini-Pilot im Sommer 2025 umgesetzt / eingebaut, Gesamtprojekt Lokomotion Phase 1 bis Q3 2027 angekündigt.","no_has_bausystem_target"
"bauobjekt/Lokomotion_Technology_Centre_mini_pilot_Tampere","","Gebäude\Lokomotion_Technology_Centre_mini_pilot_Tampere.md","","","","","Lokomotion Technology Centre mini-pilot, Tampere — Fallstudie Wiederverwendung / Direct Reuse | Metso Lokomotion Technology Centre Phase 1 | Lokomotion Technology Centre mini-pilot, Tampere — Fallstudie Wiederverwendung / Direct Reuse | Lokomotion_Technology_Centre_mini_pilot_Tampere | zwei Teilbereiche: kleiner freistehender Technikbau und Personalräume innerhalb einer größeren Industriehalle","no_has_bauaufgabe_intervention_target"
"bauobjekt/Lycee_Michel_Lucius_Conversion_Luxembourg","","Gebäude\Lycee_Michel_Lucius_Conversion_Luxembourg.md","","","","","Lycée Michel Lucius Conversion, Luxembourg — Fallstudie Direct Reuse / zirkuläres Bauen | Lycee_Michel_Lucius_Conversion_Luxembourg | Schulcampus, besonders Block/Flügel 3000 und 6000 | Lycée Michel Lucius Conversion, Luxembourg — Fallstudie Direct Reuse / zirkuläres Bauen | selektiver Rückbau des Flügels 3000, Umnutzung/Modernisierung des Flügels 6000 zur Bibliothek/Leseraum, neue Esplanade und Außenanlagen | Lycée Michel Lucius Conversion, Luxembourg — Fallstudie Direct Reuse / zirkuläres Bauen | Schulcampus, besonders Block/Flügel 3000 und 6000 | selektiver Rückbau des Flügels 3000, Umnutzung/Modernisierung des Flügels 6000 zur Bibliothek/Leseraum, neue Esplanade und Außenanlagen | Block 3000 = Schulflügel von 1973 mit Metallrahmen/Fillod-System; Block 6000 = Holzbau-/modulares Schulgebäude von 1997 | Block 6000 als Bibliothek/Leseraum/Jugendzentrum; Block 3000-Untergeschoss als Werkstatt/Lager; Dach als Esplanade; Stahlprofile als Überdachung | Projekt 2018–2021; Planung 01.2018–12.2019; Bau 01.2020–09.2021 | gebaut","no_has_bausystem_target"
"bauobjekt/LysP8_Basel_Lysbuechelareal","","gebaeude\LysP8_Basel_Lysbuechelareal.md","","","","","LysP8, Basel / Lysbüchelareal | LysP8_Basel_Lysbuechelareal | LysP8, Basel / Lysbüchelareal | Re-Use im Neubau; Wohn- und Gewerbebau; Design for Disassembly; Holzbau; suffiziente Grundrisse; Low-Carbon-Fassaden; Bauteiljagd; LCA im Re-Use-Prozess. | LysP8, Basel / Lysbüchelareal | Re-Use im Neubau; Wohn- und Gewerbebau; Design for Disassembly; Holzbau; suffiziente Grundrisse; Low-Carbon-Fassaden; Bauteiljagd; LCA im Re-Use-Prozess. | LysP8, Basel / Lysbüchelareal | Re-Use im Neubau; Wohn- und Gewerbebau; Design for Disassembly; Holzbau; suffiziente Grundrisse; Low-Carbon-Fassaden; Bauteiljagd; LCA im Re-Use-Prozess. | LysP8 ist ein 2025 fertiggestelltes Wohn- und Gewerbegebäude auf Parzelle 8 des Basler Lysbüchelareals. Es besteht aus einem Punkthaus am Quartierplatz, einem strassenbegleitenden Langhaus an der Lothringerstrasse und einem verbindenden offenen Erschliessungsgerüst. Das Gebäude umfasst 27 kostengünstige Wohnungen sowie Gewerbe- und Gemeinschaftsnutzungen im Erdgeschoss.

Gebäudebezogen ist LysP8 ein Schlüsselbeispiel für die Integration von Re-Use-Bauteilen in einen Neubau. Anders als ELYS, das primär einen grossen Bestand transformiert, zeigt LysP8, wie ein neues Wohn- und Geschäftshaus von Beginn an mit Bauteiljagd, Holzbau, Design for Disassembly und CO₂-Bilanzierung geplant werden kann. | LysP8, Basel / Lysbüchelareal | Re-Use im Neubau; Wohn- und Gewerbebau; Design for Disassembly; Holzbau; suffiziente Grundrisse; Low-Carbon-Fassaden; Bauteiljagd; LCA im Re-Use-Prozess. | LysP8 ist ein 2025 fertiggestelltes Wohn- und Gewerbegebäude auf Parzelle 8 des Basler Lysbüchelareals. Es besteht aus einem Punkthaus am Quartierplatz, einem strassenbegleitenden Langhaus an der Lothringerstrasse und einem verbindenden offenen Erschliessungsgerüst. Das Gebäude umfasst 27 kostengünstige Wohnungen sowie Gewerbe- und Gemeinschaftsnutzungen im Erdgeschoss.

Gebäudebezogen ist LysP8 ein Schlüsselbeispiel für die Integration von Re-Use-Bauteilen in einen Neubau. Anders als ELYS, das primär einen grossen Bestand transformiert, zeigt LysP8, wie ein neues Wohn- und Geschäftshaus von Beginn an mit Bauteiljagd, Holzbau, Design for Disassembly und CO₂-Bilanzierung geplant werden kann.","no_has_bausystem_target"
"bauobjekt/LysP8_Basel_Lysbuechelareal","","gebaeude\LysP8_Basel_Lysbuechelareal.md","","","","","LysP8, Basel / Lysbüchelareal | LysP8, Basel / Lysbüchelareal | Re-Use im Neubau; Wohn- und Gewerbebau; Design for Disassembly; Holzbau; suffiziente Grundrisse; Low-Carbon-Fassaden; Bauteiljagd; LCA im Re-Use-Prozess. | LysP8 ist ein 2025 fertiggestelltes Wohn- und Gewerbegebäude auf Parzelle 8 des Basler Lysbüchelareals. Es besteht aus einem Punkthaus am Quartierplatz, einem strassenbegleitenden Langhaus an der Lothringerstrasse und einem verbindenden offenen Erschliessungsgerüst. Das Gebäude umfasst 27 kostengünstige Wohnungen sowie Gewerbe- und Gemeinschaftsnutzungen im Erdgeschoss.

Gebäudebezogen ist LysP8 ein Schlüsselbeispiel für die Integration von Re-Use-Bauteilen in einen Neubau. Anders als ELYS, das primär einen grossen Bestand transformiert, zeigt LysP8, wie ein neues Wohn- und Geschäftshaus von Beginn an mit Bauteiljagd, Holzbau, Design for Disassembly und CO₂-Bilanzierung geplant werden kann.","no_has_bauobjektstatus_target"
"bauobjekt/Lysbuechel_Parkhaus","","gebaeude\Lysbuechel_Parkhaus.md","","","","","Lysbuechel Parkhaus | Spendergebäude; Bauteilernte; Rückbau statt Abbruch; Wiederverwendung von Stahlbetonfertigteilen; Parkhäuser als Materialbanken; kommunale Stoffstromsteuerung. | Das Lysbüchel-Parkhaus in Basel ist als Re-Use-Fall vor allem ein Spendergebäude: Aus seinem Rückbau sollen bzw. wurden großformatige Betonbauteile gewonnen, die im Projekt Walkeweg Nord / `Elementa` als tragende und fassadenbildende Elemente weiterverwendet werden. Die Datei behandelt das Parkhaus daher nicht primär als Parkierungsinfrastruktur, sondern als gebäudebezogene Materialbank mit konstruktiv wertvollen Stahlbetonbauteilen.","no_has_bauobjektstatus_target"
"bauobjekt/Maison_DnA_Asse","","Gebäude\Maison_DnA_Asse.md","","","","","Maison DnA / dnA House, Asse — Fallstudie Direct Reuse / zirkuläres Bauen | äußere, dauerhafte Ziegelmauerstruktur / räumliche und tragende Hülle","no_has_nutzung_target"
"bauobjekt/Maison_Vignette_Auderghem","","Gebäude\Maison_Vignette_Auderghem.md","","","","","Maison Vignette, Auderghem – Fallstudie Direct Reuse | Maison_Vignette_Auderghem | Einfamilienhaus, Neubau, zwei Volumen um einen Patio | Maison Vignette, Auderghem – Fallstudie Direct Reuse | Neubau auf unbebautem Grundstück mit Reuse- und bio-/geobasierten Materialien | Maison Vignette, Auderghem – Fallstudie Direct Reuse | Einfamilienhaus, Neubau, zwei Volumen um einen Patio | Neubau auf unbebautem Grundstück mit Reuse- und bio-/geobasierten Materialien | unbebautes Grundstück | Einfamilienhaus mit Atelier | 2018–2020 laut FCRBE; Opalis nennt Year 2020 und andere Seite 2018 als Lieferung/Kontext | gebaut","no_has_bausystem_target"
"bauobjekt/Maison_des_Canaux_Paris","","Gebäude\Maison_des_Canaux_Paris.md","","","","","Maison des Canaux, Paris — Fallstudie Direct Reuse / zirkuläres Bauen | Maison_des_Canaux_Paris | Bestandsgebäude, saniert / umgebaut | Maison des Canaux, Paris — Fallstudie Direct Reuse / zirkuläres Bauen | Haus / Plattform für solidarische und innovative Ökonomien, zirkuläre Sanierung | Maison des Canaux, Paris — Fallstudie Direct Reuse / zirkuläres Bauen | Bestandsgebäude, saniert / umgebaut | Haus / Plattform für solidarische und innovative Ökonomien, zirkuläre Sanierung | unbekannt | Büro-/Veranstaltungs-/Netzwerkhaus für solidarische, soziale und zirkuläre Ökonomien | gebaut; Jahr unbekannt / zu prüfen | gebaut / refurbishment","no_has_bausystem_target"
"bauobjekt/Melkinlaituri_Primary_School_Daycare_Centre_Helsinki","","Gebäude\Melkinlaituri_Primary_School_Daycare_Centre_Helsinki.md","","","","","Melkinlaituri Primary School and Day-care Centre, Helsinki — Fallstudie Wiederverwendung / Direct Reuse | kommerzielle Replikation der ReCreate-Hohlkörperdecken-Wiederverwendung | Melkinlaituri Primary School and Day-care Centre, Helsinki — Fallstudie Wiederverwendung / Direct Reuse | Melkinlaituri_Primary_School_Daycare_Centre_Helsinki | Grundschule und Kita","no_has_bauaufgabe_intervention_target"
"bauobjekt/Multi_Brussels_Reuse_in_MULTI","","Gebäude\Multi_Brussels_Reuse_in_MULTI.md","","","","","Multi Brussels / Reuse in MULTI – Fallstudie Direct Reuse / zirkuläres Bauen | Multi_Brussels_Reuse_in_MULTI | ehemaliger Philips Tower / Brouckère Tower | Multi Brussels / Reuse in MULTI – Fallstudie Direct Reuse / zirkuläres Bauen | Renovierung / Rekonversion zu Büro-/Mixed-use-Gebäude mit Urban Platform | Multi Brussels / Reuse in MULTI – Fallstudie Direct Reuse / zirkuläres Bauen | ehemaliger Philips Tower / Brouckère Tower | Renovierung / Rekonversion zu Büro-/Mixed-use-Gebäude mit Urban Platform | Bürohochhaus der 1960er Jahre | flexible Büro-/Mixed-use-Flächen, öffentliche Durchwegung / Urban Platform | 2015–2024 nach CONIX RDBM; Q1 2019–Q1 2022 nach Cordeel; 2018–2022 nach Whitewood; Quellenkonflikt | gebaut / fertiggestellt","no_has_bausystem_target"
"bauobjekt/Musee_de_Folklore_Mouscron","","Gebäude\Musee_de_Folklore_Mouscron.md","","","","","Musée de Folklore Vie Frontalière / MUSEF, Mouscron – Fallstudie Direct Reuse | Musee_de_Folklore_Mouscron | Museum / Renovierung und Erweiterung mit neuem Museumsvolumen und Park | Musée de Folklore Vie Frontalière / MUSEF, Mouscron – Fallstudie Direct Reuse | Renovation and extension of the Musée de Folklore Vie Frontalière; creation of a park | Musée de Folklore Vie Frontalière / MUSEF, Mouscron – Fallstudie Direct Reuse | Museum / Renovierung und Erweiterung mit neuem Museumsvolumen und Park | Renovation and extension of the Musée de Folklore Vie Frontalière; creation of a park | bestehendes Musée de Folklore / historisches Stadtkontextareal | Museum mit zeitgenössischer Architektur, Szenografie, Park | V+ nennt 2011–2018; Cellule nennt Lieferung 2018; d’a/Architectura nennen Lieferung/Einweihung 2019 | gebaut","no_has_bausystem_target"
"bauobjekt/PLP_London_HQ_Circular_Studio_Fitout","","Gebäude\PLP_London_HQ_Circular_Studio_Fitout.md","","","","","PLP Architecture HQ / Circular Studio Fit-out, London — Fallstudie Direct Reuse | PLP_London_HQ_Circular_Studio_Fitout | bestehendes Bürogebäude; The White Chapel Building | PLP Architecture HQ / Circular Studio Fit-out, London — Fallstudie Direct Reuse | zirkulärer Studio-/Büro-Innenausbau für PLP Architecture | PLP Architecture HQ / Circular Studio Fit-out, London — Fallstudie Direct Reuse | bestehendes Bürogebäude; The White Chapel Building | zirkulärer Studio-/Büro-Innenausbau für PLP Architecture | Bürofläche / vorhandene Gebäudestruktur | Architekturstudio / Büro | abgeschlossen; Quellen 2025 zur Veröffentlichung; genaues Bauzeitfenster unbekannt | gebaut / abgeschlossen","no_has_bausystem_target"
"bauobjekt/Peoples_Pavilion_Eindhoven","","Gebäude\Peoples_Pavilion_Eindhoven.md","","","","","People’s Pavilion, Eindhoven — Fallstudie Direct Reuse | Peoples_Pavilion_Eindhoven | temporärer Pavillon | People’s Pavilion, Eindhoven — Fallstudie Direct Reuse | Meeting space / Veranstaltungs- und Begegnungsraum während Dutch Design Week 2017 | People’s Pavilion, Eindhoven — Fallstudie Direct Reuse | temporärer Pavillon | Meeting space / Veranstaltungs- und Begegnungsraum während Dutch Design Week 2017 | Bauteile stammten von Lieferanten, Unternehmen und Bürger:innen; alte Nutzungen je Bauteil nur teilweise belegt | Pavillon / Meeting Space | 2017; temporär für 9 Tage während Dutch Design Week | temporärer Pavillon / gebaut und demontiert","no_has_bausystem_target"
"bauobjekt/Peoples_Pavilion_Eindhoven","","Gebäude\Peoples_Pavilion_Eindhoven.md","","","","","People’s Pavilion, Eindhoven — Fallstudie Direct Reuse | Meeting space / Veranstaltungs- und Begegnungsraum während Dutch Design Week 2017 | People’s Pavilion, Eindhoven — Fallstudie Direct Reuse | Peoples_Pavilion_Eindhoven | temporärer Pavillon","no_has_bauaufgabe_intervention_target"
"bauobjekt/Plattenpalast_Berlin","","Gebäude\Plattenpalast_Berlin.md","","","","","Plattenpalast Berlin — Fallstudie Direct Reuse | Forschungs-/Prototyp-Projekt zur Wiederverwendung von WBS70-Betonfertigteilen | Plattenpalast Berlin — Fallstudie Direct Reuse | Plattenpalast_Berlin | Kleinsthaus / Galerie / experimenteller Wohnraum aus wiederverwendeten Plattenbauteilen","no_has_bauaufgabe_intervention_target"
"bauobjekt/Plattenvereinigung_Berlin","","Gebäude\Plattenvereinigung_Berlin.md","","","","","Plattenvereinigung Berlin — Fallstudie Direct Reuse | Plattenvereinigung_Berlin | temporäres, vollständig de- und remontierbares Recyclinggebäude / Begegnungsraum | Plattenvereinigung Berlin — Fallstudie Direct Reuse | Forschungs- und Bildungsprojekt zur Recyclingkultur und nachhaltigen Stadtentwicklung | Plattenvereinigung Berlin — Fallstudie Direct Reuse | temporäres, vollständig de- und remontierbares Recyclinggebäude / Begegnungsraum | Forschungs- und Bildungsprojekt zur Recyclingkultur und nachhaltigen Stadtentwicklung | Fertigbetonteile aus Olympischem Dorf München und einem PH12-Punkthochhaus in Frankfurt/Oder | temporäres Recyclinggebäude, Werkstatt, Studienobjekt, Kultur-/Bildungsraum | Jan 2010–Mai 2011 Peter-Behrens-Halle; Mai 2011 Umsetzung Tempelhofer Feld; danach weitere Nutzung als Projektraum belegt | gebaut / temporär / mobil / weitergenutzt als Projektraum","no_has_bausystem_target"
"bauobjekt/Plattenvereinigung_Berlin","","Gebäude\Plattenvereinigung_Berlin.md","","","","","Plattenvereinigung Berlin — Fallstudie Direct Reuse | Forschungs- und Bildungsprojekt zur Recyclingkultur und nachhaltigen Stadtentwicklung | Plattenvereinigung Berlin — Fallstudie Direct Reuse | Plattenvereinigung_Berlin | temporäres, vollständig de- und remontierbares Recyclinggebäude / Begegnungsraum","no_has_bauaufgabe_intervention_target"
"bauobjekt/ReCrete_footbridge_reused_concrete_blocks","","Gebäude\ReCrete_footbridge_reused_concrete_blocks.md","","","","","Re:Crete footbridge — Fallstudie Direct Reuse | ReCrete_footbridge_reused_concrete_blocks | kein Gebäude; Fußgängerbrücken-Prototyp | Re:Crete footbridge — Fallstudie Direct Reuse | Reuse of concrete blocks from cast-in-place building to arch footbridge | Re:Crete footbridge — Fallstudie Direct Reuse | kein Gebäude; Fußgängerbrücken-Prototyp | Reuse of concrete blocks from cast-in-place building to arch footbridge | Kellerwände eines Gebäudes unter Transformation | tragender Fußgängerbrückenbogen | 2022 publiziert; Bauzeitpunkt unbekannt | Prototyp / Forschungsdemonstrator","no_has_bausystem_target"
"bauobjekt/ReCrete_footbridge_reused_concrete_blocks","","Gebäude\ReCrete_footbridge_reused_concrete_blocks.md","","","","","Re:Crete footbridge — Fallstudie Direct Reuse | Reuse of concrete blocks from cast-in-place building to arch footbridge | Re:Crete footbridge — Fallstudie Direct Reuse | ReCrete_footbridge_reused_concrete_blocks | kein Gebäude; Fußgängerbrücken-Prototyp","no_has_bauaufgabe_intervention_target"
"bauobjekt/ReUseBox_Heilbronn","","gebaeude\ReUseBox_Heilbronn.md","","","","","ReUseBox, Heilbronn | ReUseBox, Heilbronn | zirkuläres Bauen; Lern- und Demonstrationsgebäude; Wiederverwendung im Neubau; Materialkreisläufe als Ausstellungs- und Bildungsinhalt; Design for Disassembly; Low-Tech; robuste, anpassbare Gebäude. | Die ReUseBox Heilbronn ist ein Wettbewerbsentwurf von LXSY Architektur aus dem Jahr 2025 für einen Lern- und Erlebnisort der Kreislaufwirtschaft in Heilbronn. Gebäudebezogen ist sie als Demonstrationsbau konzipiert: Architektur, Konstruktion, Ausstellung, Werkstatt und Nutzung sollen unmittelbar zeigen, wie Materialien erfasst, wiederverwendet, sortiert, repariert, transformiert und erneut in Umlauf gebracht werden können.

Der Entwurf ist kein allgemeines Nachhaltigkeitszentrum, sondern ein Gebäude, dessen räumliche Organisation und Bauteilwahl selbst Teil der Vermittlung sind. Wiedergewonnene Stahlträger, Altholz, sichtbare Verbindungen, ein großes Materialregal, flexible Innenräume, demontierbare Fassaden und Low-Tech-Strategien bilden die zentrale Gebäudelogik. **Statushinweis:** Nach öffentlich zugänglichen Informationen handelt es sich um einen Wettbewerbsbeitrag; eine Realisierung, baurechtliche Genehmigung oder tatsächliche Ausführung ist in den gefundenen Quellen nicht gesichert. | Nach öffentlich zugänglichen Informationen handelt es sich um einen Wettbewerbsbeitrag; eine Realisierung, baurechtliche Genehmigung oder tatsächliche Ausführung ist in den gefundenen Quellen nicht gesichert.","no_has_bauobjektstatus_target"
"bauobjekt/ReUseBox_Heilbronn","","gebaeude\ReUseBox_Heilbronn.md","","","","","ReUseBox, Heilbronn | zirkuläres Bauen; Lern- und Demonstrationsgebäude; Wiederverwendung im Neubau; Materialkreisläufe als Ausstellungs- und Bildungsinhalt; Design for Disassembly; Low-Tech; robuste, anpassbare Gebäude. | ReUseBox, Heilbronn | zirkuläres Bauen; Lern- und Demonstrationsgebäude; Wiederverwendung im Neubau; Materialkreisläufe als Ausstellungs- und Bildungsinhalt; Design for Disassembly; Low-Tech; robuste, anpassbare Gebäude. | Die ReUseBox Heilbronn ist ein Wettbewerbsentwurf von LXSY Architektur aus dem Jahr 2025 für einen Lern- und Erlebnisort der Kreislaufwirtschaft in Heilbronn. Gebäudebezogen ist sie als Demonstrationsbau konzipiert: Architektur, Konstruktion, Ausstellung, Werkstatt und Nutzung sollen unmittelbar zeigen, wie Materialien erfasst, wiederverwendet, sortiert, repariert, transformiert und erneut in Umlauf gebracht werden können.

Der Entwurf ist kein allgemeines Nachhaltigkeitszentrum, sondern ein Gebäude, dessen räumliche Organisation und Bauteilwahl selbst Teil der Vermittlung sind. Wiedergewonnene Stahlträger, Altholz, sichtbare Verbindungen, ein großes Materialregal, flexible Innenräume, demontierbare Fassaden und Low-Tech-Strategien bilden die zentrale Gebäudelogik. **Statushinweis:** Nach öffentlich zugänglichen Informationen handelt es sich um einen Wettbewerbsbeitrag; eine Realisierung, baurechtliche Genehmigung oder tatsächliche Ausführung ist in den gefundenen Quellen nicht gesichert. | Nach öffentlich zugänglichen Informationen handelt es sich um einen Wettbewerbsbeitrag; eine Realisierung, baurechtliche Genehmigung oder tatsächliche Ausführung ist in den gefundenen Quellen nicht gesichert. | ReUseBox, Heilbronn | zirkuläres Bauen; Lern- und Demonstrationsgebäude; Wiederverwendung im Neubau; Materialkreisläufe als Ausstellungs- und Bildungsinhalt; Design for Disassembly; Low-Tech; robuste, anpassbare Gebäude. | Die ReUseBox Heilbronn ist ein Wettbewerbsentwurf von LXSY Architektur aus dem Jahr 2025 für einen Lern- und Erlebnisort der Kreislaufwirtschaft in Heilbronn. Gebäudebezogen ist sie als Demonstrationsbau konzipiert: Architektur, Konstruktion, Ausstellung, Werkstatt und Nutzung sollen unmittelbar zeigen, wie Materialien erfasst, wiederverwendet, sortiert, repariert, transformiert und erneut in Umlauf gebracht werden können.

Der Entwurf ist kein allgemeines Nachhaltigkeitszentrum, sondern ein Gebäude, dessen räumliche Organisation und Bauteilwahl selbst Teil der Vermittlung sind. Wiedergewonnene Stahlträger, Altholz, sichtbare Verbindungen, ein großes Materialregal, flexible Innenräume, demontierbare Fassaden und Low-Tech-Strategien bilden die zentrale Gebäudelogik. **Statushinweis:** Nach öffentlich zugänglichen Informationen handelt es sich um einen Wettbewerbsbeitrag; eine Realisierung, baurechtliche Genehmigung oder tatsächliche Ausführung ist in den gefundenen Quellen nicht gesichert. | Nach öffentlich zugänglichen Informationen handelt es sich um einen Wettbewerbsbeitrag; eine Realisierung, baurechtliche Genehmigung oder tatsächliche Ausführung ist in den gefundenen Quellen nicht gesichert.","no_has_bauobjektrolle_target"
"bauobjekt/Recyclinghaus_Hannover","","Gebäude\Recyclinghaus_Hannover.md","","","","","Recyclinghaus Hannover — Fallstudie Direct Reuse / zirkuläres Bauen | Recyclinghaus_Hannover | experimentelles Wohnhaus / Einfamilienhaus | Recyclinghaus Hannover — Fallstudie Direct Reuse / zirkuläres Bauen | Prototyp für Reuse, Recyclingmaterialien und recyclinggerechte Bauweise | Recyclinghaus Hannover — Fallstudie Direct Reuse / zirkuläres Bauen | experimentelles Wohnhaus / Einfamilienhaus | Prototyp für Reuse, Recyclingmaterialien und recyclinggerechte Bauweise | nicht anwendbar für Neubau; einzelne Bauteile stammen aus Jugendzentrum, Lackiererei, Sportzentrum/Sauna, Messebau u. a. | Wohnen | Fertigstellung/Bezug 2019; Veröffentlichungen 2020–2022 | gebaut / bezogen 2019","no_has_bausystem_target"
"bauobjekt/Recyclinghaus_Hannover","","Gebäude\Recyclinghaus_Hannover.md","","","","","Recyclinghaus Hannover — Fallstudie Direct Reuse / zirkuläres Bauen | Prototyp für Reuse, Recyclingmaterialien und recyclinggerechte Bauweise | Recyclinghaus Hannover — Fallstudie Direct Reuse / zirkuläres Bauen | Recyclinghaus_Hannover | experimentelles Wohnhaus / Einfamilienhaus","no_has_bauaufgabe_intervention_target"
"bauobjekt/Recypark_Demets_Anderlecht","","Gebäude\Recypark_Demets_Anderlecht.md","","","","","Recypark Demets / Recypark Anderlecht, Brüssel — Fallstudie Direct Reuse / Wiederverwendung | Dach- und Tragstruktur eines Recyclingzentrums, Skateparks und öffentlichen Raums","no_has_nutzung_target"
"bauobjekt/Recypark_Demets_Anderlecht","","Gebäude\Recypark_Demets_Anderlecht.md","","","","","Recypark Demets / Recypark Anderlecht, Brüssel — Fallstudie Direct Reuse / Wiederverwendung | Recypark_Demets_Anderlecht | öffentlicher Recypark mit Skatepark und Gemeinschafts-/öffentlichem Raum unter einer Hallenstruktur | Recypark Demets / Recypark Anderlecht, Brüssel — Fallstudie Direct Reuse / Wiederverwendung | Recyclingzentrum und public space entlang des Kanals | Recypark Demets / Recypark Anderlecht, Brüssel — Fallstudie Direct Reuse / Wiederverwendung | öffentlicher Recypark mit Skatepark und Gemeinschafts-/öffentlichem Raum unter einer Hallenstruktur | Recyclingzentrum und public space entlang des Kanals | Reithalle / equestrian centre / riding arena bei Liège/Bierset | Dach- und Tragstruktur eines Recyclingzentrums, Skateparks und öffentlichen Raums | Wettbewerb 2016; Design 2016–2019; Konstruktion 2021–2024; Fertigstellung/Eröffnung 2024 | gebaut / 2024 fertiggestellt bzw. eröffnet","no_has_bausystem_target"
"bauobjekt/Recypark_Demets_Anderlecht","","Gebäude\Recypark_Demets_Anderlecht.md","","","","","Recypark Demets / Recypark Anderlecht, Brüssel — Fallstudie Direct Reuse / Wiederverwendung | Recyclingzentrum und public space entlang des Kanals | Recypark Demets / Recypark Anderlecht, Brüssel — Fallstudie Direct Reuse / Wiederverwendung | Recypark_Demets_Anderlecht | öffentlicher Recypark mit Skatepark und Gemeinschafts-/öffentlichem Raum unter einer Hallenstruktur","no_has_bauaufgabe_intervention_target"
"bauobjekt/Resilience_La_Ferme_des_Possibles_Stains","","Gebäude\Resilience_La_Ferme_des_Possibles_Stains.md","","","","","Résilience / La Ferme des Possibles, Stains — Fallstudie Direct Reuse / zirkuläres Bauen | Resilience_La_Ferme_des_Possibles_Stains | Neubau für Logistik, Produktion, Küche/Labor, Cafeteria, Büros, Schulung und Besprechung. | Résilience / La Ferme des Possibles, Stains — Fallstudie Direct Reuse / zirkuläres Bauen | Sitz von Novaedia auf der Ferme des Possibles. | Résilience / La Ferme des Possibles, Stains — Fallstudie Direct Reuse / zirkuläres Bauen | Neubau für Logistik, Produktion, Küche/Labor, Cafeteria, Büros, Schulung und Besprechung. | Sitz von Novaedia auf der Ferme des Possibles. | Neubau auf Farm-/Agrarstandort; vorherige gebaute Nutzung unbekannt. | Sitz, Produktions-/Logistikräume, Küche, Restaurant/Cafeteria, Büros, Schulung, urbane Landwirtschaft. | Baubeginn 2018 laut materiauxreemploi.com; Baujahr 2019; Lieferung/Inauguration 2020. | gebaut","no_has_bausystem_target"
"bauobjekt/Resource_Rows_Copenhagen","","Gebäude\Resource_Rows_Copenhagen.md","","","","","Resource Rows, Copenhagen — Fallstudie Direct Reuse / zirkuläres Bauen | Wohnnutzung","no_has_nutzung_target"
"bauobjekt/Resource_Rows_Copenhagen","","Gebäude\Resource_Rows_Copenhagen.md","","","","","Resource Rows, Copenhagen — Fallstudie Direct Reuse / zirkuläres Bauen | Resource_Rows_Copenhagen | Wohngebäude / Wohnzeilen | Resource Rows, Copenhagen — Fallstudie Direct Reuse / zirkuläres Bauen | Circular residential development with reused brick façade modules | Resource Rows, Copenhagen — Fallstudie Direct Reuse / zirkuläres Bauen | Wohngebäude / Wohnzeilen | Circular residential development with reused brick façade modules | Donor-Mauerwerk aus abgebrochenen Gebäuden; genaue Donor-Nutzungen zu prüfen | Wohnnutzung | gebaut; Fertigstellung häufig mit Ende der 2010er Jahre verbunden, exactes Jahr zu prüfen | gebaut","no_has_bausystem_target"
"bauobjekt/Resource_Rows_Copenhagen","","Gebäude\Resource_Rows_Copenhagen.md","","","","","Resource Rows, Copenhagen — Fallstudie Direct Reuse / zirkuläres Bauen | Circular residential development with reused brick façade modules | Resource Rows, Copenhagen — Fallstudie Direct Reuse / zirkuläres Bauen | Resource_Rows_Copenhagen | Wohngebäude / Wohnzeilen","no_has_bauaufgabe_intervention_target"
"bauobjekt/Roots_in_the_Sky_Blackfriars_Crown_Court","","Gebäude\Roots_in_the_Sky_Blackfriars_Crown_Court.md","","","","","Roots in the Sky / Blackfriars Crown Court, London | Roots_in_the_Sky_Blackfriars_Crown_Court | ehemaliges Blackfriars Crown Court; ursprünglich 1950er/1960er Printworks, später Crown Court | Roots in the Sky / Blackfriars Crown Court, London | geplante Büro-/Community-Transformation mit Rooftop Forest; aktuell durch iQ-Studentenwohnprojekt ersetzt bzw. überplant | Roots in the Sky / Blackfriars Crown Court, London | ehemaliges Blackfriars Crown Court; ursprünglich 1950er/1960er Printworks, später Crown Court | geplante Büro-/Community-Transformation mit Rooftop Forest; aktuell durch iQ-Studentenwohnprojekt ersetzt bzw. überplant | Printworks / später Crown Court | Roots: Büro, Community, Retail, Freizeit, Rooftop Forest; iQ: Studierendenwohnen, soziale Mietwohnungen, Café/Gewerbe | Fabrix-Planung 2020–2025/2027 geplant; iQ-Planung ab 2025, Baustart 2026 erwartet | ungebaut / nach aktuellem Stand ersetzt durch anderes Projekt","no_has_bausystem_target"
"bauobjekt/Saxum_Vineyard_Equipment_Barn_Paso_Robles","","Gebäude\Saxum_Vineyard_Equipment_Barn_Paso_Robles.md","","","","","Saxum Vineyard Equipment Barn, Paso Robles — Fallstudie Direct Reuse / zirkuläres Bauen | Saxum_Vineyard_Equipment_Barn_Paso_Robles | landwirtschaftlicher Gerätebau / Equipment Barn | Saxum Vineyard Equipment Barn, Paso Robles — Fallstudie Direct Reuse / zirkuläres Bauen | Neubau eines offenen Lager-, Werkstatt- und PV-Dachgebäudes mit wiederverwendetem Rohrtragwerk | Saxum Vineyard Equipment Barn, Paso Robles — Fallstudie Direct Reuse / zirkuläres Bauen | landwirtschaftlicher Gerätebau / Equipment Barn | Neubau eines offenen Lager-, Werkstatt- und PV-Dachgebäudes mit wiederverwendetem Rohrtragwerk | Ölbohrrohre / Drill-Stem-Pipes aus der Ölindustrie; genaue alte Einbausituation unbekannt | Stützen- und Dachtragwerk / Armature für PV-Dach, Lager und Werkstatt | 2018 / completed works; genaue Planungs- und Bauzeit unbekannt | gebaut","no_has_bausystem_target"
"bauobjekt/Superlocal_Expogebouw_Bleijerheide","","Gebäude\Superlocal_Expogebouw_Bleijerheide.md","","","","","SUPERLOCAL Expogebouw, Bleijerheide/Kerkrade — Fallstudie Direct Reuse / zirkuläres Bauen | Superlocal_Expogebouw_Bleijerheide | Expogebouw / Infogebäude, wind- und wasserdicht, mit wesentlichen Elementen einer Wohnung | SUPERLOCAL Expogebouw, Bleijerheide/Kerkrade — Fallstudie Direct Reuse / zirkuläres Bauen | SUPERLOCAL – Super Circular Estate | SUPERLOCAL Expogebouw, Bleijerheide/Kerkrade — Fallstudie Direct Reuse / zirkuläres Bauen | Expogebouw / Infogebäude, wind- und wasserdicht, mit wesentlichen Elementen einer Wohnung | SUPERLOCAL – Super Circular Estate | Wohnungsteile und Bauteile aus einer ca. 50 Jahre alten Hochhausflat an der Ursulastraat | Infogebäude / Demonstrator / Test für zirkuläre Wohnungsentwicklung | Rückbau/Entnahme ab Juni/November 2017; Lieferung/Eröffnung 22. Februar 2018 | gebaut / Demonstrator, geliefert am 22. Februar 2018","no_has_bausystem_target"
"bauobjekt/Superlocal_Expogebouw_Bleijerheide","","Gebäude\Superlocal_Expogebouw_Bleijerheide.md","","","","","SUPERLOCAL Expogebouw, Bleijerheide/Kerkrade — Fallstudie Direct Reuse / zirkuläres Bauen | SUPERLOCAL – Super Circular Estate | SUPERLOCAL Expogebouw, Bleijerheide/Kerkrade — Fallstudie Direct Reuse / zirkuläres Bauen | Superlocal_Expogebouw_Bleijerheide | Expogebouw / Infogebäude, wind- und wasserdicht, mit wesentlichen Elementen einer Wohnung","no_has_bauaufgabe_intervention_target"
"bauobjekt/Svanen_Kindergarten_Gladsaxe","","Gebäude\Svanen_Kindergarten_Gladsaxe.md","","","","","Svanen / The Swan Kindergarten, Gladsaxe — Fallstudie Direct Reuse / Wiederverwendung | Svanen_Kindergarten_Gladsaxe | Kindergarten / daycare centre / integriertes Kinderhaus | Svanen / The Swan Kindergarten, Gladsaxe — Fallstudie Direct Reuse / Wiederverwendung | Neubau auf dem Gelände der ehemaligen Gladsaxe School aus Materialien des Vorgängerbaus | Svanen / The Swan Kindergarten, Gladsaxe — Fallstudie Direct Reuse / Wiederverwendung | Kindergarten / daycare centre / integriertes Kinderhaus | Neubau auf dem Gelände der ehemaligen Gladsaxe School aus Materialien des Vorgängerbaus | Gladsaxe School / Schule, inkl. Sporthalle | Kindergarten / daycare centre für Kinder, darunter Angebote für Kinder mit besonderen Bedürfnissen | 2019–2022; alter Schulabbruch 2020; Öffnung April 2022 laut State of Green; abgeschlossen | gebaut","no_has_bausystem_target"
"bauobjekt/TRAE_High_Rise_Aarhus","","Gebäude\TRAE_High_Rise_Aarhus.md","","","","","TRÆ High-Rise, Aarhus | TRAE_High_Rise_Aarhus | 78 m hohes, 20-geschossiges Holzhochhaus / Büro-Hospitality-Mixed-use | TRÆ High-Rise, Aarhus | zirkuläres Hochhaus am ehemaligen Industriehafen von Aarhus | TRÆ High-Rise, Aarhus | 78 m hohes, 20-geschossiges Holzhochhaus / Büro-Hospitality-Mixed-use | zirkuläres Hochhaus am ehemaligen Industriehafen von Aarhus | ehemaliger Industriehafen / Konversionsgebiet; konkrete Vornutzung des Grundstücks unbekannt | Büro, Hospitality, öffentliche/soziale Erdgeschossnutzung | Lendager nennt 2018–2025; Artelia nennt 2020–2024 Design; Eröffnung/Inauguration Mai 2025 | gebaut / fertiggestellt 2025","no_has_bausystem_target"
"bauobjekt/TRAE_High_Rise_Aarhus","","Gebäude\TRAE_High_Rise_Aarhus.md","","","","","TRÆ High-Rise, Aarhus | zirkuläres Hochhaus am ehemaligen Industriehafen von Aarhus | TRÆ High-Rise, Aarhus | TRAE_High_Rise_Aarhus | 78 m hohes, 20-geschossiges Holzhochhaus / Büro-Hospitality-Mixed-use","no_has_bauaufgabe_intervention_target"
"bauobjekt/The_Green_House_Utrecht","","Gebäude\The_Green_House_Utrecht.md","","","","","The Green House, Utrecht | The_Green_House_Utrecht | temporärer zweigeschossiger Pavillon mit Restaurant, Meetingräumen und Gewächshaus | The Green House, Utrecht | zirkulärer Pavillon als temporäre Zwischennutzung | The Green House, Utrecht | temporärer zweigeschossiger Pavillon mit Restaurant, Meetingräumen und Gewächshaus | zirkulärer Pavillon als temporäre Zwischennutzung | Standort als künftig zu bebauende Lücke; Herkunftsmaterialien aus Knoopkazerne und alter Kade in Tiel | Restaurant, Catering, Meetingräume, Urban-Farming-Gewächshaus | Planung ab ca. 2016; eröffnet April 2018; temporär für ca. 15 Jahre geplant | gebaut; eröffnet April 2018; als temporärer Pavillon für ca. 15 Jahre konzipiert.","no_has_bausystem_target"
"bauobjekt/The_Green_House_Utrecht","","Gebäude\The_Green_House_Utrecht.md","","","","","The Green House, Utrecht | zirkulärer Pavillon als temporäre Zwischennutzung | The Green House, Utrecht | The_Green_House_Utrecht | temporärer zweigeschossiger Pavillon mit Restaurant, Meetingräumen und Gewächshaus","no_has_bauaufgabe_intervention_target"
"bauobjekt/Thoravej_29_Copenhagen","","Gebäude\Thoravej_29_Copenhagen.md","","","","","Thoravej 29, Copenhagen – Fallstudie Direct Reuse | Thoravej_29_Copenhagen | ehemaliges Industrie-/Fabrikgebäude, errichtet 1967/1968 | Thoravej 29, Copenhagen – Fallstudie Direct Reuse | Transformation zu Arbeits-, Kultur-, Community-, Studio- und Veranstaltungsgebäude | Thoravej 29, Copenhagen – Fallstudie Direct Reuse | ehemaliges Industrie-/Fabrikgebäude, errichtet 1967/1968 | Transformation zu Arbeits-, Kultur-, Community-, Studio- und Veranstaltungsgebäude | Fabrik/Industriebau; später Labore und kommunale Behindertenverwaltung | Community, Arbeitsplätze, Meetingräume, Studios, Café, Bühne, Art Hub, HAUT Black Box | Wettbewerb 2021; Fertigstellung Anfang 2025; DGNB-Gold-Vorzertifizierung 2023; Auszeichnung Building of the Year 2024 laut Projektseite | gebaut","no_has_bausystem_target"
"bauobjekt/Timber_Square_London","","Gebäude\Timber_Square_London.md","","","","","Timber Square, London — Fallstudie Direct Reuse / Bauteilwiederverwendung | Timber_Square_London | Büro-/Mixed-use-Campus aus Print Building und Ink Building | Timber Square, London — Fallstudie Direct Reuse / Bauteilwiederverwendung | Low-carbon redevelopment mit retained printworks, hybrid steel/CLT structure und reused steel | Timber Square, London — Fallstudie Direct Reuse / Bauteilwiederverwendung | Büro-/Mixed-use-Campus aus Print Building und Ink Building | Low-carbon redevelopment mit retained printworks, hybrid steel/CLT structure und reused steel | ehemaliges 1950er printworks / Druckerei-Gebäude auf dem Standort; donor source des reused steel unbekannt bzw. Lieferant Cleveland Steel & Tubes | Büro, Retail/öffentlicher Raum, Mixed-use Campus | Planung ab ca. 2019; Baubeginn/On site nach Quellen 2022/2023; Completion/Handover je nach Quelle Q4 2025 oder 2026; zu verifizieren | im Bau / nahe Fertigstellung; Quellen nennen Q4 2025, 2026 oder „on site“. Übergabe/Handover ist zu verifizieren.","no_has_bausystem_target"
"bauobjekt/Timber_Square_London","","Gebäude\Timber_Square_London.md","","","","","Timber Square, London — Fallstudie Direct Reuse / Bauteilwiederverwendung | Low-carbon redevelopment mit retained printworks, hybrid steel/CLT structure und reused steel | Timber Square, London — Fallstudie Direct Reuse / Bauteilwiederverwendung | Timber_Square_London | Büro-/Mixed-use-Campus aus Print Building und Ink Building","no_has_bauaufgabe_intervention_target"
"bauobjekt/Upcycle_Studios_Copenhagen","","Gebäude\Upcycle_Studios_Copenhagen.md","","","","","Upcycle Studios, Copenhagen — Fallstudie Bauteilwiederverwendung / Direct Reuse | Upcycle_Studios_Copenhagen | Reihenhausensemble / 20 terraced houses | Upcycle Studios, Copenhagen — Fallstudie Bauteilwiederverwendung / Direct Reuse | kommerziell skaliertes zirkuläres Wohnprojekt mit Wohn-/Arbeitsnutzung | Upcycle Studios, Copenhagen — Fallstudie Bauteilwiederverwendung / Direct Reuse | Reihenhausensemble / 20 terraced houses | kommerziell skaliertes zirkuläres Wohnprojekt mit Wohn-/Arbeitsnutzung | nicht zutreffend als Neubauprojekt; Spenderquellen u. a. öffentliche Wohnbauten in Nordjütland, Copenhagen Metro, Dinesen-Produktionsreste | Wohnen mit Möglichkeit zur Arbeit im Haus | 2015–2018 laut Lendager; Fertigstellung 2018 laut NREP; a:gain nennt 2019 | gebaut / fertiggestellt 2018 nach NREP; a:gain nennt 2019 als „year finished“","no_has_bausystem_target"
"bauobjekt/Upcycle_Studios_Copenhagen","","Gebäude\Upcycle_Studios_Copenhagen.md","","","","","Upcycle Studios, Copenhagen — Fallstudie Bauteilwiederverwendung / Direct Reuse | kommerziell skaliertes zirkuläres Wohnprojekt mit Wohn-/Arbeitsnutzung | Upcycle Studios, Copenhagen — Fallstudie Bauteilwiederverwendung / Direct Reuse | Upcycle_Studios_Copenhagen | Reihenhausensemble / 20 terraced houses","no_has_bauaufgabe_intervention_target"
"bauobjekt/Verbiest_Karreveld_Brussels","","Gebäude\Verbiest_Karreveld_Brussels.md","","","","","Verbiest + Karreveld, Brüssel / Molenbeek | Verbiest_Karreveld_Brussels | - Verbiest: ehemaliges Lagerhaus, gebaut zwischen 1900 und 1970, zu Haus und künstlerischem Atelier. | Verbiest + Karreveld, Brüssel / Molenbeek | adaptive reuse mit dokumentierter Bauteilwiederverwendung | Verbiest + Karreveld, Brüssel / Molenbeek | - Verbiest: ehemaliges Lagerhaus, gebaut zwischen 1900 und 1970, zu Haus und künstlerischem Atelier. | adaptive reuse mit dokumentierter Bauteilwiederverwendung | Lagerhaus / Bürogebäude | Einfamilienhaus + Atelier / Sekundarschule + Sporthalle + Kantine | Verbiest 2018–2020 / Planning 2020; Karreveld Phase 1 2017–2019, Phase 2 bis 2022/2023 je Quelle; Phasierung prüfen | gebaut; Verbiest ca. 2020 abgeschlossen, Karreveld Phase 1 ca. 2019 und Phase 2 ca. 2022.","no_has_bausystem_target"
"bauobjekt/Villa_Welpeloo_Enschede","","Gebäude\Villa_Welpeloo_Enschede.md","","","","","Villa Welpeloo, Enschede — Fallstudie Direct Reuse / Bauteilwiederverwendung | Villa_Welpeloo_Enschede | freistehendes Wohnhaus mit Kunstlager-/Ausstellungsfunktion | Villa Welpeloo, Enschede — Fallstudie Direct Reuse / Bauteilwiederverwendung | Neubau eines materialgetriebenen, zirkulären Wohnhauses | Villa Welpeloo, Enschede — Fallstudie Direct Reuse / Bauteilwiederverwendung | freistehendes Wohnhaus mit Kunstlager-/Ausstellungsfunktion | Neubau eines materialgetriebenen, zirkulären Wohnhauses | Stahl aus Paternoster/Textilindustriemaschine; Holz aus Kabeltrommeln; weitere Reststoffe aus lokaler Industrie | Wohnen, Kunstlager, Ausstellung, Studio | Entwurf ab ca. 2005; Fertigstellung 2009 laut Superuse/Architectuurgids | gebaut","no_has_bausystem_target"
"bauobjekt/Woongroep_Boschgaard_Den_Bosch","","Gebäude\Woongroep_Boschgaard_Den_Bosch.md","","","","","Woongroep Boschgaard, Den Bosch — Fallstudie Bauteilwiederverwendung / Direct Reuse | Woongroep_Boschgaard_Den_Bosch | ehemaliges Nachbarschaftszentrum De Patio; neue Wohn- und Gemeinschaftsbauten | Woongroep Boschgaard, Den Bosch — Fallstudie Bauteilwiederverwendung / Direct Reuse | 19 soziale Mietwohnungen mit Nachbarschaftszentrum und kollektivem Wohnen | Woongroep Boschgaard, Den Bosch — Fallstudie Bauteilwiederverwendung / Direct Reuse | ehemaliges Nachbarschaftszentrum De Patio; neue Wohn- und Gemeinschaftsbauten | 19 soziale Mietwohnungen mit Nachbarschaftszentrum und kollektivem Wohnen | Nachbarschaftszentrum / ehemaliges buurthuis De Patio | 19 soziale Mietwohnungen, kollektive Wohnfunktionen, Nachbarschaftszentrum | Entwicklung vor 2024; Fertigstellung / Inbetriebnahme Anfang 2024; Eröffnung 1. Juni 2024 laut Boschgaard-Fassadenartikel | gebaut / in Nutzung seit 2024","no_has_bausystem_target"
"bauobjekt/Woongroep_Boschgaard_Den_Bosch","","Gebäude\Woongroep_Boschgaard_Den_Bosch.md","","","","","Woongroep Boschgaard, Den Bosch — Fallstudie Bauteilwiederverwendung / Direct Reuse | 19 soziale Mietwohnungen mit Nachbarschaftszentrum und kollektivem Wohnen | Woongroep Boschgaard, Den Bosch — Fallstudie Bauteilwiederverwendung / Direct Reuse | Woongroep_Boschgaard_Den_Bosch | ehemaliges Nachbarschaftszentrum De Patio; neue Wohn- und Gemeinschaftsbauten","no_has_bauaufgabe_intervention_target"
"bauobjekt/Zinneke_Feder_Masui4ever_Brussels","","Gebäude\Zinneke_Feder_Masui4ever_Brussels.md","","","","","Zinneke / FEDER Masui4ever, Brüssel — Fallstudie Direct Reuse / zirkuläres Bauen | Zinneke_Feder_Masui4ever_Brussels | ehemaliger Werkstatt-/Druck-/Verwaltungskomplex; Quelle [S3] nennt ehemalige „Workshops of the Seal“ des föderalen Finanzministeriums. | Zinneke / FEDER Masui4ever, Brüssel — Fallstudie Direct Reuse / zirkuläres Bauen | Renovierung / Umnutzung zu dauerhafter Kultur- und Produktionsinfrastruktur für Zinneke.","no_has_bauobjektklasse_target"
"bauobjekt/Zinneke_Feder_Masui4ever_Brussels","","Gebäude\Zinneke_Feder_Masui4ever_Brussels.md","","","","","Zinneke / FEDER Masui4ever, Brüssel — Fallstudie Direct Reuse / zirkuläres Bauen | Zinneke_Feder_Masui4ever_Brussels | ehemaliger Werkstatt-/Druck-/Verwaltungskomplex; Quelle [S3] nennt ehemalige „Workshops of the Seal“ des föderalen Finanzministeriums. | Zinneke / FEDER Masui4ever, Brüssel — Fallstudie Direct Reuse / zirkuläres Bauen | Renovierung / Umnutzung zu dauerhafter Kultur- und Produktionsinfrastruktur für Zinneke. | Zinneke / FEDER Masui4ever, Brüssel — Fallstudie Direct Reuse / zirkuläres Bauen | ehemaliger Werkstatt-/Druck-/Verwaltungskomplex; Quelle [S3] nennt ehemalige „Workshops of the Seal“ des föderalen Finanzministeriums. | Renovierung / Umnutzung zu dauerhafter Kultur- und Produktionsinfrastruktur für Zinneke. | staatliche Werkstätten / Druck- oder Siegelwerkstätten; genaue Teilnutzungen unbekannt. | kreative Aktivitäten, Werkstätten, soziale/künstlerische Projekte, öffentliche Treffen und Aufführungen. | Projekt-/Beschaffungszeitraum 2015–2021 nach Forschungsbeitrag; Zinneke bezog den Masui-Standort 2013; FEDER-Programm 2014–2020. | gebaut","no_has_bausystem_target"
"bauobjekt/gjG_House_Gentbrugge","","Gebäude\gjG_House_Gentbrugge.md","","","","","gjG House, Gentbrugge / Ghent — Fallstudie Direct Reuse / zirkuläres Bauen | gjG_House_Gentbrugge | Einfamilienhaus | gjG House, Gentbrugge / Ghent — Fallstudie Direct Reuse / zirkuläres Bauen | Neubau mit gekrümmter strukturell autonomer Ziegelschale aus wiederverwendeten Ziegeln und innerem Stahl-/Holz-Infill | gjG House, Gentbrugge / Ghent — Fallstudie Direct Reuse / zirkuläres Bauen | Einfamilienhaus | Neubau mit gekrümmter strukturell autonomer Ziegelschale aus wiederverwendeten Ziegeln und innerem Stahl-/Holz-Infill | Ziegel aus unbekannter Herkunft; alte Funktion unbekannt | tragende, räumliche und hüllende Ziegelschale; Dachauflager | 2015 nach ArchDaily/Designboom; eine Sekundärquelle nennt 2017, daher 2015 priorisiert | gebaut","no_has_bausystem_target"
