"source","relation","target","raw_label","confidence","resolution_rule","legacy_path"
"reuse_einsatz/55_Great_Suffolk_Street_London__002__Stahl_aus_1_Broadgate","has_logistik","logistik/Materialverfuegbarkeit","timing donor/receiver, Profilverfügbarkeit","rule_high","label_50k_has_logistik_component_label",""
"reuse_einsatz/55_Great_Suffolk_Street_London__003__Reclaimed_stock_von_Cleveland","has_logistik","logistik/Lagerung","Lagerung, Restaurierung, Rezertifizierung","rule_high","label_50k_has_logistik_component_label",""
"reuse_einsatz/AWM_Muenster_Circular_Office__001__Glastrennw_nde_und_T_ren","has_logistik","logistik/Transport","Passung, Transport, Glaszustand","rule_high","label_50k_has_logistik_component_label",""
"reuse_einsatz/BedZED_London_Hackbridge__001__Stahlrahmen_Stahlprofile","has_logistik","logistik/Lokale_Wiederverwendung","Lokale Abbruchstandorte im 35-mile-Radius; teilweise Brighton Railway Station","rule_high","label_50k_has_logistik_component_label",""
"reuse_einsatz/BedZED_London_Hackbridge__001__Stahlrahmen_Stahlprofile","has_logistik","logistik/Transportdistanz","Lokale Abbruchstandorte im 35-mile-Radius; teilweise Brighton Railway Station","rule_high","label_50k_has_logistik_component_label",""
"reuse_einsatz/BedZED_London_Hackbridge__001__Stahlrahmen_Stahlprofile","has_logistik","logistik/Materialverfuegbarkeit","Profilverfügbarkeit; gebogene Profile nicht verfügbar/akzeptiert","rule_high","label_50k_has_logistik_component_label",""
"reuse_einsatz/BedZED_London_Hackbridge__003__Holzst_nder_Wandst_nder","has_logistik","logistik/Lokale_Wiederverwendung","lokale Rückbau-/Reclaim-Quellen","rule_high","label_50k_has_logistik_component_label",""
"reuse_einsatz/Berlin_Schildow_Pilot_House_2__002__Deckenplatten_als_Ursprungsbauteile","has_logistik","logistik/Lagerung","Geometrie, Lagerung","rule_high","label_50k_has_logistik_component_label",""
"reuse_einsatz/Bestandverplanzung_Pavilion_Muenchen__001__Fertigteil_Paneele","has_logistik","logistik/Transport","Demontage, Transport, Wiedereinbau; Details unbekannt","rule_medium","label_50k_has_logistik_component_label",""
"reuse_einsatz/Big_Dig_House_Lexington_Massachusetts__001__Stahltr_ger","has_logistik","logistik/Transport","Transport, Gewicht, Einpassung","rule_high","label_50k_has_logistik_component_label",""
"reuse_einsatz/Big_Dig_House_Lexington_Massachusetts__004__Ramp_pier_components","has_logistik","logistik/Transport","heavy lifting / transport","rule_high","label_50k_has_logistik_component_label",""
"reuse_einsatz/BioPartner_5_Leiden_Oegstgeest__001__Tr_ger_St_tzen_Stahlrahmen","has_logistik","logistik/Transport","Demontage, kurzer Transport, Bearbeitung/Beschichtung, Wiedermontage","rule_high","label_50k_has_logistik_component_label",""
"reuse_einsatz/Boulder_Fire_Station_3__001__Wide_flange_beams_structural_steel_members","has_logistik","logistik/Zwischenlagerung","Boulder Community Hospital Steel Stockpile","rule_high","label_50k_has_logistik_component_label",""
"reuse_einsatz/Boulder_Fire_Station_3__002__Stahlstockpile_gesamt","has_logistik","logistik/Materialmatching","Matching von Bauteilen zu Projekten","rule_high","label_50k_has_logistik_component_label",""
"reuse_einsatz/Boulder_Fire_Station_3__002__Stahlstockpile_gesamt","has_logistik","logistik/Zwischenlagerung","Katalogisierung/Stockpile","rule_high","label_50k_has_logistik_component_label",""
"reuse_einsatz/Brent_Cross_Town_Primary_Substation_London__001__Lange_St_tzen_aus_reclaimed_tubulars","has_logistik","logistik/Materialverfuegbarkeit","Profilverfügbarkeit, Verbindungseffizienz","rule_high","label_50k_has_logistik_component_label",""
"reuse_einsatz/Broethen_Twin_House_Hoyerswerda__002__Deckenplatten","has_logistik","logistik/Transport","Transportgewicht","rule_high","label_50k_has_logistik_component_label",""
"reuse_einsatz/CRCLR_House_Impact_Hub_Berlin__006__Holzgalerie_Innenausbau","has_logistik","logistik/Lagerung","Abrissbaustellen, Messen, Museen, Lagerbestände, Schreinereireste","rule_high","label_50k_has_logistik_component_label",""
"reuse_einsatz/CRCLR_House_Impact_Hub_Berlin__006__Holzgalerie_Innenausbau","has_logistik","logistik/Materialverfuegbarkeit","Materialverfügbarkeit","rule_high","label_50k_has_logistik_component_label",""
"reuse_einsatz/Christ_Pavilion_Volkenroda__001__gesamtes_Pavillonensemble","has_logistik","logistik/Transport","Transport/Montage","rule_high","label_50k_has_logistik_component_label",""
"reuse_einsatz/Christ_Pavilion_Volkenroda__002__Dachtragwerk_Christusraum","has_logistik","logistik/Transport","Fügung/Transport","rule_high","label_50k_has_logistik_component_label",""
"reuse_einsatz/Christ_Pavilion_Volkenroda__004__Marmor_Glas_Wand_Christusraum","has_logistik","logistik/Transport","Bruch/Transport","rule_high","label_50k_has_logistik_component_label",""
"reuse_einsatz/Circular_Centre_Netherlands_Prinsenhof_A_reuse_pilot__001__Hohlk_rperdecken_kanaalplaatvloeren","has_logistik","logistik/Lagerung","demontiert, gelagert, gekürzt mit Spezial-Setup","rule_high","label_50k_has_logistik_component_label",""
"reuse_einsatz/Circular_Pavilion_Paris__006__vier_gro_e_Leuchten","has_logistik","logistik/Lagerung","Lager öffentlicher Beleuchtung","rule_high","label_50k_has_logistik_component_label",""
"reuse_einsatz/ELYS_Kultur_Gewerbehaus_Basel__001__Holzrahmen_Fassade","has_logistik","logistik/Lagerung","Rückbauten Basel, Lagerbestände, Bestands-/Arealmaterial","rule_high","label_50k_has_logistik_component_label",""
"reuse_einsatz/ELYS_Kultur_Gewerbehaus_Basel__002__Aluminium_Trapezblech","has_logistik","logistik/Lagerung","ehemaliges Getränkelager / Dachaufbauten auf Areal","rule_high","label_50k_has_logistik_component_label",""
"reuse_einsatz/ELYS_Kultur_Gewerbehaus_Basel__002__Aluminium_Trapezblech","has_logistik","logistik/Materialverfuegbarkeit","Qualität/Verfügbarkeit","rule_high","label_50k_has_logistik_component_label",""
"reuse_einsatz/ELYS_Kultur_Gewerbehaus_Basel__003__Fenster","has_logistik","logistik/Lagerung","Lagerrestbestände","rule_high","label_50k_has_logistik_component_label",""
"reuse_einsatz/Ferme_du_Rail_Paris__005__Steinplatten_von_Dachterrassen_B_ro_Fu_bodenplat","has_logistik","logistik/Lagerung","Lagerung, Einbauversuch","rule_high","label_50k_has_logistik_component_label",""
"reuse_einsatz/Grande_Halle_de_Colombelles__001__Mineralwolle_D_mmung","has_logistik","logistik/Lagerung","Identifizieren, sammeln, lagern, vorbereiten","rule_high","label_50k_has_logistik_component_label",""
"reuse_einsatz/Grande_Halle_de_Colombelles__002__Radiatoren","has_logistik","logistik/Lokale_Wiederverwendung","regionale Rückbau-/Sanierungsbaustellen","rule_high","label_50k_has_logistik_component_label",""
"reuse_einsatz/Grande_Halle_de_Colombelles__007__Au_enfenster_Au_enschreinerei","has_logistik","logistik/Lagerung","Diebstahl / Lagerung","rule_high","label_50k_has_logistik_component_label",""
"reuse_einsatz/Juch_Areal_Recyclingzentrum_Zuerich__001__Stahlstruktur_der_Traghalle_Hagenholz","has_logistik","logistik/Lagerung","Resttragfähigkeit, Demontage, Lagerung","rule_high","label_50k_has_logistik_component_label",""
"reuse_einsatz/Juch_Areal_Recyclingzentrum_Zuerich__002__Betonplatten_aus_Kerenzerbergtunnel","has_logistik","logistik/Transport","Gewicht, Transport, Plattenzustand","rule_high","label_50k_has_logistik_component_label",""
"reuse_einsatz/Juch_Areal_Recyclingzentrum_Zuerich__004__Stahltr_ger_und_Trapezbleche_Dach","has_logistik","logistik/Lagerung","Demontage, Einlagerung, Wiedereinbau","rule_high","label_50k_has_logistik_component_label",""
"reuse_einsatz/Juch_Areal_Recyclingzentrum_Zuerich__005__Bauteilkatalog_Elemente","has_logistik","logistik/Materialverfuegbarkeit","Verfügbarkeit während Planung","rule_high","label_50k_has_logistik_component_label",""
"reuse_einsatz/KA13_Kristian_Augusts_gate_13_Oslo__001__Hohlk_rperdecken_hollow_core_slabs","has_logistik","logistik/Transport","Demontage, Tests, Transport, Kosten","rule_high","label_50k_has_logistik_component_label",""
"reuse_einsatz/Kamikatsu_Zero_Waste_Center_Hotel_WHY__001__Fassadenfenster","has_logistik","logistik/Lokale_Wiederverwendung","von lokalen Einwohnern / alten Gebäuden gespendet","rule_high","label_50k_has_logistik_component_label",""
"reuse_einsatz/Kindergarten_Moeoeslistrasse_Manegg_Zuerich__001__Au_entreppe","has_logistik","logistik/Transport","Demontage, Transport, Einbau","rule_high","label_50k_has_logistik_component_label",""
"reuse_einsatz/Kindergarten_Moeoeslistrasse_Manegg_Zuerich__011__Pflanztr_ge","has_logistik","logistik/Transport","Transport/Gewicht","rule_high","label_50k_has_logistik_component_label",""
"reuse_einsatz/Lycee_Michel_Lucius_Conversion_Luxembourg__006__Stra_enpflasterplatten","has_logistik","logistik/Transport","Demontage, Verpackung, Lieferung, Wiedereinbau","rule_high","label_50k_has_logistik_component_label",""
"reuse_einsatz/Maison_Vignette_Auderghem__001__Fassaden_Claustra_Ziegel","has_logistik","logistik/Lokale_Wiederverwendung","Franck Bricks / lokaler Reuse-Händler","rule_high","label_50k_has_logistik_component_label",""
"reuse_einsatz/Maison_Vignette_Auderghem__001__Fassaden_Claustra_Ziegel","has_logistik","logistik/Materialverfuegbarkeit","Format/Verfügbarkeit","rule_high","label_50k_has_logistik_component_label",""
"reuse_einsatz/Mehrow_Pilot_House__002__Deckenplatten","has_logistik","logistik/Transport","Transportgewicht, Montage","rule_high","label_50k_has_logistik_component_label",""
"reuse_einsatz/Multi_Brussels_Reuse_in_MULTI__004__Granitplatten_Terrasse","has_logistik","logistik/Materialverfuegbarkeit","Verfügbarkeit","rule_high","label_50k_has_logistik_component_label",""
"reuse_einsatz/Recyclinghaus_Hannover__012__alter_vor_Ort_gefundener_Beton_Gehwegplatten_Blo","has_logistik","logistik/Lokale_Wiederverwendung","lokale Wiederverwendung","rule_high","label_50k_has_logistik_component_label",""
"reuse_einsatz/Recypark_Demets_Anderlecht__001__Brettschichtholzb_gen","has_logistik","logistik/Lagerung","Demontage, Lagerung, Anpassung, Verstärkung an Basis, teilweise Verdopplung","rule_high","label_50k_has_logistik_component_label",""
"reuse_einsatz/Resilience_La_Ferme_des_Possibles_Stains__001__einfachverglaste_Holzfenster","has_logistik","logistik/Transportdistanz","thermische Sanierung eines Wohngebäudes in Épinay-sur-Seine, <4 km","rule_high","label_50k_has_logistik_component_label",""
"reuse_einsatz/Resilience_La_Ferme_des_Possibles_Stains__003__BTC_Ziegel","has_logistik","logistik/Zwischenlagerung","Bellastock „Ville des Terres“, Erde Grand Paris; zwischengelagert","rule_high","label_50k_has_logistik_component_label",""
"reuse_einsatz/Resilience_La_Ferme_des_Possibles_Stains__003__BTC_Ziegel","has_logistik","logistik/Lagerung","demontiert, palettiert, 2 Jahre gelagert","rule_high","label_50k_has_logistik_component_label",""
"reuse_einsatz/Resilience_La_Ferme_des_Possibles_Stains__004__ausgehobene_Erde","has_logistik","logistik/Lokale_Wiederverwendung","in situ / Baustelle","rule_high","label_50k_has_logistik_component_label",""
"reuse_einsatz/Resilience_La_Ferme_des_Possibles_Stains__005__Solivage_Reste","has_logistik","logistik/Lokale_Wiederverwendung","in situ / Baustelle","rule_high","label_50k_has_logistik_component_label",""
"reuse_einsatz/Resource_Rows_Copenhagen__001__Ziegelfassadenmodule_Mauerwerksausschnitte","has_logistik","logistik/Transport","Ausschneiden, Transport, Montage als Module","rule_high","label_50k_has_logistik_component_label",""
"reuse_einsatz/Roots_in_the_Sky_Blackfriars_Crown_Court__001__Stahltr_ger_profile","has_logistik","logistik/Lagerung","Demontage, Lagerung, Prüfung, Re-Zertifizierung","rule_high","label_50k_has_logistik_component_label",""
"reuse_einsatz/Superlocal_Expogebouw_Bleijerheide__001__Wohnungsteile_Betonunits","has_logistik","logistik/Transport","Risse beim Kran-/Trailertransport, Maßhaltigkeit","rule_high","label_50k_has_logistik_component_label",""
"reuse_einsatz/Superlocal_Expogebouw_Bleijerheide__010__Pflaster_Bodenplatten_au_en","has_logistik","logistik/Lagerung","Logistik/Lagerung","rule_high","label_50k_has_logistik_component_label",""
"reuse_einsatz/Svanen_Kindergarten_Gladsaxe__001__Holz_Dachbinder_timber_trusses","has_logistik","logistik/Lagerung","Demontage, Sortierung, Lagerung, Wiedereinbau","rule_high","label_50k_has_logistik_component_label",""
"reuse_einsatz/Svanen_Kindergarten_Gladsaxe__005__Stahlfassadenelemente_facade_panels","has_logistik","logistik/Lagerung","Demontage, Lagerung, Wiedereinbau","rule_high","label_50k_has_logistik_component_label",""
"reuse_einsatz/Timber_Square_London__001__Wiederverwendete_Stahltr_ger","has_logistik","logistik/Zwischenlagerung","Stockholder / Cleveland Steel & Tubes laut TDUK; donor buildings unbekannt","rule_medium","label_50k_has_logistik_component_label",""
"reuse_einsatz/Timber_Square_London__001__Wiederverwendete_Stahltr_ger","has_logistik","logistik/Materialmatching","Matching, Verfügbarkeit, Zulassung","rule_high","label_50k_has_logistik_component_label",""
"reuse_einsatz/Timber_Square_London__001__Wiederverwendete_Stahltr_ger","has_logistik","logistik/Materialverfuegbarkeit","Matching, Verfügbarkeit, Zulassung","rule_high","label_50k_has_logistik_component_label",""
"reuse_einsatz/Timber_Square_London__002__Stahltr_ger_f_r_Empfangstresen","has_logistik","logistik/Lokale_Wiederverwendung","vor Ort bei Demolition entnommen","rule_high","label_50k_has_logistik_component_label",""
"reuse_einsatz/Verbiest_Karreveld_Brussels__001__Karreveld_Innenwandsystem","has_logistik","logistik/Lagerung","ausgebaut, im Gebäude gelagert, wiedereingebaut/angepasst","rule_high","label_50k_has_logistik_component_label",""
"reuse_einsatz/Verbiest_Karreveld_Brussels__002__Karreveld_abgeh_ngte_Decken_Leuchten","has_logistik","logistik/Lagerung","ausgebaut, gelagert, wiedereingebaut","rule_high","label_50k_has_logistik_component_label",""
"reuse_einsatz/Woongroep_Boschgaard_Den_Bosch__001__Dachspanten_Kniespanten","has_logistik","logistik/Lagerung","Geometrie passte erst nach Planungsabgleich; Lagerung","rule_high","label_50k_has_logistik_component_label",""
"reuse_einsatz/Woongroep_Boschgaard_Den_Bosch__001__Dachspanten_Kniespanten","has_logistik","logistik/Transport","Ausbau, Transport, Lagerung, Anpassung","rule_high","label_50k_has_logistik_component_label",""
"reuse_einsatz/Zinneke_Feder_Masui4ever_Brussels__004__Stahl_Treppen","has_logistik","logistik/Transport","Transport, Einpassung","rule_high","label_50k_has_logistik_component_label",""
"reuse_einsatz/Zinneke_Feder_Masui4ever_Brussels__009__L_ftungsgruppe","has_logistik","logistik/Transport","Ausbau, Transport, Wiedereinbau","rule_high","label_50k_has_logistik_component_label",""
"reuse_einsatz/55_Great_Suffolk_Street_London__001__Stahlprofile_f_r_neuen_externen_Kern","has_logistik","logistik/Materialmatching","Bauteilinventar | Geeignete Profile aus 1 Broadgate gesucht | Urban Mining nach Profilgrößen | direkter Deal mit demolition contractor","rule_medium","table_50k_has_logistik_process_logistik","Gebäude\55_Great_Suffolk_Street_London.md"
"reuse_einsatz/55_Great_Suffolk_Street_London__002__Stahl_aus_1_Broadgate","has_logistik","logistik/Materialmatching","Bauteilinventar | Geeignete Profile aus 1 Broadgate gesucht | Urban Mining nach Profilgrößen | direkter Deal mit demolition contractor","rule_medium","table_50k_has_logistik_process_logistik","Gebäude\55_Great_Suffolk_Street_London.md"
"reuse_einsatz/55_Great_Suffolk_Street_London__001__Stahlprofile_f_r_neuen_externen_Kern","has_logistik","logistik/Transport","Rückbau | Stahl am donor site ausgebaut | deconstruction for reuse / demolition | Transport zu Cleveland","rule_medium","table_50k_has_logistik_process_logistik","Gebäude\55_Great_Suffolk_Street_London.md"
"reuse_einsatz/55_Great_Suffolk_Street_London__002__Stahl_aus_1_Broadgate","has_logistik","logistik/Transport","Rückbau | Stahl am donor site ausgebaut | deconstruction for reuse / demolition | Transport zu Cleveland","rule_medium","table_50k_has_logistik_process_logistik","Gebäude\55_Great_Suffolk_Street_London.md"
"reuse_einsatz/55_Great_Suffolk_Street_London__003__Reclaimed_stock_von_Cleveland","has_logistik","logistik/Transport","Rückbau | Stahl am donor site ausgebaut | deconstruction for reuse / demolition | Transport zu Cleveland","rule_medium","table_50k_has_logistik_process_logistik","Gebäude\55_Great_Suffolk_Street_London.md"
"reuse_einsatz/55_Great_Suffolk_Street_London__001__Stahlprofile_f_r_neuen_externen_Kern","has_logistik","logistik/Zwischenlagerung","Ausbau | Stahlprofile getrennt und übernommen | Selektive Gewinnung | Cleveland als Stockholder","rule_medium","table_50k_has_logistik_process_logistik","Gebäude\55_Great_Suffolk_Street_London.md"
"reuse_einsatz/55_Great_Suffolk_Street_London__002__Stahl_aus_1_Broadgate","has_logistik","logistik/Zwischenlagerung","Ausbau | Stahlprofile getrennt und übernommen | Selektive Gewinnung | Cleveland als Stockholder","rule_medium","table_50k_has_logistik_process_logistik","Gebäude\55_Great_Suffolk_Street_London.md"
"reuse_einsatz/55_Great_Suffolk_Street_London__003__Reclaimed_stock_von_Cleveland","has_logistik","logistik/Zwischenlagerung","Ausbau | Stahlprofile getrennt und übernommen | Selektive Gewinnung | Cleveland als Stockholder","rule_medium","table_50k_has_logistik_process_logistik","Gebäude\55_Great_Suffolk_Street_London.md"
"reuse_einsatz/55_Great_Suffolk_Street_London__001__Stahlprofile_f_r_neuen_externen_Kern","has_logistik","logistik/Materialverfuegbarkeit","Lagerung | Lagerung und Bereitstellung | Stockholder model | Stahl vor Produktion verfügbar","rule_medium","table_50k_has_logistik_process_logistik","Gebäude\55_Great_Suffolk_Street_London.md"
"reuse_einsatz/55_Great_Suffolk_Street_London__001__Stahlprofile_f_r_neuen_externen_Kern","has_logistik","logistik/Lagerung","Lagerung | Lagerung und Bereitstellung | Stockholder model | Stahl vor Produktion verfügbar","rule_medium","table_50k_has_logistik_process_logistik","Gebäude\55_Great_Suffolk_Street_London.md"
"reuse_einsatz/55_Great_Suffolk_Street_London__002__Stahl_aus_1_Broadgate","has_logistik","logistik/Lagerung","Lagerung | Lagerung und Bereitstellung | Stockholder model | Stahl vor Produktion verfügbar","rule_medium","table_50k_has_logistik_process_logistik","Gebäude\55_Great_Suffolk_Street_London.md"
"reuse_einsatz/55_Great_Suffolk_Street_London__003__Reclaimed_stock_von_Cleveland","has_logistik","logistik/Materialverfuegbarkeit","Lagerung | Lagerung und Bereitstellung | Stockholder model | Stahl vor Produktion verfügbar","rule_medium","table_50k_has_logistik_process_logistik","Gebäude\55_Great_Suffolk_Street_London.md"
"reuse_einsatz/AWM_Muenster_Circular_Office__001__Glastrennw_nde_und_T_ren","has_logistik","logistik/Bauteiltracking","Bauteilinventar | Materialien und Herkunft dokumentieren | Materialliste / QR-Seiten | Materialherkunftsseite | digital","rule_medium","table_50k_has_logistik_process_logistik","Gebäude\AWM_Muenster_Circular_Office.md"
"reuse_einsatz/AWM_Muenster_Circular_Office__002__WC_Trennw_nde","has_logistik","logistik/Bauteiltracking","Bauteilinventar | Materialien und Herkunft dokumentieren | Materialliste / QR-Seiten | Materialherkunftsseite | digital","rule_medium","table_50k_has_logistik_process_logistik","Gebäude\AWM_Muenster_Circular_Office.md"
"reuse_einsatz/AWM_Muenster_Circular_Office__004__Kabeltrassen_und_LED_Leuchten","has_logistik","logistik/Bauteiltracking","Bauteilinventar | Materialien und Herkunft dokumentieren | Materialliste / QR-Seiten | Materialherkunftsseite | digital","rule_medium","table_50k_has_logistik_process_logistik","Gebäude\AWM_Muenster_Circular_Office.md"
"reuse_einsatz/AWM_Muenster_Circular_Office__006__Sideboard_Holzeinbauten","has_logistik","logistik/Bauteiltracking","Bauteilinventar | Materialien und Herkunft dokumentieren | Materialliste / QR-Seiten | Materialherkunftsseite | digital","rule_medium","table_50k_has_logistik_process_logistik","Gebäude\AWM_Muenster_Circular_Office.md"
"reuse_einsatz/Association_house_Groeditz__001__Au_enwand_Fertigteile","has_logistik","logistik/Lokale_Wiederverwendung","Bestandsaufnahme | Bauteile aus Schule und WBS70-Gebäude erfassen | Bauteilinventar | lokale Quellen","rule_medium","table_50k_has_logistik_process_logistik","Gebäude\Association_house_Groeditz.md"
"reuse_einsatz/Association_house_Groeditz__002__Innenwand_Fertigteile","has_logistik","logistik/Lokale_Wiederverwendung","Bestandsaufnahme | Bauteile aus Schule und WBS70-Gebäude erfassen | Bauteilinventar | lokale Quellen","rule_medium","table_50k_has_logistik_process_logistik","Gebäude\Association_house_Groeditz.md"
"reuse_einsatz/Association_house_Groeditz__003__Innenwandrahmen","has_logistik","logistik/Lokale_Wiederverwendung","Bestandsaufnahme | Bauteile aus Schule und WBS70-Gebäude erfassen | Bauteilinventar | lokale Quellen","rule_medium","table_50k_has_logistik_process_logistik","Gebäude\Association_house_Groeditz.md"
"reuse_einsatz/Association_house_Groeditz__004__Deckenelemente","has_logistik","logistik/Lokale_Wiederverwendung","Bestandsaufnahme | Bauteile aus Schule und WBS70-Gebäude erfassen | Bauteilinventar | lokale Quellen","rule_medium","table_50k_has_logistik_process_logistik","Gebäude\Association_house_Groeditz.md"
"reuse_einsatz/Association_house_Groeditz__005__Sockel_Plinthenplatten","has_logistik","logistik/Lokale_Wiederverwendung","Bestandsaufnahme | Bauteile aus Schule und WBS70-Gebäude erfassen | Bauteilinventar | lokale Quellen","rule_medium","table_50k_has_logistik_process_logistik","Gebäude\Association_house_Groeditz.md"
"reuse_einsatz/Association_house_Groeditz__006__Treppen","has_logistik","logistik/Lokale_Wiederverwendung","Bestandsaufnahme | Bauteile aus Schule und WBS70-Gebäude erfassen | Bauteilinventar | lokale Quellen","rule_medium","table_50k_has_logistik_process_logistik","Gebäude\Association_house_Groeditz.md"
"reuse_einsatz/Association_house_Groeditz__007__WBS70_Paneele","has_logistik","logistik/Lokale_Wiederverwendung","Bestandsaufnahme | Bauteile aus Schule und WBS70-Gebäude erfassen | Bauteilinventar | lokale Quellen","rule_medium","table_50k_has_logistik_process_logistik","Gebäude\Association_house_Groeditz.md"
"reuse_einsatz/Association_house_Plauen__001__Decken_Bodenplatten","has_logistik","logistik/Transportdistanz","Bestandsaufnahme | Auswahl geeigneter IW73/6-Fertigteile | Bauteilidentifikation | Spendergebäude ca. 7 km entfernt","rule_medium","table_50k_has_logistik_process_logistik","Gebäude\Association_house_Plauen.md"
"reuse_einsatz/Association_house_Plauen__002__Au_enwandelemente","has_logistik","logistik/Transportdistanz","Bestandsaufnahme | Auswahl geeigneter IW73/6-Fertigteile | Bauteilidentifikation | Spendergebäude ca. 7 km entfernt","rule_medium","table_50k_has_logistik_process_logistik","Gebäude\Association_house_Plauen.md"
"reuse_einsatz/Association_house_Plauen__003__Innenwandelemente","has_logistik","logistik/Transportdistanz","Bestandsaufnahme | Auswahl geeigneter IW73/6-Fertigteile | Bauteilidentifikation | Spendergebäude ca. 7 km entfernt","rule_medium","table_50k_has_logistik_process_logistik","Gebäude\Association_house_Plauen.md"
"reuse_einsatz/Association_house_Plauen__004__Kellerwandelemente","has_logistik","logistik/Transportdistanz","Bestandsaufnahme | Auswahl geeigneter IW73/6-Fertigteile | Bauteilidentifikation | Spendergebäude ca. 7 km entfernt","rule_medium","table_50k_has_logistik_process_logistik","Gebäude\Association_house_Plauen.md"
"reuse_einsatz/BedZED_London_Hackbridge__003__Holzst_nder_Wandst_nder","has_logistik","logistik/Transportdistanz","Bestandsaufnahme | Suche lokaler Materialquellen | aktive Quellenrecherche | 35-mile-Zielradius","rule_medium","table_50k_has_logistik_process_logistik","Gebäude\BedZED_London_Hackbridge.md"
"reuse_einsatz/BedZED_London_Hackbridge__001__Stahlrahmen_Stahlprofile","has_logistik","logistik/Lagerung","Bauteilinventar | Stahlprofile mit variierenden Abmessungen erfassen | Profilvarianten statt exakt gleicher Profile | Historic Sections Book | Reclaim-Quellen statt Lagerware","rule_medium","table_50k_has_logistik_process_logistik","Gebäude\BedZED_London_Hackbridge.md"
"reuse_einsatz/BedZED_London_Hackbridge__003__Holzst_nder_Wandst_nder","has_logistik","logistik/Lagerung","Bauteilinventar | Stahlprofile mit variierenden Abmessungen erfassen | Profilvarianten statt exakt gleicher Profile | Historic Sections Book | Reclaim-Quellen statt Lagerware","rule_medium","table_50k_has_logistik_process_logistik","Gebäude\BedZED_London_Hackbridge.md"
"reuse_einsatz/BedZED_London_Hackbridge__005__Ger_strohre_als_Rampen_Gel_nder_Balustraden","has_logistik","logistik/Lagerung","Bauteilinventar | Stahlprofile mit variierenden Abmessungen erfassen | Profilvarianten statt exakt gleicher Profile | Historic Sections Book | Reclaim-Quellen statt Lagerware","rule_medium","table_50k_has_logistik_process_logistik","Gebäude\BedZED_London_Hackbridge.md"
"reuse_einsatz/BedZED_London_Hackbridge__001__Stahlrahmen_Stahlprofile","has_logistik","logistik/Transport","Wiedereinbau | Stahlrahmen in Workspaces | konventionelle Montage mit reclaimed steel | Lieferung auf Bauprogramm","rule_medium","table_50k_has_logistik_process_logistik","Gebäude\BedZED_London_Hackbridge.md"
"reuse_einsatz/BedZED_London_Hackbridge__003__Holzst_nder_Wandst_nder","has_logistik","logistik/Transport","Wiedereinbau | Stahlrahmen in Workspaces | konventionelle Montage mit reclaimed steel | Lieferung auf Bauprogramm","rule_medium","table_50k_has_logistik_process_logistik","Gebäude\BedZED_London_Hackbridge.md"
"reuse_einsatz/BedZED_London_Hackbridge__005__Ger_strohre_als_Rampen_Gel_nder_Balustraden","has_logistik","logistik/Transport","Wiedereinbau | Stahlrahmen in Workspaces | konventionelle Montage mit reclaimed steel | Lieferung auf Bauprogramm","rule_medium","table_50k_has_logistik_process_logistik","Gebäude\BedZED_London_Hackbridge.md"
"reuse_einsatz/Berlin_Schildow_Pilot_House__001__zugeschnittene_Betonfertigteile","has_logistik","logistik/Transportdistanz","Bestandsaufnahme | WBS70-Platten aus Marzahn identifizieren | Forschungs-/Bauteilaufnahme | Spender zu Schildow ca. 33 km","rule_medium","table_50k_has_logistik_process_logistik","Gebäude\Berlin_Schildow_Pilot_House.md"
"reuse_einsatz/Berlin_Schildow_Pilot_House__002__Deckenplatten","has_logistik","logistik/Transportdistanz","Bestandsaufnahme | WBS70-Platten aus Marzahn identifizieren | Forschungs-/Bauteilaufnahme | Spender zu Schildow ca. 33 km","rule_medium","table_50k_has_logistik_process_logistik","Gebäude\Berlin_Schildow_Pilot_House.md"
"reuse_einsatz/Berlin_Schildow_Pilot_House__003__Innenwandplatten","has_logistik","logistik/Transportdistanz","Bestandsaufnahme | WBS70-Platten aus Marzahn identifizieren | Forschungs-/Bauteilaufnahme | Spender zu Schildow ca. 33 km","rule_medium","table_50k_has_logistik_process_logistik","Gebäude\Berlin_Schildow_Pilot_House.md"
"reuse_einsatz/Berlin_Schildow_Pilot_House__005__Dach_Satteldach","has_logistik","logistik/Transportdistanz","Bestandsaufnahme | WBS70-Platten aus Marzahn identifizieren | Forschungs-/Bauteilaufnahme | Spender zu Schildow ca. 33 km","rule_medium","table_50k_has_logistik_process_logistik","Gebäude\Berlin_Schildow_Pilot_House.md"
"reuse_einsatz/Berlin_Schildow_Pilot_House__001__zugeschnittene_Betonfertigteile","has_logistik","logistik/Just_in_Time","Ausbau | Wandteile auf Maß zersägen und verladen | Sägen/Zuschnitt | Säge, Kran, Tieflader | Direktanlieferung","rule_medium","table_50k_has_logistik_process_logistik","Gebäude\Berlin_Schildow_Pilot_House.md"
"reuse_einsatz/Berlin_Schildow_Pilot_House__001__zugeschnittene_Betonfertigteile","has_logistik","logistik/Transport","Ausbau | Wandteile auf Maß zersägen und verladen | Sägen/Zuschnitt | Säge, Kran, Tieflader | Direktanlieferung","rule_medium","table_50k_has_logistik_process_logistik","Gebäude\Berlin_Schildow_Pilot_House.md"
"reuse_einsatz/Berlin_Schildow_Pilot_House__003__Innenwandplatten","has_logistik","logistik/Just_in_Time","Ausbau | Wandteile auf Maß zersägen und verladen | Sägen/Zuschnitt | Säge, Kran, Tieflader | Direktanlieferung","rule_medium","table_50k_has_logistik_process_logistik","Gebäude\Berlin_Schildow_Pilot_House.md"
"reuse_einsatz/Berlin_Schildow_Pilot_House__003__Innenwandplatten","has_logistik","logistik/Transport","Ausbau | Wandteile auf Maß zersägen und verladen | Sägen/Zuschnitt | Säge, Kran, Tieflader | Direktanlieferung","rule_medium","table_50k_has_logistik_process_logistik","Gebäude\Berlin_Schildow_Pilot_House.md"
"reuse_einsatz/Berlin_Schildow_Pilot_House__005__Dach_Satteldach","has_logistik","logistik/Just_in_Time","Ausbau | Wandteile auf Maß zersägen und verladen | Sägen/Zuschnitt | Säge, Kran, Tieflader | Direktanlieferung","rule_medium","table_50k_has_logistik_process_logistik","Gebäude\Berlin_Schildow_Pilot_House.md"
"reuse_einsatz/Berlin_Schildow_Pilot_House__005__Dach_Satteldach","has_logistik","logistik/Transport","Ausbau | Wandteile auf Maß zersägen und verladen | Sägen/Zuschnitt | Säge, Kran, Tieflader | Direktanlieferung","rule_medium","table_50k_has_logistik_process_logistik","Gebäude\Berlin_Schildow_Pilot_House.md"
"reuse_einsatz/Berlin_Schildow_Pilot_House_2__008__Dach","has_logistik","logistik/Just_in_Time","Wiedereinbau | Montage der Bauteile | Kranmontage | Turmdrehkran | Just-in-time","rule_medium","table_50k_has_logistik_process_logistik","Gebäude\Berlin_Schildow_Pilot_House_2.md"
"reuse_einsatz/Bestandverplanzung_Pavilion_Muenchen__001__Fertigteil_Paneele","has_logistik","logistik/Lagerung","Transport | Verlagerung innerhalb/um München","rule_medium","table_50k_has_logistik_process_logistik","Gebäude\Bestandverplanzung_Pavilion_Muenchen.md"
"reuse_einsatz/Big_Dig_House_Lexington_Massachusetts__001__Stahltr_ger","has_logistik","logistik/Lagerflaeche","Bauteilinventar | Auswahl großer Stahl-/Betonbauteile | kit-of-parts / prefab logic | Lagerplatz nahe Boston","rule_medium","table_50k_has_logistik_process_logistik","Gebäude\Big_Dig_House_Lexington_Massachusetts.md"
"reuse_einsatz/Big_Dig_House_Lexington_Massachusetts__001__Stahltr_ger","has_logistik","logistik/Lagerung","Bauteilinventar | Auswahl großer Stahl-/Betonbauteile | kit-of-parts / prefab logic | Lagerplatz nahe Boston","rule_medium","table_50k_has_logistik_process_logistik","Gebäude\Big_Dig_House_Lexington_Massachusetts.md"
"reuse_einsatz/Big_Dig_House_Lexington_Massachusetts__002__Stahlst_tzen","has_logistik","logistik/Lagerflaeche","Bauteilinventar | Auswahl großer Stahl-/Betonbauteile | kit-of-parts / prefab logic | Lagerplatz nahe Boston","rule_medium","table_50k_has_logistik_process_logistik","Gebäude\Big_Dig_House_Lexington_Massachusetts.md"
"reuse_einsatz/Big_Dig_House_Lexington_Massachusetts__002__Stahlst_tzen","has_logistik","logistik/Lagerung","Bauteilinventar | Auswahl großer Stahl-/Betonbauteile | kit-of-parts / prefab logic | Lagerplatz nahe Boston","rule_medium","table_50k_has_logistik_process_logistik","Gebäude\Big_Dig_House_Lexington_Massachusetts.md"
"reuse_einsatz/Big_Dig_House_Lexington_Massachusetts__004__Ramp_pier_components","has_logistik","logistik/Lagerflaeche","Bauteilinventar | Auswahl großer Stahl-/Betonbauteile | kit-of-parts / prefab logic | Lagerplatz nahe Boston","rule_medium","table_50k_has_logistik_process_logistik","Gebäude\Big_Dig_House_Lexington_Massachusetts.md"
"reuse_einsatz/Big_Dig_House_Lexington_Massachusetts__004__Ramp_pier_components","has_logistik","logistik/Lagerung","Bauteilinventar | Auswahl großer Stahl-/Betonbauteile | kit-of-parts / prefab logic | Lagerplatz nahe Boston","rule_medium","table_50k_has_logistik_process_logistik","Gebäude\Big_Dig_House_Lexington_Massachusetts.md"
"reuse_einsatz/BioPartner_5_Leiden_Oegstgeest__001__Tr_ger_St_tzen_Stahlrahmen","has_logistik","logistik/Materialverfuegbarkeit","Bestandsaufnahme | Gorlaeus-Tragwerk als möglicher Donor identifiziert | Entwurfsprüfung gegen verfügbares Donorskelet | Donor in Campusnähe","rule_medium","table_50k_has_logistik_process_logistik","Gebäude\BioPartner_5_Leiden_Oegstgeest.md"
"reuse_einsatz/BioPartner_5_Leiden_Oegstgeest__004__Fassadenmaterial_Gabionenf_llung","has_logistik","logistik/Materialverfuegbarkeit","Bestandsaufnahme | Gorlaeus-Tragwerk als möglicher Donor identifiziert | Entwurfsprüfung gegen verfügbares Donorskelet | Donor in Campusnähe","rule_medium","table_50k_has_logistik_process_logistik","Gebäude\BioPartner_5_Leiden_Oegstgeest.md"
"reuse_einsatz/BioPartner_5_Leiden_Oegstgeest__005__Bodenbelag_Eingang_Erdgeschoss","has_logistik","logistik/Materialverfuegbarkeit","Bestandsaufnahme | Gorlaeus-Tragwerk als möglicher Donor identifiziert | Entwurfsprüfung gegen verfügbares Donorskelet | Donor in Campusnähe","rule_medium","table_50k_has_logistik_process_logistik","Gebäude\BioPartner_5_Leiden_Oegstgeest.md"
"reuse_einsatz/BioPartner_5_Leiden_Oegstgeest__001__Tr_ger_St_tzen_Stahlrahmen","has_logistik","logistik/Lokale_Wiederverwendung","Transport | Stahl zum BioPartner-Standort bewegt | lokaler Transport | 750 m nach Leiden University/STONE22","rule_medium","table_50k_has_logistik_process_logistik","Gebäude\BioPartner_5_Leiden_Oegstgeest.md"
"reuse_einsatz/BioPartner_5_Leiden_Oegstgeest__007__Sanit_r","has_logistik","logistik/Lokale_Wiederverwendung","Transport | Stahl zum BioPartner-Standort bewegt | lokaler Transport | 750 m nach Leiden University/STONE22","rule_medium","table_50k_has_logistik_process_logistik","Gebäude\BioPartner_5_Leiden_Oegstgeest.md"
"reuse_einsatz/BioPartner_5_Leiden_Oegstgeest__007__Sanit_r","has_logistik","logistik/Transport","Transport | Stahl zum BioPartner-Standort bewegt | lokaler Transport | 750 m nach Leiden University/STONE22","rule_medium","table_50k_has_logistik_process_logistik","Gebäude\BioPartner_5_Leiden_Oegstgeest.md"
"reuse_einsatz/BlueCity_Offices_Rotterdam__001__Fensterrahmen_Red_Cedar_Rahmen","has_logistik","logistik/Lokale_Wiederverwendung","Bauteilinventar | geerntete Fensterrahmen identifizieren | harvesting / material-driven design | Oogstkaart/Harvest-Map-Logik | lokale / projektbezogene Quellen","rule_medium","table_50k_has_logistik_process_logistik","Gebäude\BlueCity_Offices_Rotterdam.md"
"reuse_einsatz/BlueCity_Offices_Rotterdam__001__Fensterrahmen_Red_Cedar_Rahmen","has_logistik","logistik/Materialmatching","Planung | Fensterrahmen als räumliche Ordnung einsetzen | Materialgetriebener Entwurf | Entwurf folgt Fundstücken","rule_medium","table_50k_has_logistik_process_logistik","Gebäude\BlueCity_Offices_Rotterdam.md"
"reuse_einsatz/Boulder_Fire_Station_3__001__Wide_flange_beams_structural_steel_members","has_logistik","logistik/Lokale_Wiederverwendung","Bauteilinventar | Stahlprofile dokumentieren | Fotos, Maße, Bolt-hole patterns laut sekundären Quellen | Katalog | On-site stockpile","rule_medium","table_50k_has_logistik_process_logistik","Gebäude\Boulder_Fire_Station_3.md"
"reuse_einsatz/Boulder_Fire_Station_3__002__Stahlstockpile_gesamt","has_logistik","logistik/Lokale_Wiederverwendung","Bauteilinventar | Stahlprofile dokumentieren | Fotos, Maße, Bolt-hole patterns laut sekundären Quellen | Katalog | On-site stockpile","rule_medium","table_50k_has_logistik_process_logistik","Gebäude\Boulder_Fire_Station_3.md"
"reuse_einsatz/Boulder_Fire_Station_3__001__Wide_flange_beams_structural_steel_members","has_logistik","logistik/Transport","Ausbau | Stahlträger schneiden/entnehmen | beam removal | Kran/Transport","rule_medium","table_50k_has_logistik_process_logistik","Gebäude\Boulder_Fire_Station_3.md"
"reuse_einsatz/Boulder_Fire_Station_3__002__Stahlstockpile_gesamt","has_logistik","logistik/Transport","Ausbau | Stahlträger schneiden/entnehmen | beam removal | Kran/Transport","rule_medium","table_50k_has_logistik_process_logistik","Gebäude\Boulder_Fire_Station_3.md"
"reuse_einsatz/Boulder_Fire_Station_3__001__Wide_flange_beams_structural_steel_members","has_logistik","logistik/Materialmatching","Planung | Design nach neuem Entwurf, Ersatz geeigneter Neuprofile durch Salvage | member matching | stockpile catalog | zwischen Planung und Lager","rule_medium","table_50k_has_logistik_process_logistik","Gebäude\Boulder_Fire_Station_3.md"
"reuse_einsatz/Brent_Cross_Town_Primary_Substation_London__001__Lange_St_tzen_aus_reclaimed_tubulars","has_logistik","logistik/Materialmatching","Bauteilinventar | Verfügbare Rohre bei Cleveland geprüft | stockholder inventory matching | early engagement","rule_medium","table_50k_has_logistik_process_logistik","Gebäude\Brent_Cross_Town_Primary_Substation_London.md"
"reuse_einsatz/Brent_Cross_Town_Primary_Substation_London__001__Lange_St_tzen_aus_reclaimed_tubulars","has_logistik","logistik/Zwischenlagerung","Bauteilinventar | Verfügbare Rohre bei Cleveland geprüft | stockholder inventory matching | early engagement","rule_medium","table_50k_has_logistik_process_logistik","Gebäude\Brent_Cross_Town_Primary_Substation_London.md"
"reuse_einsatz/Brent_Cross_Town_Primary_Substation_London__001__Lange_St_tzen_aus_reclaimed_tubulars","has_logistik","logistik/Lagerung","Ausbau | nicht zutreffend / surplus procurement | Bestand aus cancelled projects | Lagerbestand","rule_medium","table_50k_has_logistik_process_logistik","Gebäude\Brent_Cross_Town_Primary_Substation_London.md"
"reuse_einsatz/Brent_Cross_Town_Primary_Substation_London__001__Lange_St_tzen_aus_reclaimed_tubulars","has_logistik","logistik/Transport","Transport | Lieferung von Cleveland zur Baustelle | just supply chain | genaue Distanz unbekannt","rule_medium","table_50k_has_logistik_process_logistik","Gebäude\Brent_Cross_Town_Primary_Substation_London.md"
"reuse_einsatz/Brighton_Waste_House_Brighton__001__Betonbl_cke","has_logistik","logistik/Lokale_Wiederverwendung","Bestandsaufnahme | lokale Abfall- und Überschussquellen identifizieren | Resource mapping | lokale Baustellen/Haushalte","rule_medium","table_50k_has_logistik_process_logistik","Gebäude\Brighton_Waste_House_Brighton.md"
"reuse_einsatz/Brighton_Waste_House_Brighton__002__Holz_off_cut_timber","has_logistik","logistik/Lokale_Wiederverwendung","Bestandsaufnahme | lokale Abfall- und Überschussquellen identifizieren | Resource mapping | lokale Baustellen/Haushalte","rule_medium","table_50k_has_logistik_process_logistik","Gebäude\Brighton_Waste_House_Brighton.md"
"reuse_einsatz/Brighton_Waste_House_Brighton__010__Kaffeesatz_Arbeitsplatte","has_logistik","logistik/Lokale_Wiederverwendung","Bestandsaufnahme | lokale Abfall- und Überschussquellen identifizieren | Resource mapping | lokale Baustellen/Haushalte","rule_medium","table_50k_has_logistik_process_logistik","Gebäude\Brighton_Waste_House_Brighton.md"
"reuse_einsatz/Brighton_Waste_House_Brighton__003__Sperrholz_ply_sheets","has_logistik","logistik/Lokale_Wiederverwendung","Rückbau | Baustellenabfälle und Haushaltsabfälle sammeln | Sammeln statt konventionelles Kaufen | lokal/regional","rule_medium","table_50k_has_logistik_process_logistik","Gebäude\Brighton_Waste_House_Brighton.md"
"reuse_einsatz/Brighton_Waste_House_Brighton__006__Zahnb_rsten","has_logistik","logistik/Lokale_Wiederverwendung","Rückbau | Baustellenabfälle und Haushaltsabfälle sammeln | Sammeln statt konventionelles Kaufen | lokal/regional","rule_medium","table_50k_has_logistik_process_logistik","Gebäude\Brighton_Waste_House_Brighton.md"
"reuse_einsatz/Brighton_Waste_House_Brighton__008__Videokassetten_DVD_cases_Floppy_Discs","has_logistik","logistik/Lokale_Wiederverwendung","Rückbau | Baustellenabfälle und Haushaltsabfälle sammeln | Sammeln statt konventionelles Kaufen | lokal/regional","rule_medium","table_50k_has_logistik_process_logistik","Gebäude\Brighton_Waste_House_Brighton.md"
"reuse_einsatz/Broethen_Twin_House_Hoyerswerda__001__Wandplatten","has_logistik","logistik/Transportdistanz","Bestandsaufnahme | P2-Platten aus Massenwohnungsbau auswählen | Bauteilaufnahme | Spender ca. 6 km entfernt","rule_medium","table_50k_has_logistik_process_logistik","Gebäude\Broethen_Twin_House_Hoyerswerda.md"
"reuse_einsatz/Broethen_Twin_House_Hoyerswerda__002__Deckenplatten","has_logistik","logistik/Transportdistanz","Bestandsaufnahme | P2-Platten aus Massenwohnungsbau auswählen | Bauteilaufnahme | Spender ca. 6 km entfernt","rule_medium","table_50k_has_logistik_process_logistik","Gebäude\Broethen_Twin_House_Hoyerswerda.md"
"reuse_einsatz/Broethen_Twin_House_Hoyerswerda__003__Fassaden_Au_enwandanteile","has_logistik","logistik/Transportdistanz","Bestandsaufnahme | P2-Platten aus Massenwohnungsbau auswählen | Bauteilaufnahme | Spender ca. 6 km entfernt","rule_medium","table_50k_has_logistik_process_logistik","Gebäude\Broethen_Twin_House_Hoyerswerda.md"
"reuse_einsatz/Broethen_Twin_House_Hoyerswerda__001__Wandplatten","has_logistik","logistik/Lokale_Wiederverwendung","Bauteilinventar | 26 Wand- und 50 Deckenplatten erfassen | Inventarisierung | kurze Distanz","rule_medium","table_50k_has_logistik_process_logistik","Gebäude\Broethen_Twin_House_Hoyerswerda.md"
"reuse_einsatz/Broethen_Twin_House_Hoyerswerda__002__Deckenplatten","has_logistik","logistik/Lokale_Wiederverwendung","Bauteilinventar | 26 Wand- und 50 Deckenplatten erfassen | Inventarisierung | kurze Distanz","rule_medium","table_50k_has_logistik_process_logistik","Gebäude\Broethen_Twin_House_Hoyerswerda.md"
"reuse_einsatz/Broethen_Twin_House_Hoyerswerda__003__Fassaden_Au_enwandanteile","has_logistik","logistik/Lokale_Wiederverwendung","Bauteilinventar | 26 Wand- und 50 Deckenplatten erfassen | Inventarisierung | kurze Distanz","rule_medium","table_50k_has_logistik_process_logistik","Gebäude\Broethen_Twin_House_Hoyerswerda.md"
"reuse_einsatz/Broethen_Twin_House_Hoyerswerda__003__Fassaden_Au_enwandanteile","has_logistik","logistik/Transport","Transport | Platten nach Bröthen transportieren | Schwertransport | Tieflader/Kran wahrscheinlich | ca. 6 km","rule_medium","table_50k_has_logistik_process_logistik","Gebäude\Broethen_Twin_House_Hoyerswerda.md"
"reuse_einsatz/CRCLR_House_Impact_Hub_Berlin__001__Stahlpfetten_I_Tr_ger","has_logistik","logistik/Bauteiltracking","Bestandsaufnahme | Bestandshalle und Dachstahl als Ressource identifiziert | Materialjagd / Gebäudestock als Materialbank | Materialpässe erwähnt | vor Ort","rule_medium","table_50k_has_logistik_process_logistik","Gebäude\CRCLR_House_Impact_Hub_Berlin.md"
"reuse_einsatz/CRCLR_House_Impact_Hub_Berlin__001__Stahlpfetten_I_Tr_ger","has_logistik","logistik/Lokale_Wiederverwendung","Bestandsaufnahme | Bestandshalle und Dachstahl als Ressource identifiziert | Materialjagd / Gebäudestock als Materialbank | Materialpässe erwähnt | vor Ort","rule_medium","table_50k_has_logistik_process_logistik","Gebäude\CRCLR_House_Impact_Hub_Berlin.md"
"reuse_einsatz/CRCLR_House_Impact_Hub_Berlin__002__Stahlfachwerktr_ger","has_logistik","logistik/Bauteiltracking","Bestandsaufnahme | Bestandshalle und Dachstahl als Ressource identifiziert | Materialjagd / Gebäudestock als Materialbank | Materialpässe erwähnt | vor Ort","rule_medium","table_50k_has_logistik_process_logistik","Gebäude\CRCLR_House_Impact_Hub_Berlin.md"
"reuse_einsatz/CRCLR_House_Impact_Hub_Berlin__002__Stahlfachwerktr_ger","has_logistik","logistik/Lokale_Wiederverwendung","Bestandsaufnahme | Bestandshalle und Dachstahl als Ressource identifiziert | Materialjagd / Gebäudestock als Materialbank | Materialpässe erwähnt | vor Ort","rule_medium","table_50k_has_logistik_process_logistik","Gebäude\CRCLR_House_Impact_Hub_Berlin.md"
"reuse_einsatz/CRCLR_House_Impact_Hub_Berlin__003__Holz_Alu_Fenster_Au_enfenster","has_logistik","logistik/Bauteiltracking","Bestandsaufnahme | Bestandshalle und Dachstahl als Ressource identifiziert | Materialjagd / Gebäudestock als Materialbank | Materialpässe erwähnt | vor Ort","rule_medium","table_50k_has_logistik_process_logistik","Gebäude\CRCLR_House_Impact_Hub_Berlin.md"
"reuse_einsatz/CRCLR_House_Impact_Hub_Berlin__003__Holz_Alu_Fenster_Au_enfenster","has_logistik","logistik/Lokale_Wiederverwendung","Bestandsaufnahme | Bestandshalle und Dachstahl als Ressource identifiziert | Materialjagd / Gebäudestock als Materialbank | Materialpässe erwähnt | vor Ort","rule_medium","table_50k_has_logistik_process_logistik","Gebäude\CRCLR_House_Impact_Hub_Berlin.md"
"reuse_einsatz/CRCLR_House_Impact_Hub_Berlin__004__Sanit_robjekte_Duschtassen","has_logistik","logistik/Bauteiltracking","Bestandsaufnahme | Bestandshalle und Dachstahl als Ressource identifiziert | Materialjagd / Gebäudestock als Materialbank | Materialpässe erwähnt | vor Ort","rule_medium","table_50k_has_logistik_process_logistik","Gebäude\CRCLR_House_Impact_Hub_Berlin.md"
"reuse_einsatz/CRCLR_House_Impact_Hub_Berlin__004__Sanit_robjekte_Duschtassen","has_logistik","logistik/Lokale_Wiederverwendung","Bestandsaufnahme | Bestandshalle und Dachstahl als Ressource identifiziert | Materialjagd / Gebäudestock als Materialbank | Materialpässe erwähnt | vor Ort","rule_medium","table_50k_has_logistik_process_logistik","Gebäude\CRCLR_House_Impact_Hub_Berlin.md"
"reuse_einsatz/CRCLR_House_Impact_Hub_Berlin__006__Holzgalerie_Innenausbau","has_logistik","logistik/Bauteiltracking","Bestandsaufnahme | Bestandshalle und Dachstahl als Ressource identifiziert | Materialjagd / Gebäudestock als Materialbank | Materialpässe erwähnt | vor Ort","rule_medium","table_50k_has_logistik_process_logistik","Gebäude\CRCLR_House_Impact_Hub_Berlin.md"
"reuse_einsatz/CRCLR_House_Impact_Hub_Berlin__006__Holzgalerie_Innenausbau","has_logistik","logistik/Lokale_Wiederverwendung","Bestandsaufnahme | Bestandshalle und Dachstahl als Ressource identifiziert | Materialjagd / Gebäudestock als Materialbank | Materialpässe erwähnt | vor Ort","rule_medium","table_50k_has_logistik_process_logistik","Gebäude\CRCLR_House_Impact_Hub_Berlin.md"
"reuse_einsatz/CRCLR_House_Impact_Hub_Berlin__007__TGA_sichtbar_gef_hrt","has_logistik","logistik/Bauteiltracking","Bestandsaufnahme | Bestandshalle und Dachstahl als Ressource identifiziert | Materialjagd / Gebäudestock als Materialbank | Materialpässe erwähnt | vor Ort","rule_medium","table_50k_has_logistik_process_logistik","Gebäude\CRCLR_House_Impact_Hub_Berlin.md"
"reuse_einsatz/CRCLR_House_Impact_Hub_Berlin__007__TGA_sichtbar_gef_hrt","has_logistik","logistik/Lokale_Wiederverwendung","Bestandsaufnahme | Bestandshalle und Dachstahl als Ressource identifiziert | Materialjagd / Gebäudestock als Materialbank | Materialpässe erwähnt | vor Ort","rule_medium","table_50k_has_logistik_process_logistik","Gebäude\CRCLR_House_Impact_Hub_Berlin.md"
"reuse_einsatz/CRCLR_House_Impact_Hub_Berlin__001__Stahlpfetten_I_Tr_ger","has_logistik","logistik/Lagerung","Bauteilinventar | Wiederverwendungsregeln für Fenster, Stahl, Fassadenteile, Sanitär festgelegt | zirkuläre Planungsregeln | Materialpässe | Baustellenlagerung","rule_medium","table_50k_has_logistik_process_logistik","Gebäude\CRCLR_House_Impact_Hub_Berlin.md"
"reuse_einsatz/CRCLR_House_Impact_Hub_Berlin__002__Stahlfachwerktr_ger","has_logistik","logistik/Lagerung","Bauteilinventar | Wiederverwendungsregeln für Fenster, Stahl, Fassadenteile, Sanitär festgelegt | zirkuläre Planungsregeln | Materialpässe | Baustellenlagerung","rule_medium","table_50k_has_logistik_process_logistik","Gebäude\CRCLR_House_Impact_Hub_Berlin.md"
"reuse_einsatz/CRCLR_House_Impact_Hub_Berlin__003__Holz_Alu_Fenster_Au_enfenster","has_logistik","logistik/Lagerung","Bauteilinventar | Wiederverwendungsregeln für Fenster, Stahl, Fassadenteile, Sanitär festgelegt | zirkuläre Planungsregeln | Materialpässe | Baustellenlagerung","rule_medium","table_50k_has_logistik_process_logistik","Gebäude\CRCLR_House_Impact_Hub_Berlin.md"
"reuse_einsatz/CRCLR_House_Impact_Hub_Berlin__004__Sanit_robjekte_Duschtassen","has_logistik","logistik/Lagerung","Bauteilinventar | Wiederverwendungsregeln für Fenster, Stahl, Fassadenteile, Sanitär festgelegt | zirkuläre Planungsregeln | Materialpässe | Baustellenlagerung","rule_medium","table_50k_has_logistik_process_logistik","Gebäude\CRCLR_House_Impact_Hub_Berlin.md"
"reuse_einsatz/CRCLR_House_Impact_Hub_Berlin__007__TGA_sichtbar_gef_hrt","has_logistik","logistik/Lagerung","Bauteilinventar | Wiederverwendungsregeln für Fenster, Stahl, Fassadenteile, Sanitär festgelegt | zirkuläre Planungsregeln | Materialpässe | Baustellenlagerung","rule_medium","table_50k_has_logistik_process_logistik","Gebäude\CRCLR_House_Impact_Hub_Berlin.md"
"reuse_einsatz/CRCLR_House_Impact_Hub_Berlin__001__Stahlpfetten_I_Tr_ger","has_logistik","logistik/Transport","Ausbau | Stahlträger ausgebaut, Proben entnommen | Probe jedes vierten Trägers laut BauNetz | Laborprüfung | Labortransport","rule_medium","table_50k_has_logistik_process_logistik","Gebäude\CRCLR_House_Impact_Hub_Berlin.md"
"reuse_einsatz/CRCLR_House_Impact_Hub_Berlin__002__Stahlfachwerktr_ger","has_logistik","logistik/Transport","Ausbau | Stahlträger ausgebaut, Proben entnommen | Probe jedes vierten Trägers laut BauNetz | Laborprüfung | Labortransport","rule_medium","table_50k_has_logistik_process_logistik","Gebäude\CRCLR_House_Impact_Hub_Berlin.md"
"reuse_einsatz/CascadeUp_London_secondary_timber_glulam_demonstrator__001__Tragwerksrahmen_Balken_St_tzen","has_logistik","logistik/Lokale_Wiederverwendung","Bestandsaufnahme | Rückbauholz als potenzieller Rohstoff identifiziert | Material-Sourcing aus Demolition-Waste-Streams | lokale/traceable supply chain als Ziel genannt","rule_medium","table_50k_has_logistik_process_logistik","Gebäude\CascadeUp_London_secondary_timber_glulam_demonstrator.md"
"reuse_einsatz/CascadeUp_London_secondary_timber_glulam_demonstrator__002__Wandpaneele","has_logistik","logistik/Lokale_Wiederverwendung","Bestandsaufnahme | Rückbauholz als potenzieller Rohstoff identifiziert | Material-Sourcing aus Demolition-Waste-Streams | lokale/traceable supply chain als Ziel genannt","rule_medium","table_50k_has_logistik_process_logistik","Gebäude\CascadeUp_London_secondary_timber_glulam_demonstrator.md"
"reuse_einsatz/CascadeUp_London_secondary_timber_glulam_demonstrator__003__Bodenpaneele","has_logistik","logistik/Lokale_Wiederverwendung","Bestandsaufnahme | Rückbauholz als potenzieller Rohstoff identifiziert | Material-Sourcing aus Demolition-Waste-Streams | lokale/traceable supply chain als Ziel genannt","rule_medium","table_50k_has_logistik_process_logistik","Gebäude\CascadeUp_London_secondary_timber_glulam_demonstrator.md"
"reuse_einsatz/Charles_Malis_Molenbeek__002__Leuchten","has_logistik","logistik/Transport","Ausbau | Gewinnung/Anlieferung Boden/Leuchten | Reuse Procurement | Brüssel / unbekannt","rule_medium","table_50k_has_logistik_process_logistik","Gebäude\Charles_Malis_Molenbeek.md"
"reuse_einsatz/Chiro_d_Itterbeek_Dilbeek__001__Fassadenziegel","has_logistik","logistik/Materialmatching","Bauteilinventar | möglichst viele Reuse-/Surplus-Bauteile identifiziert | Materialsuche nach Baulos | Opalis-Händlernetz / Marketplace | viele kleine Quellen","rule_medium","table_50k_has_logistik_process_logistik","Gebäude\Chiro_d_Itterbeek_Dilbeek.md"
"reuse_einsatz/Chiro_d_Itterbeek_Dilbeek__002__Au_enst_rze","has_logistik","logistik/Materialmatching","Bauteilinventar | möglichst viele Reuse-/Surplus-Bauteile identifiziert | Materialsuche nach Baulos | Opalis-Händlernetz / Marketplace | viele kleine Quellen","rule_medium","table_50k_has_logistik_process_logistik","Gebäude\Chiro_d_Itterbeek_Dilbeek.md"
"reuse_einsatz/Chiro_d_Itterbeek_Dilbeek__012__Betonbl_cke","has_logistik","logistik/Materialmatching","Bauteilinventar | möglichst viele Reuse-/Surplus-Bauteile identifiziert | Materialsuche nach Baulos | Opalis-Händlernetz / Marketplace | viele kleine Quellen","rule_medium","table_50k_has_logistik_process_logistik","Gebäude\Chiro_d_Itterbeek_Dilbeek.md"
"reuse_einsatz/Chiro_d_Itterbeek_Dilbeek__013__Holzrahmen_Dachtragwerk","has_logistik","logistik/Materialmatching","Bauteilinventar | möglichst viele Reuse-/Surplus-Bauteile identifiziert | Materialsuche nach Baulos | Opalis-Händlernetz / Marketplace | viele kleine Quellen","rule_medium","table_50k_has_logistik_process_logistik","Gebäude\Chiro_d_Itterbeek_Dilbeek.md"
"reuse_einsatz/Chiro_d_Itterbeek_Dilbeek__003__Dachziegel","has_logistik","logistik/Transport","Transport | Lieferung mehrerer kleiner Lots | Kleinmengenlogistik | meist Region Brüssel laut Quelle","rule_medium","table_50k_has_logistik_process_logistik","Gebäude\Chiro_d_Itterbeek_Dilbeek.md"
"reuse_einsatz/Chiro_d_Itterbeek_Dilbeek__001__Fassadenziegel","has_logistik","logistik/Lagerung","Lagerung | kurzzeitige Baustellen-/Materiallagerung | Baustelle","rule_medium","table_50k_has_logistik_process_logistik","Gebäude\Chiro_d_Itterbeek_Dilbeek.md"
"reuse_einsatz/Chiro_d_Itterbeek_Dilbeek__002__Au_enst_rze","has_logistik","logistik/Lagerung","Lagerung | kurzzeitige Baustellen-/Materiallagerung | Baustelle","rule_medium","table_50k_has_logistik_process_logistik","Gebäude\Chiro_d_Itterbeek_Dilbeek.md"
"reuse_einsatz/Chiro_d_Itterbeek_Dilbeek__003__Dachziegel","has_logistik","logistik/Lagerung","Lagerung | kurzzeitige Baustellen-/Materiallagerung | Baustelle","rule_medium","table_50k_has_logistik_process_logistik","Gebäude\Chiro_d_Itterbeek_Dilbeek.md"
"reuse_einsatz/Chiro_d_Itterbeek_Dilbeek__004__Au_ent_ren","has_logistik","logistik/Lagerung","Lagerung | kurzzeitige Baustellen-/Materiallagerung | Baustelle","rule_medium","table_50k_has_logistik_process_logistik","Gebäude\Chiro_d_Itterbeek_Dilbeek.md"
"reuse_einsatz/Chiro_d_Itterbeek_Dilbeek__005__Holzfenster","has_logistik","logistik/Lagerung","Lagerung | kurzzeitige Baustellen-/Materiallagerung | Baustelle","rule_medium","table_50k_has_logistik_process_logistik","Gebäude\Chiro_d_Itterbeek_Dilbeek.md"
"reuse_einsatz/Chiro_d_Itterbeek_Dilbeek__006__Bodenfliesen","has_logistik","logistik/Lagerung","Lagerung | kurzzeitige Baustellen-/Materiallagerung | Baustelle","rule_medium","table_50k_has_logistik_process_logistik","Gebäude\Chiro_d_Itterbeek_Dilbeek.md"
"reuse_einsatz/Chiro_d_Itterbeek_Dilbeek__007__Wandfliesen","has_logistik","logistik/Lagerung","Lagerung | kurzzeitige Baustellen-/Materiallagerung | Baustelle","rule_medium","table_50k_has_logistik_process_logistik","Gebäude\Chiro_d_Itterbeek_Dilbeek.md"
"reuse_einsatz/Chiro_d_Itterbeek_Dilbeek__008__Sanit_robjekte","has_logistik","logistik/Lagerung","Lagerung | kurzzeitige Baustellen-/Materiallagerung | Baustelle","rule_medium","table_50k_has_logistik_process_logistik","Gebäude\Chiro_d_Itterbeek_Dilbeek.md"
"reuse_einsatz/Chiro_d_Itterbeek_Dilbeek__009__Leuchten","has_logistik","logistik/Lagerung","Lagerung | kurzzeitige Baustellen-/Materiallagerung | Baustelle","rule_medium","table_50k_has_logistik_process_logistik","Gebäude\Chiro_d_Itterbeek_Dilbeek.md"
"reuse_einsatz/Chiro_d_Itterbeek_Dilbeek__012__Betonbl_cke","has_logistik","logistik/Lagerung","Lagerung | kurzzeitige Baustellen-/Materiallagerung | Baustelle","rule_medium","table_50k_has_logistik_process_logistik","Gebäude\Chiro_d_Itterbeek_Dilbeek.md"
"reuse_einsatz/Chiro_d_Itterbeek_Dilbeek__013__Holzrahmen_Dachtragwerk","has_logistik","logistik/Lagerung","Lagerung | kurzzeitige Baustellen-/Materiallagerung | Baustelle","rule_medium","table_50k_has_logistik_process_logistik","Gebäude\Chiro_d_Itterbeek_Dilbeek.md"
"reuse_einsatz/Christ_Pavilion_Volkenroda__005__Kreuzgang","has_logistik","logistik/Transport","Rückbau | Abbau nach EXPO 2000 | Demontage statt Abriss | Verpackung/Transport nach Thüringen","rule_medium","table_50k_has_logistik_process_logistik","Gebäude\Christ_Pavilion_Volkenroda.md"
"reuse_einsatz/Christ_Pavilion_Volkenroda__006__Glasfassade_Vitrinen","has_logistik","logistik/Transport","Rückbau | Abbau nach EXPO 2000 | Demontage statt Abriss | Verpackung/Transport nach Thüringen","rule_medium","table_50k_has_logistik_process_logistik","Gebäude\Christ_Pavilion_Volkenroda.md"
"reuse_einsatz/Christ_Pavilion_Volkenroda__007__Sichtbetonteile","has_logistik","logistik/Transport","Rückbau | Abbau nach EXPO 2000 | Demontage statt Abriss | Verpackung/Transport nach Thüringen","rule_medium","table_50k_has_logistik_process_logistik","Gebäude\Christ_Pavilion_Volkenroda.md"
"reuse_einsatz/Christ_Pavilion_Volkenroda__001__gesamtes_Pavillonensemble","has_logistik","logistik/Lagerung","Transport | Hannover → Volkenroda | Schwer-/Bauteiltransport | ex-situ Verlagerung","rule_medium","table_50k_has_logistik_process_logistik","Gebäude\Christ_Pavilion_Volkenroda.md"
"reuse_einsatz/Circular_Centre_Netherlands_Prinsenhof_A_reuse_pilot__001__Hohlk_rperdecken_kanaalplaatvloeren","has_logistik","logistik/Transport","Transport | Elemente nach Heerde / Sporthalle Arnhem | LKW naheliegend | Arnhem–Heerde","rule_medium","table_50k_has_logistik_process_logistik","Gebäude\Circular_Centre_Netherlands_Prinsenhof_A_reuse_pilot.md"
"reuse_einsatz/Circular_Centre_Netherlands_Prinsenhof_A_reuse_pilot__002__Prefab_Fassadenelemente","has_logistik","logistik/Transport","Transport | Elemente nach Heerde / Sporthalle Arnhem | LKW naheliegend | Arnhem–Heerde","rule_medium","table_50k_has_logistik_process_logistik","Gebäude\Circular_Centre_Netherlands_Prinsenhof_A_reuse_pilot.md"
"reuse_einsatz/Circular_Centre_Netherlands_Prinsenhof_A_reuse_pilot__002__Prefab_Fassadenelemente","has_logistik","logistik/Lagerung","Lagerung | Elemente geordnet lagern | Stapelung, Kennzeichnung | Heerde","rule_medium","table_50k_has_logistik_process_logistik","Gebäude\Circular_Centre_Netherlands_Prinsenhof_A_reuse_pilot.md"
"reuse_einsatz/Circular_Pavilion_Paris__003__Holzstruktur","has_logistik","logistik/Lagerung","Bestandsaufnahme | Suche nach Materialquellen aus Baustellen, Fehlbestellungen, Lagerbeständen | réemploi sourcing | viele Quellen","rule_medium","table_50k_has_logistik_process_logistik","Gebäude\Circular_Pavilion_Paris.md"
"reuse_einsatz/Circular_Pavilion_Paris__001__Holzt_ren","has_logistik","logistik/Lagerung","Ausbau | ehemalige Ausstellungspaneele und Paris-Plage-Rost entnommen | Wiedergewinnung | kommunale Lager","rule_medium","table_50k_has_logistik_process_logistik","Gebäude\Circular_Pavilion_Paris.md"
"reuse_einsatz/Circular_Pavilion_Paris__004__ehemalige_Ausstellungspaneele","has_logistik","logistik/Lagerung","Ausbau | ehemalige Ausstellungspaneele und Paris-Plage-Rost entnommen | Wiedergewinnung | kommunale Lager","rule_medium","table_50k_has_logistik_process_logistik","Gebäude\Circular_Pavilion_Paris.md"
"reuse_einsatz/Circular_Pavilion_Paris__005__Terrassen_Caillebotis","has_logistik","logistik/Lagerung","Ausbau | ehemalige Ausstellungspaneele und Paris-Plage-Rost entnommen | Wiedergewinnung | kommunale Lager","rule_medium","table_50k_has_logistik_process_logistik","Gebäude\Circular_Pavilion_Paris.md"
"reuse_einsatz/ELYS_Kultur_Gewerbehaus_Basel__002__Aluminium_Trapezblech","has_logistik","logistik/Lokale_Wiederverwendung","Bauteilinventar | Material aus Abbruch/Teilrückbau und Areal identifiziert | component hunting | lokal/regional","rule_medium","table_50k_has_logistik_process_logistik","Gebäude\ELYS_Kultur_Gewerbehaus_Basel.md"
"reuse_einsatz/ELYS_Kultur_Gewerbehaus_Basel__002__Aluminium_Trapezblech","has_logistik","logistik/Materialmatching","Bauteilinventar | Material aus Abbruch/Teilrückbau und Areal identifiziert | component hunting | lokal/regional","rule_medium","table_50k_has_logistik_process_logistik","Gebäude\ELYS_Kultur_Gewerbehaus_Basel.md"
"reuse_einsatz/ELYS_Kultur_Gewerbehaus_Basel__006__Gitterroste_Br_stungsgitter","has_logistik","logistik/Lagerung","Ausbau | Alu-Trapezblech, Holz, Gitterroste, Garagentor, Fensterquellen erschlossen | Materialjagd | Basel/Umgebung + Lager","rule_medium","table_50k_has_logistik_process_logistik","Gebäude\ELYS_Kultur_Gewerbehaus_Basel.md"
"reuse_einsatz/ELYS_Kultur_Gewerbehaus_Basel__007__Garagentor","has_logistik","logistik/Lagerung","Ausbau | Alu-Trapezblech, Holz, Gitterroste, Garagentor, Fensterquellen erschlossen | Materialjagd | Basel/Umgebung + Lager","rule_medium","table_50k_has_logistik_process_logistik","Gebäude\ELYS_Kultur_Gewerbehaus_Basel.md"
"reuse_einsatz/ELYS_Kultur_Gewerbehaus_Basel__001__Holzrahmen_Fassade","has_logistik","logistik/Lokale_Wiederverwendung","Transport | Material teilweise aus Raum Basel und vom Areal; Fenster aus Lagerbeständen | kurze/regionale Lieferketten | lokal/regional","rule_medium","table_50k_has_logistik_process_logistik","Gebäude\ELYS_Kultur_Gewerbehaus_Basel.md"
"reuse_einsatz/ELYS_Kultur_Gewerbehaus_Basel__003__Fenster","has_logistik","logistik/Lokale_Wiederverwendung","Transport | Material teilweise aus Raum Basel und vom Areal; Fenster aus Lagerbeständen | kurze/regionale Lieferketten | lokal/regional","rule_medium","table_50k_has_logistik_process_logistik","Gebäude\ELYS_Kultur_Gewerbehaus_Basel.md"
"reuse_einsatz/ELYS_Kultur_Gewerbehaus_Basel__005__Steinwolled_mmung","has_logistik","logistik/Lagerung","Lagerung | Bauteile und Restposten vor Montage gelagert | Materialmanagement","rule_medium","table_50k_has_logistik_process_logistik","Gebäude\ELYS_Kultur_Gewerbehaus_Basel.md"
"reuse_einsatz/ELYS_Kultur_Gewerbehaus_Basel__001__Holzrahmen_Fassade","has_logistik","logistik/Materialverfuegbarkeit","Planung | Fassade aus verfügbaren Bauteilen entworfen; Rohbauflächen nutzungsoffen | Design follows availability","rule_medium","table_50k_has_logistik_process_logistik","Gebäude\ELYS_Kultur_Gewerbehaus_Basel.md"
"reuse_einsatz/ELYS_Kultur_Gewerbehaus_Basel__003__Fenster","has_logistik","logistik/Materialverfuegbarkeit","Planung | Fassade aus verfügbaren Bauteilen entworfen; Rohbauflächen nutzungsoffen | Design follows availability","rule_medium","table_50k_has_logistik_process_logistik","Gebäude\ELYS_Kultur_Gewerbehaus_Basel.md"
"reuse_einsatz/Ferme_du_Rail_Paris__001__Holzfensterrahmen_Ch_ssis_bois","has_logistik","logistik/Lokale_Wiederverwendung","Aufbereitung | Fenster als Boden/Akroterie; Fliesen kalepinieren | handwerkliche Anpassung | vor Ort","rule_medium","table_50k_has_logistik_process_logistik","Gebäude\Ferme_du_Rail_Paris.md"
"reuse_einsatz/Ferme_du_Rail_Paris__002__Holzfensterrahmen","has_logistik","logistik/Lokale_Wiederverwendung","Aufbereitung | Fenster als Boden/Akroterie; Fliesen kalepinieren | handwerkliche Anpassung | vor Ort","rule_medium","table_50k_has_logistik_process_logistik","Gebäude\Ferme_du_Rail_Paris.md"
"reuse_einsatz/Ferme_du_Rail_Paris__005__Steinplatten_von_Dachterrassen_B_ro_Fu_bodenplat","has_logistik","logistik/Lokale_Wiederverwendung","Aufbereitung | Fenster als Boden/Akroterie; Fliesen kalepinieren | handwerkliche Anpassung | vor Ort","rule_medium","table_50k_has_logistik_process_logistik","Gebäude\Ferme_du_Rail_Paris.md"
"reuse_einsatz/Ferme_du_Rail_Paris__006__Fliesen_Fayence","has_logistik","logistik/Lokale_Wiederverwendung","Aufbereitung | Fenster als Boden/Akroterie; Fliesen kalepinieren | handwerkliche Anpassung | vor Ort","rule_medium","table_50k_has_logistik_process_logistik","Gebäude\Ferme_du_Rail_Paris.md"
"reuse_einsatz/Ferme_du_Rail_Paris__010__Dallettes_pr_fabriqu_es","has_logistik","logistik/Lokale_Wiederverwendung","Aufbereitung | Fenster als Boden/Akroterie; Fliesen kalepinieren | handwerkliche Anpassung | vor Ort","rule_medium","table_50k_has_logistik_process_logistik","Gebäude\Ferme_du_Rail_Paris.md"
"reuse_einsatz/Grande_Halle_de_Colombelles__007__Au_enfenster_Au_enschreinerei","has_logistik","logistik/Lokale_Wiederverwendung","Bestandsaufnahme | Halle prüfen, Beton reparieren | Ferroscan, Sondagen, Piquetage | Ferroscan | in situ","rule_medium","table_50k_has_logistik_process_logistik","Gebäude\Grande_Halle_de_Colombelles.md"
"reuse_einsatz/Grande_Halle_de_Colombelles__001__Mineralwolle_D_mmung","has_logistik","logistik/Lokale_Wiederverwendung","Bauteilinventar | Gisements in Region identifizieren | Lot 01 Réemploi | regionale Baustellen","rule_medium","table_50k_has_logistik_process_logistik","Gebäude\Grande_Halle_de_Colombelles.md"
"reuse_einsatz/Grande_Halle_de_Colombelles__006__T_ren_massiv_Brandschutzt_ren","has_logistik","logistik/Lokale_Wiederverwendung","Bauteilinventar | Gisements in Region identifizieren | Lot 01 Réemploi | regionale Baustellen","rule_medium","table_50k_has_logistik_process_logistik","Gebäude\Grande_Halle_de_Colombelles.md"
"reuse_einsatz/Grande_Halle_de_Colombelles__001__Mineralwolle_D_mmung","has_logistik","logistik/Transport","Transport | zur Grande Halle | regionale Logistik | regionale Transporte","rule_medium","table_50k_has_logistik_process_logistik","Gebäude\Grande_Halle_de_Colombelles.md"
"reuse_einsatz/Grande_Halle_de_Colombelles__002__Radiatoren","has_logistik","logistik/Transport","Transport | zur Grande Halle | regionale Logistik | regionale Transporte","rule_medium","table_50k_has_logistik_process_logistik","Gebäude\Grande_Halle_de_Colombelles.md"
"reuse_einsatz/Grande_Halle_de_Colombelles__006__T_ren_massiv_Brandschutzt_ren","has_logistik","logistik/Transport","Transport | zur Grande Halle | regionale Logistik | regionale Transporte","rule_medium","table_50k_has_logistik_process_logistik","Gebäude\Grande_Halle_de_Colombelles.md"
"reuse_einsatz/Grande_Halle_de_Colombelles__007__Au_enfenster_Au_enschreinerei","has_logistik","logistik/Transport","Transport | zur Grande Halle | regionale Logistik | regionale Transporte","rule_medium","table_50k_has_logistik_process_logistik","Gebäude\Grande_Halle_de_Colombelles.md"
"reuse_einsatz/Hastings_Pier_Visitor_Centre__001__Fassadenbekleidung_Besucherzentrum","has_logistik","logistik/Lokale_Wiederverwendung","Bestandsaufnahme | Zustand der brandgeschädigten Pier und überlebender Hölzer erkannt | visuelle/site-basierte Einschätzung | vor Ort","rule_medium","table_50k_has_logistik_process_logistik","Gebäude\Hastings_Pier_Visitor_Centre.md"
"reuse_einsatz/Hastings_Pier_Visitor_Centre__002__Bekleidung_Toiletten_Outbuildings_am_Old_Pavilio","has_logistik","logistik/Lokale_Wiederverwendung","Bestandsaufnahme | Zustand der brandgeschädigten Pier und überlebender Hölzer erkannt | visuelle/site-basierte Einschätzung | vor Ort","rule_medium","table_50k_has_logistik_process_logistik","Gebäude\Hastings_Pier_Visitor_Centre.md"
"reuse_einsatz/Haus_HOS_Mehrfamilienhaus_Muehlhausen__001__Wandelemente","has_logistik","logistik/Transportdistanz","Transport | Transport per Tieflader | Schwertransport | Tieflader | 30 km Leinefelde–Mühlhausen","rule_medium","table_50k_has_logistik_process_logistik","Gebäude\Haus_HOS_Mehrfamilienhaus_Muehlhausen.md"
"reuse_einsatz/Haus_HOS_Mehrfamilienhaus_Muehlhausen__001__Wandelemente","has_logistik","logistik/Transport","Transport | Transport per Tieflader | Schwertransport | Tieflader | 30 km Leinefelde–Mühlhausen","rule_medium","table_50k_has_logistik_process_logistik","Gebäude\Haus_HOS_Mehrfamilienhaus_Muehlhausen.md"
"reuse_einsatz/Haus_HOS_Mehrfamilienhaus_Muehlhausen__002__Deckenelemente","has_logistik","logistik/Transportdistanz","Transport | Transport per Tieflader | Schwertransport | Tieflader | 30 km Leinefelde–Mühlhausen","rule_medium","table_50k_has_logistik_process_logistik","Gebäude\Haus_HOS_Mehrfamilienhaus_Muehlhausen.md"
"reuse_einsatz/Haus_HOS_Mehrfamilienhaus_Muehlhausen__002__Deckenelemente","has_logistik","logistik/Transport","Transport | Transport per Tieflader | Schwertransport | Tieflader | 30 km Leinefelde–Mühlhausen","rule_medium","table_50k_has_logistik_process_logistik","Gebäude\Haus_HOS_Mehrfamilienhaus_Muehlhausen.md"
"reuse_einsatz/Haus_HOS_Mehrfamilienhaus_Muehlhausen__003__Treppen","has_logistik","logistik/Transportdistanz","Transport | Transport per Tieflader | Schwertransport | Tieflader | 30 km Leinefelde–Mühlhausen","rule_medium","table_50k_has_logistik_process_logistik","Gebäude\Haus_HOS_Mehrfamilienhaus_Muehlhausen.md"
"reuse_einsatz/Haus_HOS_Mehrfamilienhaus_Muehlhausen__003__Treppen","has_logistik","logistik/Transport","Transport | Transport per Tieflader | Schwertransport | Tieflader | 30 km Leinefelde–Mühlhausen","rule_medium","table_50k_has_logistik_process_logistik","Gebäude\Haus_HOS_Mehrfamilienhaus_Muehlhausen.md"
"reuse_einsatz/Haus_HOS_Mehrfamilienhaus_Muehlhausen__004__Gesamtbauteile","has_logistik","logistik/Transportdistanz","Transport | Transport per Tieflader | Schwertransport | Tieflader | 30 km Leinefelde–Mühlhausen","rule_medium","table_50k_has_logistik_process_logistik","Gebäude\Haus_HOS_Mehrfamilienhaus_Muehlhausen.md"
"reuse_einsatz/Haus_HOS_Mehrfamilienhaus_Muehlhausen__004__Gesamtbauteile","has_logistik","logistik/Transport","Transport | Transport per Tieflader | Schwertransport | Tieflader | 30 km Leinefelde–Mühlhausen","rule_medium","table_50k_has_logistik_process_logistik","Gebäude\Haus_HOS_Mehrfamilienhaus_Muehlhausen.md"
"reuse_einsatz/Holbein_Gardens_London__001__Stahltr_ger_st_tzen","has_logistik","logistik/Transport","Ausbau | Stahl aus Grosvenor-Projekten und Stock entnehmen | Bauteilgewinnung | Transport zu Fertigung","rule_medium","table_50k_has_logistik_process_logistik","Gebäude\Holbein_Gardens_London.md"
"reuse_einsatz/Holbein_Gardens_London__001__Stahltr_ger_st_tzen","has_logistik","logistik/Lagerflaeche","Lagerung | Stahlbestand halten | reclaimed stock | Lagerbestand / Datenlisten | Lagerflächen","rule_medium","table_50k_has_logistik_process_logistik","Gebäude\Holbein_Gardens_London.md"
"reuse_einsatz/Holbein_Gardens_London__001__Stahltr_ger_st_tzen","has_logistik","logistik/Lagerung","Lagerung | Stahlbestand halten | reclaimed stock | Lagerbestand / Datenlisten | Lagerflächen","rule_medium","table_50k_has_logistik_process_logistik","Gebäude\Holbein_Gardens_London.md"
"reuse_einsatz/Holbein_Gardens_London__002__Reclaimed_stone_brickwork","has_logistik","logistik/Lagerflaeche","Lagerung | Stahlbestand halten | reclaimed stock | Lagerbestand / Datenlisten | Lagerflächen","rule_medium","table_50k_has_logistik_process_logistik","Gebäude\Holbein_Gardens_London.md"
"reuse_einsatz/Holbein_Gardens_London__002__Reclaimed_stone_brickwork","has_logistik","logistik/Lagerung","Lagerung | Stahlbestand halten | reclaimed stock | Lagerbestand / Datenlisten | Lagerflächen","rule_medium","table_50k_has_logistik_process_logistik","Gebäude\Holbein_Gardens_London.md"
"reuse_einsatz/Holbein_Gardens_London__001__Stahltr_ger_st_tzen","has_logistik","logistik/Materialverfuegbarkeit","Planung | Stahlreuse früh in Low-Carbon-Strategie integrieren | Design mit available sections | Stockmatcher nicht sicher belegt | Programmeinbindung","rule_medium","table_50k_has_logistik_process_logistik","Gebäude\Holbein_Gardens_London.md"
"reuse_einsatz/House_of_Fraser_318_Oxford_Street_TBC_London_reuse_chain__003__Repurposed_steel_von_Cleveland","has_logistik","logistik/Lagerung","Lagerung | unbekannt / supply chain storage | stockholding | no room on TBC site","rule_medium","table_50k_has_logistik_process_logistik","Gebäude\House_of_Fraser_318_Oxford_Street_TBC_London_reuse_chain.md"
"reuse_einsatz/House_of_Fraser_318_Oxford_Street_TBC_London_reuse_chain__001__1930er_Stahltr_ger_vom_House_of_Fraser","has_logistik","logistik/Bauteiltracking","Monitoring | delivery and waste tickets scanned | sustainability tracking | Qflow | digital records","rule_medium","table_50k_has_logistik_process_logistik","Gebäude\House_of_Fraser_318_Oxford_Street_TBC_London_reuse_chain.md"
"reuse_einsatz/House_of_Fraser_318_Oxford_Street_TBC_London_reuse_chain__002__Stahlst_tzen_aus_unteren_Geschossen_318_Oxford_S","has_logistik","logistik/Bauteiltracking","Monitoring | delivery and waste tickets scanned | sustainability tracking | Qflow | digital records","rule_medium","table_50k_has_logistik_process_logistik","Gebäude\House_of_Fraser_318_Oxford_Street_TBC_London_reuse_chain.md"
"reuse_einsatz/House_of_Fraser_318_Oxford_Street_TBC_London_reuse_chain__003__Repurposed_steel_von_Cleveland","has_logistik","logistik/Bauteiltracking","Monitoring | delivery and waste tickets scanned | sustainability tracking | Qflow | digital records","rule_medium","table_50k_has_logistik_process_logistik","Gebäude\House_of_Fraser_318_Oxford_Street_TBC_London_reuse_chain.md"
"reuse_einsatz/House_of_Fraser_318_Oxford_Street_TBC_London_reuse_chain__005__Handrails_and_other_fixtures","has_logistik","logistik/Bauteiltracking","Monitoring | delivery and waste tickets scanned | sustainability tracking | Qflow | digital records","rule_medium","table_50k_has_logistik_process_logistik","Gebäude\House_of_Fraser_318_Oxford_Street_TBC_London_reuse_chain.md"
"reuse_einsatz/House_of_Fraser_318_Oxford_Street_TBC_London_reuse_chain__006__Bricks_demolition_materials","has_logistik","logistik/Bauteiltracking","Monitoring | delivery and waste tickets scanned | sustainability tracking | Qflow | digital records","rule_medium","table_50k_has_logistik_process_logistik","Gebäude\House_of_Fraser_318_Oxford_Street_TBC_London_reuse_chain.md"
"reuse_einsatz/Impact_Hub_Berlin_CRCLR_Fitout__001__Schwarze_MDF_Platten","has_logistik","logistik/Bauteiltracking","Bauteilinventar | Material- und Produktpässe anlegen | Dokumentation | Produkt-/Materialpässe | digital","rule_medium","table_50k_has_logistik_process_logistik","Gebäude\Impact_Hub_Berlin_CRCLR_Fitout.md"
"reuse_einsatz/Impact_Hub_Berlin_CRCLR_Fitout__002__Red_MDF_boards","has_logistik","logistik/Bauteiltracking","Bauteilinventar | Material- und Produktpässe anlegen | Dokumentation | Produkt-/Materialpässe | digital","rule_medium","table_50k_has_logistik_process_logistik","Gebäude\Impact_Hub_Berlin_CRCLR_Fitout.md"
"reuse_einsatz/Impact_Hub_Berlin_CRCLR_Fitout__003__Ziegel_im_Empfang","has_logistik","logistik/Bauteiltracking","Bauteilinventar | Material- und Produktpässe anlegen | Dokumentation | Produkt-/Materialpässe | digital","rule_medium","table_50k_has_logistik_process_logistik","Gebäude\Impact_Hub_Berlin_CRCLR_Fitout.md"
"reuse_einsatz/Impact_Hub_Berlin_CRCLR_Fitout__004__Holzlatten","has_logistik","logistik/Bauteiltracking","Bauteilinventar | Material- und Produktpässe anlegen | Dokumentation | Produkt-/Materialpässe | digital","rule_medium","table_50k_has_logistik_process_logistik","Gebäude\Impact_Hub_Berlin_CRCLR_Fitout.md"
"reuse_einsatz/Impact_Hub_Berlin_CRCLR_Fitout__007__T_ren_Fenster_Sanit_r","has_logistik","logistik/Bauteiltracking","Bauteilinventar | Material- und Produktpässe anlegen | Dokumentation | Produkt-/Materialpässe | digital","rule_medium","table_50k_has_logistik_process_logistik","Gebäude\Impact_Hub_Berlin_CRCLR_Fitout.md"
"reuse_einsatz/Impact_Hub_Berlin_CRCLR_Fitout__001__Schwarze_MDF_Platten","has_logistik","logistik/Materialmatching","Rückbau | Material von anderen Baustellen/Ausstellungen übernehmen | Materialsuche | Concular/Restado im Gesamtprojekt | Berlin / informelle Kontakte","rule_medium","table_50k_has_logistik_process_logistik","Gebäude\Impact_Hub_Berlin_CRCLR_Fitout.md"
"reuse_einsatz/Impact_Hub_Berlin_CRCLR_Fitout__002__Red_MDF_boards","has_logistik","logistik/Materialmatching","Rückbau | Material von anderen Baustellen/Ausstellungen übernehmen | Materialsuche | Concular/Restado im Gesamtprojekt | Berlin / informelle Kontakte","rule_medium","table_50k_has_logistik_process_logistik","Gebäude\Impact_Hub_Berlin_CRCLR_Fitout.md"
"reuse_einsatz/Impact_Hub_Berlin_CRCLR_Fitout__003__Ziegel_im_Empfang","has_logistik","logistik/Materialmatching","Rückbau | Material von anderen Baustellen/Ausstellungen übernehmen | Materialsuche | Concular/Restado im Gesamtprojekt | Berlin / informelle Kontakte","rule_medium","table_50k_has_logistik_process_logistik","Gebäude\Impact_Hub_Berlin_CRCLR_Fitout.md"
"reuse_einsatz/Impact_Hub_Berlin_CRCLR_Fitout__004__Holzlatten","has_logistik","logistik/Materialmatching","Rückbau | Material von anderen Baustellen/Ausstellungen übernehmen | Materialsuche | Concular/Restado im Gesamtprojekt | Berlin / informelle Kontakte","rule_medium","table_50k_has_logistik_process_logistik","Gebäude\Impact_Hub_Berlin_CRCLR_Fitout.md"
"reuse_einsatz/Impact_Hub_Berlin_CRCLR_Fitout__007__T_ren_Fenster_Sanit_r","has_logistik","logistik/Materialmatching","Rückbau | Material von anderen Baustellen/Ausstellungen übernehmen | Materialsuche | Concular/Restado im Gesamtprojekt | Berlin / informelle Kontakte","rule_medium","table_50k_has_logistik_process_logistik","Gebäude\Impact_Hub_Berlin_CRCLR_Fitout.md"
"reuse_einsatz/Impact_Hub_Berlin_CRCLR_Fitout__002__Red_MDF_boards","has_logistik","logistik/Lagerung","Lagerung | Reuse-Komponenten trocken und geschützt lagern | temporäre Lagerung | Lager nahe Baustelle wichtig","rule_medium","table_50k_has_logistik_process_logistik","Gebäude\Impact_Hub_Berlin_CRCLR_Fitout.md"
"reuse_einsatz/Impact_Hub_Berlin_CRCLR_Fitout__003__Ziegel_im_Empfang","has_logistik","logistik/Lagerung","Lagerung | Reuse-Komponenten trocken und geschützt lagern | temporäre Lagerung | Lager nahe Baustelle wichtig","rule_medium","table_50k_has_logistik_process_logistik","Gebäude\Impact_Hub_Berlin_CRCLR_Fitout.md"
"reuse_einsatz/Jeugdkliniek_Ithaka_Emergis_Kloetinge__006__Azob_Shingles","has_logistik","logistik/Zwischenlagerung","Ausbau | Fenster, Türen, Balken, Shingles, Böden, Klinker ausbauen | Bauteilernte | Zwischenlager unbekannt","rule_medium","table_50k_has_logistik_process_logistik","Gebäude\Jeugdkliniek_Ithaka_Emergis_Kloetinge.md"
"reuse_einsatz/Juch_Areal_Recyclingzentrum_Zuerich__006__Betriebsgeb_ude","has_logistik","logistik/Lagerung","Rückbau | Stahlstruktur Hagenholz beschriften, sorgfältig demontieren und einlagern | selektiver Rückbau | BIM/Markierung unbekannt | Lagerung auf ERZ-Areal","rule_medium","table_50k_has_logistik_process_logistik","Gebäude\Juch_Areal_Recyclingzentrum_Zuerich.md"
"reuse_einsatz/Juch_Areal_Recyclingzentrum_Zuerich__003__Beton_Pilzst_tzen_mit_Deckenelementen","has_logistik","logistik/Transport","Ausbau | Betonplatten aus Kerenzerbergtunnel und Beton-Pilzstützen/Deckenelemente beschaffen | Bauteilernte | digitaler Bauteilkatalog | Schwertransport","rule_medium","table_50k_has_logistik_process_logistik","Gebäude\Juch_Areal_Recyclingzentrum_Zuerich.md"
"reuse_einsatz/Juch_Areal_Recyclingzentrum_Zuerich__005__Bauteilkatalog_Elemente","has_logistik","logistik/Transport","Ausbau | Betonplatten aus Kerenzerbergtunnel und Beton-Pilzstützen/Deckenelemente beschaffen | Bauteilernte | digitaler Bauteilkatalog | Schwertransport","rule_medium","table_50k_has_logistik_process_logistik","Gebäude\Juch_Areal_Recyclingzentrum_Zuerich.md"
"reuse_einsatz/Juch_Areal_Recyclingzentrum_Zuerich__006__Betriebsgeb_ude","has_logistik","logistik/Transport","Ausbau | Betonplatten aus Kerenzerbergtunnel und Beton-Pilzstützen/Deckenelemente beschaffen | Bauteilernte | digitaler Bauteilkatalog | Schwertransport","rule_medium","table_50k_has_logistik_process_logistik","Gebäude\Juch_Areal_Recyclingzentrum_Zuerich.md"
"reuse_einsatz/K118_Kopfbau_Halle_118_Winterthur__001__Stahltr_ger_St_tzen","has_logistik","logistik/Materialmatching","Bestandsaufnahme | Suche nach geeigneten Rückbauteilen | component hunting | verschiedene Quellen","rule_medium","table_50k_has_logistik_process_logistik","Gebäude\K118_Kopfbau_Halle_118_Winterthur.md"
"reuse_einsatz/K118_Kopfbau_Halle_118_Winterthur__002__Profilbleche_Verbunddecken","has_logistik","logistik/Materialmatching","Bestandsaufnahme | Suche nach geeigneten Rückbauteilen | component hunting | verschiedene Quellen","rule_medium","table_50k_has_logistik_process_logistik","Gebäude\K118_Kopfbau_Halle_118_Winterthur.md"
"reuse_einsatz/K118_Kopfbau_Halle_118_Winterthur__003__Externe_Treppe","has_logistik","logistik/Materialmatching","Bestandsaufnahme | Suche nach geeigneten Rückbauteilen | component hunting | verschiedene Quellen","rule_medium","table_50k_has_logistik_process_logistik","Gebäude\K118_Kopfbau_Halle_118_Winterthur.md"
"reuse_einsatz/K118_Kopfbau_Halle_118_Winterthur__004__Fenster","has_logistik","logistik/Materialmatching","Bestandsaufnahme | Suche nach geeigneten Rückbauteilen | component hunting | verschiedene Quellen","rule_medium","table_50k_has_logistik_process_logistik","Gebäude\K118_Kopfbau_Halle_118_Winterthur.md"
"reuse_einsatz/K118_Kopfbau_Halle_118_Winterthur__005__Fassadenbleche_Profilbleche","has_logistik","logistik/Materialmatching","Bestandsaufnahme | Suche nach geeigneten Rückbauteilen | component hunting | verschiedene Quellen","rule_medium","table_50k_has_logistik_process_logistik","Gebäude\K118_Kopfbau_Halle_118_Winterthur.md"
"reuse_einsatz/K118_Kopfbau_Halle_118_Winterthur__006__EPS_D_mmung","has_logistik","logistik/Materialmatching","Bestandsaufnahme | Suche nach geeigneten Rückbauteilen | component hunting | verschiedene Quellen","rule_medium","table_50k_has_logistik_process_logistik","Gebäude\K118_Kopfbau_Halle_118_Winterthur.md"
"reuse_einsatz/K118_Kopfbau_Halle_118_Winterthur__007__Holzdachelemente","has_logistik","logistik/Materialmatching","Bestandsaufnahme | Suche nach geeigneten Rückbauteilen | component hunting | verschiedene Quellen","rule_medium","table_50k_has_logistik_process_logistik","Gebäude\K118_Kopfbau_Halle_118_Winterthur.md"
"reuse_einsatz/K118_Kopfbau_Halle_118_Winterthur__008__T_ren","has_logistik","logistik/Materialmatching","Bestandsaufnahme | Suche nach geeigneten Rückbauteilen | component hunting | verschiedene Quellen","rule_medium","table_50k_has_logistik_process_logistik","Gebäude\K118_Kopfbau_Halle_118_Winterthur.md"
"reuse_einsatz/K118_Kopfbau_Halle_118_Winterthur__009__Dreischichtplatten_Holzplatten","has_logistik","logistik/Materialmatching","Bestandsaufnahme | Suche nach geeigneten Rückbauteilen | component hunting | verschiedene Quellen","rule_medium","table_50k_has_logistik_process_logistik","Gebäude\K118_Kopfbau_Halle_118_Winterthur.md"
"reuse_einsatz/K118_Kopfbau_Halle_118_Winterthur__010__Naturstein_Granitplatten","has_logistik","logistik/Materialmatching","Bestandsaufnahme | Suche nach geeigneten Rückbauteilen | component hunting | verschiedene Quellen","rule_medium","table_50k_has_logistik_process_logistik","Gebäude\K118_Kopfbau_Halle_118_Winterthur.md"
"reuse_einsatz/K118_Kopfbau_Halle_118_Winterthur__011__Klinker_Backstein","has_logistik","logistik/Materialmatching","Bestandsaufnahme | Suche nach geeigneten Rückbauteilen | component hunting | verschiedene Quellen","rule_medium","table_50k_has_logistik_process_logistik","Gebäude\K118_Kopfbau_Halle_118_Winterthur.md"
"reuse_einsatz/K118_Kopfbau_Halle_118_Winterthur__001__Stahltr_ger_St_tzen","has_logistik","logistik/Transport","Rückbau | Bauteile aus ELYS/Orion/weiteren Quellen entnommen | selektiver Rückbau | Transport nach Winterthur","rule_medium","table_50k_has_logistik_process_logistik","Gebäude\K118_Kopfbau_Halle_118_Winterthur.md"
"reuse_einsatz/K118_Kopfbau_Halle_118_Winterthur__003__Externe_Treppe","has_logistik","logistik/Transport","Rückbau | Bauteile aus ELYS/Orion/weiteren Quellen entnommen | selektiver Rückbau | Transport nach Winterthur","rule_medium","table_50k_has_logistik_process_logistik","Gebäude\K118_Kopfbau_Halle_118_Winterthur.md"
"reuse_einsatz/K118_Kopfbau_Halle_118_Winterthur__004__Fenster","has_logistik","logistik/Transport","Rückbau | Bauteile aus ELYS/Orion/weiteren Quellen entnommen | selektiver Rückbau | Transport nach Winterthur","rule_medium","table_50k_has_logistik_process_logistik","Gebäude\K118_Kopfbau_Halle_118_Winterthur.md"
"reuse_einsatz/K118_Kopfbau_Halle_118_Winterthur__006__EPS_D_mmung","has_logistik","logistik/Transport","Rückbau | Bauteile aus ELYS/Orion/weiteren Quellen entnommen | selektiver Rückbau | Transport nach Winterthur","rule_medium","table_50k_has_logistik_process_logistik","Gebäude\K118_Kopfbau_Halle_118_Winterthur.md"
"reuse_einsatz/K118_Kopfbau_Halle_118_Winterthur__008__T_ren","has_logistik","logistik/Transport","Rückbau | Bauteile aus ELYS/Orion/weiteren Quellen entnommen | selektiver Rückbau | Transport nach Winterthur","rule_medium","table_50k_has_logistik_process_logistik","Gebäude\K118_Kopfbau_Halle_118_Winterthur.md"
"reuse_einsatz/K118_Kopfbau_Halle_118_Winterthur__001__Stahltr_ger_St_tzen","has_logistik","logistik/Zwischenlagerung","Ausbau | Treppe, Stahl, Fenster, Platten ausgebaut | Demontage | Zwischenlager","rule_medium","table_50k_has_logistik_process_logistik","Gebäude\K118_Kopfbau_Halle_118_Winterthur.md"
"reuse_einsatz/K118_Kopfbau_Halle_118_Winterthur__003__Externe_Treppe","has_logistik","logistik/Zwischenlagerung","Ausbau | Treppe, Stahl, Fenster, Platten ausgebaut | Demontage | Zwischenlager","rule_medium","table_50k_has_logistik_process_logistik","Gebäude\K118_Kopfbau_Halle_118_Winterthur.md"
"reuse_einsatz/K118_Kopfbau_Halle_118_Winterthur__004__Fenster","has_logistik","logistik/Zwischenlagerung","Ausbau | Treppe, Stahl, Fenster, Platten ausgebaut | Demontage | Zwischenlager","rule_medium","table_50k_has_logistik_process_logistik","Gebäude\K118_Kopfbau_Halle_118_Winterthur.md"
"reuse_einsatz/K118_Kopfbau_Halle_118_Winterthur__010__Naturstein_Granitplatten","has_logistik","logistik/Zwischenlagerung","Ausbau | Treppe, Stahl, Fenster, Platten ausgebaut | Demontage | Zwischenlager","rule_medium","table_50k_has_logistik_process_logistik","Gebäude\K118_Kopfbau_Halle_118_Winterthur.md"
"reuse_einsatz/K118_Kopfbau_Halle_118_Winterthur__001__Stahltr_ger_St_tzen","has_logistik","logistik/Lokale_Wiederverwendung","Transport | Bauteile aus Basel/Zürich/anderen Quellen nach Winterthur | Bauteillogistik | regionale Transporte","rule_medium","table_50k_has_logistik_process_logistik","Gebäude\K118_Kopfbau_Halle_118_Winterthur.md"
"reuse_einsatz/K118_Kopfbau_Halle_118_Winterthur__003__Externe_Treppe","has_logistik","logistik/Lokale_Wiederverwendung","Transport | Bauteile aus Basel/Zürich/anderen Quellen nach Winterthur | Bauteillogistik | regionale Transporte","rule_medium","table_50k_has_logistik_process_logistik","Gebäude\K118_Kopfbau_Halle_118_Winterthur.md"
"reuse_einsatz/K118_Kopfbau_Halle_118_Winterthur__001__Stahltr_ger_St_tzen","has_logistik","logistik/Lagerflaeche","Lagerung | Bauteile bis Einbau gelagert | Lagerverwaltung | Lagerflächen","rule_medium","table_50k_has_logistik_process_logistik","Gebäude\K118_Kopfbau_Halle_118_Winterthur.md"
"reuse_einsatz/K118_Kopfbau_Halle_118_Winterthur__001__Stahltr_ger_St_tzen","has_logistik","logistik/Lagerung","Lagerung | Bauteile bis Einbau gelagert | Lagerverwaltung | Lagerflächen","rule_medium","table_50k_has_logistik_process_logistik","Gebäude\K118_Kopfbau_Halle_118_Winterthur.md"
"reuse_einsatz/K118_Kopfbau_Halle_118_Winterthur__002__Profilbleche_Verbunddecken","has_logistik","logistik/Lagerflaeche","Lagerung | Bauteile bis Einbau gelagert | Lagerverwaltung | Lagerflächen","rule_medium","table_50k_has_logistik_process_logistik","Gebäude\K118_Kopfbau_Halle_118_Winterthur.md"
"reuse_einsatz/K118_Kopfbau_Halle_118_Winterthur__002__Profilbleche_Verbunddecken","has_logistik","logistik/Lagerung","Lagerung | Bauteile bis Einbau gelagert | Lagerverwaltung | Lagerflächen","rule_medium","table_50k_has_logistik_process_logistik","Gebäude\K118_Kopfbau_Halle_118_Winterthur.md"
"reuse_einsatz/K118_Kopfbau_Halle_118_Winterthur__003__Externe_Treppe","has_logistik","logistik/Lagerflaeche","Lagerung | Bauteile bis Einbau gelagert | Lagerverwaltung | Lagerflächen","rule_medium","table_50k_has_logistik_process_logistik","Gebäude\K118_Kopfbau_Halle_118_Winterthur.md"
"reuse_einsatz/K118_Kopfbau_Halle_118_Winterthur__003__Externe_Treppe","has_logistik","logistik/Lagerung","Lagerung | Bauteile bis Einbau gelagert | Lagerverwaltung | Lagerflächen","rule_medium","table_50k_has_logistik_process_logistik","Gebäude\K118_Kopfbau_Halle_118_Winterthur.md"
"reuse_einsatz/K118_Kopfbau_Halle_118_Winterthur__004__Fenster","has_logistik","logistik/Lagerflaeche","Lagerung | Bauteile bis Einbau gelagert | Lagerverwaltung | Lagerflächen","rule_medium","table_50k_has_logistik_process_logistik","Gebäude\K118_Kopfbau_Halle_118_Winterthur.md"
"reuse_einsatz/K118_Kopfbau_Halle_118_Winterthur__004__Fenster","has_logistik","logistik/Lagerung","Lagerung | Bauteile bis Einbau gelagert | Lagerverwaltung | Lagerflächen","rule_medium","table_50k_has_logistik_process_logistik","Gebäude\K118_Kopfbau_Halle_118_Winterthur.md"
"reuse_einsatz/K118_Kopfbau_Halle_118_Winterthur__005__Fassadenbleche_Profilbleche","has_logistik","logistik/Lagerflaeche","Lagerung | Bauteile bis Einbau gelagert | Lagerverwaltung | Lagerflächen","rule_medium","table_50k_has_logistik_process_logistik","Gebäude\K118_Kopfbau_Halle_118_Winterthur.md"
"reuse_einsatz/K118_Kopfbau_Halle_118_Winterthur__005__Fassadenbleche_Profilbleche","has_logistik","logistik/Lagerung","Lagerung | Bauteile bis Einbau gelagert | Lagerverwaltung | Lagerflächen","rule_medium","table_50k_has_logistik_process_logistik","Gebäude\K118_Kopfbau_Halle_118_Winterthur.md"
"reuse_einsatz/K118_Kopfbau_Halle_118_Winterthur__006__EPS_D_mmung","has_logistik","logistik/Lagerflaeche","Lagerung | Bauteile bis Einbau gelagert | Lagerverwaltung | Lagerflächen","rule_medium","table_50k_has_logistik_process_logistik","Gebäude\K118_Kopfbau_Halle_118_Winterthur.md"
"reuse_einsatz/K118_Kopfbau_Halle_118_Winterthur__006__EPS_D_mmung","has_logistik","logistik/Lagerung","Lagerung | Bauteile bis Einbau gelagert | Lagerverwaltung | Lagerflächen","rule_medium","table_50k_has_logistik_process_logistik","Gebäude\K118_Kopfbau_Halle_118_Winterthur.md"
"reuse_einsatz/K118_Kopfbau_Halle_118_Winterthur__007__Holzdachelemente","has_logistik","logistik/Lagerflaeche","Lagerung | Bauteile bis Einbau gelagert | Lagerverwaltung | Lagerflächen","rule_medium","table_50k_has_logistik_process_logistik","Gebäude\K118_Kopfbau_Halle_118_Winterthur.md"
"reuse_einsatz/K118_Kopfbau_Halle_118_Winterthur__007__Holzdachelemente","has_logistik","logistik/Lagerung","Lagerung | Bauteile bis Einbau gelagert | Lagerverwaltung | Lagerflächen","rule_medium","table_50k_has_logistik_process_logistik","Gebäude\K118_Kopfbau_Halle_118_Winterthur.md"
"reuse_einsatz/K118_Kopfbau_Halle_118_Winterthur__008__T_ren","has_logistik","logistik/Lagerflaeche","Lagerung | Bauteile bis Einbau gelagert | Lagerverwaltung | Lagerflächen","rule_medium","table_50k_has_logistik_process_logistik","Gebäude\K118_Kopfbau_Halle_118_Winterthur.md"
"reuse_einsatz/K118_Kopfbau_Halle_118_Winterthur__008__T_ren","has_logistik","logistik/Lagerung","Lagerung | Bauteile bis Einbau gelagert | Lagerverwaltung | Lagerflächen","rule_medium","table_50k_has_logistik_process_logistik","Gebäude\K118_Kopfbau_Halle_118_Winterthur.md"
"reuse_einsatz/K118_Kopfbau_Halle_118_Winterthur__009__Dreischichtplatten_Holzplatten","has_logistik","logistik/Lagerflaeche","Lagerung | Bauteile bis Einbau gelagert | Lagerverwaltung | Lagerflächen","rule_medium","table_50k_has_logistik_process_logistik","Gebäude\K118_Kopfbau_Halle_118_Winterthur.md"
"reuse_einsatz/K118_Kopfbau_Halle_118_Winterthur__009__Dreischichtplatten_Holzplatten","has_logistik","logistik/Lagerung","Lagerung | Bauteile bis Einbau gelagert | Lagerverwaltung | Lagerflächen","rule_medium","table_50k_has_logistik_process_logistik","Gebäude\K118_Kopfbau_Halle_118_Winterthur.md"
"reuse_einsatz/K118_Kopfbau_Halle_118_Winterthur__010__Naturstein_Granitplatten","has_logistik","logistik/Lagerflaeche","Lagerung | Bauteile bis Einbau gelagert | Lagerverwaltung | Lagerflächen","rule_medium","table_50k_has_logistik_process_logistik","Gebäude\K118_Kopfbau_Halle_118_Winterthur.md"
"reuse_einsatz/K118_Kopfbau_Halle_118_Winterthur__010__Naturstein_Granitplatten","has_logistik","logistik/Lagerung","Lagerung | Bauteile bis Einbau gelagert | Lagerverwaltung | Lagerflächen","rule_medium","table_50k_has_logistik_process_logistik","Gebäude\K118_Kopfbau_Halle_118_Winterthur.md"
"reuse_einsatz/K118_Kopfbau_Halle_118_Winterthur__011__Klinker_Backstein","has_logistik","logistik/Lagerflaeche","Lagerung | Bauteile bis Einbau gelagert | Lagerverwaltung | Lagerflächen","rule_medium","table_50k_has_logistik_process_logistik","Gebäude\K118_Kopfbau_Halle_118_Winterthur.md"
"reuse_einsatz/K118_Kopfbau_Halle_118_Winterthur__011__Klinker_Backstein","has_logistik","logistik/Lagerung","Lagerung | Bauteile bis Einbau gelagert | Lagerverwaltung | Lagerflächen","rule_medium","table_50k_has_logistik_process_logistik","Gebäude\K118_Kopfbau_Halle_118_Winterthur.md"
"reuse_einsatz/KA13_Kristian_Augusts_gate_13_Oslo__002__Stahltr_ger_st_tzen_reused","has_logistik","logistik/Transport","Transport | HCS und andere Bauteile transportieren | Bauteiltransport | donor sites in Oslo/Norwegen","rule_medium","table_50k_has_logistik_process_logistik","Gebäude\KA13_Kristian_Augusts_gate_13_Oslo.md"
"reuse_einsatz/KA13_Kristian_Augusts_gate_13_Oslo__005__Fassadenbekleidung_concrete_plates_and_brick","has_logistik","logistik/Transport","Transport | HCS und andere Bauteile transportieren | Bauteiltransport | donor sites in Oslo/Norwegen","rule_medium","table_50k_has_logistik_process_logistik","Gebäude\KA13_Kristian_Augusts_gate_13_Oslo.md"
"reuse_einsatz/KA13_Kristian_Augusts_gate_13_Oslo__006__Radiatoren","has_logistik","logistik/Transport","Transport | HCS und andere Bauteile transportieren | Bauteiltransport | donor sites in Oslo/Norwegen","rule_medium","table_50k_has_logistik_process_logistik","Gebäude\KA13_Kristian_Augusts_gate_13_Oslo.md"
"reuse_einsatz/KA13_Kristian_Augusts_gate_13_Oslo__007__Sanit_r_Waschbecken_Toiletten","has_logistik","logistik/Transport","Transport | HCS und andere Bauteile transportieren | Bauteiltransport | donor sites in Oslo/Norwegen","rule_medium","table_50k_has_logistik_process_logistik","Gebäude\KA13_Kristian_Augusts_gate_13_Oslo.md"
"reuse_einsatz/KA13_Kristian_Augusts_gate_13_Oslo__008__L_ftungskan_le_ducts_and_pipes","has_logistik","logistik/Transport","Transport | HCS und andere Bauteile transportieren | Bauteiltransport | donor sites in Oslo/Norwegen","rule_medium","table_50k_has_logistik_process_logistik","Gebäude\KA13_Kristian_Augusts_gate_13_Oslo.md"
"reuse_einsatz/KA13_Kristian_Augusts_gate_13_Oslo__009__Office_fronts_Innenverglasung","has_logistik","logistik/Transport","Transport | HCS und andere Bauteile transportieren | Bauteiltransport | donor sites in Oslo/Norwegen","rule_medium","table_50k_has_logistik_process_logistik","Gebäude\KA13_Kristian_Augusts_gate_13_Oslo.md"
"reuse_einsatz/KA13_Kristian_Augusts_gate_13_Oslo__010__T_ren","has_logistik","logistik/Transport","Transport | HCS und andere Bauteile transportieren | Bauteiltransport | donor sites in Oslo/Norwegen","rule_medium","table_50k_has_logistik_process_logistik","Gebäude\KA13_Kristian_Augusts_gate_13_Oslo.md"
"reuse_einsatz/Kamikatsu_Zero_Waste_Center_Hotel_WHY__001__Fassadenfenster","has_logistik","logistik/Transport","Bauteilinventar | Fenster, Fittings, Fliesen, Glas/Keramik gesammelt | Inventarisierung unbekannt | lokale Anlieferung","rule_medium","table_50k_has_logistik_process_logistik","Gebäude\Kamikatsu_Zero_Waste_Center_Hotel_WHY.md"
"reuse_einsatz/Kamikatsu_Zero_Waste_Center_Hotel_WHY__002__Hotel_ffnungen","has_logistik","logistik/Lokale_Wiederverwendung","Bauteilinventar | Fenster, Fittings, Fliesen, Glas/Keramik gesammelt | Inventarisierung unbekannt | lokale Anlieferung","rule_medium","table_50k_has_logistik_process_logistik","Gebäude\Kamikatsu_Zero_Waste_Center_Hotel_WHY.md"
"reuse_einsatz/Kamikatsu_Zero_Waste_Center_Hotel_WHY__002__Hotel_ffnungen","has_logistik","logistik/Transport","Bauteilinventar | Fenster, Fittings, Fliesen, Glas/Keramik gesammelt | Inventarisierung unbekannt | lokale Anlieferung","rule_medium","table_50k_has_logistik_process_logistik","Gebäude\Kamikatsu_Zero_Waste_Center_Hotel_WHY.md"
"reuse_einsatz/Kamikatsu_Zero_Waste_Center_Hotel_WHY__003__Terrazzo_M_rtelboden_Reuse_Shop","has_logistik","logistik/Lokale_Wiederverwendung","Bauteilinventar | Fenster, Fittings, Fliesen, Glas/Keramik gesammelt | Inventarisierung unbekannt | lokale Anlieferung","rule_medium","table_50k_has_logistik_process_logistik","Gebäude\Kamikatsu_Zero_Waste_Center_Hotel_WHY.md"
"reuse_einsatz/Kamikatsu_Zero_Waste_Center_Hotel_WHY__003__Terrazzo_M_rtelboden_Reuse_Shop","has_logistik","logistik/Transport","Bauteilinventar | Fenster, Fittings, Fliesen, Glas/Keramik gesammelt | Inventarisierung unbekannt | lokale Anlieferung","rule_medium","table_50k_has_logistik_process_logistik","Gebäude\Kamikatsu_Zero_Waste_Center_Hotel_WHY.md"
"reuse_einsatz/Kamikatsu_Zero_Waste_Center_Hotel_WHY__004__Mosaikboden_Community_Hall","has_logistik","logistik/Lokale_Wiederverwendung","Bauteilinventar | Fenster, Fittings, Fliesen, Glas/Keramik gesammelt | Inventarisierung unbekannt | lokale Anlieferung","rule_medium","table_50k_has_logistik_process_logistik","Gebäude\Kamikatsu_Zero_Waste_Center_Hotel_WHY.md"
"reuse_einsatz/Kamikatsu_Zero_Waste_Center_Hotel_WHY__004__Mosaikboden_Community_Hall","has_logistik","logistik/Transport","Bauteilinventar | Fenster, Fittings, Fliesen, Glas/Keramik gesammelt | Inventarisierung unbekannt | lokale Anlieferung","rule_medium","table_50k_has_logistik_process_logistik","Gebäude\Kamikatsu_Zero_Waste_Center_Hotel_WHY.md"
"reuse_einsatz/Kamikatsu_Zero_Waste_Center_Hotel_WHY__005__Fliesen_unter_Traufe_Regenf_nger_Rand","has_logistik","logistik/Lokale_Wiederverwendung","Bauteilinventar | Fenster, Fittings, Fliesen, Glas/Keramik gesammelt | Inventarisierung unbekannt | lokale Anlieferung","rule_medium","table_50k_has_logistik_process_logistik","Gebäude\Kamikatsu_Zero_Waste_Center_Hotel_WHY.md"
"reuse_einsatz/Kamikatsu_Zero_Waste_Center_Hotel_WHY__005__Fliesen_unter_Traufe_Regenf_nger_Rand","has_logistik","logistik/Transport","Bauteilinventar | Fenster, Fittings, Fliesen, Glas/Keramik gesammelt | Inventarisierung unbekannt | lokale Anlieferung","rule_medium","table_50k_has_logistik_process_logistik","Gebäude\Kamikatsu_Zero_Waste_Center_Hotel_WHY.md"
"reuse_einsatz/Kamikatsu_Zero_Waste_Center_Hotel_WHY__003__Terrazzo_M_rtelboden_Reuse_Shop","has_logistik","logistik/Bauteiltracking","Monitoring | Betriebliches Waste-Tracking im Reuse-Shop; Bau-Monitoring unbekannt | Wiegen/Sortieren im Shop | betrieblich","rule_medium","table_50k_has_logistik_process_logistik","Gebäude\Kamikatsu_Zero_Waste_Center_Hotel_WHY.md"
"reuse_einsatz/Kindergarten_Moeoeslistrasse_Manegg_Zuerich__010__gebrauchte_K_che","has_logistik","logistik/Zwischenlagerung","Lagerung | Occasionslager und Zwischenlager nutzen | Lagerbestände | städtische Lager","rule_medium","table_50k_has_logistik_process_logistik","Gebäude\Kindergarten_Moeoeslistrasse_Manegg_Zuerich.md"
"reuse_einsatz/Lo_Reninge_Town_Hall_Facade__001__Fassadenziegel","has_logistik","logistik/Lokale_Wiederverwendung","Bestandsaufnahme | Historischer Bestand und Ziegelkontext analysiert | Kontext-/Materialanalyse | vor Ort","rule_medium","table_50k_has_logistik_process_logistik","Gebäude\Lo_Reninge_Town_Hall_Facade.md"
"reuse_einsatz/Lo_Reninge_Town_Hall_Facade__001__Fassadenziegel","has_logistik","logistik/Transport","Transport | Lieferung zur Baustelle | Lieferkette Reuse-Ziegel","rule_medium","table_50k_has_logistik_process_logistik","Gebäude\Lo_Reninge_Town_Hall_Facade.md"
"reuse_einsatz/Lokomotion_Technology_Centre_mini_pilot_Tampere__001__Hohlk_rperdecken","has_logistik","logistik/Transport","Rückbau/Ausbau | Hohlkörperdecken als ganze Elemente lösen | selektive Demontage | Hebezeuge unbekannt | Transportfähig halten","rule_medium","table_50k_has_logistik_process_logistik","Gebäude\Lokomotion_Technology_Centre_mini_pilot_Tampere.md"
"reuse_einsatz/Lycee_Michel_Lucius_Conversion_Luxembourg__001__Stahlprofile","has_logistik","logistik/Lokale_Wiederverwendung","Rückbau | Block 3000 weitgehend demontiert; Untergeschoss erhalten | selektiver Rückbau | vor Ort","rule_medium","table_50k_has_logistik_process_logistik","Gebäude\Lycee_Michel_Lucius_Conversion_Luxembourg.md"
"reuse_einsatz/Lycee_Michel_Lucius_Conversion_Luxembourg__002__Blech_aus_B_den","has_logistik","logistik/Lokale_Wiederverwendung","Rückbau | Block 3000 weitgehend demontiert; Untergeschoss erhalten | selektiver Rückbau | vor Ort","rule_medium","table_50k_has_logistik_process_logistik","Gebäude\Lycee_Michel_Lucius_Conversion_Luxembourg.md"
"reuse_einsatz/Lycee_Michel_Lucius_Conversion_Luxembourg__003__Stahlfassadenpaneele","has_logistik","logistik/Lokale_Wiederverwendung","Rückbau | Block 3000 weitgehend demontiert; Untergeschoss erhalten | selektiver Rückbau | vor Ort","rule_medium","table_50k_has_logistik_process_logistik","Gebäude\Lycee_Michel_Lucius_Conversion_Luxembourg.md"
"reuse_einsatz/Lycee_Michel_Lucius_Conversion_Luxembourg__004__Akustikpaneele","has_logistik","logistik/Lokale_Wiederverwendung","Rückbau | Block 3000 weitgehend demontiert; Untergeschoss erhalten | selektiver Rückbau | vor Ort","rule_medium","table_50k_has_logistik_process_logistik","Gebäude\Lycee_Michel_Lucius_Conversion_Luxembourg.md"
"reuse_einsatz/Lycee_Michel_Lucius_Conversion_Luxembourg__005__Metall_Deckenpaneele","has_logistik","logistik/Lokale_Wiederverwendung","Rückbau | Block 3000 weitgehend demontiert; Untergeschoss erhalten | selektiver Rückbau | vor Ort","rule_medium","table_50k_has_logistik_process_logistik","Gebäude\Lycee_Michel_Lucius_Conversion_Luxembourg.md"
"reuse_einsatz/Lycee_Michel_Lucius_Conversion_Luxembourg__005__Metall_Deckenpaneele","has_logistik","logistik/Transport","Transport | kurze Wege auf Campus / externe Lieferung Pflasterplatten | Verpackung, Lieferung, Wiedereinbau | campusintern + Lieferung","rule_medium","table_50k_has_logistik_process_logistik","Gebäude\Lycee_Michel_Lucius_Conversion_Luxembourg.md"
"reuse_einsatz/Maison_DnA_Asse__001__u_ere_Ziegelw_nde","has_logistik","logistik/Materialverfuegbarkeit","Bauteilinventar | verfügbare wiederverwendete Ziegel","rule_medium","table_50k_has_logistik_process_logistik","Gebäude\Maison_DnA_Asse.md"
"reuse_einsatz/Maison_Vignette_Auderghem__003__Wandfliesen","has_logistik","logistik/Materialmatching","Bestandsaufnahme | Kein Gebäudebestand; Suche nach Reuse-Bauteilen | Materialsuche parallel zum Entwurf | mehrere Lieferketten","rule_medium","table_50k_has_logistik_process_logistik","Gebäude\Maison_Vignette_Auderghem.md"
"reuse_einsatz/Maison_Vignette_Auderghem__003__Wandfliesen","has_logistik","logistik/Materialverfuegbarkeit","Bauteilinventar | Auswahl verfügbarer Ziegel, Fliesen, Platten, Sanitär | komponentenbasierte Planung | Händler + Kleinanzeigen","rule_medium","table_50k_has_logistik_process_logistik","Gebäude\Maison_Vignette_Auderghem.md"
"reuse_einsatz/Maison_Vignette_Auderghem__005__Blausteinplatten","has_logistik","logistik/Materialverfuegbarkeit","Bauteilinventar | Auswahl verfügbarer Ziegel, Fliesen, Platten, Sanitär | komponentenbasierte Planung | Händler + Kleinanzeigen","rule_medium","table_50k_has_logistik_process_logistik","Gebäude\Maison_Vignette_Auderghem.md"
"reuse_einsatz/Maison_Vignette_Auderghem__006__Sanit_robjekte","has_logistik","logistik/Materialverfuegbarkeit","Bauteilinventar | Auswahl verfügbarer Ziegel, Fliesen, Platten, Sanitär | komponentenbasierte Planung | Händler + Kleinanzeigen","rule_medium","table_50k_has_logistik_process_logistik","Gebäude\Maison_Vignette_Auderghem.md"
"reuse_einsatz/Mehrow_Pilot_House__002__Deckenplatten","has_logistik","logistik/Transportdistanz","Bauteilinventar | 22 Wand- und 27 Deckenplatten erfassen | Inventarliste | 8/17 km laut PRECS","rule_medium","table_50k_has_logistik_process_logistik","Gebäude\Mehrow_Pilot_House.md"
"reuse_einsatz/Mehrow_Pilot_House__003__Betonvolumen_gesamt","has_logistik","logistik/Transportdistanz","Bauteilinventar | 22 Wand- und 27 Deckenplatten erfassen | Inventarliste | 8/17 km laut PRECS","rule_medium","table_50k_has_logistik_process_logistik","Gebäude\Mehrow_Pilot_House.md"
"reuse_einsatz/Melkinlaituri_Primary_School_Daycare_Centre_Helsinki__001__Hohlk_rperdecken","has_logistik","logistik/Transport","Transport | 64 slabs zur Nummela-Fabrik | LKW naheliegend | Helsinki–Nummela","rule_medium","table_50k_has_logistik_process_logistik","Gebäude\Melkinlaituri_Primary_School_Daycare_Centre_Helsinki.md"
"reuse_einsatz/Multi_Brussels_Reuse_in_MULTI__001__Blausteinbl_cke_Fassadenplatten","has_logistik","logistik/Lagerung","Rückbau / Ausbau | Blaustein-Fassade demontieren | selektiver Rückbau | Lagerung bei RotorDC","rule_medium","table_50k_has_logistik_process_logistik","Gebäude\Multi_Brussels_Reuse_in_MULTI.md"
"reuse_einsatz/Multi_Brussels_Reuse_in_MULTI__002__Blaustein_Flagstones","has_logistik","logistik/Lagerung","Rückbau / Ausbau | Blaustein-Fassade demontieren | selektiver Rückbau | Lagerung bei RotorDC","rule_medium","table_50k_has_logistik_process_logistik","Gebäude\Multi_Brussels_Reuse_in_MULTI.md"
"reuse_einsatz/Multi_Brussels_Reuse_in_MULTI__001__Blausteinbl_cke_Fassadenplatten","has_logistik","logistik/Transport","Aufbereitung | Blaustein remanufacturing | Sägen, Umformatieren | Steinwerkstatt | Rücktransport","rule_medium","table_50k_has_logistik_process_logistik","Gebäude\Multi_Brussels_Reuse_in_MULTI.md"
"reuse_einsatz/Multi_Brussels_Reuse_in_MULTI__002__Blaustein_Flagstones","has_logistik","logistik/Transport","Aufbereitung | Blaustein remanufacturing | Sägen, Umformatieren | Steinwerkstatt | Rücktransport","rule_medium","table_50k_has_logistik_process_logistik","Gebäude\Multi_Brussels_Reuse_in_MULTI.md"
"reuse_einsatz/Musee_de_Folklore_Mouscron__001__Fassadenziegel","has_logistik","logistik/Lokale_Wiederverwendung","Transport | zur Museumsbaustelle | lokale Logistik | Stadtgebiet Mouscron","rule_medium","table_50k_has_logistik_process_logistik","Gebäude\Musee_de_Folklore_Mouscron.md"
"reuse_einsatz/PLP_London_HQ_Circular_Studio_Fitout__001__Terrazzo_Arbeitsfl_chen_K_chenfl_chen","has_logistik","logistik/Bauteiltracking","Bestandsaufnahme | Prüfung, was aus altem und neuem Studio erhalten, wiederverwendet, gespendet oder recycelt werden kann | reuse-first audit | Materialpässe | Umzugs-/Fit-out-Logistik","rule_medium","table_50k_has_logistik_process_logistik","Gebäude\PLP_London_HQ_Circular_Studio_Fitout.md"
"reuse_einsatz/Peoples_Pavilion_Eindhoven__001__Betonpf_hle_concrete_elements","has_logistik","logistik/Materialmatching","Bestandsaufnahme | Materialsuche bei Lieferanten, Unternehmen, Bürger:innen | urban mining / borrowing | viele Leihgeber","rule_medium","table_50k_has_logistik_process_logistik","Gebäude\Peoples_Pavilion_Eindhoven.md"
"reuse_einsatz/Peoples_Pavilion_Eindhoven__002__Holztr_ger","has_logistik","logistik/Materialmatching","Bestandsaufnahme | Materialsuche bei Lieferanten, Unternehmen, Bürger:innen | urban mining / borrowing | viele Leihgeber","rule_medium","table_50k_has_logistik_process_logistik","Gebäude\Peoples_Pavilion_Eindhoven.md"
"reuse_einsatz/Peoples_Pavilion_Eindhoven__003__Fassadenelemente","has_logistik","logistik/Materialmatching","Bestandsaufnahme | Materialsuche bei Lieferanten, Unternehmen, Bürger:innen | urban mining / borrowing | viele Leihgeber","rule_medium","table_50k_has_logistik_process_logistik","Gebäude\Peoples_Pavilion_Eindhoven.md"
"reuse_einsatz/Peoples_Pavilion_Eindhoven__004__Glasdach","has_logistik","logistik/Materialmatching","Bestandsaufnahme | Materialsuche bei Lieferanten, Unternehmen, Bürger:innen | urban mining / borrowing | viele Leihgeber","rule_medium","table_50k_has_logistik_process_logistik","Gebäude\Peoples_Pavilion_Eindhoven.md"
"reuse_einsatz/Peoples_Pavilion_Eindhoven__003__Fassadenelemente","has_logistik","logistik/Transport","Rückbau | Demontage nach DDW | zerstörungsfreier Rückbau | Rücktransport an Leihgeber","rule_medium","table_50k_has_logistik_process_logistik","Gebäude\Peoples_Pavilion_Eindhoven.md"
"reuse_einsatz/Peoples_Pavilion_Eindhoven__004__Glasdach","has_logistik","logistik/Transport","Rückbau | Demontage nach DDW | zerstörungsfreier Rückbau | Rücktransport an Leihgeber","rule_medium","table_50k_has_logistik_process_logistik","Gebäude\Peoples_Pavilion_Eindhoven.md"
"reuse_einsatz/Peoples_Pavilion_Eindhoven__001__Betonpf_hle_concrete_elements","has_logistik","logistik/Transport","Transport | Anlieferung und Rückgabe | mehrere Quellen","rule_medium","table_50k_has_logistik_process_logistik","Gebäude\Peoples_Pavilion_Eindhoven.md"
"reuse_einsatz/Peoples_Pavilion_Eindhoven__002__Holztr_ger","has_logistik","logistik/Transport","Transport | Anlieferung und Rückgabe | mehrere Quellen","rule_medium","table_50k_has_logistik_process_logistik","Gebäude\Peoples_Pavilion_Eindhoven.md"
"reuse_einsatz/Peoples_Pavilion_Eindhoven__006__Beleuchtung","has_logistik","logistik/Transport","Transport | Anlieferung und Rückgabe | mehrere Quellen","rule_medium","table_50k_has_logistik_process_logistik","Gebäude\Peoples_Pavilion_Eindhoven.md"
"reuse_einsatz/Peoples_Pavilion_Eindhoven__002__Holztr_ger","has_logistik","logistik/Lagerung","Lagerung | temporäre Lagerung unbekannt | vor/nach DDW","rule_medium","table_50k_has_logistik_process_logistik","Gebäude\Peoples_Pavilion_Eindhoven.md"
"reuse_einsatz/Plattenpalast_Berlin__002__Fenster_inkl_Rahmen","has_logistik","logistik/Transport","Rückbau/Ausbau | Platten und Palast-Fenster ausgebaut | selektiver Rückbau | Betonsägen; Details unbekannt | Transport in Halle/Standort","rule_medium","table_50k_has_logistik_process_logistik","Gebäude\Plattenpalast_Berlin.md"
"reuse_einsatz/Plattenvereinigung_Berlin__001__ost_und_westdeutsche_Plattenbauteile","has_logistik","logistik/Transport","Rückbau/Ausbau | Fertigbetonteile aus München und Frankfurt/Oder gewonnen | selektiver Rückbau unbekannt | Transport nach Berlin","rule_medium","table_50k_has_logistik_process_logistik","Gebäude\Plattenvereinigung_Berlin.md"
"reuse_einsatz/Plattenvereinigung_Berlin__002__Wand_Fassadenelemente","has_logistik","logistik/Transport","Rückbau/Ausbau | Fertigbetonteile aus München und Frankfurt/Oder gewonnen | selektiver Rückbau unbekannt | Transport nach Berlin","rule_medium","table_50k_has_logistik_process_logistik","Gebäude\Plattenvereinigung_Berlin.md"
"reuse_einsatz/ReCrete_footbridge_reused_concrete_blocks__001__Betonbl_cke_Bogensegmente","has_logistik","logistik/Transport","Bestandsaufnahme | Betonwände eines umzubauenden Gebäudes als potenzieller Elementvorrat identifiziert | Sourcing von Ortbetonbauteilen | Ausschneiden, Heben, Transport","rule_medium","table_50k_has_logistik_process_logistik","Gebäude\ReCrete_footbridge_reused_concrete_blocks.md"
"reuse_einsatz/ReCrete_footbridge_reused_concrete_blocks__002__Nachspannkabel_Verbindungssystem","has_logistik","logistik/Transport","Rückbau/Ausbau | Blöcke aus Ortbeton-Kellerwänden gesägt | mobile Betonsägen / sawing | mobile sawing machines; genaue Geräte unbekannt | Heben/Transport zu Montageort","rule_medium","table_50k_has_logistik_process_logistik","Gebäude\ReCrete_footbridge_reused_concrete_blocks.md"
"reuse_einsatz/Recyclinghaus_Hannover__008__Messebauplatten","has_logistik","logistik/Lokale_Wiederverwendung","Bestandsaufnahme | regionale Bauteilquellen suchen | Bauteilernte | Karte/Inventar, Software unbekannt | Region Hannover","rule_medium","table_50k_has_logistik_process_logistik","Gebäude\Recyclinghaus_Hannover.md"
"reuse_einsatz/Recyclinghaus_Hannover__001__Aluminiumfenster","has_logistik","logistik/Lokale_Wiederverwendung","Rückbau | Bauteile aus Jugendzentrum, Lackiererei, Sportzentrum, Messebau sichern | selektive Demontage vermutet | lokal/regional","rule_medium","table_50k_has_logistik_process_logistik","Gebäude\Recyclinghaus_Hannover.md"
"reuse_einsatz/Recyclinghaus_Hannover__003__Faserzement_Eternitplatten","has_logistik","logistik/Lokale_Wiederverwendung","Rückbau | Bauteile aus Jugendzentrum, Lackiererei, Sportzentrum, Messebau sichern | selektive Demontage vermutet | lokal/regional","rule_medium","table_50k_has_logistik_process_logistik","Gebäude\Recyclinghaus_Hannover.md"
"reuse_einsatz/Recyclinghaus_Hannover__004__Profilbauglas","has_logistik","logistik/Lokale_Wiederverwendung","Rückbau | Bauteile aus Jugendzentrum, Lackiererei, Sportzentrum, Messebau sichern | selektive Demontage vermutet | lokal/regional","rule_medium","table_50k_has_logistik_process_logistik","Gebäude\Recyclinghaus_Hannover.md"
"reuse_einsatz/Recyclinghaus_Hannover__008__Messebauplatten","has_logistik","logistik/Transport","Transport | kurze Transportwege | regionale Beschaffung | Region Hannover","rule_medium","table_50k_has_logistik_process_logistik","Gebäude\Recyclinghaus_Hannover.md"
"reuse_einsatz/Recyclinghaus_Hannover__001__Aluminiumfenster","has_logistik","logistik/Lagerung","Lagerung | Materiallager/Messebauplatten | Lagerauflösung | Hannover Messeumfeld","rule_medium","table_50k_has_logistik_process_logistik","Gebäude\Recyclinghaus_Hannover.md"
"reuse_einsatz/Recyclinghaus_Hannover__002__alte_Glasscheiben_aus_Fenstern","has_logistik","logistik/Lagerung","Lagerung | Materiallager/Messebauplatten | Lagerauflösung | Hannover Messeumfeld","rule_medium","table_50k_has_logistik_process_logistik","Gebäude\Recyclinghaus_Hannover.md"
"reuse_einsatz/Recyclinghaus_Hannover__003__Faserzement_Eternitplatten","has_logistik","logistik/Lagerung","Lagerung | Materiallager/Messebauplatten | Lagerauflösung | Hannover Messeumfeld","rule_medium","table_50k_has_logistik_process_logistik","Gebäude\Recyclinghaus_Hannover.md"
"reuse_einsatz/Recyclinghaus_Hannover__004__Profilbauglas","has_logistik","logistik/Lagerung","Lagerung | Materiallager/Messebauplatten | Lagerauflösung | Hannover Messeumfeld","rule_medium","table_50k_has_logistik_process_logistik","Gebäude\Recyclinghaus_Hannover.md"
"reuse_einsatz/Recyclinghaus_Hannover__005__Wellblech","has_logistik","logistik/Lagerung","Lagerung | Materiallager/Messebauplatten | Lagerauflösung | Hannover Messeumfeld","rule_medium","table_50k_has_logistik_process_logistik","Gebäude\Recyclinghaus_Hannover.md"
"reuse_einsatz/Recyclinghaus_Hannover__007__historische_Bauernhaust_r","has_logistik","logistik/Lagerung","Lagerung | Materiallager/Messebauplatten | Lagerauflösung | Hannover Messeumfeld","rule_medium","table_50k_has_logistik_process_logistik","Gebäude\Recyclinghaus_Hannover.md"
"reuse_einsatz/Recyclinghaus_Hannover__008__Messebauplatten","has_logistik","logistik/Lagerung","Lagerung | Materiallager/Messebauplatten | Lagerauflösung | Hannover Messeumfeld","rule_medium","table_50k_has_logistik_process_logistik","Gebäude\Recyclinghaus_Hannover.md"
"reuse_einsatz/Recyclinghaus_Hannover__009__Abbruchziegel","has_logistik","logistik/Lagerung","Lagerung | Materiallager/Messebauplatten | Lagerauflösung | Hannover Messeumfeld","rule_medium","table_50k_has_logistik_process_logistik","Gebäude\Recyclinghaus_Hannover.md"
"reuse_einsatz/Recyclinghaus_Hannover__010__Waschbecken_Sanit_r","has_logistik","logistik/Lagerung","Lagerung | Materiallager/Messebauplatten | Lagerauflösung | Hannover Messeumfeld","rule_medium","table_50k_has_logistik_process_logistik","Gebäude\Recyclinghaus_Hannover.md"
"reuse_einsatz/Recyclinghaus_Hannover__012__alter_vor_Ort_gefundener_Beton_Gehwegplatten_Blo","has_logistik","logistik/Lagerung","Lagerung | Materiallager/Messebauplatten | Lagerauflösung | Hannover Messeumfeld","rule_medium","table_50k_has_logistik_process_logistik","Gebäude\Recyclinghaus_Hannover.md"
"reuse_einsatz/Resilience_La_Ferme_des_Possibles_Stains__002__doppeltverglaste_Holzfenster","has_logistik","logistik/Transportdistanz","Rückbau / Ausbau | Fenster aus Épinay-Sanierung gewinnen | selektiver Ausbau | 4 km Distanz","rule_medium","table_50k_has_logistik_process_logistik","Gebäude\Resilience_La_Ferme_des_Possibles_Stains.md"
"reuse_einsatz/Resilience_La_Ferme_des_Possibles_Stains__002__doppeltverglaste_Holzfenster","has_logistik","logistik/Lokale_Wiederverwendung","Transport | Materialien zum Standort | lokale Beschaffung | kurze Wege für Fenster; weitere Quellen","rule_medium","table_50k_has_logistik_process_logistik","Gebäude\Resilience_La_Ferme_des_Possibles_Stains.md"
"reuse_einsatz/Resilience_La_Ferme_des_Possibles_Stains__002__doppeltverglaste_Holzfenster","has_logistik","logistik/Zwischenlagerung","Lagerung | BTC 2 Jahre auf L’Île-Saint-Denis gelagert | Palettierung | Zwischenlager","rule_medium","table_50k_has_logistik_process_logistik","Gebäude\Resilience_La_Ferme_des_Possibles_Stains.md"
"reuse_einsatz/Resilience_La_Ferme_des_Possibles_Stains__006__mobile_Trennwand","has_logistik","logistik/Zwischenlagerung","Lagerung | BTC 2 Jahre auf L’Île-Saint-Denis gelagert | Palettierung | Zwischenlager","rule_medium","table_50k_has_logistik_process_logistik","Gebäude\Resilience_La_Ferme_des_Possibles_Stains.md"
"reuse_einsatz/Resilience_La_Ferme_des_Possibles_Stains__007__Glast_ren","has_logistik","logistik/Zwischenlagerung","Lagerung | BTC 2 Jahre auf L’Île-Saint-Denis gelagert | Palettierung | Zwischenlager","rule_medium","table_50k_has_logistik_process_logistik","Gebäude\Resilience_La_Ferme_des_Possibles_Stains.md"
"reuse_einsatz/Resilience_La_Ferme_des_Possibles_Stains__008__Leuchten","has_logistik","logistik/Zwischenlagerung","Lagerung | BTC 2 Jahre auf L’Île-Saint-Denis gelagert | Palettierung | Zwischenlager","rule_medium","table_50k_has_logistik_process_logistik","Gebäude\Resilience_La_Ferme_des_Possibles_Stains.md"
"reuse_einsatz/Roots_in_the_Sky_Blackfriars_Crown_Court__001__Stahltr_ger_profile","has_logistik","logistik/Transport","Rückbau | geplanter selektiver Rückbau des Donorgebäudes | Urban Mining | Transport nach Lager/Projekt","rule_medium","table_50k_has_logistik_process_logistik","Gebäude\Roots_in_the_Sky_Blackfriars_Crown_Court.md"
"reuse_einsatz/Roots_in_the_Sky_Blackfriars_Crown_Court__002__vorhandener_Stahl_aus_Blackfriars_Bestand","has_logistik","logistik/Transport","Rückbau | geplanter selektiver Rückbau des Donorgebäudes | Urban Mining | Transport nach Lager/Projekt","rule_medium","table_50k_has_logistik_process_logistik","Gebäude\Roots_in_the_Sky_Blackfriars_Crown_Court.md"
"reuse_einsatz/Roots_in_the_Sky_Blackfriars_Crown_Court__002__vorhandener_Stahl_aus_Blackfriars_Bestand","has_logistik","logistik/Lagerung","Rückbau | geplanter selektiver Rückbau des Donorgebäudes | Urban Mining | Transport nach Lager/Projekt","rule_medium","table_50k_has_logistik_process_logistik","Gebäude\Roots_in_the_Sky_Blackfriars_Crown_Court.md"
"reuse_einsatz/Roots_in_the_Sky_Blackfriars_Crown_Court__005__Bestandsglas_ffnungsfenster","has_logistik","logistik/Transport","Rückbau | geplanter selektiver Rückbau des Donorgebäudes | Urban Mining | Transport nach Lager/Projekt","rule_medium","table_50k_has_logistik_process_logistik","Gebäude\Roots_in_the_Sky_Blackfriars_Crown_Court.md"
"reuse_einsatz/Roots_in_the_Sky_Blackfriars_Crown_Court__005__Bestandsglas_ffnungsfenster","has_logistik","logistik/Lagerung","Rückbau | geplanter selektiver Rückbau des Donorgebäudes | Urban Mining | Transport nach Lager/Projekt","rule_medium","table_50k_has_logistik_process_logistik","Gebäude\Roots_in_the_Sky_Blackfriars_Crown_Court.md"
"reuse_einsatz/Roots_in_the_Sky_Blackfriars_Crown_Court__001__Stahltr_ger_profile","has_logistik","logistik/Lokale_Wiederverwendung","Transport | Stahltransfer nach Southwark geplant | lokale Wiederverwendung | Distanz unbekannt","rule_medium","table_50k_has_logistik_process_logistik","Gebäude\Roots_in_the_Sky_Blackfriars_Crown_Court.md"
"reuse_einsatz/Roots_in_the_Sky_Blackfriars_Crown_Court__002__vorhandener_Stahl_aus_Blackfriars_Bestand","has_logistik","logistik/Lokale_Wiederverwendung","Transport | Stahltransfer nach Southwark geplant | lokale Wiederverwendung | Distanz unbekannt","rule_medium","table_50k_has_logistik_process_logistik","Gebäude\Roots_in_the_Sky_Blackfriars_Crown_Court.md"
"reuse_einsatz/Roots_in_the_Sky_Blackfriars_Crown_Court__005__Bestandsglas_ffnungsfenster","has_logistik","logistik/Lokale_Wiederverwendung","Transport | Stahltransfer nach Southwark geplant | lokale Wiederverwendung | Distanz unbekannt","rule_medium","table_50k_has_logistik_process_logistik","Gebäude\Roots_in_the_Sky_Blackfriars_Crown_Court.md"
"reuse_einsatz/Roots_in_the_Sky_Blackfriars_Crown_Court__001__Stahltr_ger_profile","has_logistik","logistik/Lagerflaeche","Lagerung | Stahl zwischenlagern | Lagerlogistik | Lagerfläche","rule_medium","table_50k_has_logistik_process_logistik","Gebäude\Roots_in_the_Sky_Blackfriars_Crown_Court.md"
"reuse_einsatz/Roots_in_the_Sky_Blackfriars_Crown_Court__001__Stahltr_ger_profile","has_logistik","logistik/Zwischenlagerung","Lagerung | Stahl zwischenlagern | Lagerlogistik | Lagerfläche","rule_medium","table_50k_has_logistik_process_logistik","Gebäude\Roots_in_the_Sky_Blackfriars_Crown_Court.md"
"reuse_einsatz/Roots_in_the_Sky_Blackfriars_Crown_Court__002__vorhandener_Stahl_aus_Blackfriars_Bestand","has_logistik","logistik/Lagerflaeche","Lagerung | Stahl zwischenlagern | Lagerlogistik | Lagerfläche","rule_medium","table_50k_has_logistik_process_logistik","Gebäude\Roots_in_the_Sky_Blackfriars_Crown_Court.md"
"reuse_einsatz/Roots_in_the_Sky_Blackfriars_Crown_Court__002__vorhandener_Stahl_aus_Blackfriars_Bestand","has_logistik","logistik/Zwischenlagerung","Lagerung | Stahl zwischenlagern | Lagerlogistik | Lagerfläche","rule_medium","table_50k_has_logistik_process_logistik","Gebäude\Roots_in_the_Sky_Blackfriars_Crown_Court.md"
"reuse_einsatz/Roots_in_the_Sky_Blackfriars_Crown_Court__005__Bestandsglas_ffnungsfenster","has_logistik","logistik/Lagerflaeche","Lagerung | Stahl zwischenlagern | Lagerlogistik | Lagerfläche","rule_medium","table_50k_has_logistik_process_logistik","Gebäude\Roots_in_the_Sky_Blackfriars_Crown_Court.md"
"reuse_einsatz/Roots_in_the_Sky_Blackfriars_Crown_Court__005__Bestandsglas_ffnungsfenster","has_logistik","logistik/Zwischenlagerung","Lagerung | Stahl zwischenlagern | Lagerlogistik | Lagerfläche","rule_medium","table_50k_has_logistik_process_logistik","Gebäude\Roots_in_the_Sky_Blackfriars_Crown_Court.md"
"reuse_einsatz/Roots_in_the_Sky_Blackfriars_Crown_Court__001__Stahltr_ger_profile","has_logistik","logistik/Materialmatching","Planung | Design an vorhandene Stahlabmessungen anpassen | design from availability | BIM/Scan teilweise belegt | Koordination","rule_medium","table_50k_has_logistik_process_logistik","Gebäude\Roots_in_the_Sky_Blackfriars_Crown_Court.md"
"reuse_einsatz/Roots_in_the_Sky_Blackfriars_Crown_Court__001__Stahltr_ger_profile","has_logistik","logistik/Materialverfuegbarkeit","Planung | Design an vorhandene Stahlabmessungen anpassen | design from availability | BIM/Scan teilweise belegt | Koordination","rule_medium","table_50k_has_logistik_process_logistik","Gebäude\Roots_in_the_Sky_Blackfriars_Crown_Court.md"
"reuse_einsatz/Roots_in_the_Sky_Blackfriars_Crown_Court__002__vorhandener_Stahl_aus_Blackfriars_Bestand","has_logistik","logistik/Materialmatching","Planung | Design an vorhandene Stahlabmessungen anpassen | design from availability | BIM/Scan teilweise belegt | Koordination","rule_medium","table_50k_has_logistik_process_logistik","Gebäude\Roots_in_the_Sky_Blackfriars_Crown_Court.md"
"reuse_einsatz/Roots_in_the_Sky_Blackfriars_Crown_Court__002__vorhandener_Stahl_aus_Blackfriars_Bestand","has_logistik","logistik/Materialverfuegbarkeit","Planung | Design an vorhandene Stahlabmessungen anpassen | design from availability | BIM/Scan teilweise belegt | Koordination","rule_medium","table_50k_has_logistik_process_logistik","Gebäude\Roots_in_the_Sky_Blackfriars_Crown_Court.md"
"reuse_einsatz/Roots_in_the_Sky_Blackfriars_Crown_Court__005__Bestandsglas_ffnungsfenster","has_logistik","logistik/Materialmatching","Planung | Design an vorhandene Stahlabmessungen anpassen | design from availability | BIM/Scan teilweise belegt | Koordination","rule_medium","table_50k_has_logistik_process_logistik","Gebäude\Roots_in_the_Sky_Blackfriars_Crown_Court.md"
"reuse_einsatz/Roots_in_the_Sky_Blackfriars_Crown_Court__005__Bestandsglas_ffnungsfenster","has_logistik","logistik/Materialverfuegbarkeit","Planung | Design an vorhandene Stahlabmessungen anpassen | design from availability | BIM/Scan teilweise belegt | Koordination","rule_medium","table_50k_has_logistik_process_logistik","Gebäude\Roots_in_the_Sky_Blackfriars_Crown_Court.md"
"reuse_einsatz/Saxum_Vineyard_Equipment_Barn_Paso_Robles__001__St_tzen_Pfosten","has_logistik","logistik/Lokale_Wiederverwendung","Bestandsaufnahme | regionale Verfügbarkeit von Drill-Stem-Pipes als Materialbasis | Material-driven design | regionale Beschaffung","rule_medium","table_50k_has_logistik_process_logistik","Gebäude\Saxum_Vineyard_Equipment_Barn_Paso_Robles.md"
"reuse_einsatz/Saxum_Vineyard_Equipment_Barn_Paso_Robles__001__St_tzen_Pfosten","has_logistik","logistik/Materialverfuegbarkeit","Bestandsaufnahme | regionale Verfügbarkeit von Drill-Stem-Pipes als Materialbasis | Material-driven design | regionale Beschaffung","rule_medium","table_50k_has_logistik_process_logistik","Gebäude\Saxum_Vineyard_Equipment_Barn_Paso_Robles.md"
"reuse_einsatz/Saxum_Vineyard_Equipment_Barn_Paso_Robles__002__Dachtragwerk_Rohrtr_ger","has_logistik","logistik/Lokale_Wiederverwendung","Bestandsaufnahme | regionale Verfügbarkeit von Drill-Stem-Pipes als Materialbasis | Material-driven design | regionale Beschaffung","rule_medium","table_50k_has_logistik_process_logistik","Gebäude\Saxum_Vineyard_Equipment_Barn_Paso_Robles.md"
"reuse_einsatz/Saxum_Vineyard_Equipment_Barn_Paso_Robles__002__Dachtragwerk_Rohrtr_ger","has_logistik","logistik/Materialverfuegbarkeit","Bestandsaufnahme | regionale Verfügbarkeit von Drill-Stem-Pipes als Materialbasis | Material-driven design | regionale Beschaffung","rule_medium","table_50k_has_logistik_process_logistik","Gebäude\Saxum_Vineyard_Equipment_Barn_Paso_Robles.md"
"reuse_einsatz/Superlocal_Expogebouw_Bleijerheide__001__Wohnungsteile_Betonunits","has_logistik","logistik/Lokale_Wiederverwendung","Bestandsaufnahme | Wiederverwendbare Elemente aus Flat identifiziert | Bauteilbewertung | lokal im Projektgebiet","rule_medium","table_50k_has_logistik_process_logistik","Gebäude\Superlocal_Expogebouw_Bleijerheide.md"
"reuse_einsatz/Superlocal_Expogebouw_Bleijerheide__002__Aluminiumrohre","has_logistik","logistik/Lokale_Wiederverwendung","Bestandsaufnahme | Wiederverwendbare Elemente aus Flat identifiziert | Bauteilbewertung | lokal im Projektgebiet","rule_medium","table_50k_has_logistik_process_logistik","Gebäude\Superlocal_Expogebouw_Bleijerheide.md"
"reuse_einsatz/Superlocal_Expogebouw_Bleijerheide__003__Heizk_rper_Radiatoren","has_logistik","logistik/Lokale_Wiederverwendung","Bestandsaufnahme | Wiederverwendbare Elemente aus Flat identifiziert | Bauteilbewertung | lokal im Projektgebiet","rule_medium","table_50k_has_logistik_process_logistik","Gebäude\Superlocal_Expogebouw_Bleijerheide.md"
"reuse_einsatz/Superlocal_Expogebouw_Bleijerheide__004__Plattenmaterial","has_logistik","logistik/Lokale_Wiederverwendung","Bestandsaufnahme | Wiederverwendbare Elemente aus Flat identifiziert | Bauteilbewertung | lokal im Projektgebiet","rule_medium","table_50k_has_logistik_process_logistik","Gebäude\Superlocal_Expogebouw_Bleijerheide.md"
"reuse_einsatz/Superlocal_Expogebouw_Bleijerheide__005__Fenster_Kozijnen","has_logistik","logistik/Lokale_Wiederverwendung","Bestandsaufnahme | Wiederverwendbare Elemente aus Flat identifiziert | Bauteilbewertung | lokal im Projektgebiet","rule_medium","table_50k_has_logistik_process_logistik","Gebäude\Superlocal_Expogebouw_Bleijerheide.md"
"reuse_einsatz/Superlocal_Expogebouw_Bleijerheide__006__Haust_ren_Voordeuren","has_logistik","logistik/Lokale_Wiederverwendung","Bestandsaufnahme | Wiederverwendbare Elemente aus Flat identifiziert | Bauteilbewertung | lokal im Projektgebiet","rule_medium","table_50k_has_logistik_process_logistik","Gebäude\Superlocal_Expogebouw_Bleijerheide.md"
"reuse_einsatz/Superlocal_Expogebouw_Bleijerheide__007__Gel_nder","has_logistik","logistik/Lokale_Wiederverwendung","Bestandsaufnahme | Wiederverwendbare Elemente aus Flat identifiziert | Bauteilbewertung | lokal im Projektgebiet","rule_medium","table_50k_has_logistik_process_logistik","Gebäude\Superlocal_Expogebouw_Bleijerheide.md"
"reuse_einsatz/Superlocal_Expogebouw_Bleijerheide__008__Br_stungen_Borstweringen","has_logistik","logistik/Lokale_Wiederverwendung","Bestandsaufnahme | Wiederverwendbare Elemente aus Flat identifiziert | Bauteilbewertung | lokal im Projektgebiet","rule_medium","table_50k_has_logistik_process_logistik","Gebäude\Superlocal_Expogebouw_Bleijerheide.md"
"reuse_einsatz/Superlocal_Expogebouw_Bleijerheide__010__Pflaster_Bodenplatten_au_en","has_logistik","logistik/Lokale_Wiederverwendung","Bestandsaufnahme | Wiederverwendbare Elemente aus Flat identifiziert | Bauteilbewertung | lokal im Projektgebiet","rule_medium","table_50k_has_logistik_process_logistik","Gebäude\Superlocal_Expogebouw_Bleijerheide.md"
"reuse_einsatz/Superlocal_Expogebouw_Bleijerheide__001__Wohnungsteile_Betonunits","has_logistik","logistik/Bauteiltracking","Bauteilinventar | Materialien/Elemente aus Flat bestimmt | Ernteplanung | später Track-and-trace im Gesamtprojekt","rule_medium","table_50k_has_logistik_process_logistik","Gebäude\Superlocal_Expogebouw_Bleijerheide.md"
"reuse_einsatz/Superlocal_Expogebouw_Bleijerheide__002__Aluminiumrohre","has_logistik","logistik/Bauteiltracking","Bauteilinventar | Materialien/Elemente aus Flat bestimmt | Ernteplanung | später Track-and-trace im Gesamtprojekt","rule_medium","table_50k_has_logistik_process_logistik","Gebäude\Superlocal_Expogebouw_Bleijerheide.md"
"reuse_einsatz/Superlocal_Expogebouw_Bleijerheide__003__Heizk_rper_Radiatoren","has_logistik","logistik/Bauteiltracking","Bauteilinventar | Materialien/Elemente aus Flat bestimmt | Ernteplanung | später Track-and-trace im Gesamtprojekt","rule_medium","table_50k_has_logistik_process_logistik","Gebäude\Superlocal_Expogebouw_Bleijerheide.md"
"reuse_einsatz/Superlocal_Expogebouw_Bleijerheide__004__Plattenmaterial","has_logistik","logistik/Bauteiltracking","Bauteilinventar | Materialien/Elemente aus Flat bestimmt | Ernteplanung | später Track-and-trace im Gesamtprojekt","rule_medium","table_50k_has_logistik_process_logistik","Gebäude\Superlocal_Expogebouw_Bleijerheide.md"
"reuse_einsatz/Superlocal_Expogebouw_Bleijerheide__005__Fenster_Kozijnen","has_logistik","logistik/Bauteiltracking","Bauteilinventar | Materialien/Elemente aus Flat bestimmt | Ernteplanung | später Track-and-trace im Gesamtprojekt","rule_medium","table_50k_has_logistik_process_logistik","Gebäude\Superlocal_Expogebouw_Bleijerheide.md"
"reuse_einsatz/Superlocal_Expogebouw_Bleijerheide__006__Haust_ren_Voordeuren","has_logistik","logistik/Bauteiltracking","Bauteilinventar | Materialien/Elemente aus Flat bestimmt | Ernteplanung | später Track-and-trace im Gesamtprojekt","rule_medium","table_50k_has_logistik_process_logistik","Gebäude\Superlocal_Expogebouw_Bleijerheide.md"
"reuse_einsatz/Superlocal_Expogebouw_Bleijerheide__007__Gel_nder","has_logistik","logistik/Bauteiltracking","Bauteilinventar | Materialien/Elemente aus Flat bestimmt | Ernteplanung | später Track-and-trace im Gesamtprojekt","rule_medium","table_50k_has_logistik_process_logistik","Gebäude\Superlocal_Expogebouw_Bleijerheide.md"
"reuse_einsatz/Superlocal_Expogebouw_Bleijerheide__008__Br_stungen_Borstweringen","has_logistik","logistik/Bauteiltracking","Bauteilinventar | Materialien/Elemente aus Flat bestimmt | Ernteplanung | später Track-and-trace im Gesamtprojekt","rule_medium","table_50k_has_logistik_process_logistik","Gebäude\Superlocal_Expogebouw_Bleijerheide.md"
"reuse_einsatz/Superlocal_Expogebouw_Bleijerheide__010__Pflaster_Bodenplatten_au_en","has_logistik","logistik/Bauteiltracking","Bauteilinventar | Materialien/Elemente aus Flat bestimmt | Ernteplanung | später Track-and-trace im Gesamtprojekt","rule_medium","table_50k_has_logistik_process_logistik","Gebäude\Superlocal_Expogebouw_Bleijerheide.md"
"reuse_einsatz/Superlocal_Expogebouw_Bleijerheide__002__Aluminiumrohre","has_logistik","logistik/Transport","Ausbau | drei Wohnungsteile aus oberem Geschoss entnommen | Heraussägen, Ausheben | 52-m-Kran | in Projektgebiet transportiert","rule_medium","table_50k_has_logistik_process_logistik","Gebäude\Superlocal_Expogebouw_Bleijerheide.md"
"reuse_einsatz/Superlocal_Expogebouw_Bleijerheide__003__Heizk_rper_Radiatoren","has_logistik","logistik/Transport","Ausbau | drei Wohnungsteile aus oberem Geschoss entnommen | Heraussägen, Ausheben | 52-m-Kran | in Projektgebiet transportiert","rule_medium","table_50k_has_logistik_process_logistik","Gebäude\Superlocal_Expogebouw_Bleijerheide.md"
"reuse_einsatz/Superlocal_Expogebouw_Bleijerheide__004__Plattenmaterial","has_logistik","logistik/Transport","Ausbau | drei Wohnungsteile aus oberem Geschoss entnommen | Heraussägen, Ausheben | 52-m-Kran | in Projektgebiet transportiert","rule_medium","table_50k_has_logistik_process_logistik","Gebäude\Superlocal_Expogebouw_Bleijerheide.md"
"reuse_einsatz/Superlocal_Expogebouw_Bleijerheide__005__Fenster_Kozijnen","has_logistik","logistik/Transport","Ausbau | drei Wohnungsteile aus oberem Geschoss entnommen | Heraussägen, Ausheben | 52-m-Kran | in Projektgebiet transportiert","rule_medium","table_50k_has_logistik_process_logistik","Gebäude\Superlocal_Expogebouw_Bleijerheide.md"
"reuse_einsatz/Superlocal_Expogebouw_Bleijerheide__006__Haust_ren_Voordeuren","has_logistik","logistik/Transport","Ausbau | drei Wohnungsteile aus oberem Geschoss entnommen | Heraussägen, Ausheben | 52-m-Kran | in Projektgebiet transportiert","rule_medium","table_50k_has_logistik_process_logistik","Gebäude\Superlocal_Expogebouw_Bleijerheide.md"
"reuse_einsatz/Superlocal_Expogebouw_Bleijerheide__007__Gel_nder","has_logistik","logistik/Transport","Ausbau | drei Wohnungsteile aus oberem Geschoss entnommen | Heraussägen, Ausheben | 52-m-Kran | in Projektgebiet transportiert","rule_medium","table_50k_has_logistik_process_logistik","Gebäude\Superlocal_Expogebouw_Bleijerheide.md"
"reuse_einsatz/Superlocal_Expogebouw_Bleijerheide__008__Br_stungen_Borstweringen","has_logistik","logistik/Transport","Ausbau | drei Wohnungsteile aus oberem Geschoss entnommen | Heraussägen, Ausheben | 52-m-Kran | in Projektgebiet transportiert","rule_medium","table_50k_has_logistik_process_logistik","Gebäude\Superlocal_Expogebouw_Bleijerheide.md"
"reuse_einsatz/Superlocal_Expogebouw_Bleijerheide__010__Pflaster_Bodenplatten_au_en","has_logistik","logistik/Transport","Ausbau | drei Wohnungsteile aus oberem Geschoss entnommen | Heraussägen, Ausheben | 52-m-Kran | in Projektgebiet transportiert","rule_medium","table_50k_has_logistik_process_logistik","Gebäude\Superlocal_Expogebouw_Bleijerheide.md"
"reuse_einsatz/Superlocal_Expogebouw_Bleijerheide__001__Wohnungsteile_Betonunits","has_logistik","logistik/Zwischenlagerung","Lagerung | Bauteile/Materialien zwischengelagert | Container/Depot im Gesamtprojekt | Track-and-trace im Gesamtprojekt | lokale Materiallager","rule_medium","table_50k_has_logistik_process_logistik","Gebäude\Superlocal_Expogebouw_Bleijerheide.md"
"reuse_einsatz/Superlocal_Expogebouw_Bleijerheide__002__Aluminiumrohre","has_logistik","logistik/Zwischenlagerung","Lagerung | Bauteile/Materialien zwischengelagert | Container/Depot im Gesamtprojekt | Track-and-trace im Gesamtprojekt | lokale Materiallager","rule_medium","table_50k_has_logistik_process_logistik","Gebäude\Superlocal_Expogebouw_Bleijerheide.md"
"reuse_einsatz/Superlocal_Expogebouw_Bleijerheide__003__Heizk_rper_Radiatoren","has_logistik","logistik/Zwischenlagerung","Lagerung | Bauteile/Materialien zwischengelagert | Container/Depot im Gesamtprojekt | Track-and-trace im Gesamtprojekt | lokale Materiallager","rule_medium","table_50k_has_logistik_process_logistik","Gebäude\Superlocal_Expogebouw_Bleijerheide.md"
"reuse_einsatz/Superlocal_Expogebouw_Bleijerheide__004__Plattenmaterial","has_logistik","logistik/Zwischenlagerung","Lagerung | Bauteile/Materialien zwischengelagert | Container/Depot im Gesamtprojekt | Track-and-trace im Gesamtprojekt | lokale Materiallager","rule_medium","table_50k_has_logistik_process_logistik","Gebäude\Superlocal_Expogebouw_Bleijerheide.md"
"reuse_einsatz/Superlocal_Expogebouw_Bleijerheide__005__Fenster_Kozijnen","has_logistik","logistik/Zwischenlagerung","Lagerung | Bauteile/Materialien zwischengelagert | Container/Depot im Gesamtprojekt | Track-and-trace im Gesamtprojekt | lokale Materiallager","rule_medium","table_50k_has_logistik_process_logistik","Gebäude\Superlocal_Expogebouw_Bleijerheide.md"
"reuse_einsatz/Superlocal_Expogebouw_Bleijerheide__006__Haust_ren_Voordeuren","has_logistik","logistik/Zwischenlagerung","Lagerung | Bauteile/Materialien zwischengelagert | Container/Depot im Gesamtprojekt | Track-and-trace im Gesamtprojekt | lokale Materiallager","rule_medium","table_50k_has_logistik_process_logistik","Gebäude\Superlocal_Expogebouw_Bleijerheide.md"
"reuse_einsatz/Superlocal_Expogebouw_Bleijerheide__007__Gel_nder","has_logistik","logistik/Zwischenlagerung","Lagerung | Bauteile/Materialien zwischengelagert | Container/Depot im Gesamtprojekt | Track-and-trace im Gesamtprojekt | lokale Materiallager","rule_medium","table_50k_has_logistik_process_logistik","Gebäude\Superlocal_Expogebouw_Bleijerheide.md"
"reuse_einsatz/Superlocal_Expogebouw_Bleijerheide__008__Br_stungen_Borstweringen","has_logistik","logistik/Zwischenlagerung","Lagerung | Bauteile/Materialien zwischengelagert | Container/Depot im Gesamtprojekt | Track-and-trace im Gesamtprojekt | lokale Materiallager","rule_medium","table_50k_has_logistik_process_logistik","Gebäude\Superlocal_Expogebouw_Bleijerheide.md"
"reuse_einsatz/Superlocal_Expogebouw_Bleijerheide__010__Pflaster_Bodenplatten_au_en","has_logistik","logistik/Zwischenlagerung","Lagerung | Bauteile/Materialien zwischengelagert | Container/Depot im Gesamtprojekt | Track-and-trace im Gesamtprojekt | lokale Materiallager","rule_medium","table_50k_has_logistik_process_logistik","Gebäude\Superlocal_Expogebouw_Bleijerheide.md"
"reuse_einsatz/Svanen_Kindergarten_Gladsaxe__002__Holzrafters_tr_sp_r","has_logistik","logistik/Lokale_Wiederverwendung","Rückbau | alte Gladsaxe School 2020 abgebrochen | nachhaltiger/schonender Rückbau | same-site","rule_medium","table_50k_has_logistik_process_logistik","Gebäude\Svanen_Kindergarten_Gladsaxe.md"
"reuse_einsatz/TRAE_High_Rise_Aarhus__002__Aluminium_Fassadenplatten","has_logistik","logistik/Transport","Rückbau | Ausbau von Aluminiumdächern, Windturbinenflügeln, Fenstern etc. | selektive Demontage | Transport nach Aarhus","rule_medium","table_50k_has_logistik_process_logistik","Gebäude\TRAE_High_Rise_Aarhus.md"
"reuse_einsatz/TRAE_High_Rise_Aarhus__003__Windturbinenfl_gel","has_logistik","logistik/Transport","Rückbau | Ausbau von Aluminiumdächern, Windturbinenflügeln, Fenstern etc. | selektive Demontage | Transport nach Aarhus","rule_medium","table_50k_has_logistik_process_logistik","Gebäude\TRAE_High_Rise_Aarhus.md"
"reuse_einsatz/TRAE_High_Rise_Aarhus__004__wiederverwendete_upgecycelte_Fenster","has_logistik","logistik/Transport","Rückbau | Ausbau von Aluminiumdächern, Windturbinenflügeln, Fenstern etc. | selektive Demontage | Transport nach Aarhus","rule_medium","table_50k_has_logistik_process_logistik","Gebäude\TRAE_High_Rise_Aarhus.md"
"reuse_einsatz/The_Green_House_Utrecht__001__Rauchglas_Fassadenpaneele","has_logistik","logistik/Materialverfuegbarkeit","Bestandsaufnahme | Knoopkazerne-Fassadenpaneele als verfügbare Quelle erkannt | Urban Mining | benachbarte Materialquelle","rule_medium","table_50k_has_logistik_process_logistik","Gebäude\The_Green_House_Utrecht.md"
"reuse_einsatz/The_Green_House_Utrecht__005__Wandverkleidung_Wainscot","has_logistik","logistik/Materialverfuegbarkeit","Bestandsaufnahme | Knoopkazerne-Fassadenpaneele als verfügbare Quelle erkannt | Urban Mining | benachbarte Materialquelle","rule_medium","table_50k_has_logistik_process_logistik","Gebäude\The_Green_House_Utrecht.md"
"reuse_einsatz/The_Green_House_Utrecht__002__Pflasterklinker_Erdgeschoss","has_logistik","logistik/Transport","Ausbau | Klinker aus alter Kade in Tiel und Holz aus Vorverwendung beschafft | Urban Mining / Beschaffung | Transport nach Utrecht","rule_medium","table_50k_has_logistik_process_logistik","Gebäude\The_Green_House_Utrecht.md"
"reuse_einsatz/The_Green_House_Utrecht__003__Geschossdecke","has_logistik","logistik/Transport","Ausbau | Klinker aus alter Kade in Tiel und Holz aus Vorverwendung beschafft | Urban Mining / Beschaffung | Transport nach Utrecht","rule_medium","table_50k_has_logistik_process_logistik","Gebäude\The_Green_House_Utrecht.md"
"reuse_einsatz/The_Green_House_Utrecht__005__Wandverkleidung_Wainscot","has_logistik","logistik/Transport","Ausbau | Klinker aus alter Kade in Tiel und Holz aus Vorverwendung beschafft | Urban Mining / Beschaffung | Transport nach Utrecht","rule_medium","table_50k_has_logistik_process_logistik","Gebäude\The_Green_House_Utrecht.md"
"reuse_einsatz/The_Green_House_Utrecht__002__Pflasterklinker_Erdgeschoss","has_logistik","logistik/Lokale_Wiederverwendung","Transport | Materialien nach Utrecht | Distanz unbekannt; Tiel–Utrecht ca. regionale Quelle, nicht als Kennwert nutzen","rule_medium","table_50k_has_logistik_process_logistik","Gebäude\The_Green_House_Utrecht.md"
"reuse_einsatz/Thoravej_29_Copenhagen__001__TT_Decken_Betondecken","has_logistik","logistik/Lokale_Wiederverwendung","Bestandsaufnahme | Gebäude als Materialbank analysiert | Self-reuse / material bank | vor Ort","rule_medium","table_50k_has_logistik_process_logistik","Gebäude\Thoravej_29_Copenhagen.md"
"reuse_einsatz/Thoravej_29_Copenhagen__002__Fassaden_Ziegel_berschuss","has_logistik","logistik/Lokale_Wiederverwendung","Bestandsaufnahme | Gebäude als Materialbank analysiert | Self-reuse / material bank | vor Ort","rule_medium","table_50k_has_logistik_process_logistik","Gebäude\Thoravej_29_Copenhagen.md"
"reuse_einsatz/Thoravej_29_Copenhagen__001__TT_Decken_Betondecken","has_logistik","logistik/Lagerung","Bauteilinventar | Wiederverwendbare Bauteile identifiziert: Decken, Fassade/Ziegel, Fenster, Türen | Was wiederverwendet werden kann, muss wiederverwendet werden | Baustellenlagerung","rule_medium","table_50k_has_logistik_process_logistik","Gebäude\Thoravej_29_Copenhagen.md"
"reuse_einsatz/Thoravej_29_Copenhagen__002__Fassaden_Ziegel_berschuss","has_logistik","logistik/Lagerung","Bauteilinventar | Wiederverwendbare Bauteile identifiziert: Decken, Fassade/Ziegel, Fenster, Türen | Was wiederverwendet werden kann, muss wiederverwendet werden | Baustellenlagerung","rule_medium","table_50k_has_logistik_process_logistik","Gebäude\Thoravej_29_Copenhagen.md"
"reuse_einsatz/Timber_Square_London__001__Wiederverwendete_Stahltr_ger","has_logistik","logistik/Transport","Transport | Lieferung reused beams | konventionelle Stahl-Logistik | UK supply chain","rule_medium","table_50k_has_logistik_process_logistik","Gebäude\Timber_Square_London.md"
"reuse_einsatz/Timber_Square_London__002__Stahltr_ger_f_r_Empfangstresen","has_logistik","logistik/Transport","Transport | Lieferung reused beams | konventionelle Stahl-Logistik | UK supply chain","rule_medium","table_50k_has_logistik_process_logistik","Gebäude\Timber_Square_London.md"
"reuse_einsatz/Timber_Square_London__002__Stahltr_ger_f_r_Empfangstresen","has_logistik","logistik/Materialverfuegbarkeit","Planung | Hybrid-CLT/Stahl + reused steel integrieren | hybrid structural design, DfMA | Stockmatcher | Materialverfügbarkeit im Entwurf","rule_medium","table_50k_has_logistik_process_logistik","Gebäude\Timber_Square_London.md"
"reuse_einsatz/Upcycle_Studios_Copenhagen__001__Fenster_Doppelverglasung","has_logistik","logistik/Transport","Rückbau | Fenster aus Wohnbauten und Beton aus Metrobaustelle gewinnen | selektive Materialgewinnung | Transport nach Ørestad","rule_medium","table_50k_has_logistik_process_logistik","Gebäude\Upcycle_Studios_Copenhagen.md"
"reuse_einsatz/Verbiest_Karreveld_Brussels__009__Verbiest_Fliesen","has_logistik","logistik/Lagerung","Bauteilinventar | Karreveld: Innenwände, Decken, Leuchten erfasst | internes Inventar | Lagerung im Gebäude","rule_medium","table_50k_has_logistik_process_logistik","Gebäude\Verbiest_Karreveld_Brussels.md"
"reuse_einsatz/Verbiest_Karreveld_Brussels__001__Karreveld_Innenwandsystem","has_logistik","logistik/Transport","Transport | Karreveld: kein externer Transport; Verbiest: Transfer aus Charleroi und Hanzinelle | interne/externe Logistik | Karreveld intern; Verbiest projektübergreifend","rule_medium","table_50k_has_logistik_process_logistik","Gebäude\Verbiest_Karreveld_Brussels.md"
"reuse_einsatz/Verbiest_Karreveld_Brussels__002__Karreveld_abgeh_ngte_Decken_Leuchten","has_logistik","logistik/Transport","Transport | Karreveld: kein externer Transport; Verbiest: Transfer aus Charleroi und Hanzinelle | interne/externe Logistik | Karreveld intern; Verbiest projektübergreifend","rule_medium","table_50k_has_logistik_process_logistik","Gebäude\Verbiest_Karreveld_Brussels.md"
"reuse_einsatz/Verbiest_Karreveld_Brussels__006__Verbiest_Dachfliesen","has_logistik","logistik/Transport","Transport | Karreveld: kein externer Transport; Verbiest: Transfer aus Charleroi und Hanzinelle | interne/externe Logistik | Karreveld intern; Verbiest projektübergreifend","rule_medium","table_50k_has_logistik_process_logistik","Gebäude\Verbiest_Karreveld_Brussels.md"
"reuse_einsatz/Verbiest_Karreveld_Brussels__007__Verbiest_Terrassenfliesen","has_logistik","logistik/Transport","Transport | Karreveld: kein externer Transport; Verbiest: Transfer aus Charleroi und Hanzinelle | interne/externe Logistik | Karreveld intern; Verbiest projektübergreifend","rule_medium","table_50k_has_logistik_process_logistik","Gebäude\Verbiest_Karreveld_Brussels.md"
"reuse_einsatz/Verbiest_Karreveld_Brussels__008__Verbiest_Gel_nder","has_logistik","logistik/Transport","Transport | Karreveld: kein externer Transport; Verbiest: Transfer aus Charleroi und Hanzinelle | interne/externe Logistik | Karreveld intern; Verbiest projektübergreifend","rule_medium","table_50k_has_logistik_process_logistik","Gebäude\Verbiest_Karreveld_Brussels.md"
"reuse_einsatz/Verbiest_Karreveld_Brussels__009__Verbiest_Fliesen","has_logistik","logistik/Transport","Transport | Karreveld: kein externer Transport; Verbiest: Transfer aus Charleroi und Hanzinelle | interne/externe Logistik | Karreveld intern; Verbiest projektübergreifend","rule_medium","table_50k_has_logistik_process_logistik","Gebäude\Verbiest_Karreveld_Brussels.md"
"reuse_einsatz/Verbiest_Karreveld_Brussels__010__Verbiest_Steine","has_logistik","logistik/Transport","Transport | Karreveld: kein externer Transport; Verbiest: Transfer aus Charleroi und Hanzinelle | interne/externe Logistik | Karreveld intern; Verbiest projektübergreifend","rule_medium","table_50k_has_logistik_process_logistik","Gebäude\Verbiest_Karreveld_Brussels.md"
"reuse_einsatz/Verbiest_Karreveld_Brussels__011__Verbiest_dekorative_Fliesen","has_logistik","logistik/Transport","Transport | Karreveld: kein externer Transport; Verbiest: Transfer aus Charleroi und Hanzinelle | interne/externe Logistik | Karreveld intern; Verbiest projektübergreifend","rule_medium","table_50k_has_logistik_process_logistik","Gebäude\Verbiest_Karreveld_Brussels.md"
"reuse_einsatz/Verbiest_Karreveld_Brussels__001__Karreveld_Innenwandsystem","has_logistik","logistik/Lokale_Wiederverwendung","Lagerung | Karreveld: Materialien im alten Bürogebäude gelagert | Zwischenlager im Gebäude | Lagerung vor Ort","rule_medium","table_50k_has_logistik_process_logistik","Gebäude\Verbiest_Karreveld_Brussels.md"
"reuse_einsatz/Verbiest_Karreveld_Brussels__001__Karreveld_Innenwandsystem","has_logistik","logistik/Zwischenlagerung","Lagerung | Karreveld: Materialien im alten Bürogebäude gelagert | Zwischenlager im Gebäude | Lagerung vor Ort","rule_medium","table_50k_has_logistik_process_logistik","Gebäude\Verbiest_Karreveld_Brussels.md"
"reuse_einsatz/Verbiest_Karreveld_Brussels__002__Karreveld_abgeh_ngte_Decken_Leuchten","has_logistik","logistik/Lokale_Wiederverwendung","Lagerung | Karreveld: Materialien im alten Bürogebäude gelagert | Zwischenlager im Gebäude | Lagerung vor Ort","rule_medium","table_50k_has_logistik_process_logistik","Gebäude\Verbiest_Karreveld_Brussels.md"
"reuse_einsatz/Verbiest_Karreveld_Brussels__002__Karreveld_abgeh_ngte_Decken_Leuchten","has_logistik","logistik/Zwischenlagerung","Lagerung | Karreveld: Materialien im alten Bürogebäude gelagert | Zwischenlager im Gebäude | Lagerung vor Ort","rule_medium","table_50k_has_logistik_process_logistik","Gebäude\Verbiest_Karreveld_Brussels.md"
"reuse_einsatz/Villa_Welpeloo_Enschede__004__Polystyrol_D_mmplatten","has_logistik","logistik/Lokale_Wiederverwendung","Bestandsaufnahme | Lokale Materialflüsse suchen | Materialscouting in Umgebung | Google Earth laut EMF; Harvest Map/Oogstkaart als spätere Methode | lokale Industriequellen","rule_medium","table_50k_has_logistik_process_logistik","Gebäude\Villa_Welpeloo_Enschede.md"
"reuse_einsatz/Villa_Welpeloo_Enschede__005__Alte_Werbetafeln_billboard_boards","has_logistik","logistik/Lokale_Wiederverwendung","Bestandsaufnahme | Lokale Materialflüsse suchen | Materialscouting in Umgebung | Google Earth laut EMF; Harvest Map/Oogstkaart als spätere Methode | lokale Industriequellen","rule_medium","table_50k_has_logistik_process_logistik","Gebäude\Villa_Welpeloo_Enschede.md"
"reuse_einsatz/Villa_Welpeloo_Enschede__001__Stahltr_ger_Stahlrahmen","has_logistik","logistik/Lokale_Wiederverwendung","Rückbau | Demontage Paternoster/Textilmaschine | regional","rule_medium","table_50k_has_logistik_process_logistik","Gebäude\Villa_Welpeloo_Enschede.md"
"reuse_einsatz/Villa_Welpeloo_Enschede__003__Bau_Montagelift_als_Innenlift","has_logistik","logistik/Lokale_Wiederverwendung","Rückbau | Demontage Paternoster/Textilmaschine | regional","rule_medium","table_50k_has_logistik_process_logistik","Gebäude\Villa_Welpeloo_Enschede.md"
"reuse_einsatz/Villa_Welpeloo_Enschede__002__Holzfassade","has_logistik","logistik/Transport","Ausbau | Gewinnung von Holzleisten aus Kabeltrommeln | Zerlegung der Kabeltrommeln | Transport vom Kabelwerk","rule_medium","table_50k_has_logistik_process_logistik","Gebäude\Villa_Welpeloo_Enschede.md"
"reuse_einsatz/Villa_Welpeloo_Enschede__001__Stahltr_ger_Stahlrahmen","has_logistik","logistik/Transportdistanz","Transport | Transport lokaler Materialien zur Baustelle | lokal/regional | Radius 15 km/9 miles in Sekundärquellen, nicht in Primärquelle belegt","rule_medium","table_50k_has_logistik_process_logistik","Gebäude\Villa_Welpeloo_Enschede.md"
"reuse_einsatz/Villa_Welpeloo_Enschede__001__Stahltr_ger_Stahlrahmen","has_logistik","logistik/Transport","Transport | Transport lokaler Materialien zur Baustelle | lokal/regional | Radius 15 km/9 miles in Sekundärquellen, nicht in Primärquelle belegt","rule_medium","table_50k_has_logistik_process_logistik","Gebäude\Villa_Welpeloo_Enschede.md"
"reuse_einsatz/Villa_Welpeloo_Enschede__004__Polystyrol_D_mmplatten","has_logistik","logistik/Transportdistanz","Transport | Transport lokaler Materialien zur Baustelle | lokal/regional | Radius 15 km/9 miles in Sekundärquellen, nicht in Primärquelle belegt","rule_medium","table_50k_has_logistik_process_logistik","Gebäude\Villa_Welpeloo_Enschede.md"
"reuse_einsatz/Villa_Welpeloo_Enschede__004__Polystyrol_D_mmplatten","has_logistik","logistik/Transport","Transport | Transport lokaler Materialien zur Baustelle | lokal/regional | Radius 15 km/9 miles in Sekundärquellen, nicht in Primärquelle belegt","rule_medium","table_50k_has_logistik_process_logistik","Gebäude\Villa_Welpeloo_Enschede.md"
"reuse_einsatz/Villa_Welpeloo_Enschede__005__Alte_Werbetafeln_billboard_boards","has_logistik","logistik/Transportdistanz","Transport | Transport lokaler Materialien zur Baustelle | lokal/regional | Radius 15 km/9 miles in Sekundärquellen, nicht in Primärquelle belegt","rule_medium","table_50k_has_logistik_process_logistik","Gebäude\Villa_Welpeloo_Enschede.md"
"reuse_einsatz/Villa_Welpeloo_Enschede__005__Alte_Werbetafeln_billboard_boards","has_logistik","logistik/Transport","Transport | Transport lokaler Materialien zur Baustelle | lokal/regional | Radius 15 km/9 miles in Sekundärquellen, nicht in Primärquelle belegt","rule_medium","table_50k_has_logistik_process_logistik","Gebäude\Villa_Welpeloo_Enschede.md"
"reuse_einsatz/Woongroep_Boschgaard_Den_Bosch__005__T_ren_Schiebet_ren","has_logistik","logistik/Materialmatching","Bauteilinventar | „Boodschappenlijst“ und Materialsuche | Harvesting / Oogsten | Netzwerk von Abriss-/Renovierungsprojekten","rule_medium","table_50k_has_logistik_process_logistik","Gebäude\Woongroep_Boschgaard_Den_Bosch.md"
"reuse_einsatz/Woongroep_Boschgaard_Den_Bosch__002__Aluminium_Fassadensystem","has_logistik","logistik/Transport","Rückbau | Bauteile aus Bibliothek, Roosendaal-Fassade, weiteren Objekten sichern | selektive Demontage | Transporte nach Den Bosch / Lager","rule_medium","table_50k_has_logistik_process_logistik","Gebäude\Woongroep_Boschgaard_Den_Bosch.md"
"reuse_einsatz/Woongroep_Boschgaard_Den_Bosch__002__Aluminium_Fassadensystem","has_logistik","logistik/Lagerung","Rückbau | Bauteile aus Bibliothek, Roosendaal-Fassade, weiteren Objekten sichern | selektive Demontage | Transporte nach Den Bosch / Lager","rule_medium","table_50k_has_logistik_process_logistik","Gebäude\Woongroep_Boschgaard_Den_Bosch.md"
"reuse_einsatz/Woongroep_Boschgaard_Den_Bosch__003__HSB_Holz_Balken","has_logistik","logistik/Transport","Rückbau | Bauteile aus Bibliothek, Roosendaal-Fassade, weiteren Objekten sichern | selektive Demontage | Transporte nach Den Bosch / Lager","rule_medium","table_50k_has_logistik_process_logistik","Gebäude\Woongroep_Boschgaard_Den_Bosch.md"
"reuse_einsatz/Woongroep_Boschgaard_Den_Bosch__003__HSB_Holz_Balken","has_logistik","logistik/Lagerung","Rückbau | Bauteile aus Bibliothek, Roosendaal-Fassade, weiteren Objekten sichern | selektive Demontage | Transporte nach Den Bosch / Lager","rule_medium","table_50k_has_logistik_process_logistik","Gebäude\Woongroep_Boschgaard_Den_Bosch.md"
"reuse_einsatz/Woongroep_Boschgaard_Den_Bosch__001__Dachspanten_Kniespanten","has_logistik","logistik/Lokale_Wiederverwendung","Transport | Bauteile aus Sint-Michielsgestel, Roosendaal, Haarlem etc. transportieren | LKW anzunehmen, aber nicht belegt | regional","rule_medium","table_50k_has_logistik_process_logistik","Gebäude\Woongroep_Boschgaard_Den_Bosch.md"
"reuse_einsatz/Woongroep_Boschgaard_Den_Bosch__002__Aluminium_Fassadensystem","has_logistik","logistik/Lokale_Wiederverwendung","Transport | Bauteile aus Sint-Michielsgestel, Roosendaal, Haarlem etc. transportieren | LKW anzunehmen, aber nicht belegt | regional","rule_medium","table_50k_has_logistik_process_logistik","Gebäude\Woongroep_Boschgaard_Den_Bosch.md"
"reuse_einsatz/Woongroep_Boschgaard_Den_Bosch__003__HSB_Holz_Balken","has_logistik","logistik/Lokale_Wiederverwendung","Transport | Bauteile aus Sint-Michielsgestel, Roosendaal, Haarlem etc. transportieren | LKW anzunehmen, aber nicht belegt | regional","rule_medium","table_50k_has_logistik_process_logistik","Gebäude\Woongroep_Boschgaard_Den_Bosch.md"
"reuse_einsatz/Zinneke_Feder_Masui4ever_Brussels__008__T_ren_inkl_Brandschutzt_ren","has_logistik","logistik/Transport","Rückbau / Ausbau | Rückgewinnung von Treppen, Lüftung, Türen etc. | selektiver Ausbau | Transport zur Baustelle","rule_medium","table_50k_has_logistik_process_logistik","Gebäude\Zinneke_Feder_Masui4ever_Brussels.md"
"reuse_einsatz/Zinneke_Feder_Masui4ever_Brussels__009__L_ftungsgruppe","has_logistik","logistik/Materialverfuegbarkeit","Planung | Entwurf mit verfügbaren Komponenten | Co-design | Planungsflexibilität","rule_medium","table_50k_has_logistik_process_logistik","Gebäude\Zinneke_Feder_Masui4ever_Brussels.md"
