claim_id,claim_kind,element_id,from_id,to_id,rel_type_or_label,asserted_claim,basis_type,basis_ref,fetched,http_status,verdict_before,verdict_after,confidence,proof_quote,proposed_action,patch_op,agent_id,notes,coverage_level,graph_element_id,evidence_basis,matched_aliases,alias_score,project_anchor_hit,component_family_hit,search_tier,queries_tried
EP03-0174,rel,5:5f542910-8dcf-46a9-a77c-dfff0c64ee65:1152988574816141989,bg_holz_fenster_reusehoefe_ukraine_windows,bt_fenster,HAT_BAUTEILTYP,bg_holz_fenster_reusehoefe_ukraine_windows -HAT_BAUTEILTYP-> Fenster,web,,false,,UNSUPPORTED,UNSUPPORTED,hoch,,KEEP_DEFERRED,,BG-01,"{""queries_tried"": 0, ""urls"": [], ""reason"": ""no_qualifying_quote""}",bg_hunt,5:5f542910-8dcf-46a9-a77c-dfff0c64ee65:1152988574816141989,,,,false,false,,0
EP03-0990,rel,5:5f542910-8dcf-46a9-a77c-dfff0c64ee65:1153001768955675301,bg_holz_fenster_reusehoefe_ukraine_windows,mat_holz,NUTZT_MATERIAL,bg_holz_fenster_reusehoefe_ukraine_windows -NUTZT_MATERIAL-> Holz,web,,false,,UNSUPPORTED,UNSUPPORTED,unbelegt,,KEEP_DEFERRED,,BG-01,"{""queries_tried"": 0, ""urls"": [], ""reason"": ""no_qualifying_quote""}",bg_hunt,5:5f542910-8dcf-46a9-a77c-dfff0c64ee65:1153001768955675301,,,,false,false,,0
EP03-0175,rel,5:5f542910-8dcf-46a9-a77c-dfff0c64ee65:1152988574816141986,bg_holz_mehrere_beware_local_timber,bt_traeger,HAT_BAUTEILTYP,bg_holz_mehrere_beware_local_timber -HAT_BAUTEILTYP-> Traeger,web,,false,,UNSUPPORTED,UNSUPPORTED,hoch,,KEEP_DEFERRED,,BG-01,"{""queries_tried"": 0, ""urls"": [], ""reason"": ""no_qualifying_quote""}",bg_hunt,5:5f542910-8dcf-46a9-a77c-dfff0c64ee65:1152988574816141986,,,,false,false,,0
EP03-0991,rel,5:5f542910-8dcf-46a9-a77c-dfff0c64ee65:1153001768955675298,bg_holz_mehrere_beware_local_timber,mat_holz,NUTZT_MATERIAL,bg_holz_mehrere_beware_local_timber -NUTZT_MATERIAL-> Holz,web,,false,,UNSUPPORTED,UNSUPPORTED,unbelegt,,KEEP_DEFERRED,,BG-01,"{""queries_tried"": 0, ""urls"": [], ""reason"": ""no_qualifying_quote""}",bg_hunt,5:5f542910-8dcf-46a9-a77c-dfff0c64ee65:1153001768955675298,,,,false,false,,0
EP03-0176,rel,5:5f542910-8dcf-46a9-a77c-dfff0c64ee65:1152988574816141987,bg_holz_mehrere_beware_tulium_trusses,bt_traeger,HAT_BAUTEILTYP,bg_holz_mehrere_beware_tulium_trusses -HAT_BAUTEILTYP-> Traeger,web,,false,,UNSUPPORTED,UNSUPPORTED,hoch,,KEEP_DEFERRED,,BG-01,"{""queries_tried"": 0, ""urls"": [], ""reason"": ""no_qualifying_quote""}",bg_hunt,5:5f542910-8dcf-46a9-a77c-dfff0c64ee65:1152988574816141987,,,,false,false,,0
EP03-0992,rel,5:5f542910-8dcf-46a9-a77c-dfff0c64ee65:1153001768955675299,bg_holz_mehrere_beware_tulium_trusses,mat_holz,NUTZT_MATERIAL,bg_holz_mehrere_beware_tulium_trusses -NUTZT_MATERIAL-> Holz,web,,false,,UNSUPPORTED,UNSUPPORTED,unbelegt,,KEEP_DEFERRED,,BG-01,"{""queries_tried"": 0, ""urls"": [], ""reason"": ""no_qualifying_quote""}",bg_hunt,5:5f542910-8dcf-46a9-a77c-dfff0c64ee65:1153001768955675299,,,,false,false,,0
EP03-0363,rel,5:5f542910-8dcf-46a9-a77c-dfff0c64ee65:6919847897664062092,bg_mehrere_mehrere_reusehoefe_yard_logistics,bt_mehrere,HAT_BAUTEILTYP,bg_mehrere_mehrere_reusehoefe_yard_logistics -HAT_BAUTEILTYP-> Mehrere,web,,false,,UNSUPPORTED,UNSUPPORTED,unbelegt,,KEEP_DEFERRED,,BG-01,"{""queries_tried"": 0, ""urls"": [], ""reason"": ""no_qualifying_quote""}",bg_hunt,5:5f542910-8dcf-46a9-a77c-dfff0c64ee65:6919847897664062092,,,,false,false,,0
EP03-1162,rel,5:5f542910-8dcf-46a9-a77c-dfff0c64ee65:1153001768955675302,bg_mehrere_mehrere_reusehoefe_yard_logistics,mat_mehrere,NUTZT_MATERIAL,bg_mehrere_mehrere_reusehoefe_yard_logistics -NUTZT_MATERIAL-> Mehrere,web,,false,,UNSUPPORTED,UNSUPPORTED,unbelegt,,KEEP_DEFERRED,,BG-01,"{""queries_tried"": 0, ""urls"": [], ""reason"": ""no_qualifying_quote""}",bg_hunt,5:5f542910-8dcf-46a9-a77c-dfff0c64ee65:1153001768955675302,,,,false,false,,0
EP03-0423,rel,5:5f542910-8dcf-46a9-a77c-dfff0c64ee65:1152988574816141515,bg_stahl_mehrere_55gss_external_core,bt_stuetze,HAT_BAUTEILTYP,bg_stahl_mehrere_55gss_external_core -HAT_BAUTEILTYP-> Stuetze,web,E:\recherche\_neo4j\processed\projects\records\p_55_great_suffolk_street_london.kg.jsonl,true,local,UNSUPPORTED,PARTIAL,niedrig,Reused steel profiles for external core,KEEP,,BG-01,"{""matched_aliases"": [""Steel"", ""steel""], ""score"": 6, ""tier"": ""primary"", ""source"": ""dossier_partial""}",bg_hunt,5:5f542910-8dcf-46a9-a77c-dfff0c64ee65:1152988574816141515,dossier,Steel;steel,6,true,false,primary,1
EP03-0424,rel,5:5f542910-8dcf-46a9-a77c-dfff0c64ee65:1155240374629826763,bg_stahl_mehrere_55gss_external_core,bt_traeger,HAT_BAUTEILTYP,bg_stahl_mehrere_55gss_external_core -HAT_BAUTEILTYP-> Traeger,web,E:\recherche\_neo4j\processed\projects\records\p_55_great_suffolk_street_london.kg.jsonl,true,local,UNSUPPORTED,PARTIAL,niedrig,Reused steel profiles for external core,KEEP,,BG-01,"{""matched_aliases"": [""Steel"", ""steel""], ""score"": 6, ""tier"": ""primary"", ""source"": ""dossier_partial""}",bg_hunt,5:5f542910-8dcf-46a9-a77c-dfff0c64ee65:1155240374629826763,dossier,Steel;steel,6,true,false,primary,1
EP03-1228,rel,5:5f542910-8dcf-46a9-a77c-dfff0c64ee65:1153001768955674827,bg_stahl_mehrere_55gss_external_core,mat_stahl,NUTZT_MATERIAL,bg_stahl_mehrere_55gss_external_core -NUTZT_MATERIAL-> Stahl,web,E:\recherche\_neo4j\processed\projects\records\p_55_great_suffolk_street_london.kg.jsonl,true,local,UNSUPPORTED,PARTIAL,niedrig,Reused steel profiles for external core,KEEP,,BG-01,"{""matched_aliases"": [""Steel"", ""steel""], ""score"": 8, ""tier"": ""primary"", ""source"": ""dossier_partial""}",bg_hunt,5:5f542910-8dcf-46a9-a77c-dfff0c64ee65:1153001768955674827,dossier,Steel;steel,8,true,false,primary,1
EP03-0508,rel,5:5f542910-8dcf-46a9-a77c-dfff0c64ee65:1152988574816141644,bg_stahlbeton_mehrere_groeditz_dresden_type_precast_components,bt_decke,HAT_BAUTEILTYP,bg_stahlbeton_mehrere_groeditz_dresden_type_precast_components -HAT_BAUTEILTYP-> Decke,web,E:\recherche\_neo4j\processed\projects\records\p_association_house_groeditz.kg.jsonl,true,local,UNSUPPORTED,PARTIAL,niedrig,Reused Dresden-type precast concrete components,KEEP,,BG-01,"{""matched_aliases"": [""Dresden"", ""type"", ""precast""], ""score"": 9, ""tier"": ""primary"", ""source"": ""dossier_partial""}",bg_hunt,5:5f542910-8dcf-46a9-a77c-dfff0c64ee65:1152988574816141644,dossier,Dresden;type;precast,9,true,true,primary,1
EP03-0509,rel,5:5f542910-8dcf-46a9-a77c-dfff0c64ee65:1155240374629826892,bg_stahlbeton_mehrere_groeditz_dresden_type_precast_components,bt_treppe,HAT_BAUTEILTYP,bg_stahlbeton_mehrere_groeditz_dresden_type_precast_components -HAT_BAUTEILTYP-> Treppe,web,E:\recherche\_neo4j\processed\projects\records\p_association_house_groeditz.kg.jsonl,true,local,UNSUPPORTED,PARTIAL,niedrig,Reused Dresden-type precast concrete components,KEEP,,BG-01,"{""matched_aliases"": [""Dresden"", ""type"", ""precast""], ""score"": 9, ""tier"": ""primary"", ""source"": ""dossier_partial""}",bg_hunt,5:5f542910-8dcf-46a9-a77c-dfff0c64ee65:1155240374629826892,dossier,Dresden;type;precast,9,true,true,primary,1
EP03-0510,rel,5:5f542910-8dcf-46a9-a77c-dfff0c64ee65:1157492174443512140,bg_stahlbeton_mehrere_groeditz_dresden_type_precast_components,bt_wand,HAT_BAUTEILTYP,bg_stahlbeton_mehrere_groeditz_dresden_type_precast_components -HAT_BAUTEILTYP-> Wand,web,E:\recherche\_neo4j\processed\projects\records\p_association_house_groeditz.kg.jsonl,true,local,UNSUPPORTED,PARTIAL,niedrig,Reused Dresden-type precast concrete components,KEEP,,BG-01,"{""matched_aliases"": [""Dresden"", ""type"", ""precast""], ""score"": 9, ""tier"": ""primary"", ""source"": ""dossier_partial""}",bg_hunt,5:5f542910-8dcf-46a9-a77c-dfff0c64ee65:1157492174443512140,dossier,Dresden;type;precast,9,true,true,primary,1
EP03-0511,rel,5:5f542910-8dcf-46a9-a77c-dfff0c64ee65:1152988574816141645,bg_stahlbeton_mehrere_groeditz_wbs70_precast_panels,bt_decke,HAT_BAUTEILTYP,bg_stahlbeton_mehrere_groeditz_wbs70_precast_panels -HAT_BAUTEILTYP-> Decke,web,E:\recherche\_neo4j\processed\projects\records\p_association_house_groeditz.kg.jsonl,true,local,UNSUPPORTED,PARTIAL,niedrig,Reused WBS70 precast panels,KEEP,,BG-01,"{""matched_aliases"": [""WBS70 precast panels"", ""precast""], ""score"": 9, ""tier"": ""primary"", ""source"": ""dossier_partial""}",bg_hunt,5:5f542910-8dcf-46a9-a77c-dfff0c64ee65:1152988574816141645,dossier,WBS70 precast panels;precast,9,true,true,primary,1
EP03-0512,rel,5:5f542910-8dcf-46a9-a77c-dfff0c64ee65:1155240374629826893,bg_stahlbeton_mehrere_groeditz_wbs70_precast_panels,bt_wand,HAT_BAUTEILTYP,bg_stahlbeton_mehrere_groeditz_wbs70_precast_panels -HAT_BAUTEILTYP-> Wand,web,E:\recherche\_neo4j\processed\projects\records\p_association_house_groeditz.kg.jsonl,true,local,UNSUPPORTED,PARTIAL,niedrig,Reused WBS70 precast panels,KEEP,,BG-01,"{""matched_aliases"": [""WBS70 precast panels"", ""precast""], ""score"": 9, ""tier"": ""primary"", ""source"": ""dossier_partial""}",bg_hunt,5:5f542910-8dcf-46a9-a77c-dfff0c64ee65:1155240374629826893,dossier,WBS70 precast panels;precast,9,true,true,primary,1
EP03-1279,rel,5:5f542910-8dcf-46a9-a77c-dfff0c64ee65:1153001768955674956,bg_stahlbeton_mehrere_groeditz_dresden_type_precast_components,mat_stahlbeton,NUTZT_MATERIAL,bg_stahlbeton_mehrere_groeditz_dresden_type_precast_components -NUTZT_MATERIAL-> Stahlbeton,web,E:\recherche\_neo4j\processed\projects\records\p_association_house_groeditz.kg.jsonl,true,local,UNSUPPORTED,PARTIAL,niedrig,Reused Dresden-type precast concrete components,KEEP,,BG-01,"{""matched_aliases"": [""Dresden"", ""type"", ""precast""], ""score"": 9, ""tier"": ""primary"", ""source"": ""dossier_partial""}",bg_hunt,5:5f542910-8dcf-46a9-a77c-dfff0c64ee65:1153001768955674956,dossier,Dresden;type;precast,9,true,true,primary,1
EP03-1280,rel,5:5f542910-8dcf-46a9-a77c-dfff0c64ee65:1153001768955674957,bg_stahlbeton_mehrere_groeditz_wbs70_precast_panels,mat_stahlbeton,NUTZT_MATERIAL,bg_stahlbeton_mehrere_groeditz_wbs70_precast_panels -NUTZT_MATERIAL-> Stahlbeton,web,E:\recherche\_neo4j\processed\projects\records\p_association_house_groeditz.kg.jsonl,true,local,UNSUPPORTED,PARTIAL,niedrig,Reused WBS70 precast panels,KEEP,,BG-01,"{""matched_aliases"": [""WBS70 precast panels"", ""precast""], ""score"": 9, ""tier"": ""primary"", ""source"": ""dossier_partial""}",bg_hunt,5:5f542910-8dcf-46a9-a77c-dfff0c64ee65:1153001768955674957,dossier,WBS70 precast panels;precast,9,true,true,primary,1
EP03-0526,rel,5:5f542910-8dcf-46a9-a77c-dfff0c64ee65:1152988574816141752,bg_stahlbeton_mehrere_plauen_iw73_6_precast_components,bt_boden,HAT_BAUTEILTYP,bg_stahlbeton_mehrere_plauen_iw73_6_precast_components -HAT_BAUTEILTYP-> Boden,web,E:\recherche\_neo4j\processed\projects\records\p_association_house_plauen.kg.jsonl,true,local,UNSUPPORTED,PARTIAL,niedrig,Reused IW73/6 precast concrete components,KEEP,,BG-01,"{""matched_aliases"": [""IW73"", ""precast""], ""score"": 9, ""tier"": ""primary"", ""source"": ""dossier_partial""}",bg_hunt,5:5f542910-8dcf-46a9-a77c-dfff0c64ee65:1152988574816141752,dossier,IW73;precast,9,true,true,primary,1
EP03-0527,rel,5:5f542910-8dcf-46a9-a77c-dfff0c64ee65:1155240374629827000,bg_stahlbeton_mehrere_plauen_iw73_6_precast_components,bt_decke,HAT_BAUTEILTYP,bg_stahlbeton_mehrere_plauen_iw73_6_precast_components -HAT_BAUTEILTYP-> Decke,web,E:\recherche\_neo4j\processed\projects\records\p_association_house_plauen.kg.jsonl,true,local,UNSUPPORTED,PARTIAL,niedrig,Reused IW73/6 precast concrete components,KEEP,,BG-01,"{""matched_aliases"": [""IW73"", ""precast""], ""score"": 9, ""tier"": ""primary"", ""source"": ""dossier_partial""}",bg_hunt,5:5f542910-8dcf-46a9-a77c-dfff0c64ee65:1155240374629827000,dossier,IW73;precast,9,true,true,primary,1
EP03-0528,rel,5:5f542910-8dcf-46a9-a77c-dfff0c64ee65:1157492174443512248,bg_stahlbeton_mehrere_plauen_iw73_6_precast_components,bt_wand,HAT_BAUTEILTYP,bg_stahlbeton_mehrere_plauen_iw73_6_precast_components -HAT_BAUTEILTYP-> Wand,web,E:\recherche\_neo4j\processed\projects\records\p_association_house_plauen.kg.jsonl,true,local,UNSUPPORTED,PARTIAL,niedrig,Reused IW73/6 precast concrete components,KEEP,,BG-01,"{""matched_aliases"": [""IW73"", ""precast""], ""score"": 9, ""tier"": ""primary"", ""source"": ""dossier_partial""}",bg_hunt,5:5f542910-8dcf-46a9-a77c-dfff0c64ee65:1157492174443512248,dossier,IW73;precast,9,true,true,primary,1
EP03-1288,rel,5:5f542910-8dcf-46a9-a77c-dfff0c64ee65:1153001768955675064,bg_stahlbeton_mehrere_plauen_iw73_6_precast_components,mat_stahlbeton,NUTZT_MATERIAL,bg_stahlbeton_mehrere_plauen_iw73_6_precast_components -NUTZT_MATERIAL-> Stahlbeton,web,E:\recherche\_neo4j\processed\projects\records\p_association_house_plauen.kg.jsonl,true,local,UNSUPPORTED,PARTIAL,niedrig,Reused IW73/6 precast concrete components,KEEP,,BG-01,"{""matched_aliases"": [""IW73"", ""precast""], ""score"": 9, ""tier"": ""primary"", ""source"": ""dossier_partial""}",bg_hunt,5:5f542910-8dcf-46a9-a77c-dfff0c64ee65:1153001768955675064,dossier,IW73;precast,9,true,true,primary,1
EP03-0146,rel,5:5f542910-8dcf-46a9-a77c-dfff0c64ee65:1152988574816141521,bg_glas_mehrere_awm_partitions_doors,bt_tuer,HAT_BAUTEILTYP,bg_glas_mehrere_awm_partitions_doors -HAT_BAUTEILTYP-> Tuer,web,E:\recherche\_neo4j\processed\projects\records\p_awm_muenster_circular_office.kg.jsonl,true,local,UNSUPPORTED,PARTIAL,niedrig,Reused glass partitions and doors,KEEP,,BG-01,"{""matched_aliases"": [""Glass"", ""glass""], ""score"": 6, ""tier"": ""primary"", ""source"": ""dossier_partial""}",bg_hunt,5:5f542910-8dcf-46a9-a77c-dfff0c64ee65:1152988574816141521,dossier,Glass;glass,6,true,false,primary,1
EP03-0147,rel,5:5f542910-8dcf-46a9-a77c-dfff0c64ee65:1155240374629826769,bg_glas_mehrere_awm_partitions_doors,bt_wand,HAT_BAUTEILTYP,bg_glas_mehrere_awm_partitions_doors -HAT_BAUTEILTYP-> Wand,web,E:\recherche\_neo4j\processed\projects\records\p_awm_muenster_circular_office.kg.jsonl,true,local,UNSUPPORTED,PARTIAL,niedrig,Reused glass partitions and doors,KEEP,,BG-01,"{""matched_aliases"": [""Glass"", ""glass""], ""score"": 6, ""tier"": ""primary"", ""source"": ""dossier_partial""}",bg_hunt,5:5f542910-8dcf-46a9-a77c-dfff0c64ee65:1155240374629826769,dossier,Glass;glass,6,true,false,primary,1
EP03-0157,rel,5:5f542910-8dcf-46a9-a77c-dfff0c64ee65:1152988574816141523,bg_holz_ausbau_awm_fixed_builtins,bt_ausbau,HAT_BAUTEILTYP,bg_holz_ausbau_awm_fixed_builtins -HAT_BAUTEILTYP-> Ausbau,web,E:\recherche\_neo4j\processed\projects\records\p_awm_muenster_circular_office.kg.jsonl,true,local,UNSUPPORTED,PARTIAL,niedrig,Reused wood for fixed built-ins,KEEP,,BG-01,"{""matched_aliases"": [""Wood for fixed built-ins"", ""wood""], ""score"": 6, ""tier"": ""primary"", ""source"": ""dossier_partial""}",bg_hunt,5:5f542910-8dcf-46a9-a77c-dfff0c64ee65:1152988574816141523,dossier,Wood for fixed built-ins;wood,6,true,false,primary,1
EP03-0240,rel,5:5f542910-8dcf-46a9-a77c-dfff0c64ee65:1152988574816141524,bg_holz_wand_awm_cladding_old_chairs,bt_wand,HAT_BAUTEILTYP,bg_holz_wand_awm_cladding_old_chairs -HAT_BAUTEILTYP-> Wand,web,https://awm.stadt-muenster.de/,true,local,UNSUPPORTED,PROVEN,belegt,Fixed wall cladding from old chair parts,UPGRADE,set_rel_properties,BG-01,"{""matched_aliases"": [""Fixed"", ""wall""], ""score"": 9, ""tier"": ""primary"", ""source"": ""dossier""}",bg_hunt,5:5f542910-8dcf-46a9-a77c-dfff0c64ee65:1152988574816141524,bg_hunt_alias_match,Fixed;wall,9,true,true,primary,1
EP03-0265,rel,5:5f542910-8dcf-46a9-a77c-dfff0c64ee65:1152988574816141522,bg_kunststoff_wand_awm_wc_partitions,bt_wand,HAT_BAUTEILTYP,bg_kunststoff_wand_awm_wc_partitions -HAT_BAUTEILTYP-> Wand,web,,false,,UNSUPPORTED,UNSUPPORTED,unbelegt,,KEEP_DEFERRED,,BG-01,"{""queries_tried"": 2, ""urls"": [""https://awm.stadt-muenster.de/""], ""reason"": ""no_qualifying_quote""}",bg_hunt,5:5f542910-8dcf-46a9-a77c-dfff0c64ee65:1152988574816141522,,,,false,false,,2
EP03-0425,rel,5:5f542910-8dcf-46a9-a77c-dfff0c64ee65:1152988574816141520,bg_stahl_mehrere_awm_cable_trays_shelves_lights,bt_ausbau,HAT_BAUTEILTYP,bg_stahl_mehrere_awm_cable_trays_shelves_lights -HAT_BAUTEILTYP-> Ausbau,web,,false,,UNSUPPORTED,UNSUPPORTED,unbelegt,,KEEP_DEFERRED,,BG-01,"{""queries_tried"": 2, ""urls"": [""https://awm.stadt-muenster.de/""], ""reason"": ""no_qualifying_quote""}",bg_hunt,5:5f542910-8dcf-46a9-a77c-dfff0c64ee65:1152988574816141520,,,,false,false,,2
EP03-0426,rel,5:5f542910-8dcf-46a9-a77c-dfff0c64ee65:1155240374629826768,bg_stahl_mehrere_awm_cable_trays_shelves_lights,bt_technik,HAT_BAUTEILTYP,bg_stahl_mehrere_awm_cable_trays_shelves_lights -HAT_BAUTEILTYP-> Technik,web,https://awm.stadt-muenster.de/,true,200,UNSUPPORTED,PARTIAL,niedrig,Alternativen zum Neukauf Lebensmittelabfälle vermeiden Verpackungen einsparen Modellprojekt Abfallfreie Quartiere Münster wird abfallfrei #createideasnotwaste Ideenwettbewerb 2023 Verwertung & Entsorgung Online-Entsorgungskalender Richtig trennen Abfall-ABC Infomaterial Sammlung & Services Recycling,KEEP,,BG-01,"{""matched_aliases"": [""M\u00fcnster"", ""technik""], ""score"": 6, ""tier"": ""secondary""}",bg_hunt,5:5f542910-8dcf-46a9-a77c-dfff0c64ee65:1155240374629826768,bg_hunt_alias_match,Münster;technik,6,true,false,secondary,2
EP03-0961,rel,5:5f542910-8dcf-46a9-a77c-dfff0c64ee65:1153001768955674833,bg_glas_mehrere_awm_partitions_doors,mat_glas,NUTZT_MATERIAL,bg_glas_mehrere_awm_partitions_doors -NUTZT_MATERIAL-> Glas,web,E:\recherche\_neo4j\processed\projects\records\p_awm_muenster_circular_office.kg.jsonl,true,local,UNSUPPORTED,PARTIAL,niedrig,Reused glass partitions and doors,KEEP,,BG-01,"{""matched_aliases"": [""Glass"", ""glass""], ""score"": 8, ""tier"": ""primary"", ""source"": ""dossier_partial""}",bg_hunt,5:5f542910-8dcf-46a9-a77c-dfff0c64ee65:1153001768955674833,dossier,Glass;glass,8,true,false,primary,1
EP03-0968,rel,5:5f542910-8dcf-46a9-a77c-dfff0c64ee65:1153001768955674835,bg_holz_ausbau_awm_fixed_builtins,mat_holz,NUTZT_MATERIAL,bg_holz_ausbau_awm_fixed_builtins -NUTZT_MATERIAL-> Holz,web,E:\recherche\_neo4j\processed\projects\records\p_awm_muenster_circular_office.kg.jsonl,true,local,UNSUPPORTED,PARTIAL,niedrig,Reused wood for fixed built-ins,KEEP,,BG-01,"{""matched_aliases"": [""Wood for fixed built-ins"", ""wood""], ""score"": 8, ""tier"": ""primary"", ""source"": ""dossier_partial""}",bg_hunt,5:5f542910-8dcf-46a9-a77c-dfff0c64ee65:1153001768955674835,dossier,Wood for fixed built-ins;wood,8,true,false,primary,1
EP03-1027,rel,5:5f542910-8dcf-46a9-a77c-dfff0c64ee65:1153001768955674836,bg_holz_wand_awm_cladding_old_chairs,mat_holz,NUTZT_MATERIAL,bg_holz_wand_awm_cladding_old_chairs -NUTZT_MATERIAL-> Holz,web,E:\recherche\_neo4j\processed\projects\records\p_awm_muenster_circular_office.kg.jsonl,true,local,UNSUPPORTED,PARTIAL,niedrig,Fixed wall cladding from old chair parts,KEEP,,BG-01,"{""matched_aliases"": [""Fixed"", ""wall""], ""score"": 7, ""tier"": ""primary"", ""source"": ""dossier_partial""}",bg_hunt,5:5f542910-8dcf-46a9-a77c-dfff0c64ee65:1153001768955674836,dossier,Fixed;wall,7,true,true,primary,1
EP03-1047,rel,5:5f542910-8dcf-46a9-a77c-dfff0c64ee65:1153001768955674834,bg_kunststoff_wand_awm_wc_partitions,mat_kunststoff,NUTZT_MATERIAL,bg_kunststoff_wand_awm_wc_partitions -NUTZT_MATERIAL-> Kunststoff,web,,false,,UNSUPPORTED,UNSUPPORTED,unbelegt,,KEEP_DEFERRED,,BG-01,"{""queries_tried"": 2, ""urls"": [""https://awm.stadt-muenster.de/""], ""reason"": ""no_qualifying_quote""}",bg_hunt,5:5f542910-8dcf-46a9-a77c-dfff0c64ee65:1153001768955674834,,,,false,false,,2
EP03-1229,rel,5:5f542910-8dcf-46a9-a77c-dfff0c64ee65:1153001768955674832,bg_stahl_mehrere_awm_cable_trays_shelves_lights,mat_stahl,NUTZT_MATERIAL,bg_stahl_mehrere_awm_cable_trays_shelves_lights -NUTZT_MATERIAL-> Stahl,web,,false,,UNSUPPORTED,UNSUPPORTED,unbelegt,,KEEP_DEFERRED,,BG-01,"{""queries_tried"": 2, ""urls"": [""https://awm.stadt-muenster.de/""], ""reason"": ""no_qualifying_quote""}",bg_hunt,5:5f542910-8dcf-46a9-a77c-dfff0c64ee65:1153001768955674832,,,,false,false,,2
EP03-0241,rel,5:5f542910-8dcf-46a9-a77c-dfff0c64ee65:1152988574816141527,bg_holz_wand_bedzed_studs,bt_wand,HAT_BAUTEILTYP,bg_holz_wand_bedzed_studs -HAT_BAUTEILTYP-> Wand,web,https://www.bioregional.com/projects-and-services/case-studies/bedzed,true,local,UNSUPPORTED,PROVEN,belegt,Reused softwood wall studs,UPGRADE,set_rel_properties,BG-01,"{""matched_aliases"": [""Softwood wall studs"", ""wall""], ""score"": 9, ""tier"": ""primary"", ""source"": ""dossier""}",bg_hunt,5:5f542910-8dcf-46a9-a77c-dfff0c64ee65:1152988574816141527,bg_hunt_alias_match,Softwood wall studs;wall,9,true,true,primary,1
EP03-0285,rel,5:5f542910-8dcf-46a9-a77c-dfff0c64ee65:1152988574816141525,bg_mehrere_mehrere_bedzed_fixed_secondary_components,bt_boden,HAT_BAUTEILTYP,bg_mehrere_mehrere_bedzed_fixed_secondary_components -HAT_BAUTEILTYP-> Boden,web,E:\recherche\_neo4j\processed\projects\records\p_bedzed_london_hackbridge.kg.jsonl,true,local,UNSUPPORTED,PARTIAL,niedrig,Reused fixed secondary components,KEEP,,BG-01,"{""matched_aliases"": [""Fixed"", ""secondary""], ""score"": 7, ""tier"": ""primary"", ""source"": ""dossier_partial""}",bg_hunt,5:5f542910-8dcf-46a9-a77c-dfff0c64ee65:1152988574816141525,dossier,Fixed;secondary,7,true,true,primary,1
EP03-0286,rel,5:5f542910-8dcf-46a9-a77c-dfff0c64ee65:1155240374629826773,bg_mehrere_mehrere_bedzed_fixed_secondary_components,bt_gelaender,HAT_BAUTEILTYP,bg_mehrere_mehrere_bedzed_fixed_secondary_components -HAT_BAUTEILTYP-> Gelaender,web,E:\recherche\_neo4j\processed\projects\records\p_bedzed_london_hackbridge.kg.jsonl,true,local,UNSUPPORTED,PARTIAL,niedrig,Reused fixed secondary components,KEEP,,BG-01,"{""matched_aliases"": [""Fixed"", ""secondary""], ""score"": 7, ""tier"": ""primary"", ""source"": ""dossier_partial""}",bg_hunt,5:5f542910-8dcf-46a9-a77c-dfff0c64ee65:1155240374629826773,dossier,Fixed;secondary,7,true,true,primary,1
EP03-0287,rel,5:5f542910-8dcf-46a9-a77c-dfff0c64ee65:1157492174443512021,bg_mehrere_mehrere_bedzed_fixed_secondary_components,bt_tuer,HAT_BAUTEILTYP,bg_mehrere_mehrere_bedzed_fixed_secondary_components -HAT_BAUTEILTYP-> Tuer,web,E:\recherche\_neo4j\processed\projects\records\p_bedzed_london_hackbridge.kg.jsonl,true,local,UNSUPPORTED,PARTIAL,niedrig,Reused fixed secondary components,KEEP,,BG-01,"{""matched_aliases"": [""Fixed"", ""secondary""], ""score"": 7, ""tier"": ""primary"", ""source"": ""dossier_partial""}",bg_hunt,5:5f542910-8dcf-46a9-a77c-dfff0c64ee65:1157492174443512021,dossier,Fixed;secondary,7,true,true,primary,1
EP03-0427,rel,5:5f542910-8dcf-46a9-a77c-dfff0c64ee65:1152988574816141526,bg_stahl_mehrere_bedzed_structural,bt_stuetze,HAT_BAUTEILTYP,bg_stahl_mehrere_bedzed_structural -HAT_BAUTEILTYP-> Stuetze,web,E:\recherche\_neo4j\processed\projects\records\p_bedzed_london_hackbridge.kg.jsonl,true,local,UNSUPPORTED,PARTIAL,niedrig,Reused structural steel frame for workspaces,KEEP,,BG-01,"{""matched_aliases"": [""Structural"", ""steel""], ""score"": 6, ""tier"": ""primary"", ""source"": ""dossier_partial""}",bg_hunt,5:5f542910-8dcf-46a9-a77c-dfff0c64ee65:1152988574816141526,dossier,Structural;steel,6,true,false,primary,1
EP03-0428,rel,5:5f542910-8dcf-46a9-a77c-dfff0c64ee65:1155240374629826774,bg_stahl_mehrere_bedzed_structural,bt_traeger,HAT_BAUTEILTYP,bg_stahl_mehrere_bedzed_structural -HAT_BAUTEILTYP-> Traeger,web,E:\recherche\_neo4j\processed\projects\records\p_bedzed_london_hackbridge.kg.jsonl,true,local,UNSUPPORTED,PARTIAL,niedrig,Reused structural steel frame for workspaces,KEEP,,BG-01,"{""matched_aliases"": [""Structural"", ""steel""], ""score"": 6, ""tier"": ""primary"", ""source"": ""dossier_partial""}",bg_hunt,5:5f542910-8dcf-46a9-a77c-dfff0c64ee65:1155240374629826774,dossier,Structural;steel,6,true,false,primary,1
EP03-1028,rel,5:5f542910-8dcf-46a9-a77c-dfff0c64ee65:1153001768955674839,bg_holz_wand_bedzed_studs,mat_holz,NUTZT_MATERIAL,bg_holz_wand_bedzed_studs -NUTZT_MATERIAL-> Holz,web,E:\recherche\_neo4j\processed\projects\records\p_bedzed_london_hackbridge.kg.jsonl,true,local,UNSUPPORTED,PARTIAL,niedrig,Reused softwood wall studs,KEEP,,BG-01,"{""matched_aliases"": [""Softwood wall studs"", ""wall""], ""score"": 7, ""tier"": ""primary"", ""source"": ""dossier_partial""}",bg_hunt,5:5f542910-8dcf-46a9-a77c-dfff0c64ee65:1153001768955674839,dossier,Softwood wall studs;wall,7,true,true,primary,1
EP03-1079,rel,5:5f542910-8dcf-46a9-a77c-dfff0c64ee65:1153001768955674837,bg_mehrere_mehrere_bedzed_fixed_secondary_components,mat_holz,NUTZT_MATERIAL,bg_mehrere_mehrere_bedzed_fixed_secondary_components -NUTZT_MATERIAL-> Holz,web,E:\recherche\_neo4j\processed\projects\records\p_bedzed_london_hackbridge.kg.jsonl,true,local,UNSUPPORTED,PARTIAL,niedrig,Reused fixed secondary components,KEEP,,BG-01,"{""matched_aliases"": [""Fixed"", ""secondary""], ""score"": 7, ""tier"": ""primary"", ""source"": ""dossier_partial""}",bg_hunt,5:5f542910-8dcf-46a9-a77c-dfff0c64ee65:1153001768955674837,dossier,Fixed;secondary,7,true,true,primary,1
EP03-1080,rel,5:5f542910-8dcf-46a9-a77c-dfff0c64ee65:1155253568769360085,bg_mehrere_mehrere_bedzed_fixed_secondary_components,mat_naturstein,NUTZT_MATERIAL,bg_mehrere_mehrere_bedzed_fixed_secondary_components -NUTZT_MATERIAL-> Naturstein,web,E:\recherche\_neo4j\processed\projects\records\p_bedzed_london_hackbridge.kg.jsonl,true,local,UNSUPPORTED,PARTIAL,niedrig,Reused fixed secondary components,KEEP,,BG-01,"{""matched_aliases"": [""Fixed"", ""secondary""], ""score"": 7, ""tier"": ""primary"", ""source"": ""dossier_partial""}",bg_hunt,5:5f542910-8dcf-46a9-a77c-dfff0c64ee65:1155253568769360085,dossier,Fixed;secondary,7,true,true,primary,1
EP03-1081,rel,5:5f542910-8dcf-46a9-a77c-dfff0c64ee65:1157505368583045333,bg_mehrere_mehrere_bedzed_fixed_secondary_components,mat_stahl,NUTZT_MATERIAL,bg_mehrere_mehrere_bedzed_fixed_secondary_components -NUTZT_MATERIAL-> Stahl,web,E:\recherche\_neo4j\processed\projects\records\p_bedzed_london_hackbridge.kg.jsonl,true,local,UNSUPPORTED,PARTIAL,niedrig,Reused fixed secondary components,KEEP,,BG-01,"{""matched_aliases"": [""Fixed"", ""secondary""], ""score"": 7, ""tier"": ""primary"", ""source"": ""dossier_partial""}",bg_hunt,5:5f542910-8dcf-46a9-a77c-dfff0c64ee65:1157505368583045333,dossier,Fixed;secondary,7,true,true,primary,1
EP03-1230,rel,5:5f542910-8dcf-46a9-a77c-dfff0c64ee65:1153001768955674838,bg_stahl_mehrere_bedzed_structural,mat_stahl,NUTZT_MATERIAL,bg_stahl_mehrere_bedzed_structural -NUTZT_MATERIAL-> Stahl,web,E:\recherche\_neo4j\processed\projects\records\p_bedzed_london_hackbridge.kg.jsonl,true,local,UNSUPPORTED,PARTIAL,niedrig,Reused structural steel frame for workspaces,KEEP,,BG-01,"{""matched_aliases"": [""Structural"", ""steel""], ""score"": 8, ""tier"": ""primary"", ""source"": ""dossier_partial""}",bg_hunt,5:5f542910-8dcf-46a9-a77c-dfff0c64ee65:1153001768955674838,dossier,Structural;steel,8,true,false,primary,1
EP03-0529,rel,5:5f542910-8dcf-46a9-a77c-dfff0c64ee65:1152988574816141768,bg_stahlbeton_mehrere_schildow_zugeschnittene_wbs70_betonfertigteile,bt_dach,HAT_BAUTEILTYP,bg_stahlbeton_mehrere_schildow_zugeschnittene_wbs70_betonfertigteile -HAT_BAUTEILTYP-> Dach,web,,false,,UNSUPPORTED,UNSUPPORTED,unbelegt,,KEEP_DEFERRED,,BG-01,"{""queries_tried"": 1, ""urls"": [""https://www.kuladig.de/Objektansicht/BKM-31000252""], ""reason"": ""no_qualifying_quote""}",bg_hunt,5:5f542910-8dcf-46a9-a77c-dfff0c64ee65:1152988574816141768,,,,false,false,,1
EP03-0530,rel,5:5f542910-8dcf-46a9-a77c-dfff0c64ee65:1155240374629827016,bg_stahlbeton_mehrere_schildow_zugeschnittene_wbs70_betonfertigteile,bt_decke,HAT_BAUTEILTYP,bg_stahlbeton_mehrere_schildow_zugeschnittene_wbs70_betonfertigteile -HAT_BAUTEILTYP-> Decke,web,,false,,UNSUPPORTED,UNSUPPORTED,unbelegt,,KEEP_DEFERRED,,BG-01,"{""queries_tried"": 1, ""urls"": [""https://www.kuladig.de/Objektansicht/BKM-31000252""], ""reason"": ""no_qualifying_quote""}",bg_hunt,5:5f542910-8dcf-46a9-a77c-dfff0c64ee65:1155240374629827016,,,,false,false,,1
EP03-0531,rel,5:5f542910-8dcf-46a9-a77c-dfff0c64ee65:1157492174443512264,bg_stahlbeton_mehrere_schildow_zugeschnittene_wbs70_betonfertigteile,bt_wand,HAT_BAUTEILTYP,bg_stahlbeton_mehrere_schildow_zugeschnittene_wbs70_betonfertigteile -HAT_BAUTEILTYP-> Wand,web,,false,,UNSUPPORTED,UNSUPPORTED,unbelegt,,KEEP_DEFERRED,,BG-01,"{""queries_tried"": 1, ""urls"": [""https://www.kuladig.de/Objektansicht/BKM-31000252""], ""reason"": ""no_qualifying_quote""}",bg_hunt,5:5f542910-8dcf-46a9-a77c-dfff0c64ee65:1157492174443512264,,,,false,false,,1
EP03-1289,rel,5:5f542910-8dcf-46a9-a77c-dfff0c64ee65:1153001768955675080,bg_stahlbeton_mehrere_schildow_zugeschnittene_wbs70_betonfertigteile,mat_stahlbeton,NUTZT_MATERIAL,bg_stahlbeton_mehrere_schildow_zugeschnittene_wbs70_betonfertigteile -NUTZT_MATERIAL-> Stahlbeton,web,,false,,UNSUPPORTED,UNSUPPORTED,unbelegt,,KEEP_DEFERRED,,BG-01,"{""queries_tried"": 1, ""urls"": [""https://www.kuladig.de/Objektansicht/BKM-31000252""], ""reason"": ""no_qualifying_quote""}",bg_hunt,5:5f542910-8dcf-46a9-a77c-dfff0c64ee65:1153001768955675080,,,,false,false,,1
EP03-0109,rel,5:5f542910-8dcf-46a9-a77c-dfff0c64ee65:1152988574816141529,bg_beton_mehrere_bestandverplanzung_betonfertigteil_paneele,bt_decke,HAT_BAUTEILTYP,bg_beton_mehrere_bestandverplanzung_betonfertigteil_paneele -HAT_BAUTEILTYP-> Decke,web,,false,,UNSUPPORTED,UNSUPPORTED,hoch,,KEEP_DEFERRED,,BG-01,"{""queries_tried"": 0, ""urls"": [], ""reason"": ""no_qualifying_quote""}",bg_hunt,5:5f542910-8dcf-46a9-a77c-dfff0c64ee65:1152988574816141529,,,,false,false,,0
EP03-0110,rel,5:5f542910-8dcf-46a9-a77c-dfff0c64ee65:1155240374629826777,bg_beton_mehrere_bestandverplanzung_betonfertigteil_paneele,bt_fassade,HAT_BAUTEILTYP,bg_beton_mehrere_bestandverplanzung_betonfertigteil_paneele -HAT_BAUTEILTYP-> Fassade,web,,false,,UNSUPPORTED,UNSUPPORTED,hoch,,KEEP_DEFERRED,,BG-01,"{""queries_tried"": 0, ""urls"": [], ""reason"": ""no_qualifying_quote""}",bg_hunt,5:5f542910-8dcf-46a9-a77c-dfff0c64ee65:1155240374629826777,,,,false,false,,0
EP03-0111,rel,5:5f542910-8dcf-46a9-a77c-dfff0c64ee65:1157492174443512025,bg_beton_mehrere_bestandverplanzung_betonfertigteil_paneele,bt_wand,HAT_BAUTEILTYP,bg_beton_mehrere_bestandverplanzung_betonfertigteil_paneele -HAT_BAUTEILTYP-> Wand,web,,false,,UNSUPPORTED,UNSUPPORTED,hoch,,KEEP_DEFERRED,,BG-01,"{""queries_tried"": 0, ""urls"": [], ""reason"": ""no_qualifying_quote""}",bg_hunt,5:5f542910-8dcf-46a9-a77c-dfff0c64ee65:1157492174443512025,,,,false,false,,0
EP03-0932,rel,5:5f542910-8dcf-46a9-a77c-dfff0c64ee65:1153001768955674841,bg_beton_mehrere_bestandverplanzung_betonfertigteil_paneele,mat_beton,NUTZT_MATERIAL,bg_beton_mehrere_bestandverplanzung_betonfertigteil_paneele -NUTZT_MATERIAL-> Beton,web,,false,,UNSUPPORTED,UNSUPPORTED,unbelegt,,KEEP_DEFERRED,,BG-01,"{""queries_tried"": 0, ""urls"": [], ""reason"": ""no_qualifying_quote""}",bg_hunt,5:5f542910-8dcf-46a9-a77c-dfff0c64ee65:1153001768955674841,,,,false,false,,0
EP03-0933,rel,5:5f542910-8dcf-46a9-a77c-dfff0c64ee65:1155253568769360089,bg_beton_mehrere_bestandverplanzung_betonfertigteil_paneele,mat_stahlbeton,NUTZT_MATERIAL,bg_beton_mehrere_bestandverplanzung_betonfertigteil_paneele -NUTZT_MATERIAL-> Stahlbeton,web,,false,,UNSUPPORTED,UNSUPPORTED,unbelegt,,KEEP_DEFERRED,,BG-01,"{""queries_tried"": 0, ""urls"": [], ""reason"": ""no_qualifying_quote""}",bg_hunt,5:5f542910-8dcf-46a9-a77c-dfff0c64ee65:1155253568769360089,,,,false,false,,0
EP03-0291,rel,5:5f542910-8dcf-46a9-a77c-dfff0c64ee65:1152988574816141532,bg_mehrere_mehrere_big_dig_house_ramp_pier_roadway_components,bt_decke,HAT_BAUTEILTYP,bg_mehrere_mehrere_big_dig_house_ramp_pier_roadway_components -HAT_BAUTEILTYP-> Decke,web,E:\recherche\_neo4j\processed\projects\records\p_big_dig_house_lexington_massachusetts.kg.jsonl,true,local,UNSUPPORTED,PARTIAL,niedrig,"Wiederverwendete Ramp-, Pier- und Roadway-Komponenten",KEEP,,BG-01,"{""matched_aliases"": [""Ramp"", ""ramp""], ""score"": 7, ""tier"": ""primary"", ""source"": ""dossier_partial""}",bg_hunt,5:5f542910-8dcf-46a9-a77c-dfff0c64ee65:1152988574816141532,dossier,Ramp;ramp,7,true,true,primary,1
EP03-0292,rel,5:5f542910-8dcf-46a9-a77c-dfff0c64ee65:1155240374629826780,bg_mehrere_mehrere_big_dig_house_ramp_pier_roadway_components,bt_fundament,HAT_BAUTEILTYP,bg_mehrere_mehrere_big_dig_house_ramp_pier_roadway_components -HAT_BAUTEILTYP-> Fundament,web,E:\recherche\_neo4j\processed\projects\records\p_big_dig_house_lexington_massachusetts.kg.jsonl,true,local,UNSUPPORTED,PARTIAL,niedrig,"Wiederverwendete Ramp-, Pier- und Roadway-Komponenten",KEEP,,BG-01,"{""matched_aliases"": [""Ramp"", ""ramp""], ""score"": 7, ""tier"": ""primary"", ""source"": ""dossier_partial""}",bg_hunt,5:5f542910-8dcf-46a9-a77c-dfff0c64ee65:1155240374629826780,dossier,Ramp;ramp,7,true,true,primary,1
EP03-0293,rel,5:5f542910-8dcf-46a9-a77c-dfff0c64ee65:1157492174443512028,bg_mehrere_mehrere_big_dig_house_ramp_pier_roadway_components,bt_traeger,HAT_BAUTEILTYP,bg_mehrere_mehrere_big_dig_house_ramp_pier_roadway_components -HAT_BAUTEILTYP-> Traeger,web,E:\recherche\_neo4j\processed\projects\records\p_big_dig_house_lexington_massachusetts.kg.jsonl,true,local,UNSUPPORTED,PARTIAL,niedrig,"Wiederverwendete Ramp-, Pier- und Roadway-Komponenten",KEEP,,BG-01,"{""matched_aliases"": [""Ramp"", ""ramp""], ""score"": 7, ""tier"": ""primary"", ""source"": ""dossier_partial""}",bg_hunt,5:5f542910-8dcf-46a9-a77c-dfff0c64ee65:1157492174443512028,dossier,Ramp;ramp,7,true,true,primary,1
EP03-0429,rel,5:5f542910-8dcf-46a9-a77c-dfff0c64ee65:1152988574816141533,bg_stahl_mehrere_big_dig_house,bt_stuetze,HAT_BAUTEILTYP,bg_stahl_mehrere_big_dig_house -HAT_BAUTEILTYP-> Stuetze,web,,false,,UNSUPPORTED,UNSUPPORTED,unbelegt,,KEEP_DEFERRED,,BG-01,"{""queries_tried"": 1, ""urls"": [""https://www.projectarchitects.com/projects/big-dig-house""], ""reason"": ""no_qualifying_quote""}",bg_hunt,5:5f542910-8dcf-46a9-a77c-dfff0c64ee65:1152988574816141533,,,,false,false,,1
EP03-0430,rel,5:5f542910-8dcf-46a9-a77c-dfff0c64ee65:1155240374629826781,bg_stahl_mehrere_big_dig_house,bt_traeger,HAT_BAUTEILTYP,bg_stahl_mehrere_big_dig_house -HAT_BAUTEILTYP-> Traeger,web,,false,,UNSUPPORTED,UNSUPPORTED,unbelegt,,KEEP_DEFERRED,,BG-01,"{""queries_tried"": 1, ""urls"": [""https://www.projectarchitects.com/projects/big-dig-house""], ""reason"": ""no_qualifying_quote""}",bg_hunt,5:5f542910-8dcf-46a9-a77c-dfff0c64ee65:1155240374629826781,,,,false,false,,1
EP03-0504,rel,5:5f542910-8dcf-46a9-a77c-dfff0c64ee65:1152988574816141531,bg_stahlbeton_mehrere_big_dig_house_inverset_panels,bt_boden,HAT_BAUTEILTYP,bg_stahlbeton_mehrere_big_dig_house_inverset_panels -HAT_BAUTEILTYP-> Boden,web,E:\recherche\_neo4j\processed\projects\records\p_big_dig_house_lexington_massachusetts.kg.jsonl,true,local,UNSUPPORTED,PARTIAL,niedrig,Wiederverwendete Inverset-Stahlbetonpaneele,KEEP,,BG-01,"{""matched_aliases"": [""Inverset"", ""inverset""], ""score"": 7, ""tier"": ""primary"", ""source"": ""dossier_partial""}",bg_hunt,5:5f542910-8dcf-46a9-a77c-dfff0c64ee65:1152988574816141531,dossier,Inverset;inverset,7,true,true,primary,1
EP03-0505,rel,5:5f542910-8dcf-46a9-a77c-dfff0c64ee65:1155240374629826779,bg_stahlbeton_mehrere_big_dig_house_inverset_panels,bt_decke,HAT_BAUTEILTYP,bg_stahlbeton_mehrere_big_dig_house_inverset_panels -HAT_BAUTEILTYP-> Decke,web,E:\recherche\_neo4j\processed\projects\records\p_big_dig_house_lexington_massachusetts.kg.jsonl,true,local,UNSUPPORTED,PARTIAL,niedrig,Wiederverwendete Inverset-Stahlbetonpaneele,KEEP,,BG-01,"{""matched_aliases"": [""Inverset"", ""inverset""], ""score"": 7, ""tier"": ""primary"", ""source"": ""dossier_partial""}",bg_hunt,5:5f542910-8dcf-46a9-a77c-dfff0c64ee65:1155240374629826779,dossier,Inverset;inverset,7,true,true,primary,1
EP03-1084,rel,5:5f542910-8dcf-46a9-a77c-dfff0c64ee65:1153001768955674844,bg_mehrere_mehrere_big_dig_house_ramp_pier_roadway_components,mat_beton,NUTZT_MATERIAL,bg_mehrere_mehrere_big_dig_house_ramp_pier_roadway_components -NUTZT_MATERIAL-> Beton,web,E:\recherche\_neo4j\processed\projects\records\p_big_dig_house_lexington_massachusetts.kg.jsonl,true,local,UNSUPPORTED,PARTIAL,niedrig,"Wiederverwendete Ramp-, Pier- und Roadway-Komponenten",KEEP,,BG-01,"{""matched_aliases"": [""Ramp"", ""ramp""], ""score"": 7, ""tier"": ""primary"", ""source"": ""dossier_partial""}",bg_hunt,5:5f542910-8dcf-46a9-a77c-dfff0c64ee65:1153001768955674844,dossier,Ramp;ramp,7,true,true,primary,1
EP03-1085,rel,5:5f542910-8dcf-46a9-a77c-dfff0c64ee65:1155253568769360092,bg_mehrere_mehrere_big_dig_house_ramp_pier_roadway_components,mat_stahl,NUTZT_MATERIAL,bg_mehrere_mehrere_big_dig_house_ramp_pier_roadway_components -NUTZT_MATERIAL-> Stahl,web,E:\recherche\_neo4j\processed\projects\records\p_big_dig_house_lexington_massachusetts.kg.jsonl,true,local,UNSUPPORTED,PARTIAL,niedrig,"Wiederverwendete Ramp-, Pier- und Roadway-Komponenten",KEEP,,BG-01,"{""matched_aliases"": [""Ramp"", ""ramp""], ""score"": 7, ""tier"": ""primary"", ""source"": ""dossier_partial""}",bg_hunt,5:5f542910-8dcf-46a9-a77c-dfff0c64ee65:1155253568769360092,dossier,Ramp;ramp,7,true,true,primary,1
EP03-1231,rel,5:5f542910-8dcf-46a9-a77c-dfff0c64ee65:1153001768955674845,bg_stahl_mehrere_big_dig_house,mat_stahl,NUTZT_MATERIAL,bg_stahl_mehrere_big_dig_house -NUTZT_MATERIAL-> Stahl,web,,false,,UNSUPPORTED,UNSUPPORTED,unbelegt,,KEEP_DEFERRED,,BG-01,"{""queries_tried"": 1, ""urls"": [""https://www.projectarchitects.com/projects/big-dig-house""], ""reason"": ""no_qualifying_quote""}",bg_hunt,5:5f542910-8dcf-46a9-a77c-dfff0c64ee65:1153001768955674845,,,,false,false,,1
EP03-1276,rel,5:5f542910-8dcf-46a9-a77c-dfff0c64ee65:1153001768955674843,bg_stahlbeton_mehrere_big_dig_house_inverset_panels,mat_beton,NUTZT_MATERIAL,bg_stahlbeton_mehrere_big_dig_house_inverset_panels -NUTZT_MATERIAL-> Beton,web,E:\recherche\_neo4j\processed\projects\records\p_big_dig_house_lexington_massachusetts.kg.jsonl,true,local,UNSUPPORTED,PARTIAL,niedrig,Wiederverwendete Inverset-Stahlbetonpaneele,KEEP,,BG-01,"{""matched_aliases"": [""Inverset"", ""inverset""], ""score"": 7, ""tier"": ""primary"", ""source"": ""dossier_partial""}",bg_hunt,5:5f542910-8dcf-46a9-a77c-dfff0c64ee65:1153001768955674843,dossier,Inverset;inverset,7,true,true,primary,1
EP03-1277,rel,5:5f542910-8dcf-46a9-a77c-dfff0c64ee65:1155253568769360091,bg_stahlbeton_mehrere_big_dig_house_inverset_panels,mat_stahlbeton,NUTZT_MATERIAL,bg_stahlbeton_mehrere_big_dig_house_inverset_panels -NUTZT_MATERIAL-> Stahlbeton,web,E:\recherche\_neo4j\processed\projects\records\p_big_dig_house_lexington_massachusetts.kg.jsonl,true,local,UNSUPPORTED,PARTIAL,niedrig,Wiederverwendete Inverset-Stahlbetonpaneele,KEEP,,BG-01,"{""matched_aliases"": [""Inverset"", ""inverset""], ""score"": 7, ""tier"": ""primary"", ""source"": ""dossier_partial""}",bg_hunt,5:5f542910-8dcf-46a9-a77c-dfff0c64ee65:1155253568769360091,dossier,Inverset;inverset,7,true,true,primary,1
EP03-0242,rel,5:5f542910-8dcf-46a9-a77c-dfff0c64ee65:1152988574816141535,bg_holz_wand_biopartner_5_innenwaende_trennwaende,bt_wand,HAT_BAUTEILTYP,bg_holz_wand_biopartner_5_innenwaende_trennwaende -HAT_BAUTEILTYP-> Wand,web,,false,,UNSUPPORTED,UNSUPPORTED,unbelegt,,KEEP_DEFERRED,,BG-01,"{""queries_tried"": 1, ""urls"": [], ""reason"": ""no_qualifying_quote""}",bg_hunt,5:5f542910-8dcf-46a9-a77c-dfff0c64ee65:1152988574816141535,,,,false,false,,1
EP03-0257,rel,5:5f542910-8dcf-46a9-a77c-dfff0c64ee65:1152988574816141537,bg_keramik_technik_biopartner_5_sanitaerobjekte,bt_technik,HAT_BAUTEILTYP,bg_keramik_technik_biopartner_5_sanitaerobjekte -HAT_BAUTEILTYP-> Technik,web,,false,,UNSUPPORTED,UNSUPPORTED,unbelegt,,KEEP_DEFERRED,,BG-01,"{""queries_tried"": 0, ""urls"": [], ""reason"": ""no_qualifying_quote""}",bg_hunt,5:5f542910-8dcf-46a9-a77c-dfff0c64ee65:1152988574816141537,,,,false,false,,0
EP03-0401,rel,5:5f542910-8dcf-46a9-a77c-dfff0c64ee65:1152988574816141536,bg_naturstein_boden_biopartner_5_pflaster_bodenmaterial,bt_boden,HAT_BAUTEILTYP,bg_naturstein_boden_biopartner_5_pflaster_bodenmaterial -HAT_BAUTEILTYP-> Boden,web,E:\recherche\_neo4j\processed\projects\records\p_biopartner_5_leiden_oegstgeest.kg.jsonl,true,local,UNSUPPORTED,PARTIAL,niedrig,"Wiederverwendete Pflaster-, Naturstein- und Bodenmaterialien",KEEP,,BG-01,"{""matched_aliases"": [""Pflaster-"", ""pflaster"", ""naturstein""], ""score"": 9, ""tier"": ""primary"", ""source"": ""dossier_partial""}",bg_hunt,5:5f542910-8dcf-46a9-a77c-dfff0c64ee65:1152988574816141536,dossier,Pflaster-;pflaster;naturstein,9,true,true,primary,1
EP03-0431,rel,5:5f542910-8dcf-46a9-a77c-dfff0c64ee65:1152988574816141538,bg_stahl_mehrere_biopartner_5_stuetzen_rahmen,bt_stuetze,HAT_BAUTEILTYP,bg_stahl_mehrere_biopartner_5_stuetzen_rahmen -HAT_BAUTEILTYP-> Stuetze,web,,false,,UNSUPPORTED,UNSUPPORTED,unbelegt,,KEEP_DEFERRED,,BG-01,"{""queries_tried"": 0, ""urls"": [], ""reason"": ""no_qualifying_quote""}",bg_hunt,5:5f542910-8dcf-46a9-a77c-dfff0c64ee65:1152988574816141538,,,,false,false,,0
EP03-0432,rel,5:5f542910-8dcf-46a9-a77c-dfff0c64ee65:1155240374629826786,bg_stahl_mehrere_biopartner_5_stuetzen_rahmen,bt_traeger,HAT_BAUTEILTYP,bg_stahl_mehrere_biopartner_5_stuetzen_rahmen -HAT_BAUTEILTYP-> Traeger,web,,false,,UNSUPPORTED,UNSUPPORTED,unbelegt,,KEEP_DEFERRED,,BG-01,"{""queries_tried"": 0, ""urls"": [], ""reason"": ""no_qualifying_quote""}",bg_hunt,5:5f542910-8dcf-46a9-a77c-dfff0c64ee65:1155240374629826786,,,,false,false,,0
EP03-0545,rel,5:5f542910-8dcf-46a9-a77c-dfff0c64ee65:1152988574816141534,bg_ziegel_fassade_biopartner_5_abbruchschutt_gruene,bt_fassade,HAT_BAUTEILTYP,bg_ziegel_fassade_biopartner_5_abbruchschutt_gruene -HAT_BAUTEILTYP-> Fassade,web,E:\recherche\_neo4j\processed\projects\records\p_biopartner_5_leiden_oegstgeest.kg.jsonl,true,local,UNSUPPORTED,PROVEN,belegt,Abbruchschutt / Mauerwerkspuin in grüner Fassade,UPGRADE,set_rel_properties,BG-01,"{""matched_aliases"": [""Abbruchschutt"", ""fassade""], ""score"": 9, ""tier"": ""primary"", ""source"": ""dossier""}",bg_hunt,5:5f542910-8dcf-46a9-a77c-dfff0c64ee65:1152988574816141534,bg_hunt_alias_match,Abbruchschutt;fassade,9,true,true,primary,1
EP03-1029,rel,5:5f542910-8dcf-46a9-a77c-dfff0c64ee65:1153001768955674847,bg_holz_wand_biopartner_5_innenwaende_trennwaende,mat_holz,NUTZT_MATERIAL,bg_holz_wand_biopartner_5_innenwaende_trennwaende -NUTZT_MATERIAL-> Holz,web,,false,,UNSUPPORTED,UNSUPPORTED,unbelegt,,KEEP_DEFERRED,,BG-01,"{""queries_tried"": 1, ""urls"": [], ""reason"": ""no_qualifying_quote""}",bg_hunt,5:5f542910-8dcf-46a9-a77c-dfff0c64ee65:1153001768955674847,,,,false,false,,1
EP03-1039,rel,5:5f542910-8dcf-46a9-a77c-dfff0c64ee65:1153001768955674849,bg_keramik_technik_biopartner_5_sanitaerobjekte,mat_keramik,NUTZT_MATERIAL,bg_keramik_technik_biopartner_5_sanitaerobjekte -NUTZT_MATERIAL-> Keramik,web,,false,,UNSUPPORTED,UNSUPPORTED,unbelegt,,KEEP_DEFERRED,,BG-01,"{""queries_tried"": 0, ""urls"": [], ""reason"": ""no_qualifying_quote""}",bg_hunt,5:5f542910-8dcf-46a9-a77c-dfff0c64ee65:1153001768955674849,,,,false,false,,0
EP03-1211,rel,5:5f542910-8dcf-46a9-a77c-dfff0c64ee65:1153001768955674848,bg_naturstein_boden_biopartner_5_pflaster_bodenmaterial,mat_naturstein,NUTZT_MATERIAL,bg_naturstein_boden_biopartner_5_pflaster_bodenmaterial -NUTZT_MATERIAL-> Naturstein,web,E:\recherche\_neo4j\processed\projects\records\p_biopartner_5_leiden_oegstgeest.kg.jsonl,true,local,UNSUPPORTED,PROVEN,belegt,"Wiederverwendete Pflaster-, Naturstein- und Bodenmaterialien",UPGRADE,set_rel_properties,BG-01,"{""matched_aliases"": [""Pflaster-"", ""pflaster"", ""naturstein""], ""score"": 11, ""tier"": ""primary"", ""source"": ""dossier""}",bg_hunt,5:5f542910-8dcf-46a9-a77c-dfff0c64ee65:1153001768955674848,bg_hunt_alias_match,Pflaster-;pflaster;naturstein,11,true,true,primary,1
EP03-1232,rel,5:5f542910-8dcf-46a9-a77c-dfff0c64ee65:1153001768955674850,bg_stahl_mehrere_biopartner_5_stuetzen_rahmen,mat_stahl,NUTZT_MATERIAL,bg_stahl_mehrere_biopartner_5_stuetzen_rahmen -NUTZT_MATERIAL-> Stahl,web,,false,,UNSUPPORTED,UNSUPPORTED,unbelegt,,KEEP_DEFERRED,,BG-01,"{""queries_tried"": 0, ""urls"": [], ""reason"": ""no_qualifying_quote""}",bg_hunt,5:5f542910-8dcf-46a9-a77c-dfff0c64ee65:1153001768955674850,,,,false,false,,0
EP03-1301,rel,5:5f542910-8dcf-46a9-a77c-dfff0c64ee65:1153001768955674846,bg_ziegel_fassade_biopartner_5_abbruchschutt_gruene,mat_ziegel,NUTZT_MATERIAL,bg_ziegel_fassade_biopartner_5_abbruchschutt_gruene -NUTZT_MATERIAL-> Ziegel,web,E:\recherche\_neo4j\processed\projects\records\p_biopartner_5_leiden_oegstgeest.kg.jsonl,true,local,UNSUPPORTED,PARTIAL,niedrig,Abbruchschutt / Mauerwerkspuin in grüner Fassade,KEEP,,BG-01,"{""matched_aliases"": [""Abbruchschutt"", ""fassade""], ""score"": 7, ""tier"": ""primary"", ""source"": ""dossier_partial""}",bg_hunt,5:5f542910-8dcf-46a9-a77c-dfff0c64ee65:1153001768955674846,dossier,Abbruchschutt;fassade,7,true,true,primary,1
EP03-0127,rel,5:5f542910-8dcf-46a9-a77c-dfff0c64ee65:1152988574816141540,bg_beton_wand_bluecity_betonbloecke_trennwaende,bt_wand,HAT_BAUTEILTYP,bg_beton_wand_bluecity_betonbloecke_trennwaende -HAT_BAUTEILTYP-> Wand,web,,false,,UNSUPPORTED,UNSUPPORTED,hoch,,KEEP_DEFERRED,,BG-01,"{""queries_tried"": 2, ""urls"": [""https://www.bluecity.nl/""], ""reason"": ""no_qualifying_quote""}",bg_hunt,5:5f542910-8dcf-46a9-a77c-dfff0c64ee65:1152988574816141540,,,,false,false,,2
EP03-0415,rel,5:5f542910-8dcf-46a9-a77c-dfff0c64ee65:1152988574816141542,bg_stahl_ausbau_bluecity,bt_ausbau,HAT_BAUTEILTYP,bg_stahl_ausbau_bluecity -HAT_BAUTEILTYP-> Ausbau,web,E:\recherche\_neo4j\processed\projects\records\p_bluecity_offices_rotterdam.kg.jsonl,true,local,UNSUPPORTED,PARTIAL,niedrig,Wiederverwendeter Stahl im Büroausbau,KEEP,,BG-01,"{""matched_aliases"": [""Stahl im B\u00fcroausbau"", ""stahl""], ""score"": 6, ""tier"": ""primary"", ""source"": ""dossier_partial""}",bg_hunt,5:5f542910-8dcf-46a9-a77c-dfff0c64ee65:1152988574816141542,dossier,Stahl im Büroausbau;stahl,6,true,false,primary,1
EP03-0420,rel,5:5f542910-8dcf-46a9-a77c-dfff0c64ee65:1152988574816141539,bg_stahl_gelaender_bluecity_oelplattform,bt_gelaender,HAT_BAUTEILTYP,bg_stahl_gelaender_bluecity_oelplattform -HAT_BAUTEILTYP-> Gelaender,web,,false,,UNSUPPORTED,UNSUPPORTED,unbelegt,,KEEP_DEFERRED,,BG-01,"{""queries_tried"": 1, ""urls"": [""https://www.bluecity.nl/""], ""reason"": ""no_qualifying_quote""}",bg_hunt,5:5f542910-8dcf-46a9-a77c-dfff0c64ee65:1152988574816141539,,,,false,false,,1
EP03-0945,rel,5:5f542910-8dcf-46a9-a77c-dfff0c64ee65:1153001768955674852,bg_beton_wand_bluecity_betonbloecke_trennwaende,mat_beton,NUTZT_MATERIAL,bg_beton_wand_bluecity_betonbloecke_trennwaende -NUTZT_MATERIAL-> Beton,web,,false,,UNSUPPORTED,UNSUPPORTED,unbelegt,,KEEP_DEFERRED,,BG-01,"{""queries_tried"": 2, ""urls"": [""https://www.bluecity.nl/""], ""reason"": ""no_qualifying_quote""}",bg_hunt,5:5f542910-8dcf-46a9-a77c-dfff0c64ee65:1153001768955674852,,,,false,false,,2
EP03-1220,rel,5:5f542910-8dcf-46a9-a77c-dfff0c64ee65:1153001768955674854,bg_stahl_ausbau_bluecity,mat_stahl,NUTZT_MATERIAL,bg_stahl_ausbau_bluecity -NUTZT_MATERIAL-> Stahl,web,E:\recherche\_neo4j\processed\projects\records\p_bluecity_offices_rotterdam.kg.jsonl,true,local,UNSUPPORTED,PARTIAL,niedrig,Wiederverwendeter Stahl im Büroausbau,KEEP,,BG-01,"{""matched_aliases"": [""Stahl im B\u00fcroausbau"", ""stahl""], ""score"": 8, ""tier"": ""primary"", ""source"": ""dossier_partial""}",bg_hunt,5:5f542910-8dcf-46a9-a77c-dfff0c64ee65:1153001768955674854,dossier,Stahl im Büroausbau;stahl,8,true,false,primary,1
EP03-1225,rel,5:5f542910-8dcf-46a9-a77c-dfff0c64ee65:1153001768955674851,bg_stahl_gelaender_bluecity_oelplattform,mat_stahl,NUTZT_MATERIAL,bg_stahl_gelaender_bluecity_oelplattform -NUTZT_MATERIAL-> Stahl,web,,false,,UNSUPPORTED,UNSUPPORTED,unbelegt,,KEEP_DEFERRED,,BG-01,"{""queries_tried"": 1, ""urls"": [""https://www.bluecity.nl/""], ""reason"": ""no_qualifying_quote""}",bg_hunt,5:5f542910-8dcf-46a9-a77c-dfff0c64ee65:1153001768955674851,,,,false,false,,1
EP03-0236,rel,5:5f542910-8dcf-46a9-a77c-dfff0c64ee65:1152988574816141545,bg_holz_stuetze_boulder_glulam,bt_stuetze,HAT_BAUTEILTYP,bg_holz_stuetze_boulder_glulam -HAT_BAUTEILTYP-> Stuetze,web,E:\recherche\_neo4j\processed\projects\records\p_boulder_fire_station_3.kg.jsonl,true,local,UNSUPPORTED,PARTIAL,niedrig,Neue Glulam Columns im Hybridtragwerk,KEEP,,BG-01,"{""matched_aliases"": [""Glulam"", ""glulam""], ""score"": 7, ""tier"": ""primary"", ""source"": ""dossier_partial""}",bg_hunt,5:5f542910-8dcf-46a9-a77c-dfff0c64ee65:1152988574816141545,dossier,Glulam;glulam,7,true,true,primary,1
EP03-0433,rel,5:5f542910-8dcf-46a9-a77c-dfff0c64ee65:1152988574816141548,bg_stahl_mehrere_boulder_wide_flange_members,bt_stuetze,HAT_BAUTEILTYP,bg_stahl_mehrere_boulder_wide_flange_members -HAT_BAUTEILTYP-> Stuetze,web,E:\recherche\_neo4j\processed\projects\records\p_boulder_fire_station_3.kg.jsonl,true,local,UNSUPPORTED,PARTIAL,niedrig,89 salvaged wide-flange steel members,KEEP,,BG-01,"{""matched_aliases"": [""salvaged"", ""flange"", ""steel""], ""score"": 9, ""tier"": ""primary"", ""source"": ""dossier_partial""}",bg_hunt,5:5f542910-8dcf-46a9-a77c-dfff0c64ee65:1152988574816141548,dossier,salvaged;flange;steel,9,true,true,primary,1
EP03-0434,rel,5:5f542910-8dcf-46a9-a77c-dfff0c64ee65:1155240374629826796,bg_stahl_mehrere_boulder_wide_flange_members,bt_traeger,HAT_BAUTEILTYP,bg_stahl_mehrere_boulder_wide_flange_members -HAT_BAUTEILTYP-> Traeger,web,E:\recherche\_neo4j\processed\projects\records\p_boulder_fire_station_3.kg.jsonl,true,local,UNSUPPORTED,PARTIAL,niedrig,89 salvaged wide-flange steel members,KEEP,,BG-01,"{""matched_aliases"": [""salvaged"", ""flange"", ""steel""], ""score"": 9, ""tier"": ""primary"", ""source"": ""dossier_partial""}",bg_hunt,5:5f542910-8dcf-46a9-a77c-dfff0c64ee65:1155240374629826796,dossier,salvaged;flange;steel,9,true,true,primary,1
EP03-0493,rel,5:5f542910-8dcf-46a9-a77c-dfff0c64ee65:1152988574816141546,bg_stahl_traeger_boulder_hospital_stockpile,bt_traeger,HAT_BAUTEILTYP,bg_stahl_traeger_boulder_hospital_stockpile -HAT_BAUTEILTYP-> Traeger,web,E:\recherche\_neo4j\processed\projects\records\p_boulder_fire_station_3.kg.jsonl,true,local,UNSUPPORTED,PARTIAL,niedrig,Boulder Community Hospital structural steel stockpile,KEEP,,BG-01,"{""matched_aliases"": [""Boulder"", ""hospital"", ""steel""], ""score"": 9, ""tier"": ""primary"", ""source"": ""dossier_partial""}",bg_hunt,5:5f542910-8dcf-46a9-a77c-dfff0c64ee65:1152988574816141546,dossier,Boulder;hospital;steel,9,true,true,primary,1
EP03-1023,rel,5:5f542910-8dcf-46a9-a77c-dfff0c64ee65:1153001768955674857,bg_holz_stuetze_boulder_glulam,mat_holz,NUTZT_MATERIAL,bg_holz_stuetze_boulder_glulam -NUTZT_MATERIAL-> Holz,web,E:\recherche\_neo4j\processed\projects\records\p_boulder_fire_station_3.kg.jsonl,true,local,UNSUPPORTED,PARTIAL,niedrig,Neue Glulam Columns im Hybridtragwerk,KEEP,,BG-01,"{""matched_aliases"": [""Glulam"", ""glulam""], ""score"": 7, ""tier"": ""primary"", ""source"": ""dossier_partial""}",bg_hunt,5:5f542910-8dcf-46a9-a77c-dfff0c64ee65:1153001768955674857,dossier,Glulam;glulam,7,true,true,primary,1
EP03-1233,rel,5:5f542910-8dcf-46a9-a77c-dfff0c64ee65:1153001768955674860,bg_stahl_mehrere_boulder_wide_flange_members,mat_stahl,NUTZT_MATERIAL,bg_stahl_mehrere_boulder_wide_flange_members -NUTZT_MATERIAL-> Stahl,web,E:\recherche\_neo4j\processed\projects\records\p_boulder_fire_station_3.kg.jsonl,true,local,UNSUPPORTED,PROVEN,belegt,89 salvaged wide-flange steel members,UPGRADE,set_rel_properties,BG-01,"{""matched_aliases"": [""salvaged"", ""flange"", ""steel""], ""score"": 11, ""tier"": ""primary"", ""source"": ""dossier""}",bg_hunt,5:5f542910-8dcf-46a9-a77c-dfff0c64ee65:1153001768955674860,bg_hunt_alias_match,salvaged;flange;steel,11,true,true,primary,1
EP03-1265,rel,5:5f542910-8dcf-46a9-a77c-dfff0c64ee65:1153001768955674858,bg_stahl_traeger_boulder_hospital_stockpile,mat_stahl,NUTZT_MATERIAL,bg_stahl_traeger_boulder_hospital_stockpile -NUTZT_MATERIAL-> Stahl,web,E:\recherche\_neo4j\processed\projects\records\p_boulder_fire_station_3.kg.jsonl,true,local,UNSUPPORTED,PROVEN,belegt,Boulder Community Hospital structural steel stockpile,UPGRADE,set_rel_properties,BG-01,"{""matched_aliases"": [""Boulder"", ""hospital"", ""steel""], ""score"": 11, ""tier"": ""primary"", ""source"": ""dossier""}",bg_hunt,5:5f542910-8dcf-46a9-a77c-dfff0c64ee65:1153001768955674858,bg_hunt_alias_match,Boulder;hospital;steel,11,true,true,primary,1
EP03-0416,rel,5:5f542910-8dcf-46a9-a77c-dfff0c64ee65:1152988574816141549,bg_stahl_fassade_brent_cross_new_support_members,bt_fassade,HAT_BAUTEILTYP,bg_stahl_fassade_brent_cross_new_support_members -HAT_BAUTEILTYP-> Fassade,web,https://www.arup.com/projects/brent-cross-town,true,local,UNSUPPORTED,PROVEN,belegt,Neue façade support members,UPGRADE,set_rel_properties,BG-01,"{""matched_aliases"": [""Fa\u00e7ade support members"", ""facade""], ""score"": 9, ""tier"": ""primary"", ""source"": ""dossier""}",bg_hunt,5:5f542910-8dcf-46a9-a77c-dfff0c64ee65:1152988574816141549,bg_hunt_alias_match,Façade support members;facade,9,true,true,primary,1
EP03-1221,rel,5:5f542910-8dcf-46a9-a77c-dfff0c64ee65:1153001768955674861,bg_stahl_fassade_brent_cross_new_support_members,mat_stahl,NUTZT_MATERIAL,bg_stahl_fassade_brent_cross_new_support_members -NUTZT_MATERIAL-> Stahl,web,E:\recherche\_neo4j\processed\projects\records\p_brent_cross_town_primary_substation_london.kg.jsonl,true,local,UNSUPPORTED,PARTIAL,niedrig,Neue façade support members,KEEP,,BG-01,"{""matched_aliases"": [""Fa\u00e7ade support members"", ""facade""], ""score"": 7, ""tier"": ""primary"", ""source"": ""dossier_partial""}",bg_hunt,5:5f542910-8dcf-46a9-a77c-dfff0c64ee65:1153001768955674861,dossier,Façade support members;facade,7,true,true,primary,1
EP03-0112,rel,5:5f542910-8dcf-46a9-a77c-dfff0c64ee65:1152988574816141554,bg_beton_mehrere_brighton_betonbloecke,bt_fundament,HAT_BAUTEILTYP,bg_beton_mehrere_brighton_betonbloecke -HAT_BAUTEILTYP-> Fundament,web,,false,,UNSUPPORTED,UNSUPPORTED,hoch,,KEEP_DEFERRED,,BG-01,"{""queries_tried"": 1, ""urls"": [""https://www.construction21.org/articles/h/the-brighton-waste-house.html""], ""reason"": ""no_qualifying_quote""}",bg_hunt,5:5f542910-8dcf-46a9-a77c-dfff0c64ee65:1152988574816141554,,,,false,false,,1
EP03-0113,rel,5:5f542910-8dcf-46a9-a77c-dfff0c64ee65:1155240374629826802,bg_beton_mehrere_brighton_betonbloecke,bt_wand,HAT_BAUTEILTYP,bg_beton_mehrere_brighton_betonbloecke -HAT_BAUTEILTYP-> Wand,web,,false,,UNSUPPORTED,UNSUPPORTED,hoch,,KEEP_DEFERRED,,BG-01,"{""queries_tried"": 1, ""urls"": [""https://www.construction21.org/articles/h/the-brighton-waste-house.html""], ""reason"": ""no_qualifying_quote""}",bg_hunt,5:5f542910-8dcf-46a9-a77c-dfff0c64ee65:1155240374629826802,,,,false,false,,1
EP03-0184,rel,5:5f542910-8dcf-46a9-a77c-dfff0c64ee65:1152988574816141556,bg_holz_mehrere_brighton_sperrholz,bt_ausbau,HAT_BAUTEILTYP,bg_holz_mehrere_brighton_sperrholz -HAT_BAUTEILTYP-> Ausbau,web,E:\recherche\_neo4j\processed\projects\records\p_brighton_waste_house_brighton.kg.jsonl,true,local,UNSUPPORTED,PARTIAL,niedrig,Holz und Sperrholz aus Reststücken,KEEP,,BG-01,"{""matched_aliases"": [""Holz"", ""holz""], ""score"": 6, ""tier"": ""primary"", ""source"": ""dossier_partial""}",bg_hunt,5:5f542910-8dcf-46a9-a77c-dfff0c64ee65:1152988574816141556,dossier,Holz;holz,6,true,false,primary,1
EP03-0185,rel,5:5f542910-8dcf-46a9-a77c-dfff0c64ee65:1155240374629826804,bg_holz_mehrere_brighton_sperrholz,bt_wand,HAT_BAUTEILTYP,bg_holz_mehrere_brighton_sperrholz -HAT_BAUTEILTYP-> Wand,web,E:\recherche\_neo4j\processed\projects\records\p_brighton_waste_house_brighton.kg.jsonl,true,local,UNSUPPORTED,PARTIAL,niedrig,Holz und Sperrholz aus Reststücken,KEEP,,BG-01,"{""matched_aliases"": [""Holz"", ""holz""], ""score"": 6, ""tier"": ""primary"", ""source"": ""dossier_partial""}",bg_hunt,5:5f542910-8dcf-46a9-a77c-dfff0c64ee65:1155240374629826804,dossier,Holz;holz,6,true,false,primary,1
EP03-0261,rel,5:5f542910-8dcf-46a9-a77c-dfff0c64ee65:1152988574816141559,bg_kunststoff_daemmung_brighton_zahnbuersten_medienabfall_infill,bt_daemmung,HAT_BAUTEILTYP,bg_kunststoff_daemmung_brighton_zahnbuersten_medienabfall_infill -HAT_BAUTEILTYP-> Daemmung,web,E:\recherche\_neo4j\processed\projects\records\p_brighton_waste_house_brighton.kg.jsonl,true,local,UNSUPPORTED,PARTIAL,niedrig,Zahnbürsten und Medienabfall als Hohlraumfüllung,KEEP,,BG-01,"{""matched_aliases"": [""Zahnb\u00fcrsten"", ""medienabfall""], ""score"": 7, ""tier"": ""primary"", ""source"": ""dossier_partial""}",bg_hunt,5:5f542910-8dcf-46a9-a77c-dfff0c64ee65:1152988574816141559,dossier,Zahnbürsten;medienabfall,7,true,true,primary,1
EP03-0264,rel,5:5f542910-8dcf-46a9-a77c-dfff0c64ee65:1152988574816141558,bg_kunststoff_technik_brighton_vinylbanner_dampfbremse,bt_technik,HAT_BAUTEILTYP,bg_kunststoff_technik_brighton_vinylbanner_dampfbremse -HAT_BAUTEILTYP-> Technik,web,E:\recherche\_neo4j\processed\projects\records\p_brighton_waste_house_brighton.kg.jsonl,true,local,UNSUPPORTED,PARTIAL,niedrig,Vinylbanner als Dampfbremse,KEEP,,BG-01,"{""matched_aliases"": [""Vinylbanner"", ""vinylbanner""], ""score"": 7, ""tier"": ""primary"", ""source"": ""dossier_partial""}",bg_hunt,5:5f542910-8dcf-46a9-a77c-dfff0c64ee65:1152988574816141558,dossier,Vinylbanner;vinylbanner,7,true,true,primary,1
EP03-0298,rel,5:5f542910-8dcf-46a9-a77c-dfff0c64ee65:1152988574816141557,bg_mehrere_mehrere_brighton_teppichfliesen_fassade,bt_daemmung,HAT_BAUTEILTYP,bg_mehrere_mehrere_brighton_teppichfliesen_fassade -HAT_BAUTEILTYP-> Daemmung,web,,false,,UNSUPPORTED,UNSUPPORTED,unbelegt,,KEEP_DEFERRED,,BG-01,"{""queries_tried"": 1, ""urls"": [""https://www.construction21.org/articles/h/the-brighton-waste-house.html""], ""reason"": ""no_qualifying_quote""}",bg_hunt,5:5f542910-8dcf-46a9-a77c-dfff0c64ee65:1152988574816141557,,,,false,false,,1
EP03-0299,rel,5:5f542910-8dcf-46a9-a77c-dfff0c64ee65:1155240374629826805,bg_mehrere_mehrere_brighton_teppichfliesen_fassade,bt_fassade,HAT_BAUTEILTYP,bg_mehrere_mehrere_brighton_teppichfliesen_fassade -HAT_BAUTEILTYP-> Fassade,web,,false,,UNSUPPORTED,UNSUPPORTED,unbelegt,,KEEP_DEFERRED,,BG-01,"{""queries_tried"": 1, ""urls"": [""https://www.construction21.org/articles/h/the-brighton-waste-house.html""], ""reason"": ""no_qualifying_quote""}",bg_hunt,5:5f542910-8dcf-46a9-a77c-dfff0c64ee65:1155240374629826805,,,,false,false,,1
EP03-0536,rel,5:5f542910-8dcf-46a9-a77c-dfff0c64ee65:1152988574816141555,bg_textil_daemmung_brighton_denim,bt_daemmung,HAT_BAUTEILTYP,bg_textil_daemmung_brighton_denim -HAT_BAUTEILTYP-> Daemmung,web,E:\recherche\_neo4j\processed\projects\records\p_brighton_waste_house_brighton.kg.jsonl,true,local,UNSUPPORTED,PARTIAL,niedrig,Denim jeans als Dämm-/Hohlraumfüllung,KEEP,,BG-01,"{""matched_aliases"": [""Denim"", ""denim""], ""score"": 7, ""tier"": ""primary"", ""source"": ""dossier_partial""}",bg_hunt,5:5f542910-8dcf-46a9-a77c-dfff0c64ee65:1152988574816141555,dossier,Denim;denim,7,true,true,primary,1
EP03-0934,rel,5:5f542910-8dcf-46a9-a77c-dfff0c64ee65:1153001768955674866,bg_beton_mehrere_brighton_betonbloecke,mat_beton,NUTZT_MATERIAL,bg_beton_mehrere_brighton_betonbloecke -NUTZT_MATERIAL-> Beton,web,,false,,UNSUPPORTED,UNSUPPORTED,unbelegt,,KEEP_DEFERRED,,BG-01,"{""queries_tried"": 1, ""urls"": [""https://www.construction21.org/articles/h/the-brighton-waste-house.html""], ""reason"": ""no_qualifying_quote""}",bg_hunt,5:5f542910-8dcf-46a9-a77c-dfff0c64ee65:1153001768955674866,,,,false,false,,1
EP03-0996,rel,5:5f542910-8dcf-46a9-a77c-dfff0c64ee65:1153001768955674868,bg_holz_mehrere_brighton_sperrholz,mat_holz,NUTZT_MATERIAL,bg_holz_mehrere_brighton_sperrholz -NUTZT_MATERIAL-> Holz,web,E:\recherche\_neo4j\processed\projects\records\p_brighton_waste_house_brighton.kg.jsonl,true,local,UNSUPPORTED,PARTIAL,niedrig,Holz und Sperrholz aus Reststücken,KEEP,,BG-01,"{""matched_aliases"": [""Holz"", ""holz""], ""score"": 8, ""tier"": ""primary"", ""source"": ""dossier_partial""}",bg_hunt,5:5f542910-8dcf-46a9-a77c-dfff0c64ee65:1153001768955674868,dossier,Holz;holz,8,true,false,primary,1
EP03-1043,rel,5:5f542910-8dcf-46a9-a77c-dfff0c64ee65:1153001768955674871,bg_kunststoff_daemmung_brighton_zahnbuersten_medienabfall_infill,mat_kunststoff,NUTZT_MATERIAL,bg_kunststoff_daemmung_brighton_zahnbuersten_medienabfall_infill -NUTZT_MATERIAL-> Kunststoff,web,E:\recherche\_neo4j\processed\projects\records\p_brighton_waste_house_brighton.kg.jsonl,true,local,UNSUPPORTED,PARTIAL,niedrig,Zahnbürsten und Medienabfall als Hohlraumfüllung,KEEP,,BG-01,"{""matched_aliases"": [""Zahnb\u00fcrsten"", ""medienabfall""], ""score"": 7, ""tier"": ""primary"", ""source"": ""dossier_partial""}",bg_hunt,5:5f542910-8dcf-46a9-a77c-dfff0c64ee65:1153001768955674871,dossier,Zahnbürsten;medienabfall,7,true,true,primary,1
EP03-1046,rel,5:5f542910-8dcf-46a9-a77c-dfff0c64ee65:1153001768955674870,bg_kunststoff_technik_brighton_vinylbanner_dampfbremse,mat_kunststoff,NUTZT_MATERIAL,bg_kunststoff_technik_brighton_vinylbanner_dampfbremse -NUTZT_MATERIAL-> Kunststoff,web,E:\recherche\_neo4j\processed\projects\records\p_brighton_waste_house_brighton.kg.jsonl,true,local,UNSUPPORTED,PARTIAL,niedrig,Vinylbanner als Dampfbremse,KEEP,,BG-01,"{""matched_aliases"": [""Vinylbanner"", ""vinylbanner""], ""score"": 7, ""tier"": ""primary"", ""source"": ""dossier_partial""}",bg_hunt,5:5f542910-8dcf-46a9-a77c-dfff0c64ee65:1153001768955674870,dossier,Vinylbanner;vinylbanner,7,true,true,primary,1
EP03-1092,rel,5:5f542910-8dcf-46a9-a77c-dfff0c64ee65:1155253568769360117,bg_mehrere_mehrere_brighton_teppichfliesen_fassade,mat_textil,NUTZT_MATERIAL,bg_mehrere_mehrere_brighton_teppichfliesen_fassade -NUTZT_MATERIAL-> Textil,web,,false,,UNSUPPORTED,UNSUPPORTED,unbelegt,,KEEP_DEFERRED,,BG-01,"{""queries_tried"": 1, ""urls"": [""https://www.construction21.org/articles/h/the-brighton-waste-house.html""], ""reason"": ""no_qualifying_quote""}",bg_hunt,5:5f542910-8dcf-46a9-a77c-dfff0c64ee65:1155253568769360117,,,,false,false,,1
EP03-1296,rel,5:5f542910-8dcf-46a9-a77c-dfff0c64ee65:1153001768955674867,bg_textil_daemmung_brighton_denim,mat_textil,NUTZT_MATERIAL,bg_textil_daemmung_brighton_denim -NUTZT_MATERIAL-> Textil,web,E:\recherche\_neo4j\processed\projects\records\p_brighton_waste_house_brighton.kg.jsonl,true,local,UNSUPPORTED,PARTIAL,niedrig,Denim jeans als Dämm-/Hohlraumfüllung,KEEP,,BG-01,"{""matched_aliases"": [""Denim"", ""denim""], ""score"": 7, ""tier"": ""primary"", ""source"": ""dossier_partial""}",bg_hunt,5:5f542910-8dcf-46a9-a77c-dfff0c64ee65:1153001768955674867,dossier,Denim;denim,7,true,true,primary,1
EP03-0500,rel,5:5f542910-8dcf-46a9-a77c-dfff0c64ee65:1152988574816141560,bg_stahlbeton_decke_broethen_p2_deckenplatten,bt_decke,HAT_BAUTEILTYP,bg_stahlbeton_decke_broethen_p2_deckenplatten -HAT_BAUTEILTYP-> Decke,web,E:\recherche\_neo4j\processed\projects\records\p_broethen_twin_house_hoyerswerda.kg.jsonl,true,local,UNSUPPORTED,PARTIAL,niedrig,P2-Deckenplatten,KEEP,,BG-01,"{""matched_aliases"": [""P2-Deckenplatten"", ""deckenplatten""], ""score"": 7, ""tier"": ""primary"", ""source"": ""dossier_partial""}",bg_hunt,5:5f542910-8dcf-46a9-a77c-dfff0c64ee65:1152988574816141560,dossier,P2-Deckenplatten;deckenplatten,7,true,true,primary,1
EP03-0533,rel,5:5f542910-8dcf-46a9-a77c-dfff0c64ee65:1152988574816141561,bg_stahlbeton_wand_broethen_p2_wandplatten,bt_wand,HAT_BAUTEILTYP,bg_stahlbeton_wand_broethen_p2_wandplatten -HAT_BAUTEILTYP-> Wand,web,E:\recherche\_neo4j\processed\projects\records\p_broethen_twin_house_hoyerswerda.kg.jsonl,true,local,UNSUPPORTED,PARTIAL,niedrig,26 Wandplatten aus P2-Massenwohnungsbau,KEEP,,BG-01,"{""matched_aliases"": [""Wandplatten"", ""wandplatten""], ""score"": 7, ""tier"": ""primary"", ""source"": ""dossier_partial""}",bg_hunt,5:5f542910-8dcf-46a9-a77c-dfff0c64ee65:1152988574816141561,dossier,Wandplatten;wandplatten,7,true,true,primary,1
EP03-1272,rel,5:5f542910-8dcf-46a9-a77c-dfff0c64ee65:1153001768955674872,bg_stahlbeton_decke_broethen_p2_deckenplatten,mat_stahlbeton,NUTZT_MATERIAL,bg_stahlbeton_decke_broethen_p2_deckenplatten -NUTZT_MATERIAL-> Stahlbeton,web,E:\recherche\_neo4j\processed\projects\records\p_broethen_twin_house_hoyerswerda.kg.jsonl,true,local,UNSUPPORTED,PARTIAL,niedrig,P2-Deckenplatten,KEEP,,BG-01,"{""matched_aliases"": [""P2-Deckenplatten"", ""deckenplatten""], ""score"": 7, ""tier"": ""primary"", ""source"": ""dossier_partial""}",bg_hunt,5:5f542910-8dcf-46a9-a77c-dfff0c64ee65:1153001768955674872,dossier,P2-Deckenplatten;deckenplatten,7,true,true,primary,1
EP03-1292,rel,5:5f542910-8dcf-46a9-a77c-dfff0c64ee65:1153001768955674873,bg_stahlbeton_wand_broethen_p2_wandplatten,mat_stahlbeton,NUTZT_MATERIAL,bg_stahlbeton_wand_broethen_p2_wandplatten -NUTZT_MATERIAL-> Stahlbeton,web,E:\recherche\_neo4j\processed\projects\records\p_broethen_twin_house_hoyerswerda.kg.jsonl,true,local,UNSUPPORTED,PARTIAL,niedrig,26 Wandplatten aus P2-Massenwohnungsbau,KEEP,,BG-01,"{""matched_aliases"": [""Wandplatten"", ""wandplatten""], ""score"": 7, ""tier"": ""primary"", ""source"": ""dossier_partial""}",bg_hunt,5:5f542910-8dcf-46a9-a77c-dfff0c64ee65:1153001768955674873,dossier,Wandplatten;wandplatten,7,true,true,primary,1
EP03-0186,rel,5:5f542910-8dcf-46a9-a77c-dfff0c64ee65:1152988574816141563,bg_holz_mehrere_cascadeup_clst_floor_panels,bt_boden,HAT_BAUTEILTYP,bg_holz_mehrere_cascadeup_clst_floor_panels -HAT_BAUTEILTYP-> Boden,web,,false,,UNSUPPORTED,UNSUPPORTED,hoch,,KEEP_DEFERRED,,BG-01,"{""queries_tried"": 1, ""urls"": [], ""reason"": ""no_qualifying_quote""}",bg_hunt,5:5f542910-8dcf-46a9-a77c-dfff0c64ee65:1152988574816141563,,,,false,false,,1
EP03-0187,rel,5:5f542910-8dcf-46a9-a77c-dfff0c64ee65:1155240374629826811,bg_holz_mehrere_cascadeup_clst_floor_panels,bt_decke,HAT_BAUTEILTYP,bg_holz_mehrere_cascadeup_clst_floor_panels -HAT_BAUTEILTYP-> Decke,web,,false,,UNSUPPORTED,UNSUPPORTED,hoch,,KEEP_DEFERRED,,BG-01,"{""queries_tried"": 1, ""urls"": [], ""reason"": ""no_qualifying_quote""}",bg_hunt,5:5f542910-8dcf-46a9-a77c-dfff0c64ee65:1155240374629826811,,,,false,false,,1
EP03-0188,rel,5:5f542910-8dcf-46a9-a77c-dfff0c64ee65:1152988574816141565,bg_holz_mehrere_cascadeup_glulamst_frame,bt_stuetze,HAT_BAUTEILTYP,bg_holz_mehrere_cascadeup_glulamst_frame -HAT_BAUTEILTYP-> Stuetze,web,,false,,UNSUPPORTED,UNSUPPORTED,hoch,,KEEP_DEFERRED,,BG-01,"{""queries_tried"": 1, ""urls"": [], ""reason"": ""no_qualifying_quote""}",bg_hunt,5:5f542910-8dcf-46a9-a77c-dfff0c64ee65:1152988574816141565,,,,false,false,,1
EP03-0189,rel,5:5f542910-8dcf-46a9-a77c-dfff0c64ee65:1155240374629826813,bg_holz_mehrere_cascadeup_glulamst_frame,bt_traeger,HAT_BAUTEILTYP,bg_holz_mehrere_cascadeup_glulamst_frame -HAT_BAUTEILTYP-> Traeger,web,,false,,UNSUPPORTED,UNSUPPORTED,hoch,,KEEP_DEFERRED,,BG-01,"{""queries_tried"": 1, ""urls"": [], ""reason"": ""no_qualifying_quote""}",bg_hunt,5:5f542910-8dcf-46a9-a77c-dfff0c64ee65:1155240374629826813,,,,false,false,,1
EP03-0997,rel,5:5f542910-8dcf-46a9-a77c-dfff0c64ee65:1153001768955674875,bg_holz_mehrere_cascadeup_clst_floor_panels,mat_holz,NUTZT_MATERIAL,bg_holz_mehrere_cascadeup_clst_floor_panels -NUTZT_MATERIAL-> Holz,web,,false,,UNSUPPORTED,UNSUPPORTED,unbelegt,,KEEP_DEFERRED,,BG-01,"{""queries_tried"": 1, ""urls"": [], ""reason"": ""no_qualifying_quote""}",bg_hunt,5:5f542910-8dcf-46a9-a77c-dfff0c64ee65:1153001768955674875,,,,false,false,,1
EP03-0998,rel,5:5f542910-8dcf-46a9-a77c-dfff0c64ee65:1153001768955674877,bg_holz_mehrere_cascadeup_glulamst_frame,mat_holz,NUTZT_MATERIAL,bg_holz_mehrere_cascadeup_glulamst_frame -NUTZT_MATERIAL-> Holz,web,,false,,UNSUPPORTED,UNSUPPORTED,unbelegt,,KEEP_DEFERRED,,BG-01,"{""queries_tried"": 1, ""urls"": [], ""reason"": ""no_qualifying_quote""}",bg_hunt,5:5f542910-8dcf-46a9-a77c-dfff0c64ee65:1153001768955674877,,,,false,false,,1
EP03-0128,rel,5:5f542910-8dcf-46a9-a77c-dfff0c64ee65:1152988574816141581,bg_beton_wand_chiro_surplus_blocks,bt_wand,HAT_BAUTEILTYP,bg_beton_wand_chiro_surplus_blocks -HAT_BAUTEILTYP-> Wand,web,,false,,UNSUPPORTED,UNSUPPORTED,hoch,,KEEP_DEFERRED,,BG-01,"{""queries_tried"": 0, ""urls"": [], ""reason"": ""no_qualifying_quote""}",bg_hunt,5:5f542910-8dcf-46a9-a77c-dfff0c64ee65:1152988574816141581,,,,false,false,,0
EP03-0129,rel,5:5f542910-8dcf-46a9-a77c-dfff0c64ee65:1152988574816141582,bg_daemmstoff_daemmung_chiro_surplus_floor_wall,bt_daemmung,HAT_BAUTEILTYP,bg_daemmstoff_daemmung_chiro_surplus_floor_wall -HAT_BAUTEILTYP-> Daemmung,web,E:\recherche\_neo4j\processed\projects\records\p_chiro_d_itterbeek_dilbeek.kg.jsonl,true,local,UNSUPPORTED,PARTIAL,niedrig,Surplus-Dämmung Decke,KEEP,,BG-01,"{""matched_aliases"": [""Surplus"", ""surplus""], ""score"": 7, ""tier"": ""primary"", ""source"": ""dossier_partial""}",bg_hunt,5:5f542910-8dcf-46a9-a77c-dfff0c64ee65:1152988574816141582,dossier,Surplus;surplus,7,true,true,primary,1
EP03-0172,rel,5:5f542910-8dcf-46a9-a77c-dfff0c64ee65:1152988574816141585,bg_holz_fenster_chiro,bt_fenster,HAT_BAUTEILTYP,bg_holz_fenster_chiro -HAT_BAUTEILTYP-> Fenster,web,,false,,UNSUPPORTED,UNSUPPORTED,hoch,,KEEP_DEFERRED,,BG-01,"{""queries_tried"": 1, ""urls"": [], ""reason"": ""no_qualifying_quote""}",bg_hunt,5:5f542910-8dcf-46a9-a77c-dfff0c64ee65:1152988574816141585,,,,false,false,,1
EP03-0190,rel,5:5f542910-8dcf-46a9-a77c-dfff0c64ee65:1152988574816141583,bg_holz_mehrere_chiro_surplus_roof_frame,bt_dach,HAT_BAUTEILTYP,bg_holz_mehrere_chiro_surplus_roof_frame -HAT_BAUTEILTYP-> Dach,web,,false,,UNSUPPORTED,UNSUPPORTED,hoch,,KEEP_DEFERRED,,BG-01,"{""queries_tried"": 0, ""urls"": [], ""reason"": ""no_qualifying_quote""}",bg_hunt,5:5f542910-8dcf-46a9-a77c-dfff0c64ee65:1152988574816141583,,,,false,false,,0
EP03-0191,rel,5:5f542910-8dcf-46a9-a77c-dfff0c64ee65:1155240374629826831,bg_holz_mehrere_chiro_surplus_roof_frame,bt_traeger,HAT_BAUTEILTYP,bg_holz_mehrere_chiro_surplus_roof_frame -HAT_BAUTEILTYP-> Traeger,web,,false,,UNSUPPORTED,UNSUPPORTED,hoch,,KEEP_DEFERRED,,BG-01,"{""queries_tried"": 0, ""urls"": [], ""reason"": ""no_qualifying_quote""}",bg_hunt,5:5f542910-8dcf-46a9-a77c-dfff0c64ee65:1155240374629826831,,,,false,false,,0
EP03-0238,rel,5:5f542910-8dcf-46a9-a77c-dfff0c64ee65:1152988574816141573,bg_holz_tuer_chiro_external,bt_tuer,HAT_BAUTEILTYP,bg_holz_tuer_chiro_external -HAT_BAUTEILTYP-> Tuer,web,,false,,UNSUPPORTED,UNSUPPORTED,hoch,,KEEP_DEFERRED,,BG-01,"{""queries_tried"": 0, ""urls"": [], ""reason"": ""no_qualifying_quote""}",bg_hunt,5:5f542910-8dcf-46a9-a77c-dfff0c64ee65:1152988574816141573,,,,false,false,,0
EP03-0244,rel,5:5f542910-8dcf-46a9-a77c-dfff0c64ee65:1152988574816141575,bg_keramik_boden_chiro_tiles,bt_boden,HAT_BAUTEILTYP,bg_keramik_boden_chiro_tiles -HAT_BAUTEILTYP-> Boden,web,,false,,UNSUPPORTED,UNSUPPORTED,unbelegt,,KEEP_DEFERRED,,BG-01,"{""queries_tried"": 1, ""urls"": [], ""reason"": ""no_qualifying_quote""}",bg_hunt,5:5f542910-8dcf-46a9-a77c-dfff0c64ee65:1152988574816141575,,,,false,false,,1
EP03-0260,rel,5:5f542910-8dcf-46a9-a77c-dfff0c64ee65:1152988574816141584,bg_keramik_wand_chiro_tiles,bt_wand,HAT_BAUTEILTYP,bg_keramik_wand_chiro_tiles -HAT_BAUTEILTYP-> Wand,web,,false,,UNSUPPORTED,UNSUPPORTED,unbelegt,,KEEP_DEFERRED,,BG-01,"{""queries_tried"": 1, ""urls"": [], ""reason"": ""no_qualifying_quote""}",bg_hunt,5:5f542910-8dcf-46a9-a77c-dfff0c64ee65:1152988574816141584,,,,false,false,,1
EP03-0383,rel,5:5f542910-8dcf-46a9-a77c-dfff0c64ee65:1152988574816141578,bg_mehrere_technik_chiro_sanitary_fixtures,bt_technik,HAT_BAUTEILTYP,bg_mehrere_technik_chiro_sanitary_fixtures -HAT_BAUTEILTYP-> Technik,web,,false,,UNSUPPORTED,UNSUPPORTED,unbelegt,,KEEP_DEFERRED,,BG-01,"{""queries_tried"": 0, ""urls"": [], ""reason"": ""no_qualifying_quote""}",bg_hunt,5:5f542910-8dcf-46a9-a77c-dfff0c64ee65:1152988574816141578,,,,false,false,,0
EP03-0435,rel,5:5f542910-8dcf-46a9-a77c-dfff0c64ee65:1152988574816141579,bg_stahl_mehrere_chiro_u_lintels,bt_fassade,HAT_BAUTEILTYP,bg_stahl_mehrere_chiro_u_lintels -HAT_BAUTEILTYP-> Fassade,web,,false,,UNSUPPORTED,UNSUPPORTED,unbelegt,,KEEP_DEFERRED,,BG-01,"{""queries_tried"": 0, ""urls"": [], ""reason"": ""no_qualifying_quote""}",bg_hunt,5:5f542910-8dcf-46a9-a77c-dfff0c64ee65:1152988574816141579,,,,false,false,,0
EP03-0436,rel,5:5f542910-8dcf-46a9-a77c-dfff0c64ee65:1155240374629826827,bg_stahl_mehrere_chiro_u_lintels,bt_traeger,HAT_BAUTEILTYP,bg_stahl_mehrere_chiro_u_lintels -HAT_BAUTEILTYP-> Traeger,web,,false,,UNSUPPORTED,UNSUPPORTED,unbelegt,,KEEP_DEFERRED,,BG-01,"{""queries_tried"": 0, ""urls"": [], ""reason"": ""no_qualifying_quote""}",bg_hunt,5:5f542910-8dcf-46a9-a77c-dfff0c64ee65:1155240374629826827,,,,false,false,,0
EP03-0541,rel,5:5f542910-8dcf-46a9-a77c-dfff0c64ee65:1152988574816141576,bg_unbekannt_technik_chiro_luminaires,bt_technik,HAT_BAUTEILTYP,bg_unbekannt_technik_chiro_luminaires -HAT_BAUTEILTYP-> Technik,web,,false,,UNSUPPORTED,UNSUPPORTED,unbelegt,,KEEP_DEFERRED,,BG-01,"{""queries_tried"": 0, ""urls"": [], ""reason"": ""no_qualifying_quote""}",bg_hunt,5:5f542910-8dcf-46a9-a77c-dfff0c64ee65:1152988574816141576,,,,false,false,,0
EP03-0544,rel,5:5f542910-8dcf-46a9-a77c-dfff0c64ee65:1152988574816141577,bg_ziegel_dach_chiro_tiles,bt_dach,HAT_BAUTEILTYP,bg_ziegel_dach_chiro_tiles -HAT_BAUTEILTYP-> Dach,web,,false,,UNSUPPORTED,UNSUPPORTED,unbelegt,,KEEP_DEFERRED,,BG-01,"{""queries_tried"": 0, ""urls"": [], ""reason"": ""no_qualifying_quote""}",bg_hunt,5:5f542910-8dcf-46a9-a77c-dfff0c64ee65:1152988574816141577,,,,false,false,,0
EP03-0546,rel,5:5f542910-8dcf-46a9-a77c-dfff0c64ee65:1152988574816141574,bg_ziegel_mehrere_chiro_facade,bt_fassade,HAT_BAUTEILTYP,bg_ziegel_mehrere_chiro_facade -HAT_BAUTEILTYP-> Fassade,web,,false,,UNSUPPORTED,UNSUPPORTED,unbelegt,,KEEP_DEFERRED,,BG-01,"{""queries_tried"": 1, ""urls"": [], ""reason"": ""no_qualifying_quote""}",bg_hunt,5:5f542910-8dcf-46a9-a77c-dfff0c64ee65:1152988574816141574,,,,false,false,,1
EP03-0547,rel,5:5f542910-8dcf-46a9-a77c-dfff0c64ee65:1155240374629826822,bg_ziegel_mehrere_chiro_facade,bt_wand,HAT_BAUTEILTYP,bg_ziegel_mehrere_chiro_facade -HAT_BAUTEILTYP-> Wand,web,,false,,UNSUPPORTED,UNSUPPORTED,unbelegt,,KEEP_DEFERRED,,BG-01,"{""queries_tried"": 1, ""urls"": [], ""reason"": ""no_qualifying_quote""}",bg_hunt,5:5f542910-8dcf-46a9-a77c-dfff0c64ee65:1155240374629826822,,,,false,false,,1
EP03-0946,rel,5:5f542910-8dcf-46a9-a77c-dfff0c64ee65:1153001768955674893,bg_beton_wand_chiro_surplus_blocks,mat_beton,NUTZT_MATERIAL,bg_beton_wand_chiro_surplus_blocks -NUTZT_MATERIAL-> Beton,web,,false,,UNSUPPORTED,UNSUPPORTED,unbelegt,,KEEP_DEFERRED,,BG-01,"{""queries_tried"": 0, ""urls"": [], ""reason"": ""no_qualifying_quote""}",bg_hunt,5:5f542910-8dcf-46a9-a77c-dfff0c64ee65:1153001768955674893,,,,false,false,,0
EP03-0947,rel,5:5f542910-8dcf-46a9-a77c-dfff0c64ee65:1153001768955674894,bg_daemmstoff_daemmung_chiro_surplus_floor_wall,mat_daemmstoff,NUTZT_MATERIAL,bg_daemmstoff_daemmung_chiro_surplus_floor_wall -NUTZT_MATERIAL-> Daemmstoff,web,E:\recherche\_neo4j\processed\projects\records\p_chiro_d_itterbeek_dilbeek.kg.jsonl,true,local,UNSUPPORTED,PARTIAL,niedrig,Surplus-Dämmung Decke,KEEP,,BG-01,"{""matched_aliases"": [""Surplus"", ""surplus""], ""score"": 7, ""tier"": ""primary"", ""source"": ""dossier_partial""}",bg_hunt,5:5f542910-8dcf-46a9-a77c-dfff0c64ee65:1153001768955674894,dossier,Surplus;surplus,7,true,true,primary,1
EP03-0986,rel,5:5f542910-8dcf-46a9-a77c-dfff0c64ee65:1153001768955674897,bg_holz_fenster_chiro,mat_glas,NUTZT_MATERIAL,bg_holz_fenster_chiro -NUTZT_MATERIAL-> Glas,web,,false,,UNSUPPORTED,UNSUPPORTED,unbelegt,,KEEP_DEFERRED,,BG-01,"{""queries_tried"": 1, ""urls"": [], ""reason"": ""no_qualifying_quote""}",bg_hunt,5:5f542910-8dcf-46a9-a77c-dfff0c64ee65:1153001768955674897,,,,false,false,,1
EP03-0987,rel,5:5f542910-8dcf-46a9-a77c-dfff0c64ee65:1155253568769360145,bg_holz_fenster_chiro,mat_holz,NUTZT_MATERIAL,bg_holz_fenster_chiro -NUTZT_MATERIAL-> Holz,web,,false,,UNSUPPORTED,UNSUPPORTED,unbelegt,,KEEP_DEFERRED,,BG-01,"{""queries_tried"": 1, ""urls"": [], ""reason"": ""no_qualifying_quote""}",bg_hunt,5:5f542910-8dcf-46a9-a77c-dfff0c64ee65:1155253568769360145,,,,false,false,,1
EP03-0999,rel,5:5f542910-8dcf-46a9-a77c-dfff0c64ee65:1153001768955674895,bg_holz_mehrere_chiro_surplus_roof_frame,mat_holz,NUTZT_MATERIAL,bg_holz_mehrere_chiro_surplus_roof_frame -NUTZT_MATERIAL-> Holz,web,,false,,UNSUPPORTED,UNSUPPORTED,unbelegt,,KEEP_DEFERRED,,BG-01,"{""queries_tried"": 0, ""urls"": [], ""reason"": ""no_qualifying_quote""}",bg_hunt,5:5f542910-8dcf-46a9-a77c-dfff0c64ee65:1153001768955674895,,,,false,false,,0
EP03-1025,rel,5:5f542910-8dcf-46a9-a77c-dfff0c64ee65:1153001768955674885,bg_holz_tuer_chiro_external,mat_holz,NUTZT_MATERIAL,bg_holz_tuer_chiro_external -NUTZT_MATERIAL-> Holz,web,,false,,UNSUPPORTED,UNSUPPORTED,unbelegt,,KEEP_DEFERRED,,BG-01,"{""queries_tried"": 0, ""urls"": [], ""reason"": ""no_qualifying_quote""}",bg_hunt,5:5f542910-8dcf-46a9-a77c-dfff0c64ee65:1153001768955674885,,,,false,false,,0
EP03-1031,rel,5:5f542910-8dcf-46a9-a77c-dfff0c64ee65:1153001768955674887,bg_keramik_boden_chiro_tiles,mat_keramik,NUTZT_MATERIAL,bg_keramik_boden_chiro_tiles -NUTZT_MATERIAL-> Keramik,web,,false,,UNSUPPORTED,UNSUPPORTED,unbelegt,,KEEP_DEFERRED,,BG-01,"{""queries_tried"": 1, ""urls"": [], ""reason"": ""no_qualifying_quote""}",bg_hunt,5:5f542910-8dcf-46a9-a77c-dfff0c64ee65:1153001768955674887,,,,false,false,,1
EP03-1042,rel,5:5f542910-8dcf-46a9-a77c-dfff0c64ee65:1153001768955674896,bg_keramik_wand_chiro_tiles,mat_keramik,NUTZT_MATERIAL,bg_keramik_wand_chiro_tiles -NUTZT_MATERIAL-> Keramik,web,,false,,UNSUPPORTED,UNSUPPORTED,unbelegt,,KEEP_DEFERRED,,BG-01,"{""queries_tried"": 1, ""urls"": [], ""reason"": ""no_qualifying_quote""}",bg_hunt,5:5f542910-8dcf-46a9-a77c-dfff0c64ee65:1153001768955674896,,,,false,false,,1
EP03-1182,rel,5:5f542910-8dcf-46a9-a77c-dfff0c64ee65:1153001768955674890,bg_mehrere_technik_chiro_sanitary_fixtures,mat_keramik,NUTZT_MATERIAL,bg_mehrere_technik_chiro_sanitary_fixtures -NUTZT_MATERIAL-> Keramik,web,,false,,UNSUPPORTED,UNSUPPORTED,unbelegt,,KEEP_DEFERRED,,BG-01,"{""queries_tried"": 0, ""urls"": [], ""reason"": ""no_qualifying_quote""}",bg_hunt,5:5f542910-8dcf-46a9-a77c-dfff0c64ee65:1153001768955674890,,,,false,false,,0
EP03-1183,rel,5:5f542910-8dcf-46a9-a77c-dfff0c64ee65:1155253568769360138,bg_mehrere_technik_chiro_sanitary_fixtures,mat_stahl,NUTZT_MATERIAL,bg_mehrere_technik_chiro_sanitary_fixtures -NUTZT_MATERIAL-> Stahl,web,,false,,UNSUPPORTED,UNSUPPORTED,unbelegt,,KEEP_DEFERRED,,BG-01,"{""queries_tried"": 0, ""urls"": [], ""reason"": ""no_qualifying_quote""}",bg_hunt,5:5f542910-8dcf-46a9-a77c-dfff0c64ee65:1155253568769360138,,,,false,false,,0
EP03-1234,rel,5:5f542910-8dcf-46a9-a77c-dfff0c64ee65:1153001768955674891,bg_stahl_mehrere_chiro_u_lintels,mat_stahl,NUTZT_MATERIAL,bg_stahl_mehrere_chiro_u_lintels -NUTZT_MATERIAL-> Stahl,web,,false,,UNSUPPORTED,UNSUPPORTED,unbelegt,,KEEP_DEFERRED,,BG-01,"{""queries_tried"": 0, ""urls"": [], ""reason"": ""no_qualifying_quote""}",bg_hunt,5:5f542910-8dcf-46a9-a77c-dfff0c64ee65:1153001768955674891,,,,false,false,,0
EP03-1300,rel,5:5f542910-8dcf-46a9-a77c-dfff0c64ee65:1153001768955674889,bg_ziegel_dach_chiro_tiles,mat_ziegel,NUTZT_MATERIAL,bg_ziegel_dach_chiro_tiles -NUTZT_MATERIAL-> Ziegel,web,,false,,UNSUPPORTED,UNSUPPORTED,unbelegt,,KEEP_DEFERRED,,BG-01,"{""queries_tried"": 0, ""urls"": [], ""reason"": ""no_qualifying_quote""}",bg_hunt,5:5f542910-8dcf-46a9-a77c-dfff0c64ee65:1153001768955674889,,,,false,false,,0
EP03-1302,rel,5:5f542910-8dcf-46a9-a77c-dfff0c64ee65:1153001768955674886,bg_ziegel_mehrere_chiro_facade,mat_ziegel,NUTZT_MATERIAL,bg_ziegel_mehrere_chiro_facade -NUTZT_MATERIAL-> Ziegel,web,,false,,UNSUPPORTED,UNSUPPORTED,unbelegt,,KEEP_DEFERRED,,BG-01,"{""queries_tried"": 1, ""urls"": [], ""reason"": ""no_qualifying_quote""}",bg_hunt,5:5f542910-8dcf-46a9-a77c-dfff0c64ee65:1153001768955674886,,,,false,false,,1
EP03-0114,rel,5:5f542910-8dcf-46a9-a77c-dfff0c64ee65:1152988574816141589,bg_beton_mehrere_christ_pavilion_fair_faced_parts,bt_boden,HAT_BAUTEILTYP,bg_beton_mehrere_christ_pavilion_fair_faced_parts -HAT_BAUTEILTYP-> Boden,web,,false,,UNSUPPORTED,UNSUPPORTED,hoch,,KEEP_DEFERRED,,BG-01,"{""queries_tried"": 1, ""urls"": [], ""reason"": ""no_qualifying_quote""}",bg_hunt,5:5f542910-8dcf-46a9-a77c-dfff0c64ee65:1152988574816141589,,,,false,false,,1
EP03-0115,rel,5:5f542910-8dcf-46a9-a77c-dfff0c64ee65:1155240374629826837,bg_beton_mehrere_christ_pavilion_fair_faced_parts,bt_wand,HAT_BAUTEILTYP,bg_beton_mehrere_christ_pavilion_fair_faced_parts -HAT_BAUTEILTYP-> Wand,web,,false,,UNSUPPORTED,UNSUPPORTED,hoch,,KEEP_DEFERRED,,BG-01,"{""queries_tried"": 1, ""urls"": [], ""reason"": ""no_qualifying_quote""}",bg_hunt,5:5f542910-8dcf-46a9-a77c-dfff0c64ee65:1155240374629826837,,,,false,false,,1
EP03-0300,rel,5:5f542910-8dcf-46a9-a77c-dfff0c64ee65:1152988574816141586,bg_mehrere_mehrere_christ_pavilion_cloister_glass_facade,bt_fassade,HAT_BAUTEILTYP,bg_mehrere_mehrere_christ_pavilion_cloister_glass_facade -HAT_BAUTEILTYP-> Fassade,web,,false,,UNSUPPORTED,UNSUPPORTED,unbelegt,,KEEP_DEFERRED,,BG-01,"{""queries_tried"": 0, ""urls"": [], ""reason"": ""no_qualifying_quote""}",bg_hunt,5:5f542910-8dcf-46a9-a77c-dfff0c64ee65:1152988574816141586,,,,false,false,,0
EP03-0301,rel,5:5f542910-8dcf-46a9-a77c-dfff0c64ee65:1155240374629826834,bg_mehrere_mehrere_christ_pavilion_cloister_glass_facade,bt_fenster,HAT_BAUTEILTYP,bg_mehrere_mehrere_christ_pavilion_cloister_glass_facade -HAT_BAUTEILTYP-> Fenster,web,,false,,UNSUPPORTED,UNSUPPORTED,unbelegt,,KEEP_DEFERRED,,BG-01,"{""queries_tried"": 0, ""urls"": [], ""reason"": ""no_qualifying_quote""}",bg_hunt,5:5f542910-8dcf-46a9-a77c-dfff0c64ee65:1155240374629826834,,,,false,false,,0
EP03-0302,rel,5:5f542910-8dcf-46a9-a77c-dfff0c64ee65:1152988574816141587,bg_mehrere_mehrere_christ_pavilion_complete_ensemble,bt_dach,HAT_BAUTEILTYP,bg_mehrere_mehrere_christ_pavilion_complete_ensemble -HAT_BAUTEILTYP-> Dach,web,,false,,UNSUPPORTED,UNSUPPORTED,unbelegt,,KEEP_DEFERRED,,BG-01,"{""queries_tried"": 0, ""urls"": [], ""reason"": ""no_qualifying_quote""}",bg_hunt,5:5f542910-8dcf-46a9-a77c-dfff0c64ee65:1152988574816141587,,,,false,false,,0
EP03-0303,rel,5:5f542910-8dcf-46a9-a77c-dfff0c64ee65:1155240374629826835,bg_mehrere_mehrere_christ_pavilion_complete_ensemble,bt_fassade,HAT_BAUTEILTYP,bg_mehrere_mehrere_christ_pavilion_complete_ensemble -HAT_BAUTEILTYP-> Fassade,web,,false,,UNSUPPORTED,UNSUPPORTED,unbelegt,,KEEP_DEFERRED,,BG-01,"{""queries_tried"": 0, ""urls"": [], ""reason"": ""no_qualifying_quote""}",bg_hunt,5:5f542910-8dcf-46a9-a77c-dfff0c64ee65:1155240374629826835,,,,false,false,,0
EP03-0304,rel,5:5f542910-8dcf-46a9-a77c-dfff0c64ee65:1157492174443512083,bg_mehrere_mehrere_christ_pavilion_complete_ensemble,bt_stuetze,HAT_BAUTEILTYP,bg_mehrere_mehrere_christ_pavilion_complete_ensemble -HAT_BAUTEILTYP-> Stuetze,web,,false,,UNSUPPORTED,UNSUPPORTED,unbelegt,,KEEP_DEFERRED,,BG-01,"{""queries_tried"": 0, ""urls"": [], ""reason"": ""no_qualifying_quote""}",bg_hunt,5:5f542910-8dcf-46a9-a77c-dfff0c64ee65:1157492174443512083,,,,false,false,,0
EP03-0305,rel,5:5f542910-8dcf-46a9-a77c-dfff0c64ee65:1159743974257197331,bg_mehrere_mehrere_christ_pavilion_complete_ensemble,bt_wand,HAT_BAUTEILTYP,bg_mehrere_mehrere_christ_pavilion_complete_ensemble -HAT_BAUTEILTYP-> Wand,web,,false,,UNSUPPORTED,UNSUPPORTED,unbelegt,,KEEP_DEFERRED,,BG-01,"{""queries_tried"": 0, ""urls"": [], ""reason"": ""no_qualifying_quote""}",bg_hunt,5:5f542910-8dcf-46a9-a77c-dfff0c64ee65:1159743974257197331,,,,false,false,,0
EP03-0306,rel,5:5f542910-8dcf-46a9-a77c-dfff0c64ee65:1152988574816141590,bg_mehrere_mehrere_christ_pavilion_marble_glass_wall,bt_fassade,HAT_BAUTEILTYP,bg_mehrere_mehrere_christ_pavilion_marble_glass_wall -HAT_BAUTEILTYP-> Fassade,web,,false,,UNSUPPORTED,UNSUPPORTED,unbelegt,,KEEP_DEFERRED,,BG-01,"{""queries_tried"": 0, ""urls"": [], ""reason"": ""no_qualifying_quote""}",bg_hunt,5:5f542910-8dcf-46a9-a77c-dfff0c64ee65:1152988574816141590,,,,false,false,,0
EP03-0307,rel,5:5f542910-8dcf-46a9-a77c-dfff0c64ee65:1155240374629826838,bg_mehrere_mehrere_christ_pavilion_marble_glass_wall,bt_wand,HAT_BAUTEILTYP,bg_mehrere_mehrere_christ_pavilion_marble_glass_wall -HAT_BAUTEILTYP-> Wand,web,,false,,UNSUPPORTED,UNSUPPORTED,unbelegt,,KEEP_DEFERRED,,BG-01,"{""queries_tried"": 0, ""urls"": [], ""reason"": ""no_qualifying_quote""}",bg_hunt,5:5f542910-8dcf-46a9-a77c-dfff0c64ee65:1155240374629826838,,,,false,false,,0
EP03-0437,rel,5:5f542910-8dcf-46a9-a77c-dfff0c64ee65:1152988574816141591,bg_stahl_mehrere_christ_pavilion_roof_structure,bt_dach,HAT_BAUTEILTYP,bg_stahl_mehrere_christ_pavilion_roof_structure -HAT_BAUTEILTYP-> Dach,web,,false,,UNSUPPORTED,UNSUPPORTED,unbelegt,,KEEP_DEFERRED,,BG-01,"{""queries_tried"": 1, ""urls"": [], ""reason"": ""no_qualifying_quote""}",bg_hunt,5:5f542910-8dcf-46a9-a77c-dfff0c64ee65:1152988574816141591,,,,false,false,,1
EP03-0438,rel,5:5f542910-8dcf-46a9-a77c-dfff0c64ee65:1155240374629826839,bg_stahl_mehrere_christ_pavilion_roof_structure,bt_traeger,HAT_BAUTEILTYP,bg_stahl_mehrere_christ_pavilion_roof_structure -HAT_BAUTEILTYP-> Traeger,web,,false,,UNSUPPORTED,UNSUPPORTED,unbelegt,,KEEP_DEFERRED,,BG-01,"{""queries_tried"": 1, ""urls"": [], ""reason"": ""no_qualifying_quote""}",bg_hunt,5:5f542910-8dcf-46a9-a77c-dfff0c64ee65:1155240374629826839,,,,false,false,,1
EP03-0487,rel,5:5f542910-8dcf-46a9-a77c-dfff0c64ee65:1152988574816141588,bg_stahl_stuetze_christ_pavilion_cross,bt_stuetze,HAT_BAUTEILTYP,bg_stahl_stuetze_christ_pavilion_cross -HAT_BAUTEILTYP-> Stuetze,web,,false,,UNSUPPORTED,UNSUPPORTED,unbelegt,,KEEP_DEFERRED,,BG-01,"{""queries_tried"": 0, ""urls"": [], ""reason"": ""no_qualifying_quote""}",bg_hunt,5:5f542910-8dcf-46a9-a77c-dfff0c64ee65:1152988574816141588,,,,false,false,,0
EP03-0935,rel,5:5f542910-8dcf-46a9-a77c-dfff0c64ee65:1153001768955674901,bg_beton_mehrere_christ_pavilion_fair_faced_parts,mat_beton,NUTZT_MATERIAL,bg_beton_mehrere_christ_pavilion_fair_faced_parts -NUTZT_MATERIAL-> Beton,web,,false,,UNSUPPORTED,UNSUPPORTED,unbelegt,,KEEP_DEFERRED,,BG-01,"{""queries_tried"": 1, ""urls"": [], ""reason"": ""no_qualifying_quote""}",bg_hunt,5:5f542910-8dcf-46a9-a77c-dfff0c64ee65:1153001768955674901,,,,false,false,,1
EP03-1093,rel,5:5f542910-8dcf-46a9-a77c-dfff0c64ee65:1153001768955674898,bg_mehrere_mehrere_christ_pavilion_cloister_glass_facade,mat_glas,NUTZT_MATERIAL,bg_mehrere_mehrere_christ_pavilion_cloister_glass_facade -NUTZT_MATERIAL-> Glas,web,,false,,UNSUPPORTED,UNSUPPORTED,unbelegt,,KEEP_DEFERRED,,BG-01,"{""queries_tried"": 0, ""urls"": [], ""reason"": ""no_qualifying_quote""}",bg_hunt,5:5f542910-8dcf-46a9-a77c-dfff0c64ee65:1153001768955674898,,,,false,false,,0
EP03-1094,rel,5:5f542910-8dcf-46a9-a77c-dfff0c64ee65:1155253568769360146,bg_mehrere_mehrere_christ_pavilion_cloister_glass_facade,mat_stahl,NUTZT_MATERIAL,bg_mehrere_mehrere_christ_pavilion_cloister_glass_facade -NUTZT_MATERIAL-> Stahl,web,,false,,UNSUPPORTED,UNSUPPORTED,unbelegt,,KEEP_DEFERRED,,BG-01,"{""queries_tried"": 0, ""urls"": [], ""reason"": ""no_qualifying_quote""}",bg_hunt,5:5f542910-8dcf-46a9-a77c-dfff0c64ee65:1155253568769360146,,,,false,false,,0
EP03-1095,rel,5:5f542910-8dcf-46a9-a77c-dfff0c64ee65:1153001768955674899,bg_mehrere_mehrere_christ_pavilion_complete_ensemble,mat_beton,NUTZT_MATERIAL,bg_mehrere_mehrere_christ_pavilion_complete_ensemble -NUTZT_MATERIAL-> Beton,web,,false,,UNSUPPORTED,UNSUPPORTED,unbelegt,,KEEP_DEFERRED,,BG-01,"{""queries_tried"": 0, ""urls"": [], ""reason"": ""no_qualifying_quote""}",bg_hunt,5:5f542910-8dcf-46a9-a77c-dfff0c64ee65:1153001768955674899,,,,false,false,,0
EP03-1096,rel,5:5f542910-8dcf-46a9-a77c-dfff0c64ee65:1155253568769360147,bg_mehrere_mehrere_christ_pavilion_complete_ensemble,mat_glas,NUTZT_MATERIAL,bg_mehrere_mehrere_christ_pavilion_complete_ensemble -NUTZT_MATERIAL-> Glas,web,,false,,UNSUPPORTED,UNSUPPORTED,unbelegt,,KEEP_DEFERRED,,BG-01,"{""queries_tried"": 0, ""urls"": [], ""reason"": ""no_qualifying_quote""}",bg_hunt,5:5f542910-8dcf-46a9-a77c-dfff0c64ee65:1155253568769360147,,,,false,false,,0
EP03-1097,rel,5:5f542910-8dcf-46a9-a77c-dfff0c64ee65:1157505368583045395,bg_mehrere_mehrere_christ_pavilion_complete_ensemble,mat_naturstein,NUTZT_MATERIAL,bg_mehrere_mehrere_christ_pavilion_complete_ensemble -NUTZT_MATERIAL-> Naturstein,web,,false,,UNSUPPORTED,UNSUPPORTED,unbelegt,,KEEP_DEFERRED,,BG-01,"{""queries_tried"": 0, ""urls"": [], ""reason"": ""no_qualifying_quote""}",bg_hunt,5:5f542910-8dcf-46a9-a77c-dfff0c64ee65:1157505368583045395,,,,false,false,,0
EP03-1098,rel,5:5f542910-8dcf-46a9-a77c-dfff0c64ee65:1159757168396730643,bg_mehrere_mehrere_christ_pavilion_complete_ensemble,mat_stahl,NUTZT_MATERIAL,bg_mehrere_mehrere_christ_pavilion_complete_ensemble -NUTZT_MATERIAL-> Stahl,web,,false,,UNSUPPORTED,UNSUPPORTED,unbelegt,,KEEP_DEFERRED,,BG-01,"{""queries_tried"": 0, ""urls"": [], ""reason"": ""no_qualifying_quote""}",bg_hunt,5:5f542910-8dcf-46a9-a77c-dfff0c64ee65:1159757168396730643,,,,false,false,,0
EP03-1099,rel,5:5f542910-8dcf-46a9-a77c-dfff0c64ee65:1153001768955674902,bg_mehrere_mehrere_christ_pavilion_marble_glass_wall,mat_glas,NUTZT_MATERIAL,bg_mehrere_mehrere_christ_pavilion_marble_glass_wall -NUTZT_MATERIAL-> Glas,web,,false,,UNSUPPORTED,UNSUPPORTED,unbelegt,,KEEP_DEFERRED,,BG-01,"{""queries_tried"": 0, ""urls"": [], ""reason"": ""no_qualifying_quote""}",bg_hunt,5:5f542910-8dcf-46a9-a77c-dfff0c64ee65:1153001768955674902,,,,false,false,,0
EP03-1100,rel,5:5f542910-8dcf-46a9-a77c-dfff0c64ee65:1155253568769360150,bg_mehrere_mehrere_christ_pavilion_marble_glass_wall,mat_naturstein,NUTZT_MATERIAL,bg_mehrere_mehrere_christ_pavilion_marble_glass_wall -NUTZT_MATERIAL-> Naturstein,web,,false,,UNSUPPORTED,UNSUPPORTED,unbelegt,,KEEP_DEFERRED,,BG-01,"{""queries_tried"": 0, ""urls"": [], ""reason"": ""no_qualifying_quote""}",bg_hunt,5:5f542910-8dcf-46a9-a77c-dfff0c64ee65:1155253568769360150,,,,false,false,,0
EP03-1235,rel,5:5f542910-8dcf-46a9-a77c-dfff0c64ee65:1153001768955674903,bg_stahl_mehrere_christ_pavilion_roof_structure,mat_stahl,NUTZT_MATERIAL,bg_stahl_mehrere_christ_pavilion_roof_structure -NUTZT_MATERIAL-> Stahl,web,,false,,UNSUPPORTED,UNSUPPORTED,unbelegt,,KEEP_DEFERRED,,BG-01,"{""queries_tried"": 1, ""urls"": [], ""reason"": ""no_qualifying_quote""}",bg_hunt,5:5f542910-8dcf-46a9-a77c-dfff0c64ee65:1153001768955674903,,,,false,false,,1
EP03-1259,rel,5:5f542910-8dcf-46a9-a77c-dfff0c64ee65:1153001768955674900,bg_stahl_stuetze_christ_pavilion_cross,mat_stahl,NUTZT_MATERIAL,bg_stahl_stuetze_christ_pavilion_cross -NUTZT_MATERIAL-> Stahl,web,,false,,UNSUPPORTED,UNSUPPORTED,unbelegt,,KEEP_DEFERRED,,BG-01,"{""queries_tried"": 0, ""urls"": [], ""reason"": ""no_qualifying_quote""}",bg_hunt,5:5f542910-8dcf-46a9-a77c-dfff0c64ee65:1153001768955674900,,,,false,false,,0
EP03-0130,rel,5:5f542910-8dcf-46a9-a77c-dfff0c64ee65:1152988574816141943,bg_daemmstoff_daemmung_circl_jeans_insulation,bt_daemmung,HAT_BAUTEILTYP,bg_daemmstoff_daemmung_circl_jeans_insulation -HAT_BAUTEILTYP-> Daemmung,web,,false,,UNSUPPORTED,UNSUPPORTED,hoch,,KEEP_DEFERRED,,BG-01,"{""queries_tried"": 0, ""urls"": [], ""reason"": ""no_qualifying_quote""}",bg_hunt,5:5f542910-8dcf-46a9-a77c-dfff0c64ee65:1152988574816141943,,,,false,false,,0
EP03-0161,rel,5:5f542910-8dcf-46a9-a77c-dfff0c64ee65:1152988574816141941,bg_holz_boden_circl_window_frame_floor,bt_boden,HAT_BAUTEILTYP,bg_holz_boden_circl_window_frame_floor -HAT_BAUTEILTYP-> Boden,web,,false,,UNSUPPORTED,UNSUPPORTED,hoch,,KEEP_DEFERRED,,BG-01,"{""queries_tried"": 0, ""urls"": [], ""reason"": ""no_qualifying_quote""}",bg_hunt,5:5f542910-8dcf-46a9-a77c-dfff0c64ee65:1152988574816141941,,,,false,false,,0
EP03-0271,rel,5:5f542910-8dcf-46a9-a77c-dfff0c64ee65:1152988574816141976,bg_mehrere_ausbau_circl_restored_furniture,bt_ausbau,HAT_BAUTEILTYP,bg_mehrere_ausbau_circl_restored_furniture -HAT_BAUTEILTYP-> Ausbau,web,,false,,UNSUPPORTED,UNSUPPORTED,unbelegt,,KEEP_DEFERRED,,BG-01,"{""queries_tried"": 0, ""urls"": [], ""reason"": ""no_qualifying_quote""}",bg_hunt,5:5f542910-8dcf-46a9-a77c-dfff0c64ee65:1152988574816141976,,,,false,false,,0
EP03-0283,rel,5:5f542910-8dcf-46a9-a77c-dfff0c64ee65:1152988574816141944,bg_mehrere_fenster_circl_conference_windows,bt_fenster,HAT_BAUTEILTYP,bg_mehrere_fenster_circl_conference_windows -HAT_BAUTEILTYP-> Fenster,web,,false,,UNSUPPORTED,UNSUPPORTED,unbelegt,,KEEP_DEFERRED,,BG-01,"{""queries_tried"": 0, ""urls"": [], ""reason"": ""no_qualifying_quote""}",bg_hunt,5:5f542910-8dcf-46a9-a77c-dfff0c64ee65:1152988574816141944,,,,false,false,,0
EP03-0539,rel,5:5f542910-8dcf-46a9-a77c-dfff0c64ee65:1152988574816141946,bg_textil_wand_circl_clothing_felt,bt_wand,HAT_BAUTEILTYP,bg_textil_wand_circl_clothing_felt -HAT_BAUTEILTYP-> Wand,web,,false,,UNSUPPORTED,UNSUPPORTED,unbelegt,,KEEP_DEFERRED,,BG-01,"{""queries_tried"": 0, ""urls"": [], ""reason"": ""no_qualifying_quote""}",bg_hunt,5:5f542910-8dcf-46a9-a77c-dfff0c64ee65:1152988574816141946,,,,false,false,,0
EP03-0948,rel,5:5f542910-8dcf-46a9-a77c-dfff0c64ee65:1153001768955675255,bg_daemmstoff_daemmung_circl_jeans_insulation,mat_textil,NUTZT_MATERIAL,bg_daemmstoff_daemmung_circl_jeans_insulation -NUTZT_MATERIAL-> Textil,web,,false,,UNSUPPORTED,UNSUPPORTED,unbelegt,,KEEP_DEFERRED,,BG-01,"{""queries_tried"": 0, ""urls"": [], ""reason"": ""no_qualifying_quote""}",bg_hunt,5:5f542910-8dcf-46a9-a77c-dfff0c64ee65:1153001768955675255,,,,false,false,,0
EP03-0972,rel,5:5f542910-8dcf-46a9-a77c-dfff0c64ee65:1153001768955675253,bg_holz_boden_circl_window_frame_floor,mat_holz,NUTZT_MATERIAL,bg_holz_boden_circl_window_frame_floor -NUTZT_MATERIAL-> Holz,web,,false,,UNSUPPORTED,UNSUPPORTED,unbelegt,,KEEP_DEFERRED,,BG-01,"{""queries_tried"": 0, ""urls"": [], ""reason"": ""no_qualifying_quote""}",bg_hunt,5:5f542910-8dcf-46a9-a77c-dfff0c64ee65:1153001768955675253,,,,false,false,,0
EP03-1051,rel,5:5f542910-8dcf-46a9-a77c-dfff0c64ee65:1153001768955675288,bg_mehrere_ausbau_circl_restored_furniture,mat_mehrere,NUTZT_MATERIAL,bg_mehrere_ausbau_circl_restored_furniture -NUTZT_MATERIAL-> Mehrere,web,,false,,UNSUPPORTED,UNSUPPORTED,unbelegt,,KEEP_DEFERRED,,BG-01,"{""queries_tried"": 0, ""urls"": [], ""reason"": ""no_qualifying_quote""}",bg_hunt,5:5f542910-8dcf-46a9-a77c-dfff0c64ee65:1153001768955675288,,,,false,false,,0
EP03-1076,rel,5:5f542910-8dcf-46a9-a77c-dfff0c64ee65:1153001768955675256,bg_mehrere_fenster_circl_conference_windows,mat_mehrere,NUTZT_MATERIAL,bg_mehrere_fenster_circl_conference_windows -NUTZT_MATERIAL-> Mehrere,web,,false,,UNSUPPORTED,UNSUPPORTED,unbelegt,,KEEP_DEFERRED,,BG-01,"{""queries_tried"": 0, ""urls"": [], ""reason"": ""no_qualifying_quote""}",bg_hunt,5:5f542910-8dcf-46a9-a77c-dfff0c64ee65:1153001768955675256,,,,false,false,,0
EP03-1298,rel,5:5f542910-8dcf-46a9-a77c-dfff0c64ee65:1153001768955675258,bg_textil_wand_circl_clothing_felt,mat_textil,NUTZT_MATERIAL,bg_textil_wand_circl_clothing_felt -NUTZT_MATERIAL-> Textil,web,,false,,UNSUPPORTED,UNSUPPORTED,unbelegt,,KEEP_DEFERRED,,BG-01,"{""queries_tried"": 0, ""urls"": [], ""reason"": ""no_qualifying_quote""}",bg_hunt,5:5f542910-8dcf-46a9-a77c-dfff0c64ee65:1153001768955675258,,,,false,false,,0
EP03-0107,rel,5:5f542910-8dcf-46a9-a77c-dfff0c64ee65:1152988574816141566,bg_beton_fassade_ccn_parapets,bt_fassade,HAT_BAUTEILTYP,bg_beton_fassade_ccn_parapets -HAT_BAUTEILTYP-> Fassade,web,E:\recherche\_neo4j\processed\projects\records\p_circular_centre_netherlands_prinsenhof_a_reuse_pilot.kg.jsonl,true,local,UNSUPPORTED,PARTIAL,niedrig,Betonbruestungen / parapets,KEEP,,BG-01,"{""matched_aliases"": [""Betonbruestungen"", ""parapets""], ""score"": 7, ""tier"": ""primary"", ""source"": ""dossier_partial""}",bg_hunt,5:5f542910-8dcf-46a9-a77c-dfff0c64ee65:1152988574816141566,dossier,Betonbruestungen;parapets,7,true,true,primary,1
EP03-0501,rel,5:5f542910-8dcf-46a9-a77c-dfff0c64ee65:1152988574816141567,bg_stahlbeton_decke_ccn_hollow_core_slabs,bt_decke,HAT_BAUTEILTYP,bg_stahlbeton_decke_ccn_hollow_core_slabs -HAT_BAUTEILTYP-> Decke,web,,false,,UNSUPPORTED,UNSUPPORTED,unbelegt,,KEEP_DEFERRED,,BG-01,"{""queries_tried"": 1, ""urls"": [""https://recreate-project.eu/""], ""reason"": ""no_qualifying_quote""}",bg_hunt,5:5f542910-8dcf-46a9-a77c-dfff0c64ee65:1152988574816141567,,,,false,false,,1
EP03-0506,rel,5:5f542910-8dcf-46a9-a77c-dfff0c64ee65:1152988574816141568,bg_stahlbeton_mehrere_ccn_prefab_facade_elements,bt_fassade,HAT_BAUTEILTYP,bg_stahlbeton_mehrere_ccn_prefab_facade_elements -HAT_BAUTEILTYP-> Fassade,web,,false,,UNSUPPORTED,UNSUPPORTED,unbelegt,,KEEP_DEFERRED,,BG-01,"{""queries_tried"": 2, ""urls"": [""https://recreate-project.eu/""], ""reason"": ""no_qualifying_quote""}",bg_hunt,5:5f542910-8dcf-46a9-a77c-dfff0c64ee65:1152988574816141568,,,,false,false,,2
EP03-0507,rel,5:5f542910-8dcf-46a9-a77c-dfff0c64ee65:1155240374629826816,bg_stahlbeton_mehrere_ccn_prefab_facade_elements,bt_wand,HAT_BAUTEILTYP,bg_stahlbeton_mehrere_ccn_prefab_facade_elements -HAT_BAUTEILTYP-> Wand,web,,false,,UNSUPPORTED,UNSUPPORTED,unbelegt,,KEEP_DEFERRED,,BG-01,"{""queries_tried"": 2, ""urls"": [""https://recreate-project.eu/""], ""reason"": ""no_qualifying_quote""}",bg_hunt,5:5f542910-8dcf-46a9-a77c-dfff0c64ee65:1155240374629826816,,,,false,false,,2
EP03-0930,rel,5:5f542910-8dcf-46a9-a77c-dfff0c64ee65:1153001768955674878,bg_beton_fassade_ccn_parapets,mat_beton,NUTZT_MATERIAL,bg_beton_fassade_ccn_parapets -NUTZT_MATERIAL-> Beton,web,E:\recherche\_neo4j\processed\projects\records\p_circular_centre_netherlands_prinsenhof_a_reuse_pilot.kg.jsonl,true,local,UNSUPPORTED,PARTIAL,niedrig,Betonbruestungen / parapets,KEEP,,BG-01,"{""matched_aliases"": [""Betonbruestungen"", ""parapets""], ""score"": 7, ""tier"": ""primary"", ""source"": ""dossier_partial""}",bg_hunt,5:5f542910-8dcf-46a9-a77c-dfff0c64ee65:1153001768955674878,dossier,Betonbruestungen;parapets,7,true,true,primary,1
EP03-1273,rel,5:5f542910-8dcf-46a9-a77c-dfff0c64ee65:1153001768955674879,bg_stahlbeton_decke_ccn_hollow_core_slabs,mat_stahlbeton,NUTZT_MATERIAL,bg_stahlbeton_decke_ccn_hollow_core_slabs -NUTZT_MATERIAL-> Stahlbeton,web,,false,,UNSUPPORTED,UNSUPPORTED,unbelegt,,KEEP_DEFERRED,,BG-01,"{""queries_tried"": 1, ""urls"": [""https://recreate-project.eu/""], ""reason"": ""no_qualifying_quote""}",bg_hunt,5:5f542910-8dcf-46a9-a77c-dfff0c64ee65:1153001768955674879,,,,false,false,,1
EP03-1278,rel,5:5f542910-8dcf-46a9-a77c-dfff0c64ee65:1153001768955674880,bg_stahlbeton_mehrere_ccn_prefab_facade_elements,mat_stahlbeton,NUTZT_MATERIAL,bg_stahlbeton_mehrere_ccn_prefab_facade_elements -NUTZT_MATERIAL-> Stahlbeton,web,,false,,UNSUPPORTED,UNSUPPORTED,unbelegt,,KEEP_DEFERRED,,BG-01,"{""queries_tried"": 2, ""urls"": [""https://recreate-project.eu/""], ""reason"": ""no_qualifying_quote""}",bg_hunt,5:5f542910-8dcf-46a9-a77c-dfff0c64ee65:1153001768955674880,,,,false,false,,2
EP03-0131,rel,5:5f542910-8dcf-46a9-a77c-dfff0c64ee65:1152988574816141593,bg_daemmstoff_daemmung_circular_pavilion_mineral_wool,bt_daemmung,HAT_BAUTEILTYP,bg_daemmstoff_daemmung_circular_pavilion_mineral_wool -HAT_BAUTEILTYP-> Daemmung,web,,false,,UNSUPPORTED,UNSUPPORTED,hoch,,KEEP_DEFERRED,,BG-01,"{""queries_tried"": 1, ""urls"": [""https://www.batiactu.com/edito/un-pavillon-circulaire-illustrer-reemploi-materiaux-42547.php""], ""reason"": ""no_qualifying_quote""}",bg_hunt,5:5f542910-8dcf-46a9-a77c-dfff0c64ee65:1152988574816141593,,,,false,false,,1
EP03-0162,rel,5:5f542910-8dcf-46a9-a77c-dfff0c64ee65:1152988574816141595,bg_holz_boden_circular_pavilion_terrace_decking,bt_boden,HAT_BAUTEILTYP,bg_holz_boden_circular_pavilion_terrace_decking -HAT_BAUTEILTYP-> Boden,web,https://www.batiactu.com/edito/un-pavillon-circulaire-illustrer-reemploi-materiaux-42547.php,true,200,UNSUPPORTED,PARTIAL,niedrig,Le 23 juin 2026 EnerJ-meeting Lyon 2026 Participez à la Journée de l’efficacité du bâtiment 15 septembre 2026 CONGRES NATIONAL AICVF - LA ROCHELLE Du 01/06/2026 au 30/06/2026 CONVENTION DE LA FÉDÉRATION CINOV - PARIS Du 01/06/2026 au 30/06/2026 FOIRE DE RODEZ - RODEZ Du 01/06/2026 au 30/06/2026 FOIR,KEEP,,BG-01,"{""matched_aliases"": [""Paris"", ""bois""], ""score"": 6, ""tier"": ""secondary""}",bg_hunt,5:5f542910-8dcf-46a9-a77c-dfff0c64ee65:1152988574816141595,bg_hunt_alias_match,Paris;bois,6,true,false,secondary,1
EP03-0192,rel,5:5f542910-8dcf-46a9-a77c-dfff0c64ee65:1152988574816141597,bg_holz_mehrere_circular_pavilion_doors_facade,bt_fassade,HAT_BAUTEILTYP,bg_holz_mehrere_circular_pavilion_doors_facade -HAT_BAUTEILTYP-> Fassade,web,E:\recherche\_neo4j\processed\projects\records\p_circular_pavilion_paris.kg.jsonl,true,local,UNSUPPORTED,PARTIAL,niedrig,180 Holztueren als Fassade,KEEP,,BG-01,"{""matched_aliases"": [""Holztueren"", ""fassade""], ""score"": 6, ""tier"": ""primary"", ""source"": ""dossier_partial""}",bg_hunt,5:5f542910-8dcf-46a9-a77c-dfff0c64ee65:1152988574816141597,dossier,Holztueren;fassade,6,true,false,primary,1
EP03-0193,rel,5:5f542910-8dcf-46a9-a77c-dfff0c64ee65:1155240374629826845,bg_holz_mehrere_circular_pavilion_doors_facade,bt_tuer,HAT_BAUTEILTYP,bg_holz_mehrere_circular_pavilion_doors_facade -HAT_BAUTEILTYP-> Tuer,web,https://www.batiactu.com/edito/un-pavillon-circulaire-illustrer-reemploi-materiaux-42547.php,true,200,UNSUPPORTED,PARTIAL,niedrig,Le 23 juin 2026 EnerJ-meeting Lyon 2026 Participez à la Journée de l’efficacité du bâtiment 15 septembre 2026 CONGRES NATIONAL AICVF - LA ROCHELLE Du 01/06/2026 au 30/06/2026 CONVENTION DE LA FÉDÉRATION CINOV - PARIS Du 01/06/2026 au 30/06/2026 FOIRE DE RODEZ - RODEZ Du 01/06/2026 au 30/06/2026 FOIR,KEEP,,BG-01,"{""matched_aliases"": [""Paris"", ""bois""], ""score"": 6, ""tier"": ""secondary""}",bg_hunt,5:5f542910-8dcf-46a9-a77c-dfff0c64ee65:1155240374629826845,bg_hunt_alias_match,Paris;bois,6,true,false,secondary,2
EP03-0194,rel,5:5f542910-8dcf-46a9-a77c-dfff0c64ee65:1152988574816141592,bg_holz_mehrere_circular_pavilion_exhibition_panels,bt_boden,HAT_BAUTEILTYP,bg_holz_mehrere_circular_pavilion_exhibition_panels -HAT_BAUTEILTYP-> Boden,web,https://www.batiactu.com/edito/un-pavillon-circulaire-illustrer-reemploi-materiaux-42547.php,true,200,UNSUPPORTED,PARTIAL,niedrig,Le 23 juin 2026 EnerJ-meeting Lyon 2026 Participez à la Journée de l’efficacité du bâtiment 15 septembre 2026 CONGRES NATIONAL AICVF - LA ROCHELLE Du 01/06/2026 au 30/06/2026 CONVENTION DE LA FÉDÉRATION CINOV - PARIS Du 01/06/2026 au 30/06/2026 FOIRE DE RODEZ - RODEZ Du 01/06/2026 au 30/06/2026 FOIR,KEEP,,BG-01,"{""matched_aliases"": [""Paris"", ""bois""], ""score"": 6, ""tier"": ""secondary""}",bg_hunt,5:5f542910-8dcf-46a9-a77c-dfff0c64ee65:1152988574816141592,bg_hunt_alias_match,Paris;bois,6,true,false,secondary,1
EP03-0195,rel,5:5f542910-8dcf-46a9-a77c-dfff0c64ee65:1155240374629826840,bg_holz_mehrere_circular_pavilion_exhibition_panels,bt_wand,HAT_BAUTEILTYP,bg_holz_mehrere_circular_pavilion_exhibition_panels -HAT_BAUTEILTYP-> Wand,web,https://www.batiactu.com/edito/un-pavillon-circulaire-illustrer-reemploi-materiaux-42547.php,true,200,UNSUPPORTED,PARTIAL,niedrig,Le 23 juin 2026 EnerJ-meeting Lyon 2026 Participez à la Journée de l’efficacité du bâtiment 15 septembre 2026 CONGRES NATIONAL AICVF - LA ROCHELLE Du 01/06/2026 au 30/06/2026 CONVENTION DE LA FÉDÉRATION CINOV - PARIS Du 01/06/2026 au 30/06/2026 FOIRE DE RODEZ - RODEZ Du 01/06/2026 au 30/06/2026 FOIR,KEEP,,BG-01,"{""matched_aliases"": [""Paris"", ""bois""], ""score"": 6, ""tier"": ""secondary""}",bg_hunt,5:5f542910-8dcf-46a9-a77c-dfff0c64ee65:1155240374629826840,bg_hunt_alias_match,Paris;bois,6,true,false,secondary,1
EP03-0196,rel,5:5f542910-8dcf-46a9-a77c-dfff0c64ee65:1152988574816141596,bg_holz_mehrere_circular_pavilion_structure,bt_stuetze,HAT_BAUTEILTYP,bg_holz_mehrere_circular_pavilion_structure -HAT_BAUTEILTYP-> Stuetze,web,https://www.batiactu.com/edito/un-pavillon-circulaire-illustrer-reemploi-materiaux-42547.php,true,200,UNSUPPORTED,PARTIAL,niedrig,Le 23 juin 2026 EnerJ-meeting Lyon 2026 Participez à la Journée de l’efficacité du bâtiment 15 septembre 2026 CONGRES NATIONAL AICVF - LA ROCHELLE Du 01/06/2026 au 30/06/2026 CONVENTION DE LA FÉDÉRATION CINOV - PARIS Du 01/06/2026 au 30/06/2026 FOIRE DE RODEZ - RODEZ Du 01/06/2026 au 30/06/2026 FOIR,KEEP,,BG-01,"{""matched_aliases"": [""Paris"", ""bois""], ""score"": 6, ""tier"": ""secondary""}",bg_hunt,5:5f542910-8dcf-46a9-a77c-dfff0c64ee65:1152988574816141596,bg_hunt_alias_match,Paris;bois,6,true,false,secondary,1
EP03-0197,rel,5:5f542910-8dcf-46a9-a77c-dfff0c64ee65:1155240374629826844,bg_holz_mehrere_circular_pavilion_structure,bt_traeger,HAT_BAUTEILTYP,bg_holz_mehrere_circular_pavilion_structure -HAT_BAUTEILTYP-> Traeger,web,https://www.batiactu.com/edito/un-pavillon-circulaire-illustrer-reemploi-materiaux-42547.php,true,200,UNSUPPORTED,PARTIAL,niedrig,Le 23 juin 2026 EnerJ-meeting Lyon 2026 Participez à la Journée de l’efficacité du bâtiment 15 septembre 2026 CONGRES NATIONAL AICVF - LA ROCHELLE Du 01/06/2026 au 30/06/2026 CONVENTION DE LA FÉDÉRATION CINOV - PARIS Du 01/06/2026 au 30/06/2026 FOIRE DE RODEZ - RODEZ Du 01/06/2026 au 30/06/2026 FOIR,KEEP,,BG-01,"{""matched_aliases"": [""Paris"", ""bois""], ""score"": 6, ""tier"": ""secondary""}",bg_hunt,5:5f542910-8dcf-46a9-a77c-dfff0c64ee65:1155240374629826844,bg_hunt_alias_match,Paris;bois,6,true,false,secondary,1
EP03-0542,rel,5:5f542910-8dcf-46a9-a77c-dfff0c64ee65:1152988574816141594,bg_unbekannt_technik_circular_pavilion_lights,bt_technik,HAT_BAUTEILTYP,bg_unbekannt_technik_circular_pavilion_lights -HAT_BAUTEILTYP-> Technik,web,,false,,UNSUPPORTED,UNSUPPORTED,unbelegt,,KEEP_DEFERRED,,BG-01,"{""queries_tried"": 2, ""urls"": [""https://www.batiactu.com/edito/un-pavillon-circulaire-illustrer-reemploi-materiaux-42547.php""], ""reason"": ""no_qualifying_quote""}",bg_hunt,5:5f542910-8dcf-46a9-a77c-dfff0c64ee65:1152988574816141594,,,,false,false,,2
EP03-0949,rel,5:5f542910-8dcf-46a9-a77c-dfff0c64ee65:1153001768955674905,bg_daemmstoff_daemmung_circular_pavilion_mineral_wool,mat_daemmstoff,NUTZT_MATERIAL,bg_daemmstoff_daemmung_circular_pavilion_mineral_wool -NUTZT_MATERIAL-> Daemmstoff,web,,false,,UNSUPPORTED,UNSUPPORTED,unbelegt,,KEEP_DEFERRED,,BG-01,"{""queries_tried"": 1, ""urls"": [""https://www.batiactu.com/edito/un-pavillon-circulaire-illustrer-reemploi-materiaux-42547.php""], ""reason"": ""no_qualifying_quote""}",bg_hunt,5:5f542910-8dcf-46a9-a77c-dfff0c64ee65:1153001768955674905,,,,false,false,,1
EP03-0973,rel,5:5f542910-8dcf-46a9-a77c-dfff0c64ee65:1153001768955674907,bg_holz_boden_circular_pavilion_terrace_decking,mat_holz,NUTZT_MATERIAL,bg_holz_boden_circular_pavilion_terrace_decking -NUTZT_MATERIAL-> Holz,web,https://www.batiactu.com/edito/un-pavillon-circulaire-illustrer-reemploi-materiaux-42547.php,true,200,UNSUPPORTED,PARTIAL,niedrig,Le 23 juin 2026 EnerJ-meeting Lyon 2026 Participez à la Journée de l’efficacité du bâtiment 15 septembre 2026 CONGRES NATIONAL AICVF - LA ROCHELLE Du 01/06/2026 au 30/06/2026 CONVENTION DE LA FÉDÉRATION CINOV - PARIS Du 01/06/2026 au 30/06/2026 FOIRE DE RODEZ - RODEZ Du 01/06/2026 au 30/06/2026 FOIR,KEEP,,BG-01,"{""matched_aliases"": [""Paris"", ""bois""], ""score"": 8, ""tier"": ""secondary""}",bg_hunt,5:5f542910-8dcf-46a9-a77c-dfff0c64ee65:1153001768955674907,bg_hunt_alias_match,Paris;bois,8,true,false,secondary,1
EP03-1000,rel,5:5f542910-8dcf-46a9-a77c-dfff0c64ee65:1153001768955674909,bg_holz_mehrere_circular_pavilion_doors_facade,mat_holz,NUTZT_MATERIAL,bg_holz_mehrere_circular_pavilion_doors_facade -NUTZT_MATERIAL-> Holz,web,https://www.batiactu.com/edito/un-pavillon-circulaire-illustrer-reemploi-materiaux-42547.php,true,200,UNSUPPORTED,PARTIAL,niedrig,Le 23 juin 2026 EnerJ-meeting Lyon 2026 Participez à la Journée de l’efficacité du bâtiment 15 septembre 2026 CONGRES NATIONAL AICVF - LA ROCHELLE Du 01/06/2026 au 30/06/2026 CONVENTION DE LA FÉDÉRATION CINOV - PARIS Du 01/06/2026 au 30/06/2026 FOIRE DE RODEZ - RODEZ Du 01/06/2026 au 30/06/2026 FOIR,KEEP,,BG-01,"{""matched_aliases"": [""Paris"", ""bois""], ""score"": 8, ""tier"": ""secondary""}",bg_hunt,5:5f542910-8dcf-46a9-a77c-dfff0c64ee65:1153001768955674909,bg_hunt_alias_match,Paris;bois,8,true,false,secondary,2
EP03-1001,rel,5:5f542910-8dcf-46a9-a77c-dfff0c64ee65:1153001768955674904,bg_holz_mehrere_circular_pavilion_exhibition_panels,mat_holz,NUTZT_MATERIAL,bg_holz_mehrere_circular_pavilion_exhibition_panels -NUTZT_MATERIAL-> Holz,web,https://www.batiactu.com/edito/un-pavillon-circulaire-illustrer-reemploi-materiaux-42547.php,true,200,UNSUPPORTED,PARTIAL,niedrig,Le 23 juin 2026 EnerJ-meeting Lyon 2026 Participez à la Journée de l’efficacité du bâtiment 15 septembre 2026 CONGRES NATIONAL AICVF - LA ROCHELLE Du 01/06/2026 au 30/06/2026 CONVENTION DE LA FÉDÉRATION CINOV - PARIS Du 01/06/2026 au 30/06/2026 FOIRE DE RODEZ - RODEZ Du 01/06/2026 au 30/06/2026 FOIR,KEEP,,BG-01,"{""matched_aliases"": [""Paris"", ""bois""], ""score"": 8, ""tier"": ""secondary""}",bg_hunt,5:5f542910-8dcf-46a9-a77c-dfff0c64ee65:1153001768955674904,bg_hunt_alias_match,Paris;bois,8,true,false,secondary,1
EP03-1002,rel,5:5f542910-8dcf-46a9-a77c-dfff0c64ee65:1153001768955674908,bg_holz_mehrere_circular_pavilion_structure,mat_holz,NUTZT_MATERIAL,bg_holz_mehrere_circular_pavilion_structure -NUTZT_MATERIAL-> Holz,web,https://www.batiactu.com/edito/un-pavillon-circulaire-illustrer-reemploi-materiaux-42547.php,true,200,UNSUPPORTED,PARTIAL,niedrig,Le 23 juin 2026 EnerJ-meeting Lyon 2026 Participez à la Journée de l’efficacité du bâtiment 15 septembre 2026 CONGRES NATIONAL AICVF - LA ROCHELLE Du 01/06/2026 au 30/06/2026 CONVENTION DE LA FÉDÉRATION CINOV - PARIS Du 01/06/2026 au 30/06/2026 FOIRE DE RODEZ - RODEZ Du 01/06/2026 au 30/06/2026 FOIR,KEEP,,BG-01,"{""matched_aliases"": [""Paris"", ""bois""], ""score"": 8, ""tier"": ""secondary""}",bg_hunt,5:5f542910-8dcf-46a9-a77c-dfff0c64ee65:1153001768955674908,bg_hunt_alias_match,Paris;bois,8,true,false,secondary,1
