claim_id,claim_kind,element_id,from_id,to_id,rel_type_or_label,asserted_claim,basis_type,basis_ref,fetched,http_status,verdict,confidence,proof_quote,proposed_action,agent_id,notes
09-lis-0120,rel,5:5f542910-8dcf-46a9-a77c-dfff0c64ee65:1153025958211486243,bw_schaerenmoosstrasse_zuerich,stadt_zuerich,LIEGT_IN_STADT,Bauwerk bw_schaerenmoosstrasse_zuerich liegt in Stadt Zürich,none,no address,false,,PARTIAL,teilweise_belegt,no address on node to confirm city,RESOURCE,IER-C4,needs dossier address or official site with city
09-lis-0140,rel,5:5f542910-8dcf-46a9-a77c-dfff0c64ee65:1153025958211486250,bw_ubs_altstetten,stadt_zuerich,LIEGT_IN_STADT,Bauwerk bw_ubs_altstetten liegt in Stadt Zürich,none,no address,false,,PARTIAL,teilweise_belegt,no address on node to confirm city,RESOURCE,IER-C4,needs dossier address or official site with city
09-lis-0011,rel,5:5f542910-8dcf-46a9-a77c-dfff0c64ee65:1153025958211486254,bw_base_du_reemploi_merignac,stadt_merignac,LIEGT_IN_STADT,Bauwerk bw_base_du_reemploi_merignac liegt in Stadt Mérignac,logic,name_full: Base du Réemploi Mérignac — physical reuse depot (REFAIR / La Fab Bordeaux Métropole),false,,PROVEN,belegt,name_full confirms city 'Mérignac': Base du Réemploi Mérignac — physical reuse depot (REFAIR / La Fab Bordeaux Métropole),FIX_PROPERTY,IER-C4,backfill adresse from name_full
09-lis-0016,rel,5:5f542910-8dcf-46a9-a77c-dfff0c64ee65:1153025958211490486,bw_big_dig_building,stadt_boston,LIEGT_IN_STADT,Bauwerk bw_big_dig_building liegt in Stadt Boston,none,no address,false,,PARTIAL,teilweise_belegt,no address on node to confirm city,RESOURCE,IER-C4,needs dossier address or official site with city
09-lis-0022,rel,5:5f542910-8dcf-46a9-a77c-dfff0c64ee65:1153025958211490487,bw_boston_big_dig_infrastructure,stadt_boston,LIEGT_IN_STADT,Bauwerk bw_boston_big_dig_infrastructure liegt in Stadt Boston,logic,name_full: Boston Big Dig / Central Artery Tunnel Project infrastructure,false,,PROVEN,belegt,name_full confirms city 'Boston': Boston Big Dig / Central Artery Tunnel Project infrastructure,FIX_PROPERTY,IER-C4,backfill adresse from name_full
09-lis-0151,rel,5:5f542910-8dcf-46a9-a77c-dfff0c64ee65:1153025958211490631,bw_crclr_kindl_hall,stadt_berlin,LIEGT_IN_STADT,Materialdepot bw_crclr_kindl_hall liegt in Stadt Berlin,none,https://www.buildingsocialecology.org/projects/crclr-house-berlin/,false,,PARTIAL,teilweise_belegt,no address on node to confirm city,RESOURCE,IER-C4,needs dossier address or official site with city
09-lis-0118,rel,5:5f542910-8dcf-46a9-a77c-dfff0c64ee65:1153025958211490676,bw_residence_palace_block_a,stadt_bruessel,LIEGT_IN_STADT,Bauwerk bw_residence_palace_block_a liegt in Stadt Brüssel,none,no address,false,,PARTIAL,teilweise_belegt,no address on node to confirm city,RESOURCE,IER-C4,needs dossier address or official site with city
09-lis-0049,rel,5:5f542910-8dcf-46a9-a77c-dfff0c64ee65:1153025958211490677,bw_eu_window_donor_sources,stadt_bruessel,LIEGT_IN_STADT,Bauwerk bw_eu_window_donor_sources liegt in Stadt Brüssel,none,processed,false,,PARTIAL,teilweise_belegt,city 'Brüssel' not literally in addr: EU-wide renovation window sources (no single site),RESOURCE,IER-C4,needs dossier address or official site with city
09-lis-0139,rel,5:5f542910-8dcf-46a9-a77c-dfff0c64ee65:1153025958211490803,bw_tropicana_rotterdam,stadt_rotterdam,LIEGT_IN_STADT,Bauwerk bw_tropicana_rotterdam liegt in Stadt Rotterdam,logic,name_full: Ehemaliges Tropicana / Club Tropicana Rotterdam,false,,PROVEN,belegt,name_full confirms city 'Rotterdam': Ehemaliges Tropicana / Club Tropicana Rotterdam,FIX_PROPERTY,IER-C4,backfill adresse from name_full
09-lis-0061,rel,5:5f542910-8dcf-46a9-a77c-dfff0c64ee65:1153025958211490878,bw_hastings_pier_retained_heritage_context,stadt_hastings,LIEGT_IN_STADT,Bauwerk bw_hastings_pier_retained_heritage_context liegt in Stadt Hastings,logic,name_full: Erhaltene/restaurierte Hastings Pier Gesamtstruktur,false,,PROVEN,belegt,name_full confirms city 'Hastings': Erhaltene/restaurierte Hastings Pier Gesamtstruktur,FIX_PROPERTY,IER-C4,backfill adresse from name_full
09-lis-0039,rel,5:5f542910-8dcf-46a9-a77c-dfff0c64ee65:1153025958211490948,bw_crclr_house_existing_context,stadt_berlin,LIEGT_IN_STADT,Bauwerk bw_crclr_house_existing_context liegt in Stadt Berlin,none,no address,false,,PARTIAL,teilweise_belegt,no address on node to confirm city,RESOURCE,IER-C4,needs dossier address or official site with city
09-lis-0047,rel,5:5f542910-8dcf-46a9-a77c-dfff0c64ee65:1153025958211490979,bw_emergis_bestand_kloetinge,stadt_kloetinge,LIEGT_IN_STADT,Bauwerk bw_emergis_bestand_kloetinge liegt in Stadt Kloetinge,logic,name_full: Erhaltener Emergis-Bestand Kloetinge,false,,PROVEN,belegt,name_full confirms city 'Kloetinge': Erhaltener Emergis-Bestand Kloetinge,FIX_PROPERTY,IER-C4,backfill adresse from name_full
09-lis-0058,rel,5:5f542910-8dcf-46a9-a77c-dfff0c64ee65:1153025958211491018,bw_halle_118_bestand,stadt_winterthur,LIEGT_IN_STADT,Bauwerk bw_halle_118_bestand liegt in Stadt Winterthur,none,no address,false,,PARTIAL,teilweise_belegt,no address on node to confirm city,RESOURCE,IER-C4,needs dossier address or official site with city
09-lis-0004,rel,5:5f542910-8dcf-46a9-a77c-dfff0c64ee65:1153025958211491099,bw_alliander_existing_campus,stadt_duiven,LIEGT_IN_STADT,Bauwerk bw_alliander_existing_campus liegt in Stadt Duiven,logic,name_full: Bestandsensemble Alliander Duiven,false,,PROVEN,belegt,name_full confirms city 'Duiven': Bestandsensemble Alliander Duiven,FIX_PROPERTY,IER-C4,backfill adresse from name_full
09-lis-0084,rel,5:5f542910-8dcf-46a9-a77c-dfff0c64ee65:1153025958211491111,bw_lokomotion_technology_centre,stadt_tampere,LIEGT_IN_STADT,Bauwerk bw_lokomotion_technology_centre liegt in Stadt Tampere,none,no address,false,,PARTIAL,teilweise_belegt,no address on node to confirm city,RESOURCE,IER-C4,needs dossier address or official site with city
09-lis-0037,rel,5:5f542910-8dcf-46a9-a77c-dfff0c64ee65:1153025958211491113,bw_consolis_parma_nummela_werk,stadt_tampere,LIEGT_IN_STADT,Bauwerk bw_consolis_parma_nummela_werk liegt in Stadt Tampere,none,no address,false,,PARTIAL,teilweise_belegt,no address on node to confirm city,RESOURCE,IER-C4,needs dossier address or official site with city
09-lis-0081,rel,5:5f542910-8dcf-46a9-a77c-dfff0c64ee65:1153025958211491123,bw_lo_reninge_former_convent,stadt_lo_reninge,LIEGT_IN_STADT,Bauwerk bw_lo_reninge_former_convent liegt in Stadt Lo-Reninge,logic,name_full: Ehemaliges Kloster Lo-Reninge,false,,PROVEN,belegt,name_full confirms city 'Lo-Reninge': Ehemaliges Kloster Lo-Reninge,FIX_PROPERTY,IER-C4,backfill adresse from name_full
09-lis-0125,rel,5:5f542910-8dcf-46a9-a77c-dfff0c64ee65:1153025958211491171,bw_solvay_building_tile_donor,stadt_auderghem_brussels,LIEGT_IN_STADT,Bauwerk bw_solvay_building_tile_donor liegt in Stadt Auderghem / Brüssel,none,no address,false,,PARTIAL,teilweise_belegt,no address on node to confirm city,RESOURCE,IER-C4,needs dossier address or official site with city
09-lis-0136,rel,5:5f542910-8dcf-46a9-a77c-dfff0c64ee65:1153025958211491497,bw_timber_square_ink_building,stadt_london,LIEGT_IN_STADT,Bauwerk bw_timber_square_ink_building liegt in Stadt London,none,no address,false,,PARTIAL,teilweise_belegt,no address on node to confirm city,RESOURCE,IER-C4,needs dossier address or official site with city
09-lis-0163,rel,5:5f542910-8dcf-46a9-a77c-dfff0c64ee65:1153025958211491566,bw_verbiest_lagerhaus_zu_haus_und_atelier,stadt_bruessel,LIEGT_IN_STADT,Materialdepot bw_verbiest_lagerhaus_zu_haus_und_atelier liegt in Stadt Brüssel,none,https://ica-wb.be/en/node/1684,false,,PARTIAL,teilweise_belegt,no address on node to confirm city,RESOURCE,IER-C4,needs dossier address or official site with city
09-lis-0168,rel,5:5f542910-8dcf-46a9-a77c-dfff0c64ee65:1153025958211491941,p_vandkunsten_component_reuse,stadt_kopenhagen,LIEGT_IN_STADT,Programm p_vandkunsten_component_reuse liegt in Stadt Kopenhagen,none,no address,false,,PARTIAL,teilweise_belegt,no address on node to confirm city,RESOURCE,IER-C4,needs dossier address or official site with city
09-lis-0165,rel,5:5f542910-8dcf-46a9-a77c-dfff0c64ee65:1153025958211492083,p_architecture_of_reuse_brussels,stadt_bruessel,LIEGT_IN_STADT,Programm p_architecture_of_reuse_brussels liegt in Stadt Brüssel,none,https://rotordb.org/en/projects/architecture-reuse-brussels,false,,PARTIAL,teilweise_belegt,no address on node to confirm city,RESOURCE,IER-C4,needs dossier address or official site with city
09-lis-0166,rel,5:5f542910-8dcf-46a9-a77c-dfff0c64ee65:1153025958211492179,p_reuse_in_construction_zhaw,stadt_winterthur,LIEGT_IN_STADT,Programm p_reuse_in_construction_zhaw liegt in Stadt Winterthur,none,no address,false,,PARTIAL,teilweise_belegt,no address on node to confirm city,RESOURCE,IER-C4,needs dossier address or official site with city
09-lis-0167,rel,5:5f542910-8dcf-46a9-a77c-dfff0c64ee65:1153025958211492364,p_reuse_logistics,stadt_fribourg,LIEGT_IN_STADT,Programm p_reuse_logistics liegt in Stadt Fribourg,none,no address,false,,PARTIAL,teilweise_belegt,no address on node to confirm city,RESOURCE,IER-C4,needs dossier address or official site with city
09-lil-0118,rel,5:5f542910-8dcf-46a9-a77c-dfff0c64ee65:1153027057723113490,gardiner_and_theobald,land_vereinigtes_koenigreich,LIEGT_IN_LAND,Akteur gardiner_and_theobald liegt in Vereinigtes Königreich,logic,"address: 55 Great Suffolk Street, London SE1 0UQ, UK",false,,PROVEN,belegt,"address confirms 'Vereinigtes Königreich': 55 Great Suffolk Street, London SE1 0UQ, UK",KEEP,IER-C4,BETEILIGT_AN → p_55_great_suffolk_street_london
09-lil-0063,rel,5:5f542910-8dcf-46a9-a77c-dfff0c64ee65:1153027057723113491,cantillon,land_vereinigtes_koenigreich,LIEGT_IN_LAND,Akteur cantillon liegt in Vereinigtes Königreich,logic,"address: 55 Great Suffolk Street, London SE1 0UQ, UK",false,,PROVEN,belegt,"address confirms 'Vereinigtes Königreich': 55 Great Suffolk Street, London SE1 0UQ, UK",KEEP,IER-C4,BETEILIGT_AN → p_55_great_suffolk_street_london
09-lil-0162,rel,5:5f542910-8dcf-46a9-a77c-dfff0c64ee65:1153027057723113532,la_ressourcerie_fribourg,land_schweiz,LIEGT_IN_LAND,Akteur la_ressourcerie_fribourg liegt in Schweiz,dossier,https://opalis.eu/fr/projets/institut-de-botanique-ulg-liege,false,,CONTRADICTION,widerlegt,"address names Belgien but LIEGT_IN_LAND says Schweiz: Chemin de la Vallée 4, 4000 Liège, Belgium",ESCALATE_HUMAN,IER-C4,project-linked address country != edge land
09-lil-0570,rel,5:5f542910-8dcf-46a9-a77c-dfff0c64ee65:1153027057723114009,software_ecotool,land_deutschland,LIEGT_IN_LAND,Software software_ecotool liegt in Deutschland,web,https://concular.de/impressum/,true,200,PROVEN,belegt,Concular GmbH Rollbergstraße 28a 12053 Berlin,ADD_SOURCE,IER-C4,ecotool operator Concular GmbH impressum
09-lil-0573,rel,5:5f542910-8dcf-46a9-a77c-dfff0c64ee65:1153027057723114011,software_opalis,land_belgien,LIEGT_IN_LAND,Software software_opalis liegt in Belgien,none,https://opalis.eu/,false,,PARTIAL,teilweise_belegt,country unconfirmed; addr=none,KEEP,IER-C4,fetched pages lack explicit address with country
09-lil-0011,rel,5:5f542910-8dcf-46a9-a77c-dfff0c64ee65:1153027057723114055,abn_amro,land_niederlande,LIEGT_IN_LAND,Akteur abn_amro liegt in Niederlande,dossier,"address: Gustav Mahlerplein 1, 1082 MS Amsterdam, Netherlands",false,,PROVEN,belegt,"address confirms 'Niederlande': Gustav Mahlerplein 1, 1082 MS Amsterdam, Netherlands",KEEP,IER-C4,BETEILIGT_AN → p_circl_abn_amro
09-lil-0036,rel,5:5f542910-8dcf-46a9-a77c-dfff0c64ee65:1153027057723114056,bam_bouw_techniek,land_niederlande,LIEGT_IN_LAND,Akteur bam_bouw_techniek liegt in Niederlande,dossier,"address: Gustav Mahlerplein 1, 1082 MS Amsterdam, Netherlands",false,,PROVEN,belegt,"address confirms 'Niederlande': Gustav Mahlerplein 1, 1082 MS Amsterdam, Netherlands",KEEP,IER-C4,BETEILIGT_AN → p_circl_abn_amro
09-lil-0299,rel,5:5f542910-8dcf-46a9-a77c-dfff0c64ee65:1153027057723114057,tu_delft,land_niederlande,LIEGT_IN_LAND,Akteur tu_delft liegt in Niederlande,dossier,"address: Gustav Mahlerplein 1, 1082 MS Amsterdam, Netherlands",false,,PROVEN,belegt,"address confirms 'Niederlande': Gustav Mahlerplein 1, 1082 MS Amsterdam, Netherlands",KEEP,IER-C4,BETEILIGT_AN → p_circl_abn_amro
09-lil-0053,rel,5:5f542910-8dcf-46a9-a77c-dfff0c64ee65:1153027057723114058,big_bundesimmobilien,land_oesterreich,LIEGT_IN_LAND,Akteur big_bundesimmobilien liegt in Österreich,dossier,"address: Mariannengasse 10, 1090 Vienna, Austria",false,,PROVEN,belegt,"address confirms 'Österreich': Mariannengasse 10, 1090 Vienna, Austria",KEEP,IER-C4,BETEILIGT_AN → p_meduni_campus_mariannengasse
09-lil-0195,rel,5:5f542910-8dcf-46a9-a77c-dfff0c64ee65:1153027057723114059,meduni_wien,land_oesterreich,LIEGT_IN_LAND,Akteur meduni_wien liegt in Österreich,dossier,"address: Mariannengasse 10, 1090 Vienna, Austria",false,,PROVEN,belegt,"address confirms 'Österreich': Mariannengasse 10, 1090 Vienna, Austria",KEEP,IER-C4,BETEILIGT_AN → p_meduni_campus_mariannengasse
09-lil-0161,rel,5:5f542910-8dcf-46a9-a77c-dfff0c64ee65:1153027057723114060,la_fabrique_de_bordeaux_metropole,land_frankreich,LIEGT_IN_LAND,Akteur la_fabrique_de_bordeaux_metropole liegt in Frankreich,dossier,"address: Bordeaux, Gironde, Nouvelle-Aquitaine, France métropolitaine, France",false,,PROVEN,belegt,"address confirms 'Frankreich': Bordeaux, Gironde, Nouvelle-Aquitaine, France métropolitaine, France",KEEP,IER-C4,city token 'bordeaux' in actor id/name/urls
09-lil-0304,rel,5:5f542910-8dcf-46a9-a77c-dfff0c64ee65:1153027057723114061,university_of_fribourg,land_schweiz,LIEGT_IN_LAND,Akteur university_of_fribourg liegt in Schweiz,dossier,"address: Fribourg/Freiburg, Schweiz/Suisse/Svizzera/Svizra",false,,PROVEN,belegt,"address confirms 'Schweiz': Fribourg/Freiburg, Schweiz/Suisse/Svizzera/Svizra",KEEP,IER-C4,city token 'fribourg' in actor id/name/urls
09-lil-0104,rel,5:5f542910-8dcf-46a9-a77c-dfff0c64ee65:1153027057723114062,empa,land_schweiz,LIEGT_IN_LAND,Akteur empa liegt in Schweiz,dossier,"address: Überlandstrasse 129, 8600 Dübendorf, Switzerland",false,,PROVEN,belegt,"address confirms 'Schweiz': Überlandstrasse 129, 8600 Dübendorf, Switzerland",KEEP,IER-C4,BETEILIGT_AN → p_umar_unit
09-lil-0279,rel,5:5f542910-8dcf-46a9-a77c-dfff0c64ee65:1153027057723114063,stiftung_pwg,land_schweiz,LIEGT_IN_LAND,Akteur stiftung_pwg liegt in Schweiz,dossier,"address: Schärenmoosstrasse 115/117, 8050 Zürich, Switzerland",false,,PROVEN,belegt,"address confirms 'Schweiz': Schärenmoosstrasse 115/117, 8050 Zürich, Switzerland",KEEP,IER-C4,BETEILIGT_AN → p_schaerenmoosstrasse_zuerich
09-lil-0152,rel,5:5f542910-8dcf-46a9-a77c-dfff0c64ee65:1153027057723114064,kanton_basel_stadt,land_schweiz,LIEGT_IN_LAND,Akteur kanton_basel_stadt liegt in Schweiz,dossier,"address: Emilie Louise Frey-Strasse, 4053 Basel, Switzerland",false,,PROVEN,belegt,"address confirms 'Schweiz': Emilie Louise Frey-Strasse, 4053 Basel, Switzerland",KEEP,IER-C4,BETEILIGT_AN → p_elementa_walkeweg
09-lil-0220,rel,5:5f542910-8dcf-46a9-a77c-dfff0c64ee65:1153027057723114069,oxara_ag,land_schweiz,LIEGT_IN_LAND,Akteur oxara_ag liegt in Schweiz,dossier,"address: Weinlagerstrasse 33, 4056 Basel, Switzerland",false,,PROVEN,belegt,"address confirms 'Schweiz': Weinlagerstrasse 33, 4056 Basel, Switzerland",KEEP,IER-C4,BETEILIGT_AN → p_lysp8_basel
09-lil-0120,rel,5:5f542910-8dcf-46a9-a77c-dfff0c64ee65:1153027057723114070,gemeinde_ingersheim,land_deutschland,LIEGT_IN_LAND,Akteur gemeinde_ingersheim liegt in Deutschland,dossier,"address: Baumwasenweg, 74379 Ingersheim, Germany",false,,PROVEN,belegt,"address confirms 'Deutschland': Baumwasenweg, 74379 Ingersheim, Germany",KEEP,IER-C4,BETEILIGT_AN → p_jugendtreff_ingersheim
09-lil-0235,rel,5:5f542910-8dcf-46a9-a77c-dfff0c64ee65:1153027057723114071,proholz_bw,land_deutschland,LIEGT_IN_LAND,Akteur proholz_bw liegt in Deutschland,dossier,"address: Baumwasenweg, 74379 Ingersheim, Germany",false,,PROVEN,belegt,"address confirms 'Deutschland': Baumwasenweg, 74379 Ingersheim, Germany",KEEP,IER-C4,Programm → TEIL_VON_PROGRAMM → p_jugendtreff_ingersheim
09-lil-0331,rel,5:5f542910-8dcf-46a9-a77c-dfff0c64ee65:1153027057723114072,zueblin_timber_gmbh,land_deutschland,LIEGT_IN_LAND,Akteur zueblin_timber_gmbh liegt in Deutschland,dossier,"address: Baumwasenweg, 74379 Ingersheim, Germany",false,,PROVEN,belegt,"address confirms 'Deutschland': Baumwasenweg, 74379 Ingersheim, Germany",KEEP,IER-C4,Programm → TEIL_VON_PROGRAMM → p_jugendtreff_ingersheim
09-lil-0318,rel,5:5f542910-8dcf-46a9-a77c-dfff0c64ee65:1153027057723114073,verein_re_win,land_schweiz,LIEGT_IN_LAND,Akteur verein_re_win liegt in Schweiz,dossier,"address: Bern, Switzerland",false,,PROVEN,belegt,"address confirms 'Schweiz': Bern, Switzerland",KEEP,IER-C4,LIEGT_IN_LAND → Schweiz
09-lil-0206,rel,5:5f542910-8dcf-46a9-a77c-dfff0c64ee65:1153027057723114074,new_horizon_urban_mining,land_niederlande,LIEGT_IN_LAND,Akteur new_horizon_urban_mining liegt in Niederlande,dossier,"address: Gustav Mahlerplein 1, 1082 MS Amsterdam, Netherlands",false,,PROVEN,belegt,"address confirms 'Niederlande': Gustav Mahlerplein 1, 1082 MS Amsterdam, Netherlands",KEEP,IER-C4,BETEILIGT_AN → p_circl_abn_amro
09-lil-0164,rel,5:5f542910-8dcf-46a9-a77c-dfff0c64ee65:1153027057723114075,lcp_circulair,land_niederlande,LIEGT_IN_LAND,Akteur lcp_circulair liegt in Niederlande,dossier,"address: Gustav Mahlerplein 1, 1082 MS Amsterdam, Netherlands",false,,PROVEN,belegt,"address confirms 'Niederlande': Gustav Mahlerplein 1, 1082 MS Amsterdam, Netherlands",KEEP,IER-C4,BETEILIGT_AN → p_circl_abn_amro
09-lil-0143,rel,5:5f542910-8dcf-46a9-a77c-dfff0c64ee65:1153027057723114076,icon_real_estate,land_niederlande,LIEGT_IN_LAND,Akteur icon_real_estate liegt in Niederlande,dossier,"address: Gustav Mahlerplein 1, 1082 MS Amsterdam, Netherlands",false,,PROVEN,belegt,"address confirms 'Niederlande': Gustav Mahlerplein 1, 1082 MS Amsterdam, Netherlands",KEEP,IER-C4,BETEILIGT_AN → p_circl_abn_amro
09-lil-0096,rel,5:5f542910-8dcf-46a9-a77c-dfff0c64ee65:1153027057723114077,donkergroen,land_niederlande,LIEGT_IN_LAND,Akteur donkergroen liegt in Niederlande,dossier,"address: Gustav Mahlerplein 1, 1082 MS Amsterdam, Netherlands",false,,PROVEN,belegt,"address confirms 'Niederlande': Gustav Mahlerplein 1, 1082 MS Amsterdam, Netherlands",KEEP,IER-C4,BETEILIGT_AN → p_circl_abn_amro
09-lil-0097,rel,5:5f542910-8dcf-46a9-a77c-dfff0c64ee65:1153027057723114078,drz_demontage_recycling,land_oesterreich,LIEGT_IN_LAND,Akteur drz_demontage_recycling liegt in Österreich,dossier,"address: Mariannengasse 10, 1090 Vienna, Austria",false,,PROVEN,belegt,"address confirms 'Österreich': Mariannengasse 10, 1090 Vienna, Austria",KEEP,IER-C4,BETEILIGT_AN → p_meduni_campus_mariannengasse
09-lil-0091,rel,5:5f542910-8dcf-46a9-a77c-dfff0c64ee65:1153027057723114079,die_kuemmerei,land_oesterreich,LIEGT_IN_LAND,Akteur die_kuemmerei liegt in Österreich,dossier,"address: Mariannengasse 10, 1090 Vienna, Austria",false,,PROVEN,belegt,"address confirms 'Österreich': Mariannengasse 10, 1090 Vienna, Austria",KEEP,IER-C4,BETEILIGT_AN → p_meduni_campus_mariannengasse
09-lil-0325,rel,5:5f542910-8dcf-46a9-a77c-dfff0c64ee65:1153027057723114080,wiener_aufzugmuseum,land_oesterreich,LIEGT_IN_LAND,Akteur wiener_aufzugmuseum liegt in Österreich,dossier,"address: Mariannengasse 10, 1090 Vienna, Austria",false,,PROVEN,belegt,"address confirms 'Österreich': Mariannengasse 10, 1090 Vienna, Austria",KEEP,IER-C4,BETEILIGT_AN → p_meduni_campus_mariannengasse
09-lil-0155,rel,5:5f542910-8dcf-46a9-a77c-dfff0c64ee65:1153027057723114154,kaufmann_zimmerei,land_schweiz,LIEGT_IN_LAND,Akteur kaufmann_zimmerei liegt in Schweiz,dossier,"address: Überlandstrasse 129, 8600 Dübendorf, Switzerland",false,,PROVEN,belegt,"address confirms 'Schweiz': Überlandstrasse 129, 8600 Dübendorf, Switzerland",KEEP,IER-C4,BETEILIGT_AN → p_umar_unit
09-lil-0015,rel,5:5f542910-8dcf-46a9-a77c-dfff0c64ee65:1153027057723114155,amstein_walthert,land_schweiz,LIEGT_IN_LAND,Akteur amstein_walthert liegt in Schweiz,dossier,"address: Überlandstrasse 129, 8600 Dübendorf, Switzerland",false,,PROVEN,belegt,"address confirms 'Schweiz': Überlandstrasse 129, 8600 Dübendorf, Switzerland",KEEP,IER-C4,BETEILIGT_AN → p_umar_unit
09-lil-0035,rel,5:5f542910-8dcf-46a9-a77c-dfff0c64ee65:1153027057723114156,balzer_ingenieure,land_schweiz,LIEGT_IN_LAND,Akteur balzer_ingenieure liegt in Schweiz,dossier,"address: Überlandstrasse 129, 8600 Dübendorf, Switzerland",false,,PROVEN,belegt,"address confirms 'Schweiz': Überlandstrasse 129, 8600 Dübendorf, Switzerland",KEEP,IER-C4,BETEILIGT_AN → p_umar_unit
09-lil-0322,rel,5:5f542910-8dcf-46a9-a77c-dfff0c64ee65:1153027057723114157,weber_energie_bauphysik,land_schweiz,LIEGT_IN_LAND,Akteur weber_energie_bauphysik liegt in Schweiz,dossier,"address: Überlandstrasse 129, 8600 Dübendorf, Switzerland",false,,PROVEN,belegt,"address confirms 'Schweiz': Überlandstrasse 129, 8600 Dübendorf, Switzerland",KEEP,IER-C4,BETEILIGT_AN → p_umar_unit
09-lil-0166,rel,5:5f542910-8dcf-46a9-a77c-dfff0c64ee65:1153027057723114158,lindner_se,land_deutschland,LIEGT_IN_LAND,Akteur lindner_se liegt in Deutschland,dossier,"address: Überlandstrasse 129, 8600 Dübendorf, Switzerland",false,,CONTRADICTION,widerlegt,"address names Schweiz but LIEGT_IN_LAND says Deutschland: Überlandstrasse 129, 8600 Dübendorf, Switzerland",ESCALATE_HUMAN,IER-C4,project-linked address country != edge land
09-lil-0210,rel,5:5f542910-8dcf-46a9-a77c-dfff0c64ee65:1153027057723114159,nimbus,land_deutschland,LIEGT_IN_LAND,Akteur nimbus liegt in Deutschland,dossier,"address: Überlandstrasse 129, 8600 Dübendorf, Switzerland",false,,CONTRADICTION,widerlegt,"address names Schweiz but LIEGT_IN_LAND says Deutschland: Überlandstrasse 129, 8600 Dübendorf, Switzerland",ESCALATE_HUMAN,IER-C4,project-linked address country != edge land
09-lil-0176,rel,5:5f542910-8dcf-46a9-a77c-dfff0c64ee65:1153027057723114160,magna_glaskeramik,land_deutschland,LIEGT_IN_LAND,Akteur magna_glaskeramik liegt in Deutschland,dossier,"address: Überlandstrasse 129, 8600 Dübendorf, Switzerland",false,,CONTRADICTION,widerlegt,"address names Schweiz but LIEGT_IN_LAND says Deutschland: Überlandstrasse 129, 8600 Dübendorf, Switzerland",ESCALATE_HUMAN,IER-C4,project-linked address country != edge land
09-lil-0099,rel,5:5f542910-8dcf-46a9-a77c-dfff0c64ee65:1153027057723114161,ecovative,land_usa,LIEGT_IN_LAND,Akteur ecovative liegt in USA,dossier,"address: Überlandstrasse 129, 8600 Dübendorf, Switzerland",false,,CONTRADICTION,widerlegt,"address names Schweiz but LIEGT_IN_LAND says USA: Überlandstrasse 129, 8600 Dübendorf, Switzerland",ESCALATE_HUMAN,IER-C4,project-linked address country != edge land
09-lil-0090,rel,5:5f542910-8dcf-46a9-a77c-dfff0c64ee65:1153027057723114162,desso_tarkett,land_niederlande,LIEGT_IN_LAND,Akteur desso_tarkett liegt in Niederlande,dossier,"address: Überlandstrasse 129, 8600 Dübendorf, Switzerland",false,,CONTRADICTION,widerlegt,"address names Schweiz but LIEGT_IN_LAND says Niederlande: Überlandstrasse 129, 8600 Dübendorf, Switzerland",ESCALATE_HUMAN,IER-C4,project-linked address country != edge land
09-lil-0203,rel,5:5f542910-8dcf-46a9-a77c-dfff0c64ee65:1153027057723114163,monotti_ingegneri,land_schweiz,LIEGT_IN_LAND,Akteur monotti_ingegneri liegt in Schweiz,dossier,"address: Emilie Louise Frey-Strasse, 4053 Basel, Switzerland",false,,PROVEN,belegt,"address confirms 'Schweiz': Emilie Louise Frey-Strasse, 4053 Basel, Switzerland",KEEP,IER-C4,BETEILIGT_AN → p_elementa_walkeweg
09-lil-0181,rel,5:5f542910-8dcf-46a9-a77c-dfff0c64ee65:1153027057723114164,mario_monotti,land_schweiz,LIEGT_IN_LAND,Akteur mario_monotti liegt in Schweiz,dossier,"address: Emilie Louise Frey-Strasse, 4053 Basel, Switzerland",false,,PROVEN,belegt,"address confirms 'Schweiz': Emilie Louise Frey-Strasse, 4053 Basel, Switzerland",KEEP,IER-C4,BETEILIGT_AN → p_elementa_walkeweg
09-lil-0309,rel,5:5f542910-8dcf-46a9-a77c-dfff0c64ee65:1153027057723114165,usus_la,land_schweiz,LIEGT_IN_LAND,Akteur usus_la liegt in Schweiz,dossier,"address: Emilie Louise Frey-Strasse, 4053 Basel, Switzerland",false,,PROVEN,belegt,"address confirms 'Schweiz': Emilie Louise Frey-Strasse, 4053 Basel, Switzerland",KEEP,IER-C4,BETEILIGT_AN → p_elementa_walkeweg
09-lil-0257,rel,5:5f542910-8dcf-46a9-a77c-dfff0c64ee65:1153027057723114166,roger_keller,land_schweiz,LIEGT_IN_LAND,Akteur roger_keller liegt in Schweiz,dossier,"address: Emilie Louise Frey-Strasse, 4053 Basel, Switzerland",false,,PROVEN,belegt,"address confirms 'Schweiz': Emilie Louise Frey-Strasse, 4053 Basel, Switzerland",KEEP,IER-C4,BETEILIGT_AN → p_elementa_walkeweg
09-lil-0016,rel,5:5f542910-8dcf-46a9-a77c-dfff0c64ee65:1153027057723114167,ana_olalquiaga,land_schweiz,LIEGT_IN_LAND,Akteur ana_olalquiaga liegt in Schweiz,dossier,"address: Emilie Louise Frey-Strasse, 4053 Basel, Switzerland",false,,PROVEN,belegt,"address confirms 'Schweiz': Emilie Louise Frey-Strasse, 4053 Basel, Switzerland",KEEP,IER-C4,BETEILIGT_AN → p_elementa_walkeweg
09-lil-0064,rel,5:5f542910-8dcf-46a9-a77c-dfff0c64ee65:1153027057723114168,caretta_weidmann,land_schweiz,LIEGT_IN_LAND,Akteur caretta_weidmann liegt in Schweiz,dossier,"address: Emilie Louise Frey-Strasse, 4053 Basel, Switzerland",false,,PROVEN,belegt,"address confirms 'Schweiz': Emilie Louise Frey-Strasse, 4053 Basel, Switzerland",KEEP,IER-C4,BETEILIGT_AN → p_elementa_walkeweg
09-lil-0132,rel,5:5f542910-8dcf-46a9-a77c-dfff0c64ee65:1153027057723114169,gti_engineering,land_schweiz,LIEGT_IN_LAND,Akteur gti_engineering liegt in Schweiz,dossier,"address: Emilie Louise Frey-Strasse, 4053 Basel, Switzerland",false,,PROVEN,belegt,"address confirms 'Schweiz': Emilie Louise Frey-Strasse, 4053 Basel, Switzerland",KEEP,IER-C4,BETEILIGT_AN → p_elementa_walkeweg
09-lil-0013,rel,5:5f542910-8dcf-46a9-a77c-dfff0c64ee65:1153027057723114170,afc_basel,land_schweiz,LIEGT_IN_LAND,Akteur afc_basel liegt in Schweiz,dossier,"address: Emilie Louise Frey-Strasse, 4053 Basel, Switzerland",false,,PROVEN,belegt,"address confirms 'Schweiz': Emilie Louise Frey-Strasse, 4053 Basel, Switzerland",KEEP,IER-C4,BETEILIGT_AN → p_elementa_walkeweg
09-lil-0268,rel,5:5f542910-8dcf-46a9-a77c-dfff0c64ee65:1153027057723114171,senn_technology,land_schweiz,LIEGT_IN_LAND,Akteur senn_technology liegt in Schweiz,dossier,"address: Emilie Louise Frey-Strasse, 4053 Basel, Switzerland",false,,PROVEN,belegt,"address confirms 'Schweiz': Emilie Louise Frey-Strasse, 4053 Basel, Switzerland",KEEP,IER-C4,BETEILIGT_AN → p_elementa_walkeweg
09-lil-0024,rel,5:5f542910-8dcf-46a9-a77c-dfff0c64ee65:1153027057723114172,anima_engineering,land_schweiz,LIEGT_IN_LAND,Akteur anima_engineering liegt in Schweiz,dossier,"address: Emilie Louise Frey-Strasse, 4053 Basel, Switzerland",false,,PROVEN,belegt,"address confirms 'Schweiz': Emilie Louise Frey-Strasse, 4053 Basel, Switzerland",KEEP,IER-C4,BETEILIGT_AN → p_elementa_walkeweg
09-lil-0092,rel,5:5f542910-8dcf-46a9-a77c-dfff0c64ee65:1153027057723114174,digvis_gmbh,land_schweiz,LIEGT_IN_LAND,Akteur digvis_gmbh liegt in Schweiz,dossier,"address: Emilie Louise Frey-Strasse, 4053 Basel, Switzerland",false,,PROVEN,belegt,"address confirms 'Schweiz': Emilie Louise Frey-Strasse, 4053 Basel, Switzerland",KEEP,IER-C4,BETEILIGT_AN → p_elementa_walkeweg
09-lil-0227,rel,5:5f542910-8dcf-46a9-a77c-dfff0c64ee65:1153027057723114175,perez_schmidlin_bauingenieure,land_schweiz,LIEGT_IN_LAND,Akteur perez_schmidlin_bauingenieure liegt in Schweiz,dossier,"address: Schärenmoosstrasse 115/117, 8050 Zürich, Switzerland",false,,PROVEN,belegt,"address confirms 'Schweiz': Schärenmoosstrasse 115/117, 8050 Zürich, Switzerland",KEEP,IER-C4,BETEILIGT_AN → p_schaerenmoosstrasse_zuerich
09-lil-0021,rel,5:5f542910-8dcf-46a9-a77c-dfff0c64ee65:1153027057723114176,andreas_geser_landschaftsarchitekten,land_schweiz,LIEGT_IN_LAND,Akteur andreas_geser_landschaftsarchitekten liegt in Schweiz,dossier,"address: Schärenmoosstrasse 115/117, 8050 Zürich, Switzerland",false,,PROVEN,belegt,"address confirms 'Schweiz': Schärenmoosstrasse 115/117, 8050 Zürich, Switzerland",KEEP,IER-C4,BETEILIGT_AN → p_schaerenmoosstrasse_zuerich
09-lil-0274,rel,5:5f542910-8dcf-46a9-a77c-dfff0c64ee65:1153027057723114177,stefan_perez,land_schweiz,LIEGT_IN_LAND,Akteur stefan_perez liegt in Schweiz,dossier,"address: Schärenmoosstrasse 115/117, 8050 Zürich, Switzerland",false,,PROVEN,belegt,"address confirms 'Schweiz': Schärenmoosstrasse 115/117, 8050 Zürich, Switzerland",KEEP,IER-C4,BETEILIGT_AN → p_schaerenmoosstrasse_zuerich
09-lil-0198,rel,5:5f542910-8dcf-46a9-a77c-dfff0c64ee65:1153027057723114178,michael_schmidlin,land_schweiz,LIEGT_IN_LAND,Akteur michael_schmidlin liegt in Schweiz,dossier,"address: Schärenmoosstrasse 115/117, 8050 Zürich, Switzerland",false,,PROVEN,belegt,"address confirms 'Schweiz': Schärenmoosstrasse 115/117, 8050 Zürich, Switzerland",KEEP,IER-C4,BETEILIGT_AN → p_schaerenmoosstrasse_zuerich
09-lil-0020,rel,5:5f542910-8dcf-46a9-a77c-dfff0c64ee65:1153027057723114179,andreas_geser,land_schweiz,LIEGT_IN_LAND,Akteur andreas_geser liegt in Schweiz,dossier,"address: Schärenmoosstrasse 115/117, 8050 Zürich, Switzerland",false,,PROVEN,belegt,"address confirms 'Schweiz': Schärenmoosstrasse 115/117, 8050 Zürich, Switzerland",KEEP,IER-C4,BETEILIGT_AN → p_schaerenmoosstrasse_zuerich
09-lil-0252,rel,5:5f542910-8dcf-46a9-a77c-dfff0c64ee65:1153027057723114180,repoxit_ag,land_schweiz,LIEGT_IN_LAND,Akteur repoxit_ag liegt in Schweiz,dossier,"address: Weinlagerstrasse 33, 4056 Basel, Switzerland",false,,PROVEN,belegt,"address confirms 'Schweiz': Weinlagerstrasse 33, 4056 Basel, Switzerland",KEEP,IER-C4,BETEILIGT_AN → p_lysp8_basel
09-lil-0157,rel,5:5f542910-8dcf-46a9-a77c-dfff0c64ee65:1153027057723114181,kibag,land_schweiz,LIEGT_IN_LAND,Akteur kibag liegt in Schweiz,dossier,"address: Weinlagerstrasse 33, 4056 Basel, Switzerland",false,,PROVEN,belegt,"address confirms 'Schweiz': Weinlagerstrasse 33, 4056 Basel, Switzerland",KEEP,IER-C4,BETEILIGT_AN → p_lysp8_basel
09-lil-0244,rel,5:5f542910-8dcf-46a9-a77c-dfff0c64ee65:1153027057723114182,rebecca_brandmayer,land_schweiz,LIEGT_IN_LAND,Akteur rebecca_brandmayer liegt in Schweiz,dossier,"address: Weinlagerstrasse 33, 4056 Basel, Switzerland",false,,PROVEN,belegt,"address confirms 'Schweiz': Weinlagerstrasse 33, 4056 Basel, Switzerland",KEEP,IER-C4,BETEILIGT_AN → p_lysp8_basel
09-lil-0163,rel,5:5f542910-8dcf-46a9-a77c-dfff0c64ee65:1153027057723114183,laia_meier,land_schweiz,LIEGT_IN_LAND,Akteur laia_meier liegt in Schweiz,dossier,"address: Weinlagerstrasse 33, 4056 Basel, Switzerland",false,,PROVEN,belegt,"address confirms 'Schweiz': Weinlagerstrasse 33, 4056 Basel, Switzerland",KEEP,IER-C4,BETEILIGT_AN → p_lysp8_basel
09-lil-0100,rel,5:5f542910-8dcf-46a9-a77c-dfff0c64ee65:1153027057723114184,ed_zueblin_ag,land_deutschland,LIEGT_IN_LAND,Akteur ed_zueblin_ag liegt in Deutschland,dossier,"address: Baumwasenweg, 74379 Ingersheim, Germany",false,,PROVEN,belegt,"address confirms 'Deutschland': Baumwasenweg, 74379 Ingersheim, Germany",KEEP,IER-C4,Programm → TEIL_VON_PROGRAMM → p_jugendtreff_ingersheim
09-lil-0113,rel,5:5f542910-8dcf-46a9-a77c-dfff0c64ee65:1153027057723114185,faltlhauser_krapf,land_deutschland,LIEGT_IN_LAND,Akteur faltlhauser_krapf liegt in Deutschland,dossier,"address: Baumwasenweg, 74379 Ingersheim, Germany",false,,PROVEN,belegt,"address confirms 'Deutschland': Baumwasenweg, 74379 Ingersheim, Germany",KEEP,IER-C4,BETEILIGT_AN → p_jugendtreff_ingersheim
09-lil-0201,rel,5:5f542910-8dcf-46a9-a77c-dfff0c64ee65:1153027057723114186,mlr_bw,land_deutschland,LIEGT_IN_LAND,Akteur mlr_bw liegt in Deutschland,dossier,"address: Baumwasenweg, 74379 Ingersheim, Germany",false,,PROVEN,belegt,"address confirms 'Deutschland': Baumwasenweg, 74379 Ingersheim, Germany",KEEP,IER-C4,Programm → TEIL_VON_PROGRAMM → p_jugendtreff_ingersheim
09-lil-0296,rel,5:5f542910-8dcf-46a9-a77c-dfff0c64ee65:1153027057723114190,traject,land_niederlande,LIEGT_IN_LAND,Akteur traject liegt in Niederlande,dossier,"address: Gustav Mahlerplein 1, 1082 MS Amsterdam, Netherlands",false,,PROVEN,belegt,"address confirms 'Niederlande': Gustav Mahlerplein 1, 1082 MS Amsterdam, Netherlands",KEEP,IER-C4,BETEILIGT_AN → p_circl_abn_amro
09-lil-0319,rel,5:5f542910-8dcf-46a9-a77c-dfff0c64ee65:1153027057723114191,vermaat,land_niederlande,LIEGT_IN_LAND,Akteur vermaat liegt in Niederlande,dossier,"address: Gustav Mahlerplein 1, 1082 MS Amsterdam, Netherlands",false,,PROVEN,belegt,"address confirms 'Niederlande': Gustav Mahlerplein 1, 1082 MS Amsterdam, Netherlands",KEEP,IER-C4,BETEILIGT_AN → p_circl_abn_amro
09-lil-0110,rel,5:5f542910-8dcf-46a9-a77c-dfff0c64ee65:1153027057723114192,exasun,land_niederlande,LIEGT_IN_LAND,Akteur exasun liegt in Niederlande,dossier,"address: Gustav Mahlerplein 1, 1082 MS Amsterdam, Netherlands",false,,PROVEN,belegt,"address confirms 'Niederlande': Gustav Mahlerplein 1, 1082 MS Amsterdam, Netherlands",KEEP,IER-C4,BETEILIGT_AN → p_circl_abn_amro
09-lil-0320,rel,5:5f542910-8dcf-46a9-a77c-dfff0c64ee65:1153027057723114194,victory_group,land_niederlande,LIEGT_IN_LAND,Akteur victory_group liegt in Niederlande,dossier,"address: Gustav Mahlerplein 1, 1082 MS Amsterdam, Netherlands",false,,PROVEN,belegt,"address confirms 'Niederlande': Gustav Mahlerplein 1, 1082 MS Amsterdam, Netherlands",KEEP,IER-C4,BETEILIGT_AN → p_circl_abn_amro
09-lil-0289,rel,5:5f542910-8dcf-46a9-a77c-dfff0c64ee65:1153027057723114195,ter_velde_den_besten,land_niederlande,LIEGT_IN_LAND,Akteur ter_velde_den_besten liegt in Niederlande,dossier,"address: Gustav Mahlerplein 1, 1082 MS Amsterdam, Netherlands",false,,PROVEN,belegt,"address confirms 'Niederlande': Gustav Mahlerplein 1, 1082 MS Amsterdam, Netherlands",KEEP,IER-C4,BETEILIGT_AN → p_circl_abn_amro
09-lil-0200,rel,5:5f542910-8dcf-46a9-a77c-dfff0c64ee65:1153027057723114196,michelle_schneider_zhaw,land_schweiz,LIEGT_IN_LAND,Akteur michelle_schneider_zhaw liegt in Schweiz,dossier,"address: Bern, Switzerland",false,,PROVEN,belegt,"address confirms 'Schweiz': Bern, Switzerland",KEEP,IER-C4,LIEGT_IN_LAND → Schweiz
09-lil-0102,rel,5:5f542910-8dcf-46a9-a77c-dfff0c64ee65:1153027057723114197,elena_sischarenco,land_schweiz,LIEGT_IN_LAND,Akteur elena_sischarenco liegt in Schweiz,dossier,"address: Bern, Switzerland",false,,PROVEN,belegt,"address confirms 'Schweiz': Bern, Switzerland",KEEP,IER-C4,LIEGT_IN_LAND → Schweiz
09-lil-0314,rel,5:5f542910-8dcf-46a9-a77c-dfff0c64ee65:1153027057723114198,vanessa_feri,land_schweiz,LIEGT_IN_LAND,Akteur vanessa_feri liegt in Schweiz,dossier,"address: Bern, Switzerland",false,,PROVEN,belegt,"address confirms 'Schweiz': Bern, Switzerland",KEEP,IER-C4,LIEGT_IN_LAND → Schweiz
09-lil-0012,rel,5:5f542910-8dcf-46a9-a77c-dfff0c64ee65:1153027057723114199,adam_przywara,land_schweiz,LIEGT_IN_LAND,Akteur adam_przywara liegt in Schweiz,dossier,"address: Bern, Switzerland",false,,PROVEN,belegt,"address confirms 'Schweiz': Bern, Switzerland",KEEP,IER-C4,LIEGT_IN_LAND → Schweiz
09-lil-0238,rel,5:5f542910-8dcf-46a9-a77c-dfff0c64ee65:1153027057723114200,rahel_jud,land_schweiz,LIEGT_IN_LAND,Akteur rahel_jud liegt in Schweiz,dossier,"address: Bern, Switzerland",false,,PROVEN,belegt,"address confirms 'Schweiz': Bern, Switzerland",KEEP,IER-C4,LIEGT_IN_LAND → Schweiz
09-lil-0312,rel,5:5f542910-8dcf-46a9-a77c-dfff0c64ee65:1153027057723114201,valerie_jamet,land_frankreich,LIEGT_IN_LAND,Akteur valerie_jamet liegt in Frankreich,dossier,"address: Paris, France",false,,PROVEN,belegt,"address confirms 'Frankreich': Paris, France",KEEP,IER-C4,LIEGT_IN_LAND → Frankreich
09-lil-0032,rel,5:5f542910-8dcf-46a9-a77c-dfff0c64ee65:1153027057723114202,aurelie_heraut,land_frankreich,LIEGT_IN_LAND,Akteur aurelie_heraut liegt in Frankreich,dossier,"address: Paris, France",false,,PROVEN,belegt,"address confirms 'Frankreich': Paris, France",KEEP,IER-C4,LIEGT_IN_LAND → Frankreich
09-lil-0147,rel,5:5f542910-8dcf-46a9-a77c-dfff0c64ee65:1153027057723114203,jerome_goze,land_frankreich,LIEGT_IN_LAND,Akteur jerome_goze liegt in Frankreich,dossier,"address: Paris, France",false,,PROVEN,belegt,"address confirms 'Frankreich': Paris, France",KEEP,IER-C4,LIEGT_IN_LAND → Frankreich
09-lil-0080,rel,5:5f542910-8dcf-46a9-a77c-dfff0c64ee65:1153027057723114204,collectif_cancan,land_frankreich,LIEGT_IN_LAND,Akteur collectif_cancan liegt in Frankreich,dossier,"address: Paris, France",false,,PROVEN,belegt,"address confirms 'Frankreich': Paris, France",KEEP,IER-C4,country inference → land_frankreich
09-lil-0151,rel,5:5f542910-8dcf-46a9-a77c-dfff0c64ee65:1153027057723114205,julius_schaeufele,land_deutschland,LIEGT_IN_LAND,Akteur julius_schaeufele liegt in Deutschland,dossier,"address: Berlin, Germany",false,,PROVEN,belegt,"address confirms 'Deutschland': Berlin, Germany",KEEP,IER-C4,LIEGT_IN_LAND → Deutschland
09-lil-0165,rel,5:5f542910-8dcf-46a9-a77c-dfff0c64ee65:1153027057723114206,lenard_da_costa_kurek,land_deutschland,LIEGT_IN_LAND,Akteur lenard_da_costa_kurek liegt in Deutschland,dossier,"address: Berlin, Germany",false,,PROVEN,belegt,"address confirms 'Deutschland': Berlin, Germany",KEEP,IER-C4,LIEGT_IN_LAND → Deutschland
09-lil-0262,rel,5:5f542910-8dcf-46a9-a77c-dfff0c64ee65:1153027057723114207,salvo_ltd,land_vereinigtes_koenigreich,LIEGT_IN_LAND,Akteur salvo_ltd liegt in Vereinigtes Königreich,dossier,https://www.salvoweb.com/,false,,PARTIAL,teilweise_belegt,"address present but country not parsed: Rue des Ateliers, 14460 Colombelles",KEEP,IER-C4,needs manual country parse or imprint
09-lil-0103,rel,5:5f542910-8dcf-46a9-a77c-dfff0c64ee65:1153027057723114208,embuild,land_belgien,LIEGT_IN_LAND,Akteur embuild liegt in Belgien,none,,false,,UNVERIFIABLE,unbelegt,,ESCALATE_HUMAN,IER-C4,no address in geo registry and no source URL
09-lil-0059,rel,5:5f542910-8dcf-46a9-a77c-dfff0c64ee65:1153027057723114209,buildwise,land_belgien,LIEGT_IN_LAND,Akteur buildwise liegt in Belgien,none,,false,,UNVERIFIABLE,unbelegt,,ESCALATE_HUMAN,IER-C4,no address in geo registry and no source URL
09-lil-0085,rel,5:5f542910-8dcf-46a9-a77c-dfff0c64ee65:1153027057723114210,cstb,land_frankreich,LIEGT_IN_LAND,Akteur cstb liegt in Frankreich,dossier,https://www.cstb.fr/nos-offres/toutes-nos-offres/accompagner-developpement-reemploi,false,,PARTIAL,teilweise_belegt,"address present but country not parsed: Rue des Ateliers, 14460 Colombelles",KEEP,IER-C4,needs manual country parse or imprint
09-lil-0055,rel,5:5f542910-8dcf-46a9-a77c-dfff0c64ee65:1153027057723114211,brussels_environment,land_belgien,LIEGT_IN_LAND,Akteur brussels_environment liegt in Belgien,dossier,https://environnement.brussels/,false,,PARTIAL,teilweise_belegt,"address present but country not parsed: Rue des Ateliers, 14460 Colombelles",KEEP,IER-C4,needs manual country parse or imprint
09-lil-0077,rel,5:5f542910-8dcf-46a9-a77c-dfff0c64ee65:1153027057723114212,city_of_utrecht,land_niederlande,LIEGT_IN_LAND,Akteur city_of_utrecht liegt in Niederlande,dossier,https://www.utrecht.nl/,false,,PARTIAL,teilweise_belegt,"address present but country not parsed: Rue des Ateliers, 14460 Colombelles",KEEP,IER-C4,needs manual country parse or imprint
09-lil-0051,rel,5:5f542910-8dcf-46a9-a77c-dfff0c64ee65:1153027057723114213,bellastock,land_frankreich,LIEGT_IN_LAND,Akteur bellastock liegt in Frankreich,web,https://experimentationsurbaines.ademe.fr/blog/ressource/site-de-bellastock-expert-sur-le-reemploi-de-materiaux-de-construction/,true,200,PROVEN,belegt,"La structure engagée dans la transition écologique, développe depuis 2012 une expertise pionnière en France sur le réemploi de matériaux de construction, et une réflexion plus globale sur l’urbanisme de transition. A travers ces pratiques, Bellastock oeuvre pour le développement…",ADD_SOURCE,IER-C4,imprint/contact address confirms country
09-lil-0047,rel,5:5f542910-8dcf-46a9-a77c-dfff0c64ee65:1153027057723114366,bauteilkatalog_immobilien_basel_stadt,land_schweiz,LIEGT_IN_LAND,Akteur bauteilkatalog_immobilien_basel_stadt liegt in Schweiz,dossier,"address: Emilie Louise Frey-Strasse, 4053 Basel, Switzerland",false,,PROVEN,belegt,"address confirms 'Schweiz': Emilie Louise Frey-Strasse, 4053 Basel, Switzerland",KEEP,IER-C4,BETEILIGT_AN → p_elementa_walkeweg
09-lil-0043,rel,5:5f542910-8dcf-46a9-a77c-dfff0c64ee65:1153027057723114378,baumab_kassel,land_deutschland,LIEGT_IN_LAND,Akteur baumab_kassel liegt in Deutschland,dossier,"address: Asse, Halle-Vilvoorde, Vlaams-Brabant, Vlaanderen, België / Belgique / Belgien",false,,CONTRADICTION,widerlegt,"address names Belgien but LIEGT_IN_LAND says Deutschland: Asse, Halle-Vilvoorde, Vlaams-Brabant, Vlaanderen, België / Belgique / Belgien",ESCALATE_HUMAN,IER-C4,project-linked address country != edge land
09-lil-0273,rel,5:5f542910-8dcf-46a9-a77c-dfff0c64ee65:1153027057723114395,stadt_kassel,land_deutschland,LIEGT_IN_LAND,Akteur stadt_kassel liegt in Deutschland,dossier,"address: Asse, Halle-Vilvoorde, Vlaams-Brabant, Vlaanderen, België / Belgique / Belgien",false,,CONTRADICTION,widerlegt,"address names Belgien but LIEGT_IN_LAND says Deutschland: Asse, Halle-Vilvoorde, Vlaams-Brabant, Vlaanderen, België / Belgique / Belgien",ESCALATE_HUMAN,IER-C4,project-linked address country != edge land
09-lil-0282,rel,5:5f542910-8dcf-46a9-a77c-dfff0c64ee65:1153027057723114396,surap_gmbh,land_deutschland,LIEGT_IN_LAND,Akteur surap_gmbh liegt in Deutschland,dossier,"address: Berlin, Germany",false,,PROVEN,belegt,"address confirms 'Deutschland': Berlin, Germany",KEEP,IER-C4,country inference → land_deutschland
09-lil-0278,rel,5:5f542910-8dcf-46a9-a77c-dfff0c64ee65:1153027057723114397,stiftung_lebenswertes_liechtenstein,land_liechtenstein,LIEGT_IN_LAND,Akteur stiftung_lebenswertes_liechtenstein liegt in Liechtenstein,dossier,"address: Vaduz, Liechtenstein",false,,PROVEN,belegt,"address confirms 'Liechtenstein': Vaduz, Liechtenstein",KEEP,IER-C4,country token in actor id/name
09-lil-0254,rel,5:5f542910-8dcf-46a9-a77c-dfff0c64ee65:1153027057723115545,ressourcerie_lausanne_materiuum_ruul,land_schweiz,LIEGT_IN_LAND,Akteur ressourcerie_lausanne_materiuum_ruul liegt in Schweiz,dossier,"address: Bern, Switzerland",false,,PROVEN,belegt,"address confirms 'Schweiz': Bern, Switzerland",KEEP,IER-C4,country inference → land_schweiz
09-lil-0119,rel,5:5f542910-8dcf-46a9-a77c-dfff0c64ee65:1153027057723118344,gebruiktebouwmaterialen,land_niederlande,LIEGT_IN_LAND,Akteur gebruiktebouwmaterialen liegt in Niederlande,dossier,"address: Plankenstraat 23, 1701 Dilbeek, Belgien",false,,CONTRADICTION,widerlegt,"address names Belgien but LIEGT_IN_LAND says Niederlande: Plankenstraat 23, 1701 Dilbeek, Belgien",ESCALATE_HUMAN,IER-C4,project-linked address country != edge land
09-lil-0041,rel,5:5f542910-8dcf-46a9-a77c-dfff0c64ee65:1153027057723118440,baubuero_in_situ,land_schweiz,LIEGT_IN_LAND,Akteur baubuero_in_situ liegt in Schweiz,web,https://www.insitu.ch/kontakt,true,200,PROVEN,belegt,Basel Team Jasmin Amann Architektin MSc. › E-Mail Jasmin studierte Architektur am Karlsruher Institut für Technologie (KIT). Bereits während des Studiums setzte sie den Schwerpunkt auf den Bereich Nachhaltiges Bauen mit Fokus Wiederverwendung von Bauteilen. Das Praktikum beim ba…,ADD_SOURCE,IER-C4,imprint/contact address confirms country
09-lil-0048,rel,5:5f542910-8dcf-46a9-a77c-dfff0c64ee65:1153027057723118537,bauteilladen_winterthur,land_schweiz,LIEGT_IN_LAND,Akteur bauteilladen_winterthur liegt in Schweiz,web,https://bauteilladen.ch/kontakt,true,200,PROVEN,belegt,".woocommerce .woocommerce-error,.woocommerce .woocommerce-info,.woocommerce .woocommerce-message{background:#2EA3F2}.entry-summary p.price ins,.woocommerce div.product span.price,.woocommerce-page div.product span.price,.woocommerce #content div.product span.price,.woocommerce-p…",ADD_SOURCE,IER-C4,imprint/contact address confirms country
09-lil-0138,rel,5:5f542910-8dcf-46a9-a77c-dfff0c64ee65:1153027057723118694,heyne_tillett_steel,land_vereinigtes_koenigreich,LIEGT_IN_LAND,Akteur heyne_tillett_steel liegt in Vereinigtes Königreich,logic,https://www.grosvenor.com/property/holbein-gardens,true,200,PROVEN,belegt,"address confirms 'Vereinigtes Königreich': 7 Holbein Place, London SW1W 8NR, UK",ADD_SOURCE,IER-C4,BETEILIGT_AN → p_holbein_gardens_london
09-lil-0079,rel,5:5f542910-8dcf-46a9-a77c-dfff0c64ee65:1153027057723118695,cleveland_steel_tubes,land_vereinigtes_koenigreich,LIEGT_IN_LAND,Akteur cleveland_steel_tubes liegt in Vereinigtes Königreich,logic,"address: 55 Great Suffolk Street, London SE1 0UQ, UK",false,,PROVEN,belegt,"address confirms 'Vereinigtes Königreich': 55 Great Suffolk Street, London SE1 0UQ, UK",KEEP,IER-C4,BETEILIGT_AN → p_55_great_suffolk_street_london
09-lil-0574,rel,5:5f542910-8dcf-46a9-a77c-dfff0c64ee65:1153027057723118710,software_qflow,land_vereinigtes_koenigreich,LIEGT_IN_LAND,Software software_qflow liegt in Vereinigtes Königreich,web,https://qualisflow.com/contact,true,200,PROVEN,belegt,Case Studies Blog The State of Data Quality in Construction Report UK Construction Waste Report Carbon Assessment 2025,ADD_SOURCE,IER-C4,imprint/contact address confirms country
09-lil-0569,rel,5:5f542910-8dcf-46a9-a77c-dfff0c64ee65:1153027057723118734,software_concular,land_deutschland,LIEGT_IN_LAND,Software software_concular liegt in Deutschland,web,https://concular.de/impressum/,true,200,PROVEN,belegt,Concular GmbH Rollbergstraße 28a 12053 Berlin,ADD_SOURCE,IER-C4,Concular GmbH impressum; Handelsregister Stuttgart
09-lil-0575,rel,5:5f542910-8dcf-46a9-a77c-dfff0c64ee65:1153027057723118735,software_restado,land_deutschland,LIEGT_IN_LAND,Software software_restado liegt in Deutschland,web,https://restado.de/hilfe/impressum/,true,200,PROVEN,belegt,Concular GmbH Rollbergstr. 28A 12053 Berlin,ADD_SOURCE,IER-C4,"restado impressum; Concular GmbH seat Berlin, Deutschland"
09-lil-0014,rel,5:5f542910-8dcf-46a9-a77c-dfff0c64ee65:1153027057723119168,akt_ii,land_vereinigtes_koenigreich,LIEGT_IN_LAND,Akteur akt_ii liegt in Vereinigtes Königreich,logic,"address: 55 Great Suffolk Street, London SE1 0UQ, UK",false,,PROVEN,belegt,"address confirms 'Vereinigtes Königreich': 55 Great Suffolk Street, London SE1 0UQ, UK",KEEP,IER-C4,BETEILIGT_AN → p_55_great_suffolk_street_london
09-lil-0286,rel,5:5f542910-8dcf-46a9-a77c-dfff0c64ee65:1153027057723119169,symmetrys,land_vereinigtes_koenigreich,LIEGT_IN_LAND,Akteur symmetrys liegt in Vereinigtes Königreich,logic,"address: 55 Great Suffolk Street, London SE1 0UQ, UK",false,,PROVEN,belegt,"address confirms 'Vereinigtes Königreich': 55 Great Suffolk Street, London SE1 0UQ, UK",KEEP,IER-C4,BETEILIGT_AN → p_55_great_suffolk_street_london
09-lil-0576,rel,5:5f542910-8dcf-46a9-a77c-dfff0c64ee65:1153027057723119287,tool_hts_stockmatcher,land_vereinigtes_koenigreich,LIEGT_IN_LAND,Software tool_hts_stockmatcher liegt in Vereinigtes Königreich,none,https://www.heynetillettsteel.com/research/,false,,PARTIAL,teilweise_belegt,country unconfirmed; addr=none,KEEP,IER-C4,fetched pages lack explicit address with country
09-lil-0471,rel,5:5f542910-8dcf-46a9-a77c-dfff0c64ee65:1153027057723119620,bw_elys_ehemaliges_getraenkelager_areal,land_schweiz,LIEGT_IN_LAND,Materialdepot bw_elys_ehemaliges_getraenkelager_areal liegt in Schweiz,web,https://elys-basel.ch/impressum,true,200,PROVEN,belegt,ELYS – Kultur- und Gewerbehaus Kultur- und Gewerbehaus About Wer ist ELYS? Was läuft Vermietung Wer ist wo Kontakt Was läuft im ELYS? ELYS – Das Kultur- und Gewerbehaus ELYS ist das Kultur- und Gewerbehaus an der Elsässerstrasse 209/215 im Basler St. Johann-Quartier. Es bietet 2…,ADD_SOURCE,IER-C4,imprint/contact address confirms country
09-lil-0139,rel,5:5f542910-8dcf-46a9-a77c-dfff0c64ee65:1153027057723119655,hft_stuttgart,land_deutschland,LIEGT_IN_LAND,Akteur hft_stuttgart liegt in Deutschland,dossier,"address: Stuttgart, Baden-Württemberg, Deutschland",false,,PROVEN,belegt,"address confirms 'Deutschland': Stuttgart, Baden-Württemberg, Deutschland",KEEP,IER-C4,city token 'stuttgart' in actor id/name/urls
09-lil-0328,rel,5:5f542910-8dcf-46a9-a77c-dfff0c64ee65:1153027057723119657,zirkular,land_schweiz,LIEGT_IN_LAND,Akteur zirkular liegt in Schweiz,dossier,"address: Emilie Louise Frey-Strasse, 4053 Basel, Switzerland",false,,PROVEN,belegt,"address confirms 'Schweiz': Emilie Louise Frey-Strasse, 4053 Basel, Switzerland",KEEP,IER-C4,BETEILIGT_AN → p_elementa_walkeweg
09-lil-0141,rel,5:5f542910-8dcf-46a9-a77c-dfff0c64ee65:1153027057723119662,htwg_konstanz,land_deutschland,LIEGT_IN_LAND,Akteur htwg_konstanz liegt in Deutschland,dossier,"address: Berlin, Germany",false,,PROVEN,belegt,"address confirms 'Deutschland': Berlin, Germany",KEEP,IER-C4,LIEGT_IN_LAND → Deutschland
09-lil-0160,rel,5:5f542910-8dcf-46a9-a77c-dfff0c64ee65:1153027057723119663,klingelhoefer_kroetsch,land_deutschland,LIEGT_IN_LAND,Akteur klingelhoefer_kroetsch liegt in Deutschland,dossier,"address: Baumwasenweg, 74379 Ingersheim, Germany",false,,PROVEN,belegt,"address confirms 'Deutschland': Baumwasenweg, 74379 Ingersheim, Germany",KEEP,IER-C4,BETEILIGT_AN → p_jugendtreff_ingersheim
09-lil-0006,rel,5:5f542910-8dcf-46a9-a77c-dfff0c64ee65:1153027057723119719,Natural_Building_Lab,land_deutschland,LIEGT_IN_LAND,Akteur Natural_Building_Lab liegt in Deutschland,dossier,"address: Berlin, Germany",false,,PROVEN,belegt,"address confirms 'Deutschland': Berlin, Germany",KEEP,IER-C4,LIEGT_IN_LAND → Deutschland
09-lil-0126,rel,5:5f542910-8dcf-46a9-a77c-dfff0c64ee65:1153027057723119721,graber_pulver,land_schweiz,LIEGT_IN_LAND,Akteur graber_pulver liegt in Schweiz,dossier,"address: Bern, Switzerland",false,,PROVEN,belegt,"address confirms 'Schweiz': Bern, Switzerland",KEEP,IER-C4,LIEGT_IN_LAND → Schweiz
09-lil-0004,rel,5:5f542910-8dcf-46a9-a77c-dfff0c64ee65:1153027057723119722,CITYFOERSTER,land_deutschland,LIEGT_IN_LAND,Akteur CITYFOERSTER liegt in Deutschland,dossier,"address: Berlin, Germany",false,,PROVEN,belegt,"address confirms 'Deutschland': Berlin, Germany",KEEP,IER-C4,LIEGT_IN_LAND → Deutschland
09-lil-0313,rel,5:5f542910-8dcf-46a9-a77c-dfff0c64ee65:1153027057723119723,vandkunsten,land_daenemark,LIEGT_IN_LAND,Akteur vandkunsten liegt in Dänemark,dossier,"address: Copenhagen, Denmark",false,,PROVEN,belegt,"address confirms 'Dänemark': Copenhagen, Denmark",KEEP,IER-C4,LIEGT_IN_LAND → Dänemark
09-lil-0005,rel,5:5f542910-8dcf-46a9-a77c-dfff0c64ee65:1153027057723119724,Lendager,land_daenemark,LIEGT_IN_LAND,Akteur Lendager liegt in Dänemark,logic,https://www.gladsaxe.dk/,true,200,PROVEN,belegt,"address confirms 'Dänemark': Tobaksvejen 6, 2860 Søborg, Denmark",ADD_SOURCE,IER-C4,BETEILIGT_AN → p_svanen_kindergarten_gladsaxe
09-lil-0052,rel,5:5f542910-8dcf-46a9-a77c-dfff0c64ee65:1153027057723119725,benjamin_poignon,land_schweiz,LIEGT_IN_LAND,Akteur benjamin_poignon liegt in Schweiz,logic,"address: Elsässerstrasse 215, 4056 Basel, Switzerland",false,,PROVEN,belegt,"address confirms 'Schweiz': Elsässerstrasse 215, 4056 Basel, Switzerland",KEEP,IER-C4,source_url overlap → p_elys_kultur_gewerbehaus_basel
09-lil-0067,rel,5:5f542910-8dcf-46a9-a77c-dfff0c64ee65:1153027057723119729,charlotte_bofinger,land_schweiz,LIEGT_IN_LAND,Akteur charlotte_bofinger liegt in Schweiz,logic,"address: Elsässerstrasse 215, 4056 Basel, Switzerland",false,,PROVEN,belegt,"address confirms 'Schweiz': Elsässerstrasse 215, 4056 Basel, Switzerland",KEEP,IER-C4,source_url overlap → p_elys_kultur_gewerbehaus_basel
09-lil-0101,rel,5:5f542910-8dcf-46a9-a77c-dfff0c64ee65:1153027057723119733,eike_roswag_klinge,land_deutschland,LIEGT_IN_LAND,Akteur eike_roswag_klinge liegt in Deutschland,dossier,"address: Berlin, Deutschland",false,,PROVEN,belegt,"address confirms 'Deutschland': Berlin, Deutschland",KEEP,IER-C4,city token 'berlin' in actor id/name/urls
09-lil-0179,rel,5:5f542910-8dcf-46a9-a77c-dfff0c64ee65:1153027057723119738,marco_graber,land_schweiz,LIEGT_IN_LAND,Akteur marco_graber liegt in Schweiz,logic,https://www.stadt-zuerich.ch/de/aktuell/medienmitteilungen/2025/07/neubau-recyclingzentrum-juch-areal.html,true,200,PROVEN,belegt,"address confirms 'Schweiz': Juch-Areal, Zürich-Altstetten, 8048 Zürich, Switzerland",ADD_SOURCE,IER-C4,source_url overlap → p_juch_areal_recyclingzentrum_zuerich
09-lil-0290,rel,5:5f542910-8dcf-46a9-a77c-dfff0c64ee65:1153027057723119742,thomas_pulver,land_schweiz,LIEGT_IN_LAND,Akteur thomas_pulver liegt in Schweiz,logic,https://www.stadt-zuerich.ch/de/aktuell/medienmitteilungen/2025/07/neubau-recyclingzentrum-juch-areal.html,true,200,PROVEN,belegt,"address confirms 'Schweiz': Juch-Areal, Zürich-Altstetten, 8048 Zürich, Switzerland",ADD_SOURCE,IER-C4,source_url overlap → p_juch_areal_recyclingzentrum_zuerich
09-lil-0146,rel,5:5f542910-8dcf-46a9-a77c-dfff0c64ee65:1153027057723119746,jeroen_bergsma,land_niederlande,LIEGT_IN_LAND,Akteur jeroen_bergsma liegt in Niederlande,logic,https://www.bluecity.nl/,true,200,PROVEN,belegt,"address confirms 'Niederlande': Maasboulevard 100, 3063 NS Rotterdam, Netherlands",ADD_SOURCE,IER-C4,source_url overlap → p_bluecity_offices_rotterdam
09-lil-0209,rel,5:5f542910-8dcf-46a9-a77c-dfff0c64ee65:1153027057723119751,nils_nolting,land_deutschland,LIEGT_IN_LAND,Akteur nils_nolting liegt in Deutschland,dossier,"address: Berlin, Germany",false,,PROVEN,belegt,"address confirms 'Deutschland': Berlin, Germany",KEEP,IER-C4,country inference → land_deutschland
09-lil-0271,rel,5:5f542910-8dcf-46a9-a77c-dfff0c64ee65:1153027057723119755,soren_nielsen,land_daenemark,LIEGT_IN_LAND,Akteur soren_nielsen liegt in Dänemark,dossier,"address: Copenhagen, Denmark",false,,PROVEN,belegt,"address confirms 'Dänemark': Copenhagen, Denmark",KEEP,IER-C4,LIEGT_IN_LAND → Dänemark
09-lil-0017,rel,5:5f542910-8dcf-46a9-a77c-dfff0c64ee65:1153027057723119759,anders_lendager,land_daenemark,LIEGT_IN_LAND,Akteur anders_lendager liegt in Dänemark,logic,https://dac.dk/en/magazine/resource-rows,true,200,PROVEN,belegt,"address confirms 'Dänemark': Ejler Billes Allé 29, 2300 København S, Denmark",ADD_SOURCE,IER-C4,source_url overlap → p_resource_rows_copenhagen
09-lil-0019,rel,5:5f542910-8dcf-46a9-a77c-dfff0c64ee65:1153027057723119764,andrea_klinge,land_deutschland,LIEGT_IN_LAND,Akteur andrea_klinge liegt in Deutschland,dossier,"address: Berlin, Deutschland",false,,PROVEN,belegt,"address confirms 'Deutschland': Berlin, Deutschland",KEEP,IER-C4,city token 'berlin' in actor id/name/urls
09-lil-0054,rel,5:5f542910-8dcf-46a9-a77c-dfff0c64ee65:1153027057723119768,bischof_foehn_architektur,land_schweiz,LIEGT_IN_LAND,Akteur bischof_foehn_architektur liegt in Schweiz,dossier,"address: Bern, Switzerland",false,,PROVEN,belegt,"address confirms 'Schweiz': Bern, Switzerland",KEEP,IER-C4,LIEGT_IN_LAND → Schweiz
09-lil-0129,rel,5:5f542910-8dcf-46a9-a77c-dfff0c64ee65:1153027057723119769,grand_huit,land_frankreich,LIEGT_IN_LAND,Akteur grand_huit liegt in Frankreich,dossier,"address: Paris, France",false,,PROVEN,belegt,"address confirms 'Frankreich': Paris, France",KEEP,IER-C4,LIEGT_IN_LAND → Frankreich
09-lil-0034,rel,5:5f542910-8dcf-46a9-a77c-dfff0c64ee65:1153027057723119770,bakerbrown,land_vereinigtes_koenigreich,LIEGT_IN_LAND,Akteur bakerbrown liegt in Vereinigtes Königreich,dossier,"address: London, UK",false,,PROVEN,belegt,"address confirms 'Vereinigtes Königreich': London, UK",KEEP,IER-C4,LIEGT_IN_LAND → Vereinigtes Königreich
09-lil-0303,rel,5:5f542910-8dcf-46a9-a77c-dfff0c64ee65:1153027057723119771,university_of_brighton,land_vereinigtes_koenigreich,LIEGT_IN_LAND,Akteur university_of_brighton liegt in Vereinigtes Königreich,none,,false,,UNVERIFIABLE,unbelegt,,ESCALATE_HUMAN,IER-C4,no address in geo registry and no source URL
09-lil-0030,rel,5:5f542910-8dcf-46a9-a77c-dfff0c64ee65:1153027057723119772,archipel_zero,land_frankreich,LIEGT_IN_LAND,Akteur archipel_zero liegt in Frankreich,dossier,"address: Paris, France",false,,PROVEN,belegt,"address confirms 'Frankreich': Paris, France",KEEP,IER-C4,LIEGT_IN_LAND → Frankreich
09-lil-0169,rel,5:5f542910-8dcf-46a9-a77c-dfff0c64ee65:1153027057723119774,loeliger_strub,land_schweiz,LIEGT_IN_LAND,Akteur loeliger_strub liegt in Schweiz,dossier,"address: Liège, Wallonie, 4000, België / Belgique / Belgien",false,,CONTRADICTION,widerlegt,"address names Belgien but LIEGT_IN_LAND says Schweiz: Liège, Wallonie, 4000, België / Belgique / Belgien",ESCALATE_HUMAN,IER-C4,project-linked address country != edge land
09-lil-0204,rel,5:5f542910-8dcf-46a9-a77c-dfff0c64ee65:1153027057723119775,nbl_studio,land_deutschland,LIEGT_IN_LAND,Akteur nbl_studio liegt in Deutschland,dossier,"address: Berlin, Germany",false,,PROVEN,belegt,"address confirms 'Deutschland': Berlin, Germany",KEEP,IER-C4,LIEGT_IN_LAND → Deutschland
09-lil-0275,rel,5:5f542910-8dcf-46a9-a77c-dfff0c64ee65:1153027057723119776,stephan_bischof,land_schweiz,LIEGT_IN_LAND,Akteur stephan_bischof liegt in Schweiz,logic,https://www.stadt-zuerich.ch/,true,200,PROVEN,belegt,"address confirms 'Schweiz': Mööslistrasse 8, 8038 Zürich, Switzerland",ADD_SOURCE,IER-C4,source_url overlap → p_kindergarten_moeoeslistrasse_manegg_zuerich
09-lil-0214,rel,5:5f542910-8dcf-46a9-a77c-dfff0c64ee65:1153027057723119780,norbert_foehn,land_schweiz,LIEGT_IN_LAND,Akteur norbert_foehn liegt in Schweiz,logic,https://www.stadt-zuerich.ch/,true,200,PROVEN,belegt,"address confirms 'Schweiz': Mööslistrasse 8, 8038 Zürich, Switzerland",ADD_SOURCE,IER-C4,source_url overlap → p_kindergarten_moeoeslistrasse_manegg_zuerich
09-lil-0111,rel,5:5f542910-8dcf-46a9-a77c-dfff0c64ee65:1153027057723119784,fabian_sauser,land_schweiz,LIEGT_IN_LAND,Akteur fabian_sauser liegt in Schweiz,dossier,"address: Asse, Halle-Vilvoorde, Vlaams-Brabant, Vlaanderen, België / Belgique / Belgien",false,,CONTRADICTION,widerlegt,"address names Belgien but LIEGT_IN_LAND says Schweiz: Asse, Halle-Vilvoorde, Vlaams-Brabant, Vlaanderen, België / Belgique / Belgien",ESCALATE_HUMAN,IER-C4,project-linked address country != edge land
09-lil-0078,rel,5:5f542910-8dcf-46a9-a77c-dfff0c64ee65:1153027057723119788,clara_simay,land_frankreich,LIEGT_IN_LAND,Akteur clara_simay liegt in Frankreich,dossier,"address: Paris, France",false,,PROVEN,belegt,"address confirms 'Frankreich': Paris, France",KEEP,IER-C4,LIEGT_IN_LAND → Frankreich
09-lil-0098,rel,5:5f542910-8dcf-46a9-a77c-dfff0c64ee65:1153027057723119793,duncan_baker_brown,land_vereinigtes_koenigreich,LIEGT_IN_LAND,Akteur duncan_baker_brown liegt in Vereinigtes Königreich,web,https://www.brighton.ac.uk/research/research-news/feature/brighton-waste-house.aspx,true,200,PROVEN,belegt,"Commissioned by TalkBack Thames TV the original design project was known as ‘The House that Kevin Built’ (THTKB) in collaboration with Grand Designs presenter Kevin McCloud. When constructed outside the London ExCel centre in the Custom House area of Newham, East London, it was …",ADD_SOURCE,IER-C4,imprint/contact address confirms country
09-lil-0117,rel,5:5f542910-8dcf-46a9-a77c-dfff0c64ee65:1153027057723119797,frederic_denise,land_frankreich,LIEGT_IN_LAND,Akteur frederic_denise liegt in Frankreich,dossier,"address: Stains, Saint-Denis, Seine-Saint-Denis, Île-de-France, France métropolitaine, 93240, France",false,,PROVEN,belegt,"address confirms 'Frankreich': Stains, Saint-Denis, Seine-Saint-Denis, Île-de-France, France métropolitaine, 93240, France",KEEP,IER-C4,city token 'stains' in actor id/name/urls
09-lil-0153,rel,5:5f542910-8dcf-46a9-a77c-dfff0c64ee65:1153027057723119802,katharina_raabe,land_deutschland,LIEGT_IN_LAND,Akteur katharina_raabe liegt in Deutschland,dossier,"address: Stuttgart, Baden-Württemberg, Deutschland",false,,PROVEN,belegt,"address confirms 'Deutschland': Stuttgart, Baden-Württemberg, Deutschland",KEEP,IER-C4,city token 'stuttgart' in actor id/name/urls
09-lil-0177,rel,5:5f542910-8dcf-46a9-a77c-dfff0c64ee65:1153027057723119806,marc_loeliger,land_schweiz,LIEGT_IN_LAND,Akteur marc_loeliger liegt in Schweiz,dossier,"address: Weinlagerstrasse 33, 4056 Basel, Switzerland",false,,PROVEN,belegt,"address confirms 'Schweiz': Weinlagerstrasse 33, 4056 Basel, Switzerland",KEEP,IER-C4,source_url overlap → p_lysp8_basel
09-lil-0183,rel,5:5f542910-8dcf-46a9-a77c-dfff0c64ee65:1153027057723119810,martin_zeller,land_schweiz,LIEGT_IN_LAND,Akteur martin_zeller liegt in Schweiz,dossier,"address: Weinlagerstrasse 33, 4056 Basel, Switzerland",false,,PROVEN,belegt,"address confirms 'Schweiz': Weinlagerstrasse 33, 4056 Basel, Switzerland",KEEP,IER-C4,source_url overlap → p_lysp8_basel
09-lil-0191,rel,5:5f542910-8dcf-46a9-a77c-dfff0c64ee65:1153027057723119813,matthew_crabbe,land_deutschland,LIEGT_IN_LAND,Akteur matthew_crabbe liegt in Deutschland,dossier,"address: Berlin, Deutschland",false,,PROVEN,belegt,"address confirms 'Deutschland': Berlin, Deutschland",KEEP,IER-C4,city token 'berlin' in actor id/name/urls
09-lil-0231,rel,5:5f542910-8dcf-46a9-a77c-dfff0c64ee65:1153027057723119817,pihlmann_architects,land_daenemark,LIEGT_IN_LAND,Akteur pihlmann_architects liegt in Dänemark,dossier,"address: Copenhagen, Denmark",false,,PROVEN,belegt,"address confirms 'Dänemark': Copenhagen, Denmark",KEEP,IER-C4,LIEGT_IN_LAND → Dänemark
09-lil-0281,rel,5:5f542910-8dcf-46a9-a77c-dfff0c64ee65:1153027057723119818,studio_trachsler_hoffmann,land_schweiz,LIEGT_IN_LAND,Akteur studio_trachsler_hoffmann liegt in Schweiz,dossier,"address: Bern, Switzerland",false,,PROVEN,belegt,"address confirms 'Schweiz': Bern, Switzerland",KEEP,IER-C4,LIEGT_IN_LAND → Schweiz
09-lil-0218,rel,5:5f542910-8dcf-46a9-a77c-dfff0c64ee65:1153027057723119819,ouest_architecture,land_belgien,LIEGT_IN_LAND,Akteur ouest_architecture liegt in Belgien,dossier,"address: Brussels, Belgium",false,,PROVEN,belegt,"address confirms 'Belgien': Brussels, Belgium",KEEP,IER-C4,LIEGT_IN_LAND → Belgien
09-lil-0194,rel,5:5f542910-8dcf-46a9-a77c-dfff0c64ee65:1153027057723119820,maximilian_stemmler,land_deutschland,LIEGT_IN_LAND,Akteur maximilian_stemmler liegt in Deutschland,dossier,"address: Stuttgart, Baden-Württemberg, Deutschland",false,,PROVEN,belegt,"address confirms 'Deutschland': Stuttgart, Baden-Württemberg, Deutschland",KEEP,IER-C4,city token 'stuttgart' in actor id/name/urls
09-lil-0211,rel,5:5f542910-8dcf-46a9-a77c-dfff0c64ee65:1153027057723119824,nina_pawlicki,land_deutschland,LIEGT_IN_LAND,Akteur nina_pawlicki liegt in Deutschland,dossier,"address: Berlin, Deutschland",false,,PROVEN,belegt,"address confirms 'Deutschland': Berlin, Deutschland",KEEP,IER-C4,city token 'berlin' in actor id/name/urls
09-lil-0258,rel,5:5f542910-8dcf-46a9-a77c-dfff0c64ee65:1153027057723119827,roman_kreuzer,land_deutschland,LIEGT_IN_LAND,Akteur roman_kreuzer liegt in Deutschland,dossier,"address: Stuttgart, Baden-Württemberg, Deutschland",false,,PROVEN,belegt,"address confirms 'Deutschland': Stuttgart, Baden-Württemberg, Deutschland",KEEP,IER-C4,city token 'stuttgart' in actor id/name/urls
09-lil-0269,rel,5:5f542910-8dcf-46a9-a77c-dfff0c64ee65:1153027057723119831,sina_jansen,land_deutschland,LIEGT_IN_LAND,Akteur sina_jansen liegt in Deutschland,dossier,"address: Berlin, Deutschland",false,,PROVEN,belegt,"address confirms 'Deutschland': Berlin, Deutschland",KEEP,IER-C4,city token 'berlin' in actor id/name/urls
09-lil-0272,rel,5:5f542910-8dcf-46a9-a77c-dfff0c64ee65:1153027057723119834,soren_pihlmann,land_daenemark,LIEGT_IN_LAND,Akteur soren_pihlmann liegt in Dänemark,dossier,"address: Copenhagen, Denmark",false,,PROVEN,belegt,"address confirms 'Dänemark': Copenhagen, Denmark",KEEP,IER-C4,country inference → land_daenemark
09-lil-0088,rel,5:5f542910-8dcf-46a9-a77c-dfff0c64ee65:1153027057723119838,daniel_hoffmann,land_schweiz,LIEGT_IN_LAND,Akteur daniel_hoffmann liegt in Schweiz,dossier,"address: Asse, Halle-Vilvoorde, Vlaams-Brabant, Vlaanderen, België / Belgique / Belgien",false,,CONTRADICTION,widerlegt,"address names Belgien but LIEGT_IN_LAND says Schweiz: Asse, Halle-Vilvoorde, Vlaams-Brabant, Vlaanderen, België / Belgique / Belgien",ESCALATE_HUMAN,IER-C4,project-linked address country != edge land
09-lil-0124,rel,5:5f542910-8dcf-46a9-a77c-dfff0c64ee65:1153027057723119842,gian_trachsler,land_schweiz,LIEGT_IN_LAND,Akteur gian_trachsler liegt in Schweiz,dossier,"address: Asse, Halle-Vilvoorde, Vlaams-Brabant, Vlaanderen, België / Belgique / Belgien",false,,CONTRADICTION,widerlegt,"address names Belgien but LIEGT_IN_LAND says Schweiz: Asse, Halle-Vilvoorde, Vlaams-Brabant, Vlaanderen, België / Belgique / Belgien",ESCALATE_HUMAN,IER-C4,project-linked address country != edge land
09-lil-0145,rel,5:5f542910-8dcf-46a9-a77c-dfff0c64ee65:1153027057723119846,jan_haerens,land_belgien,LIEGT_IN_LAND,Akteur jan_haerens liegt in Belgien,logic,https://opalis.eu/fr/projets/zinneke-feder-masui4ever,true,200,PROVEN,belegt,"address confirms 'Belgien': Masuiplein 13, 1030 Brussels, Belgium",ADD_SOURCE,IER-C4,source_url overlap → p_zinneke_feder_masui4ever_brussels
09-lil-0276,rel,5:5f542910-8dcf-46a9-a77c-dfff0c64ee65:1153027057723119850,stephane_damsin,land_belgien,LIEGT_IN_LAND,Akteur stephane_damsin liegt in Belgien,logic,https://opalis.eu/fr/projets/zinneke-feder-masui4ever,true,200,PROVEN,belegt,"address confirms 'Belgien': Masuiplein 13, 1030 Brussels, Belgium",ADD_SOURCE,IER-C4,source_url overlap → p_zinneke_feder_masui4ever_brussels
09-lil-0154,rel,5:5f542910-8dcf-46a9-a77c-dfff0c64ee65:1153027057723119854,katrine_west_kristensen,land_daenemark,LIEGT_IN_LAND,Akteur katrine_west_kristensen liegt in Dänemark,dossier,"address: Copenhagen, Denmark",false,,PROVEN,belegt,"address confirms 'Dänemark': Copenhagen, Denmark",KEEP,IER-C4,LIEGT_IN_LAND → Dänemark
09-lil-0089,rel,5:5f542910-8dcf-46a9-a77c-dfff0c64ee65:1153027057723119861,de_architekten_cie,land_niederlande,LIEGT_IN_LAND,Akteur de_architekten_cie liegt in Niederlande,dossier,"address: Amsterdam, Netherlands",false,,PROVEN,belegt,"address confirms 'Niederlande': Amsterdam, Netherlands",KEEP,IER-C4,LIEGT_IN_LAND → Niederlande
09-lil-0219,rel,5:5f542910-8dcf-46a9-a77c-dfff0c64ee65:1153027057723119862,overtreders_w,land_niederlande,LIEGT_IN_LAND,Akteur overtreders_w liegt in Niederlande,logic,https://overtredersw.nl/projects/peoples-pavilion,true,200,PROVEN,belegt,"address confirms 'Niederlande': Ketelhuisplein, 5617 AE Eindhoven, Netherlands",ADD_SOURCE,IER-C4,BETEILIGT_AN → p_peoples_pavilion_eindhoven
09-lil-0172,rel,5:5f542910-8dcf-46a9-a77c-dfff0c64ee65:1153027057723119863,lxsy_architektur,land_deutschland,LIEGT_IN_LAND,Akteur lxsy_architektur liegt in Deutschland,logic,"address: Rollbergstraße 26, 12053 Berlin, Germany",false,,PROVEN,belegt,"address confirms 'Deutschland': Rollbergstraße 26, 12053 Berlin, Germany",KEEP,IER-C4,BETEILIGT_AN → p_crclr_house_impact_hub_berlin
09-lil-0060,rel,5:5f542910-8dcf-46a9-a77c-dfff0c64ee65:1153027057723119864,bureau_sla,land_niederlande,LIEGT_IN_LAND,Akteur bureau_sla liegt in Niederlande,logic,https://overtredersw.nl/projects/peoples-pavilion,true,200,PROVEN,belegt,"address confirms 'Niederlande': Ketelhuisplein, 5617 AE Eindhoven, Netherlands",ADD_SOURCE,IER-C4,BETEILIGT_AN → p_peoples_pavilion_eindhoven
09-lil-0082,rel,5:5f542910-8dcf-46a9-a77c-dfff0c64ee65:1153027057723119865,conix_rdbm,land_belgien,LIEGT_IN_LAND,Akteur conix_rdbm liegt in Belgien,logic,https://www.multibrussels.eu/,true,200,PROVEN,belegt,"address confirms 'Belgien': Boulevard Anspach 1, 1000 Brussels, Belgium",ADD_SOURCE,IER-C4,BETEILIGT_AN → p_multi_brussels_reuse_in_multi
09-lil-0105,rel,5:5f542910-8dcf-46a9-a77c-dfff0c64ee65:1153027057723119866,encore_heureux,land_frankreich,LIEGT_IN_LAND,Akteur encore_heureux liegt in Frankreich,none,,false,,UNVERIFIABLE,unbelegt,,ESCALATE_HUMAN,IER-C4,no address in geo registry and no source URL
09-lil-0128,rel,5:5f542910-8dcf-46a9-a77c-dfff0c64ee65:1153027057723119868,granby_workshop,land_vereinigtes_koenigreich,LIEGT_IN_LAND,Akteur granby_workshop liegt in Vereinigtes Königreich,dossier,"address: London, UK",false,,PROVEN,belegt,"address confirms 'Vereinigtes Königreich': London, UK",KEEP,IER-C4,LIEGT_IN_LAND → Vereinigtes Königreich
09-lil-0135,rel,5:5f542910-8dcf-46a9-a77c-dfff0c64ee65:1153027057723119869,hans_hammink,land_niederlande,LIEGT_IN_LAND,Akteur hans_hammink liegt in Niederlande,dossier,"address: Amsterdam, Noord-Holland, Nederland",false,,PROVEN,belegt,"address confirms 'Niederlande': Amsterdam, Noord-Holland, Nederland",KEEP,IER-C4,city token 'amsterdam' in actor id/name/urls
09-lil-0137,rel,5:5f542910-8dcf-46a9-a77c-dfff0c64ee65:1153027057723119873,hester_van_dijk,land_niederlande,LIEGT_IN_LAND,Akteur hester_van_dijk liegt in Niederlande,dossier,"address: Eindhoven, Noord-Brabant, Nederland",false,,PROVEN,belegt,"address confirms 'Niederlande': Eindhoven, Noord-Brabant, Nederland",KEEP,IER-C4,city token 'eindhoven' in actor id/name/urls
09-lil-0149,rel,5:5f542910-8dcf-46a9-a77c-dfff0c64ee65:1153027057723119876,julia_turpin,land_frankreich,LIEGT_IN_LAND,Akteur julia_turpin liegt in Frankreich,dossier,"address: Paris, France",false,,PROVEN,belegt,"address confirms 'Frankreich': Paris, France",KEEP,IER-C4,LIEGT_IN_LAND → Frankreich
09-lil-0158,rel,5:5f542910-8dcf-46a9-a77c-dfff0c64ee65:1153027057723119879,kim_le_roux,land_deutschland,LIEGT_IN_LAND,Akteur kim_le_roux liegt in Deutschland,dossier,"address: Berlin, Deutschland",false,,PROVEN,belegt,"address confirms 'Deutschland': Berlin, Deutschland",KEEP,IER-C4,city token 'berlin' in actor id/name/urls
09-lil-0180,rel,5:5f542910-8dcf-46a9-a77c-dfff0c64ee65:1153027057723119883,margit_sichrovsky,land_deutschland,LIEGT_IN_LAND,Akteur margit_sichrovsky liegt in Deutschland,dossier,"address: Berlin, Deutschland",false,,PROVEN,belegt,"address confirms 'Deutschland': Berlin, Deutschland",KEEP,IER-C4,city token 'berlin' in actor id/name/urls
09-lil-0229,rel,5:5f542910-8dcf-46a9-a77c-dfff0c64ee65:1153027057723119887,peter_van_assche,land_niederlande,LIEGT_IN_LAND,Akteur peter_van_assche liegt in Niederlande,dossier,"address: Eindhoven, Noord-Brabant, Nederland",false,,PROVEN,belegt,"address confirms 'Niederlande': Eindhoven, Noord-Brabant, Nederland",KEEP,IER-C4,city token 'eindhoven' in actor id/name/urls
09-lil-0251,rel,5:5f542910-8dcf-46a9-a77c-dfff0c64ee65:1153027057723119890,reinder_bakker,land_niederlande,LIEGT_IN_LAND,Akteur reinder_bakker liegt in Niederlande,dossier,"address: Eindhoven, Noord-Brabant, Nederland",false,,PROVEN,belegt,"address confirms 'Niederlande': Eindhoven, Noord-Brabant, Nederland",KEEP,IER-C4,city token 'eindhoven' in actor id/name/urls
09-lil-0068,rel,5:5f542910-8dcf-46a9-a77c-dfff0c64ee65:1153027057723119893,christine_conix,land_belgien,LIEGT_IN_LAND,Akteur christine_conix liegt in Belgien,dossier,"address: Brussels, Belgium",false,,PROVEN,belegt,"address confirms 'Belgien': Brussels, Belgium",KEEP,IER-C4,LIEGT_IN_LAND → Belgien
09-lil-0150,rel,5:5f542910-8dcf-46a9-a77c-dfff0c64ee65:1153027057723119897,julien_choppin,land_frankreich,LIEGT_IN_LAND,Akteur julien_choppin liegt in Frankreich,dossier,"address: Paris, France",false,,PROVEN,belegt,"address confirms 'Frankreich': Paris, France",KEEP,IER-C4,LIEGT_IN_LAND → Frankreich
09-lil-0234,rel,5:5f542910-8dcf-46a9-a77c-dfff0c64ee65:1153027057723119905,plp_architecture,land_vereinigtes_koenigreich,LIEGT_IN_LAND,Akteur plp_architecture liegt in Vereinigtes Königreich,none,,false,,UNVERIFIABLE,unbelegt,,ESCALATE_HUMAN,IER-C4,no address in geo registry and no source URL
09-lil-0307,rel,5:5f542910-8dcf-46a9-a77c-dfff0c64ee65:1153027057723119906,urselmann_interior,land_deutschland,LIEGT_IN_LAND,Akteur urselmann_interior liegt in Deutschland,logic,https://awm.stadt-muenster.de/,true,200,PROVEN,belegt,"address confirms 'Deutschland': Rösnerstraße 10, 48155 Münster, Germany",ADD_SOURCE,IER-C4,BETEILIGT_AN → p_awm_muenster_circular_office
09-lil-0056,rel,5:5f542910-8dcf-46a9-a77c-dfff0c64ee65:1153027057723119907,btu_cottbus,land_deutschland,LIEGT_IN_LAND,Akteur btu_cottbus liegt in Deutschland,dossier,"address: Berlin, Germany",false,,PROVEN,belegt,"address confirms 'Deutschland': Berlin, Germany",KEEP,IER-C4,LIEGT_IN_LAND → Deutschland
09-lil-0247,rel,5:5f542910-8dcf-46a9-a77c-dfff0c64ee65:1153027057723119908,recreate_project,land_deutschland,LIEGT_IN_LAND,Akteur recreate_project liegt in Deutschland,dossier,"address: Berlin, Germany",false,,PROVEN,belegt,"address confirms 'Deutschland': Berlin, Germany",KEEP,IER-C4,LIEGT_IN_LAND → Deutschland
09-lil-0280,rel,5:5f542910-8dcf-46a9-a77c-dfff0c64ee65:1153027057723119909,structural_xploration_lab_epfl,land_schweiz,LIEGT_IN_LAND,Akteur structural_xploration_lab_epfl liegt in Schweiz,dossier,"address: Bern, Switzerland",false,,PROVEN,belegt,"address confirms 'Schweiz': Bern, Switzerland",KEEP,IER-C4,LIEGT_IN_LAND → Schweiz
09-lil-0107,rel,5:5f542910-8dcf-46a9-a77c-dfff0c64ee65:1153027057723119910,epfl,land_schweiz,LIEGT_IN_LAND,Akteur epfl liegt in Schweiz,dossier,"address: Bern, Switzerland",false,,PROVEN,belegt,"address confirms 'Schweiz': Bern, Switzerland",KEEP,IER-C4,LIEGT_IN_LAND → Schweiz
09-lil-0074,rel,5:5f542910-8dcf-46a9-a77c-dfff0c64ee65:1153027057723119911,circular_structural_design,land_deutschland,LIEGT_IN_LAND,Akteur circular_structural_design liegt in Deutschland,dossier,"address: Berlin, Germany",false,,PROVEN,belegt,"address confirms 'Deutschland': Berlin, Germany",KEEP,IER-C4,country inference → land_deutschland
09-lil-0288,rel,5:5f542910-8dcf-46a9-a77c-dfff0c64ee65:1153027057723119912,tampere_university,land_finnland,LIEGT_IN_LAND,Akteur tampere_university liegt in Finnland,dossier,"address: Tampere, Tampereen seutukunta, Pirkanmaa, Manner-Suomi, Suomi / Finland",false,,PROVEN,belegt,"address confirms 'Finnland': Tampere, Tampereen seutukunta, Pirkanmaa, Manner-Suomi, Suomi / Finland",KEEP,IER-C4,city token 'tampere' in actor id/name/urls
09-lil-0072,rel,5:5f542910-8dcf-46a9-a77c-dfff0c64ee65:1153027057723119913,circular_engineering_for_architecture_eth,land_schweiz,LIEGT_IN_LAND,Akteur circular_engineering_for_architecture_eth liegt in Schweiz,dossier,"address: Zürich, Bezirk Zürich, Zürich, Schweiz/Suisse/Svizzera/Svizra",false,,PROVEN,belegt,"address confirms 'Schweiz': Zürich, Bezirk Zürich, Zürich, Schweiz/Suisse/Svizzera/Svizra",KEEP,IER-C4,city token 'zrich' in actor id/name/urls
09-lil-0108,rel,5:5f542910-8dcf-46a9-a77c-dfff0c64ee65:1153027057723119914,eth_zuerich,land_schweiz,LIEGT_IN_LAND,Akteur eth_zuerich liegt in Schweiz,dossier,"address: Zürich, Bezirk Zürich, Zürich, Schweiz/Suisse/Svizzera/Svizra",false,,PROVEN,belegt,"address confirms 'Schweiz': Zürich, Bezirk Zürich, Zürich, Schweiz/Suisse/Svizzera/Svizra",KEEP,IER-C4,city token 'zrich' in actor id/name/urls
09-lil-0197,rel,5:5f542910-8dcf-46a9-a77c-dfff0c64ee65:1153027057723119915,michael_polisano,land_vereinigtes_koenigreich,LIEGT_IN_LAND,Akteur michael_polisano liegt in Vereinigtes Königreich,dossier,"address: Greater London, England, United Kingdom",false,,PROVEN,belegt,"address confirms 'Vereinigtes Königreich': Greater London, England, United Kingdom",KEEP,IER-C4,city token 'london' in actor id/name/urls
09-lil-0207,rel,5:5f542910-8dcf-46a9-a77c-dfff0c64ee65:1153027057723119918,nicola_delon,land_frankreich,LIEGT_IN_LAND,Akteur nicola_delon liegt in Frankreich,dossier,"address: Paris, France",false,,PROVEN,belegt,"address confirms 'Frankreich': Paris, France",KEEP,IER-C4,LIEGT_IN_LAND → Frankreich
09-lil-0230,rel,5:5f542910-8dcf-46a9-a77c-dfff0c64ee65:1153027057723119921,petra_jablonicka,land_deutschland,LIEGT_IN_LAND,Akteur petra_jablonicka liegt in Deutschland,logic,https://awm.stadt-muenster.de/,true,200,PROVEN,belegt,"address confirms 'Deutschland': Rösnerstraße 10, 48155 Münster, Germany",ADD_SOURCE,IER-C4,BETEILIGT_AN → p_awm_muenster_circular_office
09-lil-0285,rel,5:5f542910-8dcf-46a9-a77c-dfff0c64ee65:1153027057723119924,sven_urselmann,land_deutschland,LIEGT_IN_LAND,Akteur sven_urselmann liegt in Deutschland,logic,https://awm.stadt-muenster.de/,true,200,PROVEN,belegt,"address confirms 'Deutschland': Rösnerstraße 10, 48155 Münster, Germany",ADD_SOURCE,IER-C4,BETEILIGT_AN → p_awm_muenster_circular_office
09-lil-0324,rel,5:5f542910-8dcf-46a9-a77c-dfff0c64ee65:1153027057723119927,wiebke_ahues,land_deutschland,LIEGT_IN_LAND,Akteur wiebke_ahues liegt in Deutschland,dossier,"address: Berlin, Deutschland",false,,PROVEN,belegt,"address confirms 'Deutschland': Berlin, Deutschland",KEEP,IER-C4,city token 'berlin' in actor id/name/urls
09-lil-0023,rel,5:5f542910-8dcf-46a9-a77c-dfff0c64ee65:1153027057723119931,angelika_mettke,land_deutschland,LIEGT_IN_LAND,Akteur angelika_mettke liegt in Deutschland,dossier,https://recreate-project.eu/,false,,CONTRADICTION,widerlegt,"address names Niederlande but LIEGT_IN_LAND says Deutschland: Zwarteweg 1, 8181 PD Heerde, Netherlands",ESCALATE_HUMAN,IER-C4,project-linked address country != edge land
09-lil-0083,rel,5:5f542910-8dcf-46a9-a77c-dfff0c64ee65:1153027057723119936,corentin_fivet,land_schweiz,LIEGT_IN_LAND,Akteur corentin_fivet liegt in Schweiz,dossier,"address: Bern, Switzerland",false,,PROVEN,belegt,"address confirms 'Schweiz': Bern, Switzerland",KEEP,IER-C4,country inference → land_schweiz
09-lil-0226,rel,5:5f542910-8dcf-46a9-a77c-dfff0c64ee65:1153027057723119940,patrick_teuffel,land_deutschland,LIEGT_IN_LAND,Akteur patrick_teuffel liegt in Deutschland,dossier,https://recreate-project.eu/,false,,CONTRADICTION,widerlegt,"address names Niederlande but LIEGT_IN_LAND says Deutschland: Zwarteweg 1, 8181 PD Heerde, Netherlands",ESCALATE_HUMAN,IER-C4,project-linked address country != edge land
09-lil-0266,rel,5:5f542910-8dcf-46a9-a77c-dfff0c64ee65:1153027057723119945,satu_huuhka,land_finnland,LIEGT_IN_LAND,Akteur satu_huuhka liegt in Finnland,dossier,https://recreate-project.eu/,false,,CONTRADICTION,widerlegt,"address names Niederlande but LIEGT_IN_LAND says Finnland: Zwarteweg 1, 8181 PD Heerde, Netherlands",ESCALATE_HUMAN,IER-C4,project-linked address country != edge land
09-lil-0066,rel,5:5f542910-8dcf-46a9-a77c-dfff0c64ee65:1153027057723119949,catherine_de_wolf,land_schweiz,LIEGT_IN_LAND,Akteur catherine_de_wolf liegt in Schweiz,dossier,"address: Bern, Switzerland",false,,PROVEN,belegt,"address confirms 'Schweiz': Bern, Switzerland",KEEP,IER-C4,country inference → land_schweiz
09-lil-0130,rel,5:5f542910-8dcf-46a9-a77c-dfff0c64ee65:1153027057723119958,gruner_ag,land_schweiz,LIEGT_IN_LAND,Akteur gruner_ag liegt in Schweiz,dossier,"address: Bern, Switzerland",false,,PROVEN,belegt,"address confirms 'Schweiz': Bern, Switzerland",KEEP,IER-C4,LIEGT_IN_LAND → Schweiz
09-lil-0159,rel,5:5f542910-8dcf-46a9-a77c-dfff0c64ee65:1153027057723119959,kit,land_deutschland,LIEGT_IN_LAND,Akteur kit liegt in Deutschland,dossier,"address: Berlin, Germany",false,,PROVEN,belegt,"address confirms 'Deutschland': Berlin, Germany",KEEP,IER-C4,LIEGT_IN_LAND → Deutschland
09-lil-0001,rel,5:5f542910-8dcf-46a9-a77c-dfff0c64ee65:1153027057723119960,2hs,land_deutschland,LIEGT_IN_LAND,Akteur 2hs liegt in Deutschland,dossier,"address: Berlin, Germany",false,,PROVEN,belegt,"address confirms 'Deutschland': Berlin, Germany",KEEP,IER-C4,LIEGT_IN_LAND → Deutschland
09-lil-0071,rel,5:5f542910-8dcf-46a9-a77c-dfff0c64ee65:1153027057723119961,circular_construction_lab,land_usa,LIEGT_IN_LAND,Akteur circular_construction_lab liegt in USA,dossier,address: United States,false,,PROVEN,belegt,address confirms 'USA': United States,KEEP,IER-C4,LIEGT_IN_LAND → USA
09-lil-0233,rel,5:5f542910-8dcf-46a9-a77c-dfff0c64ee65:1153027057723119962,pirmin_jung_schweiz_ag,land_schweiz,LIEGT_IN_LAND,Akteur pirmin_jung_schweiz_ag liegt in Schweiz,dossier,"address: Bern, Switzerland",false,,PROVEN,belegt,"address confirms 'Schweiz': Bern, Switzerland",KEEP,IER-C4,country inference → land_schweiz
09-lil-0009,rel,5:5f542910-8dcf-46a9-a77c-dfff0c64ee65:1153027057723119963,Werner_Sobek,land_deutschland,LIEGT_IN_LAND,Akteur Werner_Sobek liegt in Deutschland,dossier,"address: Berlin, Germany",false,,PROVEN,belegt,"address confirms 'Deutschland': Berlin, Germany",KEEP,IER-C4,LIEGT_IN_LAND → Deutschland
09-lil-0326,rel,5:5f542910-8dcf-46a9-a77c-dfff0c64ee65:1153027057723119964,zhaw,land_schweiz,LIEGT_IN_LAND,Akteur zhaw liegt in Schweiz,dossier,"address: Bern, Switzerland",false,,PROVEN,belegt,"address confirms 'Schweiz': Bern, Switzerland",KEEP,IER-C4,LIEGT_IN_LAND → Schweiz
09-lil-0306,rel,5:5f542910-8dcf-46a9-a77c-dfff0c64ee65:1153027057723119965,urban_mining_index,land_deutschland,LIEGT_IN_LAND,Akteur urban_mining_index liegt in Deutschland,dossier,"address: Berlin, Germany",false,,PROVEN,belegt,"address confirms 'Deutschland': Berlin, Germany",KEEP,IER-C4,LIEGT_IN_LAND → Deutschland
09-lil-0302,rel,5:5f542910-8dcf-46a9-a77c-dfff0c64ee65:1153027057723119966,universitaet_wuppertal,land_deutschland,LIEGT_IN_LAND,Akteur universitaet_wuppertal liegt in Deutschland,dossier,"address: Berlin, Germany",false,,PROVEN,belegt,"address confirms 'Deutschland': Berlin, Germany",KEEP,IER-C4,LIEGT_IN_LAND → Deutschland
09-lil-0300,rel,5:5f542910-8dcf-46a9-a77c-dfff0c64ee65:1153027057723119968,ullrich_dickgiesser,land_schweiz,LIEGT_IN_LAND,Akteur ullrich_dickgiesser liegt in Schweiz,dossier,https://www.gundlach-bau.de/projekte/recyclinghaus-hannover,false,,CONTRADICTION,widerlegt,"address names Deutschland but LIEGT_IN_LAND says Schweiz: Treppenkamp 1, 30539 Hannover, Germany",ESCALATE_HUMAN,IER-C4,project-linked address country != edge land
09-lil-0208,rel,5:5f542910-8dcf-46a9-a77c-dfff0c64ee65:1153027057723119972,nicole_daehn,land_schweiz,LIEGT_IN_LAND,Akteur nicole_daehn liegt in Schweiz,dossier,https://www.gundlach-bau.de/projekte/recyclinghaus-hannover,false,,CONTRADICTION,widerlegt,"address names Deutschland but LIEGT_IN_LAND says Schweiz: Treppenkamp 1, 30539 Hannover, Germany",ESCALATE_HUMAN,IER-C4,project-linked address country != edge land
09-lil-0093,rel,5:5f542910-8dcf-46a9-a77c-dfff0c64ee65:1153027057723119976,dirk_e_hebel,land_deutschland,LIEGT_IN_LAND,Akteur dirk_e_hebel liegt in Deutschland,dossier,"address: Berlin, Germany",false,,PROVEN,belegt,"address confirms 'Deutschland': Berlin, Germany",KEEP,IER-C4,LIEGT_IN_LAND → Deutschland
09-lil-0115,rel,5:5f542910-8dcf-46a9-a77c-dfff0c64ee65:1153027057723119980,felix_heisel,land_schweiz,LIEGT_IN_LAND,Akteur felix_heisel liegt in Schweiz,dossier,address: United States,false,,CONTRADICTION,widerlegt,address names USA but LIEGT_IN_LAND says Schweiz: United States,ESCALATE_HUMAN,IER-C4,project-linked address country != edge land
09-lil-0156,rel,5:5f542910-8dcf-46a9-a77c-dfff0c64ee65:1153027057723119984,kevin_straub,land_schweiz,LIEGT_IN_LAND,Akteur kevin_straub liegt in Schweiz,dossier,"address: Weinlagerstrasse 33, 4056 Basel, Switzerland",false,,PROVEN,belegt,"address confirms 'Schweiz': Weinlagerstrasse 33, 4056 Basel, Switzerland",KEEP,IER-C4,source_url overlap → p_lysp8_basel
09-lil-0022,rel,5:5f542910-8dcf-46a9-a77c-dfff0c64ee65:1153027057723119989,andreas_sonderegger,land_schweiz,LIEGT_IN_LAND,Akteur andreas_sonderegger liegt in Schweiz,dossier,"address: Bern, Switzerland",false,,PROVEN,belegt,"address confirms 'Schweiz': Bern, Switzerland",KEEP,IER-C4,country inference → land_schweiz
09-lil-0025,rel,5:5f542910-8dcf-46a9-a77c-dfff0c64ee65:1153027057723119991,anja_rosen,land_deutschland,LIEGT_IN_LAND,Akteur anja_rosen liegt in Deutschland,dossier,"address: Berlin, Germany",false,,PROVEN,belegt,"address confirms 'Deutschland': Berlin, Germany",KEEP,IER-C4,country inference → land_deutschland
09-lil-0028,rel,5:5f542910-8dcf-46a9-a77c-dfff0c64ee65:1153027057723119993,annette_hillebrandt,land_deutschland,LIEGT_IN_LAND,Akteur annette_hillebrandt liegt in Deutschland,dossier,"address: Berlin, Germany",false,,PROVEN,belegt,"address confirms 'Deutschland': Berlin, Germany",KEEP,IER-C4,country inference → land_deutschland
09-lil-0069,rel,5:5f542910-8dcf-46a9-a77c-dfff0c64ee65:1153027057723119995,christof_ziegert,land_deutschland,LIEGT_IN_LAND,Akteur christof_ziegert liegt in Deutschland,dossier,"address: Berlin, Deutschland",false,,PROVEN,belegt,"address confirms 'Deutschland': Berlin, Deutschland",KEEP,IER-C4,city token 'berlin' in actor id/name/urls
09-lil-0127,rel,5:5f542910-8dcf-46a9-a77c-dfff0c64ee65:1153027057723119999,gramazio_kohler_research,land_schweiz,LIEGT_IN_LAND,Akteur gramazio_kohler_research liegt in Schweiz,dossier,"address: Bern, Switzerland",false,,PROVEN,belegt,"address confirms 'Schweiz': Bern, Switzerland",KEEP,IER-C4,LIEGT_IN_LAND → Schweiz
09-lil-0073,rel,5:5f542910-8dcf-46a9-a77c-dfff0c64ee65:1153027057723120000,circular_material_systems,land_deutschland,LIEGT_IN_LAND,Akteur circular_material_systems liegt in Deutschland,dossier,"address: Berlin, Germany",false,,PROVEN,belegt,"address confirms 'Deutschland': Berlin, Germany",KEEP,IER-C4,LIEGT_IN_LAND → Deutschland
09-lil-0298,rel,5:5f542910-8dcf-46a9-a77c-dfff0c64ee65:1153027057723120001,tu_berlin,land_deutschland,LIEGT_IN_LAND,Akteur tu_berlin liegt in Deutschland,dossier,"address: Berlin, Deutschland",false,,PROVEN,belegt,"address confirms 'Deutschland': Berlin, Deutschland",KEEP,IER-C4,city token 'berlin' in actor id/name/urls
09-lil-0061,rel,5:5f542910-8dcf-46a9-a77c-dfff0c64ee65:1153027057723120002,c_creators,land_niederlande,LIEGT_IN_LAND,Akteur c_creators liegt in Niederlande,dossier,"address: Amsterdam, Netherlands",false,,PROVEN,belegt,"address confirms 'Niederlande': Amsterdam, Netherlands",KEEP,IER-C4,LIEGT_IN_LAND → Niederlande
09-lil-0007,rel,5:5f542910-8dcf-46a9-a77c-dfff0c64ee65:1153027057723120003,Rotor,land_belgien,LIEGT_IN_LAND,Akteur Rotor liegt in Belgien,dossier,"address: Plankenstraat 23, 1701 Dilbeek, Belgien",false,,PROVEN,belegt,"address confirms 'Belgien': Plankenstraat 23, 1701 Dilbeek, Belgien",KEEP,IER-C4,BETEILIGT_AN → p_chiro_d_itterbeek_dilbeek
09-lil-0260,rel,5:5f542910-8dcf-46a9-a77c-dfff0c64ee65:1153027057723120004,rotordc,land_belgien,LIEGT_IN_LAND,Akteur rotordc liegt in Belgien,dossier,"address: Plankenstraat 23, 1701 Dilbeek, Belgien",false,,PROVEN,belegt,"address confirms 'Belgien': Plankenstraat 23, 1701 Dilbeek, Belgien",KEEP,IER-C4,BETEILIGT_AN → p_chiro_d_itterbeek_dilbeek
09-lil-0216,rel,5:5f542910-8dcf-46a9-a77c-dfff0c64ee65:1153027057723120005,opalis,land_belgien,LIEGT_IN_LAND,Akteur opalis liegt in Belgien,dossier,"address: Paris, France",false,,CONTRADICTION,widerlegt,"address names Frankreich but LIEGT_IN_LAND says Belgien: Paris, France",ESCALATE_HUMAN,IER-C4,project-linked address country != edge land
09-lil-0112,rel,5:5f542910-8dcf-46a9-a77c-dfff0c64ee65:1153027057723120006,fabio_gramazio,land_schweiz,LIEGT_IN_LAND,Akteur fabio_gramazio liegt in Schweiz,dossier,"address: Bern, Switzerland",false,,PROVEN,belegt,"address confirms 'Schweiz': Bern, Switzerland",KEEP,IER-C4,country inference → land_schweiz
09-lil-0192,rel,5:5f542910-8dcf-46a9-a77c-dfff0c64ee65:1153027057723120009,matthias_kohler,land_schweiz,LIEGT_IN_LAND,Akteur matthias_kohler liegt in Schweiz,dossier,"address: Bern, Switzerland",false,,PROVEN,belegt,"address confirms 'Schweiz': Bern, Switzerland",KEEP,IER-C4,country inference → land_schweiz
09-lil-0109,rel,5:5f542910-8dcf-46a9-a77c-dfff0c64ee65:1153027057723120012,eva_stricker,land_schweiz,LIEGT_IN_LAND,Akteur eva_stricker liegt in Schweiz,dossier,"address: Bern, Switzerland",false,,PROVEN,belegt,"address confirms 'Schweiz': Bern, Switzerland",KEEP,IER-C4,country inference → land_schweiz
09-lil-0122,rel,5:5f542910-8dcf-46a9-a77c-dfff0c64ee65:1153027057723120014,georg_hubmann,land_deutschland,LIEGT_IN_LAND,Akteur georg_hubmann liegt in Deutschland,dossier,"address: Berlin, Germany",false,,PROVEN,belegt,"address confirms 'Deutschland': Berlin, Germany",KEEP,IER-C4,LIEGT_IN_LAND → Deutschland
09-lil-0133,rel,5:5f542910-8dcf-46a9-a77c-dfff0c64ee65:1153027057723120017,guido_brandi,land_schweiz,LIEGT_IN_LAND,Akteur guido_brandi liegt in Schweiz,dossier,"address: Bern, Switzerland",false,,PROVEN,belegt,"address confirms 'Schweiz': Bern, Switzerland",KEEP,IER-C4,country inference → land_schweiz
09-lil-0293,rel,5:5f542910-8dcf-46a9-a77c-dfff0c64ee65:1153027057723120019,thomas_stark,land_deutschland,LIEGT_IN_LAND,Akteur thomas_stark liegt in Deutschland,dossier,"address: Stuttgart, Baden-Württemberg, Deutschland",false,,PROVEN,belegt,"address confirms 'Deutschland': Stuttgart, Baden-Württemberg, Deutschland",KEEP,IER-C4,city token 'stuttgart' in actor id/name/urls
09-lil-0311,rel,5:5f542910-8dcf-46a9-a77c-dfff0c64ee65:1153027057723120021,uwe_seiler,land_deutschland,LIEGT_IN_LAND,Akteur uwe_seiler liegt in Deutschland,dossier,"address: Berlin, Deutschland",false,,PROVEN,belegt,"address confirms 'Deutschland': Berlin, Deutschland",KEEP,IER-C4,city token 'berlin' in actor id/name/urls
09-lil-0315,rel,5:5f542910-8dcf-46a9-a77c-dfff0c64ee65:1153027057723120024,vanessa_propach,land_deutschland,LIEGT_IN_LAND,Akteur vanessa_propach liegt in Deutschland,dossier,"address: Berlin, Germany",false,,PROVEN,belegt,"address confirms 'Deutschland': Berlin, Germany",KEEP,IER-C4,LIEGT_IN_LAND → Deutschland
09-lil-0317,rel,5:5f542910-8dcf-46a9-a77c-dfff0c64ee65:1153027057723120026,vera_van_maaren,land_niederlande,LIEGT_IN_LAND,Akteur vera_van_maaren liegt in Niederlande,dossier,"address: Berlin, Germany",false,,CONTRADICTION,widerlegt,"address names Deutschland but LIEGT_IN_LAND says Niederlande: Berlin, Germany",ESCALATE_HUMAN,IER-C4,project-linked address country != edge land
09-lil-0173,rel,5:5f542910-8dcf-46a9-a77c-dfff0c64ee65:1153027057723120030,maarten_gielen,land_belgien,LIEGT_IN_LAND,Akteur maarten_gielen liegt in Belgien,logic,https://opalis.eu/fr/projets/zinneke-feder-masui4ever,true,200,PROVEN,belegt,"address confirms 'Belgien': Masuiplein 13, 1030 Brussels, Belgium",ADD_SOURCE,IER-C4,source_url overlap → p_zinneke_feder_masui4ever_brussels
09-lil-0187,rel,5:5f542910-8dcf-46a9-a77c-dfff0c64ee65:1153027057723120043,materialnomaden,land_oesterreich,LIEGT_IN_LAND,Akteur materialnomaden liegt in Österreich,dossier,"address: Vienna, Austria",false,,PROVEN,belegt,"address confirms 'Österreich': Vienna, Austria",KEEP,IER-C4,country inference → land_oesterreich
09-lil-0081,rel,5:5f542910-8dcf-46a9-a77c-dfff0c64ee65:1153027057723120045,concular,land_deutschland,LIEGT_IN_LAND,Akteur concular liegt in Deutschland,logic,https://awm.stadt-muenster.de/,true,200,PROVEN,belegt,"address confirms 'Deutschland': Rösnerstraße 10, 48155 Münster, Germany",ADD_SOURCE,IER-C4,BETEILIGT_AN → p_awm_muenster_circular_office
09-lil-0261,rel,5:5f542910-8dcf-46a9-a77c-dfff0c64ee65:1153027057723120046,salvage_architecture,land_belgien,LIEGT_IN_LAND,Akteur salvage_architecture liegt in Belgien,dossier,"address: Brussels, Belgium",false,,PROVEN,belegt,"address confirms 'Belgien': Brussels, Belgium",KEEP,IER-C4,LIEGT_IN_LAND → Belgien
09-lil-0042,rel,5:5f542910-8dcf-46a9-a77c-dfff0c64ee65:1153027057723120047,baukarussell,land_oesterreich,LIEGT_IN_LAND,Akteur baukarussell liegt in Österreich,dossier,"address: Mariannengasse 10, 1090 Vienna, Austria",false,,PROVEN,belegt,"address confirms 'Österreich': Mariannengasse 10, 1090 Vienna, Austria",KEEP,IER-C4,BETEILIGT_AN → p_meduni_campus_mariannengasse
09-lil-0215,rel,5:5f542910-8dcf-46a9-a77c-dfff0c64ee65:1153027057723120048,oekologie_institut,land_oesterreich,LIEGT_IN_LAND,Akteur oekologie_institut liegt in Österreich,dossier,"address: Vienna, Austria",false,,PROVEN,belegt,"address confirms 'Österreich': Vienna, Austria",KEEP,IER-C4,LIEGT_IN_LAND → Österreich
09-lil-0205,rel,5:5f542910-8dcf-46a9-a77c-dfff0c64ee65:1153027057723120049,new_horizon,land_niederlande,LIEGT_IN_LAND,Akteur new_horizon liegt in Niederlande,logic,https://overtredersw.nl/projects/peoples-pavilion,true,200,PROVEN,belegt,"address confirms 'Niederlande': Ketelhuisplein, 5617 AE Eindhoven, Netherlands",ADD_SOURCE,IER-C4,BETEILIGT_AN → p_peoples_pavilion_eindhoven
09-lil-0202,rel,5:5f542910-8dcf-46a9-a77c-dfff0c64ee65:1153027057723120050,mobius_reemploi,land_frankreich,LIEGT_IN_LAND,Akteur mobius_reemploi liegt in Frankreich,dossier,"address: Paris, France",false,,PROVEN,belegt,"address confirms 'Frankreich': Paris, France",KEEP,IER-C4,country inference → land_frankreich
09-lil-0196,rel,5:5f542910-8dcf-46a9-a77c-dfff0c64ee65:1153027057723120051,michael_ghyoot,land_belgien,LIEGT_IN_LAND,Akteur michael_ghyoot liegt in Belgien,logic,https://opalis.eu/fr/projets/zinneke-feder-masui4ever,true,200,PROVEN,belegt,"address confirms 'Belgien': Masuiplein 13, 1030 Brussels, Belgium",ADD_SOURCE,IER-C4,source_url overlap → p_zinneke_feder_masui4ever_brussels
09-lil-0018,rel,5:5f542910-8dcf-46a9-a77c-dfff0c64ee65:1153027057723120057,andrea_kessler,land_oesterreich,LIEGT_IN_LAND,Akteur andrea_kessler liegt in Österreich,dossier,"address: Vienna, Austria",false,,PROVEN,belegt,"address confirms 'Österreich': Vienna, Austria",KEEP,IER-C4,country inference → land_oesterreich
09-lil-0095,rel,5:5f542910-8dcf-46a9-a77c-dfff0c64ee65:1153027057723120062,dominik_campanella,land_deutschland,LIEGT_IN_LAND,Akteur dominik_campanella liegt in Deutschland,dossier,"address: Berlin, Germany",false,,PROVEN,belegt,"address confirms 'Deutschland': Berlin, Germany",KEEP,IER-C4,country inference → land_deutschland
09-lil-0167,rel,5:5f542910-8dcf-46a9-a77c-dfff0c64ee65:1153027057723120066,lionel_billiet,land_belgien,LIEGT_IN_LAND,Akteur lionel_billiet liegt in Belgien,dossier,"address: Brussels, Belgium",false,,PROVEN,belegt,"address confirms 'Belgien': Brussels, Belgium",KEEP,IER-C4,LIEGT_IN_LAND → Belgien
09-lil-0168,rel,5:5f542910-8dcf-46a9-a77c-dfff0c64ee65:1153027057723120071,lionel_devlieger,land_belgien,LIEGT_IN_LAND,Akteur lionel_devlieger liegt in Belgien,logic,https://opalis.eu/fr/projets/zinneke-feder-masui4ever,true,200,PROVEN,belegt,"address confirms 'Belgien': Masuiplein 13, 1030 Brussels, Belgium",ADD_SOURCE,IER-C4,source_url overlap → p_zinneke_feder_masui4ever_brussels
09-lil-0178,rel,5:5f542910-8dcf-46a9-a77c-dfff0c64ee65:1153027057723120076,marcel_raymaekers,land_belgien,LIEGT_IN_LAND,Akteur marcel_raymaekers liegt in Belgien,dossier,archive,false,,CONTRADICTION,widerlegt,"address names Deutschland but LIEGT_IN_LAND says Belgien: Kloster Volkenroda, 99994 Volkenroda, Germany",ESCALATE_HUMAN,IER-C4,project-linked address country != edge land
09-lil-0182,rel,5:5f542910-8dcf-46a9-a77c-dfff0c64ee65:1153027057723120079,markus_meissner,land_oesterreich,LIEGT_IN_LAND,Akteur markus_meissner liegt in Österreich,dossier,https://www.gundlach-bau.de/projekte/recyclinghaus-hannover,false,,CONTRADICTION,widerlegt,"address names Deutschland but LIEGT_IN_LAND says Österreich: Treppenkamp 1, 30539 Hannover, Germany",ESCALATE_HUMAN,IER-C4,project-linked address country != edge land
09-lil-0199,rel,5:5f542910-8dcf-46a9-a77c-dfff0c64ee65:1153027057723120084,michel_baars,land_niederlande,LIEGT_IN_LAND,Akteur michel_baars liegt in Niederlande,dossier,"address: Amsterdam, Netherlands",false,,PROVEN,belegt,"address confirms 'Niederlande': Amsterdam, Netherlands",KEEP,IER-C4,country inference → land_niederlande
09-lil-0212,rel,5:5f542910-8dcf-46a9-a77c-dfff0c64ee65:1153027057723120088,noe_basch,land_frankreich,LIEGT_IN_LAND,Akteur noe_basch liegt in Frankreich,dossier,"address: Brussels, Belgium",false,,CONTRADICTION,widerlegt,"address names Belgien but LIEGT_IN_LAND says Frankreich: Brussels, Belgium",ESCALATE_HUMAN,IER-C4,project-linked address country != edge land
09-lil-0267,rel,5:5f542910-8dcf-46a9-a77c-dfff0c64ee65:1153027057723120090,sebastien_paulet,land_belgien,LIEGT_IN_LAND,Akteur sebastien_paulet liegt in Belgien,dossier,"address: Brussels, Belgium",false,,PROVEN,belegt,"address confirms 'Belgien': Brussels, Belgium",KEEP,IER-C4,LIEGT_IN_LAND → Belgien
09-lil-0259,rel,5:5f542910-8dcf-46a9-a77c-dfff0c64ee65:1153027057723120096,romm_zt,land_oesterreich,LIEGT_IN_LAND,Akteur romm_zt liegt in Österreich,dossier,"address: Vienna, Austria",false,,PROVEN,belegt,"address confirms 'Österreich': Vienna, Austria",KEEP,IER-C4,LIEGT_IN_LAND → Österreich
09-lil-0242,rel,5:5f542910-8dcf-46a9-a77c-dfff0c64ee65:1153027057723120097,re_use_austria,land_oesterreich,LIEGT_IN_LAND,Akteur re_use_austria liegt in Österreich,dossier,"address: Vienna, Austria",false,,PROVEN,belegt,"address confirms 'Österreich': Vienna, Austria",KEEP,IER-C4,country inference → land_oesterreich
09-lil-0062,rel,5:5f542910-8dcf-46a9-a77c-dfff0c64ee65:1153027057723120098,cancan_architecture,land_frankreich,LIEGT_IN_LAND,Akteur cancan_architecture liegt in Frankreich,dossier,"address: Paris, France",false,,PROVEN,belegt,"address confirms 'Frankreich': Paris, France",KEEP,IER-C4,country inference → land_frankreich
09-lil-0250,rel,5:5f542910-8dcf-46a9-a77c-dfff0c64ee65:1153027057723120099,refair_bordeaux,land_frankreich,LIEGT_IN_LAND,Akteur refair_bordeaux liegt in Frankreich,dossier,"address: Bordeaux, Gironde, Nouvelle-Aquitaine, France métropolitaine, France",false,,PROVEN,belegt,"address confirms 'Frankreich': Bordeaux, Gironde, Nouvelle-Aquitaine, France métropolitaine, France",KEEP,IER-C4,city token 'bordeaux' in actor id/name/urls
09-lil-0295,rel,5:5f542910-8dcf-46a9-a77c-dfff0c64ee65:1153027057723120100,tomas,land_deutschland,LIEGT_IN_LAND,Akteur tomas liegt in Deutschland,dossier,"address: Berlin, Germany",false,,PROVEN,belegt,"address confirms 'Deutschland': Berlin, Germany",KEEP,IER-C4,LIEGT_IN_LAND → Deutschland
09-lil-0046,rel,5:5f542910-8dcf-46a9-a77c-dfff0c64ee65:1153027057723120101,bauteilboerse_bremen,land_deutschland,LIEGT_IN_LAND,Akteur bauteilboerse_bremen liegt in Deutschland,dossier,"address: Berlin, Germany",false,,PROVEN,belegt,"address confirms 'Deutschland': Berlin, Germany",KEEP,IER-C4,country inference → land_deutschland
09-lil-0049,rel,5:5f542910-8dcf-46a9-a77c-dfff0c64ee65:1153027057723120102,bauteilnetz_deutschland,land_deutschland,LIEGT_IN_LAND,Akteur bauteilnetz_deutschland liegt in Deutschland,dossier,"address: Berlin, Germany",false,,PROVEN,belegt,"address confirms 'Deutschland': Berlin, Germany",KEEP,IER-C4,country inference → land_deutschland
09-lil-0189,rel,5:5f542910-8dcf-46a9-a77c-dfff0c64ee65:1153027057723120103,materiuum,land_schweiz,LIEGT_IN_LAND,Akteur materiuum liegt in Schweiz,dossier,"address: Bern, Switzerland",false,,PROVEN,belegt,"address confirms 'Schweiz': Bern, Switzerland",KEEP,IER-C4,country inference → land_schweiz
09-lil-0292,rel,5:5f542910-8dcf-46a9-a77c-dfff0c64ee65:1153027057723120104,thomas_romm,land_oesterreich,LIEGT_IN_LAND,Akteur thomas_romm liegt in Österreich,dossier,https://www.gundlach-bau.de/projekte/recyclinghaus-hannover,false,,CONTRADICTION,widerlegt,"address names Deutschland but LIEGT_IN_LAND says Österreich: Treppenkamp 1, 30539 Hannover, Germany",ESCALATE_HUMAN,IER-C4,project-linked address country != edge land
09-lil-0297,rel,5:5f542910-8dcf-46a9-a77c-dfff0c64ee65:1153027057723120109,tristan_boniver,land_belgien,LIEGT_IN_LAND,Akteur tristan_boniver liegt in Belgien,dossier,https://www.bioregional.com/projects-and-services/case-studies/bedzed,false,,CONTRADICTION,widerlegt,"address names Vereinigtes Königreich but LIEGT_IN_LAND says Belgien: 24 Helios Road, Wallington, London SM6 7BZ, UK",ESCALATE_HUMAN,IER-C4,project-linked address country != edge land
09-lil-0193,rel,5:5f542910-8dcf-46a9-a77c-dfff0c64ee65:1153027057723120112,matthias_neitsch,land_oesterreich,LIEGT_IN_LAND,Akteur matthias_neitsch liegt in Österreich,dossier,https://www.gundlach-bau.de/projekte/recyclinghaus-hannover,false,,CONTRADICTION,widerlegt,"address names Deutschland but LIEGT_IN_LAND says Österreich: Treppenkamp 1, 30539 Hannover, Germany",ESCALATE_HUMAN,IER-C4,project-linked address country != edge land
09-lil-0217,rel,5:5f542910-8dcf-46a9-a77c-dfff0c64ee65:1153027057723120116,orianne_scourzic,land_frankreich,LIEGT_IN_LAND,Akteur orianne_scourzic liegt in Frankreich,dossier,"address: Bordeaux, Gironde, Nouvelle-Aquitaine, France métropolitaine, France",false,,PROVEN,belegt,"address confirms 'Frankreich': Bordeaux, Gironde, Nouvelle-Aquitaine, France métropolitaine, France",KEEP,IER-C4,city token 'bordeaux' in actor id/name/urls
09-lil-0228,rel,5:5f542910-8dcf-46a9-a77c-dfff0c64ee65:1153027057723120119,peter_kneidinger,land_oesterreich,LIEGT_IN_LAND,Akteur peter_kneidinger liegt in Österreich,dossier,"address: Vienna, Austria",false,,PROVEN,belegt,"address confirms 'Österreich': Vienna, Austria",KEEP,IER-C4,country inference → land_oesterreich
09-lil-0245,rel,5:5f542910-8dcf-46a9-a77c-dfff0c64ee65:1153027057723120123,rebekka_steinlein,land_deutschland,LIEGT_IN_LAND,Akteur rebekka_steinlein liegt in Deutschland,dossier,"address: Berlin, Germany",false,,PROVEN,belegt,"address confirms 'Deutschland': Berlin, Germany",KEEP,IER-C4,country inference → land_deutschland
09-lil-0294,rel,5:5f542910-8dcf-46a9-a77c-dfff0c64ee65:1153027057723120126,tiphaine_berthome,land_frankreich,LIEGT_IN_LAND,Akteur tiphaine_berthome liegt in Frankreich,dossier,"address: Bordeaux, Gironde, Nouvelle-Aquitaine, France métropolitaine, France",false,,PROVEN,belegt,"address confirms 'Frankreich': Bordeaux, Gironde, Nouvelle-Aquitaine, France métropolitaine, France",KEEP,IER-C4,city token 'bordeaux' in actor id/name/urls
09-lil-0310,rel,5:5f542910-8dcf-46a9-a77c-dfff0c64ee65:1153027057723120129,ute_dechantsreiter,land_deutschland,LIEGT_IN_LAND,Akteur ute_dechantsreiter liegt in Deutschland,dossier,"address: Berlin, Germany",false,,PROVEN,belegt,"address confirms 'Deutschland': Berlin, Germany",KEEP,IER-C4,country inference → land_deutschland
09-lil-0027,rel,5:5f542910-8dcf-46a9-a77c-dfff0c64ee65:1153027057723120132,annabelle_von_reutern,land_deutschland,LIEGT_IN_LAND,Akteur annabelle_von_reutern liegt in Deutschland,dossier,"address: Berlin, Germany",false,,PROVEN,belegt,"address confirms 'Deutschland': Berlin, Germany",KEEP,IER-C4,country inference → land_deutschland
09-lil-0239,rel,5:5f542910-8dcf-46a9-a77c-dfff0c64ee65:1153027057723120135,raphael_bach,land_schweiz,LIEGT_IN_LAND,Akteur raphael_bach liegt in Schweiz,dossier,"address: Bern, Switzerland",false,,PROVEN,belegt,"address confirms 'Schweiz': Bern, Switzerland",KEEP,IER-C4,country inference → land_schweiz
09-lil-0243,rel,5:5f542910-8dcf-46a9-a77c-dfff0c64ee65:1153027057723120143,re_win,land_schweiz,LIEGT_IN_LAND,Akteur re_win liegt in Schweiz,dossier,"address: Bern, Switzerland",false,,PROVEN,belegt,"address confirms 'Schweiz': Bern, Switzerland",KEEP,IER-C4,country inference → land_schweiz
09-lil-0213,rel,5:5f542910-8dcf-46a9-a77c-dfff0c64ee65:1153027057723120144,nomol,land_schweiz,LIEGT_IN_LAND,Akteur nomol liegt in Schweiz,dossier,"address: Bern, Switzerland",false,,PROVEN,belegt,"address confirms 'Schweiz': Bern, Switzerland",KEEP,IER-C4,LIEGT_IN_LAND → Schweiz
09-lil-0305,rel,5:5f542910-8dcf-46a9-a77c-dfff0c64ee65:1153027057723120145,urban_bricolage,land_schweiz,LIEGT_IN_LAND,Akteur urban_bricolage liegt in Schweiz,dossier,"address: Bern, Switzerland",false,,PROVEN,belegt,"address confirms 'Schweiz': Bern, Switzerland",KEEP,IER-C4,country inference → land_schweiz
09-lil-0076,rel,5:5f542910-8dcf-46a9-a77c-dfff0c64ee65:1153027057723120146,cirkla,land_schweiz,LIEGT_IN_LAND,Akteur cirkla liegt in Schweiz,dossier,"address: Bern, Switzerland",false,,PROVEN,belegt,"address confirms 'Schweiz': Bern, Switzerland",KEEP,IER-C4,country inference → land_schweiz
09-lil-0222,rel,5:5f542910-8dcf-46a9-a77c-dfff0c64ee65:1153027057723120147,parabase,land_schweiz,LIEGT_IN_LAND,Akteur parabase liegt in Schweiz,dossier,"address: Bern, Switzerland",false,,PROVEN,belegt,"address confirms 'Schweiz': Bern, Switzerland",KEEP,IER-C4,country inference → land_schweiz
09-lil-0037,rel,5:5f542910-8dcf-46a9-a77c-dfff0c64ee65:1153027057723120148,barrault_pressacco,land_frankreich,LIEGT_IN_LAND,Akteur barrault_pressacco liegt in Frankreich,dossier,"address: Paris, France",false,,PROVEN,belegt,"address confirms 'Frankreich': Paris, France",KEEP,IER-C4,LIEGT_IN_LAND → Frankreich
09-lil-0134,rel,5:5f542910-8dcf-46a9-a77c-dfff0c64ee65:1153027057723120149,gxn,land_daenemark,LIEGT_IN_LAND,Akteur gxn liegt in Dänemark,dossier,"address: Copenhagen, Denmark",false,,PROVEN,belegt,"address confirms 'Dänemark': Copenhagen, Denmark",KEEP,IER-C4,LIEGT_IN_LAND → Dänemark
09-lil-0003,rel,5:5f542910-8dcf-46a9-a77c-dfff0c64ee65:1153027057723120150,3xn,land_daenemark,LIEGT_IN_LAND,Akteur 3xn liegt in Dänemark,dossier,"address: Copenhagen, Denmark",false,,PROVEN,belegt,"address confirms 'Dänemark': Copenhagen, Denmark",KEEP,IER-C4,LIEGT_IN_LAND → Dänemark
09-lil-0301,rel,5:5f542910-8dcf-46a9-a77c-dfff0c64ee65:1153027057723120151,umberto_lusso,land_schweiz,LIEGT_IN_LAND,Akteur umberto_lusso liegt in Schweiz,dossier,"address: Bern, Switzerland",false,,PROVEN,belegt,"address confirms 'Schweiz': Bern, Switzerland",KEEP,IER-C4,country inference → land_schweiz
09-lil-0142,rel,5:5f542910-8dcf-46a9-a77c-dfff0c64ee65:1153027057723120154,hugo_topalov,land_frankreich,LIEGT_IN_LAND,Akteur hugo_topalov liegt in Frankreich,dossier,https://opalis.eu/fr/projets/institut-de-botanique-ulg-liege,false,,CONTRADICTION,widerlegt,"address names Belgien but LIEGT_IN_LAND says Frankreich: Chemin de la Vallée 4, 4000 Liège, Belgium",ESCALATE_HUMAN,IER-C4,project-linked address country != edge land
09-lil-0114,rel,5:5f542910-8dcf-46a9-a77c-dfff0c64ee65:1153027057723120158,felix_dillmann,land_schweiz,LIEGT_IN_LAND,Akteur felix_dillmann liegt in Schweiz,dossier,"address: Bern, Switzerland",false,,PROVEN,belegt,"address confirms 'Schweiz': Bern, Switzerland",KEEP,IER-C4,country inference → land_schweiz
09-lil-0026,rel,5:5f542910-8dcf-46a9-a77c-dfff0c64ee65:1153027057723120162,anna_buser,land_schweiz,LIEGT_IN_LAND,Akteur anna_buser liegt in Schweiz,dossier,"address: Bern, Switzerland",false,,PROVEN,belegt,"address confirms 'Schweiz': Bern, Switzerland",KEEP,IER-C4,country inference → land_schweiz
09-lil-0265,rel,5:5f542910-8dcf-46a9-a77c-dfff0c64ee65:1153027057723120165,sarah_westerfeld,land_frankreich,LIEGT_IN_LAND,Akteur sarah_westerfeld liegt in Frankreich,dossier,https://opalis.eu/fr/projets/institut-de-botanique-ulg-liege,false,,CONTRADICTION,widerlegt,"address names Belgien but LIEGT_IN_LAND says Frankreich: Chemin de la Vallée 4, 4000 Liège, Belgium",ESCALATE_HUMAN,IER-C4,project-linked address country != edge land
09-lil-0175,rel,5:5f542910-8dcf-46a9-a77c-dfff0c64ee65:1153027057723120169,madlen_kobi,land_schweiz,LIEGT_IN_LAND,Akteur madlen_kobi liegt in Schweiz,dossier,"address: Bern, Switzerland",false,,PROVEN,belegt,"address confirms 'Schweiz': Bern, Switzerland",KEEP,IER-C4,country inference → land_schweiz
09-lil-0065,rel,5:5f542910-8dcf-46a9-a77c-dfff0c64ee65:1153027057723120173,carla_ferrando_costansa,land_schweiz,LIEGT_IN_LAND,Akteur carla_ferrando_costansa liegt in Schweiz,dossier,"address: Basel, Basel-Stadt, Schweiz/Suisse/Svizzera/Svizra",false,,PROVEN,belegt,"address confirms 'Schweiz': Basel, Basel-Stadt, Schweiz/Suisse/Svizzera/Svizra",KEEP,IER-C4,city token 'basel' in actor id/name/urls
09-lil-0221,rel,5:5f542910-8dcf-46a9-a77c-dfff0c64ee65:1153027057723120177,pablo_garrido_arnaiz,land_schweiz,LIEGT_IN_LAND,Akteur pablo_garrido_arnaiz liegt in Schweiz,dossier,"address: Basel, Basel-Stadt, Schweiz/Suisse/Svizzera/Svizra",false,,PROVEN,belegt,"address confirms 'Schweiz': Basel, Basel-Stadt, Schweiz/Suisse/Svizzera/Svizra",KEEP,IER-C4,city token 'basel' in actor id/name/urls
09-lil-0240,rel,5:5f542910-8dcf-46a9-a77c-dfff0c64ee65:1153027057723120187,rau,land_niederlande,LIEGT_IN_LAND,Akteur rau liegt in Niederlande,dossier,"address: Amsterdam, Netherlands",false,,PROVEN,belegt,"address confirms 'Niederlande': Amsterdam, Netherlands",KEEP,IER-C4,LIEGT_IN_LAND → Niederlande
09-lil-0174,rel,5:5f542910-8dcf-46a9-a77c-dfff0c64ee65:1153027057723120188,madaster,land_niederlande,LIEGT_IN_LAND,Akteur madaster liegt in Niederlande,dossier,"address: Bern, Switzerland",false,,CONTRADICTION,widerlegt,"address names Schweiz but LIEGT_IN_LAND says Niederlande: Bern, Switzerland",ESCALATE_HUMAN,IER-C4,project-linked address country != edge land
09-lil-0327,rel,5:5f542910-8dcf-46a9-a77c-dfff0c64ee65:1153027057723120189,zirkulaar_architektur,land_deutschland,LIEGT_IN_LAND,Akteur zirkulaar_architektur liegt in Deutschland,dossier,"address: Berlin, Germany",false,,PROVEN,belegt,"address confirms 'Deutschland': Berlin, Germany",KEEP,IER-C4,country inference → land_deutschland
09-lil-0224,rel,5:5f542910-8dcf-46a9-a77c-dfff0c64ee65:1153027057723120190,pascal_flammer_architekten,land_schweiz,LIEGT_IN_LAND,Akteur pascal_flammer_architekten liegt in Schweiz,dossier,"address: Bern, Switzerland",false,,PROVEN,belegt,"address confirms 'Schweiz': Bern, Switzerland",KEEP,IER-C4,LIEGT_IN_LAND → Schweiz
09-lil-0291,rel,5:5f542910-8dcf-46a9-a77c-dfff0c64ee65:1153027057723120194,thomas_rau,land_niederlande,LIEGT_IN_LAND,Akteur thomas_rau liegt in Niederlande,dossier,"address: Amsterdam, Netherlands",false,,PROVEN,belegt,"address confirms 'Niederlande': Amsterdam, Netherlands",KEEP,IER-C4,LIEGT_IN_LAND → Niederlande
09-lil-0148,rel,5:5f542910-8dcf-46a9-a77c-dfff0c64ee65:1153027057723120197,julia_krafft,land_deutschland,LIEGT_IN_LAND,Akteur julia_krafft liegt in Deutschland,dossier,"address: Berlin, Germany",false,,PROVEN,belegt,"address confirms 'Deutschland': Berlin, Germany",KEEP,IER-C4,country inference → land_deutschland
09-lil-0171,rel,5:5f542910-8dcf-46a9-a77c-dfff0c64ee65:1153027057723120199,lucas_klinkenbusch,land_deutschland,LIEGT_IN_LAND,Akteur lucas_klinkenbusch liegt in Deutschland,dossier,"address: Berlin, Germany",false,,PROVEN,belegt,"address confirms 'Deutschland': Berlin, Germany",KEEP,IER-C4,country inference → land_deutschland
09-lil-0223,rel,5:5f542910-8dcf-46a9-a77c-dfff0c64ee65:1153027057723120201,pascal_flammer,land_schweiz,LIEGT_IN_LAND,Akteur pascal_flammer liegt in Schweiz,dossier,"address: Bern, Switzerland",false,,PROVEN,belegt,"address confirms 'Schweiz': Bern, Switzerland",KEEP,IER-C4,country inference → land_schweiz
09-lil-0044,rel,5:5f542910-8dcf-46a9-a77c-dfff0c64ee65:1153027057723131628,baumatpool_ch,land_schweiz,LIEGT_IN_LAND,Akteur baumatpool_ch liegt in Schweiz,dossier,"address: Bern, Switzerland",false,,PROVEN,belegt,"address confirms 'Schweiz': Bern, Switzerland",KEEP,IER-C4,country inference → land_schweiz
09-lil-0123,rel,5:5f542910-8dcf-46a9-a77c-dfff0c64ee65:1153027057723141698,ggzatwork_laden2_bauteile_zug,land_schweiz,LIEGT_IN_LAND,Akteur ggzatwork_laden2_bauteile_zug liegt in Schweiz,dossier,"address: Bern, Switzerland",false,,PROVEN,belegt,"address confirms 'Schweiz': Bern, Switzerland",KEEP,IER-C4,country inference → land_schweiz
09-lil-0045,rel,5:5f542910-8dcf-46a9-a77c-dfff0c64ee65:1153027057723148305,bauteilboerse_basel_overall,land_schweiz,LIEGT_IN_LAND,Akteur bauteilboerse_basel_overall liegt in Schweiz,dossier,"address: Emilie Louise Frey-Strasse, 4053 Basel, Switzerland",false,,PROVEN,belegt,"address confirms 'Schweiz': Emilie Louise Frey-Strasse, 4053 Basel, Switzerland",KEEP,IER-C4,BETEILIGT_AN → p_elementa_walkeweg
09-lil-0323,rel,5:5f542910-8dcf-46a9-a77c-dfff0c64ee65:1153027057723148306,wick_reuse_roto_baumarkt,land_schweiz,LIEGT_IN_LAND,Akteur wick_reuse_roto_baumarkt liegt in Schweiz,dossier,"address: Bern, Switzerland",false,,PROVEN,belegt,"address confirms 'Schweiz': Bern, Switzerland",KEEP,IER-C4,country inference → land_schweiz
09-lil-0057,rel,5:5f542910-8dcf-46a9-a77c-dfff0c64ee65:1153027057723148307,btvz_zuerichsee_oberland,land_schweiz,LIEGT_IN_LAND,Akteur btvz_zuerichsee_oberland liegt in Schweiz,dossier,"address: Zürich, Bezirk Zürich, Zürich, Schweiz/Suisse/Svizzera/Svizra",false,,PROVEN,belegt,"address confirms 'Schweiz': Zürich, Bezirk Zürich, Zürich, Schweiz/Suisse/Svizzera/Svizra",KEEP,IER-C4,city token 'zrich' in actor id/name/urls
09-lil-0256,rel,5:5f542910-8dcf-46a9-a77c-dfff0c64ee65:1153027057723148308,reuzi_ch,land_schweiz,LIEGT_IN_LAND,Akteur reuzi_ch liegt in Schweiz,dossier,"address: Bern, Switzerland",false,,PROVEN,belegt,"address confirms 'Schweiz': Bern, Switzerland",KEEP,IER-C4,country inference → land_schweiz
09-lil-0190,rel,5:5f542910-8dcf-46a9-a77c-dfff0c64ee65:1153027057723148309,materiuum_geneve_ressourcerie,land_schweiz,LIEGT_IN_LAND,Akteur materiuum_geneve_ressourcerie liegt in Schweiz,dossier,"address: Bern, Switzerland",false,,PROVEN,belegt,"address confirms 'Schweiz': Bern, Switzerland",KEEP,IER-C4,country inference → land_schweiz
09-lil-0131,rel,5:5f542910-8dcf-46a9-a77c-dfff0c64ee65:1153027057723148310,gruner_reuse_platform,land_schweiz,LIEGT_IN_LAND,Akteur gruner_reuse_platform liegt in Schweiz,dossier,https://www.gundlach-bau.de/projekte/recyclinghaus-hannover,false,,CONTRADICTION,widerlegt,"address names Deutschland but LIEGT_IN_LAND says Schweiz: Treppenkamp 1, 30539 Hannover, Germany",ESCALATE_HUMAN,IER-C4,project-linked address country != edge land
09-lil-0287,rel,5:5f542910-8dcf-46a9-a77c-dfff0c64ee65:1153027057723148311,syphon_ag_bauteilboerse_biel_bruegg,land_schweiz,LIEGT_IN_LAND,Akteur syphon_ag_bauteilboerse_biel_bruegg liegt in Schweiz,dossier,"address: Bern, Switzerland",false,,PROVEN,belegt,"address confirms 'Schweiz': Bern, Switzerland",KEEP,IER-C4,country inference → land_schweiz
09-lil-0140,rel,5:5f542910-8dcf-46a9-a77c-dfff0c64ee65:1153027057723148312,hiltbrunner_reuse_riedtwil_wiederverwendung,land_schweiz,LIEGT_IN_LAND,Akteur hiltbrunner_reuse_riedtwil_wiederverwendung liegt in Schweiz,dossier,"address: Bern, Switzerland",false,,PROVEN,belegt,"address confirms 'Schweiz': Bern, Switzerland",KEEP,IER-C4,country inference → land_schweiz
09-lil-0050,rel,5:5f542910-8dcf-46a9-a77c-dfff0c64ee65:1153027057723148313,bauteilverwertung_koeppel_klein,land_schweiz,LIEGT_IN_LAND,Akteur bauteilverwertung_koeppel_klein liegt in Schweiz,dossier,"address: Bern, Switzerland",false,,PROVEN,belegt,"address confirms 'Schweiz': Bern, Switzerland",KEEP,IER-C4,country inference → land_schweiz
09-lil-0029,rel,5:5f542910-8dcf-46a9-a77c-dfff0c64ee65:1153027057723148314,archipel_sion_ressourcerie,land_schweiz,LIEGT_IN_LAND,Akteur archipel_sion_ressourcerie liegt in Schweiz,dossier,"address: Bern, Switzerland",false,,PROVEN,belegt,"address confirms 'Schweiz': Bern, Switzerland",KEEP,IER-C4,country inference → land_schweiz
09-lil-0277,rel,5:5f542910-8dcf-46a9-a77c-dfff0c64ee65:1153027057723150438,stiftung_chance_bauteile_zuerich_glattbrugg,land_schweiz,LIEGT_IN_LAND,Akteur stiftung_chance_bauteile_zuerich_glattbrugg liegt in Schweiz,dossier,"address: Zürich, Bezirk Zürich, Zürich, Schweiz/Suisse/Svizzera/Svizra",false,,PROVEN,belegt,"address confirms 'Schweiz': Zürich, Bezirk Zürich, Zürich, Schweiz/Suisse/Svizzera/Svizra",KEEP,IER-C4,city token 'zrich' in actor id/name/urls
09-lil-0031,rel,5:5f542910-8dcf-46a9-a77c-dfff0c64ee65:1153027057723152989,articonnex,land_frankreich,LIEGT_IN_LAND,Akteur articonnex liegt in Frankreich,logic,https://www.batiactu.com/edito/un-pavillon-circulaire-illustrer-reemploi-materiaux-42547.php,true,200,PROVEN,belegt,"address confirms 'Frankreich': Place de l'Hôtel de Ville, 75004 Paris, France",ADD_SOURCE,IER-C4,source_url overlap → p_circular_pavilion_paris
09-lil-0033,rel,5:5f542910-8dcf-46a9-a77c-dfff0c64ee65:1153027057723152990,backacia,land_frankreich,LIEGT_IN_LAND,Akteur backacia liegt in Frankreich,dossier,"address: Paris, France",false,,PROVEN,belegt,"address confirms 'Frankreich': Paris, France",KEEP,IER-C4,LIEGT_IN_LAND → Frankreich
09-lil-0038,rel,5:5f542910-8dcf-46a9-a77c-dfff0c64ee65:1153027057723152991,baticycle,land_frankreich,LIEGT_IN_LAND,Akteur baticycle liegt in Frankreich,dossier,"address: Paris, France",false,,PROVEN,belegt,"address confirms 'Frankreich': Paris, France",KEEP,IER-C4,country inference → land_frankreich
09-lil-0039,rel,5:5f542910-8dcf-46a9-a77c-dfff0c64ee65:1153027057723152992,batiterre,land_belgien,LIEGT_IN_LAND,Akteur batiterre liegt in Belgien,dossier,"address: Brussels, Belgium",false,,PROVEN,belegt,"address confirms 'Belgien': Brussels, Belgium",KEEP,IER-C4,country inference → land_belgien
09-lil-0040,rel,5:5f542910-8dcf-46a9-a77c-dfff0c64ee65:1153027057723152993,batrecup,land_frankreich,LIEGT_IN_LAND,Akteur batrecup liegt in Frankreich,dossier,"address: Paris, France",false,,PROVEN,belegt,"address confirms 'Frankreich': Paris, France",KEEP,IER-C4,LIEGT_IN_LAND → Frankreich
09-lil-0058,rel,5:5f542910-8dcf-46a9-a77c-dfff0c64ee65:1153027057723152994,building_spares_market,land_vereinigtes_koenigreich,LIEGT_IN_LAND,Akteur building_spares_market liegt in Vereinigtes Königreich,dossier,"address: London, UK",false,,PROVEN,belegt,"address confirms 'Vereinigtes Königreich': London, UK",KEEP,IER-C4,LIEGT_IN_LAND → Vereinigtes Königreich
09-lil-0084,rel,5:5f542910-8dcf-46a9-a77c-dfff0c64ee65:1153027057723152995,cornermat_retrival,land_belgien,LIEGT_IN_LAND,Akteur cornermat_retrival liegt in Belgien,dossier,"address: Brussels, Belgium",false,,PROVEN,belegt,"address confirms 'Belgien': Brussels, Belgium",KEEP,IER-C4,country inference → land_belgien
09-lil-0086,rel,5:5f542910-8dcf-46a9-a77c-dfff0c64ee65:1153027057723152996,cycle_up,land_frankreich,LIEGT_IN_LAND,Akteur cycle_up liegt in Frankreich,dossier,"address: Paris, France",false,,PROVEN,belegt,"address confirms 'Frankreich': Paris, France",KEEP,IER-C4,country inference → land_frankreich
09-lil-0087,rel,5:5f542910-8dcf-46a9-a77c-dfff0c64ee65:1153027057723152997,cycle_zero,land_frankreich,LIEGT_IN_LAND,Akteur cycle_zero liegt in Frankreich,dossier,"address: Paris, France",false,,PROVEN,belegt,"address confirms 'Frankreich': Paris, France",KEEP,IER-C4,country inference → land_frankreich
09-lil-0106,rel,5:5f542910-8dcf-46a9-a77c-dfff0c64ee65:1153027057723152998,enviromate,land_vereinigtes_koenigreich,LIEGT_IN_LAND,Akteur enviromate liegt in Vereinigtes Königreich,dossier,"address: London, UK",false,,PROVEN,belegt,"address confirms 'Vereinigtes Königreich': London, UK",KEEP,IER-C4,LIEGT_IN_LAND → Vereinigtes Königreich
09-lil-0121,rel,5:5f542910-8dcf-46a9-a77c-dfff0c64ee65:1153027057723152999,genbyg,land_daenemark,LIEGT_IN_LAND,Akteur genbyg liegt in Dänemark,dossier,"address: Copenhagen, Denmark",false,,PROVEN,belegt,"address confirms 'Dänemark': Copenhagen, Denmark",KEEP,IER-C4,country inference → land_daenemark
09-lil-0125,rel,5:5f542910-8dcf-46a9-a77c-dfff0c64ee65:1153027057723153000,globechain,land_vereinigtes_koenigreich,LIEGT_IN_LAND,Akteur globechain liegt in Vereinigtes Königreich,logic,https://www.construction21.org/articles/h/the-brighton-waste-house.html,true,200,PROVEN,belegt,"address confirms 'Vereinigtes Königreich': 58-67 Grand Parade, Brighton BN2 0JY, UK",ADD_SOURCE,IER-C4,source_url overlap → p_brighton_waste_house_brighton
09-lil-0144,rel,5:5f542910-8dcf-46a9-a77c-dfff0c64ee65:1153027057723153001,insert_marketplace,land_niederlande,LIEGT_IN_LAND,Akteur insert_marketplace liegt in Niederlande,dossier,"address: Amsterdam, Netherlands",false,,PROVEN,belegt,"address confirms 'Niederlande': Amsterdam, Netherlands",KEEP,IER-C4,country inference → land_niederlande
09-lil-0170,rel,5:5f542910-8dcf-46a9-a77c-dfff0c64ee65:1153027057723153002,loopfront,land_norwegen,LIEGT_IN_LAND,Akteur loopfront liegt in Norwegen,dossier,"address: Oslo, Norway",false,,PROVEN,belegt,"address confirms 'Norwegen': Oslo, Norway",KEEP,IER-C4,LIEGT_IN_LAND → Norwegen
09-lil-0184,rel,5:5f542910-8dcf-46a9-a77c-dfff0c64ee65:1153027057723153003,material_index,land_vereinigtes_koenigreich,LIEGT_IN_LAND,Akteur material_index liegt in Vereinigtes Königreich,dossier,"address: London, UK",false,,PROVEN,belegt,"address confirms 'Vereinigtes Königreich': London, UK",KEEP,IER-C4,LIEGT_IN_LAND → Vereinigtes Königreich
09-lil-0185,rel,5:5f542910-8dcf-46a9-a77c-dfff0c64ee65:1153027057723153004,material_reuse_portal,land_vereinigtes_koenigreich,LIEGT_IN_LAND,Akteur material_reuse_portal liegt in Vereinigtes Königreich,dossier,"address: Greater London, England, United Kingdom",false,,PROVEN,belegt,"address confirms 'Vereinigtes Königreich': Greater London, England, United Kingdom",KEEP,IER-C4,city token 'london' in actor id/name/urls
09-lil-0186,rel,5:5f542910-8dcf-46a9-a77c-dfff0c64ee65:1153027057723153005,materialenbank_leuven_atelier_circuler,land_belgien,LIEGT_IN_LAND,Akteur materialenbank_leuven_atelier_circuler liegt in Belgien,dossier,"address: Brussels, Belgium",false,,PROVEN,belegt,"address confirms 'Belgien': Brussels, Belgium",KEEP,IER-C4,country inference → land_belgien
09-lil-0188,rel,5:5f542910-8dcf-46a9-a77c-dfff0c64ee65:1153027057723153006,materialrest24,land_deutschland,LIEGT_IN_LAND,Akteur materialrest24 liegt in Deutschland,dossier,"address: Berlin, Germany",false,,PROVEN,belegt,"address confirms 'Deutschland': Berlin, Germany",KEEP,IER-C4,country inference → land_deutschland
09-lil-0236,rel,5:5f542910-8dcf-46a9-a77c-dfff0c64ee65:1153027057723153007,r_place,land_frankreich,LIEGT_IN_LAND,Akteur r_place liegt in Frankreich,dossier,"address: Paris, France",false,,PROVEN,belegt,"address confirms 'Frankreich': Paris, France",KEEP,IER-C4,country inference → land_frankreich
09-lil-0237,rel,5:5f542910-8dcf-46a9-a77c-dfff0c64ee65:1153027057723153008,raedificare,land_frankreich,LIEGT_IN_LAND,Akteur raedificare liegt in Frankreich,dossier,"address: Paris, France",false,,PROVEN,belegt,"address confirms 'Frankreich': Paris, France",KEEP,IER-C4,LIEGT_IN_LAND → Frankreich
09-lil-0241,rel,5:5f542910-8dcf-46a9-a77c-dfff0c64ee65:1153027057723153009,re_store_harvestmap_vienna,land_oesterreich,LIEGT_IN_LAND,Akteur re_store_harvestmap_vienna liegt in Österreich,dossier,"address: Vienna, Austria",false,,PROVEN,belegt,"address confirms 'Österreich': Vienna, Austria",KEEP,IER-C4,country inference → land_oesterreich
09-lil-0249,rel,5:5f542910-8dcf-46a9-a77c-dfff0c64ee65:1153027057723153010,reempro,land_frankreich,LIEGT_IN_LAND,Akteur reempro liegt in Frankreich,dossier,"address: Paris, France",false,,PROVEN,belegt,"address confirms 'Frankreich': Paris, France",KEEP,IER-C4,country inference → land_frankreich
09-lil-0253,rel,5:5f542910-8dcf-46a9-a77c-dfff0c64ee65:1153027057723153011,resource_marktplaats,land_niederlande,LIEGT_IN_LAND,Akteur resource_marktplaats liegt in Niederlande,dossier,"address: Amsterdam, Netherlands",false,,PROVEN,belegt,"address confirms 'Niederlande': Amsterdam, Netherlands",KEEP,IER-C4,LIEGT_IN_LAND → Niederlande
09-lil-0255,rel,5:5f542910-8dcf-46a9-a77c-dfff0c64ee65:1153027057723153012,reuse_and_trade,land_deutschland,LIEGT_IN_LAND,Akteur reuse_and_trade liegt in Deutschland,dossier,"address: Berlin, Germany",false,,PROVEN,belegt,"address confirms 'Deutschland': Berlin, Germany",KEEP,IER-C4,country inference → land_deutschland
09-lil-0263,rel,5:5f542910-8dcf-46a9-a77c-dfff0c64ee65:1153027057723153013,salvoweb,land_vereinigtes_koenigreich,LIEGT_IN_LAND,Akteur salvoweb liegt in Vereinigtes Königreich,dossier,"address: London, UK",false,,PROVEN,belegt,"address confirms 'Vereinigtes Königreich': London, UK",KEEP,IER-C4,LIEGT_IN_LAND → Vereinigtes Königreich
09-lil-0264,rel,5:5f542910-8dcf-46a9-a77c-dfff0c64ee65:1153027057723153014,salza,land_schweiz,LIEGT_IN_LAND,Akteur salza liegt in Schweiz,dossier,"address: Bern, Switzerland",false,,PROVEN,belegt,"address confirms 'Schweiz': Bern, Switzerland",KEEP,IER-C4,country inference → land_schweiz
09-lil-0270,rel,5:5f542910-8dcf-46a9-a77c-dfff0c64ee65:1153027057723153015,skop_marketplace,land_frankreich,LIEGT_IN_LAND,Akteur skop_marketplace liegt in Frankreich,dossier,"address: Paris, France",false,,PROVEN,belegt,"address confirms 'Frankreich': Paris, France",KEEP,IER-C4,country inference → land_frankreich
09-lil-0283,rel,5:5f542910-8dcf-46a9-a77c-dfff0c64ee65:1153027057723153016,surplus_building_and_plumbing_materials,land_vereinigtes_koenigreich,LIEGT_IN_LAND,Akteur surplus_building_and_plumbing_materials liegt in Vereinigtes Königreich,dossier,"address: London, UK",false,,PROVEN,belegt,"address confirms 'Vereinigtes Königreich': London, UK",KEEP,IER-C4,LIEGT_IN_LAND → Vereinigtes Königreich
09-lil-0284,rel,5:5f542910-8dcf-46a9-a77c-dfff0c64ee65:1153027057723153017,sustainability_yard,land_vereinigtes_koenigreich,LIEGT_IN_LAND,Akteur sustainability_yard liegt in Vereinigtes Königreich,dossier,"address: London, UK",false,,PROVEN,belegt,"address confirms 'Vereinigtes Königreich': London, UK",KEEP,IER-C4,LIEGT_IN_LAND → Vereinigtes Königreich
09-lil-0308,rel,5:5f542910-8dcf-46a9-a77c-dfff0c64ee65:1153027057723153018,useagain_bauteilclick,land_schweiz,LIEGT_IN_LAND,Akteur useagain_bauteilclick liegt in Schweiz,dossier,"address: Bern, Switzerland",false,,PROVEN,belegt,"address confirms 'Schweiz': Bern, Switzerland",KEEP,IER-C4,country inference → land_schweiz
09-lil-0321,rel,5:5f542910-8dcf-46a9-a77c-dfff0c64ee65:1153027057723153019,warp_it,land_vereinigtes_koenigreich,LIEGT_IN_LAND,Akteur warp_it liegt in Vereinigtes Königreich,dossier,"address: London, UK",false,,PROVEN,belegt,"address confirms 'Vereinigtes Königreich': London, UK",KEEP,IER-C4,LIEGT_IN_LAND → Vereinigtes Königreich
09-lil-0572,rel,5:5f542910-8dcf-46a9-a77c-dfff0c64ee65:1155278857536799259,software_opalis,land_frankreich,LIEGT_IN_LAND,Software software_opalis liegt in Frankreich,web,https://opalis.eu/en/about,true,200,PROVEN,belegt,"In 2018, the non-profit organisation Les Aventuriers du Sixième Continent conducted some research in France for the dealers section.",ADD_SOURCE,IER-C4,imprint/contact address confirms country
09-lil-0246,rel,5:5f542910-8dcf-46a9-a77c-dfff0c64ee65:1155278857536805156,recreate_project,land_finnland,LIEGT_IN_LAND,Akteur recreate_project liegt in Finnland,dossier,"address: Berlin, Germany",false,,CONTRADICTION,widerlegt,"address names Deutschland but LIEGT_IN_LAND says Finnland: Berlin, Germany",ESCALATE_HUMAN,IER-C4,project-linked address country != edge land
09-lil-0075,rel,5:5f542910-8dcf-46a9-a77c-dfff0c64ee65:1155278857536805159,circular_structural_design,land_niederlande,LIEGT_IN_LAND,Akteur circular_structural_design liegt in Niederlande,dossier,"address: Berlin, Germany",false,,CONTRADICTION,widerlegt,"address names Deutschland but LIEGT_IN_LAND says Niederlande: Berlin, Germany",ESCALATE_HUMAN,IER-C4,project-linked address country != edge land
09-lil-0225,rel,5:5f542910-8dcf-46a9-a77c-dfff0c64ee65:1155278857536805188,patrick_teuffel,land_niederlande,LIEGT_IN_LAND,Akteur patrick_teuffel liegt in Niederlande,logic,https://recreate-project.eu/,true,200,PROVEN,belegt,"address confirms 'Niederlande': Zwarteweg 1, 8181 PD Heerde, Netherlands",ADD_SOURCE,IER-C4,source_url overlap → p_circular_centre_netherlands_prinsenhof_a_reuse_pilot
09-lil-0002,rel,5:5f542910-8dcf-46a9-a77c-dfff0c64ee65:1155278857536805208,2hs,land_schweiz,LIEGT_IN_LAND,Akteur 2hs liegt in Schweiz,dossier,"address: Berlin, Germany",false,,CONTRADICTION,widerlegt,"address names Deutschland but LIEGT_IN_LAND says Schweiz: Berlin, Germany",ESCALATE_HUMAN,IER-C4,project-linked address country != edge land
09-lil-0070,rel,5:5f542910-8dcf-46a9-a77c-dfff0c64ee65:1155278857536805209,circular_construction_lab,land_schweiz,LIEGT_IN_LAND,Akteur circular_construction_lab liegt in Schweiz,dossier,address: United States,false,,CONTRADICTION,widerlegt,address names USA but LIEGT_IN_LAND says Schweiz: United States,ESCALATE_HUMAN,IER-C4,project-linked address country != edge land
09-lil-0094,rel,5:5f542910-8dcf-46a9-a77c-dfff0c64ee65:1155278857536805224,dirk_e_hebel,land_schweiz,LIEGT_IN_LAND,Akteur dirk_e_hebel liegt in Schweiz,dossier,"address: Berlin, Germany",false,,CONTRADICTION,widerlegt,"address names Deutschland but LIEGT_IN_LAND says Schweiz: Berlin, Germany",ESCALATE_HUMAN,IER-C4,project-linked address country != edge land
09-lil-0116,rel,5:5f542910-8dcf-46a9-a77c-dfff0c64ee65:1155278857536805228,felix_heisel,land_usa,LIEGT_IN_LAND,Akteur felix_heisel liegt in USA,dossier,address: United States,false,,PROVEN,belegt,address confirms 'USA': United States,KEEP,IER-C4,LIEGT_IN_LAND → USA
09-lil-0316,rel,5:5f542910-8dcf-46a9-a77c-dfff0c64ee65:1155278857536805274,vera_van_maaren,land_deutschland,LIEGT_IN_LAND,Akteur vera_van_maaren liegt in Deutschland,dossier,"address: Berlin, Germany",false,,PROVEN,belegt,"address confirms 'Deutschland': Berlin, Germany",KEEP,IER-C4,LIEGT_IN_LAND → Deutschland
09-lil-0571,rel,5:5f542910-8dcf-46a9-a77c-dfff0c64ee65:1157530657350484507,software_opalis,land_niederlande,LIEGT_IN_LAND,Software software_opalis liegt in Niederlande,none,https://opalis.eu/,false,,PARTIAL,teilweise_belegt,country unconfirmed; addr=none,KEEP,IER-C4,fetched pages lack explicit address with country
09-lil-0248,rel,5:5f542910-8dcf-46a9-a77c-dfff0c64ee65:1157530657350490404,recreate_project,land_niederlande,LIEGT_IN_LAND,Akteur recreate_project liegt in Niederlande,dossier,"address: Berlin, Germany",false,,CONTRADICTION,widerlegt,"address names Deutschland but LIEGT_IN_LAND says Niederlande: Berlin, Germany",ESCALATE_HUMAN,IER-C4,project-linked address country != edge land
09-lil-0329,rel,5:5f542910-8dcf-46a9-a77c-dfff0c64ee65:6917634580757349265,zirkulie_bauteilboerse_triesen,land_liechtenstein,LIEGT_IN_LAND,Akteur zirkulie_bauteilboerse_triesen liegt in Liechtenstein,dossier,"address: Triesen, Liechtenstein",false,,PROVEN,belegt,"address confirms 'Liechtenstein': Triesen, Liechtenstein",KEEP,IER-C4,city token in actor id (Bauteilbörse Triesen)
09-lis-0005,rel,5:5f542910-8dcf-46a9-a77c-dfff0c64ee65:6919885281059411225,bw_alliander_hq_duiven,stadt_duiven,LIEGT_IN_STADT,Bauwerk bw_alliander_hq_duiven liegt in Stadt Duiven,logic,name_full: Alliander / Liander Hauptquartier Duiven,false,,PROVEN,belegt,name_full confirms city 'Duiven': Alliander / Liander Hauptquartier Duiven,FIX_PROPERTY,IER-C4,backfill adresse from name_full
09-lis-0088,rel,5:5f542910-8dcf-46a9-a77c-dfff0c64ee65:6919885281059411265,bw_lycee_michel_lucius_campus,stadt_luxembourg_limpertsberg,LIEGT_IN_STADT,Bauwerk bw_lycee_michel_lucius_campus liegt in Stadt Luxembourg-Limpertsberg,none,no address,false,,PARTIAL,teilweise_belegt,no address on node to confirm city,RESOURCE,IER-C4,needs dossier address or official site with city
09-lis-0099,rel,5:5f542910-8dcf-46a9-a77c-dfff0c64ee65:6919885281059411334,bw_montessori_maassluis_receiver,stadt_maassluis,LIEGT_IN_STADT,Bauwerk bw_montessori_maassluis_receiver liegt in Stadt Maassluis,logic,name_full: Montessorischool Maassluis Ersatzneubau,false,,PROVEN,belegt,name_full confirms city 'Maassluis': Montessorischool Maassluis Ersatzneubau,FIX_PROPERTY,IER-C4,backfill adresse from name_full
