g02_id,ep03_claim_id,r07_claim_id,element_id,from_id,to_id,rel_type,ep03_verdict,r07_verdict,basis_ref,graph_evidence_url,graph_evidence_quote,graph_review_run,graph_rel_id,origin_intake_run,origin_script_path,origin_git_head,network_json_evidence_url,network_json_evidence_quote,network_enrichment_run,enrichment_json_path,enrichment_evidence_url,enrichment_evidence_quote,r07_recovery_source,r07_notes,weak_evidence_class,provenance_notes
G02-0001,EP03-0001,R07-0169,5:5f542910-8dcf-46a9-a77c-dfff0c64ee65:1152988574816147008,akt_ii,bt_decke,HAT_BAUTEILTYP,PARTIAL,PARTIAL,https://en.wikipedia.org/wiki/AKT_II,,,,,network_json slice edge_enrichment_deeper_existing_node_types_2026_06_01,_neo4j/intake/inbox/research/bauteilboerse_network_2026-06-01_project_part_actor_edges.json,f9cf1a8c 2026-06-02 updates,https://www.akt-uk.com/latest/low-carbon-reusable-cassette/,,edge_enrichment_deeper_existing_node_types_2026_06_01,,,,page fetched but quote weak,page fetched but quote weak; actor_node_source_urls,url_in_json_no_quote_never_imported_to_graph,edge row in project_part_actor_edges export
G02-0002,EP03-0010,R07-0170,5:5f542910-8dcf-46a9-a77c-dfff0c64ee65:1155240374629866077,articonnex,bt_daemmung,HAT_BAUTEILTYP,PARTIAL,PARTIAL,https://articonnex.com/collections/reemploi,https://articonnex.com/collections/reemploi,Quincaillerie Notre sélection Peinture Visserie Peinture Tout voir Peinture intérieure (7) Peinture extérieure (3) Sous-couche peinture (2) Par localisation Peinture à Angers (4) Peinture à La Roche-sur-Yon (5) Peinture au Mans (5) Peinture à Nantes (5) Peinture à Orléans (4) Peinture à Rennes (5) Peinture à Saint-Brieuc (8) Peinture à Vannes (4) Visserie Tout voir Visserie à Angers (28) Visserie à La Roche-sur-Yon (33) Visserie au Mans (29) Visserie à Nantes (37) Visserie à Orléans (25) Visseri,quality_pass_q04_2026_06_06,r_deep_articonnex__HAT_BAUTEILTYP__bt_daemmung,network_json deep enrichment slice (pre-2026-06-02 import),_neo4j/intake/inbox/research/bauteilboerse_network_2026-06-01_project_part_actor_edges.json,f9cf1a8c 2026-06-02 updates,https://articonnex.com/,,actor_edge_enrichment_deep_existing_types_2026_06_01,,,,page fetched but quote weak,page fetched but quote weak; actor_node_source_urls,partial_despite_some_evidence,enrichment_run=actor_edge_enrichment_deep_existing_types_2026_06_01
G02-0003,EP03-0011,R07-0171,5:5f542910-8dcf-46a9-a77c-dfff0c64ee65:1157492174443551325,articonnex,bt_fassade,HAT_BAUTEILTYP,PARTIAL,PARTIAL,https://articonnex.com/collections/reemploi,https://articonnex.com/collections/reemploi,"Ouvert Fermeture à 18:00 Fermé Ouverture à 10:00 Lundi 10h-18h Mardi 10h-18h Mercredi 10h-18h Jeudi 10h-18h Vendredi 10h-18h Samedi Fermé Dimanche Fermé 02 85 35 91 75 angers@articonnex.com 4,9/5 Articonnex La Roche-sur-Yon 9 Rue Henri Aucher 85000 La Roche-sur-Yon Voir les produits à La Roche-sur-Yon OSB, contreplaqué, terrasse, bardage, quincaillerie, sol PVC, réemploi.",quality_pass_q04_2026_06_06,r_deep_articonnex__HAT_BAUTEILTYP__bt_fassade,network_json deep enrichment slice (pre-2026-06-02 import),_neo4j/intake/inbox/research/bauteilboerse_network_2026-06-01_project_part_actor_edges.json,f9cf1a8c 2026-06-02 updates,https://articonnex.com/,,actor_edge_enrichment_deep_existing_types_2026_06_01,,,,page fetched but quote weak,page fetched but quote weak; actor_node_source_urls,partial_despite_some_evidence,enrichment_run=actor_edge_enrichment_deep_existing_types_2026_06_01
G02-0004,EP03-0012,R07-0172,5:5f542910-8dcf-46a9-a77c-dfff0c64ee65:1161995774070921821,articonnex,bt_traeger,HAT_BAUTEILTYP,PARTIAL,PARTIAL,https://articonnex.com/collections/reemploi,https://articonnex.com/collections/reemploi,Ouvert Fermeture à 18:00 Fermé Ouverture à 10:00 Lundi 10h-18h Mardi 10h-18h Mercredi 10h-18h Jeudi 10h-18h Vendredi 10h-18h Samedi Fermé Dimanche Fermé 02 90 73 84 43 vannes@articonnex.com Menu Fermer Matériaux anti-gaspi au meilleur prix Bois sur mesure Aide et contact Favoris Mon compte 0 Panier Arrivages Les essentiels OSB Dalle OSB Panneau OSB OSB 1 OSB 3 OSB 4 OSB par marque OSB par marque Tout voir Par marque OSB Swiss Krono (3) OSB Kronospan (38) OSB par épaisseur OSB par épaisseur Tout ,quality_pass_q04_2026_06_06,r_deep_articonnex__HAT_BAUTEILTYP__bt_traeger,network_json deep enrichment slice (pre-2026-06-02 import),_neo4j/intake/inbox/research/bauteilboerse_network_2026-06-01_project_part_actor_edges.json,f9cf1a8c 2026-06-02 updates,https://articonnex.com/,,actor_edge_enrichment_deep_existing_types_2026_06_01,,,,page fetched but quote weak,page fetched but quote weak; actor_node_source_urls,partial_despite_some_evidence,enrichment_run=actor_edge_enrichment_deep_existing_types_2026_06_01
G02-0005,EP03-0015,R07-0173,5:5f542910-8dcf-46a9-a77c-dfff0c64ee65:1157492174443551326,backacia,bt_daemmung,HAT_BAUTEILTYP,PARTIAL,PARTIAL,https://opalis.eu/fr/fournisseurs/backacia,,,,,network_json slice actor_edge_enrichment_existing_types_2026_06_01,_neo4j/intake/inbox/research/bauteilboerse_network_2026-06-01_project_part_actor_edges.json,f9cf1a8c 2026-06-02 updates,https://opalis.eu/fr/fournisseurs/backacia,,actor_edge_enrichment_existing_types_2026_06_01,,,,page fetched but quote weak,page fetched but quote weak; actor_node_source_urls,url_in_json_no_quote_never_imported_to_graph,edge row in project_part_actor_edges export
G02-0006,EP03-0016,R07-0174,5:5f542910-8dcf-46a9-a77c-dfff0c64ee65:1159743974257236574,backacia,bt_fenster,HAT_BAUTEILTYP,PARTIAL,PARTIAL,https://opalis.eu/fr/fournisseurs/backacia,https://backacia.com/,"Nos produits dans Cloisons et Doublages Tout Vue rapide Disponible du 18/05/2026 au 02/10/2027 Bloc-porte 93x203cm 75017 Paris, France Quantité : 4 U 95,00€ HT/U icon-X ""Fermer (Esc)"" Vue rapide Disponible du 18/05/2026 au 02/10/2027 Bloc-porte tiercé 75017 Paris, France Quantité : 1 U 135,00€ HT/U icon-X ""Fermer (Esc)"" Vue rapide Disponible du 13/07/2026 au 30/09/2026 Ensemble vitrage trempé sans ossature 94250 Gentilly, France Quantité : 66 ml 30,00€ HT/ml icon-X ""Fermer (Esc)"" Vue rapide Disp",quality_pass_q04_2026_06_06,r_backacia__HAT_BAUTEILTYP__bt_fenster,network_json slice actor_edge_enrichment_existing_types_2026_06_01,_neo4j/intake/inbox/research/bauteilboerse_network_2026-06-01_project_part_actor_edges.json,f9cf1a8c 2026-06-02 updates,https://opalis.eu/fr/fournisseurs/backacia,,actor_edge_enrichment_existing_types_2026_06_01,,,,page fetched but quote weak,page fetched but quote weak; actor_node_source_urls,partial_despite_some_evidence,edge row in project_part_actor_edges export
G02-0007,EP03-0017,R07-0068,5:5f542910-8dcf-46a9-a77c-dfff0c64ee65:1155240374629866078,backacia,bt_technik,HAT_BAUTEILTYP,PARTIAL,PARTIAL,https://backacia.com/,https://backacia.com/,"Démarrer un projet Catégories de produits de réemploi : Mobilier intérieur CVC - Chauffage et ventilation Installations sanitaires Revêtements de sols et murs Réseaux électriques et appareils d’éclairage Cloisons et doublages intérieurs Couvertures - Étanchéités - Charpentes - Zingueries Façades et menuiseries extérieures Éléments spécialisés et matériaux divers Backacia propose des matériaux issus du réemploi pour construire durablement : cloisons, sanitaires, luminaires, et plus encore.",quality_pass_q04_2026_06_06,r_backacia__HAT_BAUTEILTYP__bt_technik,network_json slice actor_edge_enrichment_existing_types_2026_06_01,_neo4j/intake/inbox/research/bauteilboerse_network_2026-06-01_project_part_actor_edges.json,f9cf1a8c 2026-06-02 updates,https://opalis.eu/fr/fournisseurs/backacia,,actor_edge_enrichment_existing_types_2026_06_01,,,,page fetched but quote weak,page fetched but quote weak; bauteilboersen_enrichment_json,partial_despite_some_evidence,edge row in project_part_actor_edges export
G02-0008,EP03-0018,R07-0175,5:5f542910-8dcf-46a9-a77c-dfff0c64ee65:1152988574816180830,backacia,bt_wand,HAT_BAUTEILTYP,PARTIAL,PARTIAL,https://opalis.eu/fr/fournisseurs/backacia,https://backacia.com/,"Démarrer un projet Catégories de produits de réemploi : Mobilier intérieur CVC - Chauffage et ventilation Installations sanitaires Revêtements de sols et murs Réseaux électriques et appareils d’éclairage Cloisons et doublages intérieurs Couvertures - Étanchéités - Charpentes - Zingueries Façades et menuiseries extérieures Éléments spécialisés et matériaux divers Backacia propose des matériaux issus du réemploi pour construire durablement : cloisons, sanitaires, luminaires, et plus encore.",quality_pass_q04_2026_06_06,r_backacia__HAT_BAUTEILTYP__bt_wand,network_json slice actor_edge_enrichment_existing_types_2026_06_01,_neo4j/intake/inbox/research/bauteilboerse_network_2026-06-01_project_part_actor_edges.json,f9cf1a8c 2026-06-02 updates,https://opalis.eu/fr/fournisseurs/backacia,,actor_edge_enrichment_existing_types_2026_06_01,,,,page fetched but quote weak,page fetched but quote weak; actor_node_source_urls,partial_despite_some_evidence,edge row in project_part_actor_edges export
G02-0009,EP03-0021,R07-0176,5:5f542910-8dcf-46a9-a77c-dfff0c64ee65:1171002973325662815,baticycle,bt_daemmung,HAT_BAUTEILTYP,PARTIAL,PARTIAL,https://baticycle.fr/,,,,,network_json slice actor_edge_enrichment_existing_types_2026_06_01,_neo4j/intake/inbox/research/bauteilboerse_network_2026-06-01_project_part_actor_edges.json,f9cf1a8c 2026-06-02 updates,https://baticycle.fr/,,actor_edge_enrichment_existing_types_2026_06_01,,,,page fetched but quote weak,page fetched but quote weak; actor_node_source_urls,url_in_json_no_quote_never_imported_to_graph,edge row in project_part_actor_edges export
G02-0010,EP03-0023,R07-0177,5:5f542910-8dcf-46a9-a77c-dfff0c64ee65:1168751173511977567,baticycle,bt_fenster,HAT_BAUTEILTYP,PARTIAL,PARTIAL,https://baticycle.fr/,,,,,network_json slice actor_edge_enrichment_existing_types_2026_06_01,_neo4j/intake/inbox/research/bauteilboerse_network_2026-06-01_project_part_actor_edges.json,f9cf1a8c 2026-06-02 updates,https://baticycle.fr/,,actor_edge_enrichment_existing_types_2026_06_01,,,,page fetched but quote weak,page fetched but quote weak; actor_node_source_urls,url_in_json_no_quote_never_imported_to_graph,edge row in project_part_actor_edges export
G02-0011,EP03-0025,R07-0178,5:5f542910-8dcf-46a9-a77c-dfff0c64ee65:1166499373698292319,baticycle,bt_treppe,HAT_BAUTEILTYP,PARTIAL,PARTIAL,https://baticycle.fr/,,,,,network_json slice actor_edge_enrichment_existing_types_2026_06_01,_neo4j/intake/inbox/research/bauteilboerse_network_2026-06-01_project_part_actor_edges.json,f9cf1a8c 2026-06-02 updates,https://baticycle.fr/,,actor_edge_enrichment_existing_types_2026_06_01,,,,page fetched but quote weak,page fetched but quote weak; actor_node_source_urls,url_in_json_no_quote_never_imported_to_graph,edge row in project_part_actor_edges export
G02-0012,EP03-0038,R07-0179,5:5f542910-8dcf-46a9-a77c-dfff0c64ee65:1155240374629866081,batrecup,bt_fenster,HAT_BAUTEILTYP,PARTIAL,PARTIAL,https://www.batrecup.com/batrecup-lappli-cest-parti,,,,,network_json slice actor_edge_enrichment_existing_types_2026_06_01,_neo4j/intake/inbox/research/bauteilboerse_network_2026-06-01_project_part_actor_edges.json,f9cf1a8c 2026-06-02 updates,https://www.batrecup.com/materiaux-recyclables-et-reemploi/,,actor_edge_enrichment_existing_types_2026_06_01,,,,page fetched but quote weak,page fetched but quote weak; actor_node_source_urls,url_in_json_no_quote_never_imported_to_graph,edge row in project_part_actor_edges export
G02-0013,EP03-0039,R07-0180,5:5f542910-8dcf-46a9-a77c-dfff0c64ee65:1152988574816180833,batrecup,bt_tuer,HAT_BAUTEILTYP,PARTIAL,PARTIAL,https://www.batrecup.com/batrecup-lappli-cest-parti,,,,,network_json slice actor_edge_enrichment_existing_types_2026_06_01,_neo4j/intake/inbox/research/bauteilboerse_network_2026-06-01_project_part_actor_edges.json,f9cf1a8c 2026-06-02 updates,https://www.batrecup.com/materiaux-recyclables-et-reemploi/,,actor_edge_enrichment_existing_types_2026_06_01,,,,page fetched but quote weak,page fetched but quote weak; actor_node_source_urls,url_in_json_no_quote_never_imported_to_graph,edge row in project_part_actor_edges export
G02-0014,EP03-0062,R07-0181,5:5f542910-8dcf-46a9-a77c-dfff0c64ee65:1168751173511972881,bauteilboerse_basel_overall,bt_dach,HAT_BAUTEILTYP,PARTIAL,PARTIAL,https://bauteilboerse-basel.ch/ueber-uns/,,,,,network_json slice actor_edge_enrichment_existing_types_2026_06_01,_neo4j/intake/inbox/research/bauteilboerse_network_2026-06-01_project_part_actor_edges.json,f9cf1a8c 2026-06-02 updates,https://bauteilboerse-basel.ch/bauteile/,,actor_edge_enrichment_existing_types_2026_06_01,,,,page fetched but quote weak,page fetched but quote weak; actor_node_source_urls,url_in_json_no_quote_never_imported_to_graph,edge row in project_part_actor_edges export
G02-0015,EP03-0063,R07-0182,5:5f542910-8dcf-46a9-a77c-dfff0c64ee65:1166499373698287633,bauteilboerse_basel_overall,bt_decke,HAT_BAUTEILTYP,PARTIAL,PARTIAL,https://bauteilboerse-basel.ch/ueber-uns/,,,,,network_json slice actor_edge_enrichment_existing_types_2026_06_01,_neo4j/intake/inbox/research/bauteilboerse_network_2026-06-01_project_part_actor_edges.json,f9cf1a8c 2026-06-02 updates,https://bauteilboerse-basel.ch/bauteile/,,actor_edge_enrichment_existing_types_2026_06_01,,,,page fetched but quote weak,page fetched but quote weak; actor_node_source_urls,url_in_json_no_quote_never_imported_to_graph,edge row in project_part_actor_edges export
G02-0016,EP03-0065,R07-0183,5:5f542910-8dcf-46a9-a77c-dfff0c64ee65:1171002973325658129,bauteilboerse_basel_overall,bt_gelaender,HAT_BAUTEILTYP,PARTIAL,PARTIAL,https://bauteilboerse-basel.ch/ueber-uns/,,,,,network_json slice actor_edge_enrichment_existing_types_2026_06_01,_neo4j/intake/inbox/research/bauteilboerse_network_2026-06-01_project_part_actor_edges.json,f9cf1a8c 2026-06-02 updates,https://bauteilboerse-basel.ch/bauteile/,,actor_edge_enrichment_existing_types_2026_06_01,,,,page fetched but quote weak,page fetched but quote weak; actor_node_source_urls,url_in_json_no_quote_never_imported_to_graph,edge row in project_part_actor_edges export
G02-0017,EP03-0067,R07-0184,5:5f542910-8dcf-46a9-a77c-dfff0c64ee65:1173254773139343377,bauteilboerse_basel_overall,bt_traeger,HAT_BAUTEILTYP,PARTIAL,PARTIAL,https://bauteilboerse-basel.ch/ueber-uns/,,,,,network_json slice actor_edge_enrichment_existing_types_2026_06_01,_neo4j/intake/inbox/research/bauteilboerse_network_2026-06-01_project_part_actor_edges.json,f9cf1a8c 2026-06-02 updates,https://bauteilboerse-basel.ch/bauteile/,,actor_edge_enrichment_existing_types_2026_06_01,,,,page fetched but quote weak,page fetched but quote weak; actor_node_source_urls,url_in_json_no_quote_never_imported_to_graph,edge row in project_part_actor_edges export
G02-0018,EP03-0068,R07-0185,5:5f542910-8dcf-46a9-a77c-dfff0c64ee65:1161995774070917137,bauteilboerse_basel_overall,bt_tuer,HAT_BAUTEILTYP,PARTIAL,PARTIAL,https://bauteilboerse-basel.ch/ueber-uns/,,,,,network_json slice actor_edge_enrichment_existing_types_2026_06_01,_neo4j/intake/inbox/research/bauteilboerse_network_2026-06-01_project_part_actor_edges.json,f9cf1a8c 2026-06-02 updates,https://bauteilboerse-basel.ch/bauteile/,,actor_edge_enrichment_existing_types_2026_06_01,,,,page fetched but quote weak,page fetched but quote weak; actor_node_source_urls,url_in_json_no_quote_never_imported_to_graph,edge row in project_part_actor_edges export
G02-0019,EP03-0069,R07-0186,5:5f542910-8dcf-46a9-a77c-dfff0c64ee65:1164247573884602385,bauteilboerse_basel_overall,bt_wand,HAT_BAUTEILTYP,PARTIAL,PARTIAL,https://bauteilboerse-basel.ch/ueber-uns/,,,,,network_json slice actor_edge_enrichment_existing_types_2026_06_01,_neo4j/intake/inbox/research/bauteilboerse_network_2026-06-01_project_part_actor_edges.json,f9cf1a8c 2026-06-02 updates,https://bauteilboerse-basel.ch/bauteile/,,actor_edge_enrichment_existing_types_2026_06_01,,,,page fetched but quote weak,page fetched but quote weak; actor_node_source_urls,url_in_json_no_quote_never_imported_to_graph,edge row in project_part_actor_edges export
G02-0020,EP03-0071,R07-0187,5:5f542910-8dcf-46a9-a77c-dfff0c64ee65:1161995774070888933,bauteilboerse_bremen,bt_fassade,HAT_BAUTEILTYP,PARTIAL,PARTIAL,https://www.bauteilboerse-bremen.de/start,https://www.bauteilboerse-bremen.de/start,Start Toggle navigation bauteilbörse bremen --> Start Katalog Fenster Türen Hof & Garten Böden & Treppen Wände & Innenraum Sanitär & Heizung Elektro Schätze & Upcycling Dach & Fassade Suche Merkzettel Die Idee Über uns Vereine Aktuelles Film der Bundesstiftung Bauakademie Kontakt Merkzettel Suche --> Willkommen in der bauteilbörse bremen!,quality_pass_q04_2026_06_06,r_deep_bauteilboerse_bremen__HAT_BAUTEILTYP__bt_fassade,network_json deep enrichment slice (pre-2026-06-02 import),_neo4j/intake/inbox/research/bauteilboerse_network_2026-06-01_project_part_actor_edges.json,f9cf1a8c 2026-06-02 updates,https://www.bauteilboerse-bremen.de/,,actor_edge_enrichment_deep_existing_types_2026_06_01,,,,page fetched but quote weak,page fetched but quote weak; actor_node_source_urls,partial_despite_some_evidence,enrichment_run=actor_edge_enrichment_deep_existing_types_2026_06_01
G02-0021,EP03-0073,R07-0071,5:5f542910-8dcf-46a9-a77c-dfff0c64ee65:1166499373698259429,bauteilboerse_bremen,bt_gelaender,HAT_BAUTEILTYP,PARTIAL,PARTIAL,https://www.bauteilboerse-bremen.de/start,https://www.bauteilboerse-bremen.de/katalog,Aber auch Balkongeländer sind manchmal vorrätig.,quality_pass_q04_2026_06_06,r_deeper_bauteilboerse_bremen__HAT_BAUTEILTYP__bt_gelaender,network_json deeper node-types slice,_neo4j/intake/inbox/research/bauteilboerse_network_2026-06-01_project_part_actor_edges.json,f9cf1a8c 2026-06-02 updates,https://www.bauteilboerse-bremen.de/start,,edge_enrichment_deeper_existing_node_types_2026_06_01,,,,page fetched but quote weak,page fetched but quote weak; bauteilboersen_enrichment_json,partial_despite_some_evidence,enrichment_run=edge_enrichment_deeper_existing_node_types_2026_06_01
G02-0022,EP03-0074,R07-0072,5:5f542910-8dcf-46a9-a77c-dfff0c64ee65:1152988574816147941,bauteilboerse_bremen,bt_technik,HAT_BAUTEILTYP,PARTIAL,PARTIAL,https://www.bauteilboerse-bremen.de/start,,,quality_pass_q04_2026_06_06,r_deep_bauteilboerse_bremen__HAT_BAUTEILTYP__bt_technik,network_json deep enrichment slice (pre-2026-06-02 import),_neo4j/intake/inbox/research/bauteilboerse_network_2026-06-01_project_part_actor_edges.json,f9cf1a8c 2026-06-02 updates,https://www.bauteilboerse-bremen.de/,,actor_edge_enrichment_deep_existing_types_2026_06_01,,,,page fetched but quote weak,page fetched but quote weak; bauteilboersen_enrichment_json,url_in_json_no_quote_never_imported_to_graph,enrichment_run=actor_edge_enrichment_deep_existing_types_2026_06_01
G02-0023,EP03-0098,R07-0084,5:5f542910-8dcf-46a9-a77c-dfff0c64ee65:1161995774070888934,bauteilnetz_deutschland,bt_technik,HAT_BAUTEILTYP,PARTIAL,PARTIAL,http://www.bauteilnetz.de/bauteilnetz/website/stdws_adresse/bauteilboersen.html,,,quality_pass_q04_2026_06_06,r_bauteilnetz_deutschland__HAT_BAUTEILTYP__bt_technik,network_json slice actor_edge_enrichment_existing_types_2026_06_01,_neo4j/intake/inbox/research/bauteilboerse_network_2026-06-01_project_part_actor_edges.json,f9cf1a8c 2026-06-02 updates,https://www.dbu.de/projektbeispiele/das-bauteilnetz-deutschland/,,actor_edge_enrichment_existing_types_2026_06_01,,,,page fetched but quote weak,page fetched but quote weak; bauteilboersen_enrichment_json,url_in_json_no_quote_never_imported_to_graph,edge row in project_part_actor_edges export
G02-0024,EP03-0099,R07-0085,5:5f542910-8dcf-46a9-a77c-dfff0c64ee65:1159743974257203686,bauteilnetz_deutschland,bt_tuer,HAT_BAUTEILTYP,PARTIAL,PARTIAL,http://www.bauteilnetz.de/bauteilnetz/website/stdws_adresse/bauteilboersen.html,http://www.bauteilnetz.de/bauteilnetz/website/stdws_adresse/bauteilboersen.html,Reinhard Loske zum Bauteilkatalog zum Bauteilkatalog Die Idee Ziele Nachhaltigkeit lernen Meinungen Beratung und Angebote Der Bundesverband Aktivitäten Vereinssatzung Aktuelles Veranstaltungen Handlungsleitfaden Dokumentation Planen und Bauen Aktionstagebuch Wissenswertes Pressespiegel DBU-Projekt Bauteilbörsen Verzeichnis Historisches Baumaterial European Circle Unterstützer*innen Planer*innen Energieagenturen Entsorgungsbetriebe Handwerk Institute Verbände Materialprüfungen Impressum Regionale,quality_pass_q04_2026_06_06,r_bauteilnetz_deutschland__HAT_BAUTEILTYP__bt_tuer,network_json slice actor_edge_enrichment_existing_types_2026_06_01,_neo4j/intake/inbox/research/bauteilboerse_network_2026-06-01_project_part_actor_edges.json,f9cf1a8c 2026-06-02 updates,https://www.dbu.de/projektbeispiele/das-bauteilnetz-deutschland/,,actor_edge_enrichment_existing_types_2026_06_01,,,,page fetched but quote weak,page fetched but quote weak; bauteilboersen_enrichment_json,partial_despite_some_evidence,edge row in project_part_actor_edges export
G02-0025,EP03-0569,R07-0188,5:5f542910-8dcf-46a9-a77c-dfff0c64ee65:1166499373698287635,btvz_zuerichsee_oberland,bt_ausbau,HAT_BAUTEILTYP,PARTIAL,PARTIAL,https://www.btvz.ch/suchliste/,https://www.btvz.ch/portraet/,Der Ausbau erfolgt durch das Team der Stiftung Chance.,quality_pass_q04_2026_06_06,r_btvz_zuerichsee_oberland__HAT_BAUTEILTYP__bt_ausbau,network_json slice actor_edge_enrichment_existing_types_2026_06_01,_neo4j/intake/inbox/research/bauteilboerse_network_2026-06-01_project_part_actor_edges.json,f9cf1a8c 2026-06-02 updates,https://www.btvz.ch/portraet/,,actor_edge_enrichment_existing_types_2026_06_01,,,,page fetched but quote weak,page fetched but quote weak; actor_node_source_urls,partial_despite_some_evidence,edge row in project_part_actor_edges export
G02-0026,EP03-0570,R07-0189,5:5f542910-8dcf-46a9-a77c-dfff0c64ee65:1164247573884602387,btvz_zuerichsee_oberland,bt_boden,HAT_BAUTEILTYP,PARTIAL,PARTIAL,https://www.btvz.ch/suchliste/,,,,,network_json slice actor_edge_enrichment_existing_types_2026_06_01,_neo4j/intake/inbox/research/bauteilboerse_network_2026-06-01_project_part_actor_edges.json,f9cf1a8c 2026-06-02 updates,https://www.btvz.ch/portraet/,,actor_edge_enrichment_existing_types_2026_06_01,,,,page fetched but quote weak,page fetched but quote weak; actor_node_source_urls,url_in_json_no_quote_never_imported_to_graph,edge row in project_part_actor_edges export
G02-0027,EP03-0576,R07-0190,5:5f542910-8dcf-46a9-a77c-dfff0c64ee65:1171002973325662818,building_spares_market,bt_ausbau,HAT_BAUTEILTYP,PARTIAL,PARTIAL,https://buildingsparesmarket.co.uk/advert-category/general-building-materials,,,,,network_json slice actor_edge_enrichment_existing_types_2026_06_01,_neo4j/intake/inbox/research/bauteilboerse_network_2026-06-01_project_part_actor_edges.json,f9cf1a8c 2026-06-02 updates,https://buildingsparesmarket.co.uk/,,actor_edge_enrichment_existing_types_2026_06_01,,,,page fetched but quote weak,page fetched but quote weak; actor_node_source_urls,url_in_json_no_quote_never_imported_to_graph,edge row in project_part_actor_edges export
G02-0028,EP03-0581,R07-0191,5:5f542910-8dcf-46a9-a77c-dfff0c64ee65:1168751173511977570,building_spares_market,bt_technik,HAT_BAUTEILTYP,PARTIAL,PARTIAL,https://buildingsparesmarket.co.uk/advert-category/general-building-materials,https://buildingsparesmarket.co.uk/,"Register here Spare building material categories Architectural Salvage and Antiques Building Site Equipment Doors, Windows and Joinery Everything Else Free Items General Building Materials Insulation Kitchens, Interiors and Flooring Landscaping, Fencing and Groundworks Painting and Decorating Plasterboard and Plastering Supplies Plumbing, Heating and Bathrooms Roofing Supplies and External Fixtures Timber and Sheet Materials Top Picks Category Buy building materials Nice things near you Register",quality_pass_q04_2026_06_06,r_building_spares_market__HAT_BAUTEILTYP__bt_technik,network_json slice actor_edge_enrichment_existing_types_2026_06_01,_neo4j/intake/inbox/research/bauteilboerse_network_2026-06-01_project_part_actor_edges.json,f9cf1a8c 2026-06-02 updates,https://buildingsparesmarket.co.uk/,,actor_edge_enrichment_existing_types_2026_06_01,,,,page fetched but quote weak,page fetched but quote weak; actor_node_source_urls,partial_despite_some_evidence,edge row in project_part_actor_edges export
G02-0029,EP03-0585,R07-0192,5:5f542910-8dcf-46a9-a77c-dfff0c64ee65:1155240374629831783,cleveland_steel_tubes,bt_stuetze,HAT_BAUTEILTYP,PARTIAL,PARTIAL,https://cleveland-steel.com/,,,,,network_json slice actor_edge_enrichment_deep_existing_types_2026_06_01,_neo4j/intake/inbox/research/bauteilboerse_network_2026-06-01_project_part_actor_edges.json,f9cf1a8c 2026-06-02 updates,https://www.cleveland-steel.com/,,actor_edge_enrichment_deep_existing_types_2026_06_01,,,,page fetched but quote weak,page fetched but quote weak; actor_node_source_urls,url_in_json_no_quote_never_imported_to_graph,edge row in project_part_actor_edges export
G02-0030,EP03-0586,R07-0193,5:5f542910-8dcf-46a9-a77c-dfff0c64ee65:1152988574816146535,cleveland_steel_tubes,bt_traeger,HAT_BAUTEILTYP,PARTIAL,PARTIAL,https://cleveland-steel.com/,,,,,network_json slice actor_edge_enrichment_deep_existing_types_2026_06_01,_neo4j/intake/inbox/research/bauteilboerse_network_2026-06-01_project_part_actor_edges.json,f9cf1a8c 2026-06-02 updates,https://www.cleveland-steel.com/,,actor_edge_enrichment_deep_existing_types_2026_06_01,,,,page fetched but quote weak,page fetched but quote weak; actor_node_source_urls,url_in_json_no_quote_never_imported_to_graph,edge row in project_part_actor_edges export
G02-0031,EP03-0587,R07-0194,5:5f542910-8dcf-46a9-a77c-dfff0c64ee65:1161995774070888877,concular,bt_ausbau,HAT_BAUTEILTYP,PARTIAL,PARTIAL,https://concular.de/urban-mining/,https://concular.de/urban-mining/,Kreislaufgerechte Büroausstattung Komplettservice Ausbau-Einbau-Reporting 5 Jahre Hersteller-Garantie Über 1.000 erfolgreiche Projekte und Millionen Materialien im Kreislauf geführt – die #1 für zirkuläre Immobilien.,quality_pass_q04_2026_06_06,r_deep_concular__HAT_BAUTEILTYP__bt_ausbau,network_json deep enrichment slice (pre-2026-06-02 import),_neo4j/intake/inbox/research/bauteilboerse_network_2026-06-01_project_part_actor_edges.json,f9cf1a8c 2026-06-02 updates,https://concular.shop/,,actor_edge_enrichment_deep_existing_types_2026_06_01,,,,page fetched but quote weak,page fetched but quote weak; actor_node_source_urls,partial_despite_some_evidence,enrichment_run=actor_edge_enrichment_deep_existing_types_2026_06_01
G02-0032,EP03-0588,R07-0195,5:5f542910-8dcf-46a9-a77c-dfff0c64ee65:1157492174443518381,concular,bt_boden,HAT_BAUTEILTYP,PARTIAL,PARTIAL,https://concular.de/urban-mining/,https://concular.de/urban-mining/,"Statt Ressourcen zu entsorgen, werden Bauteile wie Stahl, Holz, Fenster oder Böden erfasst, bewertet und wiederverwendet – für ein zirkuläres, ressourcenschonendes Bauen.",quality_pass_q04_2026_06_06,r_deep_concular__HAT_BAUTEILTYP__bt_boden,network_json deep enrichment slice (pre-2026-06-02 import),_neo4j/intake/inbox/research/bauteilboerse_network_2026-06-01_project_part_actor_edges.json,f9cf1a8c 2026-06-02 updates,https://concular.shop/,,actor_edge_enrichment_deep_existing_types_2026_06_01,,,,page fetched but quote weak,page fetched but quote weak; actor_node_source_urls,partial_despite_some_evidence,enrichment_run=actor_edge_enrichment_deep_existing_types_2026_06_01
G02-0033,EP03-0589,R07-0196,5:5f542910-8dcf-46a9-a77c-dfff0c64ee65:1173254773139315117,concular,bt_dach,HAT_BAUTEILTYP,PARTIAL,PARTIAL,https://concular.de/urban-mining/,,,,,network_json slice actor_edge_enrichment_deep_existing_types_2026_06_01,_neo4j/intake/inbox/research/bauteilboerse_network_2026-06-01_project_part_actor_edges.json,f9cf1a8c 2026-06-02 updates,https://concular.shop/,,actor_edge_enrichment_deep_existing_types_2026_06_01,,,,page fetched but quote weak,page fetched but quote weak; actor_node_source_urls,url_in_json_no_quote_never_imported_to_graph,edge row in project_part_actor_edges export
G02-0034,EP03-0590,R07-0197,5:5f542910-8dcf-46a9-a77c-dfff0c64ee65:1175506572953000365,concular,bt_daemmung,HAT_BAUTEILTYP,PARTIAL,PARTIAL,https://concular.de/urban-mining/,,,,,network_json slice actor_edge_enrichment_deep_existing_types_2026_06_01,_neo4j/intake/inbox/research/bauteilboerse_network_2026-06-01_project_part_actor_edges.json,f9cf1a8c 2026-06-02 updates,https://concular.shop/,,actor_edge_enrichment_deep_existing_types_2026_06_01,,,,page fetched but quote weak,page fetched but quote weak; actor_node_source_urls,url_in_json_no_quote_never_imported_to_graph,edge row in project_part_actor_edges export
G02-0035,EP03-0591,R07-0198,5:5f542910-8dcf-46a9-a77c-dfff0c64ee65:1159743974257203629,concular,bt_decke,HAT_BAUTEILTYP,PARTIAL,PARTIAL,https://concular.de/urban-mining/,https://concular.de/urban-mining/,"Zu den gefragtesten Materialien im Urban Mining zählen Türen und Zargen, Fenster und Glaselemente, Bodenbeläge (Parkett, Naturstein, Teppich), Stahlträger und Metallkonstruktionen, abgehängte Decken und Trennwandsysteme sowie Sanitär- und Elektroanlagen.",quality_pass_q04_2026_06_06,r_deep_concular__HAT_BAUTEILTYP__bt_decke,network_json deep enrichment slice (pre-2026-06-02 import),_neo4j/intake/inbox/research/bauteilboerse_network_2026-06-01_project_part_actor_edges.json,f9cf1a8c 2026-06-02 updates,https://concular.shop/,,actor_edge_enrichment_deep_existing_types_2026_06_01,,,,page fetched but quote weak,page fetched but quote weak; actor_node_source_urls,partial_despite_some_evidence,enrichment_run=actor_edge_enrichment_deep_existing_types_2026_06_01
G02-0036,EP03-0592,R07-0199,5:5f542910-8dcf-46a9-a77c-dfff0c64ee65:1164247573884574125,concular,bt_fassade,HAT_BAUTEILTYP,PARTIAL,PARTIAL,https://concular.de/urban-mining/,,,,,network_json slice actor_edge_enrichment_deep_existing_types_2026_06_01,_neo4j/intake/inbox/research/bauteilboerse_network_2026-06-01_project_part_actor_edges.json,f9cf1a8c 2026-06-02 updates,https://concular.shop/,,actor_edge_enrichment_deep_existing_types_2026_06_01,,,,page fetched but quote weak,page fetched but quote weak; actor_node_source_urls,url_in_json_no_quote_never_imported_to_graph,edge row in project_part_actor_edges export
G02-0037,EP03-0593,R07-0200,5:5f542910-8dcf-46a9-a77c-dfff0c64ee65:1155240374629833133,concular,bt_fenster,HAT_BAUTEILTYP,PARTIAL,PARTIAL,https://concular.de/urban-mining/,https://concular.de/urban-mining/,"Konkret bedeutet Urban Mining im Bauwesen: Türen, Fenster, Bodenbeläge, Stahlträger, Fassadenelemente oder Dämmstoffe werden vor dem Rückbau digital erfasst, auf ihre Wiederverwendbarkeit geprüft und anschließend gezielt ausgebaut.",quality_pass_q04_2026_06_06,r_deep_concular__HAT_BAUTEILTYP__bt_fenster,network_json deep enrichment slice (pre-2026-06-02 import),_neo4j/intake/inbox/research/bauteilboerse_network_2026-06-01_project_part_actor_edges.json,f9cf1a8c 2026-06-02 updates,https://concular.shop/,,actor_edge_enrichment_deep_existing_types_2026_06_01,,,,page fetched but quote weak,page fetched but quote weak; actor_node_source_urls,partial_despite_some_evidence,enrichment_run=actor_edge_enrichment_deep_existing_types_2026_06_01
G02-0038,EP03-0594,R07-0201,5:5f542910-8dcf-46a9-a77c-dfff0c64ee65:1166499373698259373,concular,bt_technik,HAT_BAUTEILTYP,PARTIAL,PARTIAL,https://concular.de/urban-mining/,,,,,network_json slice actor_edge_enrichment_deep_existing_types_2026_06_01,_neo4j/intake/inbox/research/bauteilboerse_network_2026-06-01_project_part_actor_edges.json,f9cf1a8c 2026-06-02 updates,https://concular.shop/,,actor_edge_enrichment_deep_existing_types_2026_06_01,,,,page fetched but quote weak,page fetched but quote weak; actor_node_source_urls,url_in_json_no_quote_never_imported_to_graph,edge row in project_part_actor_edges export
G02-0039,EP03-0595,R07-0202,5:5f542910-8dcf-46a9-a77c-dfff0c64ee65:1171002973325629869,concular,bt_traeger,HAT_BAUTEILTYP,PARTIAL,PARTIAL,https://concular.de/urban-mining/,,,,,network_json slice actor_edge_enrichment_deep_existing_types_2026_06_01,_neo4j/intake/inbox/research/bauteilboerse_network_2026-06-01_project_part_actor_edges.json,f9cf1a8c 2026-06-02 updates,https://concular.shop/,,actor_edge_enrichment_deep_existing_types_2026_06_01,,,,page fetched but quote weak,page fetched but quote weak; actor_node_source_urls,url_in_json_no_quote_never_imported_to_graph,edge row in project_part_actor_edges export
G02-0040,EP03-0596,R07-0203,5:5f542910-8dcf-46a9-a77c-dfff0c64ee65:1177758372766685613,concular,bt_treppe,HAT_BAUTEILTYP,PARTIAL,PARTIAL,https://concular.de/urban-mining/,,,,,network_json slice actor_edge_enrichment_deep_existing_types_2026_06_01,_neo4j/intake/inbox/research/bauteilboerse_network_2026-06-01_project_part_actor_edges.json,f9cf1a8c 2026-06-02 updates,https://concular.shop/,,actor_edge_enrichment_deep_existing_types_2026_06_01,,,,page fetched but quote weak,page fetched but quote weak; actor_node_source_urls,url_in_json_no_quote_never_imported_to_graph,edge row in project_part_actor_edges export
G02-0041,EP03-0597,R07-0204,5:5f542910-8dcf-46a9-a77c-dfff0c64ee65:1152988574816147885,concular,bt_tuer,HAT_BAUTEILTYP,PARTIAL,PARTIAL,https://concular.de/urban-mining/,,,,,network_json slice actor_edge_enrichment_deep_existing_types_2026_06_01,_neo4j/intake/inbox/research/bauteilboerse_network_2026-06-01_project_part_actor_edges.json,f9cf1a8c 2026-06-02 updates,https://concular.shop/,,actor_edge_enrichment_deep_existing_types_2026_06_01,,,,page fetched but quote weak,page fetched but quote weak; actor_node_source_urls,url_in_json_no_quote_never_imported_to_graph,edge row in project_part_actor_edges export
G02-0042,EP03-0598,R07-0205,5:5f542910-8dcf-46a9-a77c-dfff0c64ee65:1168751173511944621,concular,bt_wand,HAT_BAUTEILTYP,PARTIAL,PARTIAL,https://concular.de/urban-mining/,,,,,network_json slice actor_edge_enrichment_deep_existing_types_2026_06_01,_neo4j/intake/inbox/research/bauteilboerse_network_2026-06-01_project_part_actor_edges.json,f9cf1a8c 2026-06-02 updates,https://concular.shop/,,actor_edge_enrichment_deep_existing_types_2026_06_01,,,,page fetched but quote weak,page fetched but quote weak; actor_node_source_urls,url_in_json_no_quote_never_imported_to_graph,edge row in project_part_actor_edges export
G02-0043,EP03-0610,R07-0206,5:5f542910-8dcf-46a9-a77c-dfff0c64ee65:1157492174443551334,enviromate,bt_dach,HAT_BAUTEILTYP,PARTIAL,PARTIAL,https://www.enviromate.co.uk/,,,,,network_json slice actor_edge_enrichment_deep_existing_types_2026_06_01,_neo4j/intake/inbox/research/bauteilboerse_network_2026-06-01_project_part_actor_edges.json,f9cf1a8c 2026-06-02 updates,https://www.enviromate.co.uk/,,actor_edge_enrichment_deep_existing_types_2026_06_01,,,,page fetched but quote weak,page fetched but quote weak; actor_node_source_urls,url_in_json_no_quote_never_imported_to_graph,edge row in project_part_actor_edges export
G02-0044,EP03-0621,R07-0092,5:5f542910-8dcf-46a9-a77c-dfff0c64ee65:1166499373698292327,genbyg,bt_ausbau,HAT_BAUTEILTYP,PARTIAL,PARTIAL,https://genbyg.dk/,,,quality_pass_q04_2026_06_06,r_genbyg__HAT_BAUTEILTYP__bt_ausbau,network_json slice actor_edge_enrichment_existing_types_2026_06_01,_neo4j/intake/inbox/research/bauteilboerse_network_2026-06-01_project_part_actor_edges.json,f9cf1a8c 2026-06-02 updates,https://genbyg.dk/,,actor_edge_enrichment_existing_types_2026_06_01,,,,page fetched but quote weak,page fetched but quote weak; bauteilboersen_enrichment_json,url_in_json_no_quote_never_imported_to_graph,edge row in project_part_actor_edges export
G02-0045,EP03-0623,R07-0207,5:5f542910-8dcf-46a9-a77c-dfff0c64ee65:1161995774070921831,genbyg,bt_dach,HAT_BAUTEILTYP,PARTIAL,PARTIAL,https://genbyg.dk/,,,,,network_json slice actor_edge_enrichment_existing_types_2026_06_01,_neo4j/intake/inbox/research/bauteilboerse_network_2026-06-01_project_part_actor_edges.json,f9cf1a8c 2026-06-02 updates,https://genbyg.dk/,,actor_edge_enrichment_existing_types_2026_06_01,,,,page fetched but quote weak,page fetched but quote weak; actor_node_source_urls,url_in_json_no_quote_never_imported_to_graph,edge row in project_part_actor_edges export
G02-0046,EP03-0627,R07-0208,5:5f542910-8dcf-46a9-a77c-dfff0c64ee65:1164247573884607079,genbyg,bt_wand,HAT_BAUTEILTYP,PARTIAL,PARTIAL,https://genbyg.dk/,,,,,network_json slice actor_edge_enrichment_existing_types_2026_06_01,_neo4j/intake/inbox/research/bauteilboerse_network_2026-06-01_project_part_actor_edges.json,f9cf1a8c 2026-06-02 updates,https://genbyg.dk/,,actor_edge_enrichment_existing_types_2026_06_01,,,,page fetched but quote weak,page fetched but quote weak; actor_node_source_urls,url_in_json_no_quote_never_imported_to_graph,edge row in project_part_actor_edges export
G02-0047,EP03-0640,R07-0209,5:5f542910-8dcf-46a9-a77c-dfff0c64ee65:1155240374629831782,heyne_tillett_steel,bt_stuetze,HAT_BAUTEILTYP,PARTIAL,PARTIAL,https://hts.uk.com/practice/,https://hts.uk.com/practice/,"We offer programs to support different routes into the industry including mentorship, apprenticeships and internships for individuals from underrepresented groups.",quality_pass_q04_2026_06_06,r_deeper_heyne_tillett_steel__HAT_BAUTEILTYP__bt_stuetze,network_json deeper node-types slice,_neo4j/intake/inbox/research/bauteilboerse_network_2026-06-01_project_part_actor_edges.json,f9cf1a8c 2026-06-02 updates,https://ukgbc.org/resources/reused-steel-stockmatcher/,,edge_enrichment_deeper_existing_node_types_2026_06_01,,,,page fetched but quote weak,page fetched but quote weak; actor_node_source_urls,partial_despite_some_evidence,enrichment_run=edge_enrichment_deeper_existing_node_types_2026_06_01
G02-0048,EP03-0641,R07-0210,5:5f542910-8dcf-46a9-a77c-dfff0c64ee65:1152988574816146534,heyne_tillett_steel,bt_traeger,HAT_BAUTEILTYP,PARTIAL,PARTIAL,https://hts.uk.com/practice/,,,,,network_json slice edge_enrichment_deeper_existing_node_types_2026_06_01,_neo4j/intake/inbox/research/bauteilboerse_network_2026-06-01_project_part_actor_edges.json,f9cf1a8c 2026-06-02 updates,https://ukgbc.org/resources/reused-steel-stockmatcher/,,edge_enrichment_deeper_existing_node_types_2026_06_01,,,,page fetched but quote weak,page fetched but quote weak; actor_node_source_urls,url_in_json_no_quote_never_imported_to_graph,edge row in project_part_actor_edges export
G02-0049,EP03-0655,R07-0211,5:5f542910-8dcf-46a9-a77c-dfff0c64ee65:1155240374629866093,materialenbank_leuven_atelier_circuler,bt_boden,HAT_BAUTEILTYP,PARTIAL,PARTIAL,https://pers.leuven.be/de-leuvense-materialenbank-redt-470-ton-materialen-in-2025-recordjaar-voor-circulaire-economie,,,,,network_json slice actor_edge_enrichment_existing_types_2026_06_01,_neo4j/intake/inbox/research/bauteilboerse_network_2026-06-01_project_part_actor_edges.json,f9cf1a8c 2026-06-02 updates,https://www.vvsg.be/kennis/praktijken/praktijkendatabank/materialenbank-leuven,,actor_edge_enrichment_existing_types_2026_06_01,,,,page fetched but quote weak,page fetched but quote weak; actor_node_source_urls,url_in_json_no_quote_never_imported_to_graph,edge row in project_part_actor_edges export
G02-0050,EP03-0658,R07-0212,5:5f542910-8dcf-46a9-a77c-dfff0c64ee65:1164247573884607085,materialenbank_leuven_atelier_circuler,bt_fenster,HAT_BAUTEILTYP,PARTIAL,PARTIAL,https://pers.leuven.be/de-leuvense-materialenbank-redt-470-ton-materialen-in-2025-recordjaar-voor-circulaire-economie,,,,,network_json slice actor_edge_enrichment_existing_types_2026_06_01,_neo4j/intake/inbox/research/bauteilboerse_network_2026-06-01_project_part_actor_edges.json,f9cf1a8c 2026-06-02 updates,https://www.vvsg.be/kennis/praktijken/praktijkendatabank/materialenbank-leuven,,actor_edge_enrichment_existing_types_2026_06_01,,,,page fetched but quote weak,page fetched but quote weak; actor_node_source_urls,url_in_json_no_quote_never_imported_to_graph,edge row in project_part_actor_edges export
G02-0051,EP03-0661,R07-0213,5:5f542910-8dcf-46a9-a77c-dfff0c64ee65:1166499373698292333,materialenbank_leuven_atelier_circuler,bt_tuer,HAT_BAUTEILTYP,PARTIAL,PARTIAL,https://pers.leuven.be/de-leuvense-materialenbank-redt-470-ton-materialen-in-2025-recordjaar-voor-circulaire-economie,https://pers.leuven.be/de-leuvense-materialenbank-redt-470-ton-materialen-in-2025-recordjaar-voor-circulaire-economie,"Downloaden Thomas Van Oppens schepen van klimaat & duurzaamheid, financiën, afvalbeleid en digitalisering van de stad Leuven thomas.vanoppens@leuven.be 0494 94 01 67 016 27 41 70 August Smessaert coördinator Materialenbank august@ateliercirculer.be Eva Soetaert co-manager Atelier Circuler eva@ateliercirculer.be 0469 14 28 03 Lieve Van Espen Beleidsadviseur circulaire economie Lieve.VanEspen@leuven.be 016 27 23 48 Share Download assets Persberichten in je mailbox E-mailadres Inschrijven Door op """,quality_pass_q04_2026_06_06,r_materialenbank_leuven_atelier_circuler__HAT_BAUTEILTYP__bt_tuer,network_json slice actor_edge_enrichment_existing_types_2026_06_01,_neo4j/intake/inbox/research/bauteilboerse_network_2026-06-01_project_part_actor_edges.json,f9cf1a8c 2026-06-02 updates,https://www.vvsg.be/kennis/praktijken/praktijkendatabank/materialenbank-leuven,,actor_edge_enrichment_existing_types_2026_06_01,,,,page fetched but quote weak,page fetched but quote weak; actor_node_source_urls,partial_despite_some_evidence,edge row in project_part_actor_edges export
G02-0052,EP03-0672,R07-0214,5:5f542910-8dcf-46a9-a77c-dfff0c64ee65:1155240374629827162,new_horizon_urban_mining,bt_boden,HAT_BAUTEILTYP,PARTIAL,PARTIAL,https://www.circonl.nl/case/urban-mining-new-horizon/,,,,,network_json slice actor_edge_enrichment_deep_existing_types_2026_06_01,_neo4j/intake/inbox/research/bauteilboerse_network_2026-06-01_project_part_actor_edges.json,f9cf1a8c 2026-06-02 updates,https://www.jajo.com/en/companies/new-horizon/,,actor_edge_enrichment_deep_existing_types_2026_06_01,,,,page fetched but quote weak,page fetched but quote weak; actor_node_source_urls,url_in_json_no_quote_never_imported_to_graph,edge row in project_part_actor_edges export
G02-0053,EP03-0673,R07-0215,5:5f542910-8dcf-46a9-a77c-dfff0c64ee65:1152988574816141914,new_horizon_urban_mining,bt_fenster,HAT_BAUTEILTYP,PARTIAL,PARTIAL,https://www.circonl.nl/case/urban-mining-new-horizon/,,,,,network_json slice actor_edge_enrichment_deep_existing_types_2026_06_01,_neo4j/intake/inbox/research/bauteilboerse_network_2026-06-01_project_part_actor_edges.json,f9cf1a8c 2026-06-02 updates,https://www.jajo.com/en/companies/new-horizon/,,actor_edge_enrichment_deep_existing_types_2026_06_01,,,,page fetched but quote weak,page fetched but quote weak; actor_node_source_urls,url_in_json_no_quote_never_imported_to_graph,edge row in project_part_actor_edges export
G02-0054,EP03-0674,R07-0216,5:5f542910-8dcf-46a9-a77c-dfff0c64ee65:1157492174443512410,new_horizon_urban_mining,bt_wand,HAT_BAUTEILTYP,PARTIAL,PARTIAL,https://www.circonl.nl/case/urban-mining-new-horizon/,,,,,network_json slice actor_edge_enrichment_deep_existing_types_2026_06_01,_neo4j/intake/inbox/research/bauteilboerse_network_2026-06-01_project_part_actor_edges.json,f9cf1a8c 2026-06-02 updates,https://www.jajo.com/en/companies/new-horizon/,,actor_edge_enrichment_deep_existing_types_2026_06_01,,,,page fetched but quote weak,page fetched but quote weak; actor_node_source_urls,url_in_json_no_quote_never_imported_to_graph,edge row in project_part_actor_edges export
G02-0055,EP03-0675,R07-0217,5:5f542910-8dcf-46a9-a77c-dfff0c64ee65:1166499373698259333,opalis,bt_ausbau,HAT_BAUTEILTYP,PARTIAL,PARTIAL,https://opalis.eu/en/documentation,,,,,network_json slice actor_edge_enrichment_deep_existing_types_2026_06_01,_neo4j/intake/inbox/research/bauteilboerse_network_2026-06-01_project_part_actor_edges.json,f9cf1a8c 2026-06-02 updates,https://opalis.eu/en/dealers/list,,actor_edge_enrichment_deep_existing_types_2026_06_01,,,,page fetched but quote weak,page fetched but quote weak; actor_node_source_urls,url_in_json_no_quote_never_imported_to_graph,edge row in project_part_actor_edges export
G02-0056,EP03-0676,R07-0218,5:5f542910-8dcf-46a9-a77c-dfff0c64ee65:1155240374629833093,opalis,bt_boden,HAT_BAUTEILTYP,PARTIAL,PARTIAL,https://opalis.eu/en/documentation,,,,,network_json slice actor_edge_enrichment_deep_existing_types_2026_06_01,_neo4j/intake/inbox/research/bauteilboerse_network_2026-06-01_project_part_actor_edges.json,f9cf1a8c 2026-06-02 updates,https://opalis.eu/en/dealers/list,,actor_edge_enrichment_deep_existing_types_2026_06_01,,,,page fetched but quote weak,page fetched but quote weak; actor_node_source_urls,url_in_json_no_quote_never_imported_to_graph,edge row in project_part_actor_edges export
G02-0057,EP03-0677,R07-0219,5:5f542910-8dcf-46a9-a77c-dfff0c64ee65:1157492174443518341,opalis,bt_dach,HAT_BAUTEILTYP,PARTIAL,PARTIAL,https://opalis.eu/en/documentation,,,,,network_json slice actor_edge_enrichment_deep_existing_types_2026_06_01,_neo4j/intake/inbox/research/bauteilboerse_network_2026-06-01_project_part_actor_edges.json,f9cf1a8c 2026-06-02 updates,https://opalis.eu/en/dealers/list,,actor_edge_enrichment_deep_existing_types_2026_06_01,,,,page fetched but quote weak,page fetched but quote weak; actor_node_source_urls,url_in_json_no_quote_never_imported_to_graph,edge row in project_part_actor_edges export
G02-0058,EP03-0678,R07-0220,5:5f542910-8dcf-46a9-a77c-dfff0c64ee65:1173254773139315077,opalis,bt_daemmung,HAT_BAUTEILTYP,PARTIAL,PARTIAL,https://opalis.eu/en/documentation,,,,,network_json slice actor_edge_enrichment_deep_existing_types_2026_06_01,_neo4j/intake/inbox/research/bauteilboerse_network_2026-06-01_project_part_actor_edges.json,f9cf1a8c 2026-06-02 updates,https://opalis.eu/en/dealers/list,,actor_edge_enrichment_deep_existing_types_2026_06_01,,,,page fetched but quote weak,page fetched but quote weak; actor_node_source_urls,url_in_json_no_quote_never_imported_to_graph,edge row in project_part_actor_edges export
G02-0059,EP03-0679,R07-0221,5:5f542910-8dcf-46a9-a77c-dfff0c64ee65:1171002973325629829,opalis,bt_fassade,HAT_BAUTEILTYP,PARTIAL,PARTIAL,https://opalis.eu/en/documentation,,,,,network_json slice actor_edge_enrichment_deep_existing_types_2026_06_01,_neo4j/intake/inbox/research/bauteilboerse_network_2026-06-01_project_part_actor_edges.json,f9cf1a8c 2026-06-02 updates,https://opalis.eu/en/dealers/list,,actor_edge_enrichment_deep_existing_types_2026_06_01,,,,page fetched but quote weak,page fetched but quote weak; actor_node_source_urls,url_in_json_no_quote_never_imported_to_graph,edge row in project_part_actor_edges export
G02-0060,EP03-0680,R07-0222,5:5f542910-8dcf-46a9-a77c-dfff0c64ee65:1161995774070888837,opalis,bt_fenster,HAT_BAUTEILTYP,PARTIAL,PARTIAL,https://opalis.eu/en/documentation,,,,,network_json slice actor_edge_enrichment_deep_existing_types_2026_06_01,_neo4j/intake/inbox/research/bauteilboerse_network_2026-06-01_project_part_actor_edges.json,f9cf1a8c 2026-06-02 updates,https://opalis.eu/en/dealers/list,,actor_edge_enrichment_deep_existing_types_2026_06_01,,,,page fetched but quote weak,page fetched but quote weak; actor_node_source_urls,url_in_json_no_quote_never_imported_to_graph,edge row in project_part_actor_edges export
G02-0061,EP03-0681,R07-0223,5:5f542910-8dcf-46a9-a77c-dfff0c64ee65:1164247573884574085,opalis,bt_technik,HAT_BAUTEILTYP,PARTIAL,PARTIAL,https://opalis.eu/en/documentation,,,,,network_json slice actor_edge_enrichment_deep_existing_types_2026_06_01,_neo4j/intake/inbox/research/bauteilboerse_network_2026-06-01_project_part_actor_edges.json,f9cf1a8c 2026-06-02 updates,https://opalis.eu/en/dealers/list,,actor_edge_enrichment_deep_existing_types_2026_06_01,,,,page fetched but quote weak,page fetched but quote weak; actor_node_source_urls,url_in_json_no_quote_never_imported_to_graph,edge row in project_part_actor_edges export
G02-0062,EP03-0682,R07-0224,5:5f542910-8dcf-46a9-a77c-dfff0c64ee65:1152988574816147845,opalis,bt_traeger,HAT_BAUTEILTYP,PARTIAL,PARTIAL,https://opalis.eu/en/documentation,,,,,network_json slice actor_edge_enrichment_deep_existing_types_2026_06_01,_neo4j/intake/inbox/research/bauteilboerse_network_2026-06-01_project_part_actor_edges.json,f9cf1a8c 2026-06-02 updates,https://opalis.eu/en/dealers/list,,actor_edge_enrichment_deep_existing_types_2026_06_01,,,,page fetched but quote weak,page fetched but quote weak; actor_node_source_urls,url_in_json_no_quote_never_imported_to_graph,edge row in project_part_actor_edges export
G02-0063,EP03-0683,R07-0225,5:5f542910-8dcf-46a9-a77c-dfff0c64ee65:1159743974257203589,opalis,bt_tuer,HAT_BAUTEILTYP,PARTIAL,PARTIAL,https://opalis.eu/en/documentation,,,,,network_json slice actor_edge_enrichment_deep_existing_types_2026_06_01,_neo4j/intake/inbox/research/bauteilboerse_network_2026-06-01_project_part_actor_edges.json,f9cf1a8c 2026-06-02 updates,https://opalis.eu/en/dealers/list,,actor_edge_enrichment_deep_existing_types_2026_06_01,,,,page fetched but quote weak,page fetched but quote weak; actor_node_source_urls,url_in_json_no_quote_never_imported_to_graph,edge row in project_part_actor_edges export
G02-0064,EP03-0684,R07-0226,5:5f542910-8dcf-46a9-a77c-dfff0c64ee65:1168751173511944581,opalis,bt_wand,HAT_BAUTEILTYP,PARTIAL,PARTIAL,https://opalis.eu/en/documentation,,,,,network_json slice actor_edge_enrichment_deep_existing_types_2026_06_01,_neo4j/intake/inbox/research/bauteilboerse_network_2026-06-01_project_part_actor_edges.json,f9cf1a8c 2026-06-02 updates,https://opalis.eu/en/dealers/list,,actor_edge_enrichment_deep_existing_types_2026_06_01,,,,page fetched but quote weak,page fetched but quote weak; actor_node_source_urls,url_in_json_no_quote_never_imported_to_graph,edge row in project_part_actor_edges export
G02-0065,EP03-0781,R07-0227,5:5f542910-8dcf-46a9-a77c-dfff0c64ee65:1159743974257236591,r_place,bt_decke,HAT_BAUTEILTYP,PARTIAL,PARTIAL,https://r-place.fr/,https://r-place.fr/,Rechercher Rechercher : Rechercher Filtrer par commune ou par chantier : ARLES (13) CDB (34) Clermont l’Hérault (34) Déstockage Perpignan (66) Déstockage surplus neufs Hérault (34) GA11 (11) HBTP (34) MÈZE (34) MONTPELLIER Parc 2000 (34) SG (34) Sigean (11) VILLA BÉZIERS (34) Albi (81) Alès (30) Arles (13) Avignonet-Lauragais (31) Bagnols (63) Baillargues (34) Béziers (34) Castelnau-le-Lez (34) Choisy-le-Roi (94) Clermont-Ferrand (63) Clermont-l’Hérault (34) Colomiers (31) Coulommiers (77) Durfo,quality_pass_q04_2026_06_06,r_deep_r_place__HAT_BAUTEILTYP__bt_decke,network_json deep enrichment slice (pre-2026-06-02 import),_neo4j/intake/inbox/research/bauteilboerse_network_2026-06-01_project_part_actor_edges.json,f9cf1a8c 2026-06-02 updates,https://r-place.fr/,,actor_edge_enrichment_deep_existing_types_2026_06_01,,,,page fetched but quote weak,page fetched but quote weak; actor_node_source_urls,partial_despite_some_evidence,enrichment_run=actor_edge_enrichment_deep_existing_types_2026_06_01
G02-0066,EP03-0783,R07-0228,5:5f542910-8dcf-46a9-a77c-dfff0c64ee65:1157492174443551343,r_place,bt_wand,HAT_BAUTEILTYP,PARTIAL,PARTIAL,https://r-place.fr/,https://r-place.fr/,Rechercher Rechercher : Rechercher Filtrer par commune ou par chantier : ARLES (13) CDB (34) Clermont l’Hérault (34) Déstockage Perpignan (66) Déstockage surplus neufs Hérault (34) GA11 (11) HBTP (34) MÈZE (34) MONTPELLIER Parc 2000 (34) SG (34) Sigean (11) VILLA BÉZIERS (34) Albi (81) Alès (30) Arles (13) Avignonet-Lauragais (31) Bagnols (63) Baillargues (34) Béziers (34) Castelnau-le-Lez (34) Choisy-le-Roi (94) Clermont-Ferrand (63) Clermont-l’Hérault (34) Colomiers (31) Coulommiers (77) Durfo,quality_pass_q04_2026_06_06,r_deep_r_place__HAT_BAUTEILTYP__bt_wand,network_json deep enrichment slice (pre-2026-06-02 import),_neo4j/intake/inbox/research/bauteilboerse_network_2026-06-01_project_part_actor_edges.json,f9cf1a8c 2026-06-02 updates,https://r-place.fr/,,actor_edge_enrichment_deep_existing_types_2026_06_01,,,,page fetched but quote weak,page fetched but quote weak; actor_node_source_urls,partial_despite_some_evidence,enrichment_run=actor_edge_enrichment_deep_existing_types_2026_06_01
G02-0067,EP03-0807,R07-0229,5:5f542910-8dcf-46a9-a77c-dfff0c64ee65:1157492174443518340,rotordc,bt_wand,HAT_BAUTEILTYP,PARTIAL,PARTIAL,https://rotordc.com/blog/salvaging-by-rotordc-3/generale-banks-hq-brussels-72,,,,,network_json slice actor_edge_enrichment_existing_types_2026_06_01,_neo4j/intake/inbox/research/bauteilboerse_network_2026-06-01_project_part_actor_edges.json,f9cf1a8c 2026-06-02 updates,https://rotordc.com/,,actor_edge_enrichment_existing_types_2026_06_01,,,,page fetched but quote weak,page fetched but quote weak; actor_node_source_urls,url_in_json_no_quote_never_imported_to_graph,edge row in project_part_actor_edges export
G02-0068,EP03-0810,R07-0230,5:5f542910-8dcf-46a9-a77c-dfff0c64ee65:1161995774070921845,salvoweb,bt_dach,HAT_BAUTEILTYP,PARTIAL,PARTIAL,https://www.salvoweb.com/,,,,,network_json slice actor_edge_enrichment_existing_types_2026_06_01,_neo4j/intake/inbox/research/bauteilboerse_network_2026-06-01_project_part_actor_edges.json,f9cf1a8c 2026-06-02 updates,https://www.salvoweb.com/,,actor_edge_enrichment_existing_types_2026_06_01,,,,page fetched but quote weak,page fetched but quote weak; actor_node_source_urls,url_in_json_no_quote_never_imported_to_graph,edge row in project_part_actor_edges export
G02-0069,EP03-0811,R07-0231,5:5f542910-8dcf-46a9-a77c-dfff0c64ee65:1155240374629866101,salvoweb,bt_fenster,HAT_BAUTEILTYP,PARTIAL,PARTIAL,https://www.salvoweb.com/,,,,,network_json slice actor_edge_enrichment_existing_types_2026_06_01,_neo4j/intake/inbox/research/bauteilboerse_network_2026-06-01_project_part_actor_edges.json,f9cf1a8c 2026-06-02 updates,https://www.salvoweb.com/,,actor_edge_enrichment_existing_types_2026_06_01,,,,page fetched but quote weak,page fetched but quote weak; actor_node_source_urls,url_in_json_no_quote_never_imported_to_graph,edge row in project_part_actor_edges export
G02-0070,EP03-0812,R07-0232,5:5f542910-8dcf-46a9-a77c-dfff0c64ee65:1159743974257236597,salvoweb,bt_technik,HAT_BAUTEILTYP,PARTIAL,PARTIAL,https://www.salvoweb.com/,,,,,network_json slice actor_edge_enrichment_existing_types_2026_06_01,_neo4j/intake/inbox/research/bauteilboerse_network_2026-06-01_project_part_actor_edges.json,f9cf1a8c 2026-06-02 updates,https://www.salvoweb.com/,,actor_edge_enrichment_existing_types_2026_06_01,,,,page fetched but quote weak,page fetched but quote weak; actor_node_source_urls,url_in_json_no_quote_never_imported_to_graph,edge row in project_part_actor_edges export
G02-0071,EP03-0813,R07-0233,5:5f542910-8dcf-46a9-a77c-dfff0c64ee65:1152988574816180853,salvoweb,bt_tuer,HAT_BAUTEILTYP,PARTIAL,PARTIAL,https://www.salvoweb.com/,,,,,network_json slice actor_edge_enrichment_existing_types_2026_06_01,_neo4j/intake/inbox/research/bauteilboerse_network_2026-06-01_project_part_actor_edges.json,f9cf1a8c 2026-06-02 updates,https://www.salvoweb.com/,,actor_edge_enrichment_existing_types_2026_06_01,,,,page fetched but quote weak,page fetched but quote weak; actor_node_source_urls,url_in_json_no_quote_never_imported_to_graph,edge row in project_part_actor_edges export
G02-0072,EP03-0818,R07-0234,5:5f542910-8dcf-46a9-a77c-dfff0c64ee65:1161995774070921847,skop_marketplace,bt_fenster,HAT_BAUTEILTYP,PARTIAL,PARTIAL,https://www.skop.app/marketplace-materiaux-reemploi,,,,,network_json slice actor_edge_enrichment_existing_types_2026_06_01,_neo4j/intake/inbox/research/bauteilboerse_network_2026-06-01_project_part_actor_edges.json,f9cf1a8c 2026-06-02 updates,https://marketplace.skop.app/,,actor_edge_enrichment_existing_types_2026_06_01,,,,page fetched but quote weak,page fetched but quote weak; actor_node_source_urls,url_in_json_no_quote_never_imported_to_graph,edge row in project_part_actor_edges export
G02-0073,EP03-0821,R07-0235,5:5f542910-8dcf-46a9-a77c-dfff0c64ee65:1155240374629866103,skop_marketplace,bt_wand,HAT_BAUTEILTYP,PARTIAL,PARTIAL,https://www.skop.app/marketplace-materiaux-reemploi,https://marketplace.skop.app/,"Voir toutes les boutiques BATISHOP LES BATINEURS Matériaux de réemploi et équipements professionnels Matériaux de réemploi : Bois d'œuvre, menuiseries intérieures et extérieures, sanitaires, isolant, revêtements sols et murs, couverture, quincaillerie, outillage, ...",quality_pass_q04_2026_06_06,r_skop_marketplace__HAT_BAUTEILTYP__bt_wand,network_json slice actor_edge_enrichment_existing_types_2026_06_01,_neo4j/intake/inbox/research/bauteilboerse_network_2026-06-01_project_part_actor_edges.json,f9cf1a8c 2026-06-02 updates,https://marketplace.skop.app/,,actor_edge_enrichment_existing_types_2026_06_01,,,,page fetched but quote weak,page fetched but quote weak; actor_node_source_urls,partial_despite_some_evidence,edge row in project_part_actor_edges export
G02-0074,EP03-0822,R07-0236,5:5f542910-8dcf-46a9-a77c-dfff0c64ee65:1155240374629831822,software_concular,bt_boden,HAT_BAUTEILTYP,PARTIAL,PARTIAL,https://restado.de/,,,,,network_json slice edge_enrichment_deeper_existing_node_types_2026_06_01,_neo4j/intake/inbox/research/bauteilboerse_network_2026-06-01_project_part_actor_edges.json,f9cf1a8c 2026-06-02 updates,https://www.kfw.de/stories/economy/start-ups/concular/,,edge_enrichment_deeper_existing_node_types_2026_06_01,,,,page fetched but quote weak,page fetched but quote weak; actor_node_source_urls,url_in_json_no_quote_never_imported_to_graph,edge row in project_part_actor_edges export
G02-0075,EP03-0823,R07-0237,5:5f542910-8dcf-46a9-a77c-dfff0c64ee65:1152988574816146574,software_concular,bt_fenster,HAT_BAUTEILTYP,PARTIAL,PARTIAL,https://restado.de/,https://restado.de/,Unterstütze uns auf Social Media Baustoff kostenlos einstellen Sicher bezahlen Baustoffe nach Region Berlin Hamburg München Köln Frankfurt Stuttgart Düsseldorf Dortmund Essen Leipzig Bremen Dresden Hannover Mannheim Weitere beliebte Städte Kategorien Türen & Zargen Fenster Fliesen & Steine Dach Haustechnik & Sanitär Rohbau Fassade Innenausbau Garten & Freianlagen Werkzeuge & Maschinen Alle Baustoff-Kategorien Ausgewählte Baustoffe Händlerverzeichnis Hilfethemen Händler werden Baustoff verkaufen ,quality_pass_q04_2026_06_06,r_deeper_software_concular__HAT_BAUTEILTYP__bt_fenster,network_json deeper node-types slice,_neo4j/intake/inbox/research/bauteilboerse_network_2026-06-01_project_part_actor_edges.json,f9cf1a8c 2026-06-02 updates,https://www.kfw.de/stories/economy/start-ups/concular/,,edge_enrichment_deeper_existing_node_types_2026_06_01,,,,page fetched but quote weak,page fetched but quote weak; actor_node_source_urls,partial_despite_some_evidence,enrichment_run=edge_enrichment_deeper_existing_node_types_2026_06_01
G02-0076,EP03-0837,R07-0238,5:5f542910-8dcf-46a9-a77c-dfff0c64ee65:1155240374629832257,symmetrys,bt_stuetze,HAT_BAUTEILTYP,PARTIAL,PARTIAL,https://symmetrys.com/about-us/,,,,,network_json slice edge_enrichment_deeper_existing_node_types_2026_06_01,_neo4j/intake/inbox/research/bauteilboerse_network_2026-06-01_project_part_actor_edges.json,f9cf1a8c 2026-06-02 updates,https://symmetrys.com/news/pushing-boundaries-in-the-reuse-of-steelwork/,,edge_enrichment_deeper_existing_node_types_2026_06_01,,,,page fetched but quote weak,page fetched but quote weak; actor_node_source_urls,url_in_json_no_quote_never_imported_to_graph,edge row in project_part_actor_edges export
G02-0077,EP03-0838,R07-0239,5:5f542910-8dcf-46a9-a77c-dfff0c64ee65:1152988574816147009,symmetrys,bt_traeger,HAT_BAUTEILTYP,PARTIAL,PARTIAL,https://symmetrys.com/about-us/,,,,,network_json slice edge_enrichment_deeper_existing_node_types_2026_06_01,_neo4j/intake/inbox/research/bauteilboerse_network_2026-06-01_project_part_actor_edges.json,f9cf1a8c 2026-06-02 updates,https://symmetrys.com/news/pushing-boundaries-in-the-reuse-of-steelwork/,,edge_enrichment_deeper_existing_node_types_2026_06_01,,,,page fetched but quote weak,page fetched but quote weak; actor_node_source_urls,url_in_json_no_quote_never_imported_to_graph,edge row in project_part_actor_edges export
G02-0078,EP03-0840,R07-0240,5:5f542910-8dcf-46a9-a77c-dfff0c64ee65:1161995774070917143,syphon_ag_bauteilboerse_biel_bruegg,bt_boden,HAT_BAUTEILTYP,PARTIAL,PARTIAL,https://www.syphon.ch/,,,,,network_json slice actor_edge_enrichment_existing_types_2026_06_01,_neo4j/intake/inbox/research/bauteilboerse_network_2026-06-01_project_part_actor_edges.json,f9cf1a8c 2026-06-02 updates,https://www.syphon.ch/,,actor_edge_enrichment_existing_types_2026_06_01,,,,page fetched but quote weak,page fetched but quote weak; actor_node_source_urls,url_in_json_no_quote_never_imported_to_graph,edge row in project_part_actor_edges export
G02-0079,EP03-0848,R07-0243,5:5f542910-8dcf-46a9-a77c-dfff0c64ee65:1166499373698292346,useagain_bauteilclick,bt_dach,HAT_BAUTEILTYP,PARTIAL,PARTIAL,https://www.useagain.ch/de/,https://www.useagain.ch/de/,useagain: Plattform für Bauteil-Wiederverwendung Zum Hauptinhalt springen Zur Suche springen Zur Hauptnavigation springen Suchen Konto weiter einkaufen Übersicht Profil Suchalarm Merkzettel Abmelden Einloggen Merkzettel Warenkorb Kaufen eBKP-H Kategorien Händler Tools Abo Preise Über uns Ausbau Türen & Tore Aussentüren Innentüren Tore Zubehör Komplette Objekte An- & Einbauten Freistehend Kunst & Kultur Möbel & Einrichtungen Einrichtungen Möbel Zubehör Küchen & Gastronomie Apparate & Geräte Einba,quality_pass_q04_2026_06_06,r_useagain_bauteilclick__HAT_BAUTEILTYP__bt_dach,network_json slice actor_edge_enrichment_existing_types_2026_06_01,_neo4j/intake/inbox/research/bauteilboerse_network_2026-06-01_project_part_actor_edges.json,f9cf1a8c 2026-06-02 updates,https://www.bauteilclick.ch/,,actor_edge_enrichment_existing_types_2026_06_01,,,,page fetched but quote weak,page fetched but quote weak; actor_node_source_urls,partial_despite_some_evidence,edge row in project_part_actor_edges export
G02-0080,EP03-0849,R07-0244,5:5f542910-8dcf-46a9-a77c-dfff0c64ee65:1168751173511977594,useagain_bauteilclick,bt_daemmung,HAT_BAUTEILTYP,PARTIAL,PARTIAL,https://www.useagain.ch/de/,https://www.useagain.ch/de/,useagain: Plattform für Bauteil-Wiederverwendung Zum Hauptinhalt springen Zur Suche springen Zur Hauptnavigation springen Suchen Konto weiter einkaufen Übersicht Profil Suchalarm Merkzettel Abmelden Einloggen Merkzettel Warenkorb Kaufen eBKP-H Kategorien Händler Tools Abo Preise Über uns Ausbau Türen & Tore Aussentüren Innentüren Tore Zubehör Komplette Objekte An- & Einbauten Freistehend Kunst & Kultur Möbel & Einrichtungen Einrichtungen Möbel Zubehör Küchen & Gastronomie Apparate & Geräte Einba,quality_pass_q04_2026_06_06,r_useagain_bauteilclick__HAT_BAUTEILTYP__bt_daemmung,network_json slice actor_edge_enrichment_existing_types_2026_06_01,_neo4j/intake/inbox/research/bauteilboerse_network_2026-06-01_project_part_actor_edges.json,f9cf1a8c 2026-06-02 updates,https://www.bauteilclick.ch/,,actor_edge_enrichment_existing_types_2026_06_01,,,,page fetched but quote weak,page fetched but quote weak; actor_node_source_urls,partial_despite_some_evidence,edge row in project_part_actor_edges export
G02-0081,EP03-0850,R07-0245,5:5f542910-8dcf-46a9-a77c-dfff0c64ee65:1177758372766718586,useagain_bauteilclick,bt_decke,HAT_BAUTEILTYP,PARTIAL,PARTIAL,https://www.useagain.ch/de/,,,,,network_json slice actor_edge_enrichment_existing_types_2026_06_01,_neo4j/intake/inbox/research/bauteilboerse_network_2026-06-01_project_part_actor_edges.json,f9cf1a8c 2026-06-02 updates,https://www.bauteilclick.ch/,,actor_edge_enrichment_existing_types_2026_06_01,,,,page fetched but quote weak,page fetched but quote weak; actor_node_source_urls,url_in_json_no_quote_never_imported_to_graph,edge row in project_part_actor_edges export
G02-0082,EP03-0854,R07-0246,5:5f542910-8dcf-46a9-a77c-dfff0c64ee65:1171002973325662842,useagain_bauteilclick,bt_stuetze,HAT_BAUTEILTYP,PARTIAL,PARTIAL,https://www.useagain.ch/de/,https://library-of-reuse.ch/pioneers/useagain,"Additional support The platform offers support, training and advice, particularly to suppliers, and provides information on large-scale orders, renovation projects and remaining stock.",quality_pass_q04_2026_06_06,r_useagain_bauteilclick__HAT_BAUTEILTYP__bt_stuetze,network_json slice actor_edge_enrichment_existing_types_2026_06_01,_neo4j/intake/inbox/research/bauteilboerse_network_2026-06-01_project_part_actor_edges.json,f9cf1a8c 2026-06-02 updates,https://www.bauteilclick.ch/,,actor_edge_enrichment_existing_types_2026_06_01,,,,page fetched but quote weak,page fetched but quote weak; actor_node_source_urls,partial_despite_some_evidence,edge row in project_part_actor_edges export
G02-0083,EP03-0858,R07-0247,5:5f542910-8dcf-46a9-a77c-dfff0c64ee65:1173254773139348090,useagain_bauteilclick,bt_wand,HAT_BAUTEILTYP,PARTIAL,PARTIAL,https://www.useagain.ch/de/,https://www.useagain.ch/de/,useagain: Plattform für Bauteil-Wiederverwendung Zum Hauptinhalt springen Zur Suche springen Zur Hauptnavigation springen Suchen Konto weiter einkaufen Übersicht Profil Suchalarm Merkzettel Abmelden Einloggen Merkzettel Warenkorb Kaufen eBKP-H Kategorien Händler Tools Abo Preise Über uns Ausbau Türen & Tore Aussentüren Innentüren Tore Zubehör Komplette Objekte An- & Einbauten Freistehend Kunst & Kultur Möbel & Einrichtungen Einrichtungen Möbel Zubehör Küchen & Gastronomie Apparate & Geräte Einba,quality_pass_q04_2026_06_06,r_useagain_bauteilclick__HAT_BAUTEILTYP__bt_wand,network_json slice actor_edge_enrichment_existing_types_2026_06_01,_neo4j/intake/inbox/research/bauteilboerse_network_2026-06-01_project_part_actor_edges.json,f9cf1a8c 2026-06-02 updates,https://www.bauteilclick.ch/,,actor_edge_enrichment_existing_types_2026_06_01,,,,page fetched but quote weak,page fetched but quote weak; actor_node_source_urls,partial_despite_some_evidence,edge row in project_part_actor_edges export
G02-0084,EP03-0877,R07-0248,5:5f542910-8dcf-46a9-a77c-dfff0c64ee65:1155253568769399389,articonnex,mat_daemmstoff,NUTZT_MATERIAL,PARTIAL,PARTIAL,https://articonnex.com/collections/reemploi,https://articonnex.com/collections/reemploi,Ouvert Fermeture à 18:00 Fermé Ouverture à 10:00 Lundi 10h-18h Mardi 10h-18h Mercredi 10h-18h Jeudi 10h-18h Vendredi 10h-18h Samedi Fermé Dimanche Fermé 02 90 73 84 43 vannes@articonnex.com Menu Fermer Matériaux anti-gaspi au meilleur prix Bois sur mesure Aide et contact Favoris Mon compte 0 Panier Arrivages Les essentiels OSB Dalle OSB Panneau OSB OSB 1 OSB 3 OSB 4 OSB par marque OSB par marque Tout voir Par marque OSB Swiss Krono (3) OSB Kronospan (38) OSB par épaisseur OSB par épaisseur Tout ,quality_pass_q04_2026_06_06,r_deep_articonnex__NUTZT_MATERIAL__mat_daemmstoff,network_json deep enrichment slice (pre-2026-06-02 import),_neo4j/intake/inbox/research/bauteilboerse_network_2026-06-01_project_part_actor_edges.json,f9cf1a8c 2026-06-02 updates,https://articonnex.com/,,actor_edge_enrichment_deep_existing_types_2026_06_01,,,,page fetched but quote weak,page fetched but quote weak; actor_node_source_urls,partial_despite_some_evidence,enrichment_run=actor_edge_enrichment_deep_existing_types_2026_06_01
G02-0085,EP03-0879,R07-0249,5:5f542910-8dcf-46a9-a77c-dfff0c64ee65:1159757168396769886,backacia,mat_daemmstoff,NUTZT_MATERIAL,PARTIAL,PARTIAL,https://opalis.eu/fr/fournisseurs/backacia,,,,,network_json slice actor_edge_enrichment_existing_types_2026_06_01,_neo4j/intake/inbox/research/bauteilboerse_network_2026-06-01_project_part_actor_edges.json,f9cf1a8c 2026-06-02 updates,https://opalis.eu/fr/fournisseurs/backacia,,actor_edge_enrichment_existing_types_2026_06_01,,,,page fetched but quote weak,page fetched but quote weak; actor_node_source_urls,url_in_json_no_quote_never_imported_to_graph,edge row in project_part_actor_edges export
G02-0086,EP03-0880,R07-0250,5:5f542910-8dcf-46a9-a77c-dfff0c64ee65:1155253568769399390,backacia,mat_glas,NUTZT_MATERIAL,PARTIAL,PARTIAL,https://opalis.eu/fr/fournisseurs/backacia,https://backacia.com/,"Nos produits dans Cloisons et Doublages Tout Vue rapide Disponible du 18/05/2026 au 02/10/2027 Bloc-porte 93x203cm 75017 Paris, France Quantité : 4 U 95,00€ HT/U icon-X ""Fermer (Esc)"" Vue rapide Disponible du 18/05/2026 au 02/10/2027 Bloc-porte tiercé 75017 Paris, France Quantité : 1 U 135,00€ HT/U icon-X ""Fermer (Esc)"" Vue rapide Disponible du 13/07/2026 au 30/09/2026 Ensemble vitrage trempé sans ossature 94250 Gentilly, France Quantité : 66 ml 30,00€ HT/ml icon-X ""Fermer (Esc)"" Vue rapide Disp",quality_pass_q04_2026_06_06,r_backacia__NUTZT_MATERIAL__mat_glas,network_json slice actor_edge_enrichment_existing_types_2026_06_01,_neo4j/intake/inbox/research/bauteilboerse_network_2026-06-01_project_part_actor_edges.json,f9cf1a8c 2026-06-02 updates,https://opalis.eu/fr/fournisseurs/backacia,,actor_edge_enrichment_existing_types_2026_06_01,,,,page fetched but quote weak,page fetched but quote weak; actor_node_source_urls,partial_despite_some_evidence,edge row in project_part_actor_edges export
G02-0087,EP03-0883,R07-0251,5:5f542910-8dcf-46a9-a77c-dfff0c64ee65:1155253568769399391,baticycle,mat_glas,NUTZT_MATERIAL,PARTIAL,PARTIAL,https://baticycle.fr/,,,,,network_json slice actor_edge_enrichment_existing_types_2026_06_01,_neo4j/intake/inbox/research/bauteilboerse_network_2026-06-01_project_part_actor_edges.json,f9cf1a8c 2026-06-02 updates,https://baticycle.fr/,,actor_edge_enrichment_existing_types_2026_06_01,,,,page fetched but quote weak,page fetched but quote weak; actor_node_source_urls,url_in_json_no_quote_never_imported_to_graph,edge row in project_part_actor_edges export
G02-0088,EP03-0886,R07-0252,5:5f542910-8dcf-46a9-a77c-dfff0c64ee65:1159757168396769887,baticycle,mat_stahl,NUTZT_MATERIAL,PARTIAL,PARTIAL,https://baticycle.fr/,,,,,network_json slice actor_edge_enrichment_existing_types_2026_06_01,_neo4j/intake/inbox/research/bauteilboerse_network_2026-06-01_project_part_actor_edges.json,f9cf1a8c 2026-06-02 updates,https://baticycle.fr/,,actor_edge_enrichment_existing_types_2026_06_01,,,,page fetched but quote weak,page fetched but quote weak; actor_node_source_urls,url_in_json_no_quote_never_imported_to_graph,edge row in project_part_actor_edges export
G02-0089,EP03-0892,R07-0253,5:5f542910-8dcf-46a9-a77c-dfff0c64ee65:1155253568769399393,batrecup,mat_glas,NUTZT_MATERIAL,PARTIAL,PARTIAL,https://www.batrecup.com/batrecup-lappli-cest-parti,,,,,network_json slice actor_edge_enrichment_existing_types_2026_06_01,_neo4j/intake/inbox/research/bauteilboerse_network_2026-06-01_project_part_actor_edges.json,f9cf1a8c 2026-06-02 updates,https://www.batrecup.com/materiaux-recyclables-et-reemploi/,,actor_edge_enrichment_existing_types_2026_06_01,,,,page fetched but quote weak,page fetched but quote weak; actor_node_source_urls,url_in_json_no_quote_never_imported_to_graph,edge row in project_part_actor_edges export
G02-0090,EP03-0900,R07-0254,5:5f542910-8dcf-46a9-a77c-dfff0c64ee65:1155253568769378028,baumatpool_ch,mat_glas,NUTZT_MATERIAL,PARTIAL,PARTIAL,https://www.baumatpool.ch/de/content/faq/,,,,,network_json slice actor_edge_enrichment_existing_types_2026_06_01,_neo4j/intake/inbox/research/bauteilboerse_network_2026-06-01_project_part_actor_edges.json,f9cf1a8c 2026-06-02 updates,https://www.baumatpool.ch/de/,,actor_edge_enrichment_existing_types_2026_06_01,,,,page fetched but quote weak,page fetched but quote weak; actor_node_source_urls,url_in_json_no_quote_never_imported_to_graph,edge row in project_part_actor_edges export
G02-0091,EP03-0901,R07-0255,5:5f542910-8dcf-46a9-a77c-dfff0c64ee65:1157505368583063276,baumatpool_ch,mat_holz,NUTZT_MATERIAL,PARTIAL,PARTIAL,https://www.baumatpool.ch/de/content/faq/,,,,,network_json slice actor_edge_enrichment_existing_types_2026_06_01,_neo4j/intake/inbox/research/bauteilboerse_network_2026-06-01_project_part_actor_edges.json,f9cf1a8c 2026-06-02 updates,https://www.baumatpool.ch/de/,,actor_edge_enrichment_existing_types_2026_06_01,,,,page fetched but quote weak,page fetched but quote weak; actor_node_source_urls,url_in_json_no_quote_never_imported_to_graph,edge row in project_part_actor_edges export
G02-0092,EP03-0902,R07-0256,5:5f542910-8dcf-46a9-a77c-dfff0c64ee65:1159757168396748524,baumatpool_ch,mat_keramik,NUTZT_MATERIAL,PARTIAL,PARTIAL,https://www.baumatpool.ch/de/content/faq/,,,,,network_json slice actor_edge_enrichment_existing_types_2026_06_01,_neo4j/intake/inbox/research/bauteilboerse_network_2026-06-01_project_part_actor_edges.json,f9cf1a8c 2026-06-02 updates,https://www.baumatpool.ch/de/,,actor_edge_enrichment_existing_types_2026_06_01,,,,page fetched but quote weak,page fetched but quote weak; actor_node_source_urls,url_in_json_no_quote_never_imported_to_graph,edge row in project_part_actor_edges export
G02-0093,EP03-0903,R07-0257,5:5f542910-8dcf-46a9-a77c-dfff0c64ee65:1162008968210433772,baumatpool_ch,mat_stahl,NUTZT_MATERIAL,PARTIAL,PARTIAL,https://www.baumatpool.ch/de/content/faq/,,,,,network_json slice actor_edge_enrichment_existing_types_2026_06_01,_neo4j/intake/inbox/research/bauteilboerse_network_2026-06-01_project_part_actor_edges.json,f9cf1a8c 2026-06-02 updates,https://www.baumatpool.ch/de/,,actor_edge_enrichment_existing_types_2026_06_01,,,,page fetched but quote weak,page fetched but quote weak; actor_node_source_urls,url_in_json_no_quote_never_imported_to_graph,edge row in project_part_actor_edges export
G02-0094,EP03-0904,R07-0258,5:5f542910-8dcf-46a9-a77c-dfff0c64ee65:1155253568769394705,bauteilboerse_basel_overall,mat_glas,NUTZT_MATERIAL,PARTIAL,PARTIAL,https://bauteilboerse-basel.ch/ueber-uns/,,,,,network_json slice actor_edge_enrichment_existing_types_2026_06_01,_neo4j/intake/inbox/research/bauteilboerse_network_2026-06-01_project_part_actor_edges.json,f9cf1a8c 2026-06-02 updates,https://bauteilboerse-basel.ch/bauteile/,,actor_edge_enrichment_existing_types_2026_06_01,,,,page fetched but quote weak,page fetched but quote weak; actor_node_source_urls,url_in_json_no_quote_never_imported_to_graph,edge row in project_part_actor_edges export
G02-0095,EP03-0906,R07-0259,5:5f542910-8dcf-46a9-a77c-dfff0c64ee65:1157505368583079953,bauteilboerse_basel_overall,mat_keramik,NUTZT_MATERIAL,PARTIAL,PARTIAL,https://bauteilboerse-basel.ch/ueber-uns/,,,,,network_json slice actor_edge_enrichment_existing_types_2026_06_01,_neo4j/intake/inbox/research/bauteilboerse_network_2026-06-01_project_part_actor_edges.json,f9cf1a8c 2026-06-02 updates,https://bauteilboerse-basel.ch/bauteile/,,actor_edge_enrichment_existing_types_2026_06_01,,,,page fetched but quote weak,page fetched but quote weak; actor_node_source_urls,url_in_json_no_quote_never_imported_to_graph,edge row in project_part_actor_edges export
G02-0096,EP03-0907,R07-0260,5:5f542910-8dcf-46a9-a77c-dfff0c64ee65:1164260768024135697,bauteilboerse_basel_overall,mat_kunststoff,NUTZT_MATERIAL,PARTIAL,PARTIAL,https://bauteilboerse-basel.ch/ueber-uns/,,,,,network_json slice actor_edge_enrichment_existing_types_2026_06_01,_neo4j/intake/inbox/research/bauteilboerse_network_2026-06-01_project_part_actor_edges.json,f9cf1a8c 2026-06-02 updates,https://bauteilboerse-basel.ch/bauteile/,,actor_edge_enrichment_existing_types_2026_06_01,,,,page fetched but quote weak,page fetched but quote weak; actor_node_source_urls,url_in_json_no_quote_never_imported_to_graph,edge row in project_part_actor_edges export
G02-0097,EP03-0908,R07-0261,5:5f542910-8dcf-46a9-a77c-dfff0c64ee65:1159757168396765201,bauteilboerse_basel_overall,mat_naturstein,NUTZT_MATERIAL,PARTIAL,PARTIAL,https://bauteilboerse-basel.ch/ueber-uns/,https://bauteilboerse-basel.ch/ueber-uns/,Und vielleicht dürfen wir uns bald über das erste Hochhaus aus gebrauchten Bauteilen freuen.» Pierre Strub Inhaber «nachhaltig wirkt» «Die BTB ist ein hervorragendes Beispiel für Zirkularwirtschaft und eröffnet meinen Studierenden immer wieder neue Perspektiven.» Thomas Wüthrich Lehrbeauftragter Hochschule für Gestaltung und Kunst HGK Basel «So einfach kann Wieder­ver­wen­dung sein.,quality_pass_q04_2026_06_06,r_bauteilboerse_basel_overall__NUTZT_MATERIAL__mat_naturstein,network_json slice actor_edge_enrichment_existing_types_2026_06_01,_neo4j/intake/inbox/research/bauteilboerse_network_2026-06-01_project_part_actor_edges.json,f9cf1a8c 2026-06-02 updates,https://bauteilboerse-basel.ch/bauteile/,,actor_edge_enrichment_existing_types_2026_06_01,,,,page fetched but quote weak,page fetched but quote weak; actor_node_source_urls,partial_despite_some_evidence,edge row in project_part_actor_edges export
G02-0098,EP03-0909,R07-0262,5:5f542910-8dcf-46a9-a77c-dfff0c64ee65:1162008968210450449,bauteilboerse_basel_overall,mat_stahl,NUTZT_MATERIAL,PARTIAL,PARTIAL,https://bauteilboerse-basel.ch/ueber-uns/,,,,,network_json slice actor_edge_enrichment_existing_types_2026_06_01,_neo4j/intake/inbox/research/bauteilboerse_network_2026-06-01_project_part_actor_edges.json,f9cf1a8c 2026-06-02 updates,https://bauteilboerse-basel.ch/bauteile/,,actor_edge_enrichment_existing_types_2026_06_01,,,,page fetched but quote weak,page fetched but quote weak; actor_node_source_urls,url_in_json_no_quote_never_imported_to_graph,edge row in project_part_actor_edges export
G02-0099,EP03-0910,R07-0263,5:5f542910-8dcf-46a9-a77c-dfff0c64ee65:1166512567837820945,bauteilboerse_basel_overall,mat_ziegel,NUTZT_MATERIAL,PARTIAL,PARTIAL,https://bauteilboerse-basel.ch/ueber-uns/,,,,,network_json slice actor_edge_enrichment_existing_types_2026_06_01,_neo4j/intake/inbox/research/bauteilboerse_network_2026-06-01_project_part_actor_edges.json,f9cf1a8c 2026-06-02 updates,https://bauteilboerse-basel.ch/bauteile/,,actor_edge_enrichment_existing_types_2026_06_01,,,,page fetched but quote weak,page fetched but quote weak; actor_node_source_urls,url_in_json_no_quote_never_imported_to_graph,edge row in project_part_actor_edges export
G02-0100,EP03-0922,R07-0264,5:5f542910-8dcf-46a9-a77c-dfff0c64ee65:1157505368583051750,bauteilnetz_deutschland,mat_glas,NUTZT_MATERIAL,PARTIAL,PARTIAL,http://www.bauteilnetz.de/bauteilnetz/website/stdws_adresse/bauteilboersen.html,,,,,network_json slice actor_edge_enrichment_existing_types_2026_06_01,_neo4j/intake/inbox/research/bauteilboerse_network_2026-06-01_project_part_actor_edges.json,f9cf1a8c 2026-06-02 updates,https://www.dbu.de/projektbeispiele/das-bauteilnetz-deutschland/,,actor_edge_enrichment_existing_types_2026_06_01,,,,page fetched but quote weak,page fetched but quote weak; actor_node_source_urls,url_in_json_no_quote_never_imported_to_graph,edge row in project_part_actor_edges export
G02-0101,EP03-0925,R07-0265,5:5f542910-8dcf-46a9-a77c-dfff0c64ee65:1162008968210422246,bauteilnetz_deutschland,mat_stahl,NUTZT_MATERIAL,PARTIAL,PARTIAL,http://www.bauteilnetz.de/bauteilnetz/website/stdws_adresse/bauteilboersen.html,,,,,network_json slice actor_edge_enrichment_existing_types_2026_06_01,_neo4j/intake/inbox/research/bauteilboerse_network_2026-06-01_project_part_actor_edges.json,f9cf1a8c 2026-06-02 updates,https://www.dbu.de/projektbeispiele/das-bauteilnetz-deutschland/,,actor_edge_enrichment_existing_types_2026_06_01,,,,page fetched but quote weak,page fetched but quote weak; actor_node_source_urls,url_in_json_no_quote_never_imported_to_graph,edge row in project_part_actor_edges export
G02-0102,EP03-1320,R07-0266,5:5f542910-8dcf-46a9-a77c-dfff0c64ee65:1159757168396765203,btvz_zuerichsee_oberland,mat_glas,NUTZT_MATERIAL,PARTIAL,PARTIAL,https://www.btvz.ch/suchliste/,,,,,network_json slice actor_edge_enrichment_existing_types_2026_06_01,_neo4j/intake/inbox/research/bauteilboerse_network_2026-06-01_project_part_actor_edges.json,f9cf1a8c 2026-06-02 updates,https://www.btvz.ch/portraet/,,actor_edge_enrichment_existing_types_2026_06_01,,,,page fetched but quote weak,page fetched but quote weak; actor_node_source_urls,url_in_json_no_quote_never_imported_to_graph,edge row in project_part_actor_edges export
G02-0103,EP03-1321,R07-0267,5:5f542910-8dcf-46a9-a77c-dfff0c64ee65:1157505368583079955,btvz_zuerichsee_oberland,mat_holz,NUTZT_MATERIAL,PARTIAL,PARTIAL,https://www.btvz.ch/suchliste/,,,,,network_json slice actor_edge_enrichment_existing_types_2026_06_01,_neo4j/intake/inbox/research/bauteilboerse_network_2026-06-01_project_part_actor_edges.json,f9cf1a8c 2026-06-02 updates,https://www.btvz.ch/portraet/,,actor_edge_enrichment_existing_types_2026_06_01,,,,page fetched but quote weak,page fetched but quote weak; actor_node_source_urls,url_in_json_no_quote_never_imported_to_graph,edge row in project_part_actor_edges export
G02-0104,EP03-1329,R07-0268,5:5f542910-8dcf-46a9-a77c-dfff0c64ee65:1168764367651510882,building_spares_market,mat_kunststoff,NUTZT_MATERIAL,PARTIAL,PARTIAL,https://buildingsparesmarket.co.uk/advert-category/general-building-materials,,,,,network_json slice edge_enrichment_deeper_existing_node_types_2026_06_01,_neo4j/intake/inbox/research/bauteilboerse_network_2026-06-01_project_part_actor_edges.json,f9cf1a8c 2026-06-02 updates,https://buildingsparesmarket.co.uk/advert-category/doors-windows-and-joinery/,,edge_enrichment_deeper_existing_node_types_2026_06_01,,,,page fetched but quote weak,page fetched but quote weak; actor_node_source_urls,url_in_json_no_quote_never_imported_to_graph,edge row in project_part_actor_edges export
G02-0105,EP03-1332,R07-0269,5:5f542910-8dcf-46a9-a77c-dfff0c64ee65:1153001768955679847,cleveland_steel_tubes,mat_stahl,NUTZT_MATERIAL,PARTIAL,PARTIAL,https://cleveland-steel.com/,https://cleveland-steel.com/,Worldwide supply of steel tubing | Cleveland Steel & Tubes Skip to main content X Menu Main navigation Show — Main navigation Hide — Main navigation Home Pipe and Tube Stock Search Services Case studies Sell Steel Pipe and Tube Sell Steel Section Repurposed Steel Our stock Downloads About us Contact Image REDUCE COSTS REDUCE DELIVERY TIMES REDUCE CARBON EMISSIONS View all stock We’re promoting the use of surplus steel tube The use of surplus steel tube in construction and infrastructure projects,quality_pass_q04_2026_06_06,r_deep_cleveland_steel_tubes__NUTZT_MATERIAL__mat_stahl,network_json deep enrichment slice (pre-2026-06-02 import),_neo4j/intake/inbox/research/bauteilboerse_network_2026-06-01_project_part_actor_edges.json,f9cf1a8c 2026-06-02 updates,https://www.cleveland-steel.com/,,actor_edge_enrichment_deep_existing_types_2026_06_01,,,,page fetched but quote weak,page fetched but quote weak; actor_node_source_urls,partial_despite_some_evidence,enrichment_run=actor_edge_enrichment_deep_existing_types_2026_06_01
G02-0106,EP03-1333,R07-0270,5:5f542910-8dcf-46a9-a77c-dfff0c64ee65:1153001768955681197,concular,mat_aluminium,NUTZT_MATERIAL,PARTIAL,PARTIAL,https://concular.de/urban-mining/,,,,,network_json slice actor_edge_enrichment_deep_existing_types_2026_06_01,_neo4j/intake/inbox/research/bauteilboerse_network_2026-06-01_project_part_actor_edges.json,f9cf1a8c 2026-06-02 updates,https://concular.shop/,,actor_edge_enrichment_deep_existing_types_2026_06_01,,,,page fetched but quote weak,page fetched but quote weak; actor_node_source_urls,url_in_json_no_quote_never_imported_to_graph,edge row in project_part_actor_edges export
G02-0107,EP03-1334,R07-0271,5:5f542910-8dcf-46a9-a77c-dfff0c64ee65:1155253568769366445,concular,mat_daemmstoff,NUTZT_MATERIAL,PARTIAL,PARTIAL,https://concular.de/urban-mining/,,,,,network_json slice actor_edge_enrichment_deep_existing_types_2026_06_01,_neo4j/intake/inbox/research/bauteilboerse_network_2026-06-01_project_part_actor_edges.json,f9cf1a8c 2026-06-02 updates,https://concular.shop/,,actor_edge_enrichment_deep_existing_types_2026_06_01,,,,page fetched but quote weak,page fetched but quote weak; actor_node_source_urls,url_in_json_no_quote_never_imported_to_graph,edge row in project_part_actor_edges export
G02-0108,EP03-1335,R07-0272,5:5f542910-8dcf-46a9-a77c-dfff0c64ee65:1157505368583051693,concular,mat_glas,NUTZT_MATERIAL,PARTIAL,PARTIAL,https://concular.de/urban-mining/,,,,,network_json slice actor_edge_enrichment_deep_existing_types_2026_06_01,_neo4j/intake/inbox/research/bauteilboerse_network_2026-06-01_project_part_actor_edges.json,f9cf1a8c 2026-06-02 updates,https://concular.shop/,,actor_edge_enrichment_deep_existing_types_2026_06_01,,,,page fetched but quote weak,page fetched but quote weak; actor_node_source_urls,url_in_json_no_quote_never_imported_to_graph,edge row in project_part_actor_edges export
G02-0109,EP03-1336,R07-0273,5:5f542910-8dcf-46a9-a77c-dfff0c64ee65:1159757168396736941,concular,mat_holz,NUTZT_MATERIAL,PARTIAL,PARTIAL,https://concular.de/urban-mining/,https://concular.de/urban-mining/,"Statt Ressourcen zu entsorgen, werden Bauteile wie Stahl, Holz, Fenster oder Böden erfasst, bewertet und wiederverwendet – für ein zirkuläres, ressourcenschonendes Bauen.",quality_pass_q04_2026_06_06,r_deep_concular__NUTZT_MATERIAL__mat_holz,network_json deep enrichment slice (pre-2026-06-02 import),_neo4j/intake/inbox/research/bauteilboerse_network_2026-06-01_project_part_actor_edges.json,f9cf1a8c 2026-06-02 updates,https://concular.shop/,,actor_edge_enrichment_deep_existing_types_2026_06_01,,,,page fetched but quote weak,page fetched but quote weak; actor_node_source_urls,partial_despite_some_evidence,enrichment_run=actor_edge_enrichment_deep_existing_types_2026_06_01
G02-0110,EP03-1337,R07-0274,5:5f542910-8dcf-46a9-a77c-dfff0c64ee65:1162008968210422189,concular,mat_keramik,NUTZT_MATERIAL,PARTIAL,PARTIAL,https://concular.de/urban-mining/,,,,,network_json slice actor_edge_enrichment_deep_existing_types_2026_06_01,_neo4j/intake/inbox/research/bauteilboerse_network_2026-06-01_project_part_actor_edges.json,f9cf1a8c 2026-06-02 updates,https://concular.shop/,,actor_edge_enrichment_deep_existing_types_2026_06_01,,,,page fetched but quote weak,page fetched but quote weak; actor_node_source_urls,url_in_json_no_quote_never_imported_to_graph,edge row in project_part_actor_edges export
G02-0111,EP03-1338,R07-0275,5:5f542910-8dcf-46a9-a77c-dfff0c64ee65:1166512567837792685,concular,mat_kunststoff,NUTZT_MATERIAL,PARTIAL,PARTIAL,https://concular.de/urban-mining/,,,,,network_json slice actor_edge_enrichment_deep_existing_types_2026_06_01,_neo4j/intake/inbox/research/bauteilboerse_network_2026-06-01_project_part_actor_edges.json,f9cf1a8c 2026-06-02 updates,https://concular.shop/,,actor_edge_enrichment_deep_existing_types_2026_06_01,,,,page fetched but quote weak,page fetched but quote weak; actor_node_source_urls,url_in_json_no_quote_never_imported_to_graph,edge row in project_part_actor_edges export
G02-0112,EP03-1339,R07-0276,5:5f542910-8dcf-46a9-a77c-dfff0c64ee65:1164260768024107437,concular,mat_naturstein,NUTZT_MATERIAL,PARTIAL,PARTIAL,https://concular.de/urban-mining/,https://concular.de/urban-mining/,Jetzt anfragen Urban Mining – Erfolgsgeschichten Erfolgsgeschichten Re-use Naturstein Travertin aus dem Bestand – MOMENI Group mit David Chipperfield Architects Mehr erfahren Erfolgsgeschichten B&B HOTEL in Lübeck – Hochwertige Materialien werden durch Urban Mining im Kreislauf gehalten Mehr erfahren Pressemitteilung Zeitenwende für das Siemens Tagungszentrum in Feldafing – Mit Urban Mining in die bauliche Zukunft des Unternehmens Mehr erfahren Erfolgsgeschichten Behrens-/Väthbau in Düsseldorf M,quality_pass_q04_2026_06_06,r_deep_concular__NUTZT_MATERIAL__mat_naturstein,network_json deep enrichment slice (pre-2026-06-02 import),_neo4j/intake/inbox/research/bauteilboerse_network_2026-06-01_project_part_actor_edges.json,f9cf1a8c 2026-06-02 updates,https://concular.shop/,,actor_edge_enrichment_deep_existing_types_2026_06_01,,,,page fetched but quote weak,page fetched but quote weak; actor_node_source_urls,partial_despite_some_evidence,enrichment_run=actor_edge_enrichment_deep_existing_types_2026_06_01
G02-0113,EP03-1345,R07-0277,5:5f542910-8dcf-46a9-a77c-dfff0c64ee65:1159757168396769893,cycle_zero,mat_glas,NUTZT_MATERIAL,PARTIAL,PARTIAL,https://play.google.com/store/apps/details?id=com.cycle0.cycle0app,,,,,network_json slice actor_edge_enrichment_existing_types_2026_06_01,_neo4j/intake/inbox/research/bauteilboerse_network_2026-06-01_project_part_actor_edges.json,f9cf1a8c 2026-06-02 updates,https://cyclezero.fr/particulier.html,,actor_edge_enrichment_existing_types_2026_06_01,,,,page fetched but quote weak,page fetched but quote weak; actor_node_source_urls,url_in_json_no_quote_never_imported_to_graph,edge row in project_part_actor_edges export
G02-0114,EP03-1348,R07-0278,5:5f542910-8dcf-46a9-a77c-dfff0c64ee65:1159757168396769894,enviromate,mat_glas,NUTZT_MATERIAL,PARTIAL,PARTIAL,https://www.enviromate.co.uk/,,,,,network_json slice actor_edge_enrichment_deep_existing_types_2026_06_01,_neo4j/intake/inbox/research/bauteilboerse_network_2026-06-01_project_part_actor_edges.json,f9cf1a8c 2026-06-02 updates,https://www.enviromate.co.uk/,,actor_edge_enrichment_deep_existing_types_2026_06_01,,,,page fetched but quote weak,page fetched but quote weak; actor_node_source_urls,url_in_json_no_quote_never_imported_to_graph,edge row in project_part_actor_edges export
G02-0115,EP03-1361,R07-0279,5:5f542910-8dcf-46a9-a77c-dfff0c64ee65:1157505368583084647,genbyg,mat_ziegel,NUTZT_MATERIAL,PARTIAL,PARTIAL,https://genbyg.dk/,,,,,network_json slice actor_edge_enrichment_existing_types_2026_06_01,_neo4j/intake/inbox/research/bauteilboerse_network_2026-06-01_project_part_actor_edges.json,f9cf1a8c 2026-06-02 updates,https://genbyg.dk/,,actor_edge_enrichment_existing_types_2026_06_01,,,,page fetched but quote weak,page fetched but quote weak; actor_node_source_urls,url_in_json_no_quote_never_imported_to_graph,edge row in project_part_actor_edges export
G02-0116,EP03-1362,R07-0280,5:5f542910-8dcf-46a9-a77c-dfff0c64ee65:1153001768955679846,heyne_tillett_steel,mat_stahl,NUTZT_MATERIAL,PARTIAL,PARTIAL,https://hts.uk.com/practice/,https://hts.uk.com/practice/,Practice | Heyne Tillett Steel Heyne Tillett Steel Home Low carbon toggle Low carbon mode Search toggle Menu Search Search Heyne Tillett Steel Home Projects Services Practice People News & Views Careers Contact We're hiring!,quality_pass_q04_2026_06_06,r_deeper_heyne_tillett_steel__NUTZT_MATERIAL__mat_stahl,network_json deeper node-types slice,_neo4j/intake/inbox/research/bauteilboerse_network_2026-06-01_project_part_actor_edges.json,f9cf1a8c 2026-06-02 updates,https://ukgbc.org/resources/reused-steel-stockmatcher/,,edge_enrichment_deeper_existing_node_types_2026_06_01,,,,page fetched but quote weak,page fetched but quote weak; actor_node_source_urls,partial_despite_some_evidence,enrichment_run=edge_enrichment_deeper_existing_node_types_2026_06_01
G02-0117,EP03-1366,R07-0281,5:5f542910-8dcf-46a9-a77c-dfff0c64ee65:1153001768955714155,material_index,mat_glas,NUTZT_MATERIAL,PARTIAL,PARTIAL,https://material-index.co.uk/,,,,,network_json slice actor_edge_enrichment_existing_types_2026_06_01,_neo4j/intake/inbox/research/bauteilboerse_network_2026-06-01_project_part_actor_edges.json,f9cf1a8c 2026-06-02 updates,https://specfinish.co.uk/innovation-hub/material-index-platform/,,actor_edge_enrichment_existing_types_2026_06_01,,,,page fetched but quote weak,page fetched but quote weak; actor_node_source_urls,url_in_json_no_quote_never_imported_to_graph,edge row in project_part_actor_edges export
G02-0118,EP03-1369,R07-0282,5:5f542910-8dcf-46a9-a77c-dfff0c64ee65:1159757168396769901,materialenbank_leuven_atelier_circuler,mat_daemmstoff,NUTZT_MATERIAL,PARTIAL,PARTIAL,https://pers.leuven.be/de-leuvense-materialenbank-redt-470-ton-materialen-in-2025-recordjaar-voor-circulaire-economie,,,,,network_json slice actor_edge_enrichment_existing_types_2026_06_01,_neo4j/intake/inbox/research/bauteilboerse_network_2026-06-01_project_part_actor_edges.json,f9cf1a8c 2026-06-02 updates,https://ateliercirculer.be/materialenbank/,,actor_edge_enrichment_existing_types_2026_06_01,,,,page fetched but quote weak,page fetched but quote weak; actor_node_source_urls,url_in_json_no_quote_never_imported_to_graph,edge row in project_part_actor_edges export
G02-0119,EP03-1370,R07-0283,5:5f542910-8dcf-46a9-a77c-dfff0c64ee65:1162008968210455149,materialenbank_leuven_atelier_circuler,mat_glas,NUTZT_MATERIAL,PARTIAL,PARTIAL,https://pers.leuven.be/de-leuvense-materialenbank-redt-470-ton-materialen-in-2025-recordjaar-voor-circulaire-economie,,,,,network_json slice actor_edge_enrichment_existing_types_2026_06_01,_neo4j/intake/inbox/research/bauteilboerse_network_2026-06-01_project_part_actor_edges.json,f9cf1a8c 2026-06-02 updates,https://ateliercirculer.be/materialenbank/,,actor_edge_enrichment_existing_types_2026_06_01,,,,page fetched but quote weak,page fetched but quote weak; actor_node_source_urls,url_in_json_no_quote_never_imported_to_graph,edge row in project_part_actor_edges export
G02-0120,EP03-1379,R07-0284,5:5f542910-8dcf-46a9-a77c-dfff0c64ee65:1155253568769360474,new_horizon_urban_mining,mat_beton,NUTZT_MATERIAL,PARTIAL,PARTIAL,https://www.circonl.nl/case/urban-mining-new-horizon/,https://www.circonl.nl/case/urban-mining-new-horizon/,"De schone materialen die het bedrijf terugwint, zoals beton, bitumen en baksteen, zijn één op één vergelijkbaar met nieuwe materialen.",quality_pass_q04_2026_06_06,r_deep_new_horizon_urban_mining__NUTZT_MATERIAL__mat_beton,network_json deep enrichment slice (pre-2026-06-02 import),_neo4j/intake/inbox/research/bauteilboerse_network_2026-06-01_project_part_actor_edges.json,f9cf1a8c 2026-06-02 updates,https://www.jajo.com/en/companies/new-horizon/,,actor_edge_enrichment_deep_existing_types_2026_06_01,,,,page fetched but quote weak,page fetched but quote weak; actor_node_source_urls,partial_despite_some_evidence,enrichment_run=actor_edge_enrichment_deep_existing_types_2026_06_01
G02-0121,EP03-1380,R07-0285,5:5f542910-8dcf-46a9-a77c-dfff0c64ee65:1153001768955675226,new_horizon_urban_mining,mat_holz,NUTZT_MATERIAL,PARTIAL,PARTIAL,https://www.circonl.nl/case/urban-mining-new-horizon/,,,,,network_json slice actor_edge_enrichment_deep_existing_types_2026_06_01,_neo4j/intake/inbox/research/bauteilboerse_network_2026-06-01_project_part_actor_edges.json,f9cf1a8c 2026-06-02 updates,https://www.jajo.com/en/companies/new-horizon/,,actor_edge_enrichment_deep_existing_types_2026_06_01,,,,page fetched but quote weak,page fetched but quote weak; actor_node_source_urls,url_in_json_no_quote_never_imported_to_graph,edge row in project_part_actor_edges export
G02-0122,EP03-1381,R07-0286,5:5f542910-8dcf-46a9-a77c-dfff0c64ee65:1166512567837792645,opalis,mat_daemmstoff,NUTZT_MATERIAL,PARTIAL,PARTIAL,https://opalis.eu/en/documentation,,,,,network_json slice actor_edge_enrichment_deep_existing_types_2026_06_01,_neo4j/intake/inbox/research/bauteilboerse_network_2026-06-01_project_part_actor_edges.json,f9cf1a8c 2026-06-02 updates,https://opalis.eu/en/dealers/list,,actor_edge_enrichment_deep_existing_types_2026_06_01,,,,page fetched but quote weak,page fetched but quote weak; actor_node_source_urls,url_in_json_no_quote_never_imported_to_graph,edge row in project_part_actor_edges export
G02-0123,EP03-1382,R07-0287,5:5f542910-8dcf-46a9-a77c-dfff0c64ee65:1162008968210422149,opalis,mat_glas,NUTZT_MATERIAL,PARTIAL,PARTIAL,https://opalis.eu/en/documentation,,,,,network_json slice actor_edge_enrichment_deep_existing_types_2026_06_01,_neo4j/intake/inbox/research/bauteilboerse_network_2026-06-01_project_part_actor_edges.json,f9cf1a8c 2026-06-02 updates,https://opalis.eu/en/dealers/list,,actor_edge_enrichment_deep_existing_types_2026_06_01,,,,page fetched but quote weak,page fetched but quote weak; actor_node_source_urls,url_in_json_no_quote_never_imported_to_graph,edge row in project_part_actor_edges export
G02-0124,EP03-1383,R07-0288,5:5f542910-8dcf-46a9-a77c-dfff0c64ee65:1153001768955681157,opalis,mat_holz,NUTZT_MATERIAL,PARTIAL,PARTIAL,https://opalis.eu/en/documentation,https://opalis.eu/en/documentation,General contractors Interior finishers Wood workers Roofers Demolishers and dismantlers Infrastructure companies Insurance for reused building materials A selection of 11 case studies which successfully dealt with insurance issues for reused building materials.,quality_pass_q04_2026_06_06,r_deep_opalis__NUTZT_MATERIAL__mat_holz,network_json deep enrichment slice (pre-2026-06-02 import),_neo4j/intake/inbox/research/bauteilboerse_network_2026-06-01_project_part_actor_edges.json,f9cf1a8c 2026-06-02 updates,https://opalis.eu/en/dealers/list,,actor_edge_enrichment_deep_existing_types_2026_06_01,,,,page fetched but quote weak,page fetched but quote weak; actor_node_source_urls,partial_despite_some_evidence,enrichment_run=actor_edge_enrichment_deep_existing_types_2026_06_01
G02-0125,EP03-1384,R07-0289,5:5f542910-8dcf-46a9-a77c-dfff0c64ee65:1157505368583051653,opalis,mat_keramik,NUTZT_MATERIAL,PARTIAL,PARTIAL,https://opalis.eu/en/documentation,,,,,network_json slice actor_edge_enrichment_deep_existing_types_2026_06_01,_neo4j/intake/inbox/research/bauteilboerse_network_2026-06-01_project_part_actor_edges.json,f9cf1a8c 2026-06-02 updates,https://opalis.eu/en/dealers/list,,actor_edge_enrichment_deep_existing_types_2026_06_01,,,,page fetched but quote weak,page fetched but quote weak; actor_node_source_urls,url_in_json_no_quote_never_imported_to_graph,edge row in project_part_actor_edges export
G02-0126,EP03-1385,R07-0290,5:5f542910-8dcf-46a9-a77c-dfff0c64ee65:1159757168396736901,opalis,mat_naturstein,NUTZT_MATERIAL,PARTIAL,PARTIAL,https://opalis.eu/en/documentation,,,,,network_json slice actor_edge_enrichment_deep_existing_types_2026_06_01,_neo4j/intake/inbox/research/bauteilboerse_network_2026-06-01_project_part_actor_edges.json,f9cf1a8c 2026-06-02 updates,https://opalis.eu/en/dealers/list,,actor_edge_enrichment_deep_existing_types_2026_06_01,,,,page fetched but quote weak,page fetched but quote weak; actor_node_source_urls,url_in_json_no_quote_never_imported_to_graph,edge row in project_part_actor_edges export
G02-0127,EP03-1386,R07-0291,5:5f542910-8dcf-46a9-a77c-dfff0c64ee65:1164260768024107397,opalis,mat_stahl,NUTZT_MATERIAL,PARTIAL,PARTIAL,https://opalis.eu/en/documentation,,,,,network_json slice actor_edge_enrichment_deep_existing_types_2026_06_01,_neo4j/intake/inbox/research/bauteilboerse_network_2026-06-01_project_part_actor_edges.json,f9cf1a8c 2026-06-02 updates,https://opalis.eu/en/dealers/list,,actor_edge_enrichment_deep_existing_types_2026_06_01,,,,page fetched but quote weak,page fetched but quote weak; actor_node_source_urls,url_in_json_no_quote_never_imported_to_graph,edge row in project_part_actor_edges export
G02-0128,EP03-1387,R07-0292,5:5f542910-8dcf-46a9-a77c-dfff0c64ee65:1155253568769366405,opalis,mat_ziegel,NUTZT_MATERIAL,PARTIAL,PARTIAL,https://opalis.eu/en/documentation,,,,,network_json slice actor_edge_enrichment_deep_existing_types_2026_06_01,_neo4j/intake/inbox/research/bauteilboerse_network_2026-06-01_project_part_actor_edges.json,f9cf1a8c 2026-06-02 updates,https://opalis.eu/en/dealers/list,,actor_edge_enrichment_deep_existing_types_2026_06_01,,,,page fetched but quote weak,page fetched but quote weak; actor_node_source_urls,url_in_json_no_quote_never_imported_to_graph,edge row in project_part_actor_edges export
G02-0129,EP03-1464,R07-0293,5:5f542910-8dcf-46a9-a77c-dfff0c64ee65:1164260768024107396,rotordc,mat_stahl,NUTZT_MATERIAL,PARTIAL,PARTIAL,https://rotordc.com/blog/salvaging-by-rotordc-3/generale-banks-hq-brussels-72,https://rotordc.com/blog/salvaging-by-rotordc-3/generale-banks-hq-brussels-72,"Both designers are renowned for their meticulous craftsmanship and their distinctive use of high-quality, timeless materials such as solid wood, stone and steel.",quality_pass_q04_2026_06_06,r_rotordc__NUTZT_MATERIAL__mat_stahl,network_json slice actor_edge_enrichment_existing_types_2026_06_01,_neo4j/intake/inbox/research/bauteilboerse_network_2026-06-01_project_part_actor_edges.json,f9cf1a8c 2026-06-02 updates,https://rotordc.com/,,actor_edge_enrichment_existing_types_2026_06_01,,,,page fetched but quote weak,page fetched but quote weak; actor_node_source_urls,partial_despite_some_evidence,edge row in project_part_actor_edges export
G02-0130,EP03-1465,R07-0294,5:5f542910-8dcf-46a9-a77c-dfff0c64ee65:1157505368583051652,rotordc,mat_ziegel,NUTZT_MATERIAL,PARTIAL,PARTIAL,https://rotordc.com/blog/salvaging-by-rotordc-3/generale-banks-hq-brussels-72,,,,,network_json slice actor_edge_enrichment_existing_types_2026_06_01,_neo4j/intake/inbox/research/bauteilboerse_network_2026-06-01_project_part_actor_edges.json,f9cf1a8c 2026-06-02 updates,https://rotordc.com/,,actor_edge_enrichment_existing_types_2026_06_01,,,,page fetched but quote weak,page fetched but quote weak; actor_node_source_urls,url_in_json_no_quote_never_imported_to_graph,edge row in project_part_actor_edges export
G02-0131,EP03-1466,R07-0295,5:5f542910-8dcf-46a9-a77c-dfff0c64ee65:1155253568769399413,salvoweb,mat_glas,NUTZT_MATERIAL,PARTIAL,PARTIAL,https://www.salvoweb.com/,,,,,network_json slice actor_edge_enrichment_existing_types_2026_06_01,_neo4j/intake/inbox/research/bauteilboerse_network_2026-06-01_project_part_actor_edges.json,f9cf1a8c 2026-06-02 updates,https://www.salvoweb.com/,,actor_edge_enrichment_existing_types_2026_06_01,,,,page fetched but quote weak,page fetched but quote weak; actor_node_source_urls,url_in_json_no_quote_never_imported_to_graph,edge row in project_part_actor_edges export
G02-0132,EP03-1469,R07-0296,5:5f542910-8dcf-46a9-a77c-dfff0c64ee65:1159757168396769909,salvoweb,mat_stahl,NUTZT_MATERIAL,PARTIAL,PARTIAL,https://www.salvoweb.com/,,,,,network_json slice actor_edge_enrichment_existing_types_2026_06_01,_neo4j/intake/inbox/research/bauteilboerse_network_2026-06-01_project_part_actor_edges.json,f9cf1a8c 2026-06-02 updates,https://www.salvoweb.com/,,actor_edge_enrichment_existing_types_2026_06_01,,,,page fetched but quote weak,page fetched but quote weak; actor_node_source_urls,url_in_json_no_quote_never_imported_to_graph,edge row in project_part_actor_edges export
G02-0133,EP03-1471,R07-0297,5:5f542910-8dcf-46a9-a77c-dfff0c64ee65:1155253568769399415,skop_marketplace,mat_glas,NUTZT_MATERIAL,PARTIAL,PARTIAL,https://www.skop.app/marketplace-materiaux-reemploi,,,,,network_json slice actor_edge_enrichment_existing_types_2026_06_01,_neo4j/intake/inbox/research/bauteilboerse_network_2026-06-01_project_part_actor_edges.json,f9cf1a8c 2026-06-02 updates,https://marketplace.skop.app/,,actor_edge_enrichment_existing_types_2026_06_01,,,,page fetched but quote weak,page fetched but quote weak; actor_node_source_urls,url_in_json_no_quote_never_imported_to_graph,edge row in project_part_actor_edges export
G02-0134,EP03-1474,R07-0298,5:5f542910-8dcf-46a9-a77c-dfff0c64ee65:1153001768955679886,software_concular,mat_kunststoff,NUTZT_MATERIAL,PARTIAL,PARTIAL,https://restado.de/,,,,,network_json slice edge_enrichment_deeper_existing_node_types_2026_06_01,_neo4j/intake/inbox/research/bauteilboerse_network_2026-06-01_project_part_actor_edges.json,f9cf1a8c 2026-06-02 updates,https://www.kfw.de/stories/economy/start-ups/concular/,,edge_enrichment_deeper_existing_node_types_2026_06_01,,,,page fetched but quote weak,page fetched but quote weak; actor_node_source_urls,url_in_json_no_quote_never_imported_to_graph,edge row in project_part_actor_edges export
G02-0135,EP03-1481,R07-0299,5:5f542910-8dcf-46a9-a77c-dfff0c64ee65:1159757168396769913,sustainability_yard,mat_beton,NUTZT_MATERIAL,PARTIAL,PARTIAL,https://materialreuseportal.com/Marketplace-Providers,https://sustainabilityyard.com/,"0 Building Materials Breedon Double Roll Concrete Roof Tile, Antique Red New £0.96 excl.",quality_pass_q04_2026_06_06,r_deep_sustainability_yard__NUTZT_MATERIAL__mat_beton,network_json deep enrichment slice (pre-2026-06-02 import),_neo4j/intake/inbox/research/bauteilboerse_network_2026-06-01_project_part_actor_edges.json,f9cf1a8c 2026-06-02 updates,https://www.sustainabilityyard.com/,,actor_edge_enrichment_deep_existing_types_2026_06_01,,,,page fetched but quote weak,page fetched but quote weak; actor_node_source_urls,partial_despite_some_evidence,enrichment_run=actor_edge_enrichment_deep_existing_types_2026_06_01
G02-0136,EP03-1485,R07-0300,5:5f542910-8dcf-46a9-a77c-dfff0c64ee65:1153001768955680321,symmetrys,mat_stahl,NUTZT_MATERIAL,PARTIAL,PARTIAL,https://symmetrys.com/about-us/,,,,,network_json slice edge_enrichment_deeper_existing_node_types_2026_06_01,_neo4j/intake/inbox/research/bauteilboerse_network_2026-06-01_project_part_actor_edges.json,f9cf1a8c 2026-06-02 updates,https://symmetrys.com/news/pushing-boundaries-in-the-reuse-of-steelwork/,,edge_enrichment_deeper_existing_node_types_2026_06_01,,,,page fetched but quote weak,page fetched but quote weak; actor_node_source_urls,url_in_json_no_quote_never_imported_to_graph,edge row in project_part_actor_edges export
G02-0137,EP03-1486,R07-0301,5:5f542910-8dcf-46a9-a77c-dfff0c64ee65:1155253568769394711,syphon_ag_bauteilboerse_biel_bruegg,mat_glas,NUTZT_MATERIAL,PARTIAL,PARTIAL,https://www.syphon.ch/,,,,,network_json slice actor_edge_enrichment_existing_types_2026_06_01,_neo4j/intake/inbox/research/bauteilboerse_network_2026-06-01_project_part_actor_edges.json,f9cf1a8c 2026-06-02 updates,https://www.syphon.ch/,,actor_edge_enrichment_existing_types_2026_06_01,,,,page fetched but quote weak,page fetched but quote weak; actor_node_source_urls,url_in_json_no_quote_never_imported_to_graph,edge row in project_part_actor_edges export
G02-0138,EP03-1487,R07-0302,5:5f542910-8dcf-46a9-a77c-dfff0c64ee65:1153001768955709463,syphon_ag_bauteilboerse_biel_bruegg,mat_holz,NUTZT_MATERIAL,PARTIAL,PARTIAL,https://www.syphon.ch/,,,,,network_json slice actor_edge_enrichment_existing_types_2026_06_01,_neo4j/intake/inbox/research/bauteilboerse_network_2026-06-01_project_part_actor_edges.json,f9cf1a8c 2026-06-02 updates,https://www.syphon.ch/,,actor_edge_enrichment_existing_types_2026_06_01,,,,page fetched but quote weak,page fetched but quote weak; actor_node_source_urls,url_in_json_no_quote_never_imported_to_graph,edge row in project_part_actor_edges export
G02-0139,EP03-1488,R07-0303,5:5f542910-8dcf-46a9-a77c-dfff0c64ee65:1157505368583079959,syphon_ag_bauteilboerse_biel_bruegg,mat_keramik,NUTZT_MATERIAL,PARTIAL,PARTIAL,https://www.syphon.ch/,,,,,network_json slice actor_edge_enrichment_existing_types_2026_06_01,_neo4j/intake/inbox/research/bauteilboerse_network_2026-06-01_project_part_actor_edges.json,f9cf1a8c 2026-06-02 updates,https://www.syphon.ch/,,actor_edge_enrichment_existing_types_2026_06_01,,,,page fetched but quote weak,page fetched but quote weak; actor_node_source_urls,url_in_json_no_quote_never_imported_to_graph,edge row in project_part_actor_edges export
G02-0140,EP03-1489,R07-0304,5:5f542910-8dcf-46a9-a77c-dfff0c64ee65:1159757168396765207,syphon_ag_bauteilboerse_biel_bruegg,mat_stahl,NUTZT_MATERIAL,PARTIAL,PARTIAL,https://www.syphon.ch/,,,,,network_json slice actor_edge_enrichment_existing_types_2026_06_01,_neo4j/intake/inbox/research/bauteilboerse_network_2026-06-01_project_part_actor_edges.json,f9cf1a8c 2026-06-02 updates,https://www.syphon.ch/,,actor_edge_enrichment_existing_types_2026_06_01,,,,page fetched but quote weak,page fetched but quote weak; actor_node_source_urls,url_in_json_no_quote_never_imported_to_graph,edge row in project_part_actor_edges export
G02-0141,EP03-1491,R07-0306,5:5f542910-8dcf-46a9-a77c-dfff0c64ee65:1164260768024140410,useagain_bauteilclick,mat_daemmstoff,NUTZT_MATERIAL,PARTIAL,PARTIAL,https://www.useagain.ch/de/,,,,,network_json slice actor_edge_enrichment_existing_types_2026_06_01,_neo4j/intake/inbox/research/bauteilboerse_network_2026-06-01_project_part_actor_edges.json,f9cf1a8c 2026-06-02 updates,https://www.bauteilclick.ch/,,actor_edge_enrichment_existing_types_2026_06_01,,,,page fetched but quote weak,page fetched but quote weak; actor_node_source_urls,url_in_json_no_quote_never_imported_to_graph,edge row in project_part_actor_edges export
G02-0142,EP03-1495,R07-0307,5:5f542910-8dcf-46a9-a77c-dfff0c64ee65:1162008968210455162,useagain_bauteilclick,mat_kunststoff,NUTZT_MATERIAL,PARTIAL,PARTIAL,https://www.useagain.ch/de/,,,,,network_json slice actor_edge_enrichment_existing_types_2026_06_01,_neo4j/intake/inbox/research/bauteilboerse_network_2026-06-01_project_part_actor_edges.json,f9cf1a8c 2026-06-02 updates,https://www.bauteilclick.ch/,,actor_edge_enrichment_existing_types_2026_06_01,,,,page fetched but quote weak,page fetched but quote weak; actor_node_source_urls,url_in_json_no_quote_never_imported_to_graph,edge row in project_part_actor_edges export
G02-0143,EP03-1496,R07-0308,5:5f542910-8dcf-46a9-a77c-dfff0c64ee65:1166512567837825658,useagain_bauteilclick,mat_naturstein,NUTZT_MATERIAL,PARTIAL,PARTIAL,https://www.useagain.ch/de/,,,,,network_json slice actor_edge_enrichment_existing_types_2026_06_01,_neo4j/intake/inbox/research/bauteilboerse_network_2026-06-01_project_part_actor_edges.json,f9cf1a8c 2026-06-02 updates,https://www.bauteilclick.ch/,,actor_edge_enrichment_existing_types_2026_06_01,,,,page fetched but quote weak,page fetched but quote weak; actor_node_source_urls,url_in_json_no_quote_never_imported_to_graph,edge row in project_part_actor_edges export
