"source","relation","target","raw_label","confidence","resolution_rule","legacy_path"
"reuse_einsatz/55_Great_Suffolk_Street_London__001__Stahlprofile_f_r_neuen_externen_Kern","has_bauteilebene","bauteilebene/System","Stahlprofile für neuen externen Kern | Baustahl | 1 Broadgate + Cleveland Steel and Tubes | Tragwerk eines donor building / reclaimed stock | Tragstruktur externer Service- und Erschließungskern | 20.35 t; 97 % von 20.98 t Stahlwerk | ja | indirekt, als Träger von Servicekern | Anbauteile entfernt, Löcher gefüllt, getestet, CE markiert | Testing centres; CE marking | Tragfähigkeit, Schweißbarkeit, Nachweisbarkeit | Profilgrößen, Services, Aufbereitung, Zertifizierung","rule_medium","label_50p_has_bauteilprofil_component_profile",""
"reuse_einsatz/55_Great_Suffolk_Street_London__001__Stahlprofile_f_r_neuen_externen_Kern","has_bauteilzustand","bauteilzustand/Geprueft","Stahlprofile für neuen externen Kern | Baustahl | 1 Broadgate + Cleveland Steel and Tubes | Tragwerk eines donor building / reclaimed stock | Tragstruktur externer Service- und Erschließungskern | 20.35 t; 97 % von 20.98 t Stahlwerk | ja | indirekt, als Träger von Servicekern | Anbauteile entfernt, Löcher gefüllt, getestet, CE markiert | Testing centres; CE marking | Tragfähigkeit, Schweißbarkeit, Nachweisbarkeit | Profilgrößen, Services, Aufbereitung, Zertifizierung","rule_medium","label_50p_has_bauteilprofil_component_profile",""
"reuse_einsatz/55_Great_Suffolk_Street_London__001__Stahlprofile_f_r_neuen_externen_Kern","has_funktionswechsel","funktionswechsel/Gleiche_Funktion","Stahlprofile für neuen externen Kern | Baustahl | 1 Broadgate + Cleveland Steel and Tubes | Tragwerk eines donor building / reclaimed stock | Tragstruktur externer Service- und Erschließungskern | 20.35 t; 97 % von 20.98 t Stahlwerk | ja | indirekt, als Träger von Servicekern | Anbauteile entfernt, Löcher gefüllt, getestet, CE markiert | Testing centres; CE marking | Tragfähigkeit, Schweißbarkeit, Nachweisbarkeit | Profilgrößen, Services, Aufbereitung, Zertifizierung","rule_high","label_50p_has_bauteilprofil_component_profile",""
"reuse_einsatz/55_Great_Suffolk_Street_London__001__Stahlprofile_f_r_neuen_externen_Kern","has_funktionswechsel","funktionswechsel/Konstruktive_Funktion","Stahlprofile für neuen externen Kern | Baustahl | 1 Broadgate + Cleveland Steel and Tubes | Tragwerk eines donor building / reclaimed stock | Tragstruktur externer Service- und Erschließungskern | 20.35 t; 97 % von 20.98 t Stahlwerk | ja | indirekt, als Träger von Servicekern | Anbauteile entfernt, Löcher gefüllt, getestet, CE markiert | Testing centres; CE marking | Tragfähigkeit, Schweißbarkeit, Nachweisbarkeit | Profilgrößen, Services, Aufbereitung, Zertifizierung","rule_medium","label_50p_has_bauteilprofil_component_profile",""
"reuse_einsatz/55_Great_Suffolk_Street_London__002__Stahl_aus_1_Broadgate","has_bauteilebene","bauteilebene/System","Stahl aus 1 Broadgate | Baustahl | donor site 1 Broadgate, City of London | Stahlrahmen eines abgebrochenen Bürogebäudes | Teil des neuen Kerntragwerks | 8.3 t / ca. 43 % des reused steel | ja | nein | Concrete casings entfernt, hot-cut ends; Weiterbearbeitung | getestet / CE | strukturelle Verwendung | timing donor/receiver, Profilverfügbarkeit","rule_medium","label_50p_has_bauteilprofil_component_profile",""
"reuse_einsatz/55_Great_Suffolk_Street_London__002__Stahl_aus_1_Broadgate","has_bauteilzustand","bauteilzustand/Geprueft","Stahl aus 1 Broadgate | Baustahl | donor site 1 Broadgate, City of London | Stahlrahmen eines abgebrochenen Bürogebäudes | Teil des neuen Kerntragwerks | 8.3 t / ca. 43 % des reused steel | ja | nein | Concrete casings entfernt, hot-cut ends; Weiterbearbeitung | getestet / CE | strukturelle Verwendung | timing donor/receiver, Profilverfügbarkeit","rule_medium","label_50p_has_bauteilprofil_component_profile",""
"reuse_einsatz/55_Great_Suffolk_Street_London__002__Stahl_aus_1_Broadgate","has_funktionswechsel","funktionswechsel/Gleiche_Funktion","Stahl aus 1 Broadgate | Baustahl | donor site 1 Broadgate, City of London | Stahlrahmen eines abgebrochenen Bürogebäudes | Teil des neuen Kerntragwerks | 8.3 t / ca. 43 % des reused steel | ja | nein | Concrete casings entfernt, hot-cut ends; Weiterbearbeitung | getestet / CE | strukturelle Verwendung | timing donor/receiver, Profilverfügbarkeit","rule_high","label_50p_has_bauteilprofil_component_profile",""
"reuse_einsatz/55_Great_Suffolk_Street_London__002__Stahl_aus_1_Broadgate","has_funktionswechsel","funktionswechsel/Konstruktive_Funktion","Stahl aus 1 Broadgate | Baustahl | donor site 1 Broadgate, City of London | Stahlrahmen eines abgebrochenen Bürogebäudes | Teil des neuen Kerntragwerks | 8.3 t / ca. 43 % des reused steel | ja | nein | Concrete casings entfernt, hot-cut ends; Weiterbearbeitung | getestet / CE | strukturelle Verwendung | timing donor/receiver, Profilverfügbarkeit","rule_medium","label_50p_has_bauteilprofil_component_profile",""
"reuse_einsatz/55_Great_Suffolk_Street_London__003__Reclaimed_stock_von_Cleveland","has_bauteilebene","bauteilebene/Materialcharge","Reclaimed stock von Cleveland | Baustahl | Cleveland Steel and Tubes | reclaimed stock / surplus | Teil des neuen Kerntragwerks | 11.1 t / ca. 57 % des reused steel | ja | nein | Lagerung, Restaurierung, Rezertifizierung | testing / CE | strukturelle Verwendung | Marktliquidität","rule_high","label_50p_has_bauteilprofil_component_profile",""
"reuse_einsatz/55_Great_Suffolk_Street_London__003__Reclaimed_stock_von_Cleveland","has_bauteilzustand","bauteilzustand/Geprueft","Reclaimed stock von Cleveland | Baustahl | Cleveland Steel and Tubes | reclaimed stock / surplus | Teil des neuen Kerntragwerks | 11.1 t / ca. 57 % des reused steel | ja | nein | Lagerung, Restaurierung, Rezertifizierung | testing / CE | strukturelle Verwendung | Marktliquidität","rule_medium","label_50p_has_bauteilprofil_component_profile",""
"reuse_einsatz/55_Great_Suffolk_Street_London__003__Reclaimed_stock_von_Cleveland","has_funktionswechsel","funktionswechsel/Neue_Funktion","Reclaimed stock von Cleveland | Baustahl | Cleveland Steel and Tubes | reclaimed stock / surplus | Teil des neuen Kerntragwerks | 11.1 t / ca. 57 % des reused steel | ja | nein | Lagerung, Restaurierung, Rezertifizierung | testing / CE | strukturelle Verwendung | Marktliquidität","rule_medium","label_50p_has_bauteilprofil_component_profile",""
"reuse_einsatz/55_Great_Suffolk_Street_London__003__Reclaimed_stock_von_Cleveland","has_funktionswechsel","funktionswechsel/Konstruktive_Funktion","Reclaimed stock von Cleveland | Baustahl | Cleveland Steel and Tubes | reclaimed stock / surplus | Teil des neuen Kerntragwerks | 11.1 t / ca. 57 % des reused steel | ja | nein | Lagerung, Restaurierung, Rezertifizierung | testing / CE | strukturelle Verwendung | Marktliquidität","rule_medium","label_50p_has_bauteilprofil_component_profile",""
"reuse_einsatz/AWM_Muenster_Circular_Office__001__Glastrennw_nde_und_T_ren","has_bauteilebene","bauteilebene/Bauteilgruppe","Glastrennwände und Türen | Glas, Metallprofile | Behrensbau, Düsseldorf, über Concular | Büro-/Gebäudetrennwände | Trennwände und Türen im AWM-Office | 4,39 t CO₂ durch Wiederverwendung eingespart; Stückzahl unbekannt | nein | nein | Rückgewinnung, Transport, Montage | Brandschutz/Schallschutz/Sicherheit | Passung, Transport, Glaszustand","rule_medium","label_50p_has_bauteilprofil_component_profile",""
"reuse_einsatz/AWM_Muenster_Circular_Office__001__Glastrennw_nde_und_T_ren","has_funktionswechsel","funktionswechsel/Gleiche_Funktion","Glastrennwände und Türen | Glas, Metallprofile | Behrensbau, Düsseldorf, über Concular | Büro-/Gebäudetrennwände | Trennwände und Türen im AWM-Office | 4,39 t CO₂ durch Wiederverwendung eingespart; Stückzahl unbekannt | nein | nein | Rückgewinnung, Transport, Montage | Brandschutz/Schallschutz/Sicherheit | Passung, Transport, Glaszustand","rule_high","label_50p_has_bauteilprofil_component_profile",""
"reuse_einsatz/AWM_Muenster_Circular_Office__001__Glastrennw_nde_und_T_ren","has_funktionswechsel","funktionswechsel/Konstruktive_Funktion","Glastrennwände und Türen | Glas, Metallprofile | Behrensbau, Düsseldorf, über Concular | Büro-/Gebäudetrennwände | Trennwände und Türen im AWM-Office | 4,39 t CO₂ durch Wiederverwendung eingespart; Stückzahl unbekannt | nein | nein | Rückgewinnung, Transport, Montage | Brandschutz/Schallschutz/Sicherheit | Passung, Transport, Glaszustand","rule_medium","label_50p_has_bauteilprofil_component_profile",""
"reuse_einsatz/AWM_Muenster_Circular_Office__002__WC_Trennw_nde","has_bauteilebene","bauteilebene/Bauteilgruppe","WC-Trennwände | Behrensbau, Düsseldorf | Sanitärtrennwände | WC-Trennwände | nein | nein | Rückgewinnung, Montage | Hygiene, Feuchte, Stabilität | Zustand/Passung","rule_medium","label_50p_has_bauteilprofil_component_profile",""
"reuse_einsatz/AWM_Muenster_Circular_Office__002__WC_Trennw_nde","has_funktionswechsel","funktionswechsel/Gleiche_Funktion","WC-Trennwände | Behrensbau, Düsseldorf | Sanitärtrennwände | WC-Trennwände | nein | nein | Rückgewinnung, Montage | Hygiene, Feuchte, Stabilität | Zustand/Passung","rule_high","label_50p_has_bauteilprofil_component_profile",""
"reuse_einsatz/AWM_Muenster_Circular_Office__002__WC_Trennw_nde","has_funktionswechsel","funktionswechsel/Technische_Funktion","WC-Trennwände | Behrensbau, Düsseldorf | Sanitärtrennwände | WC-Trennwände | nein | nein | Rückgewinnung, Montage | Hygiene, Feuchte, Stabilität | Zustand/Passung","rule_medium","label_50p_has_bauteilprofil_component_profile",""
"reuse_einsatz/AWM_Muenster_Circular_Office__002__WC_Trennw_nde","has_funktionswechsel","funktionswechsel/Konstruktive_Funktion","WC-Trennwände | Behrensbau, Düsseldorf | Sanitärtrennwände | WC-Trennwände | nein | nein | Rückgewinnung, Montage | Hygiene, Feuchte, Stabilität | Zustand/Passung","rule_medium","label_50p_has_bauteilprofil_component_profile",""
"reuse_einsatz/AWM_Muenster_Circular_Office__004__Kabeltrassen_und_LED_Leuchten","has_bauteilebene","bauteilebene/Bauteilgruppe","Kabeltrassen und LED-Leuchten | Metall, Elektrokomponenten | ReUse-Kabeltrassen und ReUse-LED-Leuchten | Elektroleitung/Leuchten | Allgemeinbeleuchtung | nein | ja | Reaktivierung, Montage | Elektrosicherheitsprüfung unbekannt | Elektrosicherheit | Zulassung/Haftung","rule_medium","label_50p_has_bauteilprofil_component_profile",""
"reuse_einsatz/AWM_Muenster_Circular_Office__004__Kabeltrassen_und_LED_Leuchten","has_funktionswechsel","funktionswechsel/Gleiche_Funktion","Kabeltrassen und LED-Leuchten | Metall, Elektrokomponenten | ReUse-Kabeltrassen und ReUse-LED-Leuchten | Elektroleitung/Leuchten | Allgemeinbeleuchtung | nein | ja | Reaktivierung, Montage | Elektrosicherheitsprüfung unbekannt | Elektrosicherheit | Zulassung/Haftung","rule_high","label_50p_has_bauteilprofil_component_profile",""
"reuse_einsatz/AWM_Muenster_Circular_Office__004__Kabeltrassen_und_LED_Leuchten","has_funktionswechsel","funktionswechsel/Technische_Funktion","Kabeltrassen und LED-Leuchten | Metall, Elektrokomponenten | ReUse-Kabeltrassen und ReUse-LED-Leuchten | Elektroleitung/Leuchten | Allgemeinbeleuchtung | nein | ja | Reaktivierung, Montage | Elektrosicherheitsprüfung unbekannt | Elektrosicherheit | Zulassung/Haftung","rule_medium","label_50p_has_bauteilprofil_component_profile",""
"reuse_einsatz/AWM_Muenster_Circular_Office__006__Sideboard_Holzeinbauten","has_funktionswechsel","funktionswechsel/Neue_Funktion","Sideboard / Holzeinbauten | Holz | Deckenkonstruktion eines Supermarkts / Discounter-Auflösung | konstruktives Holz / Ladenbau | Sideboard, Küche, Unterkonstruktion, Einbauten | nein | nein | Rückbau, Zuschnitt, Tischlerei | Stabilität, Hygiene bei Küche | Herkunft und Sortierung","rule_medium","label_50p_has_bauteilprofil_component_profile",""
"reuse_einsatz/AWM_Muenster_Circular_Office__006__Sideboard_Holzeinbauten","has_funktionswechsel","funktionswechsel/Konstruktive_Funktion","Sideboard / Holzeinbauten | Holz | Deckenkonstruktion eines Supermarkts / Discounter-Auflösung | konstruktives Holz / Ladenbau | Sideboard, Küche, Unterkonstruktion, Einbauten | nein | nein | Rückbau, Zuschnitt, Tischlerei | Stabilität, Hygiene bei Küche | Herkunft und Sortierung","rule_medium","label_50p_has_bauteilprofil_component_profile",""
"reuse_einsatz/Association_house_Groeditz__001__Au_enwand_Fertigteile","has_funktionswechsel","funktionswechsel/Gleiche_Funktion","Außenwand-Fertigteile | Stahlbetonfertigteil | Schule Typ Dresden | Außenwand | Wand/Fassade | Teil von 279 | wahrscheinlich ja | nein | Tragfähigkeit, Hülle, Feuchte/Wärme | Maß-/Anschlussdetails","rule_high","label_50p_has_bauteilprofil_component_profile",""
"reuse_einsatz/Association_house_Groeditz__001__Au_enwand_Fertigteile","has_funktionswechsel","funktionswechsel/Konstruktive_Funktion","Außenwand-Fertigteile | Stahlbetonfertigteil | Schule Typ Dresden | Außenwand | Wand/Fassade | Teil von 279 | wahrscheinlich ja | nein | Tragfähigkeit, Hülle, Feuchte/Wärme | Maß-/Anschlussdetails","rule_medium","label_50p_has_bauteilprofil_component_profile",""
"reuse_einsatz/Association_house_Groeditz__002__Innenwand_Fertigteile","has_funktionswechsel","funktionswechsel/Gleiche_Funktion","Innenwand-Fertigteile | Stahlbetonfertigteil | Schule Typ Dresden | Innenwand | Wand/Trag-/Raumstruktur | Teil von 279 | wahrscheinlich ja | nein | Tragfähigkeit, Brandschutz, Schallschutz | Höhenausgleich","rule_high","label_50p_has_bauteilprofil_component_profile",""
"reuse_einsatz/Association_house_Groeditz__002__Innenwand_Fertigteile","has_funktionswechsel","funktionswechsel/Konstruktive_Funktion","Innenwand-Fertigteile | Stahlbetonfertigteil | Schule Typ Dresden | Innenwand | Wand/Trag-/Raumstruktur | Teil von 279 | wahrscheinlich ja | nein | Tragfähigkeit, Brandschutz, Schallschutz | Höhenausgleich","rule_medium","label_50p_has_bauteilprofil_component_profile",""
"reuse_einsatz/Association_house_Groeditz__003__Innenwandrahmen","has_funktionswechsel","funktionswechsel/Neue_Funktion","Innenwandrahmen | Stahlbetonfertigteil | Schule Typ Dresden | Wand-/Rahmenelement | räumlich/tragend | Teil von 279 | wahrscheinlich ja | nein | Tragfähigkeit | Geometrie","rule_high","label_50p_has_bauteilprofil_component_profile",""
"reuse_einsatz/Association_house_Groeditz__003__Innenwandrahmen","has_funktionswechsel","funktionswechsel/Konstruktive_Funktion","Innenwandrahmen | Stahlbetonfertigteil | Schule Typ Dresden | Wand-/Rahmenelement | räumlich/tragend | Teil von 279 | wahrscheinlich ja | nein | Tragfähigkeit | Geometrie","rule_medium","label_50p_has_bauteilprofil_component_profile",""
"reuse_einsatz/Association_house_Groeditz__004__Deckenelemente","has_bauteilebene","bauteilebene/Bauteilgruppe","Deckenelemente | Stahlbetonfertigteil | Schule Typ Dresden | Decke/Boden | Decke/Boden | Teil von 279 | ja | nein | Tragfähigkeit, Brandschutz | Anschluss, Betondeckung","rule_medium","label_50p_has_bauteilprofil_component_profile",""
"reuse_einsatz/Association_house_Groeditz__004__Deckenelemente","has_funktionswechsel","funktionswechsel/Gleiche_Funktion","Deckenelemente | Stahlbetonfertigteil | Schule Typ Dresden | Decke/Boden | Decke/Boden | Teil von 279 | ja | nein | Tragfähigkeit, Brandschutz | Anschluss, Betondeckung","rule_high","label_50p_has_bauteilprofil_component_profile",""
"reuse_einsatz/Association_house_Groeditz__004__Deckenelemente","has_funktionswechsel","funktionswechsel/Konstruktive_Funktion","Deckenelemente | Stahlbetonfertigteil | Schule Typ Dresden | Decke/Boden | Decke/Boden | Teil von 279 | ja | nein | Tragfähigkeit, Brandschutz | Anschluss, Betondeckung","rule_medium","label_50p_has_bauteilprofil_component_profile",""
"reuse_einsatz/Association_house_Groeditz__005__Sockel_Plinthenplatten","has_bauteilebene","bauteilebene/Bauteilgruppe","Sockel-/Plinthenplatten | Stahlbetonfertigteil | Schule Typ Dresden | Sockel/Plinthe | Sockel/Fassade/Wandbereich | Teil von 279 | nein | Feuchte/Dauerhaftigkeit | Anschluss","rule_medium","label_50p_has_bauteilprofil_component_profile",""
"reuse_einsatz/Association_house_Groeditz__005__Sockel_Plinthenplatten","has_funktionswechsel","funktionswechsel/Gleiche_Funktion","Sockel-/Plinthenplatten | Stahlbetonfertigteil | Schule Typ Dresden | Sockel/Plinthe | Sockel/Fassade/Wandbereich | Teil von 279 | nein | Feuchte/Dauerhaftigkeit | Anschluss","rule_high","label_50p_has_bauteilprofil_component_profile",""
"reuse_einsatz/Association_house_Groeditz__005__Sockel_Plinthenplatten","has_funktionswechsel","funktionswechsel/Konstruktive_Funktion","Sockel-/Plinthenplatten | Stahlbetonfertigteil | Schule Typ Dresden | Sockel/Plinthe | Sockel/Fassade/Wandbereich | Teil von 279 | nein | Feuchte/Dauerhaftigkeit | Anschluss","rule_medium","label_50p_has_bauteilprofil_component_profile",""
"reuse_einsatz/Association_house_Groeditz__006__Treppen","has_bauteilebene","bauteilebene/Bauteilgruppe","Treppen | Stahlbetonfertigteil | Schule Typ Dresden | Treppen | Erschließung | Teil von 279 | ja | nein | Tragfähigkeit, Brandschutz, Barrierefreiheit | Schall/Brandschutz","rule_medium","label_50p_has_bauteilprofil_component_profile",""
"reuse_einsatz/Association_house_Groeditz__006__Treppen","has_funktionswechsel","funktionswechsel/Gleiche_Funktion","Treppen | Stahlbetonfertigteil | Schule Typ Dresden | Treppen | Erschließung | Teil von 279 | ja | nein | Tragfähigkeit, Brandschutz, Barrierefreiheit | Schall/Brandschutz","rule_high","label_50p_has_bauteilprofil_component_profile",""
"reuse_einsatz/Association_house_Groeditz__006__Treppen","has_funktionswechsel","funktionswechsel/Konstruktive_Funktion","Treppen | Stahlbetonfertigteil | Schule Typ Dresden | Treppen | Erschließung | Teil von 279 | ja | nein | Tragfähigkeit, Brandschutz, Barrierefreiheit | Schall/Brandschutz","rule_medium","label_50p_has_bauteilprofil_component_profile",""
"reuse_einsatz/Association_house_Groeditz__007__WBS70_Paneele","has_bauteilebene","bauteilebene/Bauteilgruppe","WBS70-Paneele | Stahlbetonfertigteil | weiteres Gebäude | Wand/Decke unbekannt | Wand/Decke/Fassade | 159 | wahrscheinlich ja | nein | Tragfähigkeit/Hülle | Systemmix","rule_medium","label_50p_has_bauteilprofil_component_profile",""
"reuse_einsatz/Association_house_Groeditz__007__WBS70_Paneele","has_funktionswechsel","funktionswechsel/Gleiche_Funktion","WBS70-Paneele | Stahlbetonfertigteil | weiteres Gebäude | Wand/Decke unbekannt | Wand/Decke/Fassade | 159 | wahrscheinlich ja | nein | Tragfähigkeit/Hülle | Systemmix","rule_high","label_50p_has_bauteilprofil_component_profile",""
"reuse_einsatz/Association_house_Groeditz__007__WBS70_Paneele","has_funktionswechsel","funktionswechsel/Konstruktive_Funktion","WBS70-Paneele | Stahlbetonfertigteil | weiteres Gebäude | Wand/Decke unbekannt | Wand/Decke/Fassade | 159 | wahrscheinlich ja | nein | Tragfähigkeit/Hülle | Systemmix","rule_medium","label_50p_has_bauteilprofil_component_profile",""
"reuse_einsatz/Association_house_Plauen__001__Decken_Bodenplatten","has_bauteilebene","bauteilebene/Bauteilgruppe","Decken-/Bodenplatten | Stahlbetonfertigteil | IW73/6-Wohnungsbau | Decke/Boden | Decke/Boden oder tragendes Bauteil im Vereinshaus | 145 | ja | nein | Tragfähigkeit, Gebrauchstauglichkeit, Brandschutz | Geometrie, Nachweis, Anschlüsse","rule_medium","label_50p_has_bauteilprofil_component_profile",""
"reuse_einsatz/Association_house_Plauen__001__Decken_Bodenplatten","has_funktionswechsel","funktionswechsel/Gleiche_Funktion","Decken-/Bodenplatten | Stahlbetonfertigteil | IW73/6-Wohnungsbau | Decke/Boden | Decke/Boden oder tragendes Bauteil im Vereinshaus | 145 | ja | nein | Tragfähigkeit, Gebrauchstauglichkeit, Brandschutz | Geometrie, Nachweis, Anschlüsse","rule_high","label_50p_has_bauteilprofil_component_profile",""
"reuse_einsatz/Association_house_Plauen__001__Decken_Bodenplatten","has_funktionswechsel","funktionswechsel/Konstruktive_Funktion","Decken-/Bodenplatten | Stahlbetonfertigteil | IW73/6-Wohnungsbau | Decke/Boden | Decke/Boden oder tragendes Bauteil im Vereinshaus | 145 | ja | nein | Tragfähigkeit, Gebrauchstauglichkeit, Brandschutz | Geometrie, Nachweis, Anschlüsse","rule_medium","label_50p_has_bauteilprofil_component_profile",""
"reuse_einsatz/Association_house_Plauen__002__Au_enwandelemente","has_bauteilebene","bauteilebene/Bauteilgruppe","Außenwandelemente | Stahlbetonfertigteil | IW73/6-Wohnungsbau | Außenwand | Wand/Hülle | 19 | wahrscheinlich ja | nein | Tragfähigkeit, Wärmeschutz, Feuchte, Brandschutz | Hülle/Anschluss/Wärmebrücken","rule_medium","label_50p_has_bauteilprofil_component_profile",""
"reuse_einsatz/Association_house_Plauen__002__Au_enwandelemente","has_funktionswechsel","funktionswechsel/Gleiche_Funktion","Außenwandelemente | Stahlbetonfertigteil | IW73/6-Wohnungsbau | Außenwand | Wand/Hülle | 19 | wahrscheinlich ja | nein | Tragfähigkeit, Wärmeschutz, Feuchte, Brandschutz | Hülle/Anschluss/Wärmebrücken","rule_high","label_50p_has_bauteilprofil_component_profile",""
"reuse_einsatz/Association_house_Plauen__002__Au_enwandelemente","has_funktionswechsel","funktionswechsel/Konstruktive_Funktion","Außenwandelemente | Stahlbetonfertigteil | IW73/6-Wohnungsbau | Außenwand | Wand/Hülle | 19 | wahrscheinlich ja | nein | Tragfähigkeit, Wärmeschutz, Feuchte, Brandschutz | Hülle/Anschluss/Wärmebrücken","rule_medium","label_50p_has_bauteilprofil_component_profile",""
"reuse_einsatz/Association_house_Plauen__003__Innenwandelemente","has_bauteilebene","bauteilebene/Bauteilgruppe","Innenwandelemente | Stahlbetonfertigteil | IW73/6-Wohnungsbau | Innenwand | Innen-/Tragwand | 14 | wahrscheinlich ja | nein | Tragfähigkeit, Schallschutz, Brandschutz | Grundrissbindung","rule_medium","label_50p_has_bauteilprofil_component_profile",""
"reuse_einsatz/Association_house_Plauen__003__Innenwandelemente","has_funktionswechsel","funktionswechsel/Gleiche_Funktion","Innenwandelemente | Stahlbetonfertigteil | IW73/6-Wohnungsbau | Innenwand | Innen-/Tragwand | 14 | wahrscheinlich ja | nein | Tragfähigkeit, Schallschutz, Brandschutz | Grundrissbindung","rule_high","label_50p_has_bauteilprofil_component_profile",""
"reuse_einsatz/Association_house_Plauen__003__Innenwandelemente","has_funktionswechsel","funktionswechsel/Konstruktive_Funktion","Innenwandelemente | Stahlbetonfertigteil | IW73/6-Wohnungsbau | Innenwand | Innen-/Tragwand | 14 | wahrscheinlich ja | nein | Tragfähigkeit, Schallschutz, Brandschutz | Grundrissbindung","rule_medium","label_50p_has_bauteilprofil_component_profile",""
"reuse_einsatz/Association_house_Plauen__004__Kellerwandelemente","has_bauteilebene","bauteilebene/Bauteilgruppe","Kellerwandelemente | Stahlbetonfertigteil | IW73/6-Wohnungsbau | Kellerwand | Wand/Sockel/Kellerbereich | 11 | wahrscheinlich ja | nein | Feuchte, Druck, Dauerhaftigkeit | Feuchteschutz","rule_medium","label_50p_has_bauteilprofil_component_profile",""
"reuse_einsatz/Association_house_Plauen__004__Kellerwandelemente","has_funktionswechsel","funktionswechsel/Gleiche_Funktion","Kellerwandelemente | Stahlbetonfertigteil | IW73/6-Wohnungsbau | Kellerwand | Wand/Sockel/Kellerbereich | 11 | wahrscheinlich ja | nein | Feuchte, Druck, Dauerhaftigkeit | Feuchteschutz","rule_high","label_50p_has_bauteilprofil_component_profile",""
"reuse_einsatz/Association_house_Plauen__004__Kellerwandelemente","has_funktionswechsel","funktionswechsel/Konstruktive_Funktion","Kellerwandelemente | Stahlbetonfertigteil | IW73/6-Wohnungsbau | Kellerwand | Wand/Sockel/Kellerbereich | 11 | wahrscheinlich ja | nein | Feuchte, Druck, Dauerhaftigkeit | Feuchteschutz","rule_medium","label_50p_has_bauteilprofil_component_profile",""
"reuse_einsatz/BedZED_London_Hackbridge__001__Stahlrahmen_Stahlprofile","has_bauteilebene","bauteilebene/System","Stahlrahmen / Stahlprofile | Stahl | Lokale Abbruchstandorte im 35-mile-Radius; teilweise Brighton Railway Station | Tragende Stahlbauteile in früheren Gebäuden | Tragende Stahlrahmen, v. a. Workspaces | 98 t; 95 % des tragenden Stahls | ja | nein | Sandstrahlen, Fertigung, Lackierung, zinkreiche Beschichtung | Sichtprüfung; Herstellungsdatum; Rost/Scaling; vorhandene Verbindungen; Fabrikationseignung | Tragfähigkeit als Stahlrahmen | Profilverfügbarkeit; gebogene Profile nicht verfügbar/akzeptiert","rule_medium","label_50p_has_bauteilprofil_component_profile",""
"reuse_einsatz/BedZED_London_Hackbridge__001__Stahlrahmen_Stahlprofile","has_bauteilzustand","bauteilzustand/Geprueft","Stahlrahmen / Stahlprofile | Stahl | Lokale Abbruchstandorte im 35-mile-Radius; teilweise Brighton Railway Station | Tragende Stahlbauteile in früheren Gebäuden | Tragende Stahlrahmen, v. a. Workspaces | 98 t; 95 % des tragenden Stahls | ja | nein | Sandstrahlen, Fertigung, Lackierung, zinkreiche Beschichtung | Sichtprüfung; Herstellungsdatum; Rost/Scaling; vorhandene Verbindungen; Fabrikationseignung | Tragfähigkeit als Stahlrahmen | Profilverfügbarkeit; gebogene Profile nicht verfügbar/akzeptiert","rule_medium","label_50p_has_bauteilprofil_component_profile",""
"reuse_einsatz/BedZED_London_Hackbridge__001__Stahlrahmen_Stahlprofile","has_bauteilzustand","bauteilzustand/Korrodiert","Stahlrahmen / Stahlprofile | Stahl | Lokale Abbruchstandorte im 35-mile-Radius; teilweise Brighton Railway Station | Tragende Stahlbauteile in früheren Gebäuden | Tragende Stahlrahmen, v. a. Workspaces | 98 t; 95 % des tragenden Stahls | ja | nein | Sandstrahlen, Fertigung, Lackierung, zinkreiche Beschichtung | Sichtprüfung; Herstellungsdatum; Rost/Scaling; vorhandene Verbindungen; Fabrikationseignung | Tragfähigkeit als Stahlrahmen | Profilverfügbarkeit; gebogene Profile nicht verfügbar/akzeptiert","rule_high","label_50p_has_bauteilprofil_component_profile",""
"reuse_einsatz/BedZED_London_Hackbridge__001__Stahlrahmen_Stahlprofile","has_funktionswechsel","funktionswechsel/Gleiche_Funktion","Stahlrahmen / Stahlprofile | Stahl | Lokale Abbruchstandorte im 35-mile-Radius; teilweise Brighton Railway Station | Tragende Stahlbauteile in früheren Gebäuden | Tragende Stahlrahmen, v. a. Workspaces | 98 t; 95 % des tragenden Stahls | ja | nein | Sandstrahlen, Fertigung, Lackierung, zinkreiche Beschichtung | Sichtprüfung; Herstellungsdatum; Rost/Scaling; vorhandene Verbindungen; Fabrikationseignung | Tragfähigkeit als Stahlrahmen | Profilverfügbarkeit; gebogene Profile nicht verfügbar/akzeptiert","rule_high","label_50p_has_bauteilprofil_component_profile",""
"reuse_einsatz/BedZED_London_Hackbridge__001__Stahlrahmen_Stahlprofile","has_funktionswechsel","funktionswechsel/Konstruktive_Funktion","Stahlrahmen / Stahlprofile | Stahl | Lokale Abbruchstandorte im 35-mile-Radius; teilweise Brighton Railway Station | Tragende Stahlbauteile in früheren Gebäuden | Tragende Stahlrahmen, v. a. Workspaces | 98 t; 95 % des tragenden Stahls | ja | nein | Sandstrahlen, Fertigung, Lackierung, zinkreiche Beschichtung | Sichtprüfung; Herstellungsdatum; Rost/Scaling; vorhandene Verbindungen; Fabrikationseignung | Tragfähigkeit als Stahlrahmen | Profilverfügbarkeit; gebogene Profile nicht verfügbar/akzeptiert","rule_medium","label_50p_has_bauteilprofil_component_profile",""
"reuse_einsatz/BedZED_London_Hackbridge__003__Holzst_nder_Wandst_nder","has_funktionswechsel","funktionswechsel/Unbekannt","Holzständer / Wandständer | Nadelholz | lokale Rückbau-/Reclaim-Quellen | Unterkonstruktion für Gipskartonwände | 54 km laut BAZED | teilweise / nicht primär | nein | Instandsetzung, Behandlung, Zuschneiden in Sägewerk | Wand-/Innenausbauleistung | Aufbereitung und Zuschnitt nötig","rule_low","label_50p_has_bauteilprofil_component_profile",""
"reuse_einsatz/BedZED_London_Hackbridge__003__Holzst_nder_Wandst_nder","has_funktionswechsel","funktionswechsel/Konstruktive_Funktion","Holzständer / Wandständer | Nadelholz | lokale Rückbau-/Reclaim-Quellen | Unterkonstruktion für Gipskartonwände | 54 km laut BAZED | teilweise / nicht primär | nein | Instandsetzung, Behandlung, Zuschneiden in Sägewerk | Wand-/Innenausbauleistung | Aufbereitung und Zuschnitt nötig","rule_medium","label_50p_has_bauteilprofil_component_profile",""
"reuse_einsatz/BedZED_London_Hackbridge__004__T_ren","has_bauteilebene","bauteilebene/Bauteilgruppe","Türen | Holz/Metall/Glas unbekannt | wiederverwendet, Quelle unbekannt | Tür | Tür | nein | nein | Nutzbarkeit/Brandschutz unbekannt | Programm-/Lieferkettenprobleme bei reclaimed doors","rule_medium","label_50p_has_bauteilprofil_component_profile",""
"reuse_einsatz/BedZED_London_Hackbridge__004__T_ren","has_funktionswechsel","funktionswechsel/Gleiche_Funktion","Türen | Holz/Metall/Glas unbekannt | wiederverwendet, Quelle unbekannt | Tür | Tür | nein | nein | Nutzbarkeit/Brandschutz unbekannt | Programm-/Lieferkettenprobleme bei reclaimed doors","rule_high","label_50p_has_bauteilprofil_component_profile",""
"reuse_einsatz/BedZED_London_Hackbridge__004__T_ren","has_funktionswechsel","funktionswechsel/Konstruktive_Funktion","Türen | Holz/Metall/Glas unbekannt | wiederverwendet, Quelle unbekannt | Tür | Tür | nein | nein | Nutzbarkeit/Brandschutz unbekannt | Programm-/Lieferkettenprobleme bei reclaimed doors","rule_medium","label_50p_has_bauteilprofil_component_profile",""
"reuse_einsatz/BedZED_London_Hackbridge__005__Ger_strohre_als_Rampen_Gel_nder_Balustraden","has_funktionswechsel","funktionswechsel/Neue_Funktion","Gerüstrohre als Rampen/Geländer/Balustraden | Stahl | Gerüstmaterial | Gerüstrohr | Geländer/Balustrade | nein | nein | Absturzsicherung","rule_medium","label_50p_has_bauteilprofil_component_profile",""
"reuse_einsatz/BedZED_London_Hackbridge__006__Bordsteine","has_funktionswechsel","funktionswechsel/Gleiche_Funktion","Bordsteine | Stein/Beton | wiederverwendet | Straßen-/Außenraumkante | Außenraumkante | nein | nein | Außenraumtauglichkeit","rule_high","label_50p_has_bauteilprofil_component_profile",""
"reuse_einsatz/BedZED_London_Hackbridge__007__Natursteinplatten_paving_slabs","has_bauteilebene","bauteilebene/Oberflaechenschicht","Natursteinplatten / paving slabs | Stein | wiederverwendet geplant/teilweise unklar | Bodenbelag | Boden-/Außenbelag | nein | nein | Rutschfestigkeit/Frost unbekannt | Reclaimed paving slabs funktionierten nicht vollständig im Programm","rule_high","label_50p_has_bauteilprofil_component_profile",""
"reuse_einsatz/BedZED_London_Hackbridge__007__Natursteinplatten_paving_slabs","has_funktionswechsel","funktionswechsel/Gleiche_Funktion","Natursteinplatten / paving slabs | Stein | wiederverwendet geplant/teilweise unklar | Bodenbelag | Boden-/Außenbelag | nein | nein | Rutschfestigkeit/Frost unbekannt | Reclaimed paving slabs funktionierten nicht vollständig im Programm","rule_high","label_50p_has_bauteilprofil_component_profile",""
"reuse_einsatz/BedZED_London_Hackbridge__007__Natursteinplatten_paving_slabs","has_funktionswechsel","funktionswechsel/Konstruktive_Funktion","Natursteinplatten / paving slabs | Stein | wiederverwendet geplant/teilweise unklar | Bodenbelag | Boden-/Außenbelag | nein | nein | Rutschfestigkeit/Frost unbekannt | Reclaimed paving slabs funktionierten nicht vollständig im Programm","rule_medium","label_50p_has_bauteilprofil_component_profile",""
"reuse_einsatz/Berlin_Schildow_Pilot_House_2__001__zugeschnittene_Betonfertigteile","has_bauteilebene","bauteilebene/Bauteilgruppe","zugeschnittene Betonfertigteile | Stahlbeton / WBS70 | Berliner/Marzahner Plattenbau | Decken und Innenwände | Wand-/Decken-/Raumbauteile im neuen Haus | 200 Teile / 245 m³ | ja | nein | Sägen, Reinigen, Sortieren | allgemein geprüft, Detailwerte unbekannt | Tragfähigkeit, Gebrauchstauglichkeit, Brandschutz | Zuschnitt und Anschlussdetails","rule_medium","label_50p_has_bauteilprofil_component_profile",""
"reuse_einsatz/Berlin_Schildow_Pilot_House_2__001__zugeschnittene_Betonfertigteile","has_bauteilzustand","bauteilzustand/Geprueft","zugeschnittene Betonfertigteile | Stahlbeton / WBS70 | Berliner/Marzahner Plattenbau | Decken und Innenwände | Wand-/Decken-/Raumbauteile im neuen Haus | 200 Teile / 245 m³ | ja | nein | Sägen, Reinigen, Sortieren | allgemein geprüft, Detailwerte unbekannt | Tragfähigkeit, Gebrauchstauglichkeit, Brandschutz | Zuschnitt und Anschlussdetails","rule_medium","label_50p_has_bauteilprofil_component_profile",""
"reuse_einsatz/Berlin_Schildow_Pilot_House_2__001__zugeschnittene_Betonfertigteile","has_funktionswechsel","funktionswechsel/Gleiche_Funktion","zugeschnittene Betonfertigteile | Stahlbeton / WBS70 | Berliner/Marzahner Plattenbau | Decken und Innenwände | Wand-/Decken-/Raumbauteile im neuen Haus | 200 Teile / 245 m³ | ja | nein | Sägen, Reinigen, Sortieren | allgemein geprüft, Detailwerte unbekannt | Tragfähigkeit, Gebrauchstauglichkeit, Brandschutz | Zuschnitt und Anschlussdetails","rule_high","label_50p_has_bauteilprofil_component_profile",""
"reuse_einsatz/Berlin_Schildow_Pilot_House_2__001__zugeschnittene_Betonfertigteile","has_funktionswechsel","funktionswechsel/Konstruktive_Funktion","zugeschnittene Betonfertigteile | Stahlbeton / WBS70 | Berliner/Marzahner Plattenbau | Decken und Innenwände | Wand-/Decken-/Raumbauteile im neuen Haus | 200 Teile / 245 m³ | ja | nein | Sägen, Reinigen, Sortieren | allgemein geprüft, Detailwerte unbekannt | Tragfähigkeit, Gebrauchstauglichkeit, Brandschutz | Zuschnitt und Anschlussdetails","rule_medium","label_50p_has_bauteilprofil_component_profile",""
"reuse_einsatz/Berlin_Schildow_Pilot_House_2__002__Deckenplatten_als_Ursprungsbauteile","has_bauteilebene","bauteilebene/Bauteilgruppe","Deckenplatten als Ursprungsbauteile | Stahlbetonfertigteil | WBS70 | Geschossdecke | Ausgangsmaterial für neue Bauteile | 60 Ursprungsplatten | ja | nein | Zuschnitt | Tragfähigkeit | Geometrie, Lagerung","rule_medium","label_50p_has_bauteilprofil_component_profile",""
"reuse_einsatz/Berlin_Schildow_Pilot_House_2__002__Deckenplatten_als_Ursprungsbauteile","has_funktionswechsel","funktionswechsel/Neue_Funktion","Deckenplatten als Ursprungsbauteile | Stahlbetonfertigteil | WBS70 | Geschossdecke | Ausgangsmaterial für neue Bauteile | 60 Ursprungsplatten | ja | nein | Zuschnitt | Tragfähigkeit | Geometrie, Lagerung","rule_medium","label_50p_has_bauteilprofil_component_profile",""
"reuse_einsatz/Berlin_Schildow_Pilot_House_2__002__Deckenplatten_als_Ursprungsbauteile","has_funktionswechsel","funktionswechsel/Konstruktive_Funktion","Deckenplatten als Ursprungsbauteile | Stahlbetonfertigteil | WBS70 | Geschossdecke | Ausgangsmaterial für neue Bauteile | 60 Ursprungsplatten | ja | nein | Zuschnitt | Tragfähigkeit | Geometrie, Lagerung","rule_medium","label_50p_has_bauteilprofil_component_profile",""
"reuse_einsatz/Berlin_Schildow_Pilot_House_2__003__Innenwandplatten_als_Ursprungsbauteile","has_bauteilebene","bauteilebene/Bauteilgruppe","Innenwandplatten als Ursprungsbauteile | Stahlbetonfertigteil | WBS70 | Innenwand | Wände / Raumstruktur | 50 Ursprungsplatten | ja | nein | Zuschnitt | Tragfähigkeit, Schallschutz | Anschlüsse","rule_medium","label_50p_has_bauteilprofil_component_profile",""
"reuse_einsatz/Berlin_Schildow_Pilot_House_2__003__Innenwandplatten_als_Ursprungsbauteile","has_funktionswechsel","funktionswechsel/Gleiche_Funktion","Innenwandplatten als Ursprungsbauteile | Stahlbetonfertigteil | WBS70 | Innenwand | Wände / Raumstruktur | 50 Ursprungsplatten | ja | nein | Zuschnitt | Tragfähigkeit, Schallschutz | Anschlüsse","rule_high","label_50p_has_bauteilprofil_component_profile",""
"reuse_einsatz/Berlin_Schildow_Pilot_House_2__003__Innenwandplatten_als_Ursprungsbauteile","has_funktionswechsel","funktionswechsel/Konstruktive_Funktion","Innenwandplatten als Ursprungsbauteile | Stahlbetonfertigteil | WBS70 | Innenwand | Wände / Raumstruktur | 50 Ursprungsplatten | ja | nein | Zuschnitt | Tragfähigkeit, Schallschutz | Anschlüsse","rule_medium","label_50p_has_bauteilprofil_component_profile",""
"reuse_einsatz/Berlin_Schildow_Pilot_House_2__008__Dach","has_bauteilebene","bauteilebene/Gebaeudeteil","Dach | unbekannt / Teile aus Betonplatten wahrscheinlich | WBS70? | Decke/Wand | Satteldach | wahrscheinlich | nein | Zuschnitt | Dachlast, Feuchte, Wärmeschutz | ungewöhnliche Geometrie","rule_medium","label_50p_has_bauteilprofil_component_profile",""
"reuse_einsatz/Berlin_Schildow_Pilot_House_2__008__Dach","has_funktionswechsel","funktionswechsel/Neue_Funktion","Dach | unbekannt / Teile aus Betonplatten wahrscheinlich | WBS70? | Decke/Wand | Satteldach | wahrscheinlich | nein | Zuschnitt | Dachlast, Feuchte, Wärmeschutz | ungewöhnliche Geometrie","rule_high","label_50p_has_bauteilprofil_component_profile",""
"reuse_einsatz/Berlin_Schildow_Pilot_House_2__008__Dach","has_funktionswechsel","funktionswechsel/Konstruktive_Funktion","Dach | unbekannt / Teile aus Betonplatten wahrscheinlich | WBS70? | Decke/Wand | Satteldach | wahrscheinlich | nein | Zuschnitt | Dachlast, Feuchte, Wärmeschutz | ungewöhnliche Geometrie","rule_medium","label_50p_has_bauteilprofil_component_profile",""
"reuse_einsatz/Berlin_Schildow_Pilot_House__001__zugeschnittene_Betonfertigteile","has_bauteilzustand","bauteilzustand/Geprueft","zugeschnittene Betonfertigteile | Stahlbeton / WBS70 | Berliner/Marzahner Plattenbau | Wand/Decke | Wand/Decke/Dach-/Raumteile | 200 Teile / 245 m³ | ja | nein | Zuschnitt/Sägen | Festigkeitstests allgemein belegt | Tragfähigkeit, Gebrauchstauglichkeit | Maßanpassung, Anschlüsse","rule_medium","label_50p_has_bauteilprofil_component_profile",""
"reuse_einsatz/Berlin_Schildow_Pilot_House__001__zugeschnittene_Betonfertigteile","has_funktionswechsel","funktionswechsel/Gleiche_Funktion","zugeschnittene Betonfertigteile | Stahlbeton / WBS70 | Berliner/Marzahner Plattenbau | Wand/Decke | Wand/Decke/Dach-/Raumteile | 200 Teile / 245 m³ | ja | nein | Zuschnitt/Sägen | Festigkeitstests allgemein belegt | Tragfähigkeit, Gebrauchstauglichkeit | Maßanpassung, Anschlüsse","rule_high","label_50p_has_bauteilprofil_component_profile",""
"reuse_einsatz/Berlin_Schildow_Pilot_House__001__zugeschnittene_Betonfertigteile","has_funktionswechsel","funktionswechsel/Konstruktive_Funktion","zugeschnittene Betonfertigteile | Stahlbeton / WBS70 | Berliner/Marzahner Plattenbau | Wand/Decke | Wand/Decke/Dach-/Raumteile | 200 Teile / 245 m³ | ja | nein | Zuschnitt/Sägen | Festigkeitstests allgemein belegt | Tragfähigkeit, Gebrauchstauglichkeit | Maßanpassung, Anschlüsse","rule_medium","label_50p_has_bauteilprofil_component_profile",""
"reuse_einsatz/Berlin_Schildow_Pilot_House__002__Deckenplatten","has_bauteilebene","bauteilebene/Bauteilgruppe","Deckenplatten | Stahlbetonfertigteil | WBS70 | Decke | Ausgangsmaterial für zugeschnittene Bauteile, teils Decke/Dach? | 60 Ursprungsplatten | ja | nein | in Stücke gesägt | belastet/gesägt/gebohrt im Forschungsumfeld | Tragfähigkeit, Brandschutz | Brandschutz/Betondeckung","rule_medium","label_50p_has_bauteilprofil_component_profile",""
"reuse_einsatz/Berlin_Schildow_Pilot_House__002__Deckenplatten","has_funktionswechsel","funktionswechsel/Gleiche_Funktion","Deckenplatten | Stahlbetonfertigteil | WBS70 | Decke | Ausgangsmaterial für zugeschnittene Bauteile, teils Decke/Dach? | 60 Ursprungsplatten | ja | nein | in Stücke gesägt | belastet/gesägt/gebohrt im Forschungsumfeld | Tragfähigkeit, Brandschutz | Brandschutz/Betondeckung","rule_high","label_50p_has_bauteilprofil_component_profile",""
"reuse_einsatz/Berlin_Schildow_Pilot_House__002__Deckenplatten","has_funktionswechsel","funktionswechsel/Konstruktive_Funktion","Deckenplatten | Stahlbetonfertigteil | WBS70 | Decke | Ausgangsmaterial für zugeschnittene Bauteile, teils Decke/Dach? | 60 Ursprungsplatten | ja | nein | in Stücke gesägt | belastet/gesägt/gebohrt im Forschungsumfeld | Tragfähigkeit, Brandschutz | Brandschutz/Betondeckung","rule_medium","label_50p_has_bauteilprofil_component_profile",""
"reuse_einsatz/Berlin_Schildow_Pilot_House__003__Innenwandplatten","has_bauteilebene","bauteilebene/System","Innenwandplatten | Stahlbetonfertigteil | WBS70 | Innenwand | Wand/Tragstruktur | 50 Ursprungsplatten | ja | nein | in Stücke gesägt | Festigkeitstests allgemein | Tragfähigkeit | Anschlüsse","rule_medium","label_50p_has_bauteilprofil_component_profile",""
"reuse_einsatz/Berlin_Schildow_Pilot_House__003__Innenwandplatten","has_bauteilzustand","bauteilzustand/Geprueft","Innenwandplatten | Stahlbetonfertigteil | WBS70 | Innenwand | Wand/Tragstruktur | 50 Ursprungsplatten | ja | nein | in Stücke gesägt | Festigkeitstests allgemein | Tragfähigkeit | Anschlüsse","rule_medium","label_50p_has_bauteilprofil_component_profile",""
"reuse_einsatz/Berlin_Schildow_Pilot_House__003__Innenwandplatten","has_funktionswechsel","funktionswechsel/Gleiche_Funktion","Innenwandplatten | Stahlbetonfertigteil | WBS70 | Innenwand | Wand/Tragstruktur | 50 Ursprungsplatten | ja | nein | in Stücke gesägt | Festigkeitstests allgemein | Tragfähigkeit | Anschlüsse","rule_high","label_50p_has_bauteilprofil_component_profile",""
"reuse_einsatz/Berlin_Schildow_Pilot_House__003__Innenwandplatten","has_funktionswechsel","funktionswechsel/Konstruktive_Funktion","Innenwandplatten | Stahlbetonfertigteil | WBS70 | Innenwand | Wand/Tragstruktur | 50 Ursprungsplatten | ja | nein | in Stücke gesägt | Festigkeitstests allgemein | Tragfähigkeit | Anschlüsse","rule_medium","label_50p_has_bauteilprofil_component_profile",""
"reuse_einsatz/Berlin_Schildow_Pilot_House__005__Dach_Satteldach","has_bauteilebene","bauteilebene/Gebaeudeteil","Dach/Satteldach | Stahlbetonfertigteile? | WBS70-Teile | Wand/Decke | Satteldachform | wahrscheinlich ja | nein | Zuschnitt | Dachlasten, Feuchte, Wärme | ungewöhnliche Geometrie","rule_medium","label_50p_has_bauteilprofil_component_profile",""
"reuse_einsatz/Berlin_Schildow_Pilot_House__005__Dach_Satteldach","has_funktionswechsel","funktionswechsel/Neue_Funktion","Dach/Satteldach | Stahlbetonfertigteile? | WBS70-Teile | Wand/Decke | Satteldachform | wahrscheinlich ja | nein | Zuschnitt | Dachlasten, Feuchte, Wärme | ungewöhnliche Geometrie","rule_high","label_50p_has_bauteilprofil_component_profile",""
"reuse_einsatz/Berlin_Schildow_Pilot_House__005__Dach_Satteldach","has_funktionswechsel","funktionswechsel/Konstruktive_Funktion","Dach/Satteldach | Stahlbetonfertigteile? | WBS70-Teile | Wand/Decke | Satteldachform | wahrscheinlich ja | nein | Zuschnitt | Dachlasten, Feuchte, Wärme | ungewöhnliche Geometrie","rule_medium","label_50p_has_bauteilprofil_component_profile",""
"reuse_einsatz/Bestandverplanzung_Pavilion_Muenchen__001__Fertigteil_Paneele","has_bauteilebene","bauteilebene/Bauteilgruppe","Fertigteil-Paneele | Stahlbeton / Betonfertigteil | drei Bungalows des Olympischen Dorfes München | Wand-/Decken-/Raumelemente; genauer Typ unbekannt | Paneele in versetztem Pavillon / Bungalowstruktur | Paneele aus 3 Bungalows; Anzahl unbekannt | wahrscheinlich ja | nein | Demontage, Transport, Wiedereinbau; Details unbekannt | Tragfähigkeit, Gebrauchstauglichkeit, Dauerhaftigkeit | kaum technische Primärquellen","rule_medium","label_50p_has_bauteilprofil_component_profile",""
"reuse_einsatz/Bestandverplanzung_Pavilion_Muenchen__001__Fertigteil_Paneele","has_funktionswechsel","funktionswechsel/Neue_Funktion","Fertigteil-Paneele | Stahlbeton / Betonfertigteil | drei Bungalows des Olympischen Dorfes München | Wand-/Decken-/Raumelemente; genauer Typ unbekannt | Paneele in versetztem Pavillon / Bungalowstruktur | Paneele aus 3 Bungalows; Anzahl unbekannt | wahrscheinlich ja | nein | Demontage, Transport, Wiedereinbau; Details unbekannt | Tragfähigkeit, Gebrauchstauglichkeit, Dauerhaftigkeit | kaum technische Primärquellen","rule_high","label_50p_has_bauteilprofil_component_profile",""
"reuse_einsatz/Bestandverplanzung_Pavilion_Muenchen__001__Fertigteil_Paneele","has_funktionswechsel","funktionswechsel/Konstruktive_Funktion","Fertigteil-Paneele | Stahlbeton / Betonfertigteil | drei Bungalows des Olympischen Dorfes München | Wand-/Decken-/Raumelemente; genauer Typ unbekannt | Paneele in versetztem Pavillon / Bungalowstruktur | Paneele aus 3 Bungalows; Anzahl unbekannt | wahrscheinlich ja | nein | Demontage, Transport, Wiedereinbau; Details unbekannt | Tragfähigkeit, Gebrauchstauglichkeit, Dauerhaftigkeit | kaum technische Primärquellen","rule_medium","label_50p_has_bauteilprofil_component_profile",""
"reuse_einsatz/Big_Dig_House_Lexington_Massachusetts__001__Stahltr_ger","has_bauteilebene","bauteilebene/Bauteilgruppe","Stahlträger | Stahl | dismantled I-93 / Big Dig | highway/ramp/temporary infrastructure | Hausrahmen / beams | Teil von 300 tons / 600,000+ lb | ja | nein | largely as found / Zuschnitt unbekannt | sehr hohe Tragfähigkeit laut Quellen | Transport, Gewicht, Einpassung","rule_medium","label_50p_has_bauteilprofil_component_profile",""
"reuse_einsatz/Big_Dig_House_Lexington_Massachusetts__001__Stahltr_ger","has_funktionswechsel","funktionswechsel/Gleiche_Funktion","Stahlträger | Stahl | dismantled I-93 / Big Dig | highway/ramp/temporary infrastructure | Hausrahmen / beams | Teil von 300 tons / 600,000+ lb | ja | nein | largely as found / Zuschnitt unbekannt | sehr hohe Tragfähigkeit laut Quellen | Transport, Gewicht, Einpassung","rule_high","label_50p_has_bauteilprofil_component_profile",""
"reuse_einsatz/Big_Dig_House_Lexington_Massachusetts__001__Stahltr_ger","has_funktionswechsel","funktionswechsel/Konstruktive_Funktion","Stahlträger | Stahl | dismantled I-93 / Big Dig | highway/ramp/temporary infrastructure | Hausrahmen / beams | Teil von 300 tons / 600,000+ lb | ja | nein | largely as found / Zuschnitt unbekannt | sehr hohe Tragfähigkeit laut Quellen | Transport, Gewicht, Einpassung","rule_medium","label_50p_has_bauteilprofil_component_profile",""
"reuse_einsatz/Big_Dig_House_Lexington_Massachusetts__002__Stahlst_tzen","has_bauteilebene","bauteilebene/Bauteilgruppe","Stahlstützen | Stahl | Big Dig components | Infrastrukturstützen / Stahlteile | columns frame house | Teil der Gesamtmasse | ja | nein | Tragfähigkeit | Gewicht / Montage","rule_medium","label_50p_has_bauteilprofil_component_profile",""
"reuse_einsatz/Big_Dig_House_Lexington_Massachusetts__002__Stahlst_tzen","has_funktionswechsel","funktionswechsel/Gleiche_Funktion","Stahlstützen | Stahl | Big Dig components | Infrastrukturstützen / Stahlteile | columns frame house | Teil der Gesamtmasse | ja | nein | Tragfähigkeit | Gewicht / Montage","rule_high","label_50p_has_bauteilprofil_component_profile",""
"reuse_einsatz/Big_Dig_House_Lexington_Massachusetts__002__Stahlst_tzen","has_funktionswechsel","funktionswechsel/Konstruktive_Funktion","Stahlstützen | Stahl | Big Dig components | Infrastrukturstützen / Stahlteile | columns frame house | Teil der Gesamtmasse | ja | nein | Tragfähigkeit | Gewicht / Montage","rule_medium","label_50p_has_bauteilprofil_component_profile",""
"reuse_einsatz/Big_Dig_House_Lexington_Massachusetts__003__Inverset_panels","has_bauteilebene","bauteilebene/Bauteilgruppe","Inverset panels | Stahlbeton / reinforced concrete | temporary site ramps and roads | temporäre Rampen/Straßenbauteile | Boden-/Deckenelemente / Gebäudekomponenten | 10 ft wide, variable length laut Britannica | ja | nein | reused as building components | roof/deck load capacity | Dimensionen des Hausentwurfs durch Panelgröße","rule_medium","label_50p_has_bauteilprofil_component_profile",""
"reuse_einsatz/Big_Dig_House_Lexington_Massachusetts__003__Inverset_panels","has_funktionswechsel","funktionswechsel/Neue_Funktion","Inverset panels | Stahlbeton / reinforced concrete | temporary site ramps and roads | temporäre Rampen/Straßenbauteile | Boden-/Deckenelemente / Gebäudekomponenten | 10 ft wide, variable length laut Britannica | ja | nein | reused as building components | roof/deck load capacity | Dimensionen des Hausentwurfs durch Panelgröße","rule_medium","label_50p_has_bauteilprofil_component_profile",""
"reuse_einsatz/Big_Dig_House_Lexington_Massachusetts__003__Inverset_panels","has_funktionswechsel","funktionswechsel/Konstruktive_Funktion","Inverset panels | Stahlbeton / reinforced concrete | temporary site ramps and roads | temporäre Rampen/Straßenbauteile | Boden-/Deckenelemente / Gebäudekomponenten | 10 ft wide, variable length laut Britannica | ja | nein | reused as building components | roof/deck load capacity | Dimensionen des Hausentwurfs durch Panelgröße","rule_medium","label_50p_has_bauteilprofil_component_profile",""
"reuse_einsatz/Big_Dig_House_Lexington_Massachusetts__004__Ramp_pier_components","has_funktionswechsel","funktionswechsel/Gleiche_Funktion","Ramp / pier components | Beton + Stahl | Boston Big Dig | Straßen-/Brücken-/Rampenstruktur | Gebäudestruktur | Teil von 300 tons | ja | nein | as found | Tragfähigkeit | heavy lifting / transport","rule_high","label_50p_has_bauteilprofil_component_profile",""
"reuse_einsatz/Big_Dig_House_Lexington_Massachusetts__004__Ramp_pier_components","has_funktionswechsel","funktionswechsel/Konstruktive_Funktion","Ramp / pier components | Beton + Stahl | Boston Big Dig | Straßen-/Brücken-/Rampenstruktur | Gebäudestruktur | Teil von 300 tons | ja | nein | as found | Tragfähigkeit | heavy lifting / transport","rule_medium","label_50p_has_bauteilprofil_component_profile",""
"reuse_einsatz/Big_Dig_House_Lexington_Massachusetts__005__Dachgarten_Tragunterbau","has_bauteilebene","bauteilebene/System","Dachgarten-Tragunterbau | Reused steel/concrete structure | Big Dig material | heavy-duty infrastructure | Tragwerk für roof garden | ja | nein | hohe Lasten | Gewicht / Abdichtung","rule_medium","label_50p_has_bauteilprofil_component_profile",""
"reuse_einsatz/Big_Dig_House_Lexington_Massachusetts__005__Dachgarten_Tragunterbau","has_funktionswechsel","funktionswechsel/Gleiche_Funktion","Dachgarten-Tragunterbau | Reused steel/concrete structure | Big Dig material | heavy-duty infrastructure | Tragwerk für roof garden | ja | nein | hohe Lasten | Gewicht / Abdichtung","rule_high","label_50p_has_bauteilprofil_component_profile",""
"reuse_einsatz/Big_Dig_House_Lexington_Massachusetts__005__Dachgarten_Tragunterbau","has_funktionswechsel","funktionswechsel/Konstruktive_Funktion","Dachgarten-Tragunterbau | Reused steel/concrete structure | Big Dig material | heavy-duty infrastructure | Tragwerk für roof garden | ja | nein | hohe Lasten | Gewicht / Abdichtung","rule_medium","label_50p_has_bauteilprofil_component_profile",""
"reuse_einsatz/BioPartner_5_Leiden_Oegstgeest__001__Tr_ger_St_tzen_Stahlrahmen","has_bauteilebene","bauteilebene/System","Träger / Stützen / Stahlrahmen | Stahl | ehemaliges Gorlaeus-Hochhaus | Laborhochhaus-Tragwerk | Haupttragstruktur BioPartner 5 | 165.000 kg; Quellenabweichung 150–170 t | ja | nein | Demontage, kurzer Transport, Bearbeitung/Beschichtung, Wiedermontage | Berechnung, Archivrecherche, destruktive Untersuchung genannt | Tragfähigkeit, Demontierbarkeit | Nachweis Bestandsstahl, Passung in Neubau","rule_medium","label_50p_has_bauteilprofil_component_profile",""
"reuse_einsatz/BioPartner_5_Leiden_Oegstgeest__001__Tr_ger_St_tzen_Stahlrahmen","has_funktionswechsel","funktionswechsel/Gleiche_Funktion","Träger / Stützen / Stahlrahmen | Stahl | ehemaliges Gorlaeus-Hochhaus | Laborhochhaus-Tragwerk | Haupttragstruktur BioPartner 5 | 165.000 kg; Quellenabweichung 150–170 t | ja | nein | Demontage, kurzer Transport, Bearbeitung/Beschichtung, Wiedermontage | Berechnung, Archivrecherche, destruktive Untersuchung genannt | Tragfähigkeit, Demontierbarkeit | Nachweis Bestandsstahl, Passung in Neubau","rule_high","label_50p_has_bauteilprofil_component_profile",""
"reuse_einsatz/BioPartner_5_Leiden_Oegstgeest__001__Tr_ger_St_tzen_Stahlrahmen","has_funktionswechsel","funktionswechsel/Konstruktive_Funktion","Träger / Stützen / Stahlrahmen | Stahl | ehemaliges Gorlaeus-Hochhaus | Laborhochhaus-Tragwerk | Haupttragstruktur BioPartner 5 | 165.000 kg; Quellenabweichung 150–170 t | ja | nein | Demontage, kurzer Transport, Bearbeitung/Beschichtung, Wiedermontage | Berechnung, Archivrecherche, destruktive Untersuchung genannt | Tragfähigkeit, Demontierbarkeit | Nachweis Bestandsstahl, Passung in Neubau","rule_medium","label_50p_has_bauteilprofil_component_profile",""
"reuse_einsatz/BioPartner_5_Leiden_Oegstgeest__003__W_nde_Innenw_nde","has_bauteilebene","bauteilebene/Bauteilgruppe","Wände / Innenwände | unterschiedliche feste Innenbauteile | u. a. ehemaliges Ministeriumsgebäude laut [S2] | Trenn-/Innenwände | Innenausbau | nein | nein | Ausbau, Anpassung, Einbau | Schall/Brand/Robustheit unbekannt | Passung / Zulassung","rule_medium","label_50p_has_bauteilprofil_component_profile",""
"reuse_einsatz/BioPartner_5_Leiden_Oegstgeest__003__W_nde_Innenw_nde","has_funktionswechsel","funktionswechsel/Neue_Funktion","Wände / Innenwände | unterschiedliche feste Innenbauteile | u. a. ehemaliges Ministeriumsgebäude laut [S2] | Trenn-/Innenwände | Innenausbau | nein | nein | Ausbau, Anpassung, Einbau | Schall/Brand/Robustheit unbekannt | Passung / Zulassung","rule_medium","label_50p_has_bauteilprofil_component_profile",""
"reuse_einsatz/BioPartner_5_Leiden_Oegstgeest__003__W_nde_Innenw_nde","has_funktionswechsel","funktionswechsel/Konstruktive_Funktion","Wände / Innenwände | unterschiedliche feste Innenbauteile | u. a. ehemaliges Ministeriumsgebäude laut [S2] | Trenn-/Innenwände | Innenausbau | nein | nein | Ausbau, Anpassung, Einbau | Schall/Brand/Robustheit unbekannt | Passung / Zulassung","rule_medium","label_50p_has_bauteilprofil_component_profile",""
"reuse_einsatz/BioPartner_5_Leiden_Oegstgeest__004__Fassadenmaterial_Gabionenf_llung","has_bauteilebene","bauteilebene/Oberflaechenschicht","Fassadenmaterial / Gabionenfüllung | Mauerwerkspuin / Schutt | Gorlaeus-Abbruch | Mauerwerk / Schachtmaterial | Substrat/Material für grüne Fassade | nein | nein | Brechen/Sichten/Einfüllen | Dauerhaftigkeit, Vegetation, Wasserführung | Materialqualität, Frost, Wasser","rule_high","label_50p_has_bauteilprofil_component_profile",""
"reuse_einsatz/BioPartner_5_Leiden_Oegstgeest__004__Fassadenmaterial_Gabionenf_llung","has_funktionswechsel","funktionswechsel/Neue_Funktion","Fassadenmaterial / Gabionenfüllung | Mauerwerkspuin / Schutt | Gorlaeus-Abbruch | Mauerwerk / Schachtmaterial | Substrat/Material für grüne Fassade | nein | nein | Brechen/Sichten/Einfüllen | Dauerhaftigkeit, Vegetation, Wasserführung | Materialqualität, Frost, Wasser","rule_medium","label_50p_has_bauteilprofil_component_profile",""
"reuse_einsatz/BioPartner_5_Leiden_Oegstgeest__004__Fassadenmaterial_Gabionenf_llung","has_funktionswechsel","funktionswechsel/Konstruktive_Funktion","Fassadenmaterial / Gabionenfüllung | Mauerwerkspuin / Schutt | Gorlaeus-Abbruch | Mauerwerk / Schachtmaterial | Substrat/Material für grüne Fassade | nein | nein | Brechen/Sichten/Einfüllen | Dauerhaftigkeit, Vegetation, Wasserführung | Materialqualität, Frost, Wasser","rule_medium","label_50p_has_bauteilprofil_component_profile",""
"reuse_einsatz/BioPartner_5_Leiden_Oegstgeest__005__Bodenbelag_Eingang_Erdgeschoss","has_bauteilebene","bauteilebene/Oberflaechenschicht","Bodenbelag Eingang / Erdgeschoss | Pflaster, Naturstein | Gorlaeus / weitere Reuse-Quellen | Treppe/Boden/Pflaster | Bodenfläche | nein | nein | Reinigung, Zuschnitt, Einbau | Rutschfestigkeit, Belastbarkeit","rule_high","label_50p_has_bauteilprofil_component_profile",""
"reuse_einsatz/BioPartner_5_Leiden_Oegstgeest__005__Bodenbelag_Eingang_Erdgeschoss","has_funktionswechsel","funktionswechsel/Gleiche_Funktion","Bodenbelag Eingang / Erdgeschoss | Pflaster, Naturstein | Gorlaeus / weitere Reuse-Quellen | Treppe/Boden/Pflaster | Bodenfläche | nein | nein | Reinigung, Zuschnitt, Einbau | Rutschfestigkeit, Belastbarkeit","rule_high","label_50p_has_bauteilprofil_component_profile",""
"reuse_einsatz/BioPartner_5_Leiden_Oegstgeest__005__Bodenbelag_Eingang_Erdgeschoss","has_funktionswechsel","funktionswechsel/Konstruktive_Funktion","Bodenbelag Eingang / Erdgeschoss | Pflaster, Naturstein | Gorlaeus / weitere Reuse-Quellen | Treppe/Boden/Pflaster | Bodenfläche | nein | nein | Reinigung, Zuschnitt, Einbau | Rutschfestigkeit, Belastbarkeit","rule_medium","label_50p_has_bauteilprofil_component_profile",""
"reuse_einsatz/BioPartner_5_Leiden_Oegstgeest__006__T_ren","has_bauteilebene","bauteilebene/Bauteilgruppe","Türen | Türen | Quellen nennen Türen allgemein | Tür | Tür | nein | nein/teilweise | Reinigung, Anpassung | Brandschutz/Schallschutz unbekannt | Leistungsnachweis","rule_medium","label_50p_has_bauteilprofil_component_profile",""
"reuse_einsatz/BioPartner_5_Leiden_Oegstgeest__006__T_ren","has_funktionswechsel","funktionswechsel/Gleiche_Funktion","Türen | Türen | Quellen nennen Türen allgemein | Tür | Tür | nein | nein/teilweise | Reinigung, Anpassung | Brandschutz/Schallschutz unbekannt | Leistungsnachweis","rule_high","label_50p_has_bauteilprofil_component_profile",""
"reuse_einsatz/BioPartner_5_Leiden_Oegstgeest__006__T_ren","has_funktionswechsel","funktionswechsel/Konstruktive_Funktion","Türen | Türen | Quellen nennen Türen allgemein | Tür | Tür | nein | nein/teilweise | Reinigung, Anpassung | Brandschutz/Schallschutz unbekannt | Leistungsnachweis","rule_medium","label_50p_has_bauteilprofil_component_profile",""
"reuse_einsatz/BioPartner_5_Leiden_Oegstgeest__007__Sanit_r","has_bauteilebene","bauteilebene/Bauteilgruppe","Sanitär | Keramik / Armaturen unbekannt | u. a. Accounting-Firm-Zentrale nach PTSA | Toiletten/Waschbecken | Toiletten/Waschbecken | PTSA nennt 18 Toiletten/Waschbecken | nein | ja | professionelle Reinigung; Installateur musste überzeugt werden | hygienische/technische Prüfung unbekannt | Hygiene, Anschlussmaße, Wartung | Akzeptanz Installateur, Gewährleistung","rule_medium","label_50p_has_bauteilprofil_component_profile",""
"reuse_einsatz/BioPartner_5_Leiden_Oegstgeest__007__Sanit_r","has_funktionswechsel","funktionswechsel/Gleiche_Funktion","Sanitär | Keramik / Armaturen unbekannt | u. a. Accounting-Firm-Zentrale nach PTSA | Toiletten/Waschbecken | Toiletten/Waschbecken | PTSA nennt 18 Toiletten/Waschbecken | nein | ja | professionelle Reinigung; Installateur musste überzeugt werden | hygienische/technische Prüfung unbekannt | Hygiene, Anschlussmaße, Wartung | Akzeptanz Installateur, Gewährleistung","rule_high","label_50p_has_bauteilprofil_component_profile",""
"reuse_einsatz/BioPartner_5_Leiden_Oegstgeest__007__Sanit_r","has_funktionswechsel","funktionswechsel/Technische_Funktion","Sanitär | Keramik / Armaturen unbekannt | u. a. Accounting-Firm-Zentrale nach PTSA | Toiletten/Waschbecken | Toiletten/Waschbecken | PTSA nennt 18 Toiletten/Waschbecken | nein | ja | professionelle Reinigung; Installateur musste überzeugt werden | hygienische/technische Prüfung unbekannt | Hygiene, Anschlussmaße, Wartung | Akzeptanz Installateur, Gewährleistung","rule_medium","label_50p_has_bauteilprofil_component_profile",""
"reuse_einsatz/BlueCity_Offices_Rotterdam__001__Fensterrahmen_Red_Cedar_Rahmen","has_bauteilebene","bauteilebene/Bauteilgruppe","Fensterrahmen / Red-Cedar-Rahmen | Holz, Glas teils ersetzt | Abbruchgebäude / geerntete Rahmen; Sekundärquelle nennt Krankenhausfenster | Außenfenster | Trennwände / innere Fassade zwischen Büros und Gemeinschaftsbereichen | Menge unbekannt | nein | nein | Ernte, Auswahl, Montage; gebrochenes Glas ersetzt | Sichtschutz, Akustik, Klima, Brandschutz unbekannt | Maße vorgegeben, Glaszustand","rule_medium","label_50p_has_bauteilprofil_component_profile",""
"reuse_einsatz/BlueCity_Offices_Rotterdam__001__Fensterrahmen_Red_Cedar_Rahmen","has_funktionswechsel","funktionswechsel/Neue_Funktion","Fensterrahmen / Red-Cedar-Rahmen | Holz, Glas teils ersetzt | Abbruchgebäude / geerntete Rahmen; Sekundärquelle nennt Krankenhausfenster | Außenfenster | Trennwände / innere Fassade zwischen Büros und Gemeinschaftsbereichen | Menge unbekannt | nein | nein | Ernte, Auswahl, Montage; gebrochenes Glas ersetzt | Sichtschutz, Akustik, Klima, Brandschutz unbekannt | Maße vorgegeben, Glaszustand","rule_high","label_50p_has_bauteilprofil_component_profile",""
"reuse_einsatz/BlueCity_Offices_Rotterdam__001__Fensterrahmen_Red_Cedar_Rahmen","has_funktionswechsel","funktionswechsel/Konstruktive_Funktion","Fensterrahmen / Red-Cedar-Rahmen | Holz, Glas teils ersetzt | Abbruchgebäude / geerntete Rahmen; Sekundärquelle nennt Krankenhausfenster | Außenfenster | Trennwände / innere Fassade zwischen Büros und Gemeinschaftsbereichen | Menge unbekannt | nein | nein | Ernte, Auswahl, Montage; gebrochenes Glas ersetzt | Sichtschutz, Akustik, Klima, Brandschutz unbekannt | Maße vorgegeben, Glaszustand","rule_medium","label_50p_has_bauteilprofil_component_profile",""
"reuse_einsatz/BlueCity_Offices_Rotterdam__003__Betonbl_cke","has_funktionswechsel","funktionswechsel/Neue_Funktion","Betonblöcke | Beton | ursprüngliches Tropicana / laut Sekundärquelle | Bestandsmaterial | Trennwände | nein / unbekannt | nein | Schallschutz/Brandschutz unbekannt | nur Sekundärquelle","rule_medium","label_50p_has_bauteilprofil_component_profile",""
"reuse_einsatz/BlueCity_Offices_Rotterdam__003__Betonbl_cke","has_funktionswechsel","funktionswechsel/Konstruktive_Funktion","Betonblöcke | Beton | ursprüngliches Tropicana / laut Sekundärquelle | Bestandsmaterial | Trennwände | nein / unbekannt | nein | Schallschutz/Brandschutz unbekannt | nur Sekundärquelle","rule_medium","label_50p_has_bauteilprofil_component_profile",""
"reuse_einsatz/BlueCity_Offices_Rotterdam__004__Balustraden","has_funktionswechsel","funktionswechsel/Unbekannt","Balustraden | Metall / unbekannt | laut Sekundärquelle dekommissionierte Ölplattform | Balustraden / Offshore-Bauteil | nein | nein | Absturzsicherung falls verwendet | Quelle sekundär","rule_low","label_50p_has_bauteilprofil_component_profile",""
"reuse_einsatz/BlueCity_Offices_Rotterdam__007__feste_Einbauten","has_funktionswechsel","funktionswechsel/Unbekannt","feste Einbauten | Holz/sonstige | Büroeinbauten | nein | Quellenfokus auf Fensterrahmen","rule_low","label_50p_has_bauteilprofil_component_profile",""
"reuse_einsatz/Boulder_Fire_Station_3__001__Wide_flange_beams_structural_steel_members","has_bauteilebene","bauteilebene/System","Wide-flange beams / structural steel members | Stahl | Boulder Community Hospital Steel Stockpile | Krankenhaus-Tragwerk | tragende Stahlbauteile der neuen Feuerwache | 89 Mitglieder / ca. 25 tons | ja | nein | selektiver Rückbau, Katalogisierung, Reinigung, Vorbereitung, Re-Fabrication | Testing/Verification belegt, Details unbekannt | Tragfähigkeit, Essential Facility, 100-year service life | fehlende Standards, Dokumentation, Kosten","rule_medium","label_50p_has_bauteilprofil_component_profile",""
"reuse_einsatz/Boulder_Fire_Station_3__001__Wide_flange_beams_structural_steel_members","has_bauteilzustand","bauteilzustand/Geprueft","Wide-flange beams / structural steel members | Stahl | Boulder Community Hospital Steel Stockpile | Krankenhaus-Tragwerk | tragende Stahlbauteile der neuen Feuerwache | 89 Mitglieder / ca. 25 tons | ja | nein | selektiver Rückbau, Katalogisierung, Reinigung, Vorbereitung, Re-Fabrication | Testing/Verification belegt, Details unbekannt | Tragfähigkeit, Essential Facility, 100-year service life | fehlende Standards, Dokumentation, Kosten","rule_medium","label_50p_has_bauteilprofil_component_profile",""
"reuse_einsatz/Boulder_Fire_Station_3__001__Wide_flange_beams_structural_steel_members","has_funktionswechsel","funktionswechsel/Gleiche_Funktion","Wide-flange beams / structural steel members | Stahl | Boulder Community Hospital Steel Stockpile | Krankenhaus-Tragwerk | tragende Stahlbauteile der neuen Feuerwache | 89 Mitglieder / ca. 25 tons | ja | nein | selektiver Rückbau, Katalogisierung, Reinigung, Vorbereitung, Re-Fabrication | Testing/Verification belegt, Details unbekannt | Tragfähigkeit, Essential Facility, 100-year service life | fehlende Standards, Dokumentation, Kosten","rule_high","label_50p_has_bauteilprofil_component_profile",""
"reuse_einsatz/Boulder_Fire_Station_3__001__Wide_flange_beams_structural_steel_members","has_funktionswechsel","funktionswechsel/Konstruktive_Funktion","Wide-flange beams / structural steel members | Stahl | Boulder Community Hospital Steel Stockpile | Krankenhaus-Tragwerk | tragende Stahlbauteile der neuen Feuerwache | 89 Mitglieder / ca. 25 tons | ja | nein | selektiver Rückbau, Katalogisierung, Reinigung, Vorbereitung, Re-Fabrication | Testing/Verification belegt, Details unbekannt | Tragfähigkeit, Essential Facility, 100-year service life | fehlende Standards, Dokumentation, Kosten","rule_medium","label_50p_has_bauteilprofil_component_profile",""
"reuse_einsatz/Boulder_Fire_Station_3__002__Stahlstockpile_gesamt","has_bauteilebene","bauteilebene/Materialcharge","Stahlstockpile gesamt | Stahl | dekommissioniertes Hospital | Tragwerk | Verteilung auf Fire Station 3 und weitere Projekte | 161 tons salvaged structural steel | ja | nein | Katalogisierung/Stockpile | je Folgeprojekt | Matching von Bauteilen zu Projekten","rule_high","label_50p_has_bauteilprofil_component_profile",""
"reuse_einsatz/Boulder_Fire_Station_3__002__Stahlstockpile_gesamt","has_funktionswechsel","funktionswechsel/Neue_Funktion","Stahlstockpile gesamt | Stahl | dekommissioniertes Hospital | Tragwerk | Verteilung auf Fire Station 3 und weitere Projekte | 161 tons salvaged structural steel | ja | nein | Katalogisierung/Stockpile | je Folgeprojekt | Matching von Bauteilen zu Projekten","rule_medium","label_50p_has_bauteilprofil_component_profile",""
"reuse_einsatz/Brent_Cross_Town_Primary_Substation_London__001__Lange_St_tzen_aus_reclaimed_tubulars","has_bauteilebene","bauteilebene/Bauteilgruppe","Lange Stützen aus reclaimed tubulars | Stahlrohre | surplus/cancelled oil and gas pipeline projects via Cleveland Steel and Tubes | Pipeline-/Industrieprodukt; teils ungenutzt | tragende Stützen des Substation-Screens | Anteil in 33.46 t enthalten | ja | ja, Infrastrukturhülle | Auswahl, Test, ggf. Vorbereitung | unabhängig getestet; weld inspected | Tragfähigkeit, Dauerhaftigkeit, Montage | Profilverfügbarkeit, Verbindungseffizienz","rule_medium","label_50p_has_bauteilprofil_component_profile",""
"reuse_einsatz/Brent_Cross_Town_Primary_Substation_London__001__Lange_St_tzen_aus_reclaimed_tubulars","has_bauteilzustand","bauteilzustand/Geprueft","Lange Stützen aus reclaimed tubulars | Stahlrohre | surplus/cancelled oil and gas pipeline projects via Cleveland Steel and Tubes | Pipeline-/Industrieprodukt; teils ungenutzt | tragende Stützen des Substation-Screens | Anteil in 33.46 t enthalten | ja | ja, Infrastrukturhülle | Auswahl, Test, ggf. Vorbereitung | unabhängig getestet; weld inspected | Tragfähigkeit, Dauerhaftigkeit, Montage | Profilverfügbarkeit, Verbindungseffizienz","rule_medium","label_50p_has_bauteilprofil_component_profile",""
"reuse_einsatz/Brent_Cross_Town_Primary_Substation_London__001__Lange_St_tzen_aus_reclaimed_tubulars","has_funktionswechsel","funktionswechsel/Neue_Funktion","Lange Stützen aus reclaimed tubulars | Stahlrohre | surplus/cancelled oil and gas pipeline projects via Cleveland Steel and Tubes | Pipeline-/Industrieprodukt; teils ungenutzt | tragende Stützen des Substation-Screens | Anteil in 33.46 t enthalten | ja | ja, Infrastrukturhülle | Auswahl, Test, ggf. Vorbereitung | unabhängig getestet; weld inspected | Tragfähigkeit, Dauerhaftigkeit, Montage | Profilverfügbarkeit, Verbindungseffizienz","rule_medium","label_50p_has_bauteilprofil_component_profile",""
"reuse_einsatz/Brent_Cross_Town_Primary_Substation_London__001__Lange_St_tzen_aus_reclaimed_tubulars","has_funktionswechsel","funktionswechsel/Konstruktive_Funktion","Lange Stützen aus reclaimed tubulars | Stahlrohre | surplus/cancelled oil and gas pipeline projects via Cleveland Steel and Tubes | Pipeline-/Industrieprodukt; teils ungenutzt | tragende Stützen des Substation-Screens | Anteil in 33.46 t enthalten | ja | ja, Infrastrukturhülle | Auswahl, Test, ggf. Vorbereitung | unabhängig getestet; weld inspected | Tragfähigkeit, Dauerhaftigkeit, Montage | Profilverfügbarkeit, Verbindungseffizienz","rule_medium","label_50p_has_bauteilprofil_component_profile",""
"reuse_einsatz/Brent_Cross_Town_Primary_Substation_London__002__Aussteifung_bracing_members","has_bauteilebene","bauteilebene/System","Aussteifung / bracing members | Stahlrohre | wie oben | Pipeline-/Industrieprodukt | Aussteifung Stahlrahmen | Anteil in 33.46 t enthalten | ja | ja | wie oben | wie oben | Stabilität / Windlasten | geänderte Designs / reserved steel mismatch","rule_medium","label_50p_has_bauteilprofil_component_profile",""
"reuse_einsatz/Brent_Cross_Town_Primary_Substation_London__002__Aussteifung_bracing_members","has_funktionswechsel","funktionswechsel/Neue_Funktion","Aussteifung / bracing members | Stahlrohre | wie oben | Pipeline-/Industrieprodukt | Aussteifung Stahlrahmen | Anteil in 33.46 t enthalten | ja | ja | wie oben | wie oben | Stabilität / Windlasten | geänderte Designs / reserved steel mismatch","rule_medium","label_50p_has_bauteilprofil_component_profile",""
"reuse_einsatz/Brent_Cross_Town_Primary_Substation_London__002__Aussteifung_bracing_members","has_funktionswechsel","funktionswechsel/Konstruktive_Funktion","Aussteifung / bracing members | Stahlrohre | wie oben | Pipeline-/Industrieprodukt | Aussteifung Stahlrahmen | Anteil in 33.46 t enthalten | ja | ja | wie oben | wie oben | Stabilität / Windlasten | geänderte Designs / reserved steel mismatch","rule_medium","label_50p_has_bauteilprofil_component_profile",""
"reuse_einsatz/Brent_Cross_Town_Primary_Substation_London__004__Ovaler_Substation_Screen","has_funktionswechsel","funktionswechsel/Dekorative_Funktion","Ovaler Substation-Screen | Stahl + Hülle/Artwork | Mischsystem | technische Einhausung / öffentl. Kunstwerk | 21 m hoch, 115 m Umfang / 52 m lang laut Arup | ja | ja | Montage | Wind, Dauerhaftigkeit, Zugang | große Landmarke an Verkehrsraum","rule_medium","label_50p_has_bauteilprofil_component_profile",""
"reuse_einsatz/Brighton_Waste_House_Brighton__001__Betonbl_cke","has_funktionswechsel","funktionswechsel/Neue_Funktion","Betonblöcke | Beton | weggeworfene Baustellenmaterialien | Bauprodukt / Abfall | Wand/Fundament/Konstruktion, genaue Rolle unbekannt | teilweise möglich | nein | Sortieren, Einbau | Tragfähigkeit, Feuchte | Nachweis alter Materialien","rule_medium","label_50p_has_bauteilprofil_component_profile",""
"reuse_einsatz/Brighton_Waste_House_Brighton__001__Betonbl_cke","has_funktionswechsel","funktionswechsel/Konstruktive_Funktion","Betonblöcke | Beton | weggeworfene Baustellenmaterialien | Bauprodukt / Abfall | Wand/Fundament/Konstruktion, genaue Rolle unbekannt | teilweise möglich | nein | Sortieren, Einbau | Tragfähigkeit, Feuchte | Nachweis alter Materialien","rule_medium","label_50p_has_bauteilprofil_component_profile",""
"reuse_einsatz/Brighton_Waste_House_Brighton__002__Holz_off_cut_timber","has_bauteilebene","bauteilebene/Materialcharge","Holz / off-cut timber | Holz | Bauabfälle / Reststücke | Bauholz / Abfall | Konstruktion/Ausbau, genaue Rolle unbekannt | teilweise möglich | nein | Zuschnitt, Einbau | Tragfähigkeit, Brandschutz | Sortierung/Qualität","rule_high","label_50p_has_bauteilprofil_component_profile",""
"reuse_einsatz/Brighton_Waste_House_Brighton__002__Holz_off_cut_timber","has_funktionswechsel","funktionswechsel/Neue_Funktion","Holz / off-cut timber | Holz | Bauabfälle / Reststücke | Bauholz / Abfall | Konstruktion/Ausbau, genaue Rolle unbekannt | teilweise möglich | nein | Zuschnitt, Einbau | Tragfähigkeit, Brandschutz | Sortierung/Qualität","rule_medium","label_50p_has_bauteilprofil_component_profile",""
"reuse_einsatz/Brighton_Waste_House_Brighton__002__Holz_off_cut_timber","has_funktionswechsel","funktionswechsel/Konstruktive_Funktion","Holz / off-cut timber | Holz | Bauabfälle / Reststücke | Bauholz / Abfall | Konstruktion/Ausbau, genaue Rolle unbekannt | teilweise möglich | nein | Zuschnitt, Einbau | Tragfähigkeit, Brandschutz | Sortierung/Qualität","rule_medium","label_50p_has_bauteilprofil_component_profile",""
"reuse_einsatz/Brighton_Waste_House_Brighton__003__Sperrholz_ply_sheets","has_bauteilebene","bauteilebene/Bauteilgruppe","Sperrholz / ply sheets | Holzwerkstoff | Baustellenabfall | Plattenmaterial | Wand-/Kassetten-/Ausbauschicht | nein | Zuschnitt | Stabilität, Brandschutz | Produktdaten fehlen","rule_medium","label_50p_has_bauteilprofil_component_profile",""
"reuse_einsatz/Brighton_Waste_House_Brighton__003__Sperrholz_ply_sheets","has_funktionswechsel","funktionswechsel/Neue_Funktion","Sperrholz / ply sheets | Holzwerkstoff | Baustellenabfall | Plattenmaterial | Wand-/Kassetten-/Ausbauschicht | nein | Zuschnitt | Stabilität, Brandschutz | Produktdaten fehlen","rule_medium","label_50p_has_bauteilprofil_component_profile",""
"reuse_einsatz/Brighton_Waste_House_Brighton__003__Sperrholz_ply_sheets","has_funktionswechsel","funktionswechsel/Konstruktive_Funktion","Sperrholz / ply sheets | Holzwerkstoff | Baustellenabfall | Plattenmaterial | Wand-/Kassetten-/Ausbauschicht | nein | Zuschnitt | Stabilität, Brandschutz | Produktdaten fehlen","rule_medium","label_50p_has_bauteilprofil_component_profile",""
"reuse_einsatz/Brighton_Waste_House_Brighton__004__Teppichfliesen","has_bauteilebene","bauteilebene/Oberflaechenschicht","Teppichfliesen | Textil/Kunststoff | gebrauchte Teppichfliesen | Bodenbelag | Rainscreen/Fassade bzw. Dämm-/Außenschicht | 2.000 Stück | nein | nein | Reinigung, Befestigung | Witterung, Brand, Dauerhaftigkeit | ungewöhnliche Außenanwendung","rule_high","label_50p_has_bauteilprofil_component_profile",""
"reuse_einsatz/Brighton_Waste_House_Brighton__004__Teppichfliesen","has_funktionswechsel","funktionswechsel/Neue_Funktion","Teppichfliesen | Textil/Kunststoff | gebrauchte Teppichfliesen | Bodenbelag | Rainscreen/Fassade bzw. Dämm-/Außenschicht | 2.000 Stück | nein | nein | Reinigung, Befestigung | Witterung, Brand, Dauerhaftigkeit | ungewöhnliche Außenanwendung","rule_high","label_50p_has_bauteilprofil_component_profile",""
"reuse_einsatz/Brighton_Waste_House_Brighton__004__Teppichfliesen","has_funktionswechsel","funktionswechsel/Konstruktive_Funktion","Teppichfliesen | Textil/Kunststoff | gebrauchte Teppichfliesen | Bodenbelag | Rainscreen/Fassade bzw. Dämm-/Außenschicht | 2.000 Stück | nein | nein | Reinigung, Befestigung | Witterung, Brand, Dauerhaftigkeit | ungewöhnliche Außenanwendung","rule_medium","label_50p_has_bauteilprofil_component_profile",""
"reuse_einsatz/Brighton_Waste_House_Brighton__005__Vinylbanner","has_funktionswechsel","funktionswechsel/Neue_Funktion","Vinylbanner | Kunststoff/Textil | alte Veranstaltungsbanner | Werbebanner | Dampfbremse / internal vapour control layer | nein | bauphysikalisch | Zuschnitt, Verlegung | Dampfdiffusion, Dichtheit | Eignung als Baufolie","rule_medium","label_50p_has_bauteilprofil_component_profile",""
"reuse_einsatz/Brighton_Waste_House_Brighton__006__Zahnb_rsten","has_funktionswechsel","funktionswechsel/Neue_Funktion","Zahnbürsten | Kunststoff | Flug-/Hotel-/Haushaltsabfall | Hygieneartikel | Wandhohlraumfüllung / Dämmexperiment | 19.800–20.000 Stück | nein | nein | Sammeln, Reinigen unbekannt, Einfüllen | Monitoring unbekannt | Dämmung, Hygiene, Brandschutz | ungewöhnliches Material","rule_medium","label_50p_has_bauteilprofil_component_profile",""
"reuse_einsatz/Brighton_Waste_House_Brighton__006__Zahnb_rsten","has_funktionswechsel","funktionswechsel/Konstruktive_Funktion","Zahnbürsten | Kunststoff | Flug-/Hotel-/Haushaltsabfall | Hygieneartikel | Wandhohlraumfüllung / Dämmexperiment | 19.800–20.000 Stück | nein | nein | Sammeln, Reinigen unbekannt, Einfüllen | Monitoring unbekannt | Dämmung, Hygiene, Brandschutz | ungewöhnliches Material","rule_medium","label_50p_has_bauteilprofil_component_profile",""
"reuse_einsatz/Brighton_Waste_House_Brighton__007__Denim_jeans","has_funktionswechsel","funktionswechsel/Neue_Funktion","Denim jeans | Textil | Altkleider | Kleidung | Dämm-/Hohlraumfüllung | 2 tonnes | nein | nein | Einfüllen | Dämmung, Feuchte, Brand | Feuchte/Brand","rule_medium","label_50p_has_bauteilprofil_component_profile",""
"reuse_einsatz/Brighton_Waste_House_Brighton__007__Denim_jeans","has_funktionswechsel","funktionswechsel/Konstruktive_Funktion","Denim jeans | Textil | Altkleider | Kleidung | Dämm-/Hohlraumfüllung | 2 tonnes | nein | nein | Einfüllen | Dämmung, Feuchte, Brand | Feuchte/Brand","rule_medium","label_50p_has_bauteilprofil_component_profile",""
"reuse_einsatz/Brighton_Waste_House_Brighton__008__Videokassetten_DVD_cases_Floppy_Discs","has_funktionswechsel","funktionswechsel/Neue_Funktion","Videokassetten / DVD cases / Floppy Discs | Kunststoff | Haushalts-/Medienabfall | Medien | Hohlraumfüllung / Dämmexperiment | z. B. 4.000 Videokassetten, 4.000 DVD cases, 4.000 Floppy Discs je Quelle unterschiedlich | nein | nein | Sortieren, Einfüllen | Dämmung, Brand | toxische/brandtechnische Fragen","rule_medium","label_50p_has_bauteilprofil_component_profile",""
"reuse_einsatz/Brighton_Waste_House_Brighton__008__Videokassetten_DVD_cases_Floppy_Discs","has_funktionswechsel","funktionswechsel/Konstruktive_Funktion","Videokassetten / DVD cases / Floppy Discs | Kunststoff | Haushalts-/Medienabfall | Medien | Hohlraumfüllung / Dämmexperiment | z. B. 4.000 Videokassetten, 4.000 DVD cases, 4.000 Floppy Discs je Quelle unterschiedlich | nein | nein | Sortieren, Einfüllen | Dämmung, Brand | toxische/brandtechnische Fragen","rule_medium","label_50p_has_bauteilprofil_component_profile",""
"reuse_einsatz/Brighton_Waste_House_Brighton__009__Fahrradschl_uche","has_funktionswechsel","funktionswechsel/Neue_Funktion","Fahrradschläuche | Gummi | gebrauchte Fahrradteile | Fahrradkomponente | Bau-/Dichtungsschicht unbekannt | nein | Dauerhaftigkeit | Anwendung nicht detailliert","rule_medium","label_50p_has_bauteilprofil_component_profile",""
"reuse_einsatz/Brighton_Waste_House_Brighton__010__Kaffeesatz_Arbeitsplatte","has_funktionswechsel","funktionswechsel/Neue_Funktion","Kaffeesatz-Arbeitsplatte | organisch/Verbund | alte coffee cup grinds | Abfall | Küchenarbeitsplatte | nein | nein | Verarbeitung zu Platte | Hygiene, Abrieb | Materialbeständigkeit","rule_medium","label_50p_has_bauteilprofil_component_profile",""
"reuse_einsatz/Brighton_Waste_House_Brighton__011__Duvets_Bettdecken","has_funktionswechsel","funktionswechsel/Neue_Funktion","Duvets / Bettdecken | Textil | Wohnheime der Universität | Bettwaren | Dämmung | nein | nein | Einbau bei späterem Makeover | Test geplant | Dämmung, Feuchte, Brand | experimentelle Eignung","rule_medium","label_50p_has_bauteilprofil_component_profile",""
"reuse_einsatz/Brighton_Waste_House_Brighton__011__Duvets_Bettdecken","has_funktionswechsel","funktionswechsel/Konstruktive_Funktion","Duvets / Bettdecken | Textil | Wohnheime der Universität | Bettwaren | Dämmung | nein | nein | Einbau bei späterem Makeover | Test geplant | Dämmung, Feuchte, Brand | experimentelle Eignung","rule_medium","label_50p_has_bauteilprofil_component_profile",""
"reuse_einsatz/Broethen_Twin_House_Hoyerswerda__001__Wandplatten","has_bauteilebene","bauteilebene/Bauteilgruppe","Wandplatten | Stahlbetonfertigteil / P2 | Massenwohnungsbau | Wand | Wand / Trag- und Raumstruktur im Doppelhaus | 26 Stück | ja | nein | Demontage, Reinigung, ggf. Anpassung unbekannt | Tragfähigkeit, Brandschutz, Schallschutz | Anschlussdetails","rule_medium","label_50p_has_bauteilprofil_component_profile",""
"reuse_einsatz/Broethen_Twin_House_Hoyerswerda__001__Wandplatten","has_funktionswechsel","funktionswechsel/Gleiche_Funktion","Wandplatten | Stahlbetonfertigteil / P2 | Massenwohnungsbau | Wand | Wand / Trag- und Raumstruktur im Doppelhaus | 26 Stück | ja | nein | Demontage, Reinigung, ggf. Anpassung unbekannt | Tragfähigkeit, Brandschutz, Schallschutz | Anschlussdetails","rule_high","label_50p_has_bauteilprofil_component_profile",""
"reuse_einsatz/Broethen_Twin_House_Hoyerswerda__001__Wandplatten","has_funktionswechsel","funktionswechsel/Konstruktive_Funktion","Wandplatten | Stahlbetonfertigteil / P2 | Massenwohnungsbau | Wand | Wand / Trag- und Raumstruktur im Doppelhaus | 26 Stück | ja | nein | Demontage, Reinigung, ggf. Anpassung unbekannt | Tragfähigkeit, Brandschutz, Schallschutz | Anschlussdetails","rule_medium","label_50p_has_bauteilprofil_component_profile",""
"reuse_einsatz/Broethen_Twin_House_Hoyerswerda__002__Deckenplatten","has_bauteilebene","bauteilebene/Bauteilgruppe","Deckenplatten | Stahlbetonfertigteil / P2 | Massenwohnungsbau | Geschossdecke | Decke / ggf. Dach oder Boden | 50 Stück | ja | nein | Demontage, Reinigung | Biegung, Durchbiegung, Feuerwiderstand | Transportgewicht","rule_medium","label_50p_has_bauteilprofil_component_profile",""
"reuse_einsatz/Broethen_Twin_House_Hoyerswerda__002__Deckenplatten","has_funktionswechsel","funktionswechsel/Gleiche_Funktion","Deckenplatten | Stahlbetonfertigteil / P2 | Massenwohnungsbau | Geschossdecke | Decke / ggf. Dach oder Boden | 50 Stück | ja | nein | Demontage, Reinigung | Biegung, Durchbiegung, Feuerwiderstand | Transportgewicht","rule_high","label_50p_has_bauteilprofil_component_profile",""
"reuse_einsatz/Broethen_Twin_House_Hoyerswerda__002__Deckenplatten","has_funktionswechsel","funktionswechsel/Konstruktive_Funktion","Deckenplatten | Stahlbetonfertigteil / P2 | Massenwohnungsbau | Geschossdecke | Decke / ggf. Dach oder Boden | 50 Stück | ja | nein | Demontage, Reinigung | Biegung, Durchbiegung, Feuerwiderstand | Transportgewicht","rule_medium","label_50p_has_bauteilprofil_component_profile",""
"reuse_einsatz/Broethen_Twin_House_Hoyerswerda__003__Fassaden_Au_enwandanteile","has_bauteilebene","bauteilebene/Gebaeudeteil","Fassaden-/Außenwandanteile | Stahlbetonfertigteil? | P2-Platten | Außenwand? | Hülle? | ja/teilweise | nein | Wärmeschutz, Feuchte | Dämmstandard","rule_medium","label_50p_has_bauteilprofil_component_profile",""
"reuse_einsatz/Broethen_Twin_House_Hoyerswerda__003__Fassaden_Au_enwandanteile","has_funktionswechsel","funktionswechsel/Neue_Funktion","Fassaden-/Außenwandanteile | Stahlbetonfertigteil? | P2-Platten | Außenwand? | Hülle? | ja/teilweise | nein | Wärmeschutz, Feuchte | Dämmstandard","rule_high","label_50p_has_bauteilprofil_component_profile",""
"reuse_einsatz/Broethen_Twin_House_Hoyerswerda__003__Fassaden_Au_enwandanteile","has_funktionswechsel","funktionswechsel/Konstruktive_Funktion","Fassaden-/Außenwandanteile | Stahlbetonfertigteil? | P2-Platten | Außenwand? | Hülle? | ja/teilweise | nein | Wärmeschutz, Feuchte | Dämmstandard","rule_medium","label_50p_has_bauteilprofil_component_profile",""
"reuse_einsatz/CRCLR_House_Impact_Hub_Berlin__001__Stahlpfetten_I_Tr_ger","has_bauteilebene","bauteilebene/System","Stahlpfetten / I-Träger | Baustahl | Bestandsdach der Halle | Dachtragwerk | Treppenwangen / tragende Treppenstruktur; teils Gewächshausdach geplant/angegeben | 120 Träger bis 18 m laut BauNetz Wissen; installierter Anteil unbekannt | ja | nein | demontiert, Proben, Zugversuch, chemische Analyse, entrostet, Korrosionsschutz | Zugversuche, chemische Analyse, Schweißbarkeit | Tragfähigkeit; Schweißbarkeit; Korrosionsschutz | fehlendes Werkszeugnis; Gewährleistung; Zeit/Kosten","rule_medium","label_50p_has_bauteilprofil_component_profile",""
"reuse_einsatz/CRCLR_House_Impact_Hub_Berlin__001__Stahlpfetten_I_Tr_ger","has_bauteilzustand","bauteilzustand/Geprueft","Stahlpfetten / I-Träger | Baustahl | Bestandsdach der Halle | Dachtragwerk | Treppenwangen / tragende Treppenstruktur; teils Gewächshausdach geplant/angegeben | 120 Träger bis 18 m laut BauNetz Wissen; installierter Anteil unbekannt | ja | nein | demontiert, Proben, Zugversuch, chemische Analyse, entrostet, Korrosionsschutz | Zugversuche, chemische Analyse, Schweißbarkeit | Tragfähigkeit; Schweißbarkeit; Korrosionsschutz | fehlendes Werkszeugnis; Gewährleistung; Zeit/Kosten","rule_medium","label_50p_has_bauteilprofil_component_profile",""
"reuse_einsatz/CRCLR_House_Impact_Hub_Berlin__001__Stahlpfetten_I_Tr_ger","has_bauteilzustand","bauteilzustand/Korrodiert","Stahlpfetten / I-Träger | Baustahl | Bestandsdach der Halle | Dachtragwerk | Treppenwangen / tragende Treppenstruktur; teils Gewächshausdach geplant/angegeben | 120 Träger bis 18 m laut BauNetz Wissen; installierter Anteil unbekannt | ja | nein | demontiert, Proben, Zugversuch, chemische Analyse, entrostet, Korrosionsschutz | Zugversuche, chemische Analyse, Schweißbarkeit | Tragfähigkeit; Schweißbarkeit; Korrosionsschutz | fehlendes Werkszeugnis; Gewährleistung; Zeit/Kosten","rule_high","label_50p_has_bauteilprofil_component_profile",""
"reuse_einsatz/CRCLR_House_Impact_Hub_Berlin__001__Stahlpfetten_I_Tr_ger","has_funktionswechsel","funktionswechsel/Gleiche_Funktion","Stahlpfetten / I-Träger | Baustahl | Bestandsdach der Halle | Dachtragwerk | Treppenwangen / tragende Treppenstruktur; teils Gewächshausdach geplant/angegeben | 120 Träger bis 18 m laut BauNetz Wissen; installierter Anteil unbekannt | ja | nein | demontiert, Proben, Zugversuch, chemische Analyse, entrostet, Korrosionsschutz | Zugversuche, chemische Analyse, Schweißbarkeit | Tragfähigkeit; Schweißbarkeit; Korrosionsschutz | fehlendes Werkszeugnis; Gewährleistung; Zeit/Kosten","rule_high","label_50p_has_bauteilprofil_component_profile",""
"reuse_einsatz/CRCLR_House_Impact_Hub_Berlin__001__Stahlpfetten_I_Tr_ger","has_funktionswechsel","funktionswechsel/Konstruktive_Funktion","Stahlpfetten / I-Träger | Baustahl | Bestandsdach der Halle | Dachtragwerk | Treppenwangen / tragende Treppenstruktur; teils Gewächshausdach geplant/angegeben | 120 Träger bis 18 m laut BauNetz Wissen; installierter Anteil unbekannt | ja | nein | demontiert, Proben, Zugversuch, chemische Analyse, entrostet, Korrosionsschutz | Zugversuche, chemische Analyse, Schweißbarkeit | Tragfähigkeit; Schweißbarkeit; Korrosionsschutz | fehlendes Werkszeugnis; Gewährleistung; Zeit/Kosten","rule_medium","label_50p_has_bauteilprofil_component_profile",""
"reuse_einsatz/CRCLR_House_Impact_Hub_Berlin__002__Stahlfachwerktr_ger","has_bauteilebene","bauteilebene/System","Stahlfachwerkträger | Baustahl | Bestandsdach der Halle | Dachtragwerk | Gewächshausdach laut CMS/nbau; laut BauNetz Wissen wurden Zusatzbauten gestrichen | teilweise/unbekannt | nein | demontiert und geprüft | Zugversuche/chemische Analyse allgemein | Tragfähigkeit | Quellenkonflikt zum realisierten Umfang","rule_medium","label_50p_has_bauteilprofil_component_profile",""
"reuse_einsatz/CRCLR_House_Impact_Hub_Berlin__002__Stahlfachwerktr_ger","has_bauteilzustand","bauteilzustand/Geprueft","Stahlfachwerkträger | Baustahl | Bestandsdach der Halle | Dachtragwerk | Gewächshausdach laut CMS/nbau; laut BauNetz Wissen wurden Zusatzbauten gestrichen | teilweise/unbekannt | nein | demontiert und geprüft | Zugversuche/chemische Analyse allgemein | Tragfähigkeit | Quellenkonflikt zum realisierten Umfang","rule_medium","label_50p_has_bauteilprofil_component_profile",""
"reuse_einsatz/CRCLR_House_Impact_Hub_Berlin__002__Stahlfachwerktr_ger","has_funktionswechsel","funktionswechsel/Gleiche_Funktion","Stahlfachwerkträger | Baustahl | Bestandsdach der Halle | Dachtragwerk | Gewächshausdach laut CMS/nbau; laut BauNetz Wissen wurden Zusatzbauten gestrichen | teilweise/unbekannt | nein | demontiert und geprüft | Zugversuche/chemische Analyse allgemein | Tragfähigkeit | Quellenkonflikt zum realisierten Umfang","rule_high","label_50p_has_bauteilprofil_component_profile",""
"reuse_einsatz/CRCLR_House_Impact_Hub_Berlin__002__Stahlfachwerktr_ger","has_funktionswechsel","funktionswechsel/Konstruktive_Funktion","Stahlfachwerkträger | Baustahl | Bestandsdach der Halle | Dachtragwerk | Gewächshausdach laut CMS/nbau; laut BauNetz Wissen wurden Zusatzbauten gestrichen | teilweise/unbekannt | nein | demontiert und geprüft | Zugversuche/chemische Analyse allgemein | Tragfähigkeit | Quellenkonflikt zum realisierten Umfang","rule_medium","label_50p_has_bauteilprofil_component_profile",""
"reuse_einsatz/CRCLR_House_Impact_Hub_Berlin__003__Holz_Alu_Fenster_Au_enfenster","has_bauteilebene","bauteilebene/Bauteilgruppe","Holz-Alu-Fenster / Außenfenster | Holz-Alu/Glas | demontierte Fenster aus Versicherungsschaden / externe Quelle | Fenster | Fassade / Belichtung | nein | nein | neu verglast laut nbau | Wärmeschutz, Schallschutz, Dichtigkeit | Brandschutz/Energieanforderungen komplizierter als Sanitär","rule_medium","label_50p_has_bauteilprofil_component_profile",""
"reuse_einsatz/CRCLR_House_Impact_Hub_Berlin__003__Holz_Alu_Fenster_Au_enfenster","has_funktionswechsel","funktionswechsel/Neue_Funktion","Holz-Alu-Fenster / Außenfenster | Holz-Alu/Glas | demontierte Fenster aus Versicherungsschaden / externe Quelle | Fenster | Fassade / Belichtung | nein | nein | neu verglast laut nbau | Wärmeschutz, Schallschutz, Dichtigkeit | Brandschutz/Energieanforderungen komplizierter als Sanitär","rule_high","label_50p_has_bauteilprofil_component_profile",""
"reuse_einsatz/CRCLR_House_Impact_Hub_Berlin__003__Holz_Alu_Fenster_Au_enfenster","has_funktionswechsel","funktionswechsel/Konstruktive_Funktion","Holz-Alu-Fenster / Außenfenster | Holz-Alu/Glas | demontierte Fenster aus Versicherungsschaden / externe Quelle | Fenster | Fassade / Belichtung | nein | nein | neu verglast laut nbau | Wärmeschutz, Schallschutz, Dichtigkeit | Brandschutz/Energieanforderungen komplizierter als Sanitär","rule_medium","label_50p_has_bauteilprofil_component_profile",""
"reuse_einsatz/CRCLR_House_Impact_Hub_Berlin__004__Sanit_robjekte_Duschtassen","has_bauteilebene","bauteilebene/Bauteilgruppe","Sanitärobjekte / Duschtassen | Keramik/Sanitärmaterial | Standardisierte Rückbauware | Sanitär | Sanitär | nein | ja | Reinigung/Aufbereitung unbekannt | Hygiene, Funktion | geringer als Fenster/Türen","rule_medium","label_50p_has_bauteilprofil_component_profile",""
"reuse_einsatz/CRCLR_House_Impact_Hub_Berlin__004__Sanit_robjekte_Duschtassen","has_funktionswechsel","funktionswechsel/Gleiche_Funktion","Sanitärobjekte / Duschtassen | Keramik/Sanitärmaterial | Standardisierte Rückbauware | Sanitär | Sanitär | nein | ja | Reinigung/Aufbereitung unbekannt | Hygiene, Funktion | geringer als Fenster/Türen","rule_high","label_50p_has_bauteilprofil_component_profile",""
"reuse_einsatz/CRCLR_House_Impact_Hub_Berlin__004__Sanit_robjekte_Duschtassen","has_funktionswechsel","funktionswechsel/Technische_Funktion","Sanitärobjekte / Duschtassen | Keramik/Sanitärmaterial | Standardisierte Rückbauware | Sanitär | Sanitär | nein | ja | Reinigung/Aufbereitung unbekannt | Hygiene, Funktion | geringer als Fenster/Türen","rule_medium","label_50p_has_bauteilprofil_component_profile",""
"reuse_einsatz/CRCLR_House_Impact_Hub_Berlin__006__Holzgalerie_Innenausbau","has_bauteilebene","bauteilebene/Materialcharge","Holzgalerie / Innenausbau | Holz, teils Reststücke/wiederverwendet | Abrissbaustellen, Messen, Museen, Lagerbestände, Schreinereireste | diverse | Galerie/Innenausbau Impact Hub | ca. 70 % reused/recycled/upcycled laut CMS; direkte Reuse-Anteile unbekannt | teilweise | nein | Zuschnitt; Holzständerraster 62,5 cm | Brandschutz; Nutzung; Robustheit | Materialverfügbarkeit","rule_high","label_50p_has_bauteilprofil_component_profile",""
"reuse_einsatz/CRCLR_House_Impact_Hub_Berlin__006__Holzgalerie_Innenausbau","has_funktionswechsel","funktionswechsel/Konstruktive_Funktion","Holzgalerie / Innenausbau | Holz, teils Reststücke/wiederverwendet | Abrissbaustellen, Messen, Museen, Lagerbestände, Schreinereireste | diverse | Galerie/Innenausbau Impact Hub | ca. 70 % reused/recycled/upcycled laut CMS; direkte Reuse-Anteile unbekannt | teilweise | nein | Zuschnitt; Holzständerraster 62,5 cm | Brandschutz; Nutzung; Robustheit | Materialverfügbarkeit","rule_medium","label_50p_has_bauteilprofil_component_profile",""
"reuse_einsatz/CRCLR_House_Impact_Hub_Berlin__007__TGA_sichtbar_gef_hrt","has_funktionswechsel","funktionswechsel/Gleiche_Funktion","TGA sichtbar geführt | diverse | neu/Bestand unbekannt | Gebäudetechnik | wartbare, demontierbare TGA | nein | ja | auf Putz/sichtbar | Wartung, Brandschutz | Koordination","rule_high","label_50p_has_bauteilprofil_component_profile",""
"reuse_einsatz/CRCLR_House_Impact_Hub_Berlin__007__TGA_sichtbar_gef_hrt","has_funktionswechsel","funktionswechsel/Technische_Funktion","TGA sichtbar geführt | diverse | neu/Bestand unbekannt | Gebäudetechnik | wartbare, demontierbare TGA | nein | ja | auf Putz/sichtbar | Wartung, Brandschutz | Koordination","rule_medium","label_50p_has_bauteilprofil_component_profile",""
"reuse_einsatz/CRCLR_House_Impact_Hub_Berlin__007__TGA_sichtbar_gef_hrt","has_funktionswechsel","funktionswechsel/Konstruktive_Funktion","TGA sichtbar geführt | diverse | neu/Bestand unbekannt | Gebäudetechnik | wartbare, demontierbare TGA | nein | ja | auf Putz/sichtbar | Wartung, Brandschutz | Koordination","rule_medium","label_50p_has_bauteilprofil_component_profile",""
"reuse_einsatz/CascadeUp_London_secondary_timber_glulam_demonstrator__001__Tragwerksrahmen_Balken_St_tzen","has_bauteilebene","bauteilebene/System","Tragwerksrahmen / Balken / Stützen | glued-laminated secondary timber (glulamST) aus Abbruchholz | Rückbauholz aus Demolition-Waste-Streams; genaue Donorgebäude unbekannt | unbekannt; massives Bauholz aus Rückbau | tragender Rahmen des modularen Pilots | ja | nein | Vorbereitung und Remanufacturing zu glulamST | Begleitforschung zu Sekundärholz/CLST; Pilot-spezifisch unbekannt | tragfähige Mass-Timber-Komponente | Sortierung, Nachweis, Haftung, Skalierung","rule_medium","label_50p_has_bauteilprofil_component_profile",""
"reuse_einsatz/CascadeUp_London_secondary_timber_glulam_demonstrator__001__Tragwerksrahmen_Balken_St_tzen","has_funktionswechsel","funktionswechsel/Neue_Funktion","Tragwerksrahmen / Balken / Stützen | glued-laminated secondary timber (glulamST) aus Abbruchholz | Rückbauholz aus Demolition-Waste-Streams; genaue Donorgebäude unbekannt | unbekannt; massives Bauholz aus Rückbau | tragender Rahmen des modularen Pilots | ja | nein | Vorbereitung und Remanufacturing zu glulamST | Begleitforschung zu Sekundärholz/CLST; Pilot-spezifisch unbekannt | tragfähige Mass-Timber-Komponente | Sortierung, Nachweis, Haftung, Skalierung","rule_medium","label_50p_has_bauteilprofil_component_profile",""
"reuse_einsatz/CascadeUp_London_secondary_timber_glulam_demonstrator__001__Tragwerksrahmen_Balken_St_tzen","has_funktionswechsel","funktionswechsel/Konstruktive_Funktion","Tragwerksrahmen / Balken / Stützen | glued-laminated secondary timber (glulamST) aus Abbruchholz | Rückbauholz aus Demolition-Waste-Streams; genaue Donorgebäude unbekannt | unbekannt; massives Bauholz aus Rückbau | tragender Rahmen des modularen Pilots | ja | nein | Vorbereitung und Remanufacturing zu glulamST | Begleitforschung zu Sekundärholz/CLST; Pilot-spezifisch unbekannt | tragfähige Mass-Timber-Komponente | Sortierung, Nachweis, Haftung, Skalierung","rule_medium","label_50p_has_bauteilprofil_component_profile",""
"reuse_einsatz/CascadeUp_London_secondary_timber_glulam_demonstrator__002__Wandpaneele","has_bauteilebene","bauteilebene/Bauteilgruppe","Wandpaneele | cross-laminated secondary timber (CLST) | Rückbauholz aus Demolition-Waste-Streams; genaue Donorgebäude unbekannt | Wand-/Raumbildung im Pilotbau | teilweise/unbekannt | nein | Remanufacturing zu CLST | Begleitforschung nennt nicht-destruktive Bewertung und Biegeversuche | Biegesteifigkeit/Tragfähigkeit für CLST; Pilotdetails unbekannt | Materialvariabilität; bauaufsichtliche Akzeptanz","rule_medium","label_50p_has_bauteilprofil_component_profile",""
"reuse_einsatz/CascadeUp_London_secondary_timber_glulam_demonstrator__002__Wandpaneele","has_funktionswechsel","funktionswechsel/Unbekannt","Wandpaneele | cross-laminated secondary timber (CLST) | Rückbauholz aus Demolition-Waste-Streams; genaue Donorgebäude unbekannt | Wand-/Raumbildung im Pilotbau | teilweise/unbekannt | nein | Remanufacturing zu CLST | Begleitforschung nennt nicht-destruktive Bewertung und Biegeversuche | Biegesteifigkeit/Tragfähigkeit für CLST; Pilotdetails unbekannt | Materialvariabilität; bauaufsichtliche Akzeptanz","rule_low","label_50p_has_bauteilprofil_component_profile",""
"reuse_einsatz/CascadeUp_London_secondary_timber_glulam_demonstrator__002__Wandpaneele","has_funktionswechsel","funktionswechsel/Konstruktive_Funktion","Wandpaneele | cross-laminated secondary timber (CLST) | Rückbauholz aus Demolition-Waste-Streams; genaue Donorgebäude unbekannt | Wand-/Raumbildung im Pilotbau | teilweise/unbekannt | nein | Remanufacturing zu CLST | Begleitforschung nennt nicht-destruktive Bewertung und Biegeversuche | Biegesteifigkeit/Tragfähigkeit für CLST; Pilotdetails unbekannt | Materialvariabilität; bauaufsichtliche Akzeptanz","rule_medium","label_50p_has_bauteilprofil_component_profile",""
"reuse_einsatz/CascadeUp_London_secondary_timber_glulam_demonstrator__003__Bodenpaneele","has_bauteilebene","bauteilebene/Bauteilgruppe","Bodenpaneele | CLST | Rückbauholz | Boden-/Deckenelement im Pilotbau | ja/teilweise | nein | Remanufacturing | Begleitforschung zu CLST, spezifisch unbekannt | Biegung, Gebrauchstauglichkeit | Nachweis sekundärer Lamellen","rule_medium","label_50p_has_bauteilprofil_component_profile",""
"reuse_einsatz/CascadeUp_London_secondary_timber_glulam_demonstrator__003__Bodenpaneele","has_funktionswechsel","funktionswechsel/Unbekannt","Bodenpaneele | CLST | Rückbauholz | Boden-/Deckenelement im Pilotbau | ja/teilweise | nein | Remanufacturing | Begleitforschung zu CLST, spezifisch unbekannt | Biegung, Gebrauchstauglichkeit | Nachweis sekundärer Lamellen","rule_low","label_50p_has_bauteilprofil_component_profile",""
"reuse_einsatz/CascadeUp_London_secondary_timber_glulam_demonstrator__003__Bodenpaneele","has_funktionswechsel","funktionswechsel/Konstruktive_Funktion","Bodenpaneele | CLST | Rückbauholz | Boden-/Deckenelement im Pilotbau | ja/teilweise | nein | Remanufacturing | Begleitforschung zu CLST, spezifisch unbekannt | Biegung, Gebrauchstauglichkeit | Nachweis sekundärer Lamellen","rule_medium","label_50p_has_bauteilprofil_component_profile",""
"reuse_einsatz/Charles_Malis_Molenbeek__001__Bodenpflaster_Bruseleye_tiles","has_bauteilebene","bauteilebene/Oberflaechenschicht","Bodenpflaster / Bruseleye tiles | Stein/Fliese, genaues Material unbekannt | Reuse-Bestand, Quelle nicht präzisiert | Bodenbelag/Pflaster | fester Bodenbelag im Wartebereich | nein | nein | zurückgewonnen und neu zugeschnitten | Rutschhemmung, Belastbarkeit, Reinigung | Herkunft und Menge fehlen","rule_high","label_50p_has_bauteilprofil_component_profile",""
"reuse_einsatz/Charles_Malis_Molenbeek__001__Bodenpflaster_Bruseleye_tiles","has_funktionswechsel","funktionswechsel/Gleiche_Funktion","Bodenpflaster / Bruseleye tiles | Stein/Fliese, genaues Material unbekannt | Reuse-Bestand, Quelle nicht präzisiert | Bodenbelag/Pflaster | fester Bodenbelag im Wartebereich | nein | nein | zurückgewonnen und neu zugeschnitten | Rutschhemmung, Belastbarkeit, Reinigung | Herkunft und Menge fehlen","rule_high","label_50p_has_bauteilprofil_component_profile",""
"reuse_einsatz/Charles_Malis_Molenbeek__001__Bodenpflaster_Bruseleye_tiles","has_funktionswechsel","funktionswechsel/Konstruktive_Funktion","Bodenpflaster / Bruseleye tiles | Stein/Fliese, genaues Material unbekannt | Reuse-Bestand, Quelle nicht präzisiert | Bodenbelag/Pflaster | fester Bodenbelag im Wartebereich | nein | nein | zurückgewonnen und neu zugeschnitten | Rutschhemmung, Belastbarkeit, Reinigung | Herkunft und Menge fehlen","rule_medium","label_50p_has_bauteilprofil_component_profile",""
"reuse_einsatz/Charles_Malis_Molenbeek__002__Leuchten","has_bauteilebene","bauteilebene/Bauteilgruppe","Leuchten | ROTOR | Beleuchtung | fest installierte Beleuchtung an Schaltern/Büros | nein | ja | Wiederverwendung / ggf. elektrische Aufbereitung | elektrische Prüfung unbekannt | elektrische Sicherheit, Brandschutz | nur fest installierte Leuchten zählen","rule_medium","label_50p_has_bauteilprofil_component_profile",""
"reuse_einsatz/Charles_Malis_Molenbeek__002__Leuchten","has_funktionswechsel","funktionswechsel/Gleiche_Funktion","Leuchten | ROTOR | Beleuchtung | fest installierte Beleuchtung an Schaltern/Büros | nein | ja | Wiederverwendung / ggf. elektrische Aufbereitung | elektrische Prüfung unbekannt | elektrische Sicherheit, Brandschutz | nur fest installierte Leuchten zählen","rule_high","label_50p_has_bauteilprofil_component_profile",""
"reuse_einsatz/Charles_Malis_Molenbeek__002__Leuchten","has_funktionswechsel","funktionswechsel/Technische_Funktion","Leuchten | ROTOR | Beleuchtung | fest installierte Beleuchtung an Schaltern/Büros | nein | ja | Wiederverwendung / ggf. elektrische Aufbereitung | elektrische Prüfung unbekannt | elektrische Sicherheit, Brandschutz | nur fest installierte Leuchten zählen","rule_medium","label_50p_has_bauteilprofil_component_profile",""
"reuse_einsatz/Charles_Malis_Molenbeek__002__Leuchten","has_funktionswechsel","funktionswechsel/Konstruktive_Funktion","Leuchten | ROTOR | Beleuchtung | fest installierte Beleuchtung an Schaltern/Büros | nein | ja | Wiederverwendung / ggf. elektrische Aufbereitung | elektrische Prüfung unbekannt | elektrische Sicherheit, Brandschutz | nur fest installierte Leuchten zählen","rule_medium","label_50p_has_bauteilprofil_component_profile",""
"reuse_einsatz/Chiro_d_Itterbeek_Dilbeek__001__Fassadenziegel","has_bauteilebene","bauteilebene/Oberflaechenschicht","Fassadenziegel | Ziegel, 3 Typen: gelber industrieller Ziegel + Feldbrandziegel klassisch/dünn | Franck / Opalis-Händler | Fassaden-/Mauerwerksziegel unbekannt | Fassadenbekleidung / äußeres Mauerwerk | 30 m²; Adokin auch 2,7 m³ | nicht als tragend belegt | nein | Reinigen/Sortieren nicht detailliert | Witterung, Integration in Backsteinumfeld | passende Menge/Typen","rule_high","label_50p_has_bauteilprofil_component_profile",""
"reuse_einsatz/Chiro_d_Itterbeek_Dilbeek__001__Fassadenziegel","has_funktionswechsel","funktionswechsel/Gleiche_Funktion","Fassadenziegel | Ziegel, 3 Typen: gelber industrieller Ziegel + Feldbrandziegel klassisch/dünn | Franck / Opalis-Händler | Fassaden-/Mauerwerksziegel unbekannt | Fassadenbekleidung / äußeres Mauerwerk | 30 m²; Adokin auch 2,7 m³ | nicht als tragend belegt | nein | Reinigen/Sortieren nicht detailliert | Witterung, Integration in Backsteinumfeld | passende Menge/Typen","rule_high","label_50p_has_bauteilprofil_component_profile",""
"reuse_einsatz/Chiro_d_Itterbeek_Dilbeek__001__Fassadenziegel","has_funktionswechsel","funktionswechsel/Konstruktive_Funktion","Fassadenziegel | Ziegel, 3 Typen: gelber industrieller Ziegel + Feldbrandziegel klassisch/dünn | Franck / Opalis-Händler | Fassaden-/Mauerwerksziegel unbekannt | Fassadenbekleidung / äußeres Mauerwerk | 30 m²; Adokin auch 2,7 m³ | nicht als tragend belegt | nein | Reinigen/Sortieren nicht detailliert | Witterung, Integration in Backsteinumfeld | passende Menge/Typen","rule_medium","label_50p_has_bauteilprofil_component_profile",""
"reuse_einsatz/Chiro_d_Itterbeek_Dilbeek__002__Au_enst_rze","has_bauteilebene","bauteilebene/Bauteilgruppe","Außenstürze | Stahl-U-Profile | Gebruiktebouwmaterialen / Opalis-Händler | Stahlprofile unbekannt | Fassadenstürze | 5 lfm; 2 U-Profile | ja, lokal als Sturz | nein | zwei U-Profile zusammengefügt | Lastabtragung über Öffnungen | Verbindung/Nachweis","rule_medium","label_50p_has_bauteilprofil_component_profile",""
"reuse_einsatz/Chiro_d_Itterbeek_Dilbeek__002__Au_enst_rze","has_funktionswechsel","funktionswechsel/Neue_Funktion","Außenstürze | Stahl-U-Profile | Gebruiktebouwmaterialen / Opalis-Händler | Stahlprofile unbekannt | Fassadenstürze | 5 lfm; 2 U-Profile | ja, lokal als Sturz | nein | zwei U-Profile zusammengefügt | Lastabtragung über Öffnungen | Verbindung/Nachweis","rule_medium","label_50p_has_bauteilprofil_component_profile",""
"reuse_einsatz/Chiro_d_Itterbeek_Dilbeek__002__Au_enst_rze","has_funktionswechsel","funktionswechsel/Konstruktive_Funktion","Außenstürze | Stahl-U-Profile | Gebruiktebouwmaterialen / Opalis-Händler | Stahlprofile unbekannt | Fassadenstürze | 5 lfm; 2 U-Profile | ja, lokal als Sturz | nein | zwei U-Profile zusammengefügt | Lastabtragung über Öffnungen | Verbindung/Nachweis","rule_medium","label_50p_has_bauteilprofil_component_profile",""
"reuse_einsatz/Chiro_d_Itterbeek_Dilbeek__003__Dachziegel","has_bauteilebene","bauteilebene/Oberflaechenschicht","Dachziegel | Dachziegel | Rest einer Brüsseler Villenrenovierung / Spende | Dachdeckung | Dachdeckung | 20 m² | nein | nein | Sortieren | Witterung | Anfangsmenge war laut Quelle falsch; Nachsuche nötig","rule_high","label_50p_has_bauteilprofil_component_profile",""
"reuse_einsatz/Chiro_d_Itterbeek_Dilbeek__003__Dachziegel","has_funktionswechsel","funktionswechsel/Gleiche_Funktion","Dachziegel | Dachziegel | Rest einer Brüsseler Villenrenovierung / Spende | Dachdeckung | Dachdeckung | 20 m² | nein | nein | Sortieren | Witterung | Anfangsmenge war laut Quelle falsch; Nachsuche nötig","rule_high","label_50p_has_bauteilprofil_component_profile",""
"reuse_einsatz/Chiro_d_Itterbeek_Dilbeek__003__Dachziegel","has_funktionswechsel","funktionswechsel/Konstruktive_Funktion","Dachziegel | Dachziegel | Rest einer Brüsseler Villenrenovierung / Spende | Dachdeckung | Dachdeckung | 20 m² | nein | nein | Sortieren | Witterung | Anfangsmenge war laut Quelle falsch; Nachsuche nötig","rule_medium","label_50p_has_bauteilprofil_component_profile",""
"reuse_einsatz/Chiro_d_Itterbeek_Dilbeek__004__Au_ent_ren","has_bauteilebene","bauteilebene/Bauteilgruppe","Außentüren | Holz | Namur Croisade pauvreté / Gebruiktebouwmaterialen | Türen | Außentüren | 2 Stück | nein | nein | Anpassung unbekannt | Zugang, Sicherheit, Wetter | Maße/Kompatibilität","rule_medium","label_50p_has_bauteilprofil_component_profile",""
"reuse_einsatz/Chiro_d_Itterbeek_Dilbeek__004__Au_ent_ren","has_funktionswechsel","funktionswechsel/Gleiche_Funktion","Außentüren | Holz | Namur Croisade pauvreté / Gebruiktebouwmaterialen | Türen | Außentüren | 2 Stück | nein | nein | Anpassung unbekannt | Zugang, Sicherheit, Wetter | Maße/Kompatibilität","rule_high","label_50p_has_bauteilprofil_component_profile",""
"reuse_einsatz/Chiro_d_Itterbeek_Dilbeek__005__Holzfenster","has_bauteilebene","bauteilebene/Bauteilgruppe","Holzfenster | Holz/Glas | Namur Croisade pauvreté / Gebruiktebouwmaterialen | Fenster | Außenfenster | 2 Stück | nein | nein | Anpassung unbekannt | Licht, Luft, Witterung | Maße/U-Wert unbekannt","rule_medium","label_50p_has_bauteilprofil_component_profile",""
"reuse_einsatz/Chiro_d_Itterbeek_Dilbeek__005__Holzfenster","has_funktionswechsel","funktionswechsel/Gleiche_Funktion","Holzfenster | Holz/Glas | Namur Croisade pauvreté / Gebruiktebouwmaterialen | Fenster | Außenfenster | 2 Stück | nein | nein | Anpassung unbekannt | Licht, Luft, Witterung | Maße/U-Wert unbekannt","rule_high","label_50p_has_bauteilprofil_component_profile",""
"reuse_einsatz/Chiro_d_Itterbeek_Dilbeek__006__Bodenfliesen","has_bauteilebene","bauteilebene/Oberflaechenschicht","Bodenfliesen | Keramik, aus ehemaliger Grundschule Everheide, 1930er | RotorDC | Bodenbelag | Sanitärboden | 14 m² | nein | nein | Reinigung | Abrieb, Reinigung, Hygiene | Menge/Bruch","rule_high","label_50p_has_bauteilprofil_component_profile",""
"reuse_einsatz/Chiro_d_Itterbeek_Dilbeek__006__Bodenfliesen","has_funktionswechsel","funktionswechsel/Gleiche_Funktion","Bodenfliesen | Keramik, aus ehemaliger Grundschule Everheide, 1930er | RotorDC | Bodenbelag | Sanitärboden | 14 m² | nein | nein | Reinigung | Abrieb, Reinigung, Hygiene | Menge/Bruch","rule_high","label_50p_has_bauteilprofil_component_profile",""
"reuse_einsatz/Chiro_d_Itterbeek_Dilbeek__006__Bodenfliesen","has_funktionswechsel","funktionswechsel/Konstruktive_Funktion","Bodenfliesen | Keramik, aus ehemaliger Grundschule Everheide, 1930er | RotorDC | Bodenbelag | Sanitärboden | 14 m² | nein | nein | Reinigung | Abrieb, Reinigung, Hygiene | Menge/Bruch","rule_medium","label_50p_has_bauteilprofil_component_profile",""
"reuse_einsatz/Chiro_d_Itterbeek_Dilbeek__007__Wandfliesen","has_bauteilebene","bauteilebene/Oberflaechenschicht","Wandfliesen | Keramik | RotorDC | Wandbekleidung | Nassbereich Wand | 11 m² | nein | nein | Reinigung | Wasser/Reinigung | Menge/Passung","rule_high","label_50p_has_bauteilprofil_component_profile",""
"reuse_einsatz/Chiro_d_Itterbeek_Dilbeek__007__Wandfliesen","has_funktionswechsel","funktionswechsel/Gleiche_Funktion","Wandfliesen | Keramik | RotorDC | Wandbekleidung | Nassbereich Wand | 11 m² | nein | nein | Reinigung | Wasser/Reinigung | Menge/Passung","rule_high","label_50p_has_bauteilprofil_component_profile",""
"reuse_einsatz/Chiro_d_Itterbeek_Dilbeek__007__Wandfliesen","has_funktionswechsel","funktionswechsel/Konstruktive_Funktion","Wandfliesen | Keramik | RotorDC | Wandbekleidung | Nassbereich Wand | 11 m² | nein | nein | Reinigung | Wasser/Reinigung | Menge/Passung","rule_medium","label_50p_has_bauteilprofil_component_profile",""
"reuse_einsatz/Chiro_d_Itterbeek_Dilbeek__008__Sanit_robjekte","has_bauteilebene","bauteilebene/Bauteilgruppe","Sanitärobjekte | Keramik/Metall | RotorDC | Sanitär | WC/Urinale/Waschbecken | 4 WCs, 2 Duravit-Urinale, 3 Art-déco-Waschbecken, 1 Urinaltrenner | nein | ja | Reinigung/Funktionsprüfung unbekannt | Hygiene, Dichtheit, Wartung | Anschluss/Kompatibilität","rule_medium","label_50p_has_bauteilprofil_component_profile",""
"reuse_einsatz/Chiro_d_Itterbeek_Dilbeek__008__Sanit_robjekte","has_funktionswechsel","funktionswechsel/Gleiche_Funktion","Sanitärobjekte | Keramik/Metall | RotorDC | Sanitär | WC/Urinale/Waschbecken | 4 WCs, 2 Duravit-Urinale, 3 Art-déco-Waschbecken, 1 Urinaltrenner | nein | ja | Reinigung/Funktionsprüfung unbekannt | Hygiene, Dichtheit, Wartung | Anschluss/Kompatibilität","rule_high","label_50p_has_bauteilprofil_component_profile",""
"reuse_einsatz/Chiro_d_Itterbeek_Dilbeek__008__Sanit_robjekte","has_funktionswechsel","funktionswechsel/Technische_Funktion","Sanitärobjekte | Keramik/Metall | RotorDC | Sanitär | WC/Urinale/Waschbecken | 4 WCs, 2 Duravit-Urinale, 3 Art-déco-Waschbecken, 1 Urinaltrenner | nein | ja | Reinigung/Funktionsprüfung unbekannt | Hygiene, Dichtheit, Wartung | Anschluss/Kompatibilität","rule_medium","label_50p_has_bauteilprofil_component_profile",""
"reuse_einsatz/Chiro_d_Itterbeek_Dilbeek__009__Leuchten","has_bauteilebene","bauteilebene/Bauteilgruppe","Leuchten | RotorDC | Beleuchtung | Beleuchtung | 5 Stück | nein | ja | elektrische Sicherheit, Beleuchtung | Zulassung/Prüfung","rule_medium","label_50p_has_bauteilprofil_component_profile",""
"reuse_einsatz/Chiro_d_Itterbeek_Dilbeek__009__Leuchten","has_funktionswechsel","funktionswechsel/Gleiche_Funktion","Leuchten | RotorDC | Beleuchtung | Beleuchtung | 5 Stück | nein | ja | elektrische Sicherheit, Beleuchtung | Zulassung/Prüfung","rule_high","label_50p_has_bauteilprofil_component_profile",""
"reuse_einsatz/Chiro_d_Itterbeek_Dilbeek__009__Leuchten","has_funktionswechsel","funktionswechsel/Technische_Funktion","Leuchten | RotorDC | Beleuchtung | Beleuchtung | 5 Stück | nein | ja | elektrische Sicherheit, Beleuchtung | Zulassung/Prüfung","rule_medium","label_50p_has_bauteilprofil_component_profile",""
"reuse_einsatz/Chiro_d_Itterbeek_Dilbeek__012__Betonbl_cke","has_funktionswechsel","funktionswechsel/Neue_Funktion","Betonblöcke | Beton | Bouwstocks Surplus/B-Qualität | unbenutzt / Restposten | Rohbau/Wand | 48 m²; Adokin 6,7 m³ | evtl. ja | nein | neu/restposten | Last/Wand | nicht gebrauchte Reuse-Bauteile","rule_medium","label_50p_has_bauteilprofil_component_profile",""
"reuse_einsatz/Chiro_d_Itterbeek_Dilbeek__012__Betonbl_cke","has_funktionswechsel","funktionswechsel/Konstruktive_Funktion","Betonblöcke | Beton | Bouwstocks Surplus/B-Qualität | unbenutzt / Restposten | Rohbau/Wand | 48 m²; Adokin 6,7 m³ | evtl. ja | nein | neu/restposten | Last/Wand | nicht gebrauchte Reuse-Bauteile","rule_medium","label_50p_has_bauteilprofil_component_profile",""
"reuse_einsatz/Chiro_d_Itterbeek_Dilbeek__013__Holzrahmen_Dachtragwerk","has_bauteilebene","bauteilebene/System","Holzrahmen / Dachtragwerk | Holz | Bouwstocks Surplus/Restposten | unbenutzt / Restposten | Dach-/Tragstruktur | 49,2 lfm | ja | nein | neu/restposten | Lastabtragung | Surplus statt Direct Reuse","rule_medium","label_50p_has_bauteilprofil_component_profile",""
"reuse_einsatz/Chiro_d_Itterbeek_Dilbeek__013__Holzrahmen_Dachtragwerk","has_funktionswechsel","funktionswechsel/Neue_Funktion","Holzrahmen / Dachtragwerk | Holz | Bouwstocks Surplus/Restposten | unbenutzt / Restposten | Dach-/Tragstruktur | 49,2 lfm | ja | nein | neu/restposten | Lastabtragung | Surplus statt Direct Reuse","rule_medium","label_50p_has_bauteilprofil_component_profile",""
"reuse_einsatz/Chiro_d_Itterbeek_Dilbeek__013__Holzrahmen_Dachtragwerk","has_funktionswechsel","funktionswechsel/Konstruktive_Funktion","Holzrahmen / Dachtragwerk | Holz | Bouwstocks Surplus/Restposten | unbenutzt / Restposten | Dach-/Tragstruktur | 49,2 lfm | ja | nein | neu/restposten | Lastabtragung | Surplus statt Direct Reuse","rule_medium","label_50p_has_bauteilprofil_component_profile",""
"reuse_einsatz/Christ_Pavilion_Volkenroda__001__gesamtes_Pavillonensemble","has_bauteilebene","bauteilebene/Gebaeudeteil","gesamtes Pavillonensemble | Stahl, Sichtbeton, Glas, Marmor | EXPO 2000 Hannover | Pavillon / Ausstellungskirche | Kirche / Klosterensemble | BGF 2.004 m²; BRI 18.548 m³ | ja/teilweise | nein | demontiert und in Volkenroda wiederaufgebaut | Standsicherheit, Wetter, Nutzung | Transport/Montage","rule_medium","label_50p_has_bauteilprofil_component_profile",""
"reuse_einsatz/Christ_Pavilion_Volkenroda__001__gesamtes_Pavillonensemble","has_funktionswechsel","funktionswechsel/Neue_Funktion","gesamtes Pavillonensemble | Stahl, Sichtbeton, Glas, Marmor | EXPO 2000 Hannover | Pavillon / Ausstellungskirche | Kirche / Klosterensemble | BGF 2.004 m²; BRI 18.548 m³ | ja/teilweise | nein | demontiert und in Volkenroda wiederaufgebaut | Standsicherheit, Wetter, Nutzung | Transport/Montage","rule_medium","label_50p_has_bauteilprofil_component_profile",""
"reuse_einsatz/Christ_Pavilion_Volkenroda__002__Dachtragwerk_Christusraum","has_bauteilebene","bauteilebene/System","Dachtragwerk Christusraum | beschichteter Stahl | EXPO 2000 | Dachtragwerk | Dachtragwerk Kirche | Dach über ca. 24×24 m Raum | ja | nein | Abbau/Wiederaufbau | Tragfähigkeit | Fügung/Transport","rule_medium","label_50p_has_bauteilprofil_component_profile",""
"reuse_einsatz/Christ_Pavilion_Volkenroda__002__Dachtragwerk_Christusraum","has_funktionswechsel","funktionswechsel/Gleiche_Funktion","Dachtragwerk Christusraum | beschichteter Stahl | EXPO 2000 | Dachtragwerk | Dachtragwerk Kirche | Dach über ca. 24×24 m Raum | ja | nein | Abbau/Wiederaufbau | Tragfähigkeit | Fügung/Transport","rule_high","label_50p_has_bauteilprofil_component_profile",""
"reuse_einsatz/Christ_Pavilion_Volkenroda__002__Dachtragwerk_Christusraum","has_funktionswechsel","funktionswechsel/Konstruktive_Funktion","Dachtragwerk Christusraum | beschichteter Stahl | EXPO 2000 | Dachtragwerk | Dachtragwerk Kirche | Dach über ca. 24×24 m Raum | ja | nein | Abbau/Wiederaufbau | Tragfähigkeit | Fügung/Transport","rule_medium","label_50p_has_bauteilprofil_component_profile",""
"reuse_einsatz/Christ_Pavilion_Volkenroda__004__Marmor_Glas_Wand_Christusraum","has_funktionswechsel","funktionswechsel/Gleiche_Funktion","Marmor-Glas-Wand Christusraum | Marmor + Glas | EXPO 2000 | transluzente Hülle | Hülle/Raumstimmung | einschalige Fläche; genaue Anzahl Tafeln unbekannt | nein/teilweise | nein | Abbau/Wiederaufbau | Witterung, Befestigung, Sicherheit | Bruch/Transport","rule_high","label_50p_has_bauteilprofil_component_profile",""
"reuse_einsatz/Christ_Pavilion_Volkenroda__004__Marmor_Glas_Wand_Christusraum","has_funktionswechsel","funktionswechsel/Konstruktive_Funktion","Marmor-Glas-Wand Christusraum | Marmor + Glas | EXPO 2000 | transluzente Hülle | Hülle/Raumstimmung | einschalige Fläche; genaue Anzahl Tafeln unbekannt | nein/teilweise | nein | Abbau/Wiederaufbau | Witterung, Befestigung, Sicherheit | Bruch/Transport","rule_medium","label_50p_has_bauteilprofil_component_profile",""
"reuse_einsatz/Christ_Pavilion_Volkenroda__005__Kreuzgang","has_funktionswechsel","funktionswechsel/Neue_Funktion","Kreuzgang | Stahl-Glas-Konstruktion | EXPO 2000 | umlaufender Pavillon-/Ausstellungsraum | Kloster-Kreuzgang | ca. 70×30×6,8 m laut Felger-Quelle | teilweise | nein | Abbau/Wiederaufbau | Witterung, Nutzung | Fenstervitrinen später beschädigt","rule_medium","label_50p_has_bauteilprofil_component_profile",""
"reuse_einsatz/Christ_Pavilion_Volkenroda__006__Glasfassade_Vitrinen","has_bauteilebene","bauteilebene/Gebaeudeteil","Glasfassade/Vitrinen | Glas, Stahl, Füllungen verschiedener Herkunft | EXPO 2000 | Ausstellungsfassade | Kreuzgangfassade | großformatige Vitrinen; genaue Anzahl unbekannt | nein | nein | wiederaufgebaut | Witterung, Sicherheit | Witterungsschäden nach 20 Jahren","rule_medium","label_50p_has_bauteilprofil_component_profile",""
"reuse_einsatz/Christ_Pavilion_Volkenroda__006__Glasfassade_Vitrinen","has_funktionswechsel","funktionswechsel/Gleiche_Funktion","Glasfassade/Vitrinen | Glas, Stahl, Füllungen verschiedener Herkunft | EXPO 2000 | Ausstellungsfassade | Kreuzgangfassade | großformatige Vitrinen; genaue Anzahl unbekannt | nein | nein | wiederaufgebaut | Witterung, Sicherheit | Witterungsschäden nach 20 Jahren","rule_high","label_50p_has_bauteilprofil_component_profile",""
"reuse_einsatz/Christ_Pavilion_Volkenroda__006__Glasfassade_Vitrinen","has_funktionswechsel","funktionswechsel/Konstruktive_Funktion","Glasfassade/Vitrinen | Glas, Stahl, Füllungen verschiedener Herkunft | EXPO 2000 | Ausstellungsfassade | Kreuzgangfassade | großformatige Vitrinen; genaue Anzahl unbekannt | nein | nein | wiederaufgebaut | Witterung, Sicherheit | Witterungsschäden nach 20 Jahren","rule_medium","label_50p_has_bauteilprofil_component_profile",""
"reuse_einsatz/Christ_Pavilion_Volkenroda__007__Sichtbetonteile","has_funktionswechsel","funktionswechsel/Neue_Funktion","Sichtbetonteile | Beton | EXPO 2000 | Sockel/Raumteile | Raum-/Bauwerksteile | teilweise | nein | Abbau/Wiederaufbau, soweit Teil des translozierten Ensembles | Dauerhaftigkeit","rule_medium","label_50p_has_bauteilprofil_component_profile",""
"reuse_einsatz/Circular_Centre_Netherlands_Prinsenhof_A_reuse_pilot__001__Hohlk_rperdecken_kanaalplaatvloeren","has_bauteilebene","bauteilebene/System","Hohlkörperdecken / kanaalplaatvloeren | Spannbeton/Fertigbeton | Prinsenhof A, Arnhem | Geschossdecken | Decken/Tragstruktur CCN; teils bereits Sporthalle Arnhem | Teil von 550 Bodenelementen; genaue CCN-Menge unbekannt | ja | nein | demontiert, gelagert, gekürzt mit Spezial-Setup | Druck-/Belastungstests laut Lagemaat; weitere QA unbekannt | Tragfähigkeit/Gebrauchstauglichkeit | Trennen/Kürzen ohne Schäden","rule_medium","label_50p_has_bauteilprofil_component_profile",""
"reuse_einsatz/Circular_Centre_Netherlands_Prinsenhof_A_reuse_pilot__001__Hohlk_rperdecken_kanaalplaatvloeren","has_bauteilzustand","bauteilzustand/Geprueft","Hohlkörperdecken / kanaalplaatvloeren | Spannbeton/Fertigbeton | Prinsenhof A, Arnhem | Geschossdecken | Decken/Tragstruktur CCN; teils bereits Sporthalle Arnhem | Teil von 550 Bodenelementen; genaue CCN-Menge unbekannt | ja | nein | demontiert, gelagert, gekürzt mit Spezial-Setup | Druck-/Belastungstests laut Lagemaat; weitere QA unbekannt | Tragfähigkeit/Gebrauchstauglichkeit | Trennen/Kürzen ohne Schäden","rule_medium","label_50p_has_bauteilprofil_component_profile",""
"reuse_einsatz/Circular_Centre_Netherlands_Prinsenhof_A_reuse_pilot__001__Hohlk_rperdecken_kanaalplaatvloeren","has_funktionswechsel","funktionswechsel/Gleiche_Funktion","Hohlkörperdecken / kanaalplaatvloeren | Spannbeton/Fertigbeton | Prinsenhof A, Arnhem | Geschossdecken | Decken/Tragstruktur CCN; teils bereits Sporthalle Arnhem | Teil von 550 Bodenelementen; genaue CCN-Menge unbekannt | ja | nein | demontiert, gelagert, gekürzt mit Spezial-Setup | Druck-/Belastungstests laut Lagemaat; weitere QA unbekannt | Tragfähigkeit/Gebrauchstauglichkeit | Trennen/Kürzen ohne Schäden","rule_high","label_50p_has_bauteilprofil_component_profile",""
"reuse_einsatz/Circular_Centre_Netherlands_Prinsenhof_A_reuse_pilot__001__Hohlk_rperdecken_kanaalplaatvloeren","has_funktionswechsel","funktionswechsel/Konstruktive_Funktion","Hohlkörperdecken / kanaalplaatvloeren | Spannbeton/Fertigbeton | Prinsenhof A, Arnhem | Geschossdecken | Decken/Tragstruktur CCN; teils bereits Sporthalle Arnhem | Teil von 550 Bodenelementen; genaue CCN-Menge unbekannt | ja | nein | demontiert, gelagert, gekürzt mit Spezial-Setup | Druck-/Belastungstests laut Lagemaat; weitere QA unbekannt | Tragfähigkeit/Gebrauchstauglichkeit | Trennen/Kürzen ohne Schäden","rule_medium","label_50p_has_bauteilprofil_component_profile",""
"reuse_einsatz/Circular_Centre_Netherlands_Prinsenhof_A_reuse_pilot__002__Prefab_Fassadenelemente","has_bauteilebene","bauteilebene/Gebaeudeteil","Prefab-Fassadenelemente | Fertigbeton/Sandwich- oder Fassadenelemente, genaue Schichten unbekannt | Prinsenhof A | tragende/abschließende Fassade | Fassaden-/strukturelle Elemente CCN | 350 Fassadenelemente demontiert; genaue CCN-Menge unbekannt | teilweise | nein | Außenfinish/Isolierung freilegen; Brüstungen mit Seilsäge entfernen | strukturelle Bewertung unbekannt | Trag-/Hüllenanforderungen | Integrität beim Schneiden","rule_medium","label_50p_has_bauteilprofil_component_profile",""
"reuse_einsatz/Circular_Centre_Netherlands_Prinsenhof_A_reuse_pilot__002__Prefab_Fassadenelemente","has_funktionswechsel","funktionswechsel/Gleiche_Funktion","Prefab-Fassadenelemente | Fertigbeton/Sandwich- oder Fassadenelemente, genaue Schichten unbekannt | Prinsenhof A | tragende/abschließende Fassade | Fassaden-/strukturelle Elemente CCN | 350 Fassadenelemente demontiert; genaue CCN-Menge unbekannt | teilweise | nein | Außenfinish/Isolierung freilegen; Brüstungen mit Seilsäge entfernen | strukturelle Bewertung unbekannt | Trag-/Hüllenanforderungen | Integrität beim Schneiden","rule_high","label_50p_has_bauteilprofil_component_profile",""
"reuse_einsatz/Circular_Centre_Netherlands_Prinsenhof_A_reuse_pilot__002__Prefab_Fassadenelemente","has_funktionswechsel","funktionswechsel/Konstruktive_Funktion","Prefab-Fassadenelemente | Fertigbeton/Sandwich- oder Fassadenelemente, genaue Schichten unbekannt | Prinsenhof A | tragende/abschließende Fassade | Fassaden-/strukturelle Elemente CCN | 350 Fassadenelemente demontiert; genaue CCN-Menge unbekannt | teilweise | nein | Außenfinish/Isolierung freilegen; Brüstungen mit Seilsäge entfernen | strukturelle Bewertung unbekannt | Trag-/Hüllenanforderungen | Integrität beim Schneiden","rule_medium","label_50p_has_bauteilprofil_component_profile",""
"reuse_einsatz/Circular_Centre_Netherlands_Prinsenhof_A_reuse_pilot__003__Br_stungen_parapets","has_funktionswechsel","funktionswechsel/Neue_Funktion","Brüstungen / parapets | Fertigbeton | Prinsenhof A Fassaden | Fassadenanteil | separat gelagert / mögliche neue Verwendung | nein | mit Seilsäge abgetrennt, gestapelt | beschädigungsfreies Trennen","rule_medium","label_50p_has_bauteilprofil_component_profile",""
"reuse_einsatz/Circular_Centre_Netherlands_Prinsenhof_A_reuse_pilot__004__sonstige_Materialien","has_funktionswechsel","funktionswechsel/Neue_Funktion","sonstige Materialien | verschiedene | Prinsenhof A | Ausbau/Struktur | Wiederverwendung in Projekten | 17.000 t Material, 12.000 t Beton laut Lagemaat | teilweise | teilweise | zirkulär demontiert | Sortierung/Markt","rule_medium","label_50p_has_bauteilprofil_component_profile",""
"reuse_einsatz/Circular_Pavilion_Paris__001__Holzt_ren","has_bauteilebene","bauteilebene/Oberflaechenschicht","Holztüren | Holz | Sanierung eines Wohngebäudes in Paris 19e | Innentüren / Türen | Fassadenbekleidung | 180 Stück | nein | nein | Demontage, Anordnung als Fassade | Witterung, Wind, Brandschutz | Tür als Außenhaut","rule_high","label_50p_has_bauteilprofil_component_profile",""
"reuse_einsatz/Circular_Pavilion_Paris__001__Holzt_ren","has_funktionswechsel","funktionswechsel/Neue_Funktion","Holztüren | Holz | Sanierung eines Wohngebäudes in Paris 19e | Innentüren / Türen | Fassadenbekleidung | 180 Stück | nein | nein | Demontage, Anordnung als Fassade | Witterung, Wind, Brandschutz | Tür als Außenhaut","rule_high","label_50p_has_bauteilprofil_component_profile",""
"reuse_einsatz/Circular_Pavilion_Paris__001__Holzt_ren","has_funktionswechsel","funktionswechsel/Konstruktive_Funktion","Holztüren | Holz | Sanierung eines Wohngebäudes in Paris 19e | Innentüren / Türen | Fassadenbekleidung | 180 Stück | nein | nein | Demontage, Anordnung als Fassade | Witterung, Wind, Brandschutz | Tür als Außenhaut","rule_medium","label_50p_has_bauteilprofil_component_profile",""
"reuse_einsatz/Circular_Pavilion_Paris__002__Mineral_Steinwolle","has_funktionswechsel","funktionswechsel/Gleiche_Funktion","Mineral-/Steinwolle | Mineralwolle | Dach eines Supermarkts | Dachdämmung | Innendämmung | nein | nein | Ausbau und Wiedereinbau | Wärmeschutz, Feuchte, Brandschutz | Zustand/Feuchte","rule_high","label_50p_has_bauteilprofil_component_profile",""
"reuse_einsatz/Circular_Pavilion_Paris__002__Mineral_Steinwolle","has_funktionswechsel","funktionswechsel/Konstruktive_Funktion","Mineral-/Steinwolle | Mineralwolle | Dach eines Supermarkts | Dachdämmung | Innendämmung | nein | nein | Ausbau und Wiedereinbau | Wärmeschutz, Feuchte, Brandschutz | Zustand/Feuchte","rule_medium","label_50p_has_bauteilprofil_component_profile",""
"reuse_einsatz/Circular_Pavilion_Paris__003__Holzstruktur","has_bauteilebene","bauteilebene/Materialcharge","Holzstruktur | Holz | Restmaterial Baustelle Altenheim | Baustellenüberschuss | Trag-/Rahmenstruktur | ja/teilweise | nein | Zuschnitt/Verarbeitung unbekannt | Standsicherheit | Restholz als Struktur","rule_high","label_50p_has_bauteilprofil_component_profile",""
"reuse_einsatz/Circular_Pavilion_Paris__003__Holzstruktur","has_funktionswechsel","funktionswechsel/Neue_Funktion","Holzstruktur | Holz | Restmaterial Baustelle Altenheim | Baustellenüberschuss | Trag-/Rahmenstruktur | ja/teilweise | nein | Zuschnitt/Verarbeitung unbekannt | Standsicherheit | Restholz als Struktur","rule_medium","label_50p_has_bauteilprofil_component_profile",""
"reuse_einsatz/Circular_Pavilion_Paris__003__Holzstruktur","has_funktionswechsel","funktionswechsel/Konstruktive_Funktion","Holzstruktur | Holz | Restmaterial Baustelle Altenheim | Baustellenüberschuss | Trag-/Rahmenstruktur | ja/teilweise | nein | Zuschnitt/Verarbeitung unbekannt | Standsicherheit | Restholz als Struktur","rule_medium","label_50p_has_bauteilprofil_component_profile",""
"reuse_einsatz/Circular_Pavilion_Paris__004__ehemalige_Ausstellungspaneele","has_bauteilebene","bauteilebene/Bauteilgruppe","ehemalige Ausstellungspaneele | Holz/Plattenmaterial unbekannt | Ausstellungsbau | Ausstellungstrennwände/-böden | Boden und Wände | nein | nein | Wiederverwendung als Innenausbau | Abrieb, Brandschutz | Herkunft/Brandschutz","rule_medium","label_50p_has_bauteilprofil_component_profile",""
"reuse_einsatz/Circular_Pavilion_Paris__004__ehemalige_Ausstellungspaneele","has_funktionswechsel","funktionswechsel/Gleiche_Funktion","ehemalige Ausstellungspaneele | Holz/Plattenmaterial unbekannt | Ausstellungsbau | Ausstellungstrennwände/-böden | Boden und Wände | nein | nein | Wiederverwendung als Innenausbau | Abrieb, Brandschutz | Herkunft/Brandschutz","rule_high","label_50p_has_bauteilprofil_component_profile",""
"reuse_einsatz/Circular_Pavilion_Paris__004__ehemalige_Ausstellungspaneele","has_funktionswechsel","funktionswechsel/Konstruktive_Funktion","ehemalige Ausstellungspaneele | Holz/Plattenmaterial unbekannt | Ausstellungsbau | Ausstellungstrennwände/-böden | Boden und Wände | nein | nein | Wiederverwendung als Innenausbau | Abrieb, Brandschutz | Herkunft/Brandschutz","rule_medium","label_50p_has_bauteilprofil_component_profile",""
"reuse_einsatz/Circular_Pavilion_Paris__005__Terrassen_Caillebotis","has_bauteilebene","bauteilebene/Oberflaechenschicht","Terrassen-Caillebotis | Holz / unbekannt | Paris-Plage-Operation | temporärer Außenbelag | Terrassenrost | nein | nein | Wiederverwendung | Witterung, Rutschhemmung | Außenbeanspruchung","rule_high","label_50p_has_bauteilprofil_component_profile",""
"reuse_einsatz/Circular_Pavilion_Paris__005__Terrassen_Caillebotis","has_funktionswechsel","funktionswechsel/Neue_Funktion","Terrassen-Caillebotis | Holz / unbekannt | Paris-Plage-Operation | temporärer Außenbelag | Terrassenrost | nein | nein | Wiederverwendung | Witterung, Rutschhemmung | Außenbeanspruchung","rule_medium","label_50p_has_bauteilprofil_component_profile",""
"reuse_einsatz/Circular_Pavilion_Paris__006__vier_gro_e_Leuchten","has_bauteilebene","bauteilebene/Bauteilgruppe","vier große Leuchten | Lager öffentlicher Beleuchtung | öffentliche Beleuchtung | Innen-/Pavillonbeleuchtung | 4 Stück | nein | ja | Wiederverwendung | elektrische Prüfung unbekannt | elektrische Sicherheit | TGA-Freigabe","rule_medium","label_50p_has_bauteilprofil_component_profile",""
"reuse_einsatz/Circular_Pavilion_Paris__006__vier_gro_e_Leuchten","has_funktionswechsel","funktionswechsel/Gleiche_Funktion","vier große Leuchten | Lager öffentlicher Beleuchtung | öffentliche Beleuchtung | Innen-/Pavillonbeleuchtung | 4 Stück | nein | ja | Wiederverwendung | elektrische Prüfung unbekannt | elektrische Sicherheit | TGA-Freigabe","rule_high","label_50p_has_bauteilprofil_component_profile",""
"reuse_einsatz/Circular_Pavilion_Paris__006__vier_gro_e_Leuchten","has_funktionswechsel","funktionswechsel/Technische_Funktion","vier große Leuchten | Lager öffentlicher Beleuchtung | öffentliche Beleuchtung | Innen-/Pavillonbeleuchtung | 4 Stück | nein | ja | Wiederverwendung | elektrische Prüfung unbekannt | elektrische Sicherheit | TGA-Freigabe","rule_medium","label_50p_has_bauteilprofil_component_profile",""
"reuse_einsatz/ELYS_Kultur_Gewerbehaus_Basel__001__Holzrahmen_Fassade","has_bauteilebene","bauteilebene/System","Holzrahmen-Fassade | Holzrahmen + diverse Reuse-Komponenten | Rückbauten Basel, Lagerbestände, Bestands-/Arealmaterial | diverse | neue Fassadenfläche | ca. 1.000 m²; 90 m lang und 10 m hoch laut HUSNER | nein/teilweise | nein | Vorfertigung, Zuschnitt, Kombination heterogener Bauteile | Wärme, Feuchte, Wind, Brandschutz | Material reichte nicht; Zusatzbeschaffung nötig","rule_medium","label_50p_has_bauteilprofil_component_profile",""
"reuse_einsatz/ELYS_Kultur_Gewerbehaus_Basel__001__Holzrahmen_Fassade","has_funktionswechsel","funktionswechsel/Konstruktive_Funktion","Holzrahmen-Fassade | Holzrahmen + diverse Reuse-Komponenten | Rückbauten Basel, Lagerbestände, Bestands-/Arealmaterial | diverse | neue Fassadenfläche | ca. 1.000 m²; 90 m lang und 10 m hoch laut HUSNER | nein/teilweise | nein | Vorfertigung, Zuschnitt, Kombination heterogener Bauteile | Wärme, Feuchte, Wind, Brandschutz | Material reichte nicht; Zusatzbeschaffung nötig","rule_medium","label_50p_has_bauteilprofil_component_profile",""
"reuse_einsatz/ELYS_Kultur_Gewerbehaus_Basel__002__Aluminium_Trapezblech","has_bauteilebene","bauteilebene/Oberflaechenschicht","Aluminium-Trapezblech | Aluminium | ehemaliges Getränkelager / Dachaufbauten auf Areal | Dach-/Fassadenblech | Fassadenbekleidung | nein | nein | demontiert, zugeschnitten/aufbereitet unbekannt | Witterung, Befestigung, Brand | Qualität/Verfügbarkeit","rule_high","label_50p_has_bauteilprofil_component_profile",""
"reuse_einsatz/ELYS_Kultur_Gewerbehaus_Basel__002__Aluminium_Trapezblech","has_funktionswechsel","funktionswechsel/Gleiche_Funktion","Aluminium-Trapezblech | Aluminium | ehemaliges Getränkelager / Dachaufbauten auf Areal | Dach-/Fassadenblech | Fassadenbekleidung | nein | nein | demontiert, zugeschnitten/aufbereitet unbekannt | Witterung, Befestigung, Brand | Qualität/Verfügbarkeit","rule_high","label_50p_has_bauteilprofil_component_profile",""
"reuse_einsatz/ELYS_Kultur_Gewerbehaus_Basel__002__Aluminium_Trapezblech","has_funktionswechsel","funktionswechsel/Konstruktive_Funktion","Aluminium-Trapezblech | Aluminium | ehemaliges Getränkelager / Dachaufbauten auf Areal | Dach-/Fassadenblech | Fassadenbekleidung | nein | nein | demontiert, zugeschnitten/aufbereitet unbekannt | Witterung, Befestigung, Brand | Qualität/Verfügbarkeit","rule_medium","label_50p_has_bauteilprofil_component_profile",""
"reuse_einsatz/ELYS_Kultur_Gewerbehaus_Basel__003__Fenster","has_bauteilebene","bauteilebene/Bauteilgruppe","Fenster | Glas/Rahmenmaterial unbekannt | Lagerrestbestände | Fenster / Lagerware | Fassade | 200 Stück | nein | nein | Einbau aus Restposten; ggf. Reparaturfonds statt Garantie | Wärmeschutz, Dichtheit, Garantie | Hersteller wollten keine Garantie gewähren","rule_medium","label_50p_has_bauteilprofil_component_profile",""
"reuse_einsatz/ELYS_Kultur_Gewerbehaus_Basel__003__Fenster","has_funktionswechsel","funktionswechsel/Neue_Funktion","Fenster | Glas/Rahmenmaterial unbekannt | Lagerrestbestände | Fenster / Lagerware | Fassade | 200 Stück | nein | nein | Einbau aus Restposten; ggf. Reparaturfonds statt Garantie | Wärmeschutz, Dichtheit, Garantie | Hersteller wollten keine Garantie gewähren","rule_high","label_50p_has_bauteilprofil_component_profile",""
"reuse_einsatz/ELYS_Kultur_Gewerbehaus_Basel__003__Fenster","has_funktionswechsel","funktionswechsel/Konstruktive_Funktion","Fenster | Glas/Rahmenmaterial unbekannt | Lagerrestbestände | Fenster / Lagerware | Fassade | 200 Stück | nein | nein | Einbau aus Restposten; ggf. Reparaturfonds statt Garantie | Wärmeschutz, Dichtheit, Garantie | Hersteller wollten keine Garantie gewähren","rule_medium","label_50p_has_bauteilprofil_component_profile",""
"reuse_einsatz/ELYS_Kultur_Gewerbehaus_Basel__005__Steinwolled_mmung","has_funktionswechsel","funktionswechsel/Gleiche_Funktion","Steinwolledämmung | Mineralwolle/Steinwolle | Restposten / Baustellenabfälle | Dämmung/Restmaterial | Fassadendämmung | fast vollständig aus Restposten laut DBZ; Menge unbekannt | nein | nein | Sortierung und Zuschnitt | Wärmeschutz, Brandschutz, Feuchte | Restformat-Toleranzen","rule_high","label_50p_has_bauteilprofil_component_profile",""
"reuse_einsatz/ELYS_Kultur_Gewerbehaus_Basel__005__Steinwolled_mmung","has_funktionswechsel","funktionswechsel/Konstruktive_Funktion","Steinwolledämmung | Mineralwolle/Steinwolle | Restposten / Baustellenabfälle | Dämmung/Restmaterial | Fassadendämmung | fast vollständig aus Restposten laut DBZ; Menge unbekannt | nein | nein | Sortierung und Zuschnitt | Wärmeschutz, Brandschutz, Feuchte | Restformat-Toleranzen","rule_medium","label_50p_has_bauteilprofil_component_profile",""
"reuse_einsatz/ELYS_Kultur_Gewerbehaus_Basel__006__Gitterroste_Br_stungsgitter","has_funktionswechsel","funktionswechsel/Neue_Funktion","Gitterroste / Brüstungsgitter | Stahl/Metall | vormalige Großbäckerei im Gebäude | Gitterroste | Brüstungsgitter/Fassadendetail | nein | nein | umfunktioniert | Absturzsicherung | Nachweis Absturzsicherung","rule_medium","label_50p_has_bauteilprofil_component_profile",""
"reuse_einsatz/ELYS_Kultur_Gewerbehaus_Basel__006__Gitterroste_Br_stungsgitter","has_funktionswechsel","funktionswechsel/Konstruktive_Funktion","Gitterroste / Brüstungsgitter | Stahl/Metall | vormalige Großbäckerei im Gebäude | Gitterroste | Brüstungsgitter/Fassadendetail | nein | nein | umfunktioniert | Absturzsicherung | Nachweis Absturzsicherung","rule_medium","label_50p_has_bauteilprofil_component_profile",""
"reuse_einsatz/ELYS_Kultur_Gewerbehaus_Basel__007__Garagentor","has_funktionswechsel","funktionswechsel/Neue_Funktion","Garagentor | Metall/Glas unbekannt | Bestand | Garagentor | Einblick/Öffnung zur Boulderhalle im 1. OG | 1 erwähnt | nein | nein | umfunktioniert | Sicherheit, Nutzung","rule_medium","label_50p_has_bauteilprofil_component_profile",""
"reuse_einsatz/Europa_Building_Brussels__001__Holzfensterrahmen","has_bauteilebene","bauteilebene/Bauteilgruppe","Holzfensterrahmen | Eiche/ähnliche Holzarten | Renovierungs- oder Abbruchstellen aus allen EU-Ländern | Fensterrahmen | äußere Patchwork-Fassade / zweite Haut | 3.750 Fensterrahmen | nein | nein | geschliffen, restauriert, lackiert, in Edelstahlrahmen gesetzt | Witterungsschutz, Dauerhaftigkeit, ggf. Schall/Thermik | Heterogenität, Alter, Nachweis","rule_medium","label_50p_has_bauteilprofil_component_profile",""
"reuse_einsatz/Europa_Building_Brussels__001__Holzfensterrahmen","has_funktionswechsel","funktionswechsel/Neue_Funktion","Holzfensterrahmen | Eiche/ähnliche Holzarten | Renovierungs- oder Abbruchstellen aus allen EU-Ländern | Fensterrahmen | äußere Patchwork-Fassade / zweite Haut | 3.750 Fensterrahmen | nein | nein | geschliffen, restauriert, lackiert, in Edelstahlrahmen gesetzt | Witterungsschutz, Dauerhaftigkeit, ggf. Schall/Thermik | Heterogenität, Alter, Nachweis","rule_high","label_50p_has_bauteilprofil_component_profile",""
"reuse_einsatz/Europa_Building_Brussels__001__Holzfensterrahmen","has_funktionswechsel","funktionswechsel/Konstruktive_Funktion","Holzfensterrahmen | Eiche/ähnliche Holzarten | Renovierungs- oder Abbruchstellen aus allen EU-Ländern | Fensterrahmen | äußere Patchwork-Fassade / zweite Haut | 3.750 Fensterrahmen | nein | nein | geschliffen, restauriert, lackiert, in Edelstahlrahmen gesetzt | Witterungsschutz, Dauerhaftigkeit, ggf. Schall/Thermik | Heterogenität, Alter, Nachweis","rule_medium","label_50p_has_bauteilprofil_component_profile",""
"reuse_einsatz/Ferme_du_Rail_Paris__001__Holzfensterrahmen_Ch_ssis_bois","has_bauteilebene","bauteilebene/Bauteilgruppe","Holzfensterrahmen / Châssis bois | Holz/Glas | Pariser Sozial-/Bestandsfenster, genaue Quelle unbekannt | Fenster | Akroterie, Pflanztröge, Geländer der Dachterrasse | nein | nein | Vorbereitung, Zuschnitt/Anpassung | Bureau de contrôle beteiligt | Absturzsicherung, Abdichtung, Nutzbarkeit Dach | Mehrfachfunktion / Abdichtung","rule_medium","label_50p_has_bauteilprofil_component_profile",""
"reuse_einsatz/Ferme_du_Rail_Paris__001__Holzfensterrahmen_Ch_ssis_bois","has_funktionswechsel","funktionswechsel/Neue_Funktion","Holzfensterrahmen / Châssis bois | Holz/Glas | Pariser Sozial-/Bestandsfenster, genaue Quelle unbekannt | Fenster | Akroterie, Pflanztröge, Geländer der Dachterrasse | nein | nein | Vorbereitung, Zuschnitt/Anpassung | Bureau de contrôle beteiligt | Absturzsicherung, Abdichtung, Nutzbarkeit Dach | Mehrfachfunktion / Abdichtung","rule_high","label_50p_has_bauteilprofil_component_profile",""
"reuse_einsatz/Ferme_du_Rail_Paris__001__Holzfensterrahmen_Ch_ssis_bois","has_funktionswechsel","funktionswechsel/Konstruktive_Funktion","Holzfensterrahmen / Châssis bois | Holz/Glas | Pariser Sozial-/Bestandsfenster, genaue Quelle unbekannt | Fenster | Akroterie, Pflanztröge, Geländer der Dachterrasse | nein | nein | Vorbereitung, Zuschnitt/Anpassung | Bureau de contrôle beteiligt | Absturzsicherung, Abdichtung, Nutzbarkeit Dach | Mehrfachfunktion / Abdichtung","rule_medium","label_50p_has_bauteilprofil_component_profile",""
"reuse_einsatz/Ferme_du_Rail_Paris__002__Holzfensterrahmen","has_bauteilebene","bauteilebene/Bauteilgruppe","Holzfensterrahmen | Holz | s.o. | Fenster | Holzpflaster / Parkett bois de bout in Gemeinschaftsraum | nein | nein | Feuillures nicht abgeschnitten; puzzleartige Montage | Bureau de contrôle akzeptierte geringes Risiko | Ebenheit, Abrieb, Brandschutz | hoher Arbeitsaufwand","rule_medium","label_50p_has_bauteilprofil_component_profile",""
"reuse_einsatz/Ferme_du_Rail_Paris__002__Holzfensterrahmen","has_funktionswechsel","funktionswechsel/Neue_Funktion","Holzfensterrahmen | Holz | s.o. | Fenster | Holzpflaster / Parkett bois de bout in Gemeinschaftsraum | nein | nein | Feuillures nicht abgeschnitten; puzzleartige Montage | Bureau de contrôle akzeptierte geringes Risiko | Ebenheit, Abrieb, Brandschutz | hoher Arbeitsaufwand","rule_medium","label_50p_has_bauteilprofil_component_profile",""
"reuse_einsatz/Ferme_du_Rail_Paris__002__Holzfensterrahmen","has_funktionswechsel","funktionswechsel/Konstruktive_Funktion","Holzfensterrahmen | Holz | s.o. | Fenster | Holzpflaster / Parkett bois de bout in Gemeinschaftsraum | nein | nein | Feuillures nicht abgeschnitten; puzzleartige Montage | Bureau de contrôle akzeptierte geringes Risiko | Ebenheit, Abrieb, Brandschutz | hoher Arbeitsaufwand","rule_medium","label_50p_has_bauteilprofil_component_profile",""
"reuse_einsatz/Ferme_du_Rail_Paris__003__Granitbordsteine","has_funktionswechsel","funktionswechsel/Neue_Funktion","Granitbordsteine | Granit | Pariser öffentliche Raum-/Straßenbau-Baustellen | Bordstein | Stützmauer am Gemüsegarten | teils als Stützmauer | nein | Wiederverwendung ohne Bindemittel als „pierre sèche“ | Stabilität, Dauerhaftigkeit | Logistik / Gewicht","rule_medium","label_50p_has_bauteilprofil_component_profile",""
"reuse_einsatz/Ferme_du_Rail_Paris__003__Granitbordsteine","has_funktionswechsel","funktionswechsel/Konstruktive_Funktion","Granitbordsteine | Granit | Pariser öffentliche Raum-/Straßenbau-Baustellen | Bordstein | Stützmauer am Gemüsegarten | teils als Stützmauer | nein | Wiederverwendung ohne Bindemittel als „pierre sèche“ | Stabilität, Dauerhaftigkeit | Logistik / Gewicht","rule_medium","label_50p_has_bauteilprofil_component_profile",""
"reuse_einsatz/Ferme_du_Rail_Paris__004__Bitumen_Betonbl_cke","has_funktionswechsel","funktionswechsel/Neue_Funktion","Bitumen-/Betonblöcke | Bitumen/Beton | Rückbauten | Abbruchmaterial | Außenwege / Zirkulationen | nein | nein | Auswahl / Einbau | Trittsicherheit, Entwässerung | Heterogenität","rule_medium","label_50p_has_bauteilprofil_component_profile",""
"reuse_einsatz/Ferme_du_Rail_Paris__005__Steinplatten_von_Dachterrassen_B_ro_Fu_bodenplat","has_bauteilebene","bauteilebene/Gebaeudeteil","Steinplatten von Dachterrassen / Büro-Fußbodenplatten | Stein | Renovierung Bürogebäude La Défense / Büro-Fußböden | Dach-/Bodenplatten | geplant Dachterrasse; teilweise Boden-/Füllplatten | nein | nein | Lagerung, Einbauversuch | Frost-/Feuchteresistenz, Bruchfestigkeit | Feuchte/Frost führte zu Rissen; Einsatz geändert","rule_medium","label_50p_has_bauteilprofil_component_profile",""
"reuse_einsatz/Ferme_du_Rail_Paris__005__Steinplatten_von_Dachterrassen_B_ro_Fu_bodenplat","has_funktionswechsel","funktionswechsel/Gleiche_Funktion","Steinplatten von Dachterrassen / Büro-Fußbodenplatten | Stein | Renovierung Bürogebäude La Défense / Büro-Fußböden | Dach-/Bodenplatten | geplant Dachterrasse; teilweise Boden-/Füllplatten | nein | nein | Lagerung, Einbauversuch | Frost-/Feuchteresistenz, Bruchfestigkeit | Feuchte/Frost führte zu Rissen; Einsatz geändert","rule_high","label_50p_has_bauteilprofil_component_profile",""
"reuse_einsatz/Ferme_du_Rail_Paris__005__Steinplatten_von_Dachterrassen_B_ro_Fu_bodenplat","has_funktionswechsel","funktionswechsel/Konstruktive_Funktion","Steinplatten von Dachterrassen / Büro-Fußbodenplatten | Stein | Renovierung Bürogebäude La Défense / Büro-Fußböden | Dach-/Bodenplatten | geplant Dachterrasse; teilweise Boden-/Füllplatten | nein | nein | Lagerung, Einbauversuch | Frost-/Feuchteresistenz, Bruchfestigkeit | Feuchte/Frost führte zu Rissen; Einsatz geändert","rule_medium","label_50p_has_bauteilprofil_component_profile",""
"reuse_einsatz/Ferme_du_Rail_Paris__006__Fliesen_Fayence","has_bauteilebene","bauteilebene/Oberflaechenschicht","Fliesen / Fayence | Keramik | Restbestand eines Handwerkers | Fliesen | Badwandbelag | nein | nein | Calepinage, Umnutzung von Boden zu Wand | PV und Produktdaten vorhanden | Feuchte, Haftung, ggf. Rutsch bei Boden | Bodenanwendung zu komplex wegen Abdichtung","rule_high","label_50p_has_bauteilprofil_component_profile",""
"reuse_einsatz/Ferme_du_Rail_Paris__006__Fliesen_Fayence","has_funktionswechsel","funktionswechsel/Gleiche_Funktion","Fliesen / Fayence | Keramik | Restbestand eines Handwerkers | Fliesen | Badwandbelag | nein | nein | Calepinage, Umnutzung von Boden zu Wand | PV und Produktdaten vorhanden | Feuchte, Haftung, ggf. Rutsch bei Boden | Bodenanwendung zu komplex wegen Abdichtung","rule_high","label_50p_has_bauteilprofil_component_profile",""
"reuse_einsatz/Ferme_du_Rail_Paris__006__Fliesen_Fayence","has_funktionswechsel","funktionswechsel/Konstruktive_Funktion","Fliesen / Fayence | Keramik | Restbestand eines Handwerkers | Fliesen | Badwandbelag | nein | nein | Calepinage, Umnutzung von Boden zu Wand | PV und Produktdaten vorhanden | Feuchte, Haftung, ggf. Rutsch bei Boden | Bodenanwendung zu komplex wegen Abdichtung","rule_medium","label_50p_has_bauteilprofil_component_profile",""
"reuse_einsatz/Ferme_du_Rail_Paris__009__Metallteile","has_bauteilebene","bauteilebene/Bauteilgruppe","Metallteile | Metall | Metallbauteile | untersucht als Jardinière/Garde-corps | nein | Transformation | Absturzsicherung | Umsetzung unklar / kompliziert","rule_medium","label_50p_has_bauteilprofil_component_profile",""
"reuse_einsatz/Ferme_du_Rail_Paris__009__Metallteile","has_funktionswechsel","funktionswechsel/Neue_Funktion","Metallteile | Metall | Metallbauteile | untersucht als Jardinière/Garde-corps | nein | Transformation | Absturzsicherung | Umsetzung unklar / kompliziert","rule_medium","label_50p_has_bauteilprofil_component_profile",""
"reuse_einsatz/Ferme_du_Rail_Paris__010__Dallettes_pr_fabriqu_es","has_bauteilebene","bauteilebene/Bauteilgruppe","Dallettes préfabriquées | Beton | Betonplatten | untersucht als tragender Boden | potenziell | nein | Tragfähigkeit | Kosten der Transformation, Deponiemethode","rule_medium","label_50p_has_bauteilprofil_component_profile",""
"reuse_einsatz/Ferme_du_Rail_Paris__010__Dallettes_pr_fabriqu_es","has_funktionswechsel","funktionswechsel/Neue_Funktion","Dallettes préfabriquées | Beton | Betonplatten | untersucht als tragender Boden | potenziell | nein | Tragfähigkeit | Kosten der Transformation, Deponiemethode","rule_medium","label_50p_has_bauteilprofil_component_profile",""
"reuse_einsatz/Ferme_du_Rail_Paris__010__Dallettes_pr_fabriqu_es","has_funktionswechsel","funktionswechsel/Konstruktive_Funktion","Dallettes préfabriquées | Beton | Betonplatten | untersucht als tragender Boden | potenziell | nein | Tragfähigkeit | Kosten der Transformation, Deponiemethode","rule_medium","label_50p_has_bauteilprofil_component_profile",""
"reuse_einsatz/Grande_Halle_de_Colombelles__001__Mineralwolle_D_mmung","has_funktionswechsel","funktionswechsel/Gleiche_Funktion","Mineralwolle-Dämmung | Stein-/Mineralwolle | Rückbau-/Sanierungsbaustellen Region Caen | Dämmung | Dämmung | 430 m² nach Construction21/FCRBE; 200 m² nach WIP/Ekopolis | nein | nein | Identifizieren, sammeln, lagern, vorbereiten | Zustand sehr gut laut FCRBE | Wärmeschutz, Brandschutz, Feuchte | Menge differiert","rule_high","label_50p_has_bauteilprofil_component_profile",""
"reuse_einsatz/Grande_Halle_de_Colombelles__001__Mineralwolle_D_mmung","has_funktionswechsel","funktionswechsel/Konstruktive_Funktion","Mineralwolle-Dämmung | Stein-/Mineralwolle | Rückbau-/Sanierungsbaustellen Region Caen | Dämmung | Dämmung | 430 m² nach Construction21/FCRBE; 200 m² nach WIP/Ekopolis | nein | nein | Identifizieren, sammeln, lagern, vorbereiten | Zustand sehr gut laut FCRBE | Wärmeschutz, Brandschutz, Feuchte | Menge differiert","rule_medium","label_50p_has_bauteilprofil_component_profile",""
"reuse_einsatz/Grande_Halle_de_Colombelles__002__Radiatoren","has_funktionswechsel","funktionswechsel/Gleiche_Funktion","Radiatoren | Guss/Stahl | regionale Rückbau-/Sanierungsbaustellen | Heizung | Heizung | 49 nach C21; 52 nach Ekopolis; 59 nach WIP | nein | ja | Reinigung, Hydraulik-Anschluss unbekannt | Dichtheit, Druck, Leistung | Prüfung / Kompatibilität","rule_high","label_50p_has_bauteilprofil_component_profile",""
"reuse_einsatz/Grande_Halle_de_Colombelles__002__Radiatoren","has_funktionswechsel","funktionswechsel/Technische_Funktion","Radiatoren | Guss/Stahl | regionale Rückbau-/Sanierungsbaustellen | Heizung | Heizung | 49 nach C21; 52 nach Ekopolis; 59 nach WIP | nein | ja | Reinigung, Hydraulik-Anschluss unbekannt | Dichtheit, Druck, Leistung | Prüfung / Kompatibilität","rule_medium","label_50p_has_bauteilprofil_component_profile",""
"reuse_einsatz/Grande_Halle_de_Colombelles__003__Waschbecken_Sanit_r","has_bauteilebene","bauteilebene/Bauteilgruppe","Waschbecken / Sanitär | Keramik/Metall | Rückbau | Sanitär | Sanitär | 20–30 Sanitärteile je Quelle | nein | ja | Reinigung, Aufbereitung | Hygiene, Dichtheit, Barrierefreiheit teils | Normgerechter Wiedereinbau","rule_medium","label_50p_has_bauteilprofil_component_profile",""
"reuse_einsatz/Grande_Halle_de_Colombelles__003__Waschbecken_Sanit_r","has_funktionswechsel","funktionswechsel/Gleiche_Funktion","Waschbecken / Sanitär | Keramik/Metall | Rückbau | Sanitär | Sanitär | 20–30 Sanitärteile je Quelle | nein | ja | Reinigung, Aufbereitung | Hygiene, Dichtheit, Barrierefreiheit teils | Normgerechter Wiedereinbau","rule_high","label_50p_has_bauteilprofil_component_profile",""
"reuse_einsatz/Grande_Halle_de_Colombelles__003__Waschbecken_Sanit_r","has_funktionswechsel","funktionswechsel/Technische_Funktion","Waschbecken / Sanitär | Keramik/Metall | Rückbau | Sanitär | Sanitär | 20–30 Sanitärteile je Quelle | nein | ja | Reinigung, Aufbereitung | Hygiene, Dichtheit, Barrierefreiheit teils | Normgerechter Wiedereinbau","rule_medium","label_50p_has_bauteilprofil_component_profile",""
"reuse_einsatz/Grande_Halle_de_Colombelles__004__WC","has_bauteilebene","bauteilebene/Bauteilgruppe","WC | Keramik | Rückbau | WC | WC | 11 oder 12; davon Quelle Ekopolis 7 PMR | nein | ja | Reinigung | Hygiene, Barrierefreiheit bei PMR | Zustand","rule_medium","label_50p_has_bauteilprofil_component_profile",""
"reuse_einsatz/Grande_Halle_de_Colombelles__004__WC","has_funktionswechsel","funktionswechsel/Gleiche_Funktion","WC | Keramik | Rückbau | WC | WC | 11 oder 12; davon Quelle Ekopolis 7 PMR | nein | ja | Reinigung | Hygiene, Barrierefreiheit bei PMR | Zustand","rule_high","label_50p_has_bauteilprofil_component_profile",""
"reuse_einsatz/Grande_Halle_de_Colombelles__004__WC","has_funktionswechsel","funktionswechsel/Technische_Funktion","WC | Keramik | Rückbau | WC | WC | 11 oder 12; davon Quelle Ekopolis 7 PMR | nein | ja | Reinigung | Hygiene, Barrierefreiheit bei PMR | Zustand","rule_medium","label_50p_has_bauteilprofil_component_profile",""
"reuse_einsatz/Grande_Halle_de_Colombelles__005__Urinale","has_bauteilebene","bauteilebene/Bauteilgruppe","Urinale | Keramik | Rückbau | Urinal | Urinal | 5 | nein | ja | Reinigung | Hygiene | Zustand","rule_medium","label_50p_has_bauteilprofil_component_profile",""
"reuse_einsatz/Grande_Halle_de_Colombelles__005__Urinale","has_funktionswechsel","funktionswechsel/Gleiche_Funktion","Urinale | Keramik | Rückbau | Urinal | Urinal | 5 | nein | ja | Reinigung | Hygiene | Zustand","rule_high","label_50p_has_bauteilprofil_component_profile",""
"reuse_einsatz/Grande_Halle_de_Colombelles__005__Urinale","has_funktionswechsel","funktionswechsel/Technische_Funktion","Urinale | Keramik | Rückbau | Urinal | Urinal | 5 | nein | ja | Reinigung | Hygiene | Zustand","rule_medium","label_50p_has_bauteilprofil_component_profile",""
"reuse_einsatz/Grande_Halle_de_Colombelles__006__T_ren_massiv_Brandschutzt_ren","has_bauteilebene","bauteilebene/Bauteilgruppe","Türen massiv / Brandschutztüren | Holz, teils Brandschutz | Wohnungs-/Sanierungsbaustellen Region Caen | Tür | Innentür / WC-Tür / Brandschutztür | 10, 18, 33 oder 50 je Quelle; mind. teils 2 Brandschutztüren | nein | nein | Maßanpassung / Sonderzargen | Gebrauchstauglichkeit, Brandschutz bei Feuerschutztüren | Brandschutznachweis","rule_medium","label_50p_has_bauteilprofil_component_profile",""
"reuse_einsatz/Grande_Halle_de_Colombelles__006__T_ren_massiv_Brandschutzt_ren","has_funktionswechsel","funktionswechsel/Gleiche_Funktion","Türen massiv / Brandschutztüren | Holz, teils Brandschutz | Wohnungs-/Sanierungsbaustellen Region Caen | Tür | Innentür / WC-Tür / Brandschutztür | 10, 18, 33 oder 50 je Quelle; mind. teils 2 Brandschutztüren | nein | nein | Maßanpassung / Sonderzargen | Gebrauchstauglichkeit, Brandschutz bei Feuerschutztüren | Brandschutznachweis","rule_high","label_50p_has_bauteilprofil_component_profile",""
"reuse_einsatz/Grande_Halle_de_Colombelles__006__T_ren_massiv_Brandschutzt_ren","has_funktionswechsel","funktionswechsel/Technische_Funktion","Türen massiv / Brandschutztüren | Holz, teils Brandschutz | Wohnungs-/Sanierungsbaustellen Region Caen | Tür | Innentür / WC-Tür / Brandschutztür | 10, 18, 33 oder 50 je Quelle; mind. teils 2 Brandschutztüren | nein | nein | Maßanpassung / Sonderzargen | Gebrauchstauglichkeit, Brandschutz bei Feuerschutztüren | Brandschutznachweis","rule_medium","label_50p_has_bauteilprofil_component_profile",""
"reuse_einsatz/Grande_Halle_de_Colombelles__006__T_ren_massiv_Brandschutzt_ren","has_funktionswechsel","funktionswechsel/Konstruktive_Funktion","Türen massiv / Brandschutztüren | Holz, teils Brandschutz | Wohnungs-/Sanierungsbaustellen Region Caen | Tür | Innentür / WC-Tür / Brandschutztür | 10, 18, 33 oder 50 je Quelle; mind. teils 2 Brandschutztüren | nein | nein | Maßanpassung / Sonderzargen | Gebrauchstauglichkeit, Brandschutz bei Feuerschutztüren | Brandschutznachweis","rule_medium","label_50p_has_bauteilprofil_component_profile",""
"reuse_einsatz/Grande_Halle_de_Colombelles__007__Au_enfenster_Au_enschreinerei","has_bauteilebene","bauteilebene/Bauteilgruppe","Außenfenster / Außenschreinerei | Aluminium/Glas nach C21 | Büroabbruch nahe Grande Halle | Fenster | Außenfenster | 1 eingebaut; 21 identifiziert, aber vor Reuse gestohlen | nein | nein | Witterung, Luftdichtheit, U-Wert | Diebstahl / Lagerung","rule_medium","label_50p_has_bauteilprofil_component_profile",""
"reuse_einsatz/Grande_Halle_de_Colombelles__007__Au_enfenster_Au_enschreinerei","has_funktionswechsel","funktionswechsel/Gleiche_Funktion","Außenfenster / Außenschreinerei | Aluminium/Glas nach C21 | Büroabbruch nahe Grande Halle | Fenster | Außenfenster | 1 eingebaut; 21 identifiziert, aber vor Reuse gestohlen | nein | nein | Witterung, Luftdichtheit, U-Wert | Diebstahl / Lagerung","rule_high","label_50p_has_bauteilprofil_component_profile",""
"reuse_einsatz/Grande_Halle_de_Colombelles__008__Holzpfetten_Holzst_cke","has_bauteilebene","bauteilebene/Bauteilgruppe","Holzpfetten / Holzstücke | Holz | Rückbau | Pfette / Holzbauteil | Balkon-/Geländer-/Treppenbauteil | 21 Pfetten/63 ml nach C21; FCRBE nennt 21 Geländerstücke + 45 Treppenstücke | teils | nein | Zuschnitt / Umnutzung | Trag-/Nutzungslasten, Dauerhaftigkeit | Nachweis","rule_medium","label_50p_has_bauteilprofil_component_profile",""
"reuse_einsatz/Grande_Halle_de_Colombelles__008__Holzpfetten_Holzst_cke","has_funktionswechsel","funktionswechsel/Neue_Funktion","Holzpfetten / Holzstücke | Holz | Rückbau | Pfette / Holzbauteil | Balkon-/Geländer-/Treppenbauteil | 21 Pfetten/63 ml nach C21; FCRBE nennt 21 Geländerstücke + 45 Treppenstücke | teils | nein | Zuschnitt / Umnutzung | Trag-/Nutzungslasten, Dauerhaftigkeit | Nachweis","rule_high","label_50p_has_bauteilprofil_component_profile",""
"reuse_einsatz/Grande_Halle_de_Colombelles__008__Holzpfetten_Holzst_cke","has_funktionswechsel","funktionswechsel/Konstruktive_Funktion","Holzpfetten / Holzstücke | Holz | Rückbau | Pfette / Holzbauteil | Balkon-/Geländer-/Treppenbauteil | 21 Pfetten/63 ml nach C21; FCRBE nennt 21 Geländerstücke + 45 Treppenstücke | teils | nein | Zuschnitt / Umnutzung | Trag-/Nutzungslasten, Dauerhaftigkeit | Nachweis","rule_medium","label_50p_has_bauteilprofil_component_profile",""
"reuse_einsatz/Grande_Halle_de_Colombelles__009__Fliesen_Fayence","has_bauteilebene","bauteilebene/Oberflaechenschicht","Fliesen / Fayence | Keramik | Rückbau/Bestände | Wand-/Bodenbelag | Belag | 190–200 m² | nein | nein | Sortierung, Reinigung, Verlegung | Rutsch, Haftung, Feuchte | heterogene Chargen","rule_high","label_50p_has_bauteilprofil_component_profile",""
"reuse_einsatz/Grande_Halle_de_Colombelles__009__Fliesen_Fayence","has_funktionswechsel","funktionswechsel/Gleiche_Funktion","Fliesen / Fayence | Keramik | Rückbau/Bestände | Wand-/Bodenbelag | Belag | 190–200 m² | nein | nein | Sortierung, Reinigung, Verlegung | Rutsch, Haftung, Feuchte | heterogene Chargen","rule_high","label_50p_has_bauteilprofil_component_profile",""
"reuse_einsatz/Grande_Halle_de_Colombelles__010__Metalltr_ger_Poutres_m_talliques","has_bauteilebene","bauteilebene/Bauteilgruppe","Metallträger / Poutres métalliques | Stahl | Trag-/Metallbauteil | „des poutres métalliques“ | nein | zu wenig Detail","rule_medium","label_50p_has_bauteilprofil_component_profile",""
"reuse_einsatz/Grande_Halle_de_Colombelles__010__Metalltr_ger_Poutres_m_talliques","has_funktionswechsel","funktionswechsel/Unbekannt","Metallträger / Poutres métalliques | Stahl | Trag-/Metallbauteil | „des poutres métalliques“ | nein | zu wenig Detail","rule_low","label_50p_has_bauteilprofil_component_profile",""
"reuse_einsatz/Grande_Halle_de_Colombelles__010__Metalltr_ger_Poutres_m_talliques","has_funktionswechsel","funktionswechsel/Konstruktive_Funktion","Metallträger / Poutres métalliques | Stahl | Trag-/Metallbauteil | „des poutres métalliques“ | nein | zu wenig Detail","rule_medium","label_50p_has_bauteilprofil_component_profile",""
"reuse_einsatz/Grubenstrasse_29_Werkhof_29_Zuerich__001__Fassadenbleche_blau","has_bauteilebene","bauteilebene/Oberflaechenschicht","Fassadenbleche, blau | Stahlblech | externe Industriehalle / Rückbauprojekt | Hallen-/Fassadenblech | Fassadenverkleidung der Aufstockung | nein | nein | Demontage, Zuschnitt/Anpassung unbekannt | Witterung, Befestigung, Brandschutz | Beschaffung, Maße, Zustand","rule_high","label_50p_has_bauteilprofil_component_profile",""
"reuse_einsatz/Grubenstrasse_29_Werkhof_29_Zuerich__001__Fassadenbleche_blau","has_funktionswechsel","funktionswechsel/Gleiche_Funktion","Fassadenbleche, blau | Stahlblech | externe Industriehalle / Rückbauprojekt | Hallen-/Fassadenblech | Fassadenverkleidung der Aufstockung | nein | nein | Demontage, Zuschnitt/Anpassung unbekannt | Witterung, Befestigung, Brandschutz | Beschaffung, Maße, Zustand","rule_high","label_50p_has_bauteilprofil_component_profile",""
"reuse_einsatz/Grubenstrasse_29_Werkhof_29_Zuerich__001__Fassadenbleche_blau","has_funktionswechsel","funktionswechsel/Konstruktive_Funktion","Fassadenbleche, blau | Stahlblech | externe Industriehalle / Rückbauprojekt | Hallen-/Fassadenblech | Fassadenverkleidung der Aufstockung | nein | nein | Demontage, Zuschnitt/Anpassung unbekannt | Witterung, Befestigung, Brandschutz | Beschaffung, Maße, Zustand","rule_medium","label_50p_has_bauteilprofil_component_profile",""
"reuse_einsatz/Grubenstrasse_29_Werkhof_29_Zuerich__002__Dachbleche","has_bauteilebene","bauteilebene/Gebaeudeteil","Dachbleche | Metall/Aluminium/Stahl unbekannt | Rückbauprojekte | Dach-/Blechdeckung | Dach/Shed-/Dachbereich | nein | nein | Witterung, Abdichtung | Dichtheit, Befestigung","rule_medium","label_50p_has_bauteilprofil_component_profile",""
"reuse_einsatz/Grubenstrasse_29_Werkhof_29_Zuerich__002__Dachbleche","has_funktionswechsel","funktionswechsel/Gleiche_Funktion","Dachbleche | Metall/Aluminium/Stahl unbekannt | Rückbauprojekte | Dach-/Blechdeckung | Dach/Shed-/Dachbereich | nein | nein | Witterung, Abdichtung | Dichtheit, Befestigung","rule_high","label_50p_has_bauteilprofil_component_profile",""
"reuse_einsatz/Grubenstrasse_29_Werkhof_29_Zuerich__002__Dachbleche","has_funktionswechsel","funktionswechsel/Konstruktive_Funktion","Dachbleche | Metall/Aluminium/Stahl unbekannt | Rückbauprojekte | Dach-/Blechdeckung | Dach/Shed-/Dachbereich | nein | nein | Witterung, Abdichtung | Dichtheit, Befestigung","rule_medium","label_50p_has_bauteilprofil_component_profile",""
"reuse_einsatz/Grubenstrasse_29_Werkhof_29_Zuerich__003__Stahlbauteile_Laubeng_nge","has_bauteilebene","bauteilebene/Bauteilgruppe","Stahlbauteile Laubengänge | Stahl | externe Objekte/Rückbau | Laubengang-/Zugangskonstruktion | teilweise | nein | Anpassung unbekannt | Tragfähigkeit, Absturzsicherung, Korrosion | Passgenauigkeit, Statik","rule_medium","label_50p_has_bauteilprofil_component_profile",""
"reuse_einsatz/Grubenstrasse_29_Werkhof_29_Zuerich__003__Stahlbauteile_Laubeng_nge","has_funktionswechsel","funktionswechsel/Unbekannt","Stahlbauteile Laubengänge | Stahl | externe Objekte/Rückbau | Laubengang-/Zugangskonstruktion | teilweise | nein | Anpassung unbekannt | Tragfähigkeit, Absturzsicherung, Korrosion | Passgenauigkeit, Statik","rule_low","label_50p_has_bauteilprofil_component_profile",""
"reuse_einsatz/Grubenstrasse_29_Werkhof_29_Zuerich__003__Stahlbauteile_Laubeng_nge","has_funktionswechsel","funktionswechsel/Konstruktive_Funktion","Stahlbauteile Laubengänge | Stahl | externe Objekte/Rückbau | Laubengang-/Zugangskonstruktion | teilweise | nein | Anpassung unbekannt | Tragfähigkeit, Absturzsicherung, Korrosion | Passgenauigkeit, Statik","rule_medium","label_50p_has_bauteilprofil_component_profile",""
"reuse_einsatz/Grubenstrasse_29_Werkhof_29_Zuerich__004__Treppent_rme_Au_entreppe","has_bauteilebene","bauteilebene/Bauteilgruppe","Treppentürme / Außentreppe | Stahl | externe Objekte; Espazium zeigt wiederverwendete Außentreppe | Treppe / Stahlkonstruktion | Erschließung | ja/teilweise | nein | Demontage, ggf. Reinigung/Anpassung | Tragfähigkeit, Fluchtweg, Absturzsicherung | Nachweis, Anschlüsse","rule_medium","label_50p_has_bauteilprofil_component_profile",""
"reuse_einsatz/Grubenstrasse_29_Werkhof_29_Zuerich__004__Treppent_rme_Au_entreppe","has_funktionswechsel","funktionswechsel/Gleiche_Funktion","Treppentürme / Außentreppe | Stahl | externe Objekte; Espazium zeigt wiederverwendete Außentreppe | Treppe / Stahlkonstruktion | Erschließung | ja/teilweise | nein | Demontage, ggf. Reinigung/Anpassung | Tragfähigkeit, Fluchtweg, Absturzsicherung | Nachweis, Anschlüsse","rule_high","label_50p_has_bauteilprofil_component_profile",""
"reuse_einsatz/Grubenstrasse_29_Werkhof_29_Zuerich__004__Treppent_rme_Au_entreppe","has_funktionswechsel","funktionswechsel/Konstruktive_Funktion","Treppentürme / Außentreppe | Stahl | externe Objekte; Espazium zeigt wiederverwendete Außentreppe | Treppe / Stahlkonstruktion | Erschließung | ja/teilweise | nein | Demontage, ggf. Reinigung/Anpassung | Tragfähigkeit, Fluchtweg, Absturzsicherung | Nachweis, Anschlüsse","rule_medium","label_50p_has_bauteilprofil_component_profile",""
"reuse_einsatz/Grubenstrasse_29_Werkhof_29_Zuerich__005__Gel_nder","has_funktionswechsel","funktionswechsel/Neue_Funktion","Geländer | Stahl | u. a. Garagenrampe laut Werkhof29 | Rampengeländer | Geländer Gemeinschaftsterrasse / Erschließung | nein | nein | Anpassung an neue Lage | Absturzsicherung | Neigung/Geometrie aus Ursprung","rule_medium","label_50p_has_bauteilprofil_component_profile",""
"reuse_einsatz/Grubenstrasse_29_Werkhof_29_Zuerich__006__Gitterroste","has_bauteilebene","bauteilebene/Oberflaechenschicht","Gitterroste | Stahl | externe Objekte | Belag/Ergänzung Erschließung | teilweise | nein | Tragfähigkeit, Rutschhemmung | Passform","rule_high","label_50p_has_bauteilprofil_component_profile",""
"reuse_einsatz/Grubenstrasse_29_Werkhof_29_Zuerich__006__Gitterroste","has_funktionswechsel","funktionswechsel/Unbekannt","Gitterroste | Stahl | externe Objekte | Belag/Ergänzung Erschließung | teilweise | nein | Tragfähigkeit, Rutschhemmung | Passform","rule_low","label_50p_has_bauteilprofil_component_profile",""
"reuse_einsatz/Grubenstrasse_29_Werkhof_29_Zuerich__006__Gitterroste","has_funktionswechsel","funktionswechsel/Konstruktive_Funktion","Gitterroste | Stahl | externe Objekte | Belag/Ergänzung Erschließung | teilweise | nein | Tragfähigkeit, Rutschhemmung | Passform","rule_medium","label_50p_has_bauteilprofil_component_profile",""
"reuse_einsatz/Grubenstrasse_29_Werkhof_29_Zuerich__007__Fenster","has_bauteilebene","bauteilebene/Bauteilgruppe","Fenster | Glas/Metall/Holz unbekannt | externe Gebäude / Überschussprodukt | Fenster/Verglasung | Fenster/Fassade | nein | nein | Vermessung, ggf. Anpassung | Wärmeschutz, Luftdichtheit, Absturz/Schallschutz | U-Wert, Maße","rule_medium","label_50p_has_bauteilprofil_component_profile",""
"reuse_einsatz/Grubenstrasse_29_Werkhof_29_Zuerich__007__Fenster","has_funktionswechsel","funktionswechsel/Gleiche_Funktion","Fenster | Glas/Metall/Holz unbekannt | externe Gebäude / Überschussprodukt | Fenster/Verglasung | Fenster/Fassade | nein | nein | Vermessung, ggf. Anpassung | Wärmeschutz, Luftdichtheit, Absturz/Schallschutz | U-Wert, Maße","rule_high","label_50p_has_bauteilprofil_component_profile",""
"reuse_einsatz/Grubenstrasse_29_Werkhof_29_Zuerich__007__Fenster","has_funktionswechsel","funktionswechsel/Konstruktive_Funktion","Fenster | Glas/Metall/Holz unbekannt | externe Gebäude / Überschussprodukt | Fenster/Verglasung | Fenster/Fassade | nein | nein | Vermessung, ggf. Anpassung | Wärmeschutz, Luftdichtheit, Absturz/Schallschutz | U-Wert, Maße","rule_medium","label_50p_has_bauteilprofil_component_profile",""
"reuse_einsatz/Grubenstrasse_29_Werkhof_29_Zuerich__008__T_ren","has_bauteilebene","bauteilebene/Bauteilgruppe","Türen | Holz/Metall/Glas unbekannt | andere Gebäude | Türen | Raum-/Außenabschluss | nein | nein | Brandschutz/Fluchtweg/Schallschutz je Einbauort | Zulassung","rule_medium","label_50p_has_bauteilprofil_component_profile",""
"reuse_einsatz/Grubenstrasse_29_Werkhof_29_Zuerich__008__T_ren","has_funktionswechsel","funktionswechsel/Neue_Funktion","Türen | Holz/Metall/Glas unbekannt | andere Gebäude | Türen | Raum-/Außenabschluss | nein | nein | Brandschutz/Fluchtweg/Schallschutz je Einbauort | Zulassung","rule_medium","label_50p_has_bauteilprofil_component_profile",""
"reuse_einsatz/Grubenstrasse_29_Werkhof_29_Zuerich__008__T_ren","has_funktionswechsel","funktionswechsel/Konstruktive_Funktion","Türen | Holz/Metall/Glas unbekannt | andere Gebäude | Türen | Raum-/Außenabschluss | nein | nein | Brandschutz/Fluchtweg/Schallschutz je Einbauort | Zulassung","rule_medium","label_50p_has_bauteilprofil_component_profile",""
"reuse_einsatz/Grubenstrasse_29_Werkhof_29_Zuerich__009__Heizk_rper_Radiatoren","has_funktionswechsel","funktionswechsel/Neue_Funktion","Heizkörper / Radiatoren | Metall | Bestand und/oder andere Gebäude | Heizen | technische Gebäudeausrüstung | nein | ja | Prüfung/Reinigung unbekannt | Heizleistung, Dichtheit | Kompatibilität","rule_medium","label_50p_has_bauteilprofil_component_profile",""
"reuse_einsatz/Grubenstrasse_29_Werkhof_29_Zuerich__010__Sanit_rapparate","has_bauteilebene","bauteilebene/Bauteilgruppe","Sanitärapparate | Keramik/Metall unbekannt | andere Gebäude | Sanitär | Sanitärinstallation | nein | ja | Reinigung/Anpassung unbekannt | Hygiene, Dichtheit, Barrierefreiheit | Gewährleistung","rule_medium","label_50p_has_bauteilprofil_component_profile",""
"reuse_einsatz/Grubenstrasse_29_Werkhof_29_Zuerich__010__Sanit_rapparate","has_funktionswechsel","funktionswechsel/Gleiche_Funktion","Sanitärapparate | Keramik/Metall unbekannt | andere Gebäude | Sanitär | Sanitärinstallation | nein | ja | Reinigung/Anpassung unbekannt | Hygiene, Dichtheit, Barrierefreiheit | Gewährleistung","rule_high","label_50p_has_bauteilprofil_component_profile",""
"reuse_einsatz/Grubenstrasse_29_Werkhof_29_Zuerich__011__D_mmplatten","has_bauteilebene","bauteilebene/Bauteilgruppe","Dämmplatten | Bestand und/oder externe Quelle | Dämmung | Dämmung | nein | nein | Wärmeschutz, Brandschutz, Feuchte | Material- und Leistungsnachweis","rule_medium","label_50p_has_bauteilprofil_component_profile",""
"reuse_einsatz/Grubenstrasse_29_Werkhof_29_Zuerich__011__D_mmplatten","has_funktionswechsel","funktionswechsel/Gleiche_Funktion","Dämmplatten | Bestand und/oder externe Quelle | Dämmung | Dämmung | nein | nein | Wärmeschutz, Brandschutz, Feuchte | Material- und Leistungsnachweis","rule_high","label_50p_has_bauteilprofil_component_profile",""
"reuse_einsatz/Grubenstrasse_29_Werkhof_29_Zuerich__011__D_mmplatten","has_funktionswechsel","funktionswechsel/Konstruktive_Funktion","Dämmplatten | Bestand und/oder externe Quelle | Dämmung | Dämmung | nein | nein | Wärmeschutz, Brandschutz, Feuchte | Material- und Leistungsnachweis","rule_medium","label_50p_has_bauteilprofil_component_profile",""
"reuse_einsatz/Grubenstrasse_29_Werkhof_29_Zuerich__012__alte_Holzpfetten_des_vormaligen_Flachdachs","has_bauteilebene","bauteilebene/Gebaeudeteil","alte Holzpfetten des vormaligen Flachdachs | Holz | Bestand | Dachpfetten | nein | Tragfähigkeit/Dauerhaftigkeit falls tragend | Zustand, neue Funktion","rule_medium","label_50p_has_bauteilprofil_component_profile",""
"reuse_einsatz/Grubenstrasse_29_Werkhof_29_Zuerich__012__alte_Holzpfetten_des_vormaligen_Flachdachs","has_funktionswechsel","funktionswechsel/Unbekannt","alte Holzpfetten des vormaligen Flachdachs | Holz | Bestand | Dachpfetten | nein | Tragfähigkeit/Dauerhaftigkeit falls tragend | Zustand, neue Funktion","rule_low","label_50p_has_bauteilprofil_component_profile",""
"reuse_einsatz/Grubenstrasse_29_Werkhof_29_Zuerich__012__alte_Holzpfetten_des_vormaligen_Flachdachs","has_funktionswechsel","funktionswechsel/Konstruktive_Funktion","alte Holzpfetten des vormaligen Flachdachs | Holz | Bestand | Dachpfetten | nein | Tragfähigkeit/Dauerhaftigkeit falls tragend | Zustand, neue Funktion","rule_medium","label_50p_has_bauteilprofil_component_profile",""
"reuse_einsatz/Harmalanranta_A_Kruunu_ReCreate_mini_pilot_Tampere__001__Hohlk_rperdecken","has_bauteilzustand","bauteilzustand/Geprueft","Hohlkörperdecken | Spannbeton/Fertigbeton | 1980er Bürogebäude, Tampere-Zentrum | Geschossdecken | Decke über Luftschutzraum | 25 Stück; einzelne Folgequelle nennt 24 | ja | nein | intakter Ausbau, Prüfung, Werksaufbereitung | sorgfältige Qualitätssicherung; Details unbekannt | Tragfähigkeit, Gebrauchstauglichkeit, Einpassung | passende Abmessungen, Nachweis","rule_medium","label_50p_has_bauteilprofil_component_profile",""
"reuse_einsatz/Harmalanranta_A_Kruunu_ReCreate_mini_pilot_Tampere__001__Hohlk_rperdecken","has_bauteilzustand","bauteilzustand/Intakt","Hohlkörperdecken | Spannbeton/Fertigbeton | 1980er Bürogebäude, Tampere-Zentrum | Geschossdecken | Decke über Luftschutzraum | 25 Stück; einzelne Folgequelle nennt 24 | ja | nein | intakter Ausbau, Prüfung, Werksaufbereitung | sorgfältige Qualitätssicherung; Details unbekannt | Tragfähigkeit, Gebrauchstauglichkeit, Einpassung | passende Abmessungen, Nachweis","rule_medium","label_50p_has_bauteilprofil_component_profile",""
"reuse_einsatz/Harmalanranta_A_Kruunu_ReCreate_mini_pilot_Tampere__001__Hohlk_rperdecken","has_funktionswechsel","funktionswechsel/Gleiche_Funktion","Hohlkörperdecken | Spannbeton/Fertigbeton | 1980er Bürogebäude, Tampere-Zentrum | Geschossdecken | Decke über Luftschutzraum | 25 Stück; einzelne Folgequelle nennt 24 | ja | nein | intakter Ausbau, Prüfung, Werksaufbereitung | sorgfältige Qualitätssicherung; Details unbekannt | Tragfähigkeit, Gebrauchstauglichkeit, Einpassung | passende Abmessungen, Nachweis","rule_high","label_50p_has_bauteilprofil_component_profile",""
"reuse_einsatz/Harmalanranta_A_Kruunu_ReCreate_mini_pilot_Tampere__001__Hohlk_rperdecken","has_funktionswechsel","funktionswechsel/Konstruktive_Funktion","Hohlkörperdecken | Spannbeton/Fertigbeton | 1980er Bürogebäude, Tampere-Zentrum | Geschossdecken | Decke über Luftschutzraum | 25 Stück; einzelne Folgequelle nennt 24 | ja | nein | intakter Ausbau, Prüfung, Werksaufbereitung | sorgfältige Qualitätssicherung; Details unbekannt | Tragfähigkeit, Gebrauchstauglichkeit, Einpassung | passende Abmessungen, Nachweis","rule_medium","label_50p_has_bauteilprofil_component_profile",""
"reuse_einsatz/Hastings_Pier_Visitor_Centre__001__Fassadenbekleidung_Besucherzentrum","has_bauteilebene","bauteilebene/Oberflaechenschicht","Fassadenbekleidung Besucherzentrum | geborgene tropische Hartholzbohlen | Brandschaden / alte Pier-Deckflächen | Lauf-/Deckbelag | Außenbekleidung Visitor Centre | begrenzte Menge; genaue m² unbekannt | nein | nein | kurze Stücke bewusst genutzt; Zuschnitt | Dauerhaftigkeit, Witterung, Brand, Befestigung | begrenzte Längen/Mengen, Wetterexposition","rule_high","label_50p_has_bauteilprofil_component_profile",""
"reuse_einsatz/Hastings_Pier_Visitor_Centre__001__Fassadenbekleidung_Besucherzentrum","has_funktionswechsel","funktionswechsel/Gleiche_Funktion","Fassadenbekleidung Besucherzentrum | geborgene tropische Hartholzbohlen | Brandschaden / alte Pier-Deckflächen | Lauf-/Deckbelag | Außenbekleidung Visitor Centre | begrenzte Menge; genaue m² unbekannt | nein | nein | kurze Stücke bewusst genutzt; Zuschnitt | Dauerhaftigkeit, Witterung, Brand, Befestigung | begrenzte Längen/Mengen, Wetterexposition","rule_high","label_50p_has_bauteilprofil_component_profile",""
"reuse_einsatz/Hastings_Pier_Visitor_Centre__001__Fassadenbekleidung_Besucherzentrum","has_funktionswechsel","funktionswechsel/Konstruktive_Funktion","Fassadenbekleidung Besucherzentrum | geborgene tropische Hartholzbohlen | Brandschaden / alte Pier-Deckflächen | Lauf-/Deckbelag | Außenbekleidung Visitor Centre | begrenzte Menge; genaue m² unbekannt | nein | nein | kurze Stücke bewusst genutzt; Zuschnitt | Dauerhaftigkeit, Witterung, Brand, Befestigung | begrenzte Längen/Mengen, Wetterexposition","rule_medium","label_50p_has_bauteilprofil_component_profile",""
"reuse_einsatz/Hastings_Pier_Visitor_Centre__002__Bekleidung_Toiletten_Outbuildings_am_Old_Pavilio","has_bauteilebene","bauteilebene/Oberflaechenschicht","Bekleidung Toiletten / Outbuildings am Old Pavilion | längere Hartholzstücke | gerettete Pier-Hölzer | Deckbohlen | schlanke Profile für Bekleidung | nein | nein | längere Stücke gespalten | Außenklima, Nutzungssicherheit | Aufbereitung von unregelmäßigen Hölzern","rule_high","label_50p_has_bauteilprofil_component_profile",""
"reuse_einsatz/Hastings_Pier_Visitor_Centre__002__Bekleidung_Toiletten_Outbuildings_am_Old_Pavilio","has_funktionswechsel","funktionswechsel/Neue_Funktion","Bekleidung Toiletten / Outbuildings am Old Pavilion | längere Hartholzstücke | gerettete Pier-Hölzer | Deckbohlen | schlanke Profile für Bekleidung | nein | nein | längere Stücke gespalten | Außenklima, Nutzungssicherheit | Aufbereitung von unregelmäßigen Hölzern","rule_medium","label_50p_has_bauteilprofil_component_profile",""
"reuse_einsatz/Hastings_Pier_Visitor_Centre__002__Bekleidung_Toiletten_Outbuildings_am_Old_Pavilio","has_funktionswechsel","funktionswechsel/Technische_Funktion","Bekleidung Toiletten / Outbuildings am Old Pavilion | längere Hartholzstücke | gerettete Pier-Hölzer | Deckbohlen | schlanke Profile für Bekleidung | nein | nein | längere Stücke gespalten | Außenklima, Nutzungssicherheit | Aufbereitung von unregelmäßigen Hölzern","rule_medium","label_50p_has_bauteilprofil_component_profile",""
"reuse_einsatz/Haus_HOS_Mehrfamilienhaus_Muehlhausen__001__Wandelemente","has_bauteilebene","bauteilebene/Bauteilgruppe","Wandelemente | Stahlbetonfertigteil / WBS70-Kontext | Leinefelde | Wand im Plattenbau | Wand/Trag-/Raumstruktur | 28 | ja | nein | Auswahl; ggf. Anpassung unbekannt | Auswahl mit Statiker; Detailprüfung unbekannt | Tragfähigkeit, Schall, Brand, Wärme bei Außenwand | Nachweis, Anschlüsse, Dämmung","rule_medium","label_50p_has_bauteilprofil_component_profile",""
"reuse_einsatz/Haus_HOS_Mehrfamilienhaus_Muehlhausen__001__Wandelemente","has_funktionswechsel","funktionswechsel/Gleiche_Funktion","Wandelemente | Stahlbetonfertigteil / WBS70-Kontext | Leinefelde | Wand im Plattenbau | Wand/Trag-/Raumstruktur | 28 | ja | nein | Auswahl; ggf. Anpassung unbekannt | Auswahl mit Statiker; Detailprüfung unbekannt | Tragfähigkeit, Schall, Brand, Wärme bei Außenwand | Nachweis, Anschlüsse, Dämmung","rule_high","label_50p_has_bauteilprofil_component_profile",""
"reuse_einsatz/Haus_HOS_Mehrfamilienhaus_Muehlhausen__001__Wandelemente","has_funktionswechsel","funktionswechsel/Konstruktive_Funktion","Wandelemente | Stahlbetonfertigteil / WBS70-Kontext | Leinefelde | Wand im Plattenbau | Wand/Trag-/Raumstruktur | 28 | ja | nein | Auswahl; ggf. Anpassung unbekannt | Auswahl mit Statiker; Detailprüfung unbekannt | Tragfähigkeit, Schall, Brand, Wärme bei Außenwand | Nachweis, Anschlüsse, Dämmung","rule_medium","label_50p_has_bauteilprofil_component_profile",""
"reuse_einsatz/Haus_HOS_Mehrfamilienhaus_Muehlhausen__002__Deckenelemente","has_bauteilebene","bauteilebene/Bauteilgruppe","Deckenelemente | Stahlbetonfertigteil / WBS70-Kontext | Leinefelde | Decke/Boden | Decke/Boden | 23 | ja | nein | Auswahl; unbekannte Aufbereitung | Auswahl mit Statiker; Detailprüfung unbekannt | Tragfähigkeit, Brandschutz, Gebrauchstauglichkeit | Betondeckung/Feuerwiderstand","rule_medium","label_50p_has_bauteilprofil_component_profile",""
"reuse_einsatz/Haus_HOS_Mehrfamilienhaus_Muehlhausen__002__Deckenelemente","has_funktionswechsel","funktionswechsel/Gleiche_Funktion","Deckenelemente | Stahlbetonfertigteil / WBS70-Kontext | Leinefelde | Decke/Boden | Decke/Boden | 23 | ja | nein | Auswahl; unbekannte Aufbereitung | Auswahl mit Statiker; Detailprüfung unbekannt | Tragfähigkeit, Brandschutz, Gebrauchstauglichkeit | Betondeckung/Feuerwiderstand","rule_high","label_50p_has_bauteilprofil_component_profile",""
"reuse_einsatz/Haus_HOS_Mehrfamilienhaus_Muehlhausen__002__Deckenelemente","has_funktionswechsel","funktionswechsel/Konstruktive_Funktion","Deckenelemente | Stahlbetonfertigteil / WBS70-Kontext | Leinefelde | Decke/Boden | Decke/Boden | 23 | ja | nein | Auswahl; unbekannte Aufbereitung | Auswahl mit Statiker; Detailprüfung unbekannt | Tragfähigkeit, Brandschutz, Gebrauchstauglichkeit | Betondeckung/Feuerwiderstand","rule_medium","label_50p_has_bauteilprofil_component_profile",""
"reuse_einsatz/Haus_HOS_Mehrfamilienhaus_Muehlhausen__003__Treppen","has_bauteilebene","bauteilebene/Bauteilgruppe","Treppen | Stahlbetonfertigteil | Leinefelde | Treppenläufe/Podeste | Erschließung | 7 | ja | nein | Tragfähigkeit, Brandschutz, Schallschutz, Barrierefreiheit | Schall/Brand","rule_medium","label_50p_has_bauteilprofil_component_profile",""
"reuse_einsatz/Haus_HOS_Mehrfamilienhaus_Muehlhausen__003__Treppen","has_funktionswechsel","funktionswechsel/Gleiche_Funktion","Treppen | Stahlbetonfertigteil | Leinefelde | Treppenläufe/Podeste | Erschließung | 7 | ja | nein | Tragfähigkeit, Brandschutz, Schallschutz, Barrierefreiheit | Schall/Brand","rule_high","label_50p_has_bauteilprofil_component_profile",""
"reuse_einsatz/Haus_HOS_Mehrfamilienhaus_Muehlhausen__003__Treppen","has_funktionswechsel","funktionswechsel/Konstruktive_Funktion","Treppen | Stahlbetonfertigteil | Leinefelde | Treppenläufe/Podeste | Erschließung | 7 | ja | nein | Tragfähigkeit, Brandschutz, Schallschutz, Barrierefreiheit | Schall/Brand","rule_medium","label_50p_has_bauteilprofil_component_profile",""
"reuse_einsatz/Haus_HOS_Mehrfamilienhaus_Muehlhausen__004__Gesamtbauteile","has_bauteilebene","bauteilebene/Materialcharge","Gesamtbauteile | Stahlbetonfertigteile | Leinefelde | Wand/Decke/Treppe | Rohbau Mehrfamilienhaus | 58 / ca. 190 t | ja | nein | Remontage | teilweise belegt | Rohbau | Logistik","rule_high","label_50p_has_bauteilprofil_component_profile",""
"reuse_einsatz/Haus_HOS_Mehrfamilienhaus_Muehlhausen__004__Gesamtbauteile","has_funktionswechsel","funktionswechsel/Neue_Funktion","Gesamtbauteile | Stahlbetonfertigteile | Leinefelde | Wand/Decke/Treppe | Rohbau Mehrfamilienhaus | 58 / ca. 190 t | ja | nein | Remontage | teilweise belegt | Rohbau | Logistik","rule_medium","label_50p_has_bauteilprofil_component_profile",""
"reuse_einsatz/Holbein_Gardens_London__001__Stahltr_ger_st_tzen","has_bauteilebene","bauteilebene/System","Stahlträger/-stützen | Stahl | 9 t aus Grosvenor-Projekten / 15–16 t aus Cleveland-Steel-Bestand | Tragwerk / low-load applications, roofs oder temporäre Konstruktionen laut NLA | Stahlrahmen der Aufstockung / rooftop extension | 24–25 t | ja | nein | Rückbau, Prüfung, Primerentfernung, Refabrikation | CST / P427; zerstörende und zerstörungsfreie Prüfungen | Tragfähigkeit, Stahlgüte, Duktilität, Ausführung | Beschaffung, Test, Programm, Kosten","rule_medium","label_50p_has_bauteilprofil_component_profile",""
"reuse_einsatz/Holbein_Gardens_London__001__Stahltr_ger_st_tzen","has_bauteilzustand","bauteilzustand/Geprueft","Stahlträger/-stützen | Stahl | 9 t aus Grosvenor-Projekten / 15–16 t aus Cleveland-Steel-Bestand | Tragwerk / low-load applications, roofs oder temporäre Konstruktionen laut NLA | Stahlrahmen der Aufstockung / rooftop extension | 24–25 t | ja | nein | Rückbau, Prüfung, Primerentfernung, Refabrikation | CST / P427; zerstörende und zerstörungsfreie Prüfungen | Tragfähigkeit, Stahlgüte, Duktilität, Ausführung | Beschaffung, Test, Programm, Kosten","rule_medium","label_50p_has_bauteilprofil_component_profile",""
"reuse_einsatz/Holbein_Gardens_London__001__Stahltr_ger_st_tzen","has_funktionswechsel","funktionswechsel/Gleiche_Funktion","Stahlträger/-stützen | Stahl | 9 t aus Grosvenor-Projekten / 15–16 t aus Cleveland-Steel-Bestand | Tragwerk / low-load applications, roofs oder temporäre Konstruktionen laut NLA | Stahlrahmen der Aufstockung / rooftop extension | 24–25 t | ja | nein | Rückbau, Prüfung, Primerentfernung, Refabrikation | CST / P427; zerstörende und zerstörungsfreie Prüfungen | Tragfähigkeit, Stahlgüte, Duktilität, Ausführung | Beschaffung, Test, Programm, Kosten","rule_high","label_50p_has_bauteilprofil_component_profile",""
"reuse_einsatz/Holbein_Gardens_London__001__Stahltr_ger_st_tzen","has_funktionswechsel","funktionswechsel/Konstruktive_Funktion","Stahlträger/-stützen | Stahl | 9 t aus Grosvenor-Projekten / 15–16 t aus Cleveland-Steel-Bestand | Tragwerk / low-load applications, roofs oder temporäre Konstruktionen laut NLA | Stahlrahmen der Aufstockung / rooftop extension | 24–25 t | ja | nein | Rückbau, Prüfung, Primerentfernung, Refabrikation | CST / P427; zerstörende und zerstörungsfreie Prüfungen | Tragfähigkeit, Stahlgüte, Duktilität, Ausführung | Beschaffung, Test, Programm, Kosten","rule_medium","label_50p_has_bauteilprofil_component_profile",""
"reuse_einsatz/Holbein_Gardens_London__002__Reclaimed_stone_brickwork","has_bauteilebene","bauteilebene/Oberflaechenschicht","Reclaimed stone / brickwork | Stein/Ziegel | unbekannt / andere Quellen | Bauteil-/Oberflächenreuse im Projekt | nein | Dauerhaftigkeit, Optik | unklare Menge","rule_high","label_50p_has_bauteilprofil_component_profile",""
"reuse_einsatz/Holbein_Gardens_London__002__Reclaimed_stone_brickwork","has_funktionswechsel","funktionswechsel/Unbekannt","Reclaimed stone / brickwork | Stein/Ziegel | unbekannt / andere Quellen | Bauteil-/Oberflächenreuse im Projekt | nein | Dauerhaftigkeit, Optik | unklare Menge","rule_low","label_50p_has_bauteilprofil_component_profile",""
"reuse_einsatz/House_of_Fraser_318_Oxford_Street_TBC_London_reuse_chain__001__1930er_Stahltr_ger_vom_House_of_Fraser","has_bauteilebene","bauteilebene/Bauteilgruppe","1930er Stahlträger vom House of Fraser | Stahl | former House of Fraser / 318 Oxford Street | Träger im Department-Store-Gebäude | Stahlträger im TBC.London-Retrofit | 16 t / 20 t / 40 t / target up to 100 t widersprüchlich | ja | nein | ausgebaut, gereinigt, getestet, zertifiziert, vorbereitet | tensile, chemical, metallographic; traceability | Tragfähigkeit, Schweißbarkeit, Nutzung in neuem Frame | pre-1940s steel, rivets, concrete encasement","rule_medium","label_50p_has_bauteilprofil_component_profile",""
"reuse_einsatz/House_of_Fraser_318_Oxford_Street_TBC_London_reuse_chain__001__1930er_Stahltr_ger_vom_House_of_Fraser","has_bauteilzustand","bauteilzustand/Geprueft","1930er Stahlträger vom House of Fraser | Stahl | former House of Fraser / 318 Oxford Street | Träger im Department-Store-Gebäude | Stahlträger im TBC.London-Retrofit | 16 t / 20 t / 40 t / target up to 100 t widersprüchlich | ja | nein | ausgebaut, gereinigt, getestet, zertifiziert, vorbereitet | tensile, chemical, metallographic; traceability | Tragfähigkeit, Schweißbarkeit, Nutzung in neuem Frame | pre-1940s steel, rivets, concrete encasement","rule_medium","label_50p_has_bauteilprofil_component_profile",""
"reuse_einsatz/House_of_Fraser_318_Oxford_Street_TBC_London_reuse_chain__001__1930er_Stahltr_ger_vom_House_of_Fraser","has_funktionswechsel","funktionswechsel/Gleiche_Funktion","1930er Stahlträger vom House of Fraser | Stahl | former House of Fraser / 318 Oxford Street | Träger im Department-Store-Gebäude | Stahlträger im TBC.London-Retrofit | 16 t / 20 t / 40 t / target up to 100 t widersprüchlich | ja | nein | ausgebaut, gereinigt, getestet, zertifiziert, vorbereitet | tensile, chemical, metallographic; traceability | Tragfähigkeit, Schweißbarkeit, Nutzung in neuem Frame | pre-1940s steel, rivets, concrete encasement","rule_high","label_50p_has_bauteilprofil_component_profile",""
"reuse_einsatz/House_of_Fraser_318_Oxford_Street_TBC_London_reuse_chain__001__1930er_Stahltr_ger_vom_House_of_Fraser","has_funktionswechsel","funktionswechsel/Konstruktive_Funktion","1930er Stahlträger vom House of Fraser | Stahl | former House of Fraser / 318 Oxford Street | Träger im Department-Store-Gebäude | Stahlträger im TBC.London-Retrofit | 16 t / 20 t / 40 t / target up to 100 t widersprüchlich | ja | nein | ausgebaut, gereinigt, getestet, zertifiziert, vorbereitet | tensile, chemical, metallographic; traceability | Tragfähigkeit, Schweißbarkeit, Nutzung in neuem Frame | pre-1940s steel, rivets, concrete encasement","rule_medium","label_50p_has_bauteilprofil_component_profile",""
"reuse_einsatz/House_of_Fraser_318_Oxford_Street_TBC_London_reuse_chain__002__Stahlst_tzen_aus_unteren_Geschossen_318_Oxford_S","has_bauteilebene","bauteilebene/Bauteilgruppe","Stahlstützen aus unteren Geschossen 318 Oxford Street | Stahl | House of Fraser lower floors | Stützen in unteren Geschossen | neue Stützen auf oberen Ebenen | ja | nein | taken away, re-fabricated, brought back | properties/strength checked | Tragfähigkeit | Refabrication und Nachweis","rule_medium","label_50p_has_bauteilprofil_component_profile",""
"reuse_einsatz/House_of_Fraser_318_Oxford_Street_TBC_London_reuse_chain__002__Stahlst_tzen_aus_unteren_Geschossen_318_Oxford_S","has_funktionswechsel","funktionswechsel/Gleiche_Funktion","Stahlstützen aus unteren Geschossen 318 Oxford Street | Stahl | House of Fraser lower floors | Stützen in unteren Geschossen | neue Stützen auf oberen Ebenen | ja | nein | taken away, re-fabricated, brought back | properties/strength checked | Tragfähigkeit | Refabrication und Nachweis","rule_high","label_50p_has_bauteilprofil_component_profile",""
"reuse_einsatz/House_of_Fraser_318_Oxford_Street_TBC_London_reuse_chain__002__Stahlst_tzen_aus_unteren_Geschossen_318_Oxford_S","has_funktionswechsel","funktionswechsel/Konstruktive_Funktion","Stahlstützen aus unteren Geschossen 318 Oxford Street | Stahl | House of Fraser lower floors | Stützen in unteren Geschossen | neue Stützen auf oberen Ebenen | ja | nein | taken away, re-fabricated, brought back | properties/strength checked | Tragfähigkeit | Refabrication und Nachweis","rule_medium","label_50p_has_bauteilprofil_component_profile",""
"reuse_einsatz/House_of_Fraser_318_Oxford_Street_TBC_London_reuse_chain__003__Repurposed_steel_von_Cleveland","has_bauteilebene","bauteilebene/Materialcharge","Repurposed steel von Cleveland | Stahl | Cleveland Steel & Tubes / oil-gas surplus stock | surplus stock, teils unbenutzt | obere Etage / uppermost floor TBC | ca. 7 t laut NSC | ja | nein | Tragfähigkeit | Materialmix / Nachweis","rule_high","label_50p_has_bauteilprofil_component_profile",""
"reuse_einsatz/House_of_Fraser_318_Oxford_Street_TBC_London_reuse_chain__003__Repurposed_steel_von_Cleveland","has_funktionswechsel","funktionswechsel/Neue_Funktion","Repurposed steel von Cleveland | Stahl | Cleveland Steel & Tubes / oil-gas surplus stock | surplus stock, teils unbenutzt | obere Etage / uppermost floor TBC | ca. 7 t laut NSC | ja | nein | Tragfähigkeit | Materialmix / Nachweis","rule_medium","label_50p_has_bauteilprofil_component_profile",""
"reuse_einsatz/House_of_Fraser_318_Oxford_Street_TBC_London_reuse_chain__003__Repurposed_steel_von_Cleveland","has_funktionswechsel","funktionswechsel/Konstruktive_Funktion","Repurposed steel von Cleveland | Stahl | Cleveland Steel & Tubes / oil-gas surplus stock | surplus stock, teils unbenutzt | obere Etage / uppermost floor TBC | ca. 7 t laut NSC | ja | nein | Tragfähigkeit | Materialmix / Nachweis","rule_medium","label_50p_has_bauteilprofil_component_profile",""
"reuse_einsatz/House_of_Fraser_318_Oxford_Street_TBC_London_reuse_chain__005__Handrails_and_other_fixtures","has_bauteilebene","bauteilebene/Einzelbauteil","Handrails and other fixtures | original TBC / demolition materials | fixtures | reused in TBC | nein | technisch? | Detailbeleg schwach","rule_medium","label_50p_has_bauteilprofil_component_profile",""
"reuse_einsatz/House_of_Fraser_318_Oxford_Street_TBC_London_reuse_chain__005__Handrails_and_other_fixtures","has_funktionswechsel","funktionswechsel/Neue_Funktion","Handrails and other fixtures | original TBC / demolition materials | fixtures | reused in TBC | nein | technisch? | Detailbeleg schwach","rule_medium","label_50p_has_bauteilprofil_component_profile",""
"reuse_einsatz/House_of_Fraser_318_Oxford_Street_TBC_London_reuse_chain__006__Bricks_demolition_materials","has_bauteilebene","bauteilebene/Bauteilgruppe","Bricks / demolition materials | Mauerwerk u. a. | original building / demolition | Fassade / Bauteile | re-purposed elements | nein/unklar | nein | nicht detailliert","rule_medium","label_50p_has_bauteilprofil_component_profile",""
"reuse_einsatz/House_of_Fraser_318_Oxford_Street_TBC_London_reuse_chain__006__Bricks_demolition_materials","has_funktionswechsel","funktionswechsel/Neue_Funktion","Bricks / demolition materials | Mauerwerk u. a. | original building / demolition | Fassade / Bauteile | re-purposed elements | nein/unklar | nein | nicht detailliert","rule_medium","label_50p_has_bauteilprofil_component_profile",""
"reuse_einsatz/Impact_Hub_Berlin_CRCLR_Fitout__001__Schwarze_MDF_Platten","has_bauteilebene","bauteilebene/Bauteilgruppe","Schwarze MDF-Platten | MDF | Boros Foundation Ausstellung im Berghain-Kontext | Ausstellungsbau / Platten | Schranktüren und Wandpaneele | nein | nein | Zuschnitt, Montage | Brandschutz, Oberflächen, Stabilität | Brandschutz nicht dokumentiert","rule_medium","label_50p_has_bauteilprofil_component_profile",""
"reuse_einsatz/Impact_Hub_Berlin_CRCLR_Fitout__001__Schwarze_MDF_Platten","has_funktionswechsel","funktionswechsel/Neue_Funktion","Schwarze MDF-Platten | MDF | Boros Foundation Ausstellung im Berghain-Kontext | Ausstellungsbau / Platten | Schranktüren und Wandpaneele | nein | nein | Zuschnitt, Montage | Brandschutz, Oberflächen, Stabilität | Brandschutz nicht dokumentiert","rule_medium","label_50p_has_bauteilprofil_component_profile",""
"reuse_einsatz/Impact_Hub_Berlin_CRCLR_Fitout__001__Schwarze_MDF_Platten","has_funktionswechsel","funktionswechsel/Konstruktive_Funktion","Schwarze MDF-Platten | MDF | Boros Foundation Ausstellung im Berghain-Kontext | Ausstellungsbau / Platten | Schranktüren und Wandpaneele | nein | nein | Zuschnitt, Montage | Brandschutz, Oberflächen, Stabilität | Brandschutz nicht dokumentiert","rule_medium","label_50p_has_bauteilprofil_component_profile",""
"reuse_einsatz/Impact_Hub_Berlin_CRCLR_Fitout__002__Red_MDF_boards","has_funktionswechsel","funktionswechsel/Unbekannt","Red MDF boards | MDF | andere Baustelle | Rezeption / Treffpunktzone | nein | nein | Oberflächen/Brandschutz | Funktion nicht vollständig klar","rule_low","label_50p_has_bauteilprofil_component_profile",""
"reuse_einsatz/Impact_Hub_Berlin_CRCLR_Fitout__002__Red_MDF_boards","has_funktionswechsel","funktionswechsel/Konstruktive_Funktion","Red MDF boards | MDF | andere Baustelle | Rezeption / Treffpunktzone | nein | nein | Oberflächen/Brandschutz | Funktion nicht vollständig klar","rule_medium","label_50p_has_bauteilprofil_component_profile",""
"reuse_einsatz/Impact_Hub_Berlin_CRCLR_Fitout__003__Ziegel_im_Empfang","has_bauteilebene","bauteilebene/Bauteilgruppe","Ziegel im Empfang | Ziegel | andere Baustelle | Empfangs-/Treffpunktgestaltung | nein | nein | bauliche Funktion unklar","rule_medium","label_50p_has_bauteilprofil_component_profile",""
"reuse_einsatz/Impact_Hub_Berlin_CRCLR_Fitout__003__Ziegel_im_Empfang","has_funktionswechsel","funktionswechsel/Unbekannt","Ziegel im Empfang | Ziegel | andere Baustelle | Empfangs-/Treffpunktgestaltung | nein | nein | bauliche Funktion unklar","rule_low","label_50p_has_bauteilprofil_component_profile",""
"reuse_einsatz/Impact_Hub_Berlin_CRCLR_Fitout__004__Holzlatten","has_bauteilebene","bauteilebene/Materialcharge","Holzlatten | Holz-Offcuts | verschiedene Tischlereien | Produktionsrest | Telefonboxen | nein | nein | Zuschnitt / Montage | Akustik, Stabilität | Offcuts statt Bauteilreuse","rule_high","label_50p_has_bauteilprofil_component_profile",""
"reuse_einsatz/Impact_Hub_Berlin_CRCLR_Fitout__004__Holzlatten","has_funktionswechsel","funktionswechsel/Neue_Funktion","Holzlatten | Holz-Offcuts | verschiedene Tischlereien | Produktionsrest | Telefonboxen | nein | nein | Zuschnitt / Montage | Akustik, Stabilität | Offcuts statt Bauteilreuse","rule_medium","label_50p_has_bauteilprofil_component_profile",""
"reuse_einsatz/Impact_Hub_Berlin_CRCLR_Fitout__004__Holzlatten","has_funktionswechsel","funktionswechsel/Konstruktive_Funktion","Holzlatten | Holz-Offcuts | verschiedene Tischlereien | Produktionsrest | Telefonboxen | nein | nein | Zuschnitt / Montage | Akustik, Stabilität | Offcuts statt Bauteilreuse","rule_medium","label_50p_has_bauteilprofil_component_profile",""
"reuse_einsatz/Impact_Hub_Berlin_CRCLR_Fitout__007__T_ren_Fenster_Sanit_r","has_bauteilebene","bauteilebene/Bauteilgruppe","Türen/Fenster/Sanitär | diverse | Gesamtprojekt CRCLR, Quellen nennen reused doors/windows/sanitary | Altbauteile | neue Gebäude-/Innenbauteile | nein | ja | refurbishment | teils schwierig wegen Brandschutz/Energie | Brandschutz/Energie | Reuse-Bauteile im Gesamtprojekt, Fit-out-Zuordnung unscharf","rule_medium","label_50p_has_bauteilprofil_component_profile",""
"reuse_einsatz/Impact_Hub_Berlin_CRCLR_Fitout__007__T_ren_Fenster_Sanit_r","has_funktionswechsel","funktionswechsel/Neue_Funktion","Türen/Fenster/Sanitär | diverse | Gesamtprojekt CRCLR, Quellen nennen reused doors/windows/sanitary | Altbauteile | neue Gebäude-/Innenbauteile | nein | ja | refurbishment | teils schwierig wegen Brandschutz/Energie | Brandschutz/Energie | Reuse-Bauteile im Gesamtprojekt, Fit-out-Zuordnung unscharf","rule_medium","label_50p_has_bauteilprofil_component_profile",""
"reuse_einsatz/Impact_Hub_Berlin_CRCLR_Fitout__007__T_ren_Fenster_Sanit_r","has_funktionswechsel","funktionswechsel/Konstruktive_Funktion","Türen/Fenster/Sanitär | diverse | Gesamtprojekt CRCLR, Quellen nennen reused doors/windows/sanitary | Altbauteile | neue Gebäude-/Innenbauteile | nein | ja | refurbishment | teils schwierig wegen Brandschutz/Energie | Brandschutz/Energie | Reuse-Bauteile im Gesamtprojekt, Fit-out-Zuordnung unscharf","rule_medium","label_50p_has_bauteilprofil_component_profile",""
"reuse_einsatz/Jeugdkliniek_Ithaka_Emergis_Kloetinge__006__Azob_Shingles","has_bauteilebene","bauteilebene/Oberflaechenschicht","Azobé-Shingles | Hartholz Azobé | RWS-Fassade; davor Meerpfähle | Fassadenbekleidung / davor Wasserbau | Fassadenbekleidung Klinik | nein | nein | Ausbau, Wiederbefestigung | Witterung, Brandschutz | Restlebensdauer","rule_high","label_50p_has_bauteilprofil_component_profile",""
"reuse_einsatz/Jeugdkliniek_Ithaka_Emergis_Kloetinge__006__Azob_Shingles","has_funktionswechsel","funktionswechsel/Gleiche_Funktion","Azobé-Shingles | Hartholz Azobé | RWS-Fassade; davor Meerpfähle | Fassadenbekleidung / davor Wasserbau | Fassadenbekleidung Klinik | nein | nein | Ausbau, Wiederbefestigung | Witterung, Brandschutz | Restlebensdauer","rule_high","label_50p_has_bauteilprofil_component_profile",""
"reuse_einsatz/Jeugdkliniek_Ithaka_Emergis_Kloetinge__006__Azob_Shingles","has_funktionswechsel","funktionswechsel/Konstruktive_Funktion","Azobé-Shingles | Hartholz Azobé | RWS-Fassade; davor Meerpfähle | Fassadenbekleidung / davor Wasserbau | Fassadenbekleidung Klinik | nein | nein | Ausbau, Wiederbefestigung | Witterung, Brandschutz | Restlebensdauer","rule_medium","label_50p_has_bauteilprofil_component_profile",""
"reuse_einsatz/Jeugdkliniek_Ithaka_Emergis_Kloetinge__012__Beleuchtungsarmaturen","has_bauteilebene","bauteilebene/Bauteilgruppe","Beleuchtungsarmaturen | RWS / andere Quellen | Beleuchtung | Innenbeleuchtung | 30–40% Donorgebäude möglich; genaue Menge unbekannt | nein | technisch: ja | prüfen, ggf. anpassen | Elektroprüfung unbekannt | Sicherheit, Effizienz | alte Technik vs. Energieziel","rule_medium","label_50p_has_bauteilprofil_component_profile",""
"reuse_einsatz/Jeugdkliniek_Ithaka_Emergis_Kloetinge__012__Beleuchtungsarmaturen","has_funktionswechsel","funktionswechsel/Gleiche_Funktion","Beleuchtungsarmaturen | RWS / andere Quellen | Beleuchtung | Innenbeleuchtung | 30–40% Donorgebäude möglich; genaue Menge unbekannt | nein | technisch: ja | prüfen, ggf. anpassen | Elektroprüfung unbekannt | Sicherheit, Effizienz | alte Technik vs. Energieziel","rule_high","label_50p_has_bauteilprofil_component_profile",""
"reuse_einsatz/Jeugdkliniek_Ithaka_Emergis_Kloetinge__012__Beleuchtungsarmaturen","has_funktionswechsel","funktionswechsel/Technische_Funktion","Beleuchtungsarmaturen | RWS / andere Quellen | Beleuchtung | Innenbeleuchtung | 30–40% Donorgebäude möglich; genaue Menge unbekannt | nein | technisch: ja | prüfen, ggf. anpassen | Elektroprüfung unbekannt | Sicherheit, Effizienz | alte Technik vs. Energieziel","rule_medium","label_50p_has_bauteilprofil_component_profile",""
"reuse_einsatz/Jeugdkliniek_Ithaka_Emergis_Kloetinge__013__Elektroinstallationen_Rohre","has_bauteilzustand","bauteilzustand/Geprueft","Elektroinstallationen / Rohre | andere Sloop-Panden / Bestand | Elektro | Elektro/Kommunikation/Sicherheit | nein | technisch: ja | Wiederverwendung/Neumontage unbekannt | Elektroprüfung | Sicherheit, Brandschutz | Energieziel vs. Reuse","rule_medium","label_50p_has_bauteilprofil_component_profile",""
"reuse_einsatz/Jeugdkliniek_Ithaka_Emergis_Kloetinge__013__Elektroinstallationen_Rohre","has_funktionswechsel","funktionswechsel/Gleiche_Funktion","Elektroinstallationen / Rohre | andere Sloop-Panden / Bestand | Elektro | Elektro/Kommunikation/Sicherheit | nein | technisch: ja | Wiederverwendung/Neumontage unbekannt | Elektroprüfung | Sicherheit, Brandschutz | Energieziel vs. Reuse","rule_high","label_50p_has_bauteilprofil_component_profile",""
"reuse_einsatz/Jeugdkliniek_Ithaka_Emergis_Kloetinge__013__Elektroinstallationen_Rohre","has_funktionswechsel","funktionswechsel/Technische_Funktion","Elektroinstallationen / Rohre | andere Sloop-Panden / Bestand | Elektro | Elektro/Kommunikation/Sicherheit | nein | technisch: ja | Wiederverwendung/Neumontage unbekannt | Elektroprüfung | Sicherheit, Brandschutz | Energieziel vs. Reuse","rule_medium","label_50p_has_bauteilprofil_component_profile",""
"reuse_einsatz/Jeugdkliniek_Ithaka_Emergis_Kloetinge__013__Elektroinstallationen_Rohre","has_funktionswechsel","funktionswechsel/Konstruktive_Funktion","Elektroinstallationen / Rohre | andere Sloop-Panden / Bestand | Elektro | Elektro/Kommunikation/Sicherheit | nein | technisch: ja | Wiederverwendung/Neumontage unbekannt | Elektroprüfung | Sicherheit, Brandschutz | Energieziel vs. Reuse","rule_medium","label_50p_has_bauteilprofil_component_profile",""
"reuse_einsatz/Juch_Areal_Recyclingzentrum_Zuerich__001__Stahlstruktur_der_Traghalle_Hagenholz","has_bauteilebene","bauteilebene/System","Stahlstruktur der Traghalle Hagenholz | Stahl | ehemalige städtische Recyclinghalle Hagenholz | Hallentragwerk / Dachtragwerk | Hallentragwerk Recyclingzentrum Juch | einzelne Hallenbauteile beschriftet, demontiert und eingelagert; genaue Masse unbekannt | ja | nein | Beschriften, sorgfältig demontieren, einlagern, 1:1 wieder aufbauen | Eignung durch Spezialisten geprüft | Tragfähigkeit, Robustheit, Brandschutz | Resttragfähigkeit, Demontage, Lagerung","rule_medium","label_50p_has_bauteilprofil_component_profile",""
"reuse_einsatz/Juch_Areal_Recyclingzentrum_Zuerich__001__Stahlstruktur_der_Traghalle_Hagenholz","has_bauteilzustand","bauteilzustand/Geprueft","Stahlstruktur der Traghalle Hagenholz | Stahl | ehemalige städtische Recyclinghalle Hagenholz | Hallentragwerk / Dachtragwerk | Hallentragwerk Recyclingzentrum Juch | einzelne Hallenbauteile beschriftet, demontiert und eingelagert; genaue Masse unbekannt | ja | nein | Beschriften, sorgfältig demontieren, einlagern, 1:1 wieder aufbauen | Eignung durch Spezialisten geprüft | Tragfähigkeit, Robustheit, Brandschutz | Resttragfähigkeit, Demontage, Lagerung","rule_medium","label_50p_has_bauteilprofil_component_profile",""
"reuse_einsatz/Juch_Areal_Recyclingzentrum_Zuerich__001__Stahlstruktur_der_Traghalle_Hagenholz","has_funktionswechsel","funktionswechsel/Gleiche_Funktion","Stahlstruktur der Traghalle Hagenholz | Stahl | ehemalige städtische Recyclinghalle Hagenholz | Hallentragwerk / Dachtragwerk | Hallentragwerk Recyclingzentrum Juch | einzelne Hallenbauteile beschriftet, demontiert und eingelagert; genaue Masse unbekannt | ja | nein | Beschriften, sorgfältig demontieren, einlagern, 1:1 wieder aufbauen | Eignung durch Spezialisten geprüft | Tragfähigkeit, Robustheit, Brandschutz | Resttragfähigkeit, Demontage, Lagerung","rule_high","label_50p_has_bauteilprofil_component_profile",""
"reuse_einsatz/Juch_Areal_Recyclingzentrum_Zuerich__001__Stahlstruktur_der_Traghalle_Hagenholz","has_funktionswechsel","funktionswechsel/Konstruktive_Funktion","Stahlstruktur der Traghalle Hagenholz | Stahl | ehemalige städtische Recyclinghalle Hagenholz | Hallentragwerk / Dachtragwerk | Hallentragwerk Recyclingzentrum Juch | einzelne Hallenbauteile beschriftet, demontiert und eingelagert; genaue Masse unbekannt | ja | nein | Beschriften, sorgfältig demontieren, einlagern, 1:1 wieder aufbauen | Eignung durch Spezialisten geprüft | Tragfähigkeit, Robustheit, Brandschutz | Resttragfähigkeit, Demontage, Lagerung","rule_medium","label_50p_has_bauteilprofil_component_profile",""
"reuse_einsatz/Juch_Areal_Recyclingzentrum_Zuerich__002__Betonplatten_aus_Kerenzerbergtunnel","has_bauteilebene","bauteilebene/Oberflaechenschicht","Betonplatten aus Kerenzerbergtunnel | Beton / Faserbeton nach Stadt-Studie | Sicherheitsstollen Kerenzerbergtunnel | Tunnel-/Stollenplatten | Fundationen, Bodenbeläge, Hallenboden | Menge unbekannt | ja/als Platte/Boden | nein | Ausbau, Prüfung, Transport, Neuverlegung | Eignung durch Spezialisten geprüft | Tragfähigkeit, Ebenheit, Dauerhaftigkeit, Frost/Tausalz ggf. | Gewicht, Transport, Plattenzustand","rule_high","label_50p_has_bauteilprofil_component_profile",""
"reuse_einsatz/Juch_Areal_Recyclingzentrum_Zuerich__002__Betonplatten_aus_Kerenzerbergtunnel","has_bauteilzustand","bauteilzustand/Geprueft","Betonplatten aus Kerenzerbergtunnel | Beton / Faserbeton nach Stadt-Studie | Sicherheitsstollen Kerenzerbergtunnel | Tunnel-/Stollenplatten | Fundationen, Bodenbeläge, Hallenboden | Menge unbekannt | ja/als Platte/Boden | nein | Ausbau, Prüfung, Transport, Neuverlegung | Eignung durch Spezialisten geprüft | Tragfähigkeit, Ebenheit, Dauerhaftigkeit, Frost/Tausalz ggf. | Gewicht, Transport, Plattenzustand","rule_medium","label_50p_has_bauteilprofil_component_profile",""
"reuse_einsatz/Juch_Areal_Recyclingzentrum_Zuerich__002__Betonplatten_aus_Kerenzerbergtunnel","has_funktionswechsel","funktionswechsel/Neue_Funktion","Betonplatten aus Kerenzerbergtunnel | Beton / Faserbeton nach Stadt-Studie | Sicherheitsstollen Kerenzerbergtunnel | Tunnel-/Stollenplatten | Fundationen, Bodenbeläge, Hallenboden | Menge unbekannt | ja/als Platte/Boden | nein | Ausbau, Prüfung, Transport, Neuverlegung | Eignung durch Spezialisten geprüft | Tragfähigkeit, Ebenheit, Dauerhaftigkeit, Frost/Tausalz ggf. | Gewicht, Transport, Plattenzustand","rule_medium","label_50p_has_bauteilprofil_component_profile",""
"reuse_einsatz/Juch_Areal_Recyclingzentrum_Zuerich__002__Betonplatten_aus_Kerenzerbergtunnel","has_funktionswechsel","funktionswechsel/Konstruktive_Funktion","Betonplatten aus Kerenzerbergtunnel | Beton / Faserbeton nach Stadt-Studie | Sicherheitsstollen Kerenzerbergtunnel | Tunnel-/Stollenplatten | Fundationen, Bodenbeläge, Hallenboden | Menge unbekannt | ja/als Platte/Boden | nein | Ausbau, Prüfung, Transport, Neuverlegung | Eignung durch Spezialisten geprüft | Tragfähigkeit, Ebenheit, Dauerhaftigkeit, Frost/Tausalz ggf. | Gewicht, Transport, Plattenzustand","rule_medium","label_50p_has_bauteilprofil_component_profile",""
"reuse_einsatz/Juch_Areal_Recyclingzentrum_Zuerich__003__Beton_Pilzst_tzen_mit_Deckenelementen","has_bauteilebene","bauteilebene/System","Beton-Pilzstützen mit Deckenelementen | Beton/Stahlbeton | Schellinghalle Rümlang | Tragstruktur | geplante Wiederverwendung im Projektkontext | ja | nein | Beschaffung, Prüfung, Vorbereitung zum Wiedereinbau | in Stadt-Studie als Fallbeispiel dokumentiert | Tragfähigkeit | Anschluss und Resttragfähigkeit","rule_medium","label_50p_has_bauteilprofil_component_profile",""
"reuse_einsatz/Juch_Areal_Recyclingzentrum_Zuerich__003__Beton_Pilzst_tzen_mit_Deckenelementen","has_bauteilzustand","bauteilzustand/Geprueft","Beton-Pilzstützen mit Deckenelementen | Beton/Stahlbeton | Schellinghalle Rümlang | Tragstruktur | geplante Wiederverwendung im Projektkontext | ja | nein | Beschaffung, Prüfung, Vorbereitung zum Wiedereinbau | in Stadt-Studie als Fallbeispiel dokumentiert | Tragfähigkeit | Anschluss und Resttragfähigkeit","rule_medium","label_50p_has_bauteilprofil_component_profile",""
"reuse_einsatz/Juch_Areal_Recyclingzentrum_Zuerich__003__Beton_Pilzst_tzen_mit_Deckenelementen","has_funktionswechsel","funktionswechsel/Neue_Funktion","Beton-Pilzstützen mit Deckenelementen | Beton/Stahlbeton | Schellinghalle Rümlang | Tragstruktur | geplante Wiederverwendung im Projektkontext | ja | nein | Beschaffung, Prüfung, Vorbereitung zum Wiedereinbau | in Stadt-Studie als Fallbeispiel dokumentiert | Tragfähigkeit | Anschluss und Resttragfähigkeit","rule_medium","label_50p_has_bauteilprofil_component_profile",""
"reuse_einsatz/Juch_Areal_Recyclingzentrum_Zuerich__003__Beton_Pilzst_tzen_mit_Deckenelementen","has_funktionswechsel","funktionswechsel/Konstruktive_Funktion","Beton-Pilzstützen mit Deckenelementen | Beton/Stahlbeton | Schellinghalle Rümlang | Tragstruktur | geplante Wiederverwendung im Projektkontext | ja | nein | Beschaffung, Prüfung, Vorbereitung zum Wiedereinbau | in Stadt-Studie als Fallbeispiel dokumentiert | Tragfähigkeit | Anschluss und Resttragfähigkeit","rule_medium","label_50p_has_bauteilprofil_component_profile",""
"reuse_einsatz/Juch_Areal_Recyclingzentrum_Zuerich__004__Stahltr_ger_und_Trapezbleche_Dach","has_bauteilebene","bauteilebene/System","Stahlträger und Trapezbleche Dach | Stahl / Trapezblech | zurückgebaute Recyclinghalle Hagenholz | Dachtragwerk / Dachdeckung | Dach-/Hallenelemente im Neubau | Stahlträger: ja; Trapezblech: Hülle/Dach | nein | Demontage, Einlagerung, Wiedereinbau | Eignung geprüft | Tragfähigkeit, Witterung, Brand | Korrosion, Dichtheit","rule_medium","label_50p_has_bauteilprofil_component_profile",""
"reuse_einsatz/Juch_Areal_Recyclingzentrum_Zuerich__004__Stahltr_ger_und_Trapezbleche_Dach","has_bauteilzustand","bauteilzustand/Geprueft","Stahlträger und Trapezbleche Dach | Stahl / Trapezblech | zurückgebaute Recyclinghalle Hagenholz | Dachtragwerk / Dachdeckung | Dach-/Hallenelemente im Neubau | Stahlträger: ja; Trapezblech: Hülle/Dach | nein | Demontage, Einlagerung, Wiedereinbau | Eignung geprüft | Tragfähigkeit, Witterung, Brand | Korrosion, Dichtheit","rule_medium","label_50p_has_bauteilprofil_component_profile",""
"reuse_einsatz/Juch_Areal_Recyclingzentrum_Zuerich__004__Stahltr_ger_und_Trapezbleche_Dach","has_funktionswechsel","funktionswechsel/Gleiche_Funktion","Stahlträger und Trapezbleche Dach | Stahl / Trapezblech | zurückgebaute Recyclinghalle Hagenholz | Dachtragwerk / Dachdeckung | Dach-/Hallenelemente im Neubau | Stahlträger: ja; Trapezblech: Hülle/Dach | nein | Demontage, Einlagerung, Wiedereinbau | Eignung geprüft | Tragfähigkeit, Witterung, Brand | Korrosion, Dichtheit","rule_high","label_50p_has_bauteilprofil_component_profile",""
"reuse_einsatz/Juch_Areal_Recyclingzentrum_Zuerich__004__Stahltr_ger_und_Trapezbleche_Dach","has_funktionswechsel","funktionswechsel/Konstruktive_Funktion","Stahlträger und Trapezbleche Dach | Stahl / Trapezblech | zurückgebaute Recyclinghalle Hagenholz | Dachtragwerk / Dachdeckung | Dach-/Hallenelemente im Neubau | Stahlträger: ja; Trapezblech: Hülle/Dach | nein | Demontage, Einlagerung, Wiedereinbau | Eignung geprüft | Tragfähigkeit, Witterung, Brand | Korrosion, Dichtheit","rule_medium","label_50p_has_bauteilprofil_component_profile",""
"reuse_einsatz/Juch_Areal_Recyclingzentrum_Zuerich__005__Bauteilkatalog_Elemente","has_bauteilebene","bauteilebene/Bauteilgruppe","Bauteilkatalog-Elemente | verschiedene | städtische Liegenschaften | verschiedene | Wettbewerbs-/Planungsressource | Erfassung/Katalogisierung | je Bauteil | Verfügbarkeit während Planung","rule_medium","label_50p_has_bauteilprofil_component_profile",""
"reuse_einsatz/Juch_Areal_Recyclingzentrum_Zuerich__006__Betriebsgeb_ude","has_bauteilebene","bauteilebene/Gebaeudeteil","Betriebsgebäude | neue + gebrauchte Elemente | Juch-Areal + Reuse-Bauteile | Verwaltungs-/Personalbereich | ja/unklar | technisch: ja | Wärme/Brand/Schall | beheizte Hülle aus Reuse-Bauteilen anspruchsvoll","rule_medium","label_50p_has_bauteilprofil_component_profile",""
"reuse_einsatz/Juch_Areal_Recyclingzentrum_Zuerich__006__Betriebsgeb_ude","has_funktionswechsel","funktionswechsel/Unbekannt","Betriebsgebäude | neue + gebrauchte Elemente | Juch-Areal + Reuse-Bauteile | Verwaltungs-/Personalbereich | ja/unklar | technisch: ja | Wärme/Brand/Schall | beheizte Hülle aus Reuse-Bauteilen anspruchsvoll","rule_low","label_50p_has_bauteilprofil_component_profile",""
"reuse_einsatz/Juch_Areal_Recyclingzentrum_Zuerich__008__vertikaler_Pflanzenfilter_B_ume","has_funktionswechsel","funktionswechsel/Neue_Funktion","vertikaler Pflanzenfilter / Bäume | Pflanzen | Baumschulware / „Ware“ | Bäume/Pflanzen | Biodiversität/Luftqualität | nein | technisch: teils | Umpflanzung | Pflege | zählt nicht als Bauteilreuse","rule_medium","label_50p_has_bauteilprofil_component_profile",""
"reuse_einsatz/K118_Kopfbau_Halle_118_Winterthur__001__Stahltr_ger_St_tzen","has_bauteilebene","bauteilebene/System","Stahlträger / Stützen | Stahl | Teilrückbau Halle ELYS Basel | Tragwerk Halle | Tragwerk Aufstockung | ja | nein | Demontage, Katalogisierung, Wiedereinbau | Tragfähigkeit, Stabilität | statischer Nachweis, Geometrie","rule_medium","label_50p_has_bauteilprofil_component_profile",""
"reuse_einsatz/K118_Kopfbau_Halle_118_Winterthur__001__Stahltr_ger_St_tzen","has_funktionswechsel","funktionswechsel/Gleiche_Funktion","Stahlträger / Stützen | Stahl | Teilrückbau Halle ELYS Basel | Tragwerk Halle | Tragwerk Aufstockung | ja | nein | Demontage, Katalogisierung, Wiedereinbau | Tragfähigkeit, Stabilität | statischer Nachweis, Geometrie","rule_high","label_50p_has_bauteilprofil_component_profile",""
"reuse_einsatz/K118_Kopfbau_Halle_118_Winterthur__001__Stahltr_ger_St_tzen","has_funktionswechsel","funktionswechsel/Konstruktive_Funktion","Stahlträger / Stützen | Stahl | Teilrückbau Halle ELYS Basel | Tragwerk Halle | Tragwerk Aufstockung | ja | nein | Demontage, Katalogisierung, Wiedereinbau | Tragfähigkeit, Stabilität | statischer Nachweis, Geometrie","rule_medium","label_50p_has_bauteilprofil_component_profile",""
"reuse_einsatz/K118_Kopfbau_Halle_118_Winterthur__002__Profilbleche_Verbunddecken","has_funktionswechsel","funktionswechsel/Gleiche_Funktion","Profilbleche Verbunddecken | Stahlblech | Rückbauquellen | Deckenelement | Verbunddecken/Deckenaufbau | ja/teilweise | nein | Ausbau/Wiedereinbau | Tragfähigkeit/Brandschutz","rule_high","label_50p_has_bauteilprofil_component_profile",""
"reuse_einsatz/K118_Kopfbau_Halle_118_Winterthur__002__Profilbleche_Verbunddecken","has_funktionswechsel","funktionswechsel/Konstruktive_Funktion","Profilbleche Verbunddecken | Stahlblech | Rückbauquellen | Deckenelement | Verbunddecken/Deckenaufbau | ja/teilweise | nein | Ausbau/Wiedereinbau | Tragfähigkeit/Brandschutz","rule_medium","label_50p_has_bauteilprofil_component_profile",""
"reuse_einsatz/K118_Kopfbau_Halle_118_Winterthur__003__Externe_Treppe","has_bauteilebene","bauteilebene/Einzelbauteil","Externe Treppe | feuerverzinkter Stahl | Orion office building Zürich | Fluchttreppe / Außentreppe | Erschließung K.118 | ca. 22 m Höhe | ja/teilweise | nein | geringe Anpassungen; Geländerfüllungen ergänzt | Zustand offensichtlich ausreichend; genaue Prüfung unbekannt | Absturzsicherung, Fluchtweg | Podeste bestimmen Geschosshöhen","rule_medium","label_50p_has_bauteilprofil_component_profile",""
"reuse_einsatz/K118_Kopfbau_Halle_118_Winterthur__003__Externe_Treppe","has_funktionswechsel","funktionswechsel/Gleiche_Funktion","Externe Treppe | feuerverzinkter Stahl | Orion office building Zürich | Fluchttreppe / Außentreppe | Erschließung K.118 | ca. 22 m Höhe | ja/teilweise | nein | geringe Anpassungen; Geländerfüllungen ergänzt | Zustand offensichtlich ausreichend; genaue Prüfung unbekannt | Absturzsicherung, Fluchtweg | Podeste bestimmen Geschosshöhen","rule_high","label_50p_has_bauteilprofil_component_profile",""
"reuse_einsatz/K118_Kopfbau_Halle_118_Winterthur__004__Fenster","has_bauteilebene","bauteilebene/Bauteilgruppe","Fenster | Glas/Metall/Holz unbekannt | Rückbau / Restposten | Fenster | Fenster | nein | nein | Ausbau, Anpassung | Wärme, Luftdichtheit, Schall | Leistungsnachweis","rule_medium","label_50p_has_bauteilprofil_component_profile",""
"reuse_einsatz/K118_Kopfbau_Halle_118_Winterthur__004__Fenster","has_funktionswechsel","funktionswechsel/Gleiche_Funktion","Fenster | Glas/Metall/Holz unbekannt | Rückbau / Restposten | Fenster | Fenster | nein | nein | Ausbau, Anpassung | Wärme, Luftdichtheit, Schall | Leistungsnachweis","rule_high","label_50p_has_bauteilprofil_component_profile",""
"reuse_einsatz/K118_Kopfbau_Halle_118_Winterthur__005__Fassadenbleche_Profilbleche","has_bauteilebene","bauteilebene/Oberflaechenschicht","Fassadenbleche / Profilbleche | Metall | Rückbauquellen | Dach/Fassade/Blechbekleidung | Außenbekleidung | nein | nein | Zuschnitt, Montage | Witterungsschutz | Maß-/Farbheterogenität","rule_high","label_50p_has_bauteilprofil_component_profile",""
"reuse_einsatz/K118_Kopfbau_Halle_118_Winterthur__005__Fassadenbleche_Profilbleche","has_funktionswechsel","funktionswechsel/Gleiche_Funktion","Fassadenbleche / Profilbleche | Metall | Rückbauquellen | Dach/Fassade/Blechbekleidung | Außenbekleidung | nein | nein | Zuschnitt, Montage | Witterungsschutz | Maß-/Farbheterogenität","rule_high","label_50p_has_bauteilprofil_component_profile",""
"reuse_einsatz/K118_Kopfbau_Halle_118_Winterthur__005__Fassadenbleche_Profilbleche","has_funktionswechsel","funktionswechsel/Konstruktive_Funktion","Fassadenbleche / Profilbleche | Metall | Rückbauquellen | Dach/Fassade/Blechbekleidung | Außenbekleidung | nein | nein | Zuschnitt, Montage | Witterungsschutz | Maß-/Farbheterogenität","rule_medium","label_50p_has_bauteilprofil_component_profile",""
"reuse_einsatz/K118_Kopfbau_Halle_118_Winterthur__006__EPS_D_mmung","has_funktionswechsel","funktionswechsel/Gleiche_Funktion","EPS-Dämmung | EPS | Rückbau/Reststücke | Dämmung | Dämmung | nein | nein | Sortierung, Zuschnitt | Wärmeschutz, Brandschutz | Leistungsnachweis","rule_high","label_50p_has_bauteilprofil_component_profile",""
"reuse_einsatz/K118_Kopfbau_Halle_118_Winterthur__006__EPS_D_mmung","has_funktionswechsel","funktionswechsel/Konstruktive_Funktion","EPS-Dämmung | EPS | Rückbau/Reststücke | Dämmung | Dämmung | nein | nein | Sortierung, Zuschnitt | Wärmeschutz, Brandschutz | Leistungsnachweis","rule_medium","label_50p_has_bauteilprofil_component_profile",""
"reuse_einsatz/K118_Kopfbau_Halle_118_Winterthur__007__Holzdachelemente","has_bauteilebene","bauteilebene/Gebaeudeteil","Holzdachelemente | Holz | Rückbauquellen | Dach | Dach/Innenausbau | teilweise | nein | Anpassung | Tragfähigkeit/Wärmeschutz | Klebstoffe/Materialqualität","rule_medium","label_50p_has_bauteilprofil_component_profile",""
"reuse_einsatz/K118_Kopfbau_Halle_118_Winterthur__007__Holzdachelemente","has_funktionswechsel","funktionswechsel/Gleiche_Funktion","Holzdachelemente | Holz | Rückbauquellen | Dach | Dach/Innenausbau | teilweise | nein | Anpassung | Tragfähigkeit/Wärmeschutz | Klebstoffe/Materialqualität","rule_high","label_50p_has_bauteilprofil_component_profile",""
"reuse_einsatz/K118_Kopfbau_Halle_118_Winterthur__007__Holzdachelemente","has_funktionswechsel","funktionswechsel/Konstruktive_Funktion","Holzdachelemente | Holz | Rückbauquellen | Dach | Dach/Innenausbau | teilweise | nein | Anpassung | Tragfähigkeit/Wärmeschutz | Klebstoffe/Materialqualität","rule_medium","label_50p_has_bauteilprofil_component_profile",""
"reuse_einsatz/K118_Kopfbau_Halle_118_Winterthur__008__T_ren","has_bauteilebene","bauteilebene/Bauteilgruppe","Türen | Holz/Metall unbekannt | Rückbau | Türen | Türen | nein | nein | Anpassung | Brand/Schall | Zulassung","rule_medium","label_50p_has_bauteilprofil_component_profile",""
"reuse_einsatz/K118_Kopfbau_Halle_118_Winterthur__008__T_ren","has_funktionswechsel","funktionswechsel/Gleiche_Funktion","Türen | Holz/Metall unbekannt | Rückbau | Türen | Türen | nein | nein | Anpassung | Brand/Schall | Zulassung","rule_high","label_50p_has_bauteilprofil_component_profile",""
"reuse_einsatz/K118_Kopfbau_Halle_118_Winterthur__009__Dreischichtplatten_Holzplatten","has_bauteilebene","bauteilebene/Bauteilgruppe","Dreischichtplatten / Holzplatten | Holzwerkstoff | Bühnenbau laut ArchDaily | Bühnen-/Ausbauteile | Innenwände / Ausbau | nein | nein | Zuschnitt, Wiedereinbau | Innenraumqualität | Klebstoffe","rule_medium","label_50p_has_bauteilprofil_component_profile",""
"reuse_einsatz/K118_Kopfbau_Halle_118_Winterthur__009__Dreischichtplatten_Holzplatten","has_funktionswechsel","funktionswechsel/Neue_Funktion","Dreischichtplatten / Holzplatten | Holzwerkstoff | Bühnenbau laut ArchDaily | Bühnen-/Ausbauteile | Innenwände / Ausbau | nein | nein | Zuschnitt, Wiedereinbau | Innenraumqualität | Klebstoffe","rule_medium","label_50p_has_bauteilprofil_component_profile",""
"reuse_einsatz/K118_Kopfbau_Halle_118_Winterthur__009__Dreischichtplatten_Holzplatten","has_funktionswechsel","funktionswechsel/Konstruktive_Funktion","Dreischichtplatten / Holzplatten | Holzwerkstoff | Bühnenbau laut ArchDaily | Bühnen-/Ausbauteile | Innenwände / Ausbau | nein | nein | Zuschnitt, Wiedereinbau | Innenraumqualität | Klebstoffe","rule_medium","label_50p_has_bauteilprofil_component_profile",""
"reuse_einsatz/K118_Kopfbau_Halle_118_Winterthur__010__Naturstein_Granitplatten","has_bauteilebene","bauteilebene/Oberflaechenschicht","Naturstein-/Granitplatten | Stein | Rückbauquellen | Platten/Belag | Boden/Belag | nein | nein | Reinigung, Zuschnitt | Rutschfestigkeit, Belastung | Maßtoleranzen","rule_high","label_50p_has_bauteilprofil_component_profile",""
"reuse_einsatz/K118_Kopfbau_Halle_118_Winterthur__010__Naturstein_Granitplatten","has_funktionswechsel","funktionswechsel/Gleiche_Funktion","Naturstein-/Granitplatten | Stein | Rückbauquellen | Platten/Belag | Boden/Belag | nein | nein | Reinigung, Zuschnitt | Rutschfestigkeit, Belastung | Maßtoleranzen","rule_high","label_50p_has_bauteilprofil_component_profile",""
"reuse_einsatz/K118_Kopfbau_Halle_118_Winterthur__010__Naturstein_Granitplatten","has_funktionswechsel","funktionswechsel/Konstruktive_Funktion","Naturstein-/Granitplatten | Stein | Rückbauquellen | Platten/Belag | Boden/Belag | nein | nein | Reinigung, Zuschnitt | Rutschfestigkeit, Belastung | Maßtoleranzen","rule_medium","label_50p_has_bauteilprofil_component_profile",""
"reuse_einsatz/K118_Kopfbau_Halle_118_Winterthur__011__Klinker_Backstein","has_bauteilebene","bauteilebene/Oberflaechenschicht","Klinker / Backstein | Keramik | Rückbauquellen | Mauerwerk | Wand/Belag | nein | Reinigung | Dauerhaftigkeit | Mörtelreste/Bruch","rule_high","label_50p_has_bauteilprofil_component_profile",""
"reuse_einsatz/K118_Kopfbau_Halle_118_Winterthur__011__Klinker_Backstein","has_funktionswechsel","funktionswechsel/Neue_Funktion","Klinker / Backstein | Keramik | Rückbauquellen | Mauerwerk | Wand/Belag | nein | Reinigung | Dauerhaftigkeit | Mörtelreste/Bruch","rule_medium","label_50p_has_bauteilprofil_component_profile",""
"reuse_einsatz/K118_Kopfbau_Halle_118_Winterthur__011__Klinker_Backstein","has_funktionswechsel","funktionswechsel/Konstruktive_Funktion","Klinker / Backstein | Keramik | Rückbauquellen | Mauerwerk | Wand/Belag | nein | Reinigung | Dauerhaftigkeit | Mörtelreste/Bruch","rule_medium","label_50p_has_bauteilprofil_component_profile",""
"reuse_einsatz/KA13_Kristian_Augusts_gate_13_Oslo__001__Hohlk_rperdecken_hollow_core_slabs","has_bauteilebene","bauteilebene/Bauteilgruppe","Hohlkörperdecken / hollow-core slabs | Stahlbeton/Spannbeton | Regjeringsbygg R4 / government quarter Oslo | Geschossdecken | Deckenelemente / floor separators in oberen Geschossen der Erweiterung | 21 Elemente; ca. 160 m²; 6,5 m Länge, 1,2 m Breite laut Thesis | ja | nein | Demontage, Reinigung, Tests, Zuschnitt | Site investigations/lab tests; SINTEF laut Thesis | Tragfähigkeit, Gebrauchstauglichkeit | Demontage, Tests, Transport, Kosten","rule_medium","label_50p_has_bauteilprofil_component_profile",""
"reuse_einsatz/KA13_Kristian_Augusts_gate_13_Oslo__001__Hohlk_rperdecken_hollow_core_slabs","has_bauteilzustand","bauteilzustand/Geprueft","Hohlkörperdecken / hollow-core slabs | Stahlbeton/Spannbeton | Regjeringsbygg R4 / government quarter Oslo | Geschossdecken | Deckenelemente / floor separators in oberen Geschossen der Erweiterung | 21 Elemente; ca. 160 m²; 6,5 m Länge, 1,2 m Breite laut Thesis | ja | nein | Demontage, Reinigung, Tests, Zuschnitt | Site investigations/lab tests; SINTEF laut Thesis | Tragfähigkeit, Gebrauchstauglichkeit | Demontage, Tests, Transport, Kosten","rule_medium","label_50p_has_bauteilprofil_component_profile",""
"reuse_einsatz/KA13_Kristian_Augusts_gate_13_Oslo__001__Hohlk_rperdecken_hollow_core_slabs","has_funktionswechsel","funktionswechsel/Gleiche_Funktion","Hohlkörperdecken / hollow-core slabs | Stahlbeton/Spannbeton | Regjeringsbygg R4 / government quarter Oslo | Geschossdecken | Deckenelemente / floor separators in oberen Geschossen der Erweiterung | 21 Elemente; ca. 160 m²; 6,5 m Länge, 1,2 m Breite laut Thesis | ja | nein | Demontage, Reinigung, Tests, Zuschnitt | Site investigations/lab tests; SINTEF laut Thesis | Tragfähigkeit, Gebrauchstauglichkeit | Demontage, Tests, Transport, Kosten","rule_high","label_50p_has_bauteilprofil_component_profile",""
"reuse_einsatz/KA13_Kristian_Augusts_gate_13_Oslo__001__Hohlk_rperdecken_hollow_core_slabs","has_funktionswechsel","funktionswechsel/Konstruktive_Funktion","Hohlkörperdecken / hollow-core slabs | Stahlbeton/Spannbeton | Regjeringsbygg R4 / government quarter Oslo | Geschossdecken | Deckenelemente / floor separators in oberen Geschossen der Erweiterung | 21 Elemente; ca. 160 m²; 6,5 m Länge, 1,2 m Breite laut Thesis | ja | nein | Demontage, Reinigung, Tests, Zuschnitt | Site investigations/lab tests; SINTEF laut Thesis | Tragfähigkeit, Gebrauchstauglichkeit | Demontage, Tests, Transport, Kosten","rule_medium","label_50p_has_bauteilprofil_component_profile",""
"reuse_einsatz/KA13_Kristian_Augusts_gate_13_Oslo__002__Stahltr_ger_st_tzen_reused","has_bauteilebene","bauteilebene/System","Stahlträger/-stützen reused | Stahl | teils Bestand, teils donor/surplus; genaue Quellen unbekannt | Tragwerk | Tragwerk/Erweiterung | ca. 75 % Stahl reused laut Norden | ja | nein | Tragfähigkeit | Dokumentation/Regelwerk","rule_medium","label_50p_has_bauteilprofil_component_profile",""
"reuse_einsatz/KA13_Kristian_Augusts_gate_13_Oslo__002__Stahltr_ger_st_tzen_reused","has_funktionswechsel","funktionswechsel/Gleiche_Funktion","Stahlträger/-stützen reused | Stahl | teils Bestand, teils donor/surplus; genaue Quellen unbekannt | Tragwerk | Tragwerk/Erweiterung | ca. 75 % Stahl reused laut Norden | ja | nein | Tragfähigkeit | Dokumentation/Regelwerk","rule_high","label_50p_has_bauteilprofil_component_profile",""
"reuse_einsatz/KA13_Kristian_Augusts_gate_13_Oslo__002__Stahltr_ger_st_tzen_reused","has_funktionswechsel","funktionswechsel/Konstruktive_Funktion","Stahlträger/-stützen reused | Stahl | teils Bestand, teils donor/surplus; genaue Quellen unbekannt | Tragwerk | Tragwerk/Erweiterung | ca. 75 % Stahl reused laut Norden | ja | nein | Tragfähigkeit | Dokumentation/Regelwerk","rule_medium","label_50p_has_bauteilprofil_component_profile",""
"reuse_einsatz/KA13_Kristian_Augusts_gate_13_Oslo__005__Fassadenbekleidung_concrete_plates_and_brick","has_bauteilebene","bauteilebene/Oberflaechenschicht","Fassadenbekleidung / concrete plates and brick | Beton/Backstein | donor oder Bestand, genaue Herkunft unbekannt | Fassade | Fassade | nein | nein | Witterung, Brandschutz | passende Mengen/Qualität","rule_high","label_50p_has_bauteilprofil_component_profile",""
"reuse_einsatz/KA13_Kristian_Augusts_gate_13_Oslo__005__Fassadenbekleidung_concrete_plates_and_brick","has_funktionswechsel","funktionswechsel/Gleiche_Funktion","Fassadenbekleidung / concrete plates and brick | Beton/Backstein | donor oder Bestand, genaue Herkunft unbekannt | Fassade | Fassade | nein | nein | Witterung, Brandschutz | passende Mengen/Qualität","rule_high","label_50p_has_bauteilprofil_component_profile",""
"reuse_einsatz/KA13_Kristian_Augusts_gate_13_Oslo__005__Fassadenbekleidung_concrete_plates_and_brick","has_funktionswechsel","funktionswechsel/Konstruktive_Funktion","Fassadenbekleidung / concrete plates and brick | Beton/Backstein | donor oder Bestand, genaue Herkunft unbekannt | Fassade | Fassade | nein | nein | Witterung, Brandschutz | passende Mengen/Qualität","rule_medium","label_50p_has_bauteilprofil_component_profile",""
"reuse_einsatz/KA13_Kristian_Augusts_gate_13_Oslo__006__Radiatoren","has_funktionswechsel","funktionswechsel/Gleiche_Funktion","Radiatoren | Metall | Bestand und/oder donor buildings | Heizung | Heizung | nein | ja | Ausbau, Wiedereinbau unbekannt | Heizleistung/Dichtheit | technische Gewährleistung","rule_high","label_50p_has_bauteilprofil_component_profile",""
"reuse_einsatz/KA13_Kristian_Augusts_gate_13_Oslo__006__Radiatoren","has_funktionswechsel","funktionswechsel/Technische_Funktion","Radiatoren | Metall | Bestand und/oder donor buildings | Heizung | Heizung | nein | ja | Ausbau, Wiedereinbau unbekannt | Heizleistung/Dichtheit | technische Gewährleistung","rule_medium","label_50p_has_bauteilprofil_component_profile",""
"reuse_einsatz/KA13_Kristian_Augusts_gate_13_Oslo__007__Sanit_r_Waschbecken_Toiletten","has_bauteilebene","bauteilebene/Bauteilgruppe","Sanitär: Waschbecken, Toiletten | Keramik/Metall | donor/Bestand unbekannt | Sanitär | Sanitär | nein | ja | Reinigung, Ausbau, Wiedereinbau | Hygiene, Dichtheit | Hygiene/Gewährleistung","rule_medium","label_50p_has_bauteilprofil_component_profile",""
"reuse_einsatz/KA13_Kristian_Augusts_gate_13_Oslo__007__Sanit_r_Waschbecken_Toiletten","has_funktionswechsel","funktionswechsel/Gleiche_Funktion","Sanitär: Waschbecken, Toiletten | Keramik/Metall | donor/Bestand unbekannt | Sanitär | Sanitär | nein | ja | Reinigung, Ausbau, Wiedereinbau | Hygiene, Dichtheit | Hygiene/Gewährleistung","rule_high","label_50p_has_bauteilprofil_component_profile",""
"reuse_einsatz/KA13_Kristian_Augusts_gate_13_Oslo__007__Sanit_r_Waschbecken_Toiletten","has_funktionswechsel","funktionswechsel/Technische_Funktion","Sanitär: Waschbecken, Toiletten | Keramik/Metall | donor/Bestand unbekannt | Sanitär | Sanitär | nein | ja | Reinigung, Ausbau, Wiedereinbau | Hygiene, Dichtheit | Hygiene/Gewährleistung","rule_medium","label_50p_has_bauteilprofil_component_profile",""
"reuse_einsatz/KA13_Kristian_Augusts_gate_13_Oslo__008__L_ftungskan_le_ducts_and_pipes","has_funktionswechsel","funktionswechsel/Gleiche_Funktion","Lüftungskanäle / ducts and pipes | Metall/Kunststoff | donor/Bestand unbekannt | TGA | TGA | nein | ja | Reinigung/Anpassung unbekannt | Luftmenge, Hygiene | Passgenauigkeit","rule_high","label_50p_has_bauteilprofil_component_profile",""
"reuse_einsatz/KA13_Kristian_Augusts_gate_13_Oslo__008__L_ftungskan_le_ducts_and_pipes","has_funktionswechsel","funktionswechsel/Technische_Funktion","Lüftungskanäle / ducts and pipes | Metall/Kunststoff | donor/Bestand unbekannt | TGA | TGA | nein | ja | Reinigung/Anpassung unbekannt | Luftmenge, Hygiene | Passgenauigkeit","rule_medium","label_50p_has_bauteilprofil_component_profile",""
"reuse_einsatz/KA13_Kristian_Augusts_gate_13_Oslo__009__Office_fronts_Innenverglasung","has_funktionswechsel","funktionswechsel/Gleiche_Funktion","Office fronts / Innenverglasung | Glas/Alu/Stahl unbekannt | donor/Bestand | Bürofront | Bürofront/Innenraumtrennung | nein | nein | Anpassung | Schall/Brand unbekannt | Maße/Performance","rule_high","label_50p_has_bauteilprofil_component_profile",""
"reuse_einsatz/KA13_Kristian_Augusts_gate_13_Oslo__009__Office_fronts_Innenverglasung","has_funktionswechsel","funktionswechsel/Konstruktive_Funktion","Office fronts / Innenverglasung | Glas/Alu/Stahl unbekannt | donor/Bestand | Bürofront | Bürofront/Innenraumtrennung | nein | nein | Anpassung | Schall/Brand unbekannt | Maße/Performance","rule_medium","label_50p_has_bauteilprofil_component_profile",""
"reuse_einsatz/KA13_Kristian_Augusts_gate_13_Oslo__010__T_ren","has_bauteilebene","bauteilebene/Bauteilgruppe","Türen | Holz/Metall/Glas unbekannt | donor/Bestand | Türen | Türen | nein | nein | Anpassung | Brandschutz/Schall/Fluchtweg | Nachweis","rule_medium","label_50p_has_bauteilprofil_component_profile",""
"reuse_einsatz/KA13_Kristian_Augusts_gate_13_Oslo__010__T_ren","has_funktionswechsel","funktionswechsel/Gleiche_Funktion","Türen | Holz/Metall/Glas unbekannt | donor/Bestand | Türen | Türen | nein | nein | Anpassung | Brandschutz/Schall/Fluchtweg | Nachweis","rule_high","label_50p_has_bauteilprofil_component_profile",""
"reuse_einsatz/KA13_Kristian_Augusts_gate_13_Oslo__010__T_ren","has_funktionswechsel","funktionswechsel/Konstruktive_Funktion","Türen | Holz/Metall/Glas unbekannt | donor/Bestand | Türen | Türen | nein | nein | Anpassung | Brandschutz/Schall/Fluchtweg | Nachweis","rule_medium","label_50p_has_bauteilprofil_component_profile",""
"reuse_einsatz/Kamikatsu_Zero_Waste_Center_Hotel_WHY__001__Fassadenfenster","has_bauteilebene","bauteilebene/Gebaeudeteil","Fassadenfenster | Glas/Holz/Metall, gemischt | von lokalen Einwohnern / alten Gebäuden gespendet | Fenster in Häusern/Altbauten | Fassade / Patchwork-Glashülle | ca. 700 Stück | nein | nein | gesammelt, sortiert, in neue Holzrahmen integriert | Wetterschutz, Wind, Luftdichtheit, Sicherheit, Brandschutz | heterogene Maße und Zustände","rule_medium","label_50p_has_bauteilprofil_component_profile",""
"reuse_einsatz/Kamikatsu_Zero_Waste_Center_Hotel_WHY__001__Fassadenfenster","has_funktionswechsel","funktionswechsel/Neue_Funktion","Fassadenfenster | Glas/Holz/Metall, gemischt | von lokalen Einwohnern / alten Gebäuden gespendet | Fenster in Häusern/Altbauten | Fassade / Patchwork-Glashülle | ca. 700 Stück | nein | nein | gesammelt, sortiert, in neue Holzrahmen integriert | Wetterschutz, Wind, Luftdichtheit, Sicherheit, Brandschutz | heterogene Maße und Zustände","rule_high","label_50p_has_bauteilprofil_component_profile",""
"reuse_einsatz/Kamikatsu_Zero_Waste_Center_Hotel_WHY__001__Fassadenfenster","has_funktionswechsel","funktionswechsel/Konstruktive_Funktion","Fassadenfenster | Glas/Holz/Metall, gemischt | von lokalen Einwohnern / alten Gebäuden gespendet | Fenster in Häusern/Altbauten | Fassade / Patchwork-Glashülle | ca. 700 Stück | nein | nein | gesammelt, sortiert, in neue Holzrahmen integriert | Wetterschutz, Wind, Luftdichtheit, Sicherheit, Brandschutz | heterogene Maße und Zustände","rule_medium","label_50p_has_bauteilprofil_component_profile",""
"reuse_einsatz/Kamikatsu_Zero_Waste_Center_Hotel_WHY__002__Hotel_ffnungen","has_bauteilebene","bauteilebene/Bauteilgruppe","Hotelöffnungen | alte Shoji-Schirme und Glastüren | alte Häuser / Spenden | Innen-/Außentüren, Shoji | raumhohe Fenster/Öffnungen in Hotelzimmern | nein | nein | Anpassung an Hotelräume | Sicherheit, Schallschutz, Wärmeschutz | Maße, Dichtung, Glasqualität","rule_medium","label_50p_has_bauteilprofil_component_profile",""
"reuse_einsatz/Kamikatsu_Zero_Waste_Center_Hotel_WHY__002__Hotel_ffnungen","has_funktionswechsel","funktionswechsel/Neue_Funktion","Hotelöffnungen | alte Shoji-Schirme und Glastüren | alte Häuser / Spenden | Innen-/Außentüren, Shoji | raumhohe Fenster/Öffnungen in Hotelzimmern | nein | nein | Anpassung an Hotelräume | Sicherheit, Schallschutz, Wärmeschutz | Maße, Dichtung, Glasqualität","rule_high","label_50p_has_bauteilprofil_component_profile",""
"reuse_einsatz/Kamikatsu_Zero_Waste_Center_Hotel_WHY__002__Hotel_ffnungen","has_funktionswechsel","funktionswechsel/Konstruktive_Funktion","Hotelöffnungen | alte Shoji-Schirme und Glastüren | alte Häuser / Spenden | Innen-/Außentüren, Shoji | raumhohe Fenster/Öffnungen in Hotelzimmern | nein | nein | Anpassung an Hotelräume | Sicherheit, Schallschutz, Wärmeschutz | Maße, Dichtung, Glasqualität","rule_medium","label_50p_has_bauteilprofil_component_profile",""
"reuse_einsatz/Kamikatsu_Zero_Waste_Center_Hotel_WHY__003__Terrazzo_M_rtelboden_Reuse_Shop","has_funktionswechsel","funktionswechsel/Neue_Funktion","Terrazzo-/Mörtelboden Reuse Shop | Glas- und Keramikscherben, Geschirr | gespendete/gebrochene Glas- und Keramikteile | Geschirr / Abfallmaterial | Bodenaggregat | nein | nein | zu Cullets/Scherben verarbeitet, in Mörtel/Terrazzo eingebracht | Abrieb, Rutschhemmung, Reinigung | aus Material wird Bauprodukt","rule_medium","label_50p_has_bauteilprofil_component_profile",""
"reuse_einsatz/Kamikatsu_Zero_Waste_Center_Hotel_WHY__003__Terrazzo_M_rtelboden_Reuse_Shop","has_funktionswechsel","funktionswechsel/Konstruktive_Funktion","Terrazzo-/Mörtelboden Reuse Shop | Glas- und Keramikscherben, Geschirr | gespendete/gebrochene Glas- und Keramikteile | Geschirr / Abfallmaterial | Bodenaggregat | nein | nein | zu Cullets/Scherben verarbeitet, in Mörtel/Terrazzo eingebracht | Abrieb, Rutschhemmung, Reinigung | aus Material wird Bauprodukt","rule_medium","label_50p_has_bauteilprofil_component_profile",""
"reuse_einsatz/Kamikatsu_Zero_Waste_Center_Hotel_WHY__004__Mosaikboden_Community_Hall","has_bauteilebene","bauteilebene/Oberflaechenschicht","Mosaikboden Community Hall | ausrangierte Fliesen | Spenden / Rückbau unbekannt | Wand-/Bodenfliesen | Bodenbelag | nein | nein | zufällige Verlegung unterschiedlicher Formen/Farben | Abrieb, Rutschhemmung | heterogene Fliesenstärken","rule_high","label_50p_has_bauteilprofil_component_profile",""
"reuse_einsatz/Kamikatsu_Zero_Waste_Center_Hotel_WHY__004__Mosaikboden_Community_Hall","has_funktionswechsel","funktionswechsel/Gleiche_Funktion","Mosaikboden Community Hall | ausrangierte Fliesen | Spenden / Rückbau unbekannt | Wand-/Bodenfliesen | Bodenbelag | nein | nein | zufällige Verlegung unterschiedlicher Formen/Farben | Abrieb, Rutschhemmung | heterogene Fliesenstärken","rule_high","label_50p_has_bauteilprofil_component_profile",""
"reuse_einsatz/Kamikatsu_Zero_Waste_Center_Hotel_WHY__004__Mosaikboden_Community_Hall","has_funktionswechsel","funktionswechsel/Konstruktive_Funktion","Mosaikboden Community Hall | ausrangierte Fliesen | Spenden / Rückbau unbekannt | Wand-/Bodenfliesen | Bodenbelag | nein | nein | zufällige Verlegung unterschiedlicher Formen/Farben | Abrieb, Rutschhemmung | heterogene Fliesenstärken","rule_medium","label_50p_has_bauteilprofil_component_profile",""
"reuse_einsatz/Kamikatsu_Zero_Waste_Center_Hotel_WHY__005__Fliesen_unter_Traufe_Regenf_nger_Rand","has_bauteilebene","bauteilebene/Oberflaechenschicht","Fliesen unter Traufe / Regenfänger-Rand | alte Fliesen | von Einwohner bei Leerhausauflösung eingebracht | Fliesen | Randmaterial unter Eaves / Rain catchers | nein | nein | neu verlegt | Feuchte, Frost, Ablauf | Materialvielfalt","rule_high","label_50p_has_bauteilprofil_component_profile",""
"reuse_einsatz/Kamikatsu_Zero_Waste_Center_Hotel_WHY__005__Fliesen_unter_Traufe_Regenf_nger_Rand","has_funktionswechsel","funktionswechsel/Neue_Funktion","Fliesen unter Traufe / Regenfänger-Rand | alte Fliesen | von Einwohner bei Leerhausauflösung eingebracht | Fliesen | Randmaterial unter Eaves / Rain catchers | nein | nein | neu verlegt | Feuchte, Frost, Ablauf | Materialvielfalt","rule_medium","label_50p_has_bauteilprofil_component_profile",""
"reuse_einsatz/Kamikatsu_Zero_Waste_Center_Hotel_WHY__006__Au_enwand_Receiving_wall_Elemente","has_bauteilebene","bauteilebene/Bauteilgruppe","Außenwand-/Receiving-wall-Elemente | alte Rathauswandteile | altes Rathaus, vor Abriss | Wand | exterior receiving wall | nein | übernommen/upcycled | Stabilität, Feuchte | konstruktive Integration","rule_medium","label_50p_has_bauteilprofil_component_profile",""
"reuse_einsatz/Kamikatsu_Zero_Waste_Center_Hotel_WHY__006__Au_enwand_Receiving_wall_Elemente","has_funktionswechsel","funktionswechsel/Gleiche_Funktion","Außenwand-/Receiving-wall-Elemente | alte Rathauswandteile | altes Rathaus, vor Abriss | Wand | exterior receiving wall | nein | übernommen/upcycled | Stabilität, Feuchte | konstruktive Integration","rule_high","label_50p_has_bauteilprofil_component_profile",""
"reuse_einsatz/Kamikatsu_Zero_Waste_Center_Hotel_WHY__006__Au_enwand_Receiving_wall_Elemente","has_funktionswechsel","funktionswechsel/Konstruktive_Funktion","Außenwand-/Receiving-wall-Elemente | alte Rathauswandteile | altes Rathaus, vor Abriss | Wand | exterior receiving wall | nein | übernommen/upcycled | Stabilität, Feuchte | konstruktive Integration","rule_medium","label_50p_has_bauteilprofil_component_profile",""
"reuse_einsatz/Kindergarten_Moeoeslistrasse_Manegg_Zuerich__001__Au_entreppe","has_bauteilebene","bauteilebene/Einzelbauteil","Außentreppe | Stahl, weitere Materialien unbekannt | Rückbauobjekt, genaue Herkunft unbekannt | Erschließung | sicherer Kindergarten-Zugang | ja/teilweise | nein | Demontage, Transport, Einbau | Tragfähigkeit, Absturzsicherung, Witterung | Maße, Sicherheit","rule_medium","label_50p_has_bauteilprofil_component_profile",""
"reuse_einsatz/Kindergarten_Moeoeslistrasse_Manegg_Zuerich__001__Au_entreppe","has_funktionswechsel","funktionswechsel/Neue_Funktion","Außentreppe | Stahl, weitere Materialien unbekannt | Rückbauobjekt, genaue Herkunft unbekannt | Erschließung | sicherer Kindergarten-Zugang | ja/teilweise | nein | Demontage, Transport, Einbau | Tragfähigkeit, Absturzsicherung, Witterung | Maße, Sicherheit","rule_medium","label_50p_has_bauteilprofil_component_profile",""
"reuse_einsatz/Kindergarten_Moeoeslistrasse_Manegg_Zuerich__001__Au_entreppe","has_funktionswechsel","funktionswechsel/Konstruktive_Funktion","Außentreppe | Stahl, weitere Materialien unbekannt | Rückbauobjekt, genaue Herkunft unbekannt | Erschließung | sicherer Kindergarten-Zugang | ja/teilweise | nein | Demontage, Transport, Einbau | Tragfähigkeit, Absturzsicherung, Witterung | Maße, Sicherheit","rule_medium","label_50p_has_bauteilprofil_component_profile",""
"reuse_einsatz/Kindergarten_Moeoeslistrasse_Manegg_Zuerich__002__Vordach_Pergola","has_bauteilebene","bauteilebene/Gebaeudeteil","Vordach / Pergola | Stahl/Holz | teils Re-Use; Stahlpergola vormals Einkaufswagendepot | Einkaufswagendepot / Wetterschutz unbekannt | Rankhilfe, Sonnenschutz, Wetterschutz | teilweise | nein | Umnutzung, Montage | Witterung, Tragfähigkeit, Befestigung | Funktionswechsel","rule_medium","label_50p_has_bauteilprofil_component_profile",""
"reuse_einsatz/Kindergarten_Moeoeslistrasse_Manegg_Zuerich__002__Vordach_Pergola","has_funktionswechsel","funktionswechsel/Gleiche_Funktion","Vordach / Pergola | Stahl/Holz | teils Re-Use; Stahlpergola vormals Einkaufswagendepot | Einkaufswagendepot / Wetterschutz unbekannt | Rankhilfe, Sonnenschutz, Wetterschutz | teilweise | nein | Umnutzung, Montage | Witterung, Tragfähigkeit, Befestigung | Funktionswechsel","rule_high","label_50p_has_bauteilprofil_component_profile",""
"reuse_einsatz/Kindergarten_Moeoeslistrasse_Manegg_Zuerich__002__Vordach_Pergola","has_funktionswechsel","funktionswechsel/Konstruktive_Funktion","Vordach / Pergola | Stahl/Holz | teils Re-Use; Stahlpergola vormals Einkaufswagendepot | Einkaufswagendepot / Wetterschutz unbekannt | Rankhilfe, Sonnenschutz, Wetterschutz | teilweise | nein | Umnutzung, Montage | Witterung, Tragfähigkeit, Befestigung | Funktionswechsel","rule_medium","label_50p_has_bauteilprofil_component_profile",""
"reuse_einsatz/Kindergarten_Moeoeslistrasse_Manegg_Zuerich__003__Holzst_tzen","has_bauteilebene","bauteilebene/Bauteilgruppe","Holzstützen | Holz | Stütze / Vordach | ja | nein | Tragfähigkeit, Dauerhaftigkeit | Holzschutz","rule_medium","label_50p_has_bauteilprofil_component_profile",""
"reuse_einsatz/Kindergarten_Moeoeslistrasse_Manegg_Zuerich__003__Holzst_tzen","has_funktionswechsel","funktionswechsel/Unbekannt","Holzstützen | Holz | Stütze / Vordach | ja | nein | Tragfähigkeit, Dauerhaftigkeit | Holzschutz","rule_low","label_50p_has_bauteilprofil_component_profile",""
"reuse_einsatz/Kindergarten_Moeoeslistrasse_Manegg_Zuerich__003__Holzst_tzen","has_funktionswechsel","funktionswechsel/Konstruktive_Funktion","Holzstützen | Holz | Stütze / Vordach | ja | nein | Tragfähigkeit, Dauerhaftigkeit | Holzschutz","rule_medium","label_50p_has_bauteilprofil_component_profile",""
"reuse_einsatz/Kindergarten_Moeoeslistrasse_Manegg_Zuerich__004__Stahlkonstruktion_Beschattung","has_funktionswechsel","funktionswechsel/Neue_Funktion","Stahlkonstruktion Beschattung | Stahl | Rückbauobjekt / Einkaufswagendepot für Pergola | Einkaufswagendepot / Stahlstruktur | Befestigung Sonnenschutzsegel / Aussenraumbeschattung | teilweise | nein | Umnutzung | Windlast, Tragfähigkeit | neue Lastannahmen","rule_medium","label_50p_has_bauteilprofil_component_profile",""
"reuse_einsatz/Kindergarten_Moeoeslistrasse_Manegg_Zuerich__004__Stahlkonstruktion_Beschattung","has_funktionswechsel","funktionswechsel/Konstruktive_Funktion","Stahlkonstruktion Beschattung | Stahl | Rückbauobjekt / Einkaufswagendepot für Pergola | Einkaufswagendepot / Stahlstruktur | Befestigung Sonnenschutzsegel / Aussenraumbeschattung | teilweise | nein | Umnutzung | Windlast, Tragfähigkeit | neue Lastannahmen","rule_medium","label_50p_has_bauteilprofil_component_profile",""
"reuse_einsatz/Kindergarten_Moeoeslistrasse_Manegg_Zuerich__005__Gel_nder_Br_stungsgel_nder","has_funktionswechsel","funktionswechsel/Neue_Funktion","Geländer / Brüstungsgeländer | Metall | Rückbauobjekt unbekannt | Geländer | Absturzsicherung | nein | nein | Anpassung | Absturzsicherung | Maße/Höhen","rule_medium","label_50p_has_bauteilprofil_component_profile",""
"reuse_einsatz/Kindergarten_Moeoeslistrasse_Manegg_Zuerich__006__Stahltr_ger_Unterz_ge_St_tzen","has_bauteilebene","bauteilebene/System","Stahlträger / Unterzüge / Stützen | Stahl | teils Re-Use; genaue Herkunft unbekannt | Tragwerk unbekannt | Unterzüge nach Wandrückbau | ja | nein | Einbau, ggf. Zuschnitt | Tragfähigkeit, Brandschutz | statischer Nachweis","rule_medium","label_50p_has_bauteilprofil_component_profile",""
"reuse_einsatz/Kindergarten_Moeoeslistrasse_Manegg_Zuerich__006__Stahltr_ger_Unterz_ge_St_tzen","has_funktionswechsel","funktionswechsel/Neue_Funktion","Stahlträger / Unterzüge / Stützen | Stahl | teils Re-Use; genaue Herkunft unbekannt | Tragwerk unbekannt | Unterzüge nach Wandrückbau | ja | nein | Einbau, ggf. Zuschnitt | Tragfähigkeit, Brandschutz | statischer Nachweis","rule_high","label_50p_has_bauteilprofil_component_profile",""
"reuse_einsatz/Kindergarten_Moeoeslistrasse_Manegg_Zuerich__006__Stahltr_ger_Unterz_ge_St_tzen","has_funktionswechsel","funktionswechsel/Konstruktive_Funktion","Stahlträger / Unterzüge / Stützen | Stahl | teils Re-Use; genaue Herkunft unbekannt | Tragwerk unbekannt | Unterzüge nach Wandrückbau | ja | nein | Einbau, ggf. Zuschnitt | Tragfähigkeit, Brandschutz | statischer Nachweis","rule_medium","label_50p_has_bauteilprofil_component_profile",""
"reuse_einsatz/Kindergarten_Moeoeslistrasse_Manegg_Zuerich__007__Brandschutzt_ren","has_bauteilebene","bauteilebene/Bauteilgruppe","Brandschutztüren | Türblatt/Zarge, Material unbekannt | Schulhaus Lavater | Brandschutztür | Brandschutztür 1:1 | nein | nein | 1:1 Wiedereinbau laut Stadt Zürich | Brandschutz, Rauchschutz, Nutzung | Nachweis Klassifizierung","rule_medium","label_50p_has_bauteilprofil_component_profile",""
"reuse_einsatz/Kindergarten_Moeoeslistrasse_Manegg_Zuerich__007__Brandschutzt_ren","has_funktionswechsel","funktionswechsel/Gleiche_Funktion","Brandschutztüren | Türblatt/Zarge, Material unbekannt | Schulhaus Lavater | Brandschutztür | Brandschutztür 1:1 | nein | nein | 1:1 Wiedereinbau laut Stadt Zürich | Brandschutz, Rauchschutz, Nutzung | Nachweis Klassifizierung","rule_high","label_50p_has_bauteilprofil_component_profile",""
"reuse_einsatz/Kindergarten_Moeoeslistrasse_Manegg_Zuerich__007__Brandschutzt_ren","has_funktionswechsel","funktionswechsel/Konstruktive_Funktion","Brandschutztüren | Türblatt/Zarge, Material unbekannt | Schulhaus Lavater | Brandschutztür | Brandschutztür 1:1 | nein | nein | 1:1 Wiedereinbau laut Stadt Zürich | Brandschutz, Rauchschutz, Nutzung | Nachweis Klassifizierung","rule_medium","label_50p_has_bauteilprofil_component_profile",""
"reuse_einsatz/Kindergarten_Moeoeslistrasse_Manegg_Zuerich__008__Akustikelemente_Deckenpaneele","has_bauteilebene","bauteilebene/Bauteilgruppe","Akustikelemente / Deckenpaneele | Rückbauobjekte | Akustik/Decke | Raumakustik Kindergarten | nein | nein | Einbau / Anpassung | Akustik, Brandschutz | Hygiene/Brand","rule_medium","label_50p_has_bauteilprofil_component_profile",""
"reuse_einsatz/Kindergarten_Moeoeslistrasse_Manegg_Zuerich__008__Akustikelemente_Deckenpaneele","has_funktionswechsel","funktionswechsel/Neue_Funktion","Akustikelemente / Deckenpaneele | Rückbauobjekte | Akustik/Decke | Raumakustik Kindergarten | nein | nein | Einbau / Anpassung | Akustik, Brandschutz | Hygiene/Brand","rule_medium","label_50p_has_bauteilprofil_component_profile",""
"reuse_einsatz/Kindergarten_Moeoeslistrasse_Manegg_Zuerich__008__Akustikelemente_Deckenpaneele","has_funktionswechsel","funktionswechsel/Konstruktive_Funktion","Akustikelemente / Deckenpaneele | Rückbauobjekte | Akustik/Decke | Raumakustik Kindergarten | nein | nein | Einbau / Anpassung | Akustik, Brandschutz | Hygiene/Brand","rule_medium","label_50p_has_bauteilprofil_component_profile",""
"reuse_einsatz/Kindergarten_Moeoeslistrasse_Manegg_Zuerich__009__Sanit_rapparate_Lavabos_Toiletten","has_bauteilebene","bauteilebene/Bauteilgruppe","Sanitärapparate / Lavabos / Toiletten | Keramik/Metall | ehemalige Wohnungen / Rückbauquellen | Sanitär | Sanitär Kindergarten | nein | ja | Aufbereitung, neue Anschlüsse | Hygiene, Dichtheit, Barrierefreiheit | Aufbereitung, Gewährleistung","rule_medium","label_50p_has_bauteilprofil_component_profile",""
"reuse_einsatz/Kindergarten_Moeoeslistrasse_Manegg_Zuerich__009__Sanit_rapparate_Lavabos_Toiletten","has_funktionswechsel","funktionswechsel/Gleiche_Funktion","Sanitärapparate / Lavabos / Toiletten | Keramik/Metall | ehemalige Wohnungen / Rückbauquellen | Sanitär | Sanitär Kindergarten | nein | ja | Aufbereitung, neue Anschlüsse | Hygiene, Dichtheit, Barrierefreiheit | Aufbereitung, Gewährleistung","rule_high","label_50p_has_bauteilprofil_component_profile",""
"reuse_einsatz/Kindergarten_Moeoeslistrasse_Manegg_Zuerich__009__Sanit_rapparate_Lavabos_Toiletten","has_funktionswechsel","funktionswechsel/Technische_Funktion","Sanitärapparate / Lavabos / Toiletten | Keramik/Metall | ehemalige Wohnungen / Rückbauquellen | Sanitär | Sanitär Kindergarten | nein | ja | Aufbereitung, neue Anschlüsse | Hygiene, Dichtheit, Barrierefreiheit | Aufbereitung, Gewährleistung","rule_medium","label_50p_has_bauteilprofil_component_profile",""
"reuse_einsatz/Kindergarten_Moeoeslistrasse_Manegg_Zuerich__010__gebrauchte_K_che","has_funktionswechsel","funktionswechsel/Neue_Funktion","gebrauchte Küche | gemischt | Occasions-/Reuse-Bestand, genaue Herkunft unbekannt | Küche | Regenerierküche / feste Einbauten | nein | ja | Reinigung, Einbau, Anschluss | Hygiene, Brandschutz, Elektro | technische Anschlüsse","rule_medium","label_50p_has_bauteilprofil_component_profile",""
"reuse_einsatz/Kindergarten_Moeoeslistrasse_Manegg_Zuerich__010__gebrauchte_K_che","has_funktionswechsel","funktionswechsel/Technische_Funktion","gebrauchte Küche | gemischt | Occasions-/Reuse-Bestand, genaue Herkunft unbekannt | Küche | Regenerierküche / feste Einbauten | nein | ja | Reinigung, Einbau, Anschluss | Hygiene, Brandschutz, Elektro | technische Anschlüsse","rule_medium","label_50p_has_bauteilprofil_component_profile",""
"reuse_einsatz/Kindergarten_Moeoeslistrasse_Manegg_Zuerich__010__gebrauchte_K_che","has_funktionswechsel","funktionswechsel/Konstruktive_Funktion","gebrauchte Küche | gemischt | Occasions-/Reuse-Bestand, genaue Herkunft unbekannt | Küche | Regenerierküche / feste Einbauten | nein | ja | Reinigung, Einbau, Anschluss | Hygiene, Brandschutz, Elektro | technische Anschlüsse","rule_medium","label_50p_has_bauteilprofil_component_profile",""
"reuse_einsatz/Kindergarten_Moeoeslistrasse_Manegg_Zuerich__011__Pflanztr_ge","has_funktionswechsel","funktionswechsel/Neue_Funktion","Pflanztröge | Re-Use | Pflanztröge | Außenraum | nein | nein | Einbau | Dauerhaftigkeit | Transport/Gewicht","rule_medium","label_50p_has_bauteilprofil_component_profile",""
"reuse_einsatz/Liander_Alliander_HQ_Duiven__004__Fassaden_H_llbauteile","has_bauteilebene","bauteilebene/Gebaeudeteil","Fassaden-/Hüllbauteile | Bestand / Donor unbekannt | Fassade | Hülle | nein | nein | Wärmeschutz, Luftdichtheit | Erhalt vs. Reuse unklar","rule_medium","label_50p_has_bauteilprofil_component_profile",""
"reuse_einsatz/Liander_Alliander_HQ_Duiven__004__Fassaden_H_llbauteile","has_funktionswechsel","funktionswechsel/Gleiche_Funktion","Fassaden-/Hüllbauteile | Bestand / Donor unbekannt | Fassade | Hülle | nein | nein | Wärmeschutz, Luftdichtheit | Erhalt vs. Reuse unklar","rule_high","label_50p_has_bauteilprofil_component_profile",""
"reuse_einsatz/Liander_Alliander_HQ_Duiven__004__Fassaden_H_llbauteile","has_funktionswechsel","funktionswechsel/Konstruktive_Funktion","Fassaden-/Hüllbauteile | Bestand / Donor unbekannt | Fassade | Hülle | nein | nein | Wärmeschutz, Luftdichtheit | Erhalt vs. Reuse unklar","rule_medium","label_50p_has_bauteilprofil_component_profile",""
"reuse_einsatz/Lo_Reninge_Town_Hall_Facade__001__Fassadenziegel","has_bauteilebene","bauteilebene/Oberflaechenschicht","Fassadenziegel | Ziegel | unbekannt; Reuse-Ziegel, vermutlich über Reuse-Markt | Mauerwerk/Fassade unbekannt | Fassadenmauerwerk / Hülle der Erweiterung | 205 m² | unbekannt / eher nein | nein | Auswahl, Reinigung und Vermauerung wahrscheinlich; projektspezifisch nicht detailliert | Witterung, Dauerhaftigkeit, Gestaltung | Farb-/Formatpassung, technische Nachweisführung unbekannt","rule_high","label_50p_has_bauteilprofil_component_profile",""
"reuse_einsatz/Lo_Reninge_Town_Hall_Facade__001__Fassadenziegel","has_funktionswechsel","funktionswechsel/Gleiche_Funktion","Fassadenziegel | Ziegel | unbekannt; Reuse-Ziegel, vermutlich über Reuse-Markt | Mauerwerk/Fassade unbekannt | Fassadenmauerwerk / Hülle der Erweiterung | 205 m² | unbekannt / eher nein | nein | Auswahl, Reinigung und Vermauerung wahrscheinlich; projektspezifisch nicht detailliert | Witterung, Dauerhaftigkeit, Gestaltung | Farb-/Formatpassung, technische Nachweisführung unbekannt","rule_high","label_50p_has_bauteilprofil_component_profile",""
"reuse_einsatz/Lo_Reninge_Town_Hall_Facade__001__Fassadenziegel","has_funktionswechsel","funktionswechsel/Konstruktive_Funktion","Fassadenziegel | Ziegel | unbekannt; Reuse-Ziegel, vermutlich über Reuse-Markt | Mauerwerk/Fassade unbekannt | Fassadenmauerwerk / Hülle der Erweiterung | 205 m² | unbekannt / eher nein | nein | Auswahl, Reinigung und Vermauerung wahrscheinlich; projektspezifisch nicht detailliert | Witterung, Dauerhaftigkeit, Gestaltung | Farb-/Formatpassung, technische Nachweisführung unbekannt","rule_medium","label_50p_has_bauteilprofil_component_profile",""
"reuse_einsatz/Lokomotion_Technology_Centre_mini_pilot_Tampere__001__Hohlk_rperdecken","has_funktionswechsel","funktionswechsel/Gleiche_Funktion","Hohlkörperdecken | Spannbeton/Fertigbeton | Bürogebäude aus frühen 1980er Jahren, Tampere-Zentrum | Geschossdecken | Dachdecken in Technikgebäude und Personalräumen | 27 Stück | ja | nein | Werksaufbereitung bei Consolis Parma Nummela | Qualitätssicherung + standortspezifische Zulassung | Tragfähigkeit, Gebrauchstauglichkeit, ggf. Oberfläche/Optik | Integration in Montagefolge/Logistik","rule_high","label_50p_has_bauteilprofil_component_profile",""
"reuse_einsatz/Lokomotion_Technology_Centre_mini_pilot_Tampere__001__Hohlk_rperdecken","has_funktionswechsel","funktionswechsel/Konstruktive_Funktion","Hohlkörperdecken | Spannbeton/Fertigbeton | Bürogebäude aus frühen 1980er Jahren, Tampere-Zentrum | Geschossdecken | Dachdecken in Technikgebäude und Personalräumen | 27 Stück | ja | nein | Werksaufbereitung bei Consolis Parma Nummela | Qualitätssicherung + standortspezifische Zulassung | Tragfähigkeit, Gebrauchstauglichkeit, ggf. Oberfläche/Optik | Integration in Montagefolge/Logistik","rule_medium","label_50p_has_bauteilprofil_component_profile",""
"reuse_einsatz/Lycee_Michel_Lucius_Conversion_Luxembourg__001__Stahlprofile","has_bauteilebene","bauteilebene/System","Stahlprofile | Stahl | Block 3000, Metallrahmen | Tragstruktur Schulflügel | Überdachung neben Esplanade | 11,8 t | ja | nein | selektiver Rückbau, Zuschnitt/Anpassung unbekannt | Tragfähigkeit, Witterung, Sicherheit | Nachweis Altstahl","rule_medium","label_50p_has_bauteilprofil_component_profile",""
"reuse_einsatz/Lycee_Michel_Lucius_Conversion_Luxembourg__001__Stahlprofile","has_funktionswechsel","funktionswechsel/Neue_Funktion","Stahlprofile | Stahl | Block 3000, Metallrahmen | Tragstruktur Schulflügel | Überdachung neben Esplanade | 11,8 t | ja | nein | selektiver Rückbau, Zuschnitt/Anpassung unbekannt | Tragfähigkeit, Witterung, Sicherheit | Nachweis Altstahl","rule_high","label_50p_has_bauteilprofil_component_profile",""
"reuse_einsatz/Lycee_Michel_Lucius_Conversion_Luxembourg__001__Stahlprofile","has_funktionswechsel","funktionswechsel/Konstruktive_Funktion","Stahlprofile | Stahl | Block 3000, Metallrahmen | Tragstruktur Schulflügel | Überdachung neben Esplanade | 11,8 t | ja | nein | selektiver Rückbau, Zuschnitt/Anpassung unbekannt | Tragfähigkeit, Witterung, Sicherheit | Nachweis Altstahl","rule_medium","label_50p_has_bauteilprofil_component_profile",""
"reuse_einsatz/Lycee_Michel_Lucius_Conversion_Luxembourg__002__Blech_aus_B_den","has_bauteilebene","bauteilebene/Oberflaechenschicht","Blech aus Böden | Stahlblech / sheet metal | Böden Block 3000 | Boden-/Deckenelement | Fassadenbekleidung Block 6000 | 61 m² | nein | nein | Bergung; künstlerische Bemalung durch Schüler | Witterung, Befestigung | Oberflächen/Brandschutz","rule_high","label_50p_has_bauteilprofil_component_profile",""
"reuse_einsatz/Lycee_Michel_Lucius_Conversion_Luxembourg__002__Blech_aus_B_den","has_funktionswechsel","funktionswechsel/Neue_Funktion","Blech aus Böden | Stahlblech / sheet metal | Böden Block 3000 | Boden-/Deckenelement | Fassadenbekleidung Block 6000 | 61 m² | nein | nein | Bergung; künstlerische Bemalung durch Schüler | Witterung, Befestigung | Oberflächen/Brandschutz","rule_high","label_50p_has_bauteilprofil_component_profile",""
"reuse_einsatz/Lycee_Michel_Lucius_Conversion_Luxembourg__002__Blech_aus_B_den","has_funktionswechsel","funktionswechsel/Konstruktive_Funktion","Blech aus Böden | Stahlblech / sheet metal | Böden Block 3000 | Boden-/Deckenelement | Fassadenbekleidung Block 6000 | 61 m² | nein | nein | Bergung; künstlerische Bemalung durch Schüler | Witterung, Befestigung | Oberflächen/Brandschutz","rule_medium","label_50p_has_bauteilprofil_component_profile",""
"reuse_einsatz/Lycee_Michel_Lucius_Conversion_Luxembourg__003__Stahlfassadenpaneele","has_bauteilebene","bauteilebene/Bauteilgruppe","Stahlfassadenpaneele | Stahl, teilweise grün lackiert | Fassade Block 3000 | Fassadenpaneel | Geländer an neuer Esplanade | Menge unbekannt | nein | nein | Demontage, Wiedereinbau | Absturzsicherung, Witterung | Zulassung als Geländer","rule_medium","label_50p_has_bauteilprofil_component_profile",""
"reuse_einsatz/Lycee_Michel_Lucius_Conversion_Luxembourg__003__Stahlfassadenpaneele","has_funktionswechsel","funktionswechsel/Neue_Funktion","Stahlfassadenpaneele | Stahl, teilweise grün lackiert | Fassade Block 3000 | Fassadenpaneel | Geländer an neuer Esplanade | Menge unbekannt | nein | nein | Demontage, Wiedereinbau | Absturzsicherung, Witterung | Zulassung als Geländer","rule_medium","label_50p_has_bauteilprofil_component_profile",""
"reuse_einsatz/Lycee_Michel_Lucius_Conversion_Luxembourg__003__Stahlfassadenpaneele","has_funktionswechsel","funktionswechsel/Konstruktive_Funktion","Stahlfassadenpaneele | Stahl, teilweise grün lackiert | Fassade Block 3000 | Fassadenpaneel | Geländer an neuer Esplanade | Menge unbekannt | nein | nein | Demontage, Wiedereinbau | Absturzsicherung, Witterung | Zulassung als Geländer","rule_medium","label_50p_has_bauteilprofil_component_profile",""
"reuse_einsatz/Lycee_Michel_Lucius_Conversion_Luxembourg__004__Akustikpaneele","has_bauteilebene","bauteilebene/Bauteilgruppe","Akustikpaneele | Gips-Akustikpaneele | abgehängte Decken Block 3000 | Decken-/Akustikelement | Akustikelemente in Block 6000 | 419 m² | nein | nein | Demontage, Wiedereinbau | Akustik, Brandschutz | Zustand/Brandschutz","rule_medium","label_50p_has_bauteilprofil_component_profile",""
"reuse_einsatz/Lycee_Michel_Lucius_Conversion_Luxembourg__004__Akustikpaneele","has_funktionswechsel","funktionswechsel/Neue_Funktion","Akustikpaneele | Gips-Akustikpaneele | abgehängte Decken Block 3000 | Decken-/Akustikelement | Akustikelemente in Block 6000 | 419 m² | nein | nein | Demontage, Wiedereinbau | Akustik, Brandschutz | Zustand/Brandschutz","rule_medium","label_50p_has_bauteilprofil_component_profile",""
"reuse_einsatz/Lycee_Michel_Lucius_Conversion_Luxembourg__004__Akustikpaneele","has_funktionswechsel","funktionswechsel/Konstruktive_Funktion","Akustikpaneele | Gips-Akustikpaneele | abgehängte Decken Block 3000 | Decken-/Akustikelement | Akustikelemente in Block 6000 | 419 m² | nein | nein | Demontage, Wiedereinbau | Akustik, Brandschutz | Zustand/Brandschutz","rule_medium","label_50p_has_bauteilprofil_component_profile",""
"reuse_einsatz/Lycee_Michel_Lucius_Conversion_Luxembourg__005__Metall_Deckenpaneele","has_bauteilebene","bauteilebene/Bauteilgruppe","Metall-Deckenpaneele | Metall | abgehängte Decken Block 3000 | Deckenpaneele | Wiedereinbau Block 6000 | 12 Stück / 4,3 m² | nein | nein | Demontage/Wiedereinbau | Akustik/Decke","rule_medium","label_50p_has_bauteilprofil_component_profile",""
"reuse_einsatz/Lycee_Michel_Lucius_Conversion_Luxembourg__005__Metall_Deckenpaneele","has_funktionswechsel","funktionswechsel/Neue_Funktion","Metall-Deckenpaneele | Metall | abgehängte Decken Block 3000 | Deckenpaneele | Wiedereinbau Block 6000 | 12 Stück / 4,3 m² | nein | nein | Demontage/Wiedereinbau | Akustik/Decke","rule_medium","label_50p_has_bauteilprofil_component_profile",""
"reuse_einsatz/Lycee_Michel_Lucius_Conversion_Luxembourg__005__Metall_Deckenpaneele","has_funktionswechsel","funktionswechsel/Konstruktive_Funktion","Metall-Deckenpaneele | Metall | abgehängte Decken Block 3000 | Deckenpaneele | Wiedereinbau Block 6000 | 12 Stück / 4,3 m² | nein | nein | Demontage/Wiedereinbau | Akustik/Decke","rule_medium","label_50p_has_bauteilprofil_component_profile",""
"reuse_einsatz/Lycee_Michel_Lucius_Conversion_Luxembourg__006__Stra_enpflasterplatten","has_bauteilebene","bauteilebene/Oberflaechenschicht","Straßenpflasterplatten | Beton/Stein, unbekannt | unbekannt / geliefert von Landschaftsbaufirma | Straßenbelag | Außenanlagen und Fahrradbereich | 135 m² | nein | nein | Demontage, Verpackung, Lieferung, Wiedereinbau | Bodenbelastung, Rutschfestigkeit | Logistik","rule_high","label_50p_has_bauteilprofil_component_profile",""
"reuse_einsatz/Lycee_Michel_Lucius_Conversion_Luxembourg__006__Stra_enpflasterplatten","has_funktionswechsel","funktionswechsel/Neue_Funktion","Straßenpflasterplatten | Beton/Stein, unbekannt | unbekannt / geliefert von Landschaftsbaufirma | Straßenbelag | Außenanlagen und Fahrradbereich | 135 m² | nein | nein | Demontage, Verpackung, Lieferung, Wiedereinbau | Bodenbelastung, Rutschfestigkeit | Logistik","rule_medium","label_50p_has_bauteilprofil_component_profile",""
"reuse_einsatz/Lycee_Michel_Lucius_Conversion_Luxembourg__006__Stra_enpflasterplatten","has_funktionswechsel","funktionswechsel/Konstruktive_Funktion","Straßenpflasterplatten | Beton/Stein, unbekannt | unbekannt / geliefert von Landschaftsbaufirma | Straßenbelag | Außenanlagen und Fahrradbereich | 135 m² | nein | nein | Demontage, Verpackung, Lieferung, Wiedereinbau | Bodenbelastung, Rutschfestigkeit | Logistik","rule_medium","label_50p_has_bauteilprofil_component_profile",""
"reuse_einsatz/Lycee_Michel_Lucius_Conversion_Luxembourg__007__Fertigbetonelemente_als_Rinnen","has_bauteilebene","bauteilebene/Bauteilgruppe","Fertigbetonelemente als Rinnen | Betonfertigteile | Bauarbeiten / Bestand | Kanäle/Rinnen | 38 Stück | nein/teilweise | technisch/Entwässerung | Bergung/Wiedereinbau | Entwässerung, Dauerhaftigkeit","rule_medium","label_50p_has_bauteilprofil_component_profile",""
"reuse_einsatz/Lycee_Michel_Lucius_Conversion_Luxembourg__007__Fertigbetonelemente_als_Rinnen","has_funktionswechsel","funktionswechsel/Unbekannt","Fertigbetonelemente als Rinnen | Betonfertigteile | Bauarbeiten / Bestand | Kanäle/Rinnen | 38 Stück | nein/teilweise | technisch/Entwässerung | Bergung/Wiedereinbau | Entwässerung, Dauerhaftigkeit","rule_low","label_50p_has_bauteilprofil_component_profile",""
"reuse_einsatz/Maison_DnA_Asse__001__u_ere_Ziegelw_nde","has_bauteilebene","bauteilebene/Bauteilgruppe","äußere Ziegelwände | wiederverwendeter Ziegel | dauerhafte äußere Struktur / „intelligent ruin“ | ja / teilweise belegt | nein | Reinigung/Aufbereitung unbekannt | Tragfähigkeit, Dauerhaftigkeit, Witterung | Qualität/Herkunft der Ziegel","rule_medium","label_50p_has_bauteilprofil_component_profile",""
"reuse_einsatz/Maison_DnA_Asse__001__u_ere_Ziegelw_nde","has_funktionswechsel","funktionswechsel/Unbekannt","äußere Ziegelwände | wiederverwendeter Ziegel | dauerhafte äußere Struktur / „intelligent ruin“ | ja / teilweise belegt | nein | Reinigung/Aufbereitung unbekannt | Tragfähigkeit, Dauerhaftigkeit, Witterung | Qualität/Herkunft der Ziegel","rule_low","label_50p_has_bauteilprofil_component_profile",""
"reuse_einsatz/Maison_DnA_Asse__001__u_ere_Ziegelw_nde","has_funktionswechsel","funktionswechsel/Konstruktive_Funktion","äußere Ziegelwände | wiederverwendeter Ziegel | dauerhafte äußere Struktur / „intelligent ruin“ | ja / teilweise belegt | nein | Reinigung/Aufbereitung unbekannt | Tragfähigkeit, Dauerhaftigkeit, Witterung | Qualität/Herkunft der Ziegel","rule_medium","label_50p_has_bauteilprofil_component_profile",""
"reuse_einsatz/Maison_Vignette_Auderghem__001__Fassaden_Claustra_Ziegel","has_bauteilebene","bauteilebene/Oberflaechenschicht","Fassaden-Claustra-Ziegel | Large/Grote Boomse Steen, Ziegel 205 x 55 x 100 mm | Franck Bricks / lokaler Reuse-Händler | Mauerwerksziegel unbekannt | vordere Fassaden-Claustra | 3.000 Stück / 36 m² | nicht als tragend belegt | nein | Auswahl/Reinigung unbekannt | Hülle, Dauerhaftigkeit, Ausdruck | Format/Verfügbarkeit","rule_high","label_50p_has_bauteilprofil_component_profile",""
"reuse_einsatz/Maison_Vignette_Auderghem__001__Fassaden_Claustra_Ziegel","has_funktionswechsel","funktionswechsel/Neue_Funktion","Fassaden-Claustra-Ziegel | Large/Grote Boomse Steen, Ziegel 205 x 55 x 100 mm | Franck Bricks / lokaler Reuse-Händler | Mauerwerksziegel unbekannt | vordere Fassaden-Claustra | 3.000 Stück / 36 m² | nicht als tragend belegt | nein | Auswahl/Reinigung unbekannt | Hülle, Dauerhaftigkeit, Ausdruck | Format/Verfügbarkeit","rule_medium","label_50p_has_bauteilprofil_component_profile",""
"reuse_einsatz/Maison_Vignette_Auderghem__001__Fassaden_Claustra_Ziegel","has_funktionswechsel","funktionswechsel/Dekorative_Funktion","Fassaden-Claustra-Ziegel | Large/Grote Boomse Steen, Ziegel 205 x 55 x 100 mm | Franck Bricks / lokaler Reuse-Händler | Mauerwerksziegel unbekannt | vordere Fassaden-Claustra | 3.000 Stück / 36 m² | nicht als tragend belegt | nein | Auswahl/Reinigung unbekannt | Hülle, Dauerhaftigkeit, Ausdruck | Format/Verfügbarkeit","rule_medium","label_50p_has_bauteilprofil_component_profile",""
"reuse_einsatz/Maison_Vignette_Auderghem__001__Fassaden_Claustra_Ziegel","has_funktionswechsel","funktionswechsel/Konstruktive_Funktion","Fassaden-Claustra-Ziegel | Large/Grote Boomse Steen, Ziegel 205 x 55 x 100 mm | Franck Bricks / lokaler Reuse-Händler | Mauerwerksziegel unbekannt | vordere Fassaden-Claustra | 3.000 Stück / 36 m² | nicht als tragend belegt | nein | Auswahl/Reinigung unbekannt | Hülle, Dauerhaftigkeit, Ausdruck | Format/Verfügbarkeit","rule_medium","label_50p_has_bauteilprofil_component_profile",""
"reuse_einsatz/Maison_Vignette_Auderghem__003__Wandfliesen","has_bauteilebene","bauteilebene/Oberflaechenschicht","Wandfliesen | Stein / geschnittene Platte, aus Solvay-Gebäude | Rotor DC | Wand-/Innenbekleidung | Wandfliesen Sanitär/Innenraum | 21 m² | nein | nein | Demontage/Reinigung unbekannt | Feuchte, Reinigung | passende Menge","rule_high","label_50p_has_bauteilprofil_component_profile",""
"reuse_einsatz/Maison_Vignette_Auderghem__003__Wandfliesen","has_funktionswechsel","funktionswechsel/Gleiche_Funktion","Wandfliesen | Stein / geschnittene Platte, aus Solvay-Gebäude | Rotor DC | Wand-/Innenbekleidung | Wandfliesen Sanitär/Innenraum | 21 m² | nein | nein | Demontage/Reinigung unbekannt | Feuchte, Reinigung | passende Menge","rule_high","label_50p_has_bauteilprofil_component_profile",""
"reuse_einsatz/Maison_Vignette_Auderghem__003__Wandfliesen","has_funktionswechsel","funktionswechsel/Konstruktive_Funktion","Wandfliesen | Stein / geschnittene Platte, aus Solvay-Gebäude | Rotor DC | Wand-/Innenbekleidung | Wandfliesen Sanitär/Innenraum | 21 m² | nein | nein | Demontage/Reinigung unbekannt | Feuchte, Reinigung | passende Menge","rule_medium","label_50p_has_bauteilprofil_component_profile",""
"reuse_einsatz/Maison_Vignette_Auderghem__004__Bodenfliesen","has_bauteilebene","bauteilebene/Oberflaechenschicht","Bodenfliesen | Terrakotta | Rotor DC | Bodenbelag | Bodenbelag | 13,5 m² | nein | nein | Reinigung unbekannt | Abrieb, Reinigung | Chargen-/Maßvarianz","rule_high","label_50p_has_bauteilprofil_component_profile",""
"reuse_einsatz/Maison_Vignette_Auderghem__004__Bodenfliesen","has_funktionswechsel","funktionswechsel/Gleiche_Funktion","Bodenfliesen | Terrakotta | Rotor DC | Bodenbelag | Bodenbelag | 13,5 m² | nein | nein | Reinigung unbekannt | Abrieb, Reinigung | Chargen-/Maßvarianz","rule_high","label_50p_has_bauteilprofil_component_profile",""
"reuse_einsatz/Maison_Vignette_Auderghem__004__Bodenfliesen","has_funktionswechsel","funktionswechsel/Konstruktive_Funktion","Bodenfliesen | Terrakotta | Rotor DC | Bodenbelag | Bodenbelag | 13,5 m² | nein | nein | Reinigung unbekannt | Abrieb, Reinigung | Chargen-/Maßvarianz","rule_medium","label_50p_has_bauteilprofil_component_profile",""
"reuse_einsatz/Maison_Vignette_Auderghem__005__Blausteinplatten","has_bauteilebene","bauteilebene/Bauteilgruppe","Blausteinplatten | Pierre bleue / Blaustein | 2emain.be Kleinanzeigen | Boden-/Außenplatten unbekannt | Eingangshalle und Terrasse | 40 m² | nein | nein | Sortieren/Zuschneiden unbekannt | Außen-/Innenbelag, Dauerhaftigkeit | informelle Beschaffung","rule_medium","label_50p_has_bauteilprofil_component_profile",""
"reuse_einsatz/Maison_Vignette_Auderghem__005__Blausteinplatten","has_funktionswechsel","funktionswechsel/Neue_Funktion","Blausteinplatten | Pierre bleue / Blaustein | 2emain.be Kleinanzeigen | Boden-/Außenplatten unbekannt | Eingangshalle und Terrasse | 40 m² | nein | nein | Sortieren/Zuschneiden unbekannt | Außen-/Innenbelag, Dauerhaftigkeit | informelle Beschaffung","rule_medium","label_50p_has_bauteilprofil_component_profile",""
"reuse_einsatz/Maison_Vignette_Auderghem__006__Sanit_robjekte","has_bauteilebene","bauteilebene/Bauteilgruppe","Sanitärobjekte | Keramik/Metall unbekannt | Rotor DC | Sanitär | Bäder/Atelierbecken | Menge nicht vollständig; SDB-Becken, Vasques, Atelierbecken | nein | ja | Reinigung/Funktionsprüfung unbekannt | Hygiene, Dichtheit, Wartung | Hygiene/Kompatibilität","rule_medium","label_50p_has_bauteilprofil_component_profile",""
"reuse_einsatz/Maison_Vignette_Auderghem__006__Sanit_robjekte","has_funktionswechsel","funktionswechsel/Neue_Funktion","Sanitärobjekte | Keramik/Metall unbekannt | Rotor DC | Sanitär | Bäder/Atelierbecken | Menge nicht vollständig; SDB-Becken, Vasques, Atelierbecken | nein | ja | Reinigung/Funktionsprüfung unbekannt | Hygiene, Dichtheit, Wartung | Hygiene/Kompatibilität","rule_medium","label_50p_has_bauteilprofil_component_profile",""
"reuse_einsatz/Maison_Vignette_Auderghem__006__Sanit_robjekte","has_funktionswechsel","funktionswechsel/Technische_Funktion","Sanitärobjekte | Keramik/Metall unbekannt | Rotor DC | Sanitär | Bäder/Atelierbecken | Menge nicht vollständig; SDB-Becken, Vasques, Atelierbecken | nein | ja | Reinigung/Funktionsprüfung unbekannt | Hygiene, Dichtheit, Wartung | Hygiene/Kompatibilität","rule_medium","label_50p_has_bauteilprofil_component_profile",""
"reuse_einsatz/Maison_des_Canaux_Paris__001__T_ren","has_bauteilebene","bauteilebene/Bauteilgruppe","Türen | Holz/Metall unbekannt | Reuse-Quellen unbekannt | Tür | Tür / Raumabschluss | nein | nein | Reinigung, Anpassung möglich, nicht belegt | Brandschutz, Barrierefreiheit, Schallschutz je nach Einsatz | Maße / Nachweise","rule_medium","label_50p_has_bauteilprofil_component_profile",""
"reuse_einsatz/Maison_des_Canaux_Paris__001__T_ren","has_funktionswechsel","funktionswechsel/Gleiche_Funktion","Türen | Holz/Metall unbekannt | Reuse-Quellen unbekannt | Tür | Tür / Raumabschluss | nein | nein | Reinigung, Anpassung möglich, nicht belegt | Brandschutz, Barrierefreiheit, Schallschutz je nach Einsatz | Maße / Nachweise","rule_high","label_50p_has_bauteilprofil_component_profile",""
"reuse_einsatz/Maison_des_Canaux_Paris__001__T_ren","has_funktionswechsel","funktionswechsel/Konstruktive_Funktion","Türen | Holz/Metall unbekannt | Reuse-Quellen unbekannt | Tür | Tür / Raumabschluss | nein | nein | Reinigung, Anpassung möglich, nicht belegt | Brandschutz, Barrierefreiheit, Schallschutz je nach Einsatz | Maße / Nachweise","rule_medium","label_50p_has_bauteilprofil_component_profile",""
"reuse_einsatz/Maison_des_Canaux_Paris__003__Sanit_rkeramik_Sanit_rteile","has_bauteilebene","bauteilebene/Bauteilgruppe","Sanitärkeramik / Sanitärteile | Keramik / Metall | Sanitärobjekt | Sanitärinstallation | nein | ja | Reinigung / Prüfung möglich | Hygiene, Dichtheit, Trinkwasser | Gewährleistung / Hygiene","rule_medium","label_50p_has_bauteilprofil_component_profile",""
"reuse_einsatz/Maison_des_Canaux_Paris__003__Sanit_rkeramik_Sanit_rteile","has_funktionswechsel","funktionswechsel/Gleiche_Funktion","Sanitärkeramik / Sanitärteile | Keramik / Metall | Sanitärobjekt | Sanitärinstallation | nein | ja | Reinigung / Prüfung möglich | Hygiene, Dichtheit, Trinkwasser | Gewährleistung / Hygiene","rule_high","label_50p_has_bauteilprofil_component_profile",""
"reuse_einsatz/Mehrow_Pilot_House__001__Wandplatten","has_bauteilebene","bauteilebene/Bauteilgruppe","Wandplatten | Stahlbetonfertigteil / WBS70 | Marzahner Plattenbau | Innen-/Wandbauteile | Wände / Raumstruktur | 22 Stück | ja | nein | Demontage, Reinigung, ggf. Anpassung | Tragfähigkeit, Schallschutz, Brandschutz | Anschlüsse, bauaufsichtlicher Nachweis","rule_medium","label_50p_has_bauteilprofil_component_profile",""
"reuse_einsatz/Mehrow_Pilot_House__001__Wandplatten","has_funktionswechsel","funktionswechsel/Gleiche_Funktion","Wandplatten | Stahlbetonfertigteil / WBS70 | Marzahner Plattenbau | Innen-/Wandbauteile | Wände / Raumstruktur | 22 Stück | ja | nein | Demontage, Reinigung, ggf. Anpassung | Tragfähigkeit, Schallschutz, Brandschutz | Anschlüsse, bauaufsichtlicher Nachweis","rule_high","label_50p_has_bauteilprofil_component_profile",""
"reuse_einsatz/Mehrow_Pilot_House__001__Wandplatten","has_funktionswechsel","funktionswechsel/Konstruktive_Funktion","Wandplatten | Stahlbetonfertigteil / WBS70 | Marzahner Plattenbau | Innen-/Wandbauteile | Wände / Raumstruktur | 22 Stück | ja | nein | Demontage, Reinigung, ggf. Anpassung | Tragfähigkeit, Schallschutz, Brandschutz | Anschlüsse, bauaufsichtlicher Nachweis","rule_medium","label_50p_has_bauteilprofil_component_profile",""
"reuse_einsatz/Mehrow_Pilot_House__002__Deckenplatten","has_bauteilebene","bauteilebene/Bauteilgruppe","Deckenplatten | Stahlbetonfertigteil / WBS70 | Marzahner Plattenbau | Geschossdecke | Decke / Dach? | 27 Stück | ja | nein | Demontage, Reinigung | Biegung, Durchbiegung, Brandschutz | Transportgewicht, Montage","rule_medium","label_50p_has_bauteilprofil_component_profile",""
"reuse_einsatz/Mehrow_Pilot_House__002__Deckenplatten","has_funktionswechsel","funktionswechsel/Gleiche_Funktion","Deckenplatten | Stahlbetonfertigteil / WBS70 | Marzahner Plattenbau | Geschossdecke | Decke / Dach? | 27 Stück | ja | nein | Demontage, Reinigung | Biegung, Durchbiegung, Brandschutz | Transportgewicht, Montage","rule_high","label_50p_has_bauteilprofil_component_profile",""
"reuse_einsatz/Mehrow_Pilot_House__002__Deckenplatten","has_funktionswechsel","funktionswechsel/Konstruktive_Funktion","Deckenplatten | Stahlbetonfertigteil / WBS70 | Marzahner Plattenbau | Geschossdecke | Decke / Dach? | 27 Stück | ja | nein | Demontage, Reinigung | Biegung, Durchbiegung, Brandschutz | Transportgewicht, Montage","rule_medium","label_50p_has_bauteilprofil_component_profile",""
"reuse_einsatz/Mehrow_Pilot_House__003__Betonvolumen_gesamt","has_bauteilebene","bauteilebene/System","Betonvolumen gesamt | Stahlbeton | WBS70 | Wand/Decke | Tragwerk Neubau | 118 m³ | ja | nein | Tragfähigkeit | Materialnachweis","rule_medium","label_50p_has_bauteilprofil_component_profile",""
"reuse_einsatz/Mehrow_Pilot_House__003__Betonvolumen_gesamt","has_funktionswechsel","funktionswechsel/Gleiche_Funktion","Betonvolumen gesamt | Stahlbeton | WBS70 | Wand/Decke | Tragwerk Neubau | 118 m³ | ja | nein | Tragfähigkeit | Materialnachweis","rule_high","label_50p_has_bauteilprofil_component_profile",""
"reuse_einsatz/Mehrow_Pilot_House__003__Betonvolumen_gesamt","has_funktionswechsel","funktionswechsel/Konstruktive_Funktion","Betonvolumen gesamt | Stahlbeton | WBS70 | Wand/Decke | Tragwerk Neubau | 118 m³ | ja | nein | Tragfähigkeit | Materialnachweis","rule_medium","label_50p_has_bauteilprofil_component_profile",""
"reuse_einsatz/Melkinlaituri_Primary_School_Daycare_Centre_Helsinki__001__Hohlk_rperdecken","has_bauteilebene","bauteilebene/System","Hohlkörperdecken | Spannbeton/Fertigbeton | Suutarila community centre, Helsinki, Baujahr 1981 | Dachstruktur | Erdgeschoss-/Unterboden-Hohlkörperdecken | 64 Stück; ca. 350 m² nach YIT; fast 400 m² nach Consolis | ja | nein | Reinigung, Kürzen, notwendige Öffnungen/Fittings, Wärmedämmung | Werksprüfungen, Anforderungen erfüllt | Tragfähigkeit, Gebrauchstauglichkeit, Dämmung | enge Terminplanung, Nachweis","rule_medium","label_50p_has_bauteilprofil_component_profile",""
"reuse_einsatz/Melkinlaituri_Primary_School_Daycare_Centre_Helsinki__001__Hohlk_rperdecken","has_bauteilzustand","bauteilzustand/Geprueft","Hohlkörperdecken | Spannbeton/Fertigbeton | Suutarila community centre, Helsinki, Baujahr 1981 | Dachstruktur | Erdgeschoss-/Unterboden-Hohlkörperdecken | 64 Stück; ca. 350 m² nach YIT; fast 400 m² nach Consolis | ja | nein | Reinigung, Kürzen, notwendige Öffnungen/Fittings, Wärmedämmung | Werksprüfungen, Anforderungen erfüllt | Tragfähigkeit, Gebrauchstauglichkeit, Dämmung | enge Terminplanung, Nachweis","rule_medium","label_50p_has_bauteilprofil_component_profile",""
"reuse_einsatz/Melkinlaituri_Primary_School_Daycare_Centre_Helsinki__001__Hohlk_rperdecken","has_funktionswechsel","funktionswechsel/Neue_Funktion","Hohlkörperdecken | Spannbeton/Fertigbeton | Suutarila community centre, Helsinki, Baujahr 1981 | Dachstruktur | Erdgeschoss-/Unterboden-Hohlkörperdecken | 64 Stück; ca. 350 m² nach YIT; fast 400 m² nach Consolis | ja | nein | Reinigung, Kürzen, notwendige Öffnungen/Fittings, Wärmedämmung | Werksprüfungen, Anforderungen erfüllt | Tragfähigkeit, Gebrauchstauglichkeit, Dämmung | enge Terminplanung, Nachweis","rule_high","label_50p_has_bauteilprofil_component_profile",""
"reuse_einsatz/Melkinlaituri_Primary_School_Daycare_Centre_Helsinki__001__Hohlk_rperdecken","has_funktionswechsel","funktionswechsel/Konstruktive_Funktion","Hohlkörperdecken | Spannbeton/Fertigbeton | Suutarila community centre, Helsinki, Baujahr 1981 | Dachstruktur | Erdgeschoss-/Unterboden-Hohlkörperdecken | 64 Stück; ca. 350 m² nach YIT; fast 400 m² nach Consolis | ja | nein | Reinigung, Kürzen, notwendige Öffnungen/Fittings, Wärmedämmung | Werksprüfungen, Anforderungen erfüllt | Tragfähigkeit, Gebrauchstauglichkeit, Dämmung | enge Terminplanung, Nachweis","rule_medium","label_50p_has_bauteilprofil_component_profile",""
"reuse_einsatz/Montessori_Maassluis__001__Hohlk_rperdecken_hollow_core_slabs","has_bauteilebene","bauteilebene/Bauteilgruppe","Hohlkörperdecken / hollow core slabs | Beton/Spannbeton vermutlich | Decken-/Bodenplatten in Donor-Gebäude unbekannt | tragende Decken im Schulneubau | ja | nein | Tragfähigkeit, Gebrauchstauglichkeit, Brandschutz, Schall, Durchbiegung | Herkunft, Qualität, Anschlussdetails","rule_medium","label_50p_has_bauteilprofil_component_profile",""
"reuse_einsatz/Montessori_Maassluis__001__Hohlk_rperdecken_hollow_core_slabs","has_funktionswechsel","funktionswechsel/Gleiche_Funktion","Hohlkörperdecken / hollow core slabs | Beton/Spannbeton vermutlich | Decken-/Bodenplatten in Donor-Gebäude unbekannt | tragende Decken im Schulneubau | ja | nein | Tragfähigkeit, Gebrauchstauglichkeit, Brandschutz, Schall, Durchbiegung | Herkunft, Qualität, Anschlussdetails","rule_high","label_50p_has_bauteilprofil_component_profile",""
"reuse_einsatz/Montessori_Maassluis__001__Hohlk_rperdecken_hollow_core_slabs","has_funktionswechsel","funktionswechsel/Konstruktive_Funktion","Hohlkörperdecken / hollow core slabs | Beton/Spannbeton vermutlich | Decken-/Bodenplatten in Donor-Gebäude unbekannt | tragende Decken im Schulneubau | ja | nein | Tragfähigkeit, Gebrauchstauglichkeit, Brandschutz, Schall, Durchbiegung | Herkunft, Qualität, Anschlussdetails","rule_medium","label_50p_has_bauteilprofil_component_profile",""
"reuse_einsatz/Multi_Brussels_Reuse_in_MULTI__001__Blausteinbl_cke_Fassadenplatten","has_bauteilebene","bauteilebene/Oberflaechenschicht","Blausteinblöcke / Fassadenplatten | Belgischer Blaustein | ursprüngliche Fassade MULTI | Fassadenbekleidung | Terrasse, Wandbekleidung, neue Plinthe / Innenraum | 82 Blöcke bzw. ca. 280 m² / 140 t in Salvage-Bericht | nein | nein | Demontage, Sägen, Remanufacturing, Wiederverlegung | Witterung, Rutschhemmung, Befestigung | Bruchrisiko, Bearbeitung","rule_high","label_50p_has_bauteilprofil_component_profile",""
"reuse_einsatz/Multi_Brussels_Reuse_in_MULTI__001__Blausteinbl_cke_Fassadenplatten","has_funktionswechsel","funktionswechsel/Gleiche_Funktion","Blausteinblöcke / Fassadenplatten | Belgischer Blaustein | ursprüngliche Fassade MULTI | Fassadenbekleidung | Terrasse, Wandbekleidung, neue Plinthe / Innenraum | 82 Blöcke bzw. ca. 280 m² / 140 t in Salvage-Bericht | nein | nein | Demontage, Sägen, Remanufacturing, Wiederverlegung | Witterung, Rutschhemmung, Befestigung | Bruchrisiko, Bearbeitung","rule_high","label_50p_has_bauteilprofil_component_profile",""
"reuse_einsatz/Multi_Brussels_Reuse_in_MULTI__001__Blausteinbl_cke_Fassadenplatten","has_funktionswechsel","funktionswechsel/Konstruktive_Funktion","Blausteinblöcke / Fassadenplatten | Belgischer Blaustein | ursprüngliche Fassade MULTI | Fassadenbekleidung | Terrasse, Wandbekleidung, neue Plinthe / Innenraum | 82 Blöcke bzw. ca. 280 m² / 140 t in Salvage-Bericht | nein | nein | Demontage, Sägen, Remanufacturing, Wiederverlegung | Witterung, Rutschhemmung, Befestigung | Bruchrisiko, Bearbeitung","rule_medium","label_50p_has_bauteilprofil_component_profile",""
"reuse_einsatz/Multi_Brussels_Reuse_in_MULTI__002__Blaustein_Flagstones","has_bauteilebene","bauteilebene/Oberflaechenschicht","Blaustein-Flagstones | Naturstein | Platz in Brügge | Außenbelag | Atriumboden | nein | nein | Bergung, Zuschnitt/Dimensionierung | Bodenbelag | Passung, Muster","rule_high","label_50p_has_bauteilprofil_component_profile",""
"reuse_einsatz/Multi_Brussels_Reuse_in_MULTI__002__Blaustein_Flagstones","has_funktionswechsel","funktionswechsel/Neue_Funktion","Blaustein-Flagstones | Naturstein | Platz in Brügge | Außenbelag | Atriumboden | nein | nein | Bergung, Zuschnitt/Dimensionierung | Bodenbelag | Passung, Muster","rule_high","label_50p_has_bauteilprofil_component_profile",""
"reuse_einsatz/Multi_Brussels_Reuse_in_MULTI__002__Blaustein_Flagstones","has_funktionswechsel","funktionswechsel/Konstruktive_Funktion","Blaustein-Flagstones | Naturstein | Platz in Brügge | Außenbelag | Atriumboden | nein | nein | Bergung, Zuschnitt/Dimensionierung | Bodenbelag | Passung, Muster","rule_medium","label_50p_has_bauteilprofil_component_profile",""
"reuse_einsatz/Multi_Brussels_Reuse_in_MULTI__003__Granitboden","has_bauteilebene","bauteilebene/Oberflaechenschicht","Granitboden | geflammter Granit | Générale de Banque | Bodenbelag | Treppenpodest / öffentlicher Bereich | nein | nein | Bergung und Wiedereinbau | Trittsicherheit | Logistik","rule_high","label_50p_has_bauteilprofil_component_profile",""
"reuse_einsatz/Multi_Brussels_Reuse_in_MULTI__003__Granitboden","has_funktionswechsel","funktionswechsel/Neue_Funktion","Granitboden | geflammter Granit | Générale de Banque | Bodenbelag | Treppenpodest / öffentlicher Bereich | nein | nein | Bergung und Wiedereinbau | Trittsicherheit | Logistik","rule_high","label_50p_has_bauteilprofil_component_profile",""
"reuse_einsatz/Multi_Brussels_Reuse_in_MULTI__003__Granitboden","has_funktionswechsel","funktionswechsel/Konstruktive_Funktion","Granitboden | geflammter Granit | Générale de Banque | Bodenbelag | Treppenpodest / öffentlicher Bereich | nein | nein | Bergung und Wiedereinbau | Trittsicherheit | Logistik","rule_medium","label_50p_has_bauteilprofil_component_profile",""
"reuse_einsatz/Multi_Brussels_Reuse_in_MULTI__004__Granitplatten_Terrasse","has_bauteilebene","bauteilebene/Oberflaechenschicht","Granitplatten Terrasse | Granit | Pariser Bürogebäude / extern | Bodenbelag | öffentliche Terrasse | unbekannt / Cordeel nennt 400 recovered granite tiles | nein | nein | Reinigung, Verlegung | Außenbelag | Verfügbarkeit","rule_high","label_50p_has_bauteilprofil_component_profile",""
"reuse_einsatz/Multi_Brussels_Reuse_in_MULTI__004__Granitplatten_Terrasse","has_funktionswechsel","funktionswechsel/Neue_Funktion","Granitplatten Terrasse | Granit | Pariser Bürogebäude / extern | Bodenbelag | öffentliche Terrasse | unbekannt / Cordeel nennt 400 recovered granite tiles | nein | nein | Reinigung, Verlegung | Außenbelag | Verfügbarkeit","rule_medium","label_50p_has_bauteilprofil_component_profile",""
"reuse_einsatz/Multi_Brussels_Reuse_in_MULTI__005__Aluminiumprofile","has_bauteilebene","bauteilebene/Bauteilgruppe","Aluminiumprofile | Aluminium | Brouckère Tower | Fassaden-/Gebäudeelemente unbekannt | Balustraden, Lichtarmaturen | ca. 1.300 m | nein | teilweise | Zuschnitt, Umnutzung | Absturzsicherung, Elektrointegration bei Leuchten | Zulassung / Anschlussdetails","rule_medium","label_50p_has_bauteilprofil_component_profile",""
"reuse_einsatz/Multi_Brussels_Reuse_in_MULTI__005__Aluminiumprofile","has_funktionswechsel","funktionswechsel/Neue_Funktion","Aluminiumprofile | Aluminium | Brouckère Tower | Fassaden-/Gebäudeelemente unbekannt | Balustraden, Lichtarmaturen | ca. 1.300 m | nein | teilweise | Zuschnitt, Umnutzung | Absturzsicherung, Elektrointegration bei Leuchten | Zulassung / Anschlussdetails","rule_high","label_50p_has_bauteilprofil_component_profile",""
"reuse_einsatz/Multi_Brussels_Reuse_in_MULTI__005__Aluminiumprofile","has_funktionswechsel","funktionswechsel/Technische_Funktion","Aluminiumprofile | Aluminium | Brouckère Tower | Fassaden-/Gebäudeelemente unbekannt | Balustraden, Lichtarmaturen | ca. 1.300 m | nein | teilweise | Zuschnitt, Umnutzung | Absturzsicherung, Elektrointegration bei Leuchten | Zulassung / Anschlussdetails","rule_medium","label_50p_has_bauteilprofil_component_profile",""
"reuse_einsatz/Multi_Brussels_Reuse_in_MULTI__006__Aufzugsmotoren","has_bauteilebene","bauteilebene/Einzelbauteil","Aufzugsmotoren | Metall / Technik | Bestand MULTI | Aufzugstechnik | eine Etage höher wieder installiert | nein | ja | Demontage, Reinstallation | Betriebssicherheit | technische Freigabe","rule_medium","label_50p_has_bauteilprofil_component_profile",""
"reuse_einsatz/Multi_Brussels_Reuse_in_MULTI__006__Aufzugsmotoren","has_funktionswechsel","funktionswechsel/Neue_Funktion","Aufzugsmotoren | Metall / Technik | Bestand MULTI | Aufzugstechnik | eine Etage höher wieder installiert | nein | ja | Demontage, Reinstallation | Betriebssicherheit | technische Freigabe","rule_medium","label_50p_has_bauteilprofil_component_profile",""
"reuse_einsatz/Multi_Brussels_Reuse_in_MULTI__006__Aufzugsmotoren","has_funktionswechsel","funktionswechsel/Technische_Funktion","Aufzugsmotoren | Metall / Technik | Bestand MULTI | Aufzugstechnik | eine Etage höher wieder installiert | nein | ja | Demontage, Reinstallation | Betriebssicherheit | technische Freigabe","rule_medium","label_50p_has_bauteilprofil_component_profile",""
"reuse_einsatz/Musee_de_Folklore_Mouscron__001__Fassadenziegel","has_bauteilebene","bauteilebene/Oberflaechenschicht","Fassadenziegel | Ziegel | acht Abbruch-/Demolitionsstandorte in Mouscron; u. a. Arbeiterhäuser, Fabriken, bürgerliches Haus, Bauernhof, Waisenhaus, Kino laut Cellule | Mauerwerk/Fassade der Herkunftsgebäude | Fassadenmauerwerk des neuen Museums | 30.000 Ziegel laut Boudvin/Cellule; 28.500 / 34 m³ laut Adokin | nicht als tragend belegt | nein | Sammlung, Auswahl, Integration; Reinigung unbekannt | Tests/Stabilitätsberechnungen nur indirekt erwähnt | Fassadenstabilität, Witterung, Dauerhaftigkeit, kulturelle Lesbarkeit | Test-/Stabilitätsaufwand; Quellenabweichung Menge","rule_high","label_50p_has_bauteilprofil_component_profile",""
"reuse_einsatz/Musee_de_Folklore_Mouscron__001__Fassadenziegel","has_bauteilzustand","bauteilzustand/Geprueft","Fassadenziegel | Ziegel | acht Abbruch-/Demolitionsstandorte in Mouscron; u. a. Arbeiterhäuser, Fabriken, bürgerliches Haus, Bauernhof, Waisenhaus, Kino laut Cellule | Mauerwerk/Fassade der Herkunftsgebäude | Fassadenmauerwerk des neuen Museums | 30.000 Ziegel laut Boudvin/Cellule; 28.500 / 34 m³ laut Adokin | nicht als tragend belegt | nein | Sammlung, Auswahl, Integration; Reinigung unbekannt | Tests/Stabilitätsberechnungen nur indirekt erwähnt | Fassadenstabilität, Witterung, Dauerhaftigkeit, kulturelle Lesbarkeit | Test-/Stabilitätsaufwand; Quellenabweichung Menge","rule_medium","label_50p_has_bauteilprofil_component_profile",""
"reuse_einsatz/Musee_de_Folklore_Mouscron__001__Fassadenziegel","has_funktionswechsel","funktionswechsel/Gleiche_Funktion","Fassadenziegel | Ziegel | acht Abbruch-/Demolitionsstandorte in Mouscron; u. a. Arbeiterhäuser, Fabriken, bürgerliches Haus, Bauernhof, Waisenhaus, Kino laut Cellule | Mauerwerk/Fassade der Herkunftsgebäude | Fassadenmauerwerk des neuen Museums | 30.000 Ziegel laut Boudvin/Cellule; 28.500 / 34 m³ laut Adokin | nicht als tragend belegt | nein | Sammlung, Auswahl, Integration; Reinigung unbekannt | Tests/Stabilitätsberechnungen nur indirekt erwähnt | Fassadenstabilität, Witterung, Dauerhaftigkeit, kulturelle Lesbarkeit | Test-/Stabilitätsaufwand; Quellenabweichung Menge","rule_high","label_50p_has_bauteilprofil_component_profile",""
"reuse_einsatz/Musee_de_Folklore_Mouscron__001__Fassadenziegel","has_funktionswechsel","funktionswechsel/Konstruktive_Funktion","Fassadenziegel | Ziegel | acht Abbruch-/Demolitionsstandorte in Mouscron; u. a. Arbeiterhäuser, Fabriken, bürgerliches Haus, Bauernhof, Waisenhaus, Kino laut Cellule | Mauerwerk/Fassade der Herkunftsgebäude | Fassadenmauerwerk des neuen Museums | 30.000 Ziegel laut Boudvin/Cellule; 28.500 / 34 m³ laut Adokin | nicht als tragend belegt | nein | Sammlung, Auswahl, Integration; Reinigung unbekannt | Tests/Stabilitätsberechnungen nur indirekt erwähnt | Fassadenstabilität, Witterung, Dauerhaftigkeit, kulturelle Lesbarkeit | Test-/Stabilitätsaufwand; Quellenabweichung Menge","rule_medium","label_50p_has_bauteilprofil_component_profile",""
"reuse_einsatz/PLP_London_HQ_Circular_Studio_Fitout__001__Terrazzo_Arbeitsfl_chen_K_chenfl_chen","has_bauteilebene","bauteilebene/Oberflaechenschicht","Terrazzo-Arbeitsflächen / Küchenflächen | Terrazzo mit Probenfragmenten | Samples früherer PLP-Projekte | Materialmuster | feste Arbeits-/Küchenoberfläche | nein | nein | Einbindung in neue Terrazzo-/Spolia-Oberfläche | Gebrauchstauglichkeit, Hygiene, Dauerhaftigkeit | genaue Zusammensetzung nicht öffentlich","rule_high","label_50p_has_bauteilprofil_component_profile",""
"reuse_einsatz/PLP_London_HQ_Circular_Studio_Fitout__001__Terrazzo_Arbeitsfl_chen_K_chenfl_chen","has_funktionswechsel","funktionswechsel/Neue_Funktion","Terrazzo-Arbeitsflächen / Küchenflächen | Terrazzo mit Probenfragmenten | Samples früherer PLP-Projekte | Materialmuster | feste Arbeits-/Küchenoberfläche | nein | nein | Einbindung in neue Terrazzo-/Spolia-Oberfläche | Gebrauchstauglichkeit, Hygiene, Dauerhaftigkeit | genaue Zusammensetzung nicht öffentlich","rule_medium","label_50p_has_bauteilprofil_component_profile",""
"reuse_einsatz/Peoples_Pavilion_Eindhoven__001__Betonpf_hle_concrete_elements","has_bauteilebene","bauteilebene/Bauteilgruppe","Betonpfähle / concrete elements | Beton | IJB groep / Lieferanten, Details unbekannt | unbekannt / gelagerte Bauteile | Fundament/Konstruktion | ja/teilweise | nein | keine Beschädigung, kein Schneiden | Arup-Berechnung belegt, Detailprüfung unbekannt | Standsicherheit temporär | Leihe ohne Beschädigung","rule_medium","label_50p_has_bauteilprofil_component_profile",""
"reuse_einsatz/Peoples_Pavilion_Eindhoven__001__Betonpf_hle_concrete_elements","has_funktionswechsel","funktionswechsel/Neue_Funktion","Betonpfähle / concrete elements | Beton | IJB groep / Lieferanten, Details unbekannt | unbekannt / gelagerte Bauteile | Fundament/Konstruktion | ja/teilweise | nein | keine Beschädigung, kein Schneiden | Arup-Berechnung belegt, Detailprüfung unbekannt | Standsicherheit temporär | Leihe ohne Beschädigung","rule_medium","label_50p_has_bauteilprofil_component_profile",""
"reuse_einsatz/Peoples_Pavilion_Eindhoven__002__Holztr_ger","has_bauteilebene","bauteilebene/Bauteilgruppe","Holzträger | Holz | Stiho group / Lieferanten | Lager-/Baumaterial | Trag-/Konstruktionsbauteil | ja/teilweise | nein | nicht gesägt/gebohrt | Tragfähigkeit, Verformung | Standardmaße bestimmen Entwurf","rule_medium","label_50p_has_bauteilprofil_component_profile",""
"reuse_einsatz/Peoples_Pavilion_Eindhoven__002__Holztr_ger","has_funktionswechsel","funktionswechsel/Neue_Funktion","Holzträger | Holz | Stiho group / Lieferanten | Lager-/Baumaterial | Trag-/Konstruktionsbauteil | ja/teilweise | nein | nicht gesägt/gebohrt | Tragfähigkeit, Verformung | Standardmaße bestimmen Entwurf","rule_medium","label_50p_has_bauteilprofil_component_profile",""
"reuse_einsatz/Peoples_Pavilion_Eindhoven__002__Holztr_ger","has_funktionswechsel","funktionswechsel/Konstruktive_Funktion","Holzträger | Holz | Stiho group / Lieferanten | Lager-/Baumaterial | Trag-/Konstruktionsbauteil | ja/teilweise | nein | nicht gesägt/gebohrt | Tragfähigkeit, Verformung | Standardmaße bestimmen Entwurf","rule_medium","label_50p_has_bauteilprofil_component_profile",""
"reuse_einsatz/Peoples_Pavilion_Eindhoven__003__Fassadenelemente","has_bauteilebene","bauteilebene/Gebaeudeteil","Fassadenelemente | gemischt | Lieferanten/Leihgeber | Fassade | nein | nein | unbeschädigt rückzugeben | Wind, Sicherheit | keine irreversible Befestigung","rule_medium","label_50p_has_bauteilprofil_component_profile",""
"reuse_einsatz/Peoples_Pavilion_Eindhoven__003__Fassadenelemente","has_funktionswechsel","funktionswechsel/Unbekannt","Fassadenelemente | gemischt | Lieferanten/Leihgeber | Fassade | nein | nein | unbeschädigt rückzugeben | Wind, Sicherheit | keine irreversible Befestigung","rule_low","label_50p_has_bauteilprofil_component_profile",""
"reuse_einsatz/Peoples_Pavilion_Eindhoven__003__Fassadenelemente","has_funktionswechsel","funktionswechsel/Konstruktive_Funktion","Fassadenelemente | gemischt | Lieferanten/Leihgeber | Fassade | nein | nein | unbeschädigt rückzugeben | Wind, Sicherheit | keine irreversible Befestigung","rule_medium","label_50p_has_bauteilprofil_component_profile",""
"reuse_einsatz/Peoples_Pavilion_Eindhoven__004__Glasdach","has_bauteilebene","bauteilebene/Gebaeudeteil","Glasdach | Glas / Rahmen unbekannt | Leihgeber | Dachlicht / Hülle | nein | nein | unbeschädigt rückzugeben | Witterung, Sicherheit | Verbindung ohne Bohren","rule_medium","label_50p_has_bauteilprofil_component_profile",""
"reuse_einsatz/Peoples_Pavilion_Eindhoven__004__Glasdach","has_funktionswechsel","funktionswechsel/Unbekannt","Glasdach | Glas / Rahmen unbekannt | Leihgeber | Dachlicht / Hülle | nein | nein | unbeschädigt rückzugeben | Witterung, Sicherheit | Verbindung ohne Bohren","rule_low","label_50p_has_bauteilprofil_component_profile",""
"reuse_einsatz/Peoples_Pavilion_Eindhoven__004__Glasdach","has_funktionswechsel","funktionswechsel/Konstruktive_Funktion","Glasdach | Glas / Rahmen unbekannt | Leihgeber | Dachlicht / Hülle | nein | nein | unbeschädigt rückzugeben | Witterung, Sicherheit | Verbindung ohne Bohren","rule_medium","label_50p_has_bauteilprofil_component_profile",""
"reuse_einsatz/Peoples_Pavilion_Eindhoven__006__Beleuchtung","has_funktionswechsel","funktionswechsel/Gleiche_Funktion","Beleuchtung | geliehen | Beleuchtung | Pavillon-Beleuchtung | nein | ja | unbeschädigt rückzugeben | elektrische Sicherheit | technische Prüfung nicht öffentlich","rule_high","label_50p_has_bauteilprofil_component_profile",""
"reuse_einsatz/Peoples_Pavilion_Eindhoven__006__Beleuchtung","has_funktionswechsel","funktionswechsel/Technische_Funktion","Beleuchtung | geliehen | Beleuchtung | Pavillon-Beleuchtung | nein | ja | unbeschädigt rückzugeben | elektrische Sicherheit | technische Prüfung nicht öffentlich","rule_medium","label_50p_has_bauteilprofil_component_profile",""
"reuse_einsatz/Plattenpalast_Berlin__001__Wand_Deckenelemente_Gro_fl_chenplatten","has_bauteilebene","bauteilebene/Bauteilgruppe","Wand-/Deckenelemente / Großflächenplatten | Stahlbetonfertigteile WBS70 | rückgebaute Plattenbauten; genaue Donoradresse unbekannt | Wand-/Deckenelement im Plattenbau | tragende/raumbildende Struktur | 13 Platten | ja/teilweise | nein | sorgfältig abgetragen, gereinigt, gesägt/gekürzt/gebohrt | Funktionsfähigkeit und Materialqualität | Standsicherheit, Demontierbarkeit | Gewicht, Toleranzen, Zulassung","rule_medium","label_50p_has_bauteilprofil_component_profile",""
"reuse_einsatz/Plattenpalast_Berlin__001__Wand_Deckenelemente_Gro_fl_chenplatten","has_funktionswechsel","funktionswechsel/Gleiche_Funktion","Wand-/Deckenelemente / Großflächenplatten | Stahlbetonfertigteile WBS70 | rückgebaute Plattenbauten; genaue Donoradresse unbekannt | Wand-/Deckenelement im Plattenbau | tragende/raumbildende Struktur | 13 Platten | ja/teilweise | nein | sorgfältig abgetragen, gereinigt, gesägt/gekürzt/gebohrt | Funktionsfähigkeit und Materialqualität | Standsicherheit, Demontierbarkeit | Gewicht, Toleranzen, Zulassung","rule_high","label_50p_has_bauteilprofil_component_profile",""
"reuse_einsatz/Plattenpalast_Berlin__001__Wand_Deckenelemente_Gro_fl_chenplatten","has_funktionswechsel","funktionswechsel/Konstruktive_Funktion","Wand-/Deckenelemente / Großflächenplatten | Stahlbetonfertigteile WBS70 | rückgebaute Plattenbauten; genaue Donoradresse unbekannt | Wand-/Deckenelement im Plattenbau | tragende/raumbildende Struktur | 13 Platten | ja/teilweise | nein | sorgfältig abgetragen, gereinigt, gesägt/gekürzt/gebohrt | Funktionsfähigkeit und Materialqualität | Standsicherheit, Demontierbarkeit | Gewicht, Toleranzen, Zulassung","rule_medium","label_50p_has_bauteilprofil_component_profile",""
"reuse_einsatz/Plattenpalast_Berlin__002__Fenster_inkl_Rahmen","has_bauteilebene","bauteilebene/Bauteilgruppe","Fenster inkl. Rahmen | Aluminium/Glas; Spezifikation unbekannt | Palast der Republik, Berlin | Fenster-/Fassadenelement | Fenster/Hülle | S6 nennt 12; Hauptquellen ohne Anzahl | nein | nein | Ausbau und Wiedereinbau; Details unbekannt | Wärme-/Witterungsschutz; unbekannt | Alter, Leistung, Dichtheit","rule_medium","label_50p_has_bauteilprofil_component_profile",""
"reuse_einsatz/Plattenpalast_Berlin__002__Fenster_inkl_Rahmen","has_funktionswechsel","funktionswechsel/Gleiche_Funktion","Fenster inkl. Rahmen | Aluminium/Glas; Spezifikation unbekannt | Palast der Republik, Berlin | Fenster-/Fassadenelement | Fenster/Hülle | S6 nennt 12; Hauptquellen ohne Anzahl | nein | nein | Ausbau und Wiedereinbau; Details unbekannt | Wärme-/Witterungsschutz; unbekannt | Alter, Leistung, Dichtheit","rule_high","label_50p_has_bauteilprofil_component_profile",""
"reuse_einsatz/Plattenpalast_Berlin__002__Fenster_inkl_Rahmen","has_funktionswechsel","funktionswechsel/Konstruktive_Funktion","Fenster inkl. Rahmen | Aluminium/Glas; Spezifikation unbekannt | Palast der Republik, Berlin | Fenster-/Fassadenelement | Fenster/Hülle | S6 nennt 12; Hauptquellen ohne Anzahl | nein | nein | Ausbau und Wiedereinbau; Details unbekannt | Wärme-/Witterungsschutz; unbekannt | Alter, Leistung, Dichtheit","rule_medium","label_50p_has_bauteilprofil_component_profile",""
"reuse_einsatz/Plattenpalast_Berlin__003__Stahllaschen_Bolzen_reversible_D_bel","has_bauteilebene","bauteilebene/Bauteilgruppe","Stahllaschen, Bolzen, reversible Dübel | Stahl | neu oder wiederverwendet: unbekannt | lösbare Plattenverbindung | ja | nein | Montage | Verbindungsvergleich im Vorfeld | Standsicherheit, Reversibilität | Anschluss alter Platten","rule_medium","label_50p_has_bauteilprofil_component_profile",""
"reuse_einsatz/Plattenpalast_Berlin__003__Stahllaschen_Bolzen_reversible_D_bel","has_funktionswechsel","funktionswechsel/Unbekannt","Stahllaschen, Bolzen, reversible Dübel | Stahl | neu oder wiederverwendet: unbekannt | lösbare Plattenverbindung | ja | nein | Montage | Verbindungsvergleich im Vorfeld | Standsicherheit, Reversibilität | Anschluss alter Platten","rule_low","label_50p_has_bauteilprofil_component_profile",""
"reuse_einsatz/Plattenvereinigung_Berlin__001__ost_und_westdeutsche_Plattenbauteile","has_bauteilebene","bauteilebene/Bauteilgruppe","ost- und westdeutsche Plattenbauteile | Betonfertigteile | Olympisches Dorf München und PH12-Hochhaus Frankfurt/Oder | Wohn-/Olympia-/Hochhaus-Fertigteile; genaue Funktion je Bauteil unbekannt | mobiles Recyclinggebäude / Begegnungsraum | teilweise/unbekannt | nein | Reinigung, Betonarbeiten, Montage | Standsicherheit, Demontierbarkeit | heterogene Bauteile","rule_medium","label_50p_has_bauteilprofil_component_profile",""
"reuse_einsatz/Plattenvereinigung_Berlin__001__ost_und_westdeutsche_Plattenbauteile","has_funktionswechsel","funktionswechsel/Neue_Funktion","ost- und westdeutsche Plattenbauteile | Betonfertigteile | Olympisches Dorf München und PH12-Hochhaus Frankfurt/Oder | Wohn-/Olympia-/Hochhaus-Fertigteile; genaue Funktion je Bauteil unbekannt | mobiles Recyclinggebäude / Begegnungsraum | teilweise/unbekannt | nein | Reinigung, Betonarbeiten, Montage | Standsicherheit, Demontierbarkeit | heterogene Bauteile","rule_medium","label_50p_has_bauteilprofil_component_profile",""
"reuse_einsatz/Plattenvereinigung_Berlin__002__Wand_Fassadenelemente","has_bauteilebene","bauteilebene/Gebaeudeteil","Wand-/Fassadenelemente | Betonfertigteile | München / Frankfurt-Oder; genaue Zuordnung unbekannt | Wand/Fassade; unbekannt | Raumabschluss/Fassade | teilweise/unbekannt | nein | Reinigung, Anpassung | Witterung, Standsicherheit | Oberfläche, Anschlüsse","rule_medium","label_50p_has_bauteilprofil_component_profile",""
"reuse_einsatz/Plattenvereinigung_Berlin__002__Wand_Fassadenelemente","has_funktionswechsel","funktionswechsel/Gleiche_Funktion","Wand-/Fassadenelemente | Betonfertigteile | München / Frankfurt-Oder; genaue Zuordnung unbekannt | Wand/Fassade; unbekannt | Raumabschluss/Fassade | teilweise/unbekannt | nein | Reinigung, Anpassung | Witterung, Standsicherheit | Oberfläche, Anschlüsse","rule_high","label_50p_has_bauteilprofil_component_profile",""
"reuse_einsatz/Plattenvereinigung_Berlin__002__Wand_Fassadenelemente","has_funktionswechsel","funktionswechsel/Konstruktive_Funktion","Wand-/Fassadenelemente | Betonfertigteile | München / Frankfurt-Oder; genaue Zuordnung unbekannt | Wand/Fassade; unbekannt | Raumabschluss/Fassade | teilweise/unbekannt | nein | Reinigung, Anpassung | Witterung, Standsicherheit | Oberfläche, Anschlüsse","rule_medium","label_50p_has_bauteilprofil_component_profile",""
"reuse_einsatz/Plattenvereinigung_Berlin__003__Deckenelemente_Zwischendecke","has_bauteilebene","bauteilebene/Bauteilgruppe","Deckenelemente / Zwischendecke | Betonfertigteile; genaue Art unbekannt | unbekannt innerhalb der genannten Quellen | Decke; unbekannt | Zwischendecke/Deckenelement | ja/teilweise | nein | Auflagerung der Zwischendecke erwähnt | Lastabtragung | Auflagerung, Gewicht","rule_medium","label_50p_has_bauteilprofil_component_profile",""
"reuse_einsatz/Plattenvereinigung_Berlin__003__Deckenelemente_Zwischendecke","has_funktionswechsel","funktionswechsel/Gleiche_Funktion","Deckenelemente / Zwischendecke | Betonfertigteile; genaue Art unbekannt | unbekannt innerhalb der genannten Quellen | Decke; unbekannt | Zwischendecke/Deckenelement | ja/teilweise | nein | Auflagerung der Zwischendecke erwähnt | Lastabtragung | Auflagerung, Gewicht","rule_high","label_50p_has_bauteilprofil_component_profile",""
"reuse_einsatz/Plattenvereinigung_Berlin__003__Deckenelemente_Zwischendecke","has_funktionswechsel","funktionswechsel/Konstruktive_Funktion","Deckenelemente / Zwischendecke | Betonfertigteile; genaue Art unbekannt | unbekannt innerhalb der genannten Quellen | Decke; unbekannt | Zwischendecke/Deckenelement | ja/teilweise | nein | Auflagerung der Zwischendecke erwähnt | Lastabtragung | Auflagerung, Gewicht","rule_medium","label_50p_has_bauteilprofil_component_profile",""
"reuse_einsatz/Plattenvereinigung_Berlin__004__Treppenelemente","has_bauteilebene","bauteilebene/Bauteilgruppe","Treppenelemente | Betonfertigteile; genaue Art unbekannt | unbekannt innerhalb der genannten Quellen | Treppe; unbekannt | Erschließung | ja/teilweise | nein | Montage der Treppenelemente erwähnt | Tragfähigkeit, Nutzungssicherheit | Montage und Anschlüsse","rule_medium","label_50p_has_bauteilprofil_component_profile",""
"reuse_einsatz/Plattenvereinigung_Berlin__004__Treppenelemente","has_funktionswechsel","funktionswechsel/Gleiche_Funktion","Treppenelemente | Betonfertigteile; genaue Art unbekannt | unbekannt innerhalb der genannten Quellen | Treppe; unbekannt | Erschließung | ja/teilweise | nein | Montage der Treppenelemente erwähnt | Tragfähigkeit, Nutzungssicherheit | Montage und Anschlüsse","rule_high","label_50p_has_bauteilprofil_component_profile",""
"reuse_einsatz/Plattenvereinigung_Berlin__004__Treppenelemente","has_funktionswechsel","funktionswechsel/Konstruktive_Funktion","Treppenelemente | Betonfertigteile; genaue Art unbekannt | unbekannt innerhalb der genannten Quellen | Treppe; unbekannt | Erschließung | ja/teilweise | nein | Montage der Treppenelemente erwähnt | Tragfähigkeit, Nutzungssicherheit | Montage und Anschlüsse","rule_medium","label_50p_has_bauteilprofil_component_profile",""
"reuse_einsatz/ReCrete_footbridge_reused_concrete_blocks__001__Betonbl_cke_Bogensegmente","has_funktionswechsel","funktionswechsel/Neue_Funktion","Betonblöcke / Bogensegmente | Stahlbeton/Ortbeton | Kellerwände eines Gebäudes unter größerer Transformation; genauer Standort unbekannt | Kellerwand / vertikales Trag- oder Abschlussbauteil | Segmente eines nachgespannten Bogen-Fußstegs | 25 Blöcke | ja | nein | Sägen aus Bestandswand, Vorbereitung, Montage | FE-Modell, Lastversuch, NDT | Drucktragfähigkeit, Bogenwirkung, Gebrauchstauglichkeit | Materialeigenschaften, Geometrievarianz, sichere Verbindung","rule_medium","label_50p_has_bauteilprofil_component_profile",""
"reuse_einsatz/ReCrete_footbridge_reused_concrete_blocks__001__Betonbl_cke_Bogensegmente","has_funktionswechsel","funktionswechsel/Konstruktive_Funktion","Betonblöcke / Bogensegmente | Stahlbeton/Ortbeton | Kellerwände eines Gebäudes unter größerer Transformation; genauer Standort unbekannt | Kellerwand / vertikales Trag- oder Abschlussbauteil | Segmente eines nachgespannten Bogen-Fußstegs | 25 Blöcke | ja | nein | Sägen aus Bestandswand, Vorbereitung, Montage | FE-Modell, Lastversuch, NDT | Drucktragfähigkeit, Bogenwirkung, Gebrauchstauglichkeit | Materialeigenschaften, Geometrievarianz, sichere Verbindung","rule_medium","label_50p_has_bauteilprofil_component_profile",""
"reuse_einsatz/ReCrete_footbridge_reused_concrete_blocks__002__Nachspannkabel_Verbindungssystem","has_bauteilebene","bauteilebene/System","Nachspannkabel / Verbindungssystem | Stahl; genaue Spezifikation unbekannt | neu oder wiederverwendet: unbekannt | nicht zutreffend/unbekannt | post-tensioning des Bogens | ja | nein | Einbau in Bogenkonstruktion | Lastversuch der Gesamtstruktur | Vorspannkraft, Dauerhaftigkeit, Sicherung der Segmente | Nachweis der Verbindung mit variablen Altbetonblöcken","rule_medium","label_50p_has_bauteilprofil_component_profile",""
"reuse_einsatz/ReCrete_footbridge_reused_concrete_blocks__002__Nachspannkabel_Verbindungssystem","has_funktionswechsel","funktionswechsel/Neue_Funktion","Nachspannkabel / Verbindungssystem | Stahl; genaue Spezifikation unbekannt | neu oder wiederverwendet: unbekannt | nicht zutreffend/unbekannt | post-tensioning des Bogens | ja | nein | Einbau in Bogenkonstruktion | Lastversuch der Gesamtstruktur | Vorspannkraft, Dauerhaftigkeit, Sicherung der Segmente | Nachweis der Verbindung mit variablen Altbetonblöcken","rule_medium","label_50p_has_bauteilprofil_component_profile",""
"reuse_einsatz/Recyclinghaus_Hannover__001__Aluminiumfenster","has_bauteilebene","bauteilebene/Bauteilgruppe","Aluminiumfenster | Aluminium/Glas | u. a. ehemaliges Jugendzentrum / Bauherrbestand | Fenster | Fassadenfenster | alle Fenster laut ELEMENTE; genaue Anzahl unbekannt | nein | nein | Rahmen thermisch ertüchtigt, Glas ersetzt | U-Wert, Luftdichtheit, Schlagregen | energetische Anforderungen","rule_medium","label_50p_has_bauteilprofil_component_profile",""
"reuse_einsatz/Recyclinghaus_Hannover__001__Aluminiumfenster","has_funktionswechsel","funktionswechsel/Gleiche_Funktion","Aluminiumfenster | Aluminium/Glas | u. a. ehemaliges Jugendzentrum / Bauherrbestand | Fenster | Fassadenfenster | alle Fenster laut ELEMENTE; genaue Anzahl unbekannt | nein | nein | Rahmen thermisch ertüchtigt, Glas ersetzt | U-Wert, Luftdichtheit, Schlagregen | energetische Anforderungen","rule_high","label_50p_has_bauteilprofil_component_profile",""
"reuse_einsatz/Recyclinghaus_Hannover__001__Aluminiumfenster","has_funktionswechsel","funktionswechsel/Konstruktive_Funktion","Aluminiumfenster | Aluminium/Glas | u. a. ehemaliges Jugendzentrum / Bauherrbestand | Fenster | Fassadenfenster | alle Fenster laut ELEMENTE; genaue Anzahl unbekannt | nein | nein | Rahmen thermisch ertüchtigt, Glas ersetzt | U-Wert, Luftdichtheit, Schlagregen | energetische Anforderungen","rule_medium","label_50p_has_bauteilprofil_component_profile",""
"reuse_einsatz/Recyclinghaus_Hannover__002__alte_Glasscheiben_aus_Fenstern","has_bauteilebene","bauteilebene/Bauteilgruppe","alte Glasscheiben aus Fenstern | Glas | Reuse-Fenster | Fensterglas | in anderem Pavillon weitergenutzt | nein | nein | Ausbau beim Glastausch | geringere Anforderungen im Pavillon | Kaskadennutzung","rule_medium","label_50p_has_bauteilprofil_component_profile",""
"reuse_einsatz/Recyclinghaus_Hannover__002__alte_Glasscheiben_aus_Fenstern","has_funktionswechsel","funktionswechsel/Neue_Funktion","alte Glasscheiben aus Fenstern | Glas | Reuse-Fenster | Fensterglas | in anderem Pavillon weitergenutzt | nein | nein | Ausbau beim Glastausch | geringere Anforderungen im Pavillon | Kaskadennutzung","rule_medium","label_50p_has_bauteilprofil_component_profile",""
"reuse_einsatz/Recyclinghaus_Hannover__003__Faserzement_Eternitplatten","has_bauteilebene","bauteilebene/Oberflaechenschicht","Faserzement-/Eternitplatten | Faserzement | ehemaliges evangelisches Haus der Jugend / Jugendzentrum | Fassaden-/Plattenmaterial | VHF-Fassadenbekleidung | Teil der 90-%-Reuse-Fassade | nein | nein | Demontage, Zuschnitt unbekannt | Witterung, Brandschutz | Schadstoff-/Zustandsnachweis","rule_high","label_50p_has_bauteilprofil_component_profile",""
"reuse_einsatz/Recyclinghaus_Hannover__003__Faserzement_Eternitplatten","has_funktionswechsel","funktionswechsel/Gleiche_Funktion","Faserzement-/Eternitplatten | Faserzement | ehemaliges evangelisches Haus der Jugend / Jugendzentrum | Fassaden-/Plattenmaterial | VHF-Fassadenbekleidung | Teil der 90-%-Reuse-Fassade | nein | nein | Demontage, Zuschnitt unbekannt | Witterung, Brandschutz | Schadstoff-/Zustandsnachweis","rule_high","label_50p_has_bauteilprofil_component_profile",""
"reuse_einsatz/Recyclinghaus_Hannover__003__Faserzement_Eternitplatten","has_funktionswechsel","funktionswechsel/Konstruktive_Funktion","Faserzement-/Eternitplatten | Faserzement | ehemaliges evangelisches Haus der Jugend / Jugendzentrum | Fassaden-/Plattenmaterial | VHF-Fassadenbekleidung | Teil der 90-%-Reuse-Fassade | nein | nein | Demontage, Zuschnitt unbekannt | Witterung, Brandschutz | Schadstoff-/Zustandsnachweis","rule_medium","label_50p_has_bauteilprofil_component_profile",""
"reuse_einsatz/Recyclinghaus_Hannover__004__Profilbauglas","has_bauteilebene","bauteilebene/Oberflaechenschicht","Profilbauglas | Glas | alte/stillgelegte Lackiererei | Industrieglas/Fassade | Fassadenbekleidung/Belichtung | nein | nein | Demontage/Anpassung | Witterung, Bruch, Wärmeschutz | Maße, U-Wert","rule_high","label_50p_has_bauteilprofil_component_profile",""
"reuse_einsatz/Recyclinghaus_Hannover__004__Profilbauglas","has_funktionswechsel","funktionswechsel/Gleiche_Funktion","Profilbauglas | Glas | alte/stillgelegte Lackiererei | Industrieglas/Fassade | Fassadenbekleidung/Belichtung | nein | nein | Demontage/Anpassung | Witterung, Bruch, Wärmeschutz | Maße, U-Wert","rule_high","label_50p_has_bauteilprofil_component_profile",""
"reuse_einsatz/Recyclinghaus_Hannover__004__Profilbauglas","has_funktionswechsel","funktionswechsel/Konstruktive_Funktion","Profilbauglas | Glas | alte/stillgelegte Lackiererei | Industrieglas/Fassade | Fassadenbekleidung/Belichtung | nein | nein | Demontage/Anpassung | Witterung, Bruch, Wärmeschutz | Maße, U-Wert","rule_medium","label_50p_has_bauteilprofil_component_profile",""
"reuse_einsatz/Recyclinghaus_Hannover__005__Wellblech","has_bauteilebene","bauteilebene/Oberflaechenschicht","Wellblech | Metall | Fassadenbekleidung | nein | nein | Witterung/Korrosion | Herkunft","rule_high","label_50p_has_bauteilprofil_component_profile",""
"reuse_einsatz/Recyclinghaus_Hannover__005__Wellblech","has_funktionswechsel","funktionswechsel/Unbekannt","Wellblech | Metall | Fassadenbekleidung | nein | nein | Witterung/Korrosion | Herkunft","rule_low","label_50p_has_bauteilprofil_component_profile",""
"reuse_einsatz/Recyclinghaus_Hannover__005__Wellblech","has_funktionswechsel","funktionswechsel/Konstruktive_Funktion","Wellblech | Metall | Fassadenbekleidung | nein | nein | Witterung/Korrosion | Herkunft","rule_medium","label_50p_has_bauteilprofil_component_profile",""
"reuse_einsatz/Recyclinghaus_Hannover__007__historische_Bauernhaust_r","has_bauteilebene","bauteilebene/Bauteilgruppe","historische Bauernhaustür | Holz/Metall unbekannt | Haustür | Türen Technikraum/Gäste-WC | einzelne Türflügel | nein | nein | aufgearbeitet | Raumabschluss, ggf. Brandschutz | Passmaß","rule_medium","label_50p_has_bauteilprofil_component_profile",""
"reuse_einsatz/Recyclinghaus_Hannover__007__historische_Bauernhaust_r","has_funktionswechsel","funktionswechsel/Gleiche_Funktion","historische Bauernhaustür | Holz/Metall unbekannt | Haustür | Türen Technikraum/Gäste-WC | einzelne Türflügel | nein | nein | aufgearbeitet | Raumabschluss, ggf. Brandschutz | Passmaß","rule_high","label_50p_has_bauteilprofil_component_profile",""
"reuse_einsatz/Recyclinghaus_Hannover__007__historische_Bauernhaust_r","has_funktionswechsel","funktionswechsel/Technische_Funktion","historische Bauernhaustür | Holz/Metall unbekannt | Haustür | Türen Technikraum/Gäste-WC | einzelne Türflügel | nein | nein | aufgearbeitet | Raumabschluss, ggf. Brandschutz | Passmaß","rule_medium","label_50p_has_bauteilprofil_component_profile",""
"reuse_einsatz/Recyclinghaus_Hannover__007__historische_Bauernhaust_r","has_funktionswechsel","funktionswechsel/Konstruktive_Funktion","historische Bauernhaustür | Holz/Metall unbekannt | Haustür | Türen Technikraum/Gäste-WC | einzelne Türflügel | nein | nein | aufgearbeitet | Raumabschluss, ggf. Brandschutz | Passmaß","rule_medium","label_50p_has_bauteilprofil_component_profile",""
"reuse_einsatz/Recyclinghaus_Hannover__008__Messebauplatten","has_bauteilebene","bauteilebene/Oberflaechenschicht","Messebauplatten | Holzwerkstoff/Plattenmaterial | Messebauer in Hannover | Messestand/Lagerplatten | Wandverkleidung, Einbauten, Türen, Schränke | mehr als Hälfte Innenmaterialien laut DAB; genaue Menge unbekannt | nein | teilweise | Zuschnitt | Innenraum, Emissionen, Brandschutz | Materialdaten","rule_high","label_50p_has_bauteilprofil_component_profile",""
"reuse_einsatz/Recyclinghaus_Hannover__008__Messebauplatten","has_funktionswechsel","funktionswechsel/Neue_Funktion","Messebauplatten | Holzwerkstoff/Plattenmaterial | Messebauer in Hannover | Messestand/Lagerplatten | Wandverkleidung, Einbauten, Türen, Schränke | mehr als Hälfte Innenmaterialien laut DAB; genaue Menge unbekannt | nein | teilweise | Zuschnitt | Innenraum, Emissionen, Brandschutz | Materialdaten","rule_medium","label_50p_has_bauteilprofil_component_profile",""
"reuse_einsatz/Recyclinghaus_Hannover__008__Messebauplatten","has_funktionswechsel","funktionswechsel/Konstruktive_Funktion","Messebauplatten | Holzwerkstoff/Plattenmaterial | Messebauer in Hannover | Messestand/Lagerplatten | Wandverkleidung, Einbauten, Türen, Schränke | mehr als Hälfte Innenmaterialien laut DAB; genaue Menge unbekannt | nein | teilweise | Zuschnitt | Innenraum, Emissionen, Brandschutz | Materialdaten","rule_medium","label_50p_has_bauteilprofil_component_profile",""
"reuse_einsatz/Recyclinghaus_Hannover__009__Abbruchziegel","has_bauteilebene","bauteilebene/Bauteilgruppe","Abbruchziegel | Ziegel | Abbruch | Mauerwerk | nichttragende Innenwände / Zuschlag für Terrazzo | nein | nein | Reinigung/Zuschnitt unbekannt | Schallschutz/Brandschutz | Sortierung","rule_medium","label_50p_has_bauteilprofil_component_profile",""
"reuse_einsatz/Recyclinghaus_Hannover__009__Abbruchziegel","has_funktionswechsel","funktionswechsel/Neue_Funktion","Abbruchziegel | Ziegel | Abbruch | Mauerwerk | nichttragende Innenwände / Zuschlag für Terrazzo | nein | nein | Reinigung/Zuschnitt unbekannt | Schallschutz/Brandschutz | Sortierung","rule_medium","label_50p_has_bauteilprofil_component_profile",""
"reuse_einsatz/Recyclinghaus_Hannover__009__Abbruchziegel","has_funktionswechsel","funktionswechsel/Konstruktive_Funktion","Abbruchziegel | Ziegel | Abbruch | Mauerwerk | nichttragende Innenwände / Zuschlag für Terrazzo | nein | nein | Reinigung/Zuschnitt unbekannt | Schallschutz/Brandschutz | Sortierung","rule_medium","label_50p_has_bauteilprofil_component_profile",""
"reuse_einsatz/Recyclinghaus_Hannover__010__Waschbecken_Sanit_r","has_bauteilebene","bauteilebene/Bauteilgruppe","Waschbecken / Sanitär | Keramik/Metall | Sanitär | Sanitärinstallation | nein | ja | Reinigung/Anpassung | Hygiene, Dichtheit | Gewährleistung","rule_medium","label_50p_has_bauteilprofil_component_profile",""
"reuse_einsatz/Recyclinghaus_Hannover__010__Waschbecken_Sanit_r","has_funktionswechsel","funktionswechsel/Gleiche_Funktion","Waschbecken / Sanitär | Keramik/Metall | Sanitär | Sanitärinstallation | nein | ja | Reinigung/Anpassung | Hygiene, Dichtheit | Gewährleistung","rule_high","label_50p_has_bauteilprofil_component_profile",""
"reuse_einsatz/Recyclinghaus_Hannover__010__Waschbecken_Sanit_r","has_funktionswechsel","funktionswechsel/Technische_Funktion","Waschbecken / Sanitär | Keramik/Metall | Sanitär | Sanitärinstallation | nein | ja | Reinigung/Anpassung | Hygiene, Dichtheit | Gewährleistung","rule_medium","label_50p_has_bauteilprofil_component_profile",""
"reuse_einsatz/Recyclinghaus_Hannover__012__alter_vor_Ort_gefundener_Beton_Gehwegplatten_Blo","has_bauteilebene","bauteilebene/Oberflaechenschicht","alter vor Ort gefundener Beton / Gehwegplatten / Blockstufen / Pflaster | Beton/Stein | Außenraum/Bestand | Außenbeläge/Bauteile | Außenanlagen | nein | nein | Verlegung | Tragfähigkeit/Frost | lokale Wiederverwendung","rule_high","label_50p_has_bauteilprofil_component_profile",""
"reuse_einsatz/Recyclinghaus_Hannover__012__alter_vor_Ort_gefundener_Beton_Gehwegplatten_Blo","has_funktionswechsel","funktionswechsel/Neue_Funktion","alter vor Ort gefundener Beton / Gehwegplatten / Blockstufen / Pflaster | Beton/Stein | Außenraum/Bestand | Außenbeläge/Bauteile | Außenanlagen | nein | nein | Verlegung | Tragfähigkeit/Frost | lokale Wiederverwendung","rule_medium","label_50p_has_bauteilprofil_component_profile",""
"reuse_einsatz/Recyclinghaus_Hannover__012__alter_vor_Ort_gefundener_Beton_Gehwegplatten_Blo","has_funktionswechsel","funktionswechsel/Konstruktive_Funktion","alter vor Ort gefundener Beton / Gehwegplatten / Blockstufen / Pflaster | Beton/Stein | Außenraum/Bestand | Außenbeläge/Bauteile | Außenanlagen | nein | nein | Verlegung | Tragfähigkeit/Frost | lokale Wiederverwendung","rule_medium","label_50p_has_bauteilprofil_component_profile",""
"reuse_einsatz/Recypark_Demets_Anderlecht__001__Brettschichtholzb_gen","has_bauteilebene","bauteilebene/System","Brettschichtholzbögen | Brettschichtholz | ehemalige Reithalle bei Liège/Bierset | Dachtragwerk Reithalle | Dach-/Hallentragwerk Recypark | 20 wiederverwendete Bögen | ja | nein | Demontage, Lagerung, Anpassung, Verstärkung an Basis, teilweise Verdopplung | Laborversuche, mechanische Bewertung, Zustandscheck | Tragfähigkeit, Stabilität, neue Lasten inkl. PV | keine Standardprozedur, Laststeigerung durch PV","rule_medium","label_50p_has_bauteilprofil_component_profile",""
"reuse_einsatz/Recypark_Demets_Anderlecht__001__Brettschichtholzb_gen","has_funktionswechsel","funktionswechsel/Gleiche_Funktion","Brettschichtholzbögen | Brettschichtholz | ehemalige Reithalle bei Liège/Bierset | Dachtragwerk Reithalle | Dach-/Hallentragwerk Recypark | 20 wiederverwendete Bögen | ja | nein | Demontage, Lagerung, Anpassung, Verstärkung an Basis, teilweise Verdopplung | Laborversuche, mechanische Bewertung, Zustandscheck | Tragfähigkeit, Stabilität, neue Lasten inkl. PV | keine Standardprozedur, Laststeigerung durch PV","rule_high","label_50p_has_bauteilprofil_component_profile",""
"reuse_einsatz/Recypark_Demets_Anderlecht__001__Brettschichtholzb_gen","has_funktionswechsel","funktionswechsel/Konstruktive_Funktion","Brettschichtholzbögen | Brettschichtholz | ehemalige Reithalle bei Liège/Bierset | Dachtragwerk Reithalle | Dach-/Hallentragwerk Recypark | 20 wiederverwendete Bögen | ja | nein | Demontage, Lagerung, Anpassung, Verstärkung an Basis, teilweise Verdopplung | Laborversuche, mechanische Bewertung, Zustandscheck | Tragfähigkeit, Stabilität, neue Lasten inkl. PV | keine Standardprozedur, Laststeigerung durch PV","rule_medium","label_50p_has_bauteilprofil_component_profile",""
"reuse_einsatz/Recypark_Demets_Anderlecht__005__Skatepark_Fl_chen","has_bauteilebene","bauteilebene/Oberflaechenschicht","Skatepark-Flächen | Beton/Belag unbekannt | öffentlicher Skatepark | nein | nein | Nutzungssicherheit | Koexistenz mit Recypark","rule_high","label_50p_has_bauteilprofil_component_profile",""
"reuse_einsatz/Resilience_La_Ferme_des_Possibles_Stains__001__einfachverglaste_Holzfenster","has_bauteilebene","bauteilebene/Bauteilgruppe","einfachverglaste Holzfenster | Holz/Glas | thermische Sanierung eines Wohngebäudes in Épinay-sur-Seine, <4 km | Außenfenster | leichte verglaste Fassade / Pufferraum | 450 m² | nein | nein | gesammelt, gereinigt, rekonditioniert; Prototyping Depuis 1920 | unbekannt / Kontrollbüro indirekt | Wetter, Sicherheit, Luft, aber Pufferraum reduziert Wärmeanforderung | Einfachglas nicht für beheizte Hülle geeignet","rule_medium","label_50p_has_bauteilprofil_component_profile",""
"reuse_einsatz/Resilience_La_Ferme_des_Possibles_Stains__001__einfachverglaste_Holzfenster","has_funktionswechsel","funktionswechsel/Neue_Funktion","einfachverglaste Holzfenster | Holz/Glas | thermische Sanierung eines Wohngebäudes in Épinay-sur-Seine, <4 km | Außenfenster | leichte verglaste Fassade / Pufferraum | 450 m² | nein | nein | gesammelt, gereinigt, rekonditioniert; Prototyping Depuis 1920 | unbekannt / Kontrollbüro indirekt | Wetter, Sicherheit, Luft, aber Pufferraum reduziert Wärmeanforderung | Einfachglas nicht für beheizte Hülle geeignet","rule_high","label_50p_has_bauteilprofil_component_profile",""
"reuse_einsatz/Resilience_La_Ferme_des_Possibles_Stains__001__einfachverglaste_Holzfenster","has_funktionswechsel","funktionswechsel/Konstruktive_Funktion","einfachverglaste Holzfenster | Holz/Glas | thermische Sanierung eines Wohngebäudes in Épinay-sur-Seine, <4 km | Außenfenster | leichte verglaste Fassade / Pufferraum | 450 m² | nein | nein | gesammelt, gereinigt, rekonditioniert; Prototyping Depuis 1920 | unbekannt / Kontrollbüro indirekt | Wetter, Sicherheit, Luft, aber Pufferraum reduziert Wärmeanforderung | Einfachglas nicht für beheizte Hülle geeignet","rule_medium","label_50p_has_bauteilprofil_component_profile",""
"reuse_einsatz/Resilience_La_Ferme_des_Possibles_Stains__002__doppeltverglaste_Holzfenster","has_bauteilebene","bauteilebene/Bauteilgruppe","doppeltverglaste Holzfenster | Holz/Glas | diverse Reinigungen / Le Bon Coin / Unternehmen | Fenster | Innenfenster zwischen Puffer und beheizten Räumen | 60 m² | nein | nein | Wärmetrennung | Herkunft heterogen","rule_medium","label_50p_has_bauteilprofil_component_profile",""
"reuse_einsatz/Resilience_La_Ferme_des_Possibles_Stains__002__doppeltverglaste_Holzfenster","has_funktionswechsel","funktionswechsel/Gleiche_Funktion","doppeltverglaste Holzfenster | Holz/Glas | diverse Reinigungen / Le Bon Coin / Unternehmen | Fenster | Innenfenster zwischen Puffer und beheizten Räumen | 60 m² | nein | nein | Wärmetrennung | Herkunft heterogen","rule_high","label_50p_has_bauteilprofil_component_profile",""
"reuse_einsatz/Resilience_La_Ferme_des_Possibles_Stains__002__doppeltverglaste_Holzfenster","has_funktionswechsel","funktionswechsel/Konstruktive_Funktion","doppeltverglaste Holzfenster | Holz/Glas | diverse Reinigungen / Le Bon Coin / Unternehmen | Fenster | Innenfenster zwischen Puffer und beheizten Räumen | 60 m² | nein | nein | Wärmetrennung | Herkunft heterogen","rule_medium","label_50p_has_bauteilprofil_component_profile",""
"reuse_einsatz/Resilience_La_Ferme_des_Possibles_Stains__003__BTC_Ziegel","has_bauteilebene","bauteilebene/Bauteilgruppe","BTC-Ziegel | gepresste Erde | Bellastock „Ville des Terres“, Erde Grand Paris; zwischengelagert | temporäre Erdbausteine / Festival | Mur Trombe | 6.000 Stück / 125 m² | ja/thermisch als Wand, genaue statische Rolle unbekannt | nein | demontiert, palettiert, 2 Jahre gelagert | thermische Masse, Feuchte, Stabilität | Erdbauteilnachweise","rule_medium","label_50p_has_bauteilprofil_component_profile",""
"reuse_einsatz/Resilience_La_Ferme_des_Possibles_Stains__003__BTC_Ziegel","has_funktionswechsel","funktionswechsel/Neue_Funktion","BTC-Ziegel | gepresste Erde | Bellastock „Ville des Terres“, Erde Grand Paris; zwischengelagert | temporäre Erdbausteine / Festival | Mur Trombe | 6.000 Stück / 125 m² | ja/thermisch als Wand, genaue statische Rolle unbekannt | nein | demontiert, palettiert, 2 Jahre gelagert | thermische Masse, Feuchte, Stabilität | Erdbauteilnachweise","rule_medium","label_50p_has_bauteilprofil_component_profile",""
"reuse_einsatz/Resilience_La_Ferme_des_Possibles_Stains__003__BTC_Ziegel","has_funktionswechsel","funktionswechsel/Konstruktive_Funktion","BTC-Ziegel | gepresste Erde | Bellastock „Ville des Terres“, Erde Grand Paris; zwischengelagert | temporäre Erdbausteine / Festival | Mur Trombe | 6.000 Stück / 125 m² | ja/thermisch als Wand, genaue statische Rolle unbekannt | nein | demontiert, palettiert, 2 Jahre gelagert | thermische Masse, Feuchte, Stabilität | Erdbauteilnachweise","rule_medium","label_50p_has_bauteilprofil_component_profile",""
"reuse_einsatz/Resilience_La_Ferme_des_Possibles_Stains__004__ausgehobene_Erde","has_funktionswechsel","funktionswechsel/Neue_Funktion","ausgehobene Erde | Erde | in situ / Baustelle | Aushub | Endputz; Bar in Pisé gemischt mit Betonbruch | teils | nein | mit Zellulose aus Kartonverpackungen faserverstärkt | Haftung, Abrieb, Feuchte | Materialmischung","rule_medium","label_50p_has_bauteilprofil_component_profile",""
"reuse_einsatz/Resilience_La_Ferme_des_Possibles_Stains__005__Solivage_Reste","has_bauteilebene","bauteilebene/Materialcharge","Solivage-Reste | Holz | in situ / Baustelle | Balkenreste | Treppenstufen | 140 ml, 5×15 cm | ja, als Stufe | nein | Zuschnitt | Verkehrslast, Rutsch, Brandschutz | Nachweis der Reste","rule_high","label_50p_has_bauteilprofil_component_profile",""
"reuse_einsatz/Resilience_La_Ferme_des_Possibles_Stains__005__Solivage_Reste","has_funktionswechsel","funktionswechsel/Neue_Funktion","Solivage-Reste | Holz | in situ / Baustelle | Balkenreste | Treppenstufen | 140 ml, 5×15 cm | ja, als Stufe | nein | Zuschnitt | Verkehrslast, Rutsch, Brandschutz | Nachweis der Reste","rule_medium","label_50p_has_bauteilprofil_component_profile",""
"reuse_einsatz/Resilience_La_Ferme_des_Possibles_Stains__005__Solivage_Reste","has_funktionswechsel","funktionswechsel/Konstruktive_Funktion","Solivage-Reste | Holz | in situ / Baustelle | Balkenreste | Treppenstufen | 140 ml, 5×15 cm | ja, als Stufe | nein | Zuschnitt | Verkehrslast, Rutsch, Brandschutz | Nachweis der Reste","rule_medium","label_50p_has_bauteilprofil_component_profile",""
"reuse_einsatz/Resilience_La_Ferme_des_Possibles_Stains__006__mobile_Trennwand","has_funktionswechsel","funktionswechsel/Gleiche_Funktion","mobile Trennwand | ENGIE-Baustelle Saint-Denis via Métabolisme Urbain | Trennwand | mobile Trennwand | 11 m² | nein | nein | Stabilität, Akustik, Brandschutz | Produktdaten","rule_high","label_50p_has_bauteilprofil_component_profile",""
"reuse_einsatz/Resilience_La_Ferme_des_Possibles_Stains__006__mobile_Trennwand","has_funktionswechsel","funktionswechsel/Konstruktive_Funktion","mobile Trennwand | ENGIE-Baustelle Saint-Denis via Métabolisme Urbain | Trennwand | mobile Trennwand | 11 m² | nein | nein | Stabilität, Akustik, Brandschutz | Produktdaten","rule_medium","label_50p_has_bauteilprofil_component_profile",""
"reuse_einsatz/Resilience_La_Ferme_des_Possibles_Stains__007__Glast_ren","has_bauteilebene","bauteilebene/Bauteilgruppe","Glastüren | Glas/Metall/Holz | ENGIE-Baustelle Saint-Denis via Métabolisme Urbain | Türen | Innentüren | 14 Stück | nein | nein | Sicherheit, Brandschutz ggf. | heterogene Abmessungen","rule_medium","label_50p_has_bauteilprofil_component_profile",""
"reuse_einsatz/Resilience_La_Ferme_des_Possibles_Stains__007__Glast_ren","has_funktionswechsel","funktionswechsel/Gleiche_Funktion","Glastüren | Glas/Metall/Holz | ENGIE-Baustelle Saint-Denis via Métabolisme Urbain | Türen | Innentüren | 14 Stück | nein | nein | Sicherheit, Brandschutz ggf. | heterogene Abmessungen","rule_high","label_50p_has_bauteilprofil_component_profile",""
"reuse_einsatz/Resilience_La_Ferme_des_Possibles_Stains__007__Glast_ren","has_funktionswechsel","funktionswechsel/Konstruktive_Funktion","Glastüren | Glas/Metall/Holz | ENGIE-Baustelle Saint-Denis via Métabolisme Urbain | Türen | Innentüren | 14 Stück | nein | nein | Sicherheit, Brandschutz ggf. | heterogene Abmessungen","rule_medium","label_50p_has_bauteilprofil_component_profile",""
"reuse_einsatz/Resilience_La_Ferme_des_Possibles_Stains__008__Leuchten","has_bauteilebene","bauteilebene/Bauteilgruppe","Leuchten | Metall/Elektrik | ENGIE-Baustelle Saint-Denis via Métabolisme Urbain | Leuchten | Leuchten | 60 Stück / 100 % | nein | ja | elektrische Prüfung unbekannt | elektrische Sicherheit | Elektro-Nachweis","rule_medium","label_50p_has_bauteilprofil_component_profile",""
"reuse_einsatz/Resilience_La_Ferme_des_Possibles_Stains__008__Leuchten","has_funktionswechsel","funktionswechsel/Gleiche_Funktion","Leuchten | Metall/Elektrik | ENGIE-Baustelle Saint-Denis via Métabolisme Urbain | Leuchten | Leuchten | 60 Stück / 100 % | nein | ja | elektrische Prüfung unbekannt | elektrische Sicherheit | Elektro-Nachweis","rule_high","label_50p_has_bauteilprofil_component_profile",""
"reuse_einsatz/Resilience_La_Ferme_des_Possibles_Stains__008__Leuchten","has_funktionswechsel","funktionswechsel/Technische_Funktion","Leuchten | Metall/Elektrik | ENGIE-Baustelle Saint-Denis via Métabolisme Urbain | Leuchten | Leuchten | 60 Stück / 100 % | nein | ja | elektrische Prüfung unbekannt | elektrische Sicherheit | Elektro-Nachweis","rule_medium","label_50p_has_bauteilprofil_component_profile",""
"reuse_einsatz/Resilience_La_Ferme_des_Possibles_Stains__010__WC_und_Handwaschbecken","has_bauteilebene","bauteilebene/Bauteilgruppe","WC und Handwaschbecken | Keramik/Metall | Association Réavie | Sanitär | Sanitär | 14 Stück / 100 % | nein | ja | Reinigung | Hygiene, Dichtheit, Barrierefreiheit teils | Gewährleistung","rule_medium","label_50p_has_bauteilprofil_component_profile",""
"reuse_einsatz/Resilience_La_Ferme_des_Possibles_Stains__010__WC_und_Handwaschbecken","has_funktionswechsel","funktionswechsel/Gleiche_Funktion","WC und Handwaschbecken | Keramik/Metall | Association Réavie | Sanitär | Sanitär | 14 Stück / 100 % | nein | ja | Reinigung | Hygiene, Dichtheit, Barrierefreiheit teils | Gewährleistung","rule_high","label_50p_has_bauteilprofil_component_profile",""
"reuse_einsatz/Resilience_La_Ferme_des_Possibles_Stains__010__WC_und_Handwaschbecken","has_funktionswechsel","funktionswechsel/Technische_Funktion","WC und Handwaschbecken | Keramik/Metall | Association Réavie | Sanitär | Sanitär | 14 Stück / 100 % | nein | ja | Reinigung | Hygiene, Dichtheit, Barrierefreiheit teils | Gewährleistung","rule_medium","label_50p_has_bauteilprofil_component_profile",""
"reuse_einsatz/Resilience_La_Ferme_des_Possibles_Stains__011__Radiatoren","has_funktionswechsel","funktionswechsel/Gleiche_Funktion","Radiatoren | Guss | Le Bon Coin | Heizkörper | Heizkörper | 42 Stück / 100 % | nein | ja | Druck, Dichtheit, Leistung | Altgeräteprüfung","rule_high","label_50p_has_bauteilprofil_component_profile",""
"reuse_einsatz/Resilience_La_Ferme_des_Possibles_Stains__012__Granitpflaster","has_funktionswechsel","funktionswechsel/Neue_Funktion","Granitpflaster | Granit | Stadt Paris | Pflaster | Außenterrassen | 140 m² | nein | nein | Rutsch, Frost, Entwässerung | Logistik Gewicht","rule_medium","label_50p_has_bauteilprofil_component_profile",""
"reuse_einsatz/Resilience_La_Ferme_des_Possibles_Stains__012__Granitpflaster","has_funktionswechsel","funktionswechsel/Konstruktive_Funktion","Granitpflaster | Granit | Stadt Paris | Pflaster | Außenterrassen | 140 m² | nein | nein | Rutsch, Frost, Entwässerung | Logistik Gewicht","rule_medium","label_50p_has_bauteilprofil_component_profile",""
"reuse_einsatz/Resilience_La_Ferme_des_Possibles_Stains__014__Akustik_Baffles","has_bauteilebene","bauteilebene/Bauteilgruppe","Akustik-Baffles | ENGIE-Baustelle via Métabolisme Urbain | Akustikelemente | Akustikelemente | nein | nein | Akustik, Brandschutz | Nachweis","rule_medium","label_50p_has_bauteilprofil_component_profile",""
"reuse_einsatz/Resilience_La_Ferme_des_Possibles_Stains__014__Akustik_Baffles","has_funktionswechsel","funktionswechsel/Gleiche_Funktion","Akustik-Baffles | ENGIE-Baustelle via Métabolisme Urbain | Akustikelemente | Akustikelemente | nein | nein | Akustik, Brandschutz | Nachweis","rule_high","label_50p_has_bauteilprofil_component_profile",""
"reuse_einsatz/Resilience_La_Ferme_des_Possibles_Stains__014__Akustik_Baffles","has_funktionswechsel","funktionswechsel/Konstruktive_Funktion","Akustik-Baffles | ENGIE-Baustelle via Métabolisme Urbain | Akustikelemente | Akustikelemente | nein | nein | Akustik, Brandschutz | Nachweis","rule_medium","label_50p_has_bauteilprofil_component_profile",""
"reuse_einsatz/Resource_Rows_Copenhagen__001__Ziegelfassadenmodule_Mauerwerksausschnitte","has_bauteilebene","bauteilebene/Oberflaechenschicht","Ziegelfassadenmodule / Mauerwerksausschnitte | Ziegel + Mörtelverbund | abgebrochene / rückgebaute Gebäude, genaue Donoren zu prüfen | Außen-/Innenmauerwerk | Fassadenbekleidung / Hüllschicht | nein / nicht als Haupttragwerk belegt | nein | Ausschneiden, Transport, Montage als Module | Witterung, Befestigung, Frost, Brandschutz | Gewicht, Toleranzen, Verbindung","rule_high","label_50p_has_bauteilprofil_component_profile",""
"reuse_einsatz/Resource_Rows_Copenhagen__001__Ziegelfassadenmodule_Mauerwerksausschnitte","has_funktionswechsel","funktionswechsel/Neue_Funktion","Ziegelfassadenmodule / Mauerwerksausschnitte | Ziegel + Mörtelverbund | abgebrochene / rückgebaute Gebäude, genaue Donoren zu prüfen | Außen-/Innenmauerwerk | Fassadenbekleidung / Hüllschicht | nein / nicht als Haupttragwerk belegt | nein | Ausschneiden, Transport, Montage als Module | Witterung, Befestigung, Frost, Brandschutz | Gewicht, Toleranzen, Verbindung","rule_medium","label_50p_has_bauteilprofil_component_profile",""
"reuse_einsatz/Resource_Rows_Copenhagen__001__Ziegelfassadenmodule_Mauerwerksausschnitte","has_funktionswechsel","funktionswechsel/Konstruktive_Funktion","Ziegelfassadenmodule / Mauerwerksausschnitte | Ziegel + Mörtelverbund | abgebrochene / rückgebaute Gebäude, genaue Donoren zu prüfen | Außen-/Innenmauerwerk | Fassadenbekleidung / Hüllschicht | nein / nicht als Haupttragwerk belegt | nein | Ausschneiden, Transport, Montage als Module | Witterung, Befestigung, Frost, Brandschutz | Gewicht, Toleranzen, Verbindung","rule_medium","label_50p_has_bauteilprofil_component_profile",""
"reuse_einsatz/Roots_in_the_Sky_Blackfriars_Crown_Court__001__Stahltr_ger_profile","has_bauteilebene","bauteilebene/System","Stahlträger/-profile | Stahl | 1 Broadgate / 1–2 Broadgate, City of London | Tragwerk Bürogebäude | geplant: Tragwerk im Roots-Projekt | 30 t oder 139 t, Quellenkonflikt | ja, geplant | nein | Demontage, Lagerung, Prüfung, Re-Zertifizierung | testing/recertification genannt | Tragfähigkeit | Timing, Marktliquidität, Zertifizierung","rule_medium","label_50p_has_bauteilprofil_component_profile",""
"reuse_einsatz/Roots_in_the_Sky_Blackfriars_Crown_Court__001__Stahltr_ger_profile","has_bauteilzustand","bauteilzustand/Geprueft","Stahlträger/-profile | Stahl | 1 Broadgate / 1–2 Broadgate, City of London | Tragwerk Bürogebäude | geplant: Tragwerk im Roots-Projekt | 30 t oder 139 t, Quellenkonflikt | ja, geplant | nein | Demontage, Lagerung, Prüfung, Re-Zertifizierung | testing/recertification genannt | Tragfähigkeit | Timing, Marktliquidität, Zertifizierung","rule_medium","label_50p_has_bauteilprofil_component_profile",""
"reuse_einsatz/Roots_in_the_Sky_Blackfriars_Crown_Court__001__Stahltr_ger_profile","has_funktionswechsel","funktionswechsel/Gleiche_Funktion","Stahlträger/-profile | Stahl | 1 Broadgate / 1–2 Broadgate, City of London | Tragwerk Bürogebäude | geplant: Tragwerk im Roots-Projekt | 30 t oder 139 t, Quellenkonflikt | ja, geplant | nein | Demontage, Lagerung, Prüfung, Re-Zertifizierung | testing/recertification genannt | Tragfähigkeit | Timing, Marktliquidität, Zertifizierung","rule_high","label_50p_has_bauteilprofil_component_profile",""
"reuse_einsatz/Roots_in_the_Sky_Blackfriars_Crown_Court__001__Stahltr_ger_profile","has_funktionswechsel","funktionswechsel/Konstruktive_Funktion","Stahlträger/-profile | Stahl | 1 Broadgate / 1–2 Broadgate, City of London | Tragwerk Bürogebäude | geplant: Tragwerk im Roots-Projekt | 30 t oder 139 t, Quellenkonflikt | ja, geplant | nein | Demontage, Lagerung, Prüfung, Re-Zertifizierung | testing/recertification genannt | Tragfähigkeit | Timing, Marktliquidität, Zertifizierung","rule_medium","label_50p_has_bauteilprofil_component_profile",""
"reuse_einsatz/Roots_in_the_Sky_Blackfriars_Crown_Court__002__vorhandener_Stahl_aus_Blackfriars_Bestand","has_funktionswechsel","funktionswechsel/Neue_Funktion","vorhandener Stahl aus Blackfriars-Bestand | Stahl | Blackfriars Crown Court | Bestandsstruktur | geplant: temporäre Abstützung | temporär | nein | Rückbau/Sortierung | temporäre Standsicherheit | Umfang erst nach Contractor bestimmbar","rule_medium","label_50p_has_bauteilprofil_component_profile",""
"reuse_einsatz/Roots_in_the_Sky_Blackfriars_Crown_Court__005__Bestandsglas_ffnungsfenster","has_bauteilebene","bauteilebene/Bauteilgruppe","Bestandsglas / Öffnungsfenster | Glas/Holz/Stahl unbekannt | Blackfriars Crown Court | Fenster | Wiederherstellung / Reinterpretation originaler Merkmale geplant | nein | nein | Luftdichtheit/Wärmeschutz | nicht sicher als wiederverwendetes Bauteil belegt","rule_medium","label_50p_has_bauteilprofil_component_profile",""
"reuse_einsatz/Roots_in_the_Sky_Blackfriars_Crown_Court__005__Bestandsglas_ffnungsfenster","has_funktionswechsel","funktionswechsel/Neue_Funktion","Bestandsglas / Öffnungsfenster | Glas/Holz/Stahl unbekannt | Blackfriars Crown Court | Fenster | Wiederherstellung / Reinterpretation originaler Merkmale geplant | nein | nein | Luftdichtheit/Wärmeschutz | nicht sicher als wiederverwendetes Bauteil belegt","rule_medium","label_50p_has_bauteilprofil_component_profile",""
"reuse_einsatz/Roots_in_the_Sky_Blackfriars_Crown_Court__005__Bestandsglas_ffnungsfenster","has_funktionswechsel","funktionswechsel/Konstruktive_Funktion","Bestandsglas / Öffnungsfenster | Glas/Holz/Stahl unbekannt | Blackfriars Crown Court | Fenster | Wiederherstellung / Reinterpretation originaler Merkmale geplant | nein | nein | Luftdichtheit/Wärmeschutz | nicht sicher als wiederverwendetes Bauteil belegt","rule_medium","label_50p_has_bauteilprofil_component_profile",""
"reuse_einsatz/Saxum_Vineyard_Equipment_Barn_Paso_Robles__001__St_tzen_Pfosten","has_bauteilebene","bauteilebene/Bauteilgruppe","Stützen / Pfosten | Schedule-40-Stahlrohr | Ölindustrie / Drill-Stem-Pipe | Bohrrohr | Primärstützen | Durchmesser 2, 3, 3.5 inch; Stückzahl unbekannt | ja | nein | Zuschnitt/Einbau/Witterung; Details unbekannt | RISA-Analyse; Materialprüfung unbekannt | vertikale Lasten, PV-Dach, Wind | Geometrie/Qualität gebrauchter Rohre","rule_medium","label_50p_has_bauteilprofil_component_profile",""
"reuse_einsatz/Saxum_Vineyard_Equipment_Barn_Paso_Robles__001__St_tzen_Pfosten","has_funktionswechsel","funktionswechsel/Neue_Funktion","Stützen / Pfosten | Schedule-40-Stahlrohr | Ölindustrie / Drill-Stem-Pipe | Bohrrohr | Primärstützen | Durchmesser 2, 3, 3.5 inch; Stückzahl unbekannt | ja | nein | Zuschnitt/Einbau/Witterung; Details unbekannt | RISA-Analyse; Materialprüfung unbekannt | vertikale Lasten, PV-Dach, Wind | Geometrie/Qualität gebrauchter Rohre","rule_medium","label_50p_has_bauteilprofil_component_profile",""
"reuse_einsatz/Saxum_Vineyard_Equipment_Barn_Paso_Robles__001__St_tzen_Pfosten","has_funktionswechsel","funktionswechsel/Konstruktive_Funktion","Stützen / Pfosten | Schedule-40-Stahlrohr | Ölindustrie / Drill-Stem-Pipe | Bohrrohr | Primärstützen | Durchmesser 2, 3, 3.5 inch; Stückzahl unbekannt | ja | nein | Zuschnitt/Einbau/Witterung; Details unbekannt | RISA-Analyse; Materialprüfung unbekannt | vertikale Lasten, PV-Dach, Wind | Geometrie/Qualität gebrauchter Rohre","rule_medium","label_50p_has_bauteilprofil_component_profile",""
"reuse_einsatz/Saxum_Vineyard_Equipment_Barn_Paso_Robles__002__Dachtragwerk_Rohrtr_ger","has_bauteilebene","bauteilebene/System","Dachtragwerk / Rohrträger | Stahlrohr | Ölindustrie / Drill-Stem-Pipe | Bohrrohr | Dachrahmen / Space-Frame-Anteile | ja | nein | Zuschnitt/Schweißen | RISA-3D | Dachlasten, PV-Module, Verformung | Torsion/Deflection","rule_medium","label_50p_has_bauteilprofil_component_profile",""
"reuse_einsatz/Saxum_Vineyard_Equipment_Barn_Paso_Robles__002__Dachtragwerk_Rohrtr_ger","has_funktionswechsel","funktionswechsel/Neue_Funktion","Dachtragwerk / Rohrträger | Stahlrohr | Ölindustrie / Drill-Stem-Pipe | Bohrrohr | Dachrahmen / Space-Frame-Anteile | ja | nein | Zuschnitt/Schweißen | RISA-3D | Dachlasten, PV-Module, Verformung | Torsion/Deflection","rule_medium","label_50p_has_bauteilprofil_component_profile",""
"reuse_einsatz/Saxum_Vineyard_Equipment_Barn_Paso_Robles__002__Dachtragwerk_Rohrtr_ger","has_funktionswechsel","funktionswechsel/Konstruktive_Funktion","Dachtragwerk / Rohrträger | Stahlrohr | Ölindustrie / Drill-Stem-Pipe | Bohrrohr | Dachrahmen / Space-Frame-Anteile | ja | nein | Zuschnitt/Schweißen | RISA-3D | Dachlasten, PV-Module, Verformung | Torsion/Deflection","rule_medium","label_50p_has_bauteilprofil_component_profile",""
"reuse_einsatz/Saxum_Vineyard_Equipment_Barn_Paso_Robles__004__Aussteifung","has_funktionswechsel","funktionswechsel/Unbekannt","Aussteifung | Stahlstäbe | Dach-Diaphragma und vertikale Zugverbände | ja | nein | RISA-3D | laterale Kräfte","rule_low","label_50p_has_bauteilprofil_component_profile",""
"reuse_einsatz/Saxum_Vineyard_Equipment_Barn_Paso_Robles__004__Aussteifung","has_funktionswechsel","funktionswechsel/Konstruktive_Funktion","Aussteifung | Stahlstäbe | Dach-Diaphragma und vertikale Zugverbände | ja | nein | RISA-3D | laterale Kräfte","rule_medium","label_50p_has_bauteilprofil_component_profile",""
"reuse_einsatz/Saxum_Vineyard_Equipment_Barn_Paso_Robles__005__Tore_Bekleidung","has_bauteilebene","bauteilebene/Oberflaechenschicht","Tore / Bekleidung | wetternde Stahl-Offcuts | benachbarte Winery-Shoring-Walls | Offcuts / temporäre Wandteile | Torbekleidung | nein | nein | Zuschnitt in „calico pattern“ | Witterung, Bedienbarkeit | irreguläre Formen","rule_high","label_50p_has_bauteilprofil_component_profile",""
"reuse_einsatz/Saxum_Vineyard_Equipment_Barn_Paso_Robles__005__Tore_Bekleidung","has_funktionswechsel","funktionswechsel/Neue_Funktion","Tore / Bekleidung | wetternde Stahl-Offcuts | benachbarte Winery-Shoring-Walls | Offcuts / temporäre Wandteile | Torbekleidung | nein | nein | Zuschnitt in „calico pattern“ | Witterung, Bedienbarkeit | irreguläre Formen","rule_high","label_50p_has_bauteilprofil_component_profile",""
"reuse_einsatz/Saxum_Vineyard_Equipment_Barn_Paso_Robles__010__T_ren","has_bauteilebene","bauteilebene/Materialcharge","Türen | Stahl-Offcut-Tore | s. Tore | Offcuts | große Barn Doors | nein | nein | Zuschnitt | Witterung / Nutzung | Zuschnitt unregelmäßiger Offcuts","rule_high","label_50p_has_bauteilprofil_component_profile",""
"reuse_einsatz/Saxum_Vineyard_Equipment_Barn_Paso_Robles__010__T_ren","has_funktionswechsel","funktionswechsel/Neue_Funktion","Türen | Stahl-Offcut-Tore | s. Tore | Offcuts | große Barn Doors | nein | nein | Zuschnitt | Witterung / Nutzung | Zuschnitt unregelmäßiger Offcuts","rule_medium","label_50p_has_bauteilprofil_component_profile",""
"reuse_einsatz/Superlocal_Expogebouw_Bleijerheide__001__Wohnungsteile_Betonunits","has_funktionswechsel","funktionswechsel/Neue_Funktion","Wohnungsteile / Betonunits | Stahlbeton / Beton | Wohnung aus Hochhausflat Ursulastraat | tragende/raumbildende Wohnungsteile | Grundstruktur des Expogebouw | 3 Teile; je ca. 45 t laut Projektseite; andere Meldung ca. 40 t | ja | nein | aus Wohnung gesägt, getrennt, mit 52-m-Kran herausgehoben, per Trailer transportiert | Bauadviesbureau/Volantis, Details unbekannt | Tragfähigkeit, Rissfreiheit, Maßhaltigkeit, Transportfestigkeit | Risse beim Kran-/Trailertransport, Maßhaltigkeit","rule_high","label_50p_has_bauteilprofil_component_profile",""
"reuse_einsatz/Superlocal_Expogebouw_Bleijerheide__001__Wohnungsteile_Betonunits","has_funktionswechsel","funktionswechsel/Konstruktive_Funktion","Wohnungsteile / Betonunits | Stahlbeton / Beton | Wohnung aus Hochhausflat Ursulastraat | tragende/raumbildende Wohnungsteile | Grundstruktur des Expogebouw | 3 Teile; je ca. 45 t laut Projektseite; andere Meldung ca. 40 t | ja | nein | aus Wohnung gesägt, getrennt, mit 52-m-Kran herausgehoben, per Trailer transportiert | Bauadviesbureau/Volantis, Details unbekannt | Tragfähigkeit, Rissfreiheit, Maßhaltigkeit, Transportfestigkeit | Risse beim Kran-/Trailertransport, Maßhaltigkeit","rule_medium","label_50p_has_bauteilprofil_component_profile",""
"reuse_einsatz/Superlocal_Expogebouw_Bleijerheide__002__Aluminiumrohre","has_funktionswechsel","funktionswechsel/Gleiche_Funktion","Aluminiumrohre | Aluminium | Donorflat | unbekannt / Installations-/Bauteil | wiederverwendetes Bauteil | möglich | möglichst ohne Bearbeitung","rule_high","label_50p_has_bauteilprofil_component_profile",""
"reuse_einsatz/Superlocal_Expogebouw_Bleijerheide__003__Heizk_rper_Radiatoren","has_funktionswechsel","funktionswechsel/Gleiche_Funktion","Heizkörper / Radiatoren | Metall | Donorflat | Heizung | Heizung / Demonstrator | nein | ja | Ausbau, Wiedereinbau | Betrieb, Dichtheit | Zustand/Kompatibilität","rule_high","label_50p_has_bauteilprofil_component_profile",""
"reuse_einsatz/Superlocal_Expogebouw_Bleijerheide__003__Heizk_rper_Radiatoren","has_funktionswechsel","funktionswechsel/Technische_Funktion","Heizkörper / Radiatoren | Metall | Donorflat | Heizung | Heizung / Demonstrator | nein | ja | Ausbau, Wiedereinbau | Betrieb, Dichtheit | Zustand/Kompatibilität","rule_medium","label_50p_has_bauteilprofil_component_profile",""
"reuse_einsatz/Superlocal_Expogebouw_Bleijerheide__004__Plattenmaterial","has_bauteilebene","bauteilebene/Bauteilgruppe","Plattenmaterial | Donorflat | Ausbau/Fassade unbekannt | Ausbau | nein | nein | Wiederverwendung | Gebrauchstauglichkeit | Qualität","rule_medium","label_50p_has_bauteilprofil_component_profile",""
"reuse_einsatz/Superlocal_Expogebouw_Bleijerheide__004__Plattenmaterial","has_funktionswechsel","funktionswechsel/Gleiche_Funktion","Plattenmaterial | Donorflat | Ausbau/Fassade unbekannt | Ausbau | nein | nein | Wiederverwendung | Gebrauchstauglichkeit | Qualität","rule_high","label_50p_has_bauteilprofil_component_profile",""
"reuse_einsatz/Superlocal_Expogebouw_Bleijerheide__005__Fenster_Kozijnen","has_bauteilebene","bauteilebene/Bauteilgruppe","Fenster-/Kozijnen | Holz/Glas? unbekannt | Donorflat | Fensterrahmen | Fenster/Hülle | nein | nein | Ausbau; teils problematische Bearbeitung wegen Asbest | Wind-/Wasserdichtheit, Wärmeschutz | Asbest in Rahmen, Kosten","rule_medium","label_50p_has_bauteilprofil_component_profile",""
"reuse_einsatz/Superlocal_Expogebouw_Bleijerheide__005__Fenster_Kozijnen","has_bauteilzustand","bauteilzustand/Kontaminiert","Fenster-/Kozijnen | Holz/Glas? unbekannt | Donorflat | Fensterrahmen | Fenster/Hülle | nein | nein | Ausbau; teils problematische Bearbeitung wegen Asbest | Wind-/Wasserdichtheit, Wärmeschutz | Asbest in Rahmen, Kosten","rule_high","label_50p_has_bauteilprofil_component_profile",""
"reuse_einsatz/Superlocal_Expogebouw_Bleijerheide__005__Fenster_Kozijnen","has_funktionswechsel","funktionswechsel/Gleiche_Funktion","Fenster-/Kozijnen | Holz/Glas? unbekannt | Donorflat | Fensterrahmen | Fenster/Hülle | nein | nein | Ausbau; teils problematische Bearbeitung wegen Asbest | Wind-/Wasserdichtheit, Wärmeschutz | Asbest in Rahmen, Kosten","rule_high","label_50p_has_bauteilprofil_component_profile",""
"reuse_einsatz/Superlocal_Expogebouw_Bleijerheide__005__Fenster_Kozijnen","has_funktionswechsel","funktionswechsel/Konstruktive_Funktion","Fenster-/Kozijnen | Holz/Glas? unbekannt | Donorflat | Fensterrahmen | Fenster/Hülle | nein | nein | Ausbau; teils problematische Bearbeitung wegen Asbest | Wind-/Wasserdichtheit, Wärmeschutz | Asbest in Rahmen, Kosten","rule_medium","label_50p_has_bauteilprofil_component_profile",""
"reuse_einsatz/Superlocal_Expogebouw_Bleijerheide__006__Haust_ren_Voordeuren","has_bauteilebene","bauteilebene/Bauteilgruppe","Haustüren / Voordeuren | Donorflat | Wohnungseingang | Tür | nein | nein | Ausbau/Wiedereinbau | Sicherheit, Dichtheit | Zustand/Maße","rule_medium","label_50p_has_bauteilprofil_component_profile",""
"reuse_einsatz/Superlocal_Expogebouw_Bleijerheide__006__Haust_ren_Voordeuren","has_funktionswechsel","funktionswechsel/Neue_Funktion","Haustüren / Voordeuren | Donorflat | Wohnungseingang | Tür | nein | nein | Ausbau/Wiedereinbau | Sicherheit, Dichtheit | Zustand/Maße","rule_medium","label_50p_has_bauteilprofil_component_profile",""
"reuse_einsatz/Superlocal_Expogebouw_Bleijerheide__007__Gel_nder","has_funktionswechsel","funktionswechsel/Neue_Funktion","Geländer | Metall | Donorflat | Absturzsicherung | Geländer | nein | nein | Ausbau/Wiedereinbau | Absturzsicherung | Normnachweis","rule_medium","label_50p_has_bauteilprofil_component_profile",""
"reuse_einsatz/Superlocal_Expogebouw_Bleijerheide__008__Br_stungen_Borstweringen","has_funktionswechsel","funktionswechsel/Gleiche_Funktion","Brüstungen / Borstweringen | Beton/Metall unbekannt | Donorflat | Fassade/Brüstung | Brüstung/Hülle | möglicherweise | nein | Ausbau/Wiedereinbau | Absturzsicherung/Witterung | Anschlüsse","rule_high","label_50p_has_bauteilprofil_component_profile",""
"reuse_einsatz/Superlocal_Expogebouw_Bleijerheide__008__Br_stungen_Borstweringen","has_funktionswechsel","funktionswechsel/Konstruktive_Funktion","Brüstungen / Borstweringen | Beton/Metall unbekannt | Donorflat | Fassade/Brüstung | Brüstung/Hülle | möglicherweise | nein | Ausbau/Wiedereinbau | Absturzsicherung/Witterung | Anschlüsse","rule_medium","label_50p_has_bauteilprofil_component_profile",""
"reuse_einsatz/Superlocal_Expogebouw_Bleijerheide__010__Pflaster_Bodenplatten_au_en","has_bauteilebene","bauteilebene/Bauteilgruppe","Pflaster / Bodenplatten außen | Beton/Stein | Originalpflaster und Wohnungs-Bodenplatten Ursulastraat sowie andere Quellen | Boden/Pflaster | Außenpflaster | vollständig um das Gebäude herum; Menge unbekannt | nein | nein | Ausbau, Wiedereinbau | Ebenheit, Frost, Belastung | Logistik/Lagerung","rule_medium","label_50p_has_bauteilprofil_component_profile",""
"reuse_einsatz/Superlocal_Expogebouw_Bleijerheide__010__Pflaster_Bodenplatten_au_en","has_funktionswechsel","funktionswechsel/Neue_Funktion","Pflaster / Bodenplatten außen | Beton/Stein | Originalpflaster und Wohnungs-Bodenplatten Ursulastraat sowie andere Quellen | Boden/Pflaster | Außenpflaster | vollständig um das Gebäude herum; Menge unbekannt | nein | nein | Ausbau, Wiedereinbau | Ebenheit, Frost, Belastung | Logistik/Lagerung","rule_medium","label_50p_has_bauteilprofil_component_profile",""
"reuse_einsatz/Superlocal_Expogebouw_Bleijerheide__010__Pflaster_Bodenplatten_au_en","has_funktionswechsel","funktionswechsel/Konstruktive_Funktion","Pflaster / Bodenplatten außen | Beton/Stein | Originalpflaster und Wohnungs-Bodenplatten Ursulastraat sowie andere Quellen | Boden/Pflaster | Außenpflaster | vollständig um das Gebäude herum; Menge unbekannt | nein | nein | Ausbau, Wiedereinbau | Ebenheit, Frost, Belastung | Logistik/Lagerung","rule_medium","label_50p_has_bauteilprofil_component_profile",""
"reuse_einsatz/Svanen_Kindergarten_Gladsaxe__001__Holz_Dachbinder_timber_trusses","has_bauteilebene","bauteilebene/System","Holz-Dachbinder / timber trusses | Holz | ehemalige Sporthalle / Schule | Dachtragwerk | Strukturierung / Tragwerk neuer Räume | ja | nein | Demontage, Sortierung, Lagerung, Wiedereinbau | Tragfähigkeit, Brandschutz, Dauerhaftigkeit | Nachweis Alt-Holz","rule_medium","label_50p_has_bauteilprofil_component_profile",""
"reuse_einsatz/Svanen_Kindergarten_Gladsaxe__001__Holz_Dachbinder_timber_trusses","has_funktionswechsel","funktionswechsel/Gleiche_Funktion","Holz-Dachbinder / timber trusses | Holz | ehemalige Sporthalle / Schule | Dachtragwerk | Strukturierung / Tragwerk neuer Räume | ja | nein | Demontage, Sortierung, Lagerung, Wiedereinbau | Tragfähigkeit, Brandschutz, Dauerhaftigkeit | Nachweis Alt-Holz","rule_high","label_50p_has_bauteilprofil_component_profile",""
"reuse_einsatz/Svanen_Kindergarten_Gladsaxe__001__Holz_Dachbinder_timber_trusses","has_funktionswechsel","funktionswechsel/Konstruktive_Funktion","Holz-Dachbinder / timber trusses | Holz | ehemalige Sporthalle / Schule | Dachtragwerk | Strukturierung / Tragwerk neuer Räume | ja | nein | Demontage, Sortierung, Lagerung, Wiedereinbau | Tragfähigkeit, Brandschutz, Dauerhaftigkeit | Nachweis Alt-Holz","rule_medium","label_50p_has_bauteilprofil_component_profile",""
"reuse_einsatz/Svanen_Kindergarten_Gladsaxe__002__Holzrafters_tr_sp_r","has_bauteilebene","bauteilebene/System","Holzrafters / træspær | Holz | Gladsaxe School | Dach/Tragwerk | Bauteil im neuen Kindergarten | wahrscheinlich ja | nein | Ausbau/Wiedereinbau | Tragfähigkeit","rule_medium","label_50p_has_bauteilprofil_component_profile",""
"reuse_einsatz/Svanen_Kindergarten_Gladsaxe__002__Holzrafters_tr_sp_r","has_funktionswechsel","funktionswechsel/Neue_Funktion","Holzrafters / træspær | Holz | Gladsaxe School | Dach/Tragwerk | Bauteil im neuen Kindergarten | wahrscheinlich ja | nein | Ausbau/Wiedereinbau | Tragfähigkeit","rule_medium","label_50p_has_bauteilprofil_component_profile",""
"reuse_einsatz/Svanen_Kindergarten_Gladsaxe__002__Holzrafters_tr_sp_r","has_funktionswechsel","funktionswechsel/Konstruktive_Funktion","Holzrafters / træspær | Holz | Gladsaxe School | Dach/Tragwerk | Bauteil im neuen Kindergarten | wahrscheinlich ja | nein | Ausbau/Wiedereinbau | Tragfähigkeit","rule_medium","label_50p_has_bauteilprofil_component_profile",""
"reuse_einsatz/Svanen_Kindergarten_Gladsaxe__003__Ziegel_bricks","has_bauteilebene","bauteilebene/Oberflaechenschicht","Ziegel / bricks | Keramik | alte Schule | Mauerwerk/Oberflächen | Innen- und Außenflächen | nein | schonender Rückbau, Reinigung, Wiedereinbau | Dauerhaftigkeit, Frost, ggf. Tragfähigkeit | Bruch, Mörtelreste","rule_high","label_50p_has_bauteilprofil_component_profile",""
"reuse_einsatz/Svanen_Kindergarten_Gladsaxe__003__Ziegel_bricks","has_funktionswechsel","funktionswechsel/Neue_Funktion","Ziegel / bricks | Keramik | alte Schule | Mauerwerk/Oberflächen | Innen- und Außenflächen | nein | schonender Rückbau, Reinigung, Wiedereinbau | Dauerhaftigkeit, Frost, ggf. Tragfähigkeit | Bruch, Mörtelreste","rule_medium","label_50p_has_bauteilprofil_component_profile",""
"reuse_einsatz/Svanen_Kindergarten_Gladsaxe__003__Ziegel_bricks","has_funktionswechsel","funktionswechsel/Konstruktive_Funktion","Ziegel / bricks | Keramik | alte Schule | Mauerwerk/Oberflächen | Innen- und Außenflächen | nein | schonender Rückbau, Reinigung, Wiedereinbau | Dauerhaftigkeit, Frost, ggf. Tragfähigkeit | Bruch, Mörtelreste","rule_medium","label_50p_has_bauteilprofil_component_profile",""
"reuse_einsatz/Svanen_Kindergarten_Gladsaxe__004__Dachziegel_roof_tiles_vingetegl","has_bauteilebene","bauteilebene/Oberflaechenschicht","Dachziegel / roof tiles / vingetegl | Keramik | alte Schule | Dachdeckung | Dach/Fassade/Oberflächen | nein | nein | Demontage, Sortierung, Wiedereinbau | Witterung, Wasserführung, Frost | Qualität/Bruch","rule_high","label_50p_has_bauteilprofil_component_profile",""
"reuse_einsatz/Svanen_Kindergarten_Gladsaxe__004__Dachziegel_roof_tiles_vingetegl","has_funktionswechsel","funktionswechsel/Gleiche_Funktion","Dachziegel / roof tiles / vingetegl | Keramik | alte Schule | Dachdeckung | Dach/Fassade/Oberflächen | nein | nein | Demontage, Sortierung, Wiedereinbau | Witterung, Wasserführung, Frost | Qualität/Bruch","rule_high","label_50p_has_bauteilprofil_component_profile",""
"reuse_einsatz/Svanen_Kindergarten_Gladsaxe__004__Dachziegel_roof_tiles_vingetegl","has_funktionswechsel","funktionswechsel/Konstruktive_Funktion","Dachziegel / roof tiles / vingetegl | Keramik | alte Schule | Dachdeckung | Dach/Fassade/Oberflächen | nein | nein | Demontage, Sortierung, Wiedereinbau | Witterung, Wasserführung, Frost | Qualität/Bruch","rule_medium","label_50p_has_bauteilprofil_component_profile",""
"reuse_einsatz/Svanen_Kindergarten_Gladsaxe__005__Stahlfassadenelemente_facade_panels","has_bauteilebene","bauteilebene/Gebaeudeteil","Stahlfassadenelemente / facade panels | Stahl/Metall | alte Schule | Fassadenelemente | neue Fassaden-/Hüllenelemente | nein | nein | Demontage, Lagerung, Wiedereinbau | Korrosion, Wind, Witterung | Anpassung","rule_medium","label_50p_has_bauteilprofil_component_profile",""
"reuse_einsatz/Svanen_Kindergarten_Gladsaxe__005__Stahlfassadenelemente_facade_panels","has_funktionswechsel","funktionswechsel/Gleiche_Funktion","Stahlfassadenelemente / facade panels | Stahl/Metall | alte Schule | Fassadenelemente | neue Fassaden-/Hüllenelemente | nein | nein | Demontage, Lagerung, Wiedereinbau | Korrosion, Wind, Witterung | Anpassung","rule_high","label_50p_has_bauteilprofil_component_profile",""
"reuse_einsatz/Svanen_Kindergarten_Gladsaxe__005__Stahlfassadenelemente_facade_panels","has_funktionswechsel","funktionswechsel/Konstruktive_Funktion","Stahlfassadenelemente / facade panels | Stahl/Metall | alte Schule | Fassadenelemente | neue Fassaden-/Hüllenelemente | nein | nein | Demontage, Lagerung, Wiedereinbau | Korrosion, Wind, Witterung | Anpassung","rule_medium","label_50p_has_bauteilprofil_component_profile",""
"reuse_einsatz/Svanen_Kindergarten_Gladsaxe__008__Observatoriumskuppel","has_funktionswechsel","funktionswechsel/Neue_Funktion","Observatoriumskuppel | alte Schule | Observatorium | Spielhaus | 1? | nein/unklar | nein | Umsetzung | Sicherheit | eher kulturelles Objekt","rule_medium","label_50p_has_bauteilprofil_component_profile",""
"reuse_einsatz/TRAE_High_Rise_Aarhus__002__Aluminium_Fassadenplatten","has_bauteilebene","bauteilebene/Oberflaechenschicht","Aluminium-Fassadenplatten | Aluminium | Industrie-/Farmdächer; Herlev-Dach; beschädigte Postboxen nach Quellenlage | Dach/Fassade/Postbox | Fassadenbekleidung | Menge unbekannt | nein | nein | Demontage, Glätten/Umformen, Montage | DBI-/Fassadenmodelltests erwähnt | Wetter, Korrosion, Brandschutz | Feuer / Restlebensdauer","rule_high","label_50p_has_bauteilprofil_component_profile",""
"reuse_einsatz/TRAE_High_Rise_Aarhus__002__Aluminium_Fassadenplatten","has_bauteilzustand","bauteilzustand/Geprueft","Aluminium-Fassadenplatten | Aluminium | Industrie-/Farmdächer; Herlev-Dach; beschädigte Postboxen nach Quellenlage | Dach/Fassade/Postbox | Fassadenbekleidung | Menge unbekannt | nein | nein | Demontage, Glätten/Umformen, Montage | DBI-/Fassadenmodelltests erwähnt | Wetter, Korrosion, Brandschutz | Feuer / Restlebensdauer","rule_medium","label_50p_has_bauteilprofil_component_profile",""
"reuse_einsatz/TRAE_High_Rise_Aarhus__002__Aluminium_Fassadenplatten","has_bauteilzustand","bauteilzustand/Beschaedigt","Aluminium-Fassadenplatten | Aluminium | Industrie-/Farmdächer; Herlev-Dach; beschädigte Postboxen nach Quellenlage | Dach/Fassade/Postbox | Fassadenbekleidung | Menge unbekannt | nein | nein | Demontage, Glätten/Umformen, Montage | DBI-/Fassadenmodelltests erwähnt | Wetter, Korrosion, Brandschutz | Feuer / Restlebensdauer","rule_high","label_50p_has_bauteilprofil_component_profile",""
"reuse_einsatz/TRAE_High_Rise_Aarhus__002__Aluminium_Fassadenplatten","has_funktionswechsel","funktionswechsel/Gleiche_Funktion","Aluminium-Fassadenplatten | Aluminium | Industrie-/Farmdächer; Herlev-Dach; beschädigte Postboxen nach Quellenlage | Dach/Fassade/Postbox | Fassadenbekleidung | Menge unbekannt | nein | nein | Demontage, Glätten/Umformen, Montage | DBI-/Fassadenmodelltests erwähnt | Wetter, Korrosion, Brandschutz | Feuer / Restlebensdauer","rule_high","label_50p_has_bauteilprofil_component_profile",""
"reuse_einsatz/TRAE_High_Rise_Aarhus__002__Aluminium_Fassadenplatten","has_funktionswechsel","funktionswechsel/Konstruktive_Funktion","Aluminium-Fassadenplatten | Aluminium | Industrie-/Farmdächer; Herlev-Dach; beschädigte Postboxen nach Quellenlage | Dach/Fassade/Postbox | Fassadenbekleidung | Menge unbekannt | nein | nein | Demontage, Glätten/Umformen, Montage | DBI-/Fassadenmodelltests erwähnt | Wetter, Korrosion, Brandschutz | Feuer / Restlebensdauer","rule_medium","label_50p_has_bauteilprofil_component_profile",""
"reuse_einsatz/TRAE_High_Rise_Aarhus__003__Windturbinenfl_gel","has_bauteilebene","bauteilebene/Einzelbauteil","Windturbinenflügel | Faserverbund / Epoxy-Glasfaser | ausgemusterte Windkraftanlagen | Rotorblatt | Sonnenschutz/Fassadenelement | Menge unbekannt | nein | nein | Zuschneiden, Befestigen | Full-scale fire tests erwähnt | Brandschutz, Dauerhaftigkeit, Windlast | unkonventioneller Baustoff","rule_medium","label_50p_has_bauteilprofil_component_profile",""
"reuse_einsatz/TRAE_High_Rise_Aarhus__003__Windturbinenfl_gel","has_bauteilzustand","bauteilzustand/Geprueft","Windturbinenflügel | Faserverbund / Epoxy-Glasfaser | ausgemusterte Windkraftanlagen | Rotorblatt | Sonnenschutz/Fassadenelement | Menge unbekannt | nein | nein | Zuschneiden, Befestigen | Full-scale fire tests erwähnt | Brandschutz, Dauerhaftigkeit, Windlast | unkonventioneller Baustoff","rule_medium","label_50p_has_bauteilprofil_component_profile",""
"reuse_einsatz/TRAE_High_Rise_Aarhus__003__Windturbinenfl_gel","has_funktionswechsel","funktionswechsel/Neue_Funktion","Windturbinenflügel | Faserverbund / Epoxy-Glasfaser | ausgemusterte Windkraftanlagen | Rotorblatt | Sonnenschutz/Fassadenelement | Menge unbekannt | nein | nein | Zuschneiden, Befestigen | Full-scale fire tests erwähnt | Brandschutz, Dauerhaftigkeit, Windlast | unkonventioneller Baustoff","rule_medium","label_50p_has_bauteilprofil_component_profile",""
"reuse_einsatz/TRAE_High_Rise_Aarhus__003__Windturbinenfl_gel","has_funktionswechsel","funktionswechsel/Konstruktive_Funktion","Windturbinenflügel | Faserverbund / Epoxy-Glasfaser | ausgemusterte Windkraftanlagen | Rotorblatt | Sonnenschutz/Fassadenelement | Menge unbekannt | nein | nein | Zuschneiden, Befestigen | Full-scale fire tests erwähnt | Brandschutz, Dauerhaftigkeit, Windlast | unkonventioneller Baustoff","rule_medium","label_50p_has_bauteilprofil_component_profile",""
"reuse_einsatz/TRAE_High_Rise_Aarhus__004__wiederverwendete_upgecycelte_Fenster","has_bauteilebene","bauteilebene/Bauteilgruppe","wiederverwendete/upgecycelte Fenster | Glas/Holz/Metall | alte Fenster / Ausschussglas aus Produktion, je nach Quelle | Fenster / Glas | Fenster / Bauelement | a:gain 110 m² window elements; DOVISTA ohne Gesamtmenge | nein | nein | Aufbereitung/Neufertigung | Performance bestätigt bei DOVISTA | U-Wert, Dichtheit | Gewährleistung","rule_medium","label_50p_has_bauteilprofil_component_profile",""
"reuse_einsatz/TRAE_High_Rise_Aarhus__004__wiederverwendete_upgecycelte_Fenster","has_funktionswechsel","funktionswechsel/Gleiche_Funktion","wiederverwendete/upgecycelte Fenster | Glas/Holz/Metall | alte Fenster / Ausschussglas aus Produktion, je nach Quelle | Fenster / Glas | Fenster / Bauelement | a:gain 110 m² window elements; DOVISTA ohne Gesamtmenge | nein | nein | Aufbereitung/Neufertigung | Performance bestätigt bei DOVISTA | U-Wert, Dichtheit | Gewährleistung","rule_high","label_50p_has_bauteilprofil_component_profile",""
"reuse_einsatz/TRAE_High_Rise_Aarhus__005__Boden_aus_alten_Fensterrahmen","has_bauteilebene","bauteilebene/Bauteilgruppe","Boden aus alten Fensterrahmen | Holz | alte Fensterrahmen / Produktionsreste | Fensterrahmen | Parkett/Blockboden | 1.500 m² nach Floorcoat; a:gain nennt 9.229 m² End-Grain + 7.669 m² Parquet Produkte | nein | nein | Remanufacturing, Öl/Lack | Abrieb, Brandschutz | Aufbereitung und Homogenität","rule_medium","label_50p_has_bauteilprofil_component_profile",""
"reuse_einsatz/TRAE_High_Rise_Aarhus__005__Boden_aus_alten_Fensterrahmen","has_funktionswechsel","funktionswechsel/Neue_Funktion","Boden aus alten Fensterrahmen | Holz | alte Fensterrahmen / Produktionsreste | Fensterrahmen | Parkett/Blockboden | 1.500 m² nach Floorcoat; a:gain nennt 9.229 m² End-Grain + 7.669 m² Parquet Produkte | nein | nein | Remanufacturing, Öl/Lack | Abrieb, Brandschutz | Aufbereitung und Homogenität","rule_high","label_50p_has_bauteilprofil_component_profile",""
"reuse_einsatz/TRAE_High_Rise_Aarhus__005__Boden_aus_alten_Fensterrahmen","has_funktionswechsel","funktionswechsel/Konstruktive_Funktion","Boden aus alten Fensterrahmen | Holz | alte Fensterrahmen / Produktionsreste | Fensterrahmen | Parkett/Blockboden | 1.500 m² nach Floorcoat; a:gain nennt 9.229 m² End-Grain + 7.669 m² Parquet Produkte | nein | nein | Remanufacturing, Öl/Lack | Abrieb, Brandschutz | Aufbereitung und Homogenität","rule_medium","label_50p_has_bauteilprofil_component_profile",""
"reuse_einsatz/TRAE_High_Rise_Aarhus__006__Boden_Decken_aus_Gellerupparken","has_funktionswechsel","funktionswechsel/Gleiche_Funktion","Boden/Decken aus Gellerupparken | Holz/Beton? unbekannt | abgebrochene Wohnblöcke Gellerupparken | Boden/Decke | Innenausbau auf Reuse-Floor | nein | Ausbau, Anpassung | Nutzungssicherheit | Herkunft/Materialdetails","rule_high","label_50p_has_bauteilprofil_component_profile",""
"reuse_einsatz/TRAE_High_Rise_Aarhus__006__Boden_Decken_aus_Gellerupparken","has_funktionswechsel","funktionswechsel/Konstruktive_Funktion","Boden/Decken aus Gellerupparken | Holz/Beton? unbekannt | abgebrochene Wohnblöcke Gellerupparken | Boden/Decke | Innenausbau auf Reuse-Floor | nein | Ausbau, Anpassung | Nutzungssicherheit | Herkunft/Materialdetails","rule_medium","label_50p_has_bauteilprofil_component_profile",""
"reuse_einsatz/TRAE_High_Rise_Aarhus__007__Troldtekt_Akustikplatten","has_bauteilebene","bauteilebene/Bauteilgruppe","Troldtekt-Akustikplatten | Holzwolle-Zement/akustisches Material | GreenDozer / direkt wiederverwendete Platten | Akustikdecke/-wand | Reuse-Floor Akustik | nein | technisch: akustisch | Demontage, Wiedereinbau | Qualitätschecks erwähnt | Akustik, Brandschutz | Brandschutz/Restzustand","rule_medium","label_50p_has_bauteilprofil_component_profile",""
"reuse_einsatz/TRAE_High_Rise_Aarhus__007__Troldtekt_Akustikplatten","has_funktionswechsel","funktionswechsel/Gleiche_Funktion","Troldtekt-Akustikplatten | Holzwolle-Zement/akustisches Material | GreenDozer / direkt wiederverwendete Platten | Akustikdecke/-wand | Reuse-Floor Akustik | nein | technisch: akustisch | Demontage, Wiedereinbau | Qualitätschecks erwähnt | Akustik, Brandschutz | Brandschutz/Restzustand","rule_high","label_50p_has_bauteilprofil_component_profile",""
"reuse_einsatz/TRAE_High_Rise_Aarhus__007__Troldtekt_Akustikplatten","has_funktionswechsel","funktionswechsel/Konstruktive_Funktion","Troldtekt-Akustikplatten | Holzwolle-Zement/akustisches Material | GreenDozer / direkt wiederverwendete Platten | Akustikdecke/-wand | Reuse-Floor Akustik | nein | technisch: akustisch | Demontage, Wiedereinbau | Qualitätschecks erwähnt | Akustik, Brandschutz | Brandschutz/Restzustand","rule_medium","label_50p_has_bauteilprofil_component_profile",""
"reuse_einsatz/The_Green_House_Utrecht__001__Rauchglas_Fassadenpaneele","has_bauteilebene","bauteilebene/Bauteilgruppe","Rauchglas-Fassadenpaneele | Glas / Rahmen unbekannt | ehemalige Knoopkazerne | Fassadenpaneele / Brüstungs- oder Fassadenelemente | zweite Haut des Pavillons und Gewächshausfassade | Stückzahl/m² unbekannt | nein | nein | demontiert, angepasst an neuen Stahlrahmen | Wind, Sicherheit, Schlagregen, Wärmeschutz als zweite Haut | Maße bestimmen Entwurf","rule_medium","label_50p_has_bauteilprofil_component_profile",""
"reuse_einsatz/The_Green_House_Utrecht__001__Rauchglas_Fassadenpaneele","has_funktionswechsel","funktionswechsel/Gleiche_Funktion","Rauchglas-Fassadenpaneele | Glas / Rahmen unbekannt | ehemalige Knoopkazerne | Fassadenpaneele / Brüstungs- oder Fassadenelemente | zweite Haut des Pavillons und Gewächshausfassade | Stückzahl/m² unbekannt | nein | nein | demontiert, angepasst an neuen Stahlrahmen | Wind, Sicherheit, Schlagregen, Wärmeschutz als zweite Haut | Maße bestimmen Entwurf","rule_high","label_50p_has_bauteilprofil_component_profile",""
"reuse_einsatz/The_Green_House_Utrecht__001__Rauchglas_Fassadenpaneele","has_funktionswechsel","funktionswechsel/Konstruktive_Funktion","Rauchglas-Fassadenpaneele | Glas / Rahmen unbekannt | ehemalige Knoopkazerne | Fassadenpaneele / Brüstungs- oder Fassadenelemente | zweite Haut des Pavillons und Gewächshausfassade | Stückzahl/m² unbekannt | nein | nein | demontiert, angepasst an neuen Stahlrahmen | Wind, Sicherheit, Schlagregen, Wärmeschutz als zweite Haut | Maße bestimmen Entwurf","rule_medium","label_50p_has_bauteilprofil_component_profile",""
"reuse_einsatz/The_Green_House_Utrecht__002__Pflasterklinker_Erdgeschoss","has_bauteilebene","bauteilebene/Oberflaechenschicht","Pflasterklinker Erdgeschoss | gebrannte Klinker / Pflastersteine | alte Kade in Tiel | Außenpflaster / Kai-Belag | Boden EG auf Sandbett mit Fußbodenheizung | nein | nein | gereinigt/verlegt | Ebenheit, Abrieb, Wärmeleitung, Reinigung | Integration mit Fußbodenheizung","rule_high","label_50p_has_bauteilprofil_component_profile",""
"reuse_einsatz/The_Green_House_Utrecht__002__Pflasterklinker_Erdgeschoss","has_funktionswechsel","funktionswechsel/Neue_Funktion","Pflasterklinker Erdgeschoss | gebrannte Klinker / Pflastersteine | alte Kade in Tiel | Außenpflaster / Kai-Belag | Boden EG auf Sandbett mit Fußbodenheizung | nein | nein | gereinigt/verlegt | Ebenheit, Abrieb, Wärmeleitung, Reinigung | Integration mit Fußbodenheizung","rule_high","label_50p_has_bauteilprofil_component_profile",""
"reuse_einsatz/The_Green_House_Utrecht__002__Pflasterklinker_Erdgeschoss","has_funktionswechsel","funktionswechsel/Technische_Funktion","Pflasterklinker Erdgeschoss | gebrannte Klinker / Pflastersteine | alte Kade in Tiel | Außenpflaster / Kai-Belag | Boden EG auf Sandbett mit Fußbodenheizung | nein | nein | gereinigt/verlegt | Ebenheit, Abrieb, Wärmeleitung, Reinigung | Integration mit Fußbodenheizung","rule_medium","label_50p_has_bauteilprofil_component_profile",""
"reuse_einsatz/The_Green_House_Utrecht__002__Pflasterklinker_Erdgeschoss","has_funktionswechsel","funktionswechsel/Konstruktive_Funktion","Pflasterklinker Erdgeschoss | gebrannte Klinker / Pflastersteine | alte Kade in Tiel | Außenpflaster / Kai-Belag | Boden EG auf Sandbett mit Fußbodenheizung | nein | nein | gereinigt/verlegt | Ebenheit, Abrieb, Wärmeleitung, Reinigung | Integration mit Fußbodenheizung","rule_medium","label_50p_has_bauteilprofil_component_profile",""
"reuse_einsatz/The_Green_House_Utrecht__003__Geschossdecke","has_bauteilebene","bauteilebene/Bauteilgruppe","Geschossdecke | vorkonsumiertes Holz / pre-used wood | unbekannte Vorverwendung | Holzbauteile | Geschossdecke / prefabricated wooden elements | teilweise ja | nein | vorgefertigte Holzelemente, gefüllt mit Dämmung laut Q3 | Tragfähigkeit, Akustik, Brandschutz | Nachweis Alt-/Gebrauchtholz","rule_medium","label_50p_has_bauteilprofil_component_profile",""
"reuse_einsatz/The_Green_House_Utrecht__003__Geschossdecke","has_funktionswechsel","funktionswechsel/Neue_Funktion","Geschossdecke | vorkonsumiertes Holz / pre-used wood | unbekannte Vorverwendung | Holzbauteile | Geschossdecke / prefabricated wooden elements | teilweise ja | nein | vorgefertigte Holzelemente, gefüllt mit Dämmung laut Q3 | Tragfähigkeit, Akustik, Brandschutz | Nachweis Alt-/Gebrauchtholz","rule_medium","label_50p_has_bauteilprofil_component_profile",""
"reuse_einsatz/The_Green_House_Utrecht__003__Geschossdecke","has_funktionswechsel","funktionswechsel/Konstruktive_Funktion","Geschossdecke | vorkonsumiertes Holz / pre-used wood | unbekannte Vorverwendung | Holzbauteile | Geschossdecke / prefabricated wooden elements | teilweise ja | nein | vorgefertigte Holzelemente, gefüllt mit Dämmung laut Q3 | Tragfähigkeit, Akustik, Brandschutz | Nachweis Alt-/Gebrauchtholz","rule_medium","label_50p_has_bauteilprofil_component_profile",""
"reuse_einsatz/The_Green_House_Utrecht__004__D_mmung_in_Holzbodenelementen","has_bauteilebene","bauteilebene/Bauteilgruppe","Dämmung in Holzbodenelementen | unbekannt, pre-used laut Q3 | Dämmmaterial | Akustik/Deckenelement | nein | nein | in Holzbauteile integriert | Akustik, Brand, Emissionen | Materialqualität","rule_medium","label_50p_has_bauteilprofil_component_profile",""
"reuse_einsatz/The_Green_House_Utrecht__004__D_mmung_in_Holzbodenelementen","has_funktionswechsel","funktionswechsel/Neue_Funktion","Dämmung in Holzbodenelementen | unbekannt, pre-used laut Q3 | Dämmmaterial | Akustik/Deckenelement | nein | nein | in Holzbauteile integriert | Akustik, Brand, Emissionen | Materialqualität","rule_medium","label_50p_has_bauteilprofil_component_profile",""
"reuse_einsatz/The_Green_House_Utrecht__004__D_mmung_in_Holzbodenelementen","has_funktionswechsel","funktionswechsel/Konstruktive_Funktion","Dämmung in Holzbodenelementen | unbekannt, pre-used laut Q3 | Dämmmaterial | Akustik/Deckenelement | nein | nein | in Holzbauteile integriert | Akustik, Brand, Emissionen | Materialqualität","rule_medium","label_50p_has_bauteilprofil_component_profile",""
"reuse_einsatz/The_Green_House_Utrecht__005__Wandverkleidung_Wainscot","has_bauteilebene","bauteilebene/Oberflaechenschicht","Wandverkleidung / Wainscot | Holz/Paneele unbekannt | laut Q3 wiederverwendet | feste Innenoberfläche | nein | nein | Oberfläche, Reinigung, Brand | Datenlücke","rule_high","label_50p_has_bauteilprofil_component_profile",""
"reuse_einsatz/The_Green_House_Utrecht__005__Wandverkleidung_Wainscot","has_funktionswechsel","funktionswechsel/Unbekannt","Wandverkleidung / Wainscot | Holz/Paneele unbekannt | laut Q3 wiederverwendet | feste Innenoberfläche | nein | nein | Oberfläche, Reinigung, Brand | Datenlücke","rule_low","label_50p_has_bauteilprofil_component_profile",""
"reuse_einsatz/The_Green_House_Utrecht__005__Wandverkleidung_Wainscot","has_funktionswechsel","funktionswechsel/Konstruktive_Funktion","Wandverkleidung / Wainscot | Holz/Paneele unbekannt | laut Q3 wiederverwendet | feste Innenoberfläche | nein | nein | Oberfläche, Reinigung, Brand | Datenlücke","rule_medium","label_50p_has_bauteilprofil_component_profile",""
"reuse_einsatz/Thoravej_29_Copenhagen__001__TT_Decken_Betondecken","has_bauteilebene","bauteilebene/Bauteilgruppe","TT-Decken / Betondecken | Stahlbeton | Bestandsgebäude Thoravej 29 | Geschossdecke | Treppenläufe / räumliche Verbindung | ja/teilweise | nein | ausgeschnitten, gekippt/abgesenkt, angepasst | Tragfähigkeit als Treppe, Brandschutz, Gebrauchstauglichkeit | Schneiden, Heben, Nachweis, Bestandstoleranzen","rule_medium","label_50p_has_bauteilprofil_component_profile",""
"reuse_einsatz/Thoravej_29_Copenhagen__001__TT_Decken_Betondecken","has_funktionswechsel","funktionswechsel/Neue_Funktion","TT-Decken / Betondecken | Stahlbeton | Bestandsgebäude Thoravej 29 | Geschossdecke | Treppenläufe / räumliche Verbindung | ja/teilweise | nein | ausgeschnitten, gekippt/abgesenkt, angepasst | Tragfähigkeit als Treppe, Brandschutz, Gebrauchstauglichkeit | Schneiden, Heben, Nachweis, Bestandstoleranzen","rule_high","label_50p_has_bauteilprofil_component_profile",""
"reuse_einsatz/Thoravej_29_Copenhagen__001__TT_Decken_Betondecken","has_funktionswechsel","funktionswechsel/Konstruktive_Funktion","TT-Decken / Betondecken | Stahlbeton | Bestandsgebäude Thoravej 29 | Geschossdecke | Treppenläufe / räumliche Verbindung | ja/teilweise | nein | ausgeschnitten, gekippt/abgesenkt, angepasst | Tragfähigkeit als Treppe, Brandschutz, Gebrauchstauglichkeit | Schneiden, Heben, Nachweis, Bestandstoleranzen","rule_medium","label_50p_has_bauteilprofil_component_profile",""
"reuse_einsatz/Thoravej_29_Copenhagen__002__Fassaden_Ziegel_berschuss","has_bauteilebene","bauteilebene/Oberflaechenschicht","Fassaden-/Ziegelüberschuss | Ziegel / Fassadenmaterial | entfernte/überschüssige Fassade des Bestands | Fassade | Bodenbelag / Außenpflaster / Flooring | nein | nein | ausgebaut, gereinigt/angepasst unbekannt | Abrieb, Frost, Rutschhemmung | Eignung als Boden","rule_high","label_50p_has_bauteilprofil_component_profile",""
"reuse_einsatz/Thoravej_29_Copenhagen__002__Fassaden_Ziegel_berschuss","has_funktionswechsel","funktionswechsel/Neue_Funktion","Fassaden-/Ziegelüberschuss | Ziegel / Fassadenmaterial | entfernte/überschüssige Fassade des Bestands | Fassade | Bodenbelag / Außenpflaster / Flooring | nein | nein | ausgebaut, gereinigt/angepasst unbekannt | Abrieb, Frost, Rutschhemmung | Eignung als Boden","rule_high","label_50p_has_bauteilprofil_component_profile",""
"reuse_einsatz/Thoravej_29_Copenhagen__002__Fassaden_Ziegel_berschuss","has_funktionswechsel","funktionswechsel/Konstruktive_Funktion","Fassaden-/Ziegelüberschuss | Ziegel / Fassadenmaterial | entfernte/überschüssige Fassade des Bestands | Fassade | Bodenbelag / Außenpflaster / Flooring | nein | nein | ausgebaut, gereinigt/angepasst unbekannt | Abrieb, Frost, Rutschhemmung | Eignung als Boden","rule_medium","label_50p_has_bauteilprofil_component_profile",""
"reuse_einsatz/Timber_Square_London__001__Wiederverwendete_Stahltr_ger","has_bauteilebene","bauteilebene/Bauteilgruppe","Wiederverwendete Stahlträger | Stahl | Stockholder / Cleveland Steel & Tubes laut TDUK; donor buildings unbekannt | tragende Stahlträger | tragende Stahlträger, vor allem in/um Cores laut TDUK | >500 beams; ca. 115–125 t | ja | nein | matching, Beschaffung, ggf. Recondition/Fabrication unbekannt | spezifische reused-steel Prüfung unbekannt | Tragfähigkeit, Schwingung, Brandschutz | Matching, Verfügbarkeit, Zulassung","rule_medium","label_50p_has_bauteilprofil_component_profile",""
"reuse_einsatz/Timber_Square_London__001__Wiederverwendete_Stahltr_ger","has_funktionswechsel","funktionswechsel/Gleiche_Funktion","Wiederverwendete Stahlträger | Stahl | Stockholder / Cleveland Steel & Tubes laut TDUK; donor buildings unbekannt | tragende Stahlträger | tragende Stahlträger, vor allem in/um Cores laut TDUK | >500 beams; ca. 115–125 t | ja | nein | matching, Beschaffung, ggf. Recondition/Fabrication unbekannt | spezifische reused-steel Prüfung unbekannt | Tragfähigkeit, Schwingung, Brandschutz | Matching, Verfügbarkeit, Zulassung","rule_high","label_50p_has_bauteilprofil_component_profile",""
"reuse_einsatz/Timber_Square_London__001__Wiederverwendete_Stahltr_ger","has_funktionswechsel","funktionswechsel/Konstruktive_Funktion","Wiederverwendete Stahlträger | Stahl | Stockholder / Cleveland Steel & Tubes laut TDUK; donor buildings unbekannt | tragende Stahlträger | tragende Stahlträger, vor allem in/um Cores laut TDUK | >500 beams; ca. 115–125 t | ja | nein | matching, Beschaffung, ggf. Recondition/Fabrication unbekannt | spezifische reused-steel Prüfung unbekannt | Tragfähigkeit, Schwingung, Brandschutz | Matching, Verfügbarkeit, Zulassung","rule_medium","label_50p_has_bauteilprofil_component_profile",""
"reuse_einsatz/Timber_Square_London__002__Stahltr_ger_f_r_Empfangstresen","has_bauteilebene","bauteilebene/Bauteilgruppe","Stahlträger für Empfangstresen | Stahl | vor Ort bei Demolition entnommen | Stahlträger | fester Empfangstresen in beiden Gebäuden | 1 großer girder geteilt/reconditioned | nein | nein | geteilt und wiederaufbereitet | Nutzung/Innenausbau | zählt nicht als Tragwerk","rule_medium","label_50p_has_bauteilprofil_component_profile",""
"reuse_einsatz/Timber_Square_London__002__Stahltr_ger_f_r_Empfangstresen","has_funktionswechsel","funktionswechsel/Neue_Funktion","Stahlträger für Empfangstresen | Stahl | vor Ort bei Demolition entnommen | Stahlträger | fester Empfangstresen in beiden Gebäuden | 1 großer girder geteilt/reconditioned | nein | nein | geteilt und wiederaufbereitet | Nutzung/Innenausbau | zählt nicht als Tragwerk","rule_high","label_50p_has_bauteilprofil_component_profile",""
"reuse_einsatz/Timber_Square_London__002__Stahltr_ger_f_r_Empfangstresen","has_funktionswechsel","funktionswechsel/Konstruktive_Funktion","Stahlträger für Empfangstresen | Stahl | vor Ort bei Demolition entnommen | Stahlträger | fester Empfangstresen in beiden Gebäuden | 1 großer girder geteilt/reconditioned | nein | nein | geteilt und wiederaufbereitet | Nutzung/Innenausbau | zählt nicht als Tragwerk","rule_medium","label_50p_has_bauteilprofil_component_profile",""
"reuse_einsatz/Upcycle_Studios_Copenhagen__001__Fenster_Doppelverglasung","has_bauteilebene","bauteilebene/Bauteilgruppe","Fenster / Doppelverglasung | Glas, Rahmen unbekannt | öffentliche Wohnbauten in Nordjütland | Fenster | Fenster / Gebäudehülle | 75 % der Fenster laut a:gain/EMF | nein | nein | Aufbereitung, Remanufacturing | Wärme, Dichtheit, Windlast, Bedienbarkeit | Produktdaten, Maße, Gewährleistung","rule_medium","label_50p_has_bauteilprofil_component_profile",""
"reuse_einsatz/Upcycle_Studios_Copenhagen__001__Fenster_Doppelverglasung","has_funktionswechsel","funktionswechsel/Gleiche_Funktion","Fenster / Doppelverglasung | Glas, Rahmen unbekannt | öffentliche Wohnbauten in Nordjütland | Fenster | Fenster / Gebäudehülle | 75 % der Fenster laut a:gain/EMF | nein | nein | Aufbereitung, Remanufacturing | Wärme, Dichtheit, Windlast, Bedienbarkeit | Produktdaten, Maße, Gewährleistung","rule_high","label_50p_has_bauteilprofil_component_profile",""
"reuse_einsatz/Upcycle_Studios_Copenhagen__001__Fenster_Doppelverglasung","has_funktionswechsel","funktionswechsel/Konstruktive_Funktion","Fenster / Doppelverglasung | Glas, Rahmen unbekannt | öffentliche Wohnbauten in Nordjütland | Fenster | Fenster / Gebäudehülle | 75 % der Fenster laut a:gain/EMF | nein | nein | Aufbereitung, Remanufacturing | Wärme, Dichtheit, Windlast, Bedienbarkeit | Produktdaten, Maße, Gewährleistung","rule_medium","label_50p_has_bauteilprofil_component_profile",""
"reuse_einsatz/Upcycle_Studios_Copenhagen__003__Fassadenholz","has_bauteilebene","bauteilebene/Oberflaechenschicht","Fassadenholz | Holz | Dinesen-Offcuts / discarded wood | Produktionsrest | Fassade / Verkleidung | nein | nein | Aufbereitung | Witterung, Brandschutz | Dauerhaftigkeit","rule_high","label_50p_has_bauteilprofil_component_profile",""
"reuse_einsatz/Upcycle_Studios_Copenhagen__003__Fassadenholz","has_funktionswechsel","funktionswechsel/Neue_Funktion","Fassadenholz | Holz | Dinesen-Offcuts / discarded wood | Produktionsrest | Fassade / Verkleidung | nein | nein | Aufbereitung | Witterung, Brandschutz | Dauerhaftigkeit","rule_medium","label_50p_has_bauteilprofil_component_profile",""
"reuse_einsatz/Upcycle_Studios_Copenhagen__003__Fassadenholz","has_funktionswechsel","funktionswechsel/Konstruktive_Funktion","Fassadenholz | Holz | Dinesen-Offcuts / discarded wood | Produktionsrest | Fassade / Verkleidung | nein | nein | Aufbereitung | Witterung, Brandschutz | Dauerhaftigkeit","rule_medium","label_50p_has_bauteilprofil_component_profile",""
"reuse_einsatz/Verbiest_Karreveld_Brussels__001__Karreveld_Innenwandsystem","has_bauteilebene","bauteilebene/System","Karreveld Innenwandsystem | Stahlstruktur, weiße Laminatpaneele, Akustikdämmung, Fenster, Innentüren | ehemaliges Bürogebäude Karreveld | Bürotrennwände | Klassenzimmer-/Schultrennwände | ca. 450 m² | nein | nein | ausgebaut, im Gebäude gelagert, wiedereingebaut/angepasst | Brandschutz, Schallschutz, Robustheit Schule | Phasierung, Schulbetrieb","rule_medium","label_50p_has_bauteilprofil_component_profile",""
"reuse_einsatz/Verbiest_Karreveld_Brussels__001__Karreveld_Innenwandsystem","has_funktionswechsel","funktionswechsel/Gleiche_Funktion","Karreveld Innenwandsystem | Stahlstruktur, weiße Laminatpaneele, Akustikdämmung, Fenster, Innentüren | ehemaliges Bürogebäude Karreveld | Bürotrennwände | Klassenzimmer-/Schultrennwände | ca. 450 m² | nein | nein | ausgebaut, im Gebäude gelagert, wiedereingebaut/angepasst | Brandschutz, Schallschutz, Robustheit Schule | Phasierung, Schulbetrieb","rule_high","label_50p_has_bauteilprofil_component_profile",""
"reuse_einsatz/Verbiest_Karreveld_Brussels__001__Karreveld_Innenwandsystem","has_funktionswechsel","funktionswechsel/Konstruktive_Funktion","Karreveld Innenwandsystem | Stahlstruktur, weiße Laminatpaneele, Akustikdämmung, Fenster, Innentüren | ehemaliges Bürogebäude Karreveld | Bürotrennwände | Klassenzimmer-/Schultrennwände | ca. 450 m² | nein | nein | ausgebaut, im Gebäude gelagert, wiedereingebaut/angepasst | Brandschutz, Schallschutz, Robustheit Schule | Phasierung, Schulbetrieb","rule_medium","label_50p_has_bauteilprofil_component_profile",""
"reuse_einsatz/Verbiest_Karreveld_Brussels__002__Karreveld_abgeh_ngte_Decken_Leuchten","has_bauteilebene","bauteilebene/Bauteilgruppe","Karreveld abgehängte Decken + Leuchten | perforiertes Metall, Steinwolle, Leuchten | ehemaliges Bürogebäude | Bürodecke/Beleuchtung | Decke/Beleuchtung in Schule | ca. 400 m² | nein | ja | ausgebaut, gelagert, wiedereingebaut | Akustik, Brand, Beleuchtungsniveau, Elektroprüfung | CE/Elektroprüfung unbekannt","rule_medium","label_50p_has_bauteilprofil_component_profile",""
"reuse_einsatz/Verbiest_Karreveld_Brussels__002__Karreveld_abgeh_ngte_Decken_Leuchten","has_funktionswechsel","funktionswechsel/Gleiche_Funktion","Karreveld abgehängte Decken + Leuchten | perforiertes Metall, Steinwolle, Leuchten | ehemaliges Bürogebäude | Bürodecke/Beleuchtung | Decke/Beleuchtung in Schule | ca. 400 m² | nein | ja | ausgebaut, gelagert, wiedereingebaut | Akustik, Brand, Beleuchtungsniveau, Elektroprüfung | CE/Elektroprüfung unbekannt","rule_high","label_50p_has_bauteilprofil_component_profile",""
"reuse_einsatz/Verbiest_Karreveld_Brussels__002__Karreveld_abgeh_ngte_Decken_Leuchten","has_funktionswechsel","funktionswechsel/Technische_Funktion","Karreveld abgehängte Decken + Leuchten | perforiertes Metall, Steinwolle, Leuchten | ehemaliges Bürogebäude | Bürodecke/Beleuchtung | Decke/Beleuchtung in Schule | ca. 400 m² | nein | ja | ausgebaut, gelagert, wiedereingebaut | Akustik, Brand, Beleuchtungsniveau, Elektroprüfung | CE/Elektroprüfung unbekannt","rule_medium","label_50p_has_bauteilprofil_component_profile",""
"reuse_einsatz/Verbiest_Karreveld_Brussels__002__Karreveld_abgeh_ngte_Decken_Leuchten","has_funktionswechsel","funktionswechsel/Konstruktive_Funktion","Karreveld abgehängte Decken + Leuchten | perforiertes Metall, Steinwolle, Leuchten | ehemaliges Bürogebäude | Bürodecke/Beleuchtung | Decke/Beleuchtung in Schule | ca. 400 m² | nein | ja | ausgebaut, gelagert, wiedereingebaut | Akustik, Brand, Beleuchtungsniveau, Elektroprüfung | CE/Elektroprüfung unbekannt","rule_medium","label_50p_has_bauteilprofil_component_profile",""
"reuse_einsatz/Verbiest_Karreveld_Brussels__006__Verbiest_Dachfliesen","has_bauteilebene","bauteilebene/Oberflaechenschicht","Verbiest Dachfliesen | keramisch/unbekannt | vorhandene Konstruktion Verbiest | Dachdeckung | erneut als Dach-/Oberflächenmaterial | nein | nein | zurückgewonnen und wiederverwendet | Feuchte, Witterung | Zustand, Abdichtung","rule_high","label_50p_has_bauteilprofil_component_profile",""
"reuse_einsatz/Verbiest_Karreveld_Brussels__006__Verbiest_Dachfliesen","has_funktionswechsel","funktionswechsel/Gleiche_Funktion","Verbiest Dachfliesen | keramisch/unbekannt | vorhandene Konstruktion Verbiest | Dachdeckung | erneut als Dach-/Oberflächenmaterial | nein | nein | zurückgewonnen und wiederverwendet | Feuchte, Witterung | Zustand, Abdichtung","rule_high","label_50p_has_bauteilprofil_component_profile",""
"reuse_einsatz/Verbiest_Karreveld_Brussels__006__Verbiest_Dachfliesen","has_funktionswechsel","funktionswechsel/Konstruktive_Funktion","Verbiest Dachfliesen | keramisch/unbekannt | vorhandene Konstruktion Verbiest | Dachdeckung | erneut als Dach-/Oberflächenmaterial | nein | nein | zurückgewonnen und wiederverwendet | Feuchte, Witterung | Zustand, Abdichtung","rule_medium","label_50p_has_bauteilprofil_component_profile",""
"reuse_einsatz/Verbiest_Karreveld_Brussels__007__Verbiest_Terrassenfliesen","has_bauteilebene","bauteilebene/Oberflaechenschicht","Verbiest Terrassenfliesen | keramisch/Stein unbekannt | vorhandene Konstruktion Verbiest | Terrassenbelag | neuer/erneuerter Terrassenbelag | nein | nein | zurückgewonnen | Frost, Rutschhemmung, Abdichtung | Aufbereitung","rule_high","label_50p_has_bauteilprofil_component_profile",""
"reuse_einsatz/Verbiest_Karreveld_Brussels__007__Verbiest_Terrassenfliesen","has_funktionswechsel","funktionswechsel/Gleiche_Funktion","Verbiest Terrassenfliesen | keramisch/Stein unbekannt | vorhandene Konstruktion Verbiest | Terrassenbelag | neuer/erneuerter Terrassenbelag | nein | nein | zurückgewonnen | Frost, Rutschhemmung, Abdichtung | Aufbereitung","rule_high","label_50p_has_bauteilprofil_component_profile",""
"reuse_einsatz/Verbiest_Karreveld_Brussels__008__Verbiest_Gel_nder","has_funktionswechsel","funktionswechsel/Gleiche_Funktion","Verbiest Geländer | Metall/Holz unbekannt | Palais des Expositions Charleroi | Geländer | Geländer im Verbiest-Projekt | nein | nein | geborgen und eingebaut | Absturzsicherung | Nachweis Trag-/Höhenanforderung","rule_high","label_50p_has_bauteilprofil_component_profile",""
"reuse_einsatz/Verbiest_Karreveld_Brussels__009__Verbiest_Fliesen","has_bauteilebene","bauteilebene/Oberflaechenschicht","Verbiest Fliesen | keramisch/Stein | Palais des Expositions Charleroi | Boden/Wand unbekannt | Boden/Wand/Oberfläche | nein | nein | geborgen und wiederverwendet | Rutsch, Abrieb, Reinigung | Heterogene Chargen","rule_high","label_50p_has_bauteilprofil_component_profile",""
"reuse_einsatz/Verbiest_Karreveld_Brussels__009__Verbiest_Fliesen","has_funktionswechsel","funktionswechsel/Gleiche_Funktion","Verbiest Fliesen | keramisch/Stein | Palais des Expositions Charleroi | Boden/Wand unbekannt | Boden/Wand/Oberfläche | nein | nein | geborgen und wiederverwendet | Rutsch, Abrieb, Reinigung | Heterogene Chargen","rule_high","label_50p_has_bauteilprofil_component_profile",""
"reuse_einsatz/Verbiest_Karreveld_Brussels__009__Verbiest_Fliesen","has_funktionswechsel","funktionswechsel/Konstruktive_Funktion","Verbiest Fliesen | keramisch/Stein | Palais des Expositions Charleroi | Boden/Wand unbekannt | Boden/Wand/Oberfläche | nein | nein | geborgen und wiederverwendet | Rutsch, Abrieb, Reinigung | Heterogene Chargen","rule_medium","label_50p_has_bauteilprofil_component_profile",""
"reuse_einsatz/Verbiest_Karreveld_Brussels__010__Verbiest_Steine","has_bauteilebene","bauteilebene/Oberflaechenschicht","Verbiest Steine | Natur-/Mauersteine unbekannt | Palais des Expositions Charleroi | Bauteil/Oberfläche im Projekt | nein | geborgen | Tragfähigkeit/Frost je Einsatz | Funktion unklar","rule_high","label_50p_has_bauteilprofil_component_profile",""
"reuse_einsatz/Verbiest_Karreveld_Brussels__010__Verbiest_Steine","has_funktionswechsel","funktionswechsel/Unbekannt","Verbiest Steine | Natur-/Mauersteine unbekannt | Palais des Expositions Charleroi | Bauteil/Oberfläche im Projekt | nein | geborgen | Tragfähigkeit/Frost je Einsatz | Funktion unklar","rule_low","label_50p_has_bauteilprofil_component_profile",""
"reuse_einsatz/Verbiest_Karreveld_Brussels__010__Verbiest_Steine","has_funktionswechsel","funktionswechsel/Konstruktive_Funktion","Verbiest Steine | Natur-/Mauersteine unbekannt | Palais des Expositions Charleroi | Bauteil/Oberfläche im Projekt | nein | geborgen | Tragfähigkeit/Frost je Einsatz | Funktion unklar","rule_medium","label_50p_has_bauteilprofil_component_profile",""
"reuse_einsatz/Verbiest_Karreveld_Brussels__011__Verbiest_dekorative_Fliesen","has_bauteilebene","bauteilebene/Oberflaechenschicht","Verbiest dekorative Fliesen | Keramik, teils Chimay-Produktion frühes 20. Jh. | altes Projekt in Hanzinelle | dekorative Fliesen | feste dekorative Oberfläche | nein | nein | geborgen und eingebaut | Haftung, Reinigung | begrenzte Mengen","rule_high","label_50p_has_bauteilprofil_component_profile",""
"reuse_einsatz/Verbiest_Karreveld_Brussels__011__Verbiest_dekorative_Fliesen","has_funktionswechsel","funktionswechsel/Gleiche_Funktion","Verbiest dekorative Fliesen | Keramik, teils Chimay-Produktion frühes 20. Jh. | altes Projekt in Hanzinelle | dekorative Fliesen | feste dekorative Oberfläche | nein | nein | geborgen und eingebaut | Haftung, Reinigung | begrenzte Mengen","rule_high","label_50p_has_bauteilprofil_component_profile",""
"reuse_einsatz/Verbiest_Karreveld_Brussels__011__Verbiest_dekorative_Fliesen","has_funktionswechsel","funktionswechsel/Dekorative_Funktion","Verbiest dekorative Fliesen | Keramik, teils Chimay-Produktion frühes 20. Jh. | altes Projekt in Hanzinelle | dekorative Fliesen | feste dekorative Oberfläche | nein | nein | geborgen und eingebaut | Haftung, Reinigung | begrenzte Mengen","rule_medium","label_50p_has_bauteilprofil_component_profile",""
"reuse_einsatz/Villa_Welpeloo_Enschede__001__Stahltr_ger_Stahlrahmen","has_bauteilebene","bauteilebene/Oberflaechenschicht","Stahlträger / Stahlrahmen | Stahl | Paternoster/Textilindustriemaschine aus Region Enschede | Maschinentragstruktur / textile Produktion | Tragende Konstruktion der Villa | eine Maschine ausreichend; genaue t unbekannt | ja | nein | Demontage, Zuschnitt/Anpassung unbekannt | Tragwerksberechnung mit schlechtester Stahlqualität aus Maschinenjahr | Tragfähigkeit Wohnhaus | Materialnachweis/Verantwortung","rule_high","label_50p_has_bauteilprofil_component_profile",""
"reuse_einsatz/Villa_Welpeloo_Enschede__001__Stahltr_ger_Stahlrahmen","has_bauteilzustand","bauteilzustand/Geprueft","Stahlträger / Stahlrahmen | Stahl | Paternoster/Textilindustriemaschine aus Region Enschede | Maschinentragstruktur / textile Produktion | Tragende Konstruktion der Villa | eine Maschine ausreichend; genaue t unbekannt | ja | nein | Demontage, Zuschnitt/Anpassung unbekannt | Tragwerksberechnung mit schlechtester Stahlqualität aus Maschinenjahr | Tragfähigkeit Wohnhaus | Materialnachweis/Verantwortung","rule_medium","label_50p_has_bauteilprofil_component_profile",""
"reuse_einsatz/Villa_Welpeloo_Enschede__001__Stahltr_ger_Stahlrahmen","has_funktionswechsel","funktionswechsel/Gleiche_Funktion","Stahlträger / Stahlrahmen | Stahl | Paternoster/Textilindustriemaschine aus Region Enschede | Maschinentragstruktur / textile Produktion | Tragende Konstruktion der Villa | eine Maschine ausreichend; genaue t unbekannt | ja | nein | Demontage, Zuschnitt/Anpassung unbekannt | Tragwerksberechnung mit schlechtester Stahlqualität aus Maschinenjahr | Tragfähigkeit Wohnhaus | Materialnachweis/Verantwortung","rule_high","label_50p_has_bauteilprofil_component_profile",""
"reuse_einsatz/Villa_Welpeloo_Enschede__001__Stahltr_ger_Stahlrahmen","has_funktionswechsel","funktionswechsel/Konstruktive_Funktion","Stahlträger / Stahlrahmen | Stahl | Paternoster/Textilindustriemaschine aus Region Enschede | Maschinentragstruktur / textile Produktion | Tragende Konstruktion der Villa | eine Maschine ausreichend; genaue t unbekannt | ja | nein | Demontage, Zuschnitt/Anpassung unbekannt | Tragwerksberechnung mit schlechtester Stahlqualität aus Maschinenjahr | Tragfähigkeit Wohnhaus | Materialnachweis/Verantwortung","rule_medium","label_50p_has_bauteilprofil_component_profile",""
"reuse_einsatz/Villa_Welpeloo_Enschede__002__Holzfassade","has_bauteilebene","bauteilebene/Oberflaechenschicht","Holzfassade | Holz | beschädigte/überzählige Kabeltrommeln von Twente/Twentse cable factory | Kabeltrommelkern/-slats | Fassadenbekleidung | genaue Menge unklar; eine Quelle nennt 1.000 reels, andere 200 reels; daher unbekannt | nein | nein | Auswahl, Zuschnitt, Montage; Zusatzleisten für Wartung | Witterung, Dauerhaftigkeit | Sondermaße/Wartung","rule_high","label_50p_has_bauteilprofil_component_profile",""
"reuse_einsatz/Villa_Welpeloo_Enschede__002__Holzfassade","has_bauteilzustand","bauteilzustand/Beschaedigt","Holzfassade | Holz | beschädigte/überzählige Kabeltrommeln von Twente/Twentse cable factory | Kabeltrommelkern/-slats | Fassadenbekleidung | genaue Menge unklar; eine Quelle nennt 1.000 reels, andere 200 reels; daher unbekannt | nein | nein | Auswahl, Zuschnitt, Montage; Zusatzleisten für Wartung | Witterung, Dauerhaftigkeit | Sondermaße/Wartung","rule_high","label_50p_has_bauteilprofil_component_profile",""
"reuse_einsatz/Villa_Welpeloo_Enschede__002__Holzfassade","has_funktionswechsel","funktionswechsel/Neue_Funktion","Holzfassade | Holz | beschädigte/überzählige Kabeltrommeln von Twente/Twentse cable factory | Kabeltrommelkern/-slats | Fassadenbekleidung | genaue Menge unklar; eine Quelle nennt 1.000 reels, andere 200 reels; daher unbekannt | nein | nein | Auswahl, Zuschnitt, Montage; Zusatzleisten für Wartung | Witterung, Dauerhaftigkeit | Sondermaße/Wartung","rule_medium","label_50p_has_bauteilprofil_component_profile",""
"reuse_einsatz/Villa_Welpeloo_Enschede__002__Holzfassade","has_funktionswechsel","funktionswechsel/Konstruktive_Funktion","Holzfassade | Holz | beschädigte/überzählige Kabeltrommeln von Twente/Twentse cable factory | Kabeltrommelkern/-slats | Fassadenbekleidung | genaue Menge unklar; eine Quelle nennt 1.000 reels, andere 200 reels; daher unbekannt | nein | nein | Auswahl, Zuschnitt, Montage; Zusatzleisten für Wartung | Witterung, Dauerhaftigkeit | Sondermaße/Wartung","rule_medium","label_50p_has_bauteilprofil_component_profile",""
"reuse_einsatz/Villa_Welpeloo_Enschede__003__Bau_Montagelift_als_Innenlift","has_bauteilebene","bauteilebene/Einzelbauteil","Bau-/Montagelift als Innenlift | Stahl/Technik | Baugerät für Montage der Stahlstruktur | Baustellenlift | fester Innen-/Lastenlift für Kunsttransport | 1 | nein | ja | Weiterverwendung im Innenraum | Betriebssicherheit | Zulassung unbekannt","rule_medium","label_50p_has_bauteilprofil_component_profile",""
"reuse_einsatz/Villa_Welpeloo_Enschede__003__Bau_Montagelift_als_Innenlift","has_funktionswechsel","funktionswechsel/Neue_Funktion","Bau-/Montagelift als Innenlift | Stahl/Technik | Baugerät für Montage der Stahlstruktur | Baustellenlift | fester Innen-/Lastenlift für Kunsttransport | 1 | nein | ja | Weiterverwendung im Innenraum | Betriebssicherheit | Zulassung unbekannt","rule_medium","label_50p_has_bauteilprofil_component_profile",""
"reuse_einsatz/Villa_Welpeloo_Enschede__003__Bau_Montagelift_als_Innenlift","has_funktionswechsel","funktionswechsel/Technische_Funktion","Bau-/Montagelift als Innenlift | Stahl/Technik | Baugerät für Montage der Stahlstruktur | Baustellenlift | fester Innen-/Lastenlift für Kunsttransport | 1 | nein | ja | Weiterverwendung im Innenraum | Betriebssicherheit | Zulassung unbekannt","rule_medium","label_50p_has_bauteilprofil_component_profile",""
"reuse_einsatz/Villa_Welpeloo_Enschede__003__Bau_Montagelift_als_Innenlift","has_funktionswechsel","funktionswechsel/Dekorative_Funktion","Bau-/Montagelift als Innenlift | Stahl/Technik | Baugerät für Montage der Stahlstruktur | Baustellenlift | fester Innen-/Lastenlift für Kunsttransport | 1 | nein | ja | Weiterverwendung im Innenraum | Betriebssicherheit | Zulassung unbekannt","rule_medium","label_50p_has_bauteilprofil_component_profile",""
"reuse_einsatz/Villa_Welpeloo_Enschede__003__Bau_Montagelift_als_Innenlift","has_funktionswechsel","funktionswechsel/Konstruktive_Funktion","Bau-/Montagelift als Innenlift | Stahl/Technik | Baugerät für Montage der Stahlstruktur | Baustellenlift | fester Innen-/Lastenlift für Kunsttransport | 1 | nein | ja | Weiterverwendung im Innenraum | Betriebssicherheit | Zulassung unbekannt","rule_medium","label_50p_has_bauteilprofil_component_profile",""
"reuse_einsatz/Villa_Welpeloo_Enschede__004__Polystyrol_D_mmplatten","has_bauteilebene","bauteilebene/Materialcharge","Polystyrol-Dämmplatten | Polystyrol | Restplatten eines Caravan-Herstellers laut Sekundärquellen | Produktionsrest | Dämmung | nein | nein | Zuschnitt | Wärmeschutz/Brandschutz | Brand-/Zulassungsfragen unbekannt","rule_high","label_50p_has_bauteilprofil_component_profile",""
"reuse_einsatz/Villa_Welpeloo_Enschede__004__Polystyrol_D_mmplatten","has_funktionswechsel","funktionswechsel/Neue_Funktion","Polystyrol-Dämmplatten | Polystyrol | Restplatten eines Caravan-Herstellers laut Sekundärquellen | Produktionsrest | Dämmung | nein | nein | Zuschnitt | Wärmeschutz/Brandschutz | Brand-/Zulassungsfragen unbekannt","rule_medium","label_50p_has_bauteilprofil_component_profile",""
"reuse_einsatz/Villa_Welpeloo_Enschede__004__Polystyrol_D_mmplatten","has_funktionswechsel","funktionswechsel/Konstruktive_Funktion","Polystyrol-Dämmplatten | Polystyrol | Restplatten eines Caravan-Herstellers laut Sekundärquellen | Produktionsrest | Dämmung | nein | nein | Zuschnitt | Wärmeschutz/Brandschutz | Brand-/Zulassungsfragen unbekannt","rule_medium","label_50p_has_bauteilprofil_component_profile",""
"reuse_einsatz/Villa_Welpeloo_Enschede__005__Alte_Werbetafeln_billboard_boards","has_funktionswechsel","funktionswechsel/Neue_Funktion","Alte Werbetafeln / billboard boards | Kunststoff/Verbund unbekannt | alte Werbetafeln | Werbung | Schränke/feste Einbauten laut Sekundärquellen | nein | nein | Zuschnitt | Innenausbau | Oberflächenqualität","rule_medium","label_50p_has_bauteilprofil_component_profile",""
"reuse_einsatz/Villa_Welpeloo_Enschede__006__Regenschirmrippen_Leuchten","has_bauteilebene","bauteilebene/Bauteilgruppe","Regenschirmrippen-Leuchten | Metall/Kunststoff | gebrauchte Regenschirme | Schirmrippen | Leuchten | nein | ja | künstlerische Umnutzung | Elektrosicherheit | zählt nicht für Hauptbewertung","rule_medium","label_50p_has_bauteilprofil_component_profile",""
"reuse_einsatz/Villa_Welpeloo_Enschede__006__Regenschirmrippen_Leuchten","has_funktionswechsel","funktionswechsel/Neue_Funktion","Regenschirmrippen-Leuchten | Metall/Kunststoff | gebrauchte Regenschirme | Schirmrippen | Leuchten | nein | ja | künstlerische Umnutzung | Elektrosicherheit | zählt nicht für Hauptbewertung","rule_medium","label_50p_has_bauteilprofil_component_profile",""
"reuse_einsatz/Villa_Welpeloo_Enschede__006__Regenschirmrippen_Leuchten","has_funktionswechsel","funktionswechsel/Technische_Funktion","Regenschirmrippen-Leuchten | Metall/Kunststoff | gebrauchte Regenschirme | Schirmrippen | Leuchten | nein | ja | künstlerische Umnutzung | Elektrosicherheit | zählt nicht für Hauptbewertung","rule_medium","label_50p_has_bauteilprofil_component_profile",""
"reuse_einsatz/Woongroep_Boschgaard_Den_Bosch__001__Dachspanten_Kniespanten","has_bauteilebene","bauteilebene/System","Dachspanten / Kniespanten | Brettschichtholz / Holz | ehemalige Bibliothek De Brenthof, Sint-Michielsgestel | Dach-/Überdachungstragwerk | Dachaufbau / Dachform Boschgaard | 24 Spanten laut ED.nl; Boschgaard nennt große hölzerne Dachspanten | ja | nein | Ausbau, Transport, Lagerung, Anpassung | Tragfähigkeit, Dauerhaftigkeit, Holzschutz | Geometrie passte erst nach Planungsabgleich; Lagerung","rule_medium","label_50p_has_bauteilprofil_component_profile",""
"reuse_einsatz/Woongroep_Boschgaard_Den_Bosch__001__Dachspanten_Kniespanten","has_funktionswechsel","funktionswechsel/Gleiche_Funktion","Dachspanten / Kniespanten | Brettschichtholz / Holz | ehemalige Bibliothek De Brenthof, Sint-Michielsgestel | Dach-/Überdachungstragwerk | Dachaufbau / Dachform Boschgaard | 24 Spanten laut ED.nl; Boschgaard nennt große hölzerne Dachspanten | ja | nein | Ausbau, Transport, Lagerung, Anpassung | Tragfähigkeit, Dauerhaftigkeit, Holzschutz | Geometrie passte erst nach Planungsabgleich; Lagerung","rule_high","label_50p_has_bauteilprofil_component_profile",""
"reuse_einsatz/Woongroep_Boschgaard_Den_Bosch__001__Dachspanten_Kniespanten","has_funktionswechsel","funktionswechsel/Konstruktive_Funktion","Dachspanten / Kniespanten | Brettschichtholz / Holz | ehemalige Bibliothek De Brenthof, Sint-Michielsgestel | Dach-/Überdachungstragwerk | Dachaufbau / Dachform Boschgaard | 24 Spanten laut ED.nl; Boschgaard nennt große hölzerne Dachspanten | ja | nein | Ausbau, Transport, Lagerung, Anpassung | Tragfähigkeit, Dauerhaftigkeit, Holzschutz | Geometrie passte erst nach Planungsabgleich; Lagerung","rule_medium","label_50p_has_bauteilprofil_component_profile",""
"reuse_einsatz/Woongroep_Boschgaard_Den_Bosch__002__Aluminium_Fassadensystem","has_bauteilebene","bauteilebene/System","Aluminium-Fassadensystem | Aluminium, Glas | Stadskantoor Roosendaal | Fassadensystem | Fassade im Wohnprojekt | Umfang unbekannt; 50 Jahre alte Fassade belegt | nein | nein | Demontage, Anpassung an neuen Entwurf | Witterung, Dichtigkeit, Wärme, Befestigung | Maßanpassung, Gestaltung, Gewährleistung","rule_medium","label_50p_has_bauteilprofil_component_profile",""
"reuse_einsatz/Woongroep_Boschgaard_Den_Bosch__002__Aluminium_Fassadensystem","has_funktionswechsel","funktionswechsel/Gleiche_Funktion","Aluminium-Fassadensystem | Aluminium, Glas | Stadskantoor Roosendaal | Fassadensystem | Fassade im Wohnprojekt | Umfang unbekannt; 50 Jahre alte Fassade belegt | nein | nein | Demontage, Anpassung an neuen Entwurf | Witterung, Dichtigkeit, Wärme, Befestigung | Maßanpassung, Gestaltung, Gewährleistung","rule_high","label_50p_has_bauteilprofil_component_profile",""
"reuse_einsatz/Woongroep_Boschgaard_Den_Bosch__002__Aluminium_Fassadensystem","has_funktionswechsel","funktionswechsel/Konstruktive_Funktion","Aluminium-Fassadensystem | Aluminium, Glas | Stadskantoor Roosendaal | Fassadensystem | Fassade im Wohnprojekt | Umfang unbekannt; 50 Jahre alte Fassade belegt | nein | nein | Demontage, Anpassung an neuen Entwurf | Witterung, Dichtigkeit, Wärme, Befestigung | Maßanpassung, Gestaltung, Gewährleistung","rule_medium","label_50p_has_bauteilprofil_component_profile",""
"reuse_einsatz/Woongroep_Boschgaard_Den_Bosch__003__HSB_Holz_Balken","has_funktionswechsel","funktionswechsel/Neue_Funktion","HSB-Holz / Balken | Holz | u. a. ehemalige Bibliothek Sint-Michielsgestel, geslooptes Tankstation Haarlem, alte Kunstakademie, Schule Boschveld | Trag-/Ausbauholz | HSB-Wände/-Decken, Balken, Ausbau | teilweise | nein | Sortieren, Zuschnitt, ggf. Behandlung | Tragfähigkeit, Schallschutz, Holzschutz | Boktor-Risiko, Schalllecks","rule_medium","label_50p_has_bauteilprofil_component_profile",""
"reuse_einsatz/Woongroep_Boschgaard_Den_Bosch__003__HSB_Holz_Balken","has_funktionswechsel","funktionswechsel/Konstruktive_Funktion","HSB-Holz / Balken | Holz | u. a. ehemalige Bibliothek Sint-Michielsgestel, geslooptes Tankstation Haarlem, alte Kunstakademie, Schule Boschveld | Trag-/Ausbauholz | HSB-Wände/-Decken, Balken, Ausbau | teilweise | nein | Sortieren, Zuschnitt, ggf. Behandlung | Tragfähigkeit, Schallschutz, Holzschutz | Boktor-Risiko, Schalllecks","rule_medium","label_50p_has_bauteilprofil_component_profile",""
"reuse_einsatz/Woongroep_Boschgaard_Den_Bosch__005__T_ren_Schiebet_ren","has_bauteilebene","bauteilebene/Bauteilgruppe","Türen / Schiebetüren | Holz/Metall/Glas | Abbruch- und Renovierungsprojekte | Türen | Türen / Raumabschluss | nein | nein | Aufarbeitung, Anpassung | Feuer-/Schall-/Nutzungssicherheit | Maße, Brandschutz","rule_medium","label_50p_has_bauteilprofil_component_profile",""
"reuse_einsatz/Woongroep_Boschgaard_Den_Bosch__005__T_ren_Schiebet_ren","has_funktionswechsel","funktionswechsel/Gleiche_Funktion","Türen / Schiebetüren | Holz/Metall/Glas | Abbruch- und Renovierungsprojekte | Türen | Türen / Raumabschluss | nein | nein | Aufarbeitung, Anpassung | Feuer-/Schall-/Nutzungssicherheit | Maße, Brandschutz","rule_high","label_50p_has_bauteilprofil_component_profile",""
"reuse_einsatz/Woongroep_Boschgaard_Den_Bosch__006__K_chenbl_cke","has_funktionswechsel","funktionswechsel/Neue_Funktion","Küchenblöcke | gemischt | gesuchte / geerntete Bauteile | Küche | feste Einbauten | nein | technisch teils | Reinigung, Anpassung | Hygiene, Wasser/Elektro | technische Anschlüsse","rule_medium","label_50p_has_bauteilprofil_component_profile",""
"reuse_einsatz/Woongroep_Boschgaard_Den_Bosch__006__K_chenbl_cke","has_funktionswechsel","funktionswechsel/Technische_Funktion","Küchenblöcke | gemischt | gesuchte / geerntete Bauteile | Küche | feste Einbauten | nein | technisch teils | Reinigung, Anpassung | Hygiene, Wasser/Elektro | technische Anschlüsse","rule_medium","label_50p_has_bauteilprofil_component_profile",""
"reuse_einsatz/Woongroep_Boschgaard_Den_Bosch__007__WC_Sanit_r","has_bauteilebene","bauteilebene/Bauteilgruppe","WC / Sanitär | Keramik/Metall | gesuchte / geerntete Bauteile | Sanitär | Sanitäranlagen | nein | ja | Reinigung, Anschlussanpassung | Hygiene, Dichtheit | Gewährleistung","rule_medium","label_50p_has_bauteilprofil_component_profile",""
"reuse_einsatz/Woongroep_Boschgaard_Den_Bosch__007__WC_Sanit_r","has_funktionswechsel","funktionswechsel/Gleiche_Funktion","WC / Sanitär | Keramik/Metall | gesuchte / geerntete Bauteile | Sanitär | Sanitäranlagen | nein | ja | Reinigung, Anschlussanpassung | Hygiene, Dichtheit | Gewährleistung","rule_high","label_50p_has_bauteilprofil_component_profile",""
"reuse_einsatz/Woongroep_Boschgaard_Den_Bosch__007__WC_Sanit_r","has_funktionswechsel","funktionswechsel/Technische_Funktion","WC / Sanitär | Keramik/Metall | gesuchte / geerntete Bauteile | Sanitär | Sanitäranlagen | nein | ja | Reinigung, Anschlussanpassung | Hygiene, Dichtheit | Gewährleistung","rule_medium","label_50p_has_bauteilprofil_component_profile",""
"reuse_einsatz/Woongroep_Boschgaard_Den_Bosch__008__Kabelgoten_Notbeleuchtung","has_bauteilebene","bauteilebene/Bauteilgruppe","Kabelgoten / Notbeleuchtung | Metall/Kunststoff/Elektro | gesuchte / geerntete Bauteile | technische Gebäudeelemente | Elektro-/Sicherheitsinstallation | nein | ja | Elektrosicherheit | Zulassung, Alter","rule_medium","label_50p_has_bauteilprofil_component_profile",""
"reuse_einsatz/Woongroep_Boschgaard_Den_Bosch__008__Kabelgoten_Notbeleuchtung","has_funktionswechsel","funktionswechsel/Neue_Funktion","Kabelgoten / Notbeleuchtung | Metall/Kunststoff/Elektro | gesuchte / geerntete Bauteile | technische Gebäudeelemente | Elektro-/Sicherheitsinstallation | nein | ja | Elektrosicherheit | Zulassung, Alter","rule_medium","label_50p_has_bauteilprofil_component_profile",""
"reuse_einsatz/Woongroep_Boschgaard_Den_Bosch__008__Kabelgoten_Notbeleuchtung","has_funktionswechsel","funktionswechsel/Technische_Funktion","Kabelgoten / Notbeleuchtung | Metall/Kunststoff/Elektro | gesuchte / geerntete Bauteile | technische Gebäudeelemente | Elektro-/Sicherheitsinstallation | nein | ja | Elektrosicherheit | Zulassung, Alter","rule_medium","label_50p_has_bauteilprofil_component_profile",""
"reuse_einsatz/Zinneke_Feder_Masui4ever_Brussels__001__Stahltr_ger","has_bauteilebene","bauteilebene/Bauteilgruppe","Stahlträger | Stahl | Trag-/Stahlprofil | Sturz für neue Öffnungen | ca. 30 | ja, punktuell | nein | Zuschnitt/Anpassung wahrscheinlich, Details unbekannt | Tragfähigkeit | Nachweis / Passung","rule_medium","label_50p_has_bauteilprofil_component_profile",""
"reuse_einsatz/Zinneke_Feder_Masui4ever_Brussels__001__Stahltr_ger","has_funktionswechsel","funktionswechsel/Neue_Funktion","Stahlträger | Stahl | Trag-/Stahlprofil | Sturz für neue Öffnungen | ca. 30 | ja, punktuell | nein | Zuschnitt/Anpassung wahrscheinlich, Details unbekannt | Tragfähigkeit | Nachweis / Passung","rule_medium","label_50p_has_bauteilprofil_component_profile",""
"reuse_einsatz/Zinneke_Feder_Masui4ever_Brussels__001__Stahltr_ger","has_funktionswechsel","funktionswechsel/Konstruktive_Funktion","Stahlträger | Stahl | Trag-/Stahlprofil | Sturz für neue Öffnungen | ca. 30 | ja, punktuell | nein | Zuschnitt/Anpassung wahrscheinlich, Details unbekannt | Tragfähigkeit | Nachweis / Passung","rule_medium","label_50p_has_bauteilprofil_component_profile",""
"reuse_einsatz/Zinneke_Feder_Masui4ever_Brussels__002__Fensterrahmen","has_bauteilebene","bauteilebene/Bauteilgruppe","Fensterrahmen | unbekannt, vermutlich Holz/Metall je Bauteil | Fenster | rückwärtige Fassadenkomposition | 5 | nein | nein | Reinigung/Anpassung unbekannt | Witterung, Luftdichtheit, Wärmeschutz | Performance alter Fenster","rule_medium","label_50p_has_bauteilprofil_component_profile",""
"reuse_einsatz/Zinneke_Feder_Masui4ever_Brussels__002__Fensterrahmen","has_funktionswechsel","funktionswechsel/Neue_Funktion","Fensterrahmen | unbekannt, vermutlich Holz/Metall je Bauteil | Fenster | rückwärtige Fassadenkomposition | 5 | nein | nein | Reinigung/Anpassung unbekannt | Witterung, Luftdichtheit, Wärmeschutz | Performance alter Fenster","rule_high","label_50p_has_bauteilprofil_component_profile",""
"reuse_einsatz/Zinneke_Feder_Masui4ever_Brussels__002__Fensterrahmen","has_funktionswechsel","funktionswechsel/Konstruktive_Funktion","Fensterrahmen | unbekannt, vermutlich Holz/Metall je Bauteil | Fenster | rückwärtige Fassadenkomposition | 5 | nein | nein | Reinigung/Anpassung unbekannt | Witterung, Luftdichtheit, Wärmeschutz | Performance alter Fenster","rule_medium","label_50p_has_bauteilprofil_component_profile",""
"reuse_einsatz/Zinneke_Feder_Masui4ever_Brussels__003__Steinwolle_D_mmplatten","has_bauteilebene","bauteilebene/Bauteilgruppe","Steinwolle-Dämmplatten | Mineralwolle | Dämmung | Dämmung in neuen Ausbauten | 450 m² | nein | nein | Zustand/Einbau unbekannt | Wärmeschutz, Brandschutz, Feuchte | Qualitätssicherung","rule_medium","label_50p_has_bauteilprofil_component_profile",""
"reuse_einsatz/Zinneke_Feder_Masui4ever_Brussels__003__Steinwolle_D_mmplatten","has_funktionswechsel","funktionswechsel/Gleiche_Funktion","Steinwolle-Dämmplatten | Mineralwolle | Dämmung | Dämmung in neuen Ausbauten | 450 m² | nein | nein | Zustand/Einbau unbekannt | Wärmeschutz, Brandschutz, Feuchte | Qualitätssicherung","rule_high","label_50p_has_bauteilprofil_component_profile",""
"reuse_einsatz/Zinneke_Feder_Masui4ever_Brussels__003__Steinwolle_D_mmplatten","has_funktionswechsel","funktionswechsel/Konstruktive_Funktion","Steinwolle-Dämmplatten | Mineralwolle | Dämmung | Dämmung in neuen Ausbauten | 450 m² | nein | nein | Zustand/Einbau unbekannt | Wärmeschutz, Brandschutz, Feuchte | Qualitätssicherung","rule_medium","label_50p_has_bauteilprofil_component_profile",""
"reuse_einsatz/Zinneke_Feder_Masui4ever_Brussels__004__Stahl_Treppen","has_bauteilebene","bauteilebene/Bauteilgruppe","Stahl-Treppen | Stahl | ehemaliger Sitz der flämischen Regierung | Erschließung | Erschließung | 2 | ja, als Treppentragwerk | nein | Transport, Einpassung | Verkehrslasten, Brandschutz, Geländer | Geometrie / Zulassung","rule_medium","label_50p_has_bauteilprofil_component_profile",""
"reuse_einsatz/Zinneke_Feder_Masui4ever_Brussels__004__Stahl_Treppen","has_funktionswechsel","funktionswechsel/Gleiche_Funktion","Stahl-Treppen | Stahl | ehemaliger Sitz der flämischen Regierung | Erschließung | Erschließung | 2 | ja, als Treppentragwerk | nein | Transport, Einpassung | Verkehrslasten, Brandschutz, Geländer | Geometrie / Zulassung","rule_high","label_50p_has_bauteilprofil_component_profile",""
"reuse_einsatz/Zinneke_Feder_Masui4ever_Brussels__004__Stahl_Treppen","has_funktionswechsel","funktionswechsel/Konstruktive_Funktion","Stahl-Treppen | Stahl | ehemaliger Sitz der flämischen Regierung | Erschließung | Erschließung | 2 | ja, als Treppentragwerk | nein | Transport, Einpassung | Verkehrslasten, Brandschutz, Geländer | Geometrie / Zulassung","rule_medium","label_50p_has_bauteilprofil_component_profile",""
"reuse_einsatz/Zinneke_Feder_Masui4ever_Brussels__005__Azob_Dielen","has_funktionswechsel","funktionswechsel/Unbekannt","Azobé-Dielen | Holz | Terrasse | 90 m² | nein | nein | Dauerhaftigkeit außen, Rutschhemmung | Dauerhaftigkeit","rule_low","label_50p_has_bauteilprofil_component_profile",""
"reuse_einsatz/Zinneke_Feder_Masui4ever_Brussels__006__Eichenparkett","has_bauteilebene","bauteilebene/Oberflaechenschicht","Eichenparkett | Holz | Bodenbelag | Büro-Parkett | 300 m² | nein | nein | Reinigung, Sortierung, Verlegung | Abrieb, Brandschutz, Ebenheit | Zustand / Calepinage","rule_high","label_50p_has_bauteilprofil_component_profile",""
"reuse_einsatz/Zinneke_Feder_Masui4ever_Brussels__006__Eichenparkett","has_funktionswechsel","funktionswechsel/Neue_Funktion","Eichenparkett | Holz | Bodenbelag | Büro-Parkett | 300 m² | nein | nein | Reinigung, Sortierung, Verlegung | Abrieb, Brandschutz, Ebenheit | Zustand / Calepinage","rule_medium","label_50p_has_bauteilprofil_component_profile",""
"reuse_einsatz/Zinneke_Feder_Masui4ever_Brussels__006__Eichenparkett","has_funktionswechsel","funktionswechsel/Konstruktive_Funktion","Eichenparkett | Holz | Bodenbelag | Büro-Parkett | 300 m² | nein | nein | Reinigung, Sortierung, Verlegung | Abrieb, Brandschutz, Ebenheit | Zustand / Calepinage","rule_medium","label_50p_has_bauteilprofil_component_profile",""
"reuse_einsatz/Zinneke_Feder_Masui4ever_Brussels__007__Heizk_rper","has_funktionswechsel","funktionswechsel/Gleiche_Funktion","Heizkörper | Guss/Stahl, unbekannt | Wärmeabgabe | Wärmeabgabe | ca. 20 | nein | ja | Druck, Dichtheit, Heizleistung | Gewährleistung / Hydraulik","rule_high","label_50p_has_bauteilprofil_component_profile",""
"reuse_einsatz/Zinneke_Feder_Masui4ever_Brussels__008__T_ren_inkl_Brandschutzt_ren","has_bauteilebene","bauteilebene/Bauteilgruppe","Türen inkl. Brandschutztüren | Holz/Metall, unbekannt | Innentüren / Brandschutztüren | Türen | >20 | nein | teilweise Brandschutz | Feuerwiderstand bei Brandschutztüren | Zertifizierung alter Brandschutztüren","rule_medium","label_50p_has_bauteilprofil_component_profile",""
"reuse_einsatz/Zinneke_Feder_Masui4ever_Brussels__008__T_ren_inkl_Brandschutzt_ren","has_funktionswechsel","funktionswechsel/Gleiche_Funktion","Türen inkl. Brandschutztüren | Holz/Metall, unbekannt | Innentüren / Brandschutztüren | Türen | >20 | nein | teilweise Brandschutz | Feuerwiderstand bei Brandschutztüren | Zertifizierung alter Brandschutztüren","rule_high","label_50p_has_bauteilprofil_component_profile",""
"reuse_einsatz/Zinneke_Feder_Masui4ever_Brussels__008__T_ren_inkl_Brandschutzt_ren","has_funktionswechsel","funktionswechsel/Konstruktive_Funktion","Türen inkl. Brandschutztüren | Holz/Metall, unbekannt | Innentüren / Brandschutztüren | Türen | >20 | nein | teilweise Brandschutz | Feuerwiderstand bei Brandschutztüren | Zertifizierung alter Brandschutztüren","rule_medium","label_50p_has_bauteilprofil_component_profile",""
"reuse_einsatz/Zinneke_Feder_Masui4ever_Brussels__009__L_ftungsgruppe","has_funktionswechsel","funktionswechsel/Gleiche_Funktion","Lüftungsgruppe | TGA-Komponente | Bürohochhaus im Stadtzentrum | Lüftungsanlage | Lüftungsanlage | 1 komplett | nein | ja | Ausbau, Transport, Wiedereinbau | Luftmengen, Hygiene, Energie, Schall | Haftung / Wartung / Kompatibilität","rule_high","label_50p_has_bauteilprofil_component_profile",""
"reuse_einsatz/Zinneke_Feder_Masui4ever_Brussels__009__L_ftungsgruppe","has_funktionswechsel","funktionswechsel/Technische_Funktion","Lüftungsgruppe | TGA-Komponente | Bürohochhaus im Stadtzentrum | Lüftungsanlage | Lüftungsanlage | 1 komplett | nein | ja | Ausbau, Transport, Wiedereinbau | Luftmengen, Hygiene, Energie, Schall | Haftung / Wartung / Kompatibilität","rule_medium","label_50p_has_bauteilprofil_component_profile",""
"reuse_einsatz/gjG_House_Gentbrugge__001__gekr_mmte_Au_enwand_Schale","has_bauteilebene","bauteilebene/Bauteilgruppe","gekrümmte Außenwand / Schale | wiederverwendete Ziegel | strukturell autonome Hülle; Dachauflager | ja | nein | Reinigung/Aufbereitung unbekannt | Stabilität, Dachauflager, Akustik, Witterung | Altziegelqualität, Formgenauigkeit","rule_medium","label_50p_has_bauteilprofil_component_profile",""
"reuse_einsatz/gjG_House_Gentbrugge__001__gekr_mmte_Au_enwand_Schale","has_funktionswechsel","funktionswechsel/Unbekannt","gekrümmte Außenwand / Schale | wiederverwendete Ziegel | strukturell autonome Hülle; Dachauflager | ja | nein | Reinigung/Aufbereitung unbekannt | Stabilität, Dachauflager, Akustik, Witterung | Altziegelqualität, Formgenauigkeit","rule_low","label_50p_has_bauteilprofil_component_profile",""
"reuse_einsatz/gjG_House_Gentbrugge__001__gekr_mmte_Au_enwand_Schale","has_funktionswechsel","funktionswechsel/Konstruktive_Funktion","gekrümmte Außenwand / Schale | wiederverwendete Ziegel | strukturell autonome Hülle; Dachauflager | ja | nein | Reinigung/Aufbereitung unbekannt | Stabilität, Dachauflager, Akustik, Witterung | Altziegelqualität, Formgenauigkeit","rule_medium","label_50p_has_bauteilprofil_component_profile",""
"reuse_einsatz/gjG_House_Gentbrugge__002__Dach","has_bauteilebene","bauteilebene/Gebaeudeteil","Dach | Material unbekannt | Abschluss; wird von Schale getragen | ja | nein | Lastabtragung/Witterung | Anschlussdetails","rule_medium","label_50p_has_bauteilprofil_component_profile",""
"reuse_einsatz/gjG_House_Gentbrugge__002__Dach","has_funktionswechsel","funktionswechsel/Unbekannt","Dach | Material unbekannt | Abschluss; wird von Schale getragen | ja | nein | Lastabtragung/Witterung | Anschlussdetails","rule_low","label_50p_has_bauteilprofil_component_profile",""
"reuse_einsatz/gjG_House_Gentbrugge__002__Dach","has_funktionswechsel","funktionswechsel/Konstruktive_Funktion","Dach | Material unbekannt | Abschluss; wird von Schale getragen | ja | nein | Lastabtragung/Witterung | Anschlussdetails","rule_medium","label_50p_has_bauteilprofil_component_profile",""
"reuse_einsatz/gjG_House_Gentbrugge__004__Innenoberfl_chen_der_Schale","has_bauteilebene","bauteilebene/Oberflaechenschicht","Innenoberflächen der Schale | gleiche wiederverwendete Ziegel | Innenraumoberfläche / Außenraumgefühl | nein/Teil der Schale | nein | Raumwirkung","rule_high","label_50p_has_bauteilprofil_component_profile",""
"reuse_einsatz/gjG_House_Gentbrugge__004__Innenoberfl_chen_der_Schale","has_funktionswechsel","funktionswechsel/Unbekannt","Innenoberflächen der Schale | gleiche wiederverwendete Ziegel | Innenraumoberfläche / Außenraumgefühl | nein/Teil der Schale | nein | Raumwirkung","rule_low","label_50p_has_bauteilprofil_component_profile",""
