"source","relation","target","raw_label","confidence","resolution_rule","legacy_path"
"datenpunkt/55_Great_Suffolk_Street_London__001__Reused_steel_intended","has_datenqualitaet","datenqualitaet/Belegt","Reused steel intended | 20.35 | Projekt-/ASBP-Daten | Neuer externer Kern | ASBP, NLA | belegt","rule_high","label_50q_has_datenqualitaet_datenpunkt",""
"datenpunkt/55_Great_Suffolk_Street_London__002__Gesamtstahlwerk_am_Kern","has_datenqualitaet","datenqualitaet/Belegt","Gesamtstahlwerk am Kern | 20.98 | Projekt-/ASBP-Daten | Neuer externer Kern | ASBP | belegt","rule_high","label_50q_has_datenqualitaet_datenpunkt",""
"datenpunkt/55_Great_Suffolk_Street_London__003__Anteil_reused_steel_am_Kernstahl","has_datenqualitaet","datenqualitaet/Belegt","Anteil reused steel am Kernstahl | 97 | 20.35/20.98 t | Neuer externer Kern | ASBP | belegt","rule_high","label_50q_has_datenqualitaet_datenpunkt",""
"datenpunkt/55_Great_Suffolk_Street_London__004__Stahl_aus_donor_site_1_Broadgate","has_datenqualitaet","datenqualitaet/Belegt","Stahl aus donor site 1 Broadgate | 8.3 | Projekt-/ASBP-Daten | Anteil reused steel | ASBP | belegt","rule_high","label_50q_has_datenqualitaet_datenpunkt",""
"datenpunkt/55_Great_Suffolk_Street_London__005__Reclaimed_stock_Cleveland","has_datenqualitaet","datenqualitaet/Belegt","Reclaimed stock Cleveland | 11.1 | Projekt-/ASBP-Daten | Anteil reused steel | ASBP | belegt","rule_high","label_50q_has_datenqualitaet_datenpunkt",""
"datenpunkt/55_Great_Suffolk_Street_London__006__Gesamtstahlkauf_Fabrix","has_datenqualitaet","datenqualitaet/Belegt","Gesamtstahlkauf Fabrix | 139 | Urban-mining purchase | mehrere Fabrix-Projekte | NLA, Architects’ Journal | belegt","rule_high","label_50q_has_datenqualitaet_datenpunkt",""
"datenpunkt/55_Great_Suffolk_Street_London__007__CO_Einsparung_Stahlreuse","has_datenqualitaet","datenqualitaet/Geschaetzt","CO₂-Einsparung Stahlreuse | ca. 50 | Vergleich zu A1-A3 2.5 kgCO₂e/kg steel | Stahl des externen Kerns | ASBP, NLA | teilweise belegt","rule_medium","label_50q_has_datenqualitaet_datenpunkt",""
"datenpunkt/55_Great_Suffolk_Street_London__007__CO_Einsparung_Stahlreuse","has_datenqualitaet","datenqualitaet/Belegt","CO₂-Einsparung Stahlreuse | ca. 50 | Vergleich zu A1-A3 2.5 kgCO₂e/kg steel | Stahl des externen Kerns | ASBP, NLA | teilweise belegt","rule_medium","label_50q_has_datenqualitaet_datenpunkt",""
"datenpunkt/55_Great_Suffolk_Street_London__008__Upfront_embodied_carbon","has_datenqualitaet","datenqualitaet/Belegt","Upfront embodied carbon | 386 | embodied-carbon assessment | A1-A5 | ASBP, NLA | belegt","rule_high","label_50q_has_datenqualitaet_datenpunkt",""
"datenpunkt/55_Great_Suffolk_Street_London__009__Fr_here_RIBA_Stage_2_Sch_tzung","has_datenqualitaet","datenqualitaet/Belegt","Frühere RIBA Stage 2 Schätzung | 406 | embodied-carbon estimation | A1-A5 | UKGBC | belegt","rule_high","label_50q_has_datenqualitaet_datenpunkt",""
"datenpunkt/55_Great_Suffolk_Street_London__010__Reduktion_gg_LETI_2020_target","has_datenqualitaet","datenqualitaet/Belegt","Reduktion ggü. LETI 2020 target | 36 | Vergleich zu 600 kgCO₂e/m² | A1-A5 | ASBP, NLA | belegt","rule_high","label_50q_has_datenqualitaet_datenpunkt",""
"datenpunkt/55_Great_Suffolk_Street_London__011__Fl_che","has_datenqualitaet","datenqualitaet/Belegt","Fläche | 1412 | Projektdaten | Gebäude/Projekt | ASBP, NLA | belegt","rule_high","label_50q_has_datenqualitaet_datenpunkt",""
"datenpunkt/55_Great_Suffolk_Street_London__012__Workspace_Fl_che","has_datenqualitaet","datenqualitaet/Widerspruechlich","Workspace-Fläche | 10,000 / 15,000 | Quellenkonflikt | Projekt | NLA / ASBP | teilweise belegt","rule_high","label_50q_has_datenqualitaet_datenpunkt",""
"datenpunkt/55_Great_Suffolk_Street_London__012__Workspace_Fl_che","has_datenqualitaet","datenqualitaet/Belegt","Workspace-Fläche | 10,000 / 15,000 | Quellenkonflikt | Projekt | NLA / ASBP | teilweise belegt","rule_medium","label_50q_has_datenqualitaet_datenpunkt",""
"datenpunkt/AWM_Muenster_Circular_Office__001__Fl_che","has_datenqualitaet","datenqualitaet/Belegt","Fläche | 250 | Projektangabe urselmann/AWM | Büroetage | S2, S4 | belegt","rule_high","label_50q_has_datenqualitaet_datenpunkt",""
"datenpunkt/AWM_Muenster_Circular_Office__002__Fl_che","has_datenqualitaet","datenqualitaet/Belegt","Fläche | 200 | Drittportfolio | Büroetage | S1 | teilweise belegt / Konflikt","rule_medium","label_50q_has_datenqualitaet_datenpunkt",""
"datenpunkt/AWM_Muenster_Circular_Office__003__wiedergewonnene_Materialien","has_datenqualitaet","datenqualitaet/Belegt","wiedergewonnene Materialien | 6,9 | Concular zirkuläre Ökobilanzierung | Bauprojekt Büroetage | S1, S3 | belegt","rule_high","label_50q_has_datenqualitaet_datenpunkt",""
"datenpunkt/AWM_Muenster_Circular_Office__003__wiedergewonnene_Materialien","uses_software_digitaltool","software_digitaltool/Concular_Plattform","wiedergewonnene Materialien | 6,9 | Concular zirkuläre Ökobilanzierung | S1, S3","rule_high","label_50q_uses_software_datenpunkt_method",""
"datenpunkt/AWM_Muenster_Circular_Office__004__Abfallvermeidung","has_datenqualitaet","datenqualitaet/Belegt","Abfallvermeidung | 6,9 | Concular | Büroetage | S1, S3 | belegt","rule_high","label_50q_has_datenqualitaet_datenpunkt",""
"datenpunkt/AWM_Muenster_Circular_Office__004__Abfallvermeidung","uses_software_digitaltool","software_digitaltool/Concular_Plattform","Abfallvermeidung | 6,9 | Concular | S1, S3","rule_high","label_50q_uses_software_datenpunkt_method",""
"datenpunkt/AWM_Muenster_Circular_Office__005__CO_Einsparung","has_datenqualitaet","datenqualitaet/Belegt","CO₂-Einsparung | 13,32 | zirkuläre Ökobilanzierung | gegenüber konventioneller Bauweise | S1–S3 | belegt","rule_high","label_50q_has_datenqualitaet_datenpunkt",""
"datenpunkt/AWM_Muenster_Circular_Office__006__CO_Reduktion","has_datenqualitaet","datenqualitaet/Belegt","CO₂-Reduktion | 82 | zirkuläre Ökobilanzierung | gegenüber konventioneller Bauweise | S1–S3, S5 | belegt","rule_high","label_50q_has_datenqualitaet_datenpunkt",""
"datenpunkt/AWM_Muenster_Circular_Office__007__Wassereinsparung","has_datenqualitaet","datenqualitaet/Belegt","Wassereinsparung | 32 | AWM-Angabe | gegenüber konventioneller Bauweise | S5 | belegt","rule_high","label_50q_has_datenqualitaet_datenpunkt",""
"datenpunkt/AWM_Muenster_Circular_Office__008__c2c_inspiriert_oder_ReUse","has_datenqualitaet","datenqualitaet/Belegt","c2c-inspiriert oder ReUse | 95,6 | Concular/urselmann | alle Produkte im Ausbau | S1–S3 | belegt, nicht Direct-Reuse-Anteil","rule_medium","label_50q_has_datenqualitaet_datenpunkt",""
"datenpunkt/AWM_Muenster_Circular_Office__008__c2c_inspiriert_oder_ReUse","uses_software_digitaltool","software_digitaltool/Concular_Plattform","c2c-inspiriert oder ReUse | 95,6 | Concular/urselmann | S1–S3","rule_high","label_50q_uses_software_datenpunkt_method",""
"datenpunkt/AWM_Muenster_Circular_Office__009__CO_Einsparung_Glastrennw_nde","has_datenqualitaet","datenqualitaet/Belegt","CO₂-Einsparung Glastrennwände | 4,39 | AWM Materialseite | Glastrennwände | S4 | belegt","rule_high","label_50q_has_datenqualitaet_datenpunkt",""
"datenpunkt/AWM_Muenster_Circular_Office__010__CO_Einsparung_Hanfkalk","has_datenqualitaet","datenqualitaet/Belegt","CO₂-Einsparung Hanfkalk | 1,7 | AWM Materialseite | Vergleich zu Kalksandstein | S4 | belegt, nicht Reuse","rule_medium","label_50q_has_datenqualitaet_datenpunkt",""
"datenpunkt/AWM_Muenster_Circular_Office__011__alte_Holzst_hle_f_r_Wandverkleidung","has_datenqualitaet","datenqualitaet/Belegt","alte Holzstühle für Wandverkleidung | >500 / 550 | AWM / Drittportfolio | Wandverkleidung | S1, S4 | teilweise belegt","rule_medium","label_50q_has_datenqualitaet_datenpunkt",""
"datenpunkt/AWM_Muenster_Circular_Office__012__Kostenwirkung","has_datenqualitaet","datenqualitaet/Belegt","Kostenwirkung | vergleichbare Kosten | AWM-Zitat | Gesamtprojekt | S5 | teilweise belegt","rule_medium","label_50q_has_datenqualitaet_datenpunkt",""
"datenpunkt/Association_house_Groeditz__001__Fertigteile_aus_Dresden_Typ_Schule","has_datenqualitaet","datenqualitaet/Belegt","Fertigteile aus Dresden-Typ-Schule | 279 | PRECS-Fallstudienliste | Empfängergebäude | [S1] | belegt","rule_high","label_50q_has_datenqualitaet_datenpunkt",""
"datenpunkt/Association_house_Groeditz__002__WBS70_Paneele_aus_weiterem_Geb_ude","has_datenqualitaet","datenqualitaet/Belegt","WBS70-Paneele aus weiterem Gebäude | 159 | PRECS-Fallstudienliste | Empfängergebäude | [S1] | belegt","rule_high","label_50q_has_datenqualitaet_datenpunkt",""
"datenpunkt/Association_house_Groeditz__003__dokumentierte_Fertigteile_gesamt","has_datenqualitaet","datenqualitaet/Belegt","dokumentierte Fertigteile gesamt | 438 | Addition aus [S1] | Empfängergebäude | [S1] | teilweise belegt","rule_medium","label_50q_has_datenqualitaet_datenpunkt",""
"datenpunkt/Association_house_Groeditz__004__Transportdistanz","has_datenqualitaet","datenqualitaet/Geschaetzt","Transportdistanz | ca. 2,5 | PRECS-Fallstudienliste | Spender- zu Empfängerstandort | [S1] | belegt","rule_medium","label_50q_has_datenqualitaet_datenpunkt",""
"datenpunkt/Association_house_Groeditz__004__Transportdistanz","has_datenqualitaet","datenqualitaet/Belegt","Transportdistanz | ca. 2,5 | PRECS-Fallstudienliste | Spender- zu Empfängerstandort | [S1] | belegt","rule_high","label_50q_has_datenqualitaet_datenpunkt",""
"datenpunkt/Association_house_Groeditz__005__Jahr_Fallstudienstart","has_datenqualitaet","datenqualitaet/Belegt","Jahr/Fallstudienstart | 2007 | PRECS-Fallstudienliste | Projekt | [S1] | belegt","rule_high","label_50q_has_datenqualitaet_datenpunkt",""
"datenpunkt/Association_house_Plauen__001__wiederverwendete_Fertigteile_gesamt","has_datenqualitaet","datenqualitaet/Belegt","wiederverwendete Fertigteile gesamt | 189 | PRECS-Fallstudienliste | Empfängergebäude | [S1], [S3] | belegt","rule_high","label_50q_has_datenqualitaet_datenpunkt",""
"datenpunkt/Association_house_Plauen__002__Decken_Bodenplatten","has_datenqualitaet","datenqualitaet/Belegt","Decken-/Bodenplatten | 145 | PRECS-Fallstudienliste | Bauteile | [S1] | belegt","rule_high","label_50q_has_datenqualitaet_datenpunkt",""
"datenpunkt/Association_house_Plauen__003__Au_enw_nde","has_datenqualitaet","datenqualitaet/Belegt","Außenwände | 19 | PRECS-Fallstudienliste | Bauteile | [S1] | belegt","rule_high","label_50q_has_datenqualitaet_datenpunkt",""
"datenpunkt/Association_house_Plauen__004__Innenw_nde","has_datenqualitaet","datenqualitaet/Belegt","Innenwände | 14 | PRECS-Fallstudienliste | Bauteile | [S1] | belegt","rule_high","label_50q_has_datenqualitaet_datenpunkt",""
"datenpunkt/Association_house_Plauen__005__Kellerw_nde","has_datenqualitaet","datenqualitaet/Belegt","Kellerwände | 11 | PRECS-Fallstudienliste | Bauteile | [S1] | belegt","rule_high","label_50q_has_datenqualitaet_datenpunkt",""
"datenpunkt/Association_house_Plauen__006__Transportdistanz","has_datenqualitaet","datenqualitaet/Geschaetzt","Transportdistanz | ca. 7 | PRECS-Fallstudienliste | Spender- zu Empfängerstandort | [S1] | belegt","rule_medium","label_50q_has_datenqualitaet_datenpunkt",""
"datenpunkt/Association_house_Plauen__006__Transportdistanz","has_datenqualitaet","datenqualitaet/Belegt","Transportdistanz | ca. 7 | PRECS-Fallstudienliste | Spender- zu Empfängerstandort | [S1] | belegt","rule_high","label_50q_has_datenqualitaet_datenpunkt",""
"datenpunkt/Association_house_Plauen__007__Jahr_Fallstudienstart","has_datenqualitaet","datenqualitaet/Belegt","Jahr/Fallstudienstart | 2007 | PRECS-Fallstudienliste | Projekt | [S1] | belegt","rule_high","label_50q_has_datenqualitaet_datenpunkt",""
"datenpunkt/BedZED_London_Hackbridge__001__Wiederverwendeter_struktureller_Stahl","has_datenqualitaet","datenqualitaet/Belegt","Wiederverwendeter struktureller Stahl | 98 | Materialreport / Fallstudie | Stahltragwerk BedZED | S4 | belegt","rule_high","label_50q_has_datenqualitaet_datenpunkt",""
"datenpunkt/BedZED_London_Hackbridge__002__Anteil_reclaimed_steel_am_tragenden_Stahl","has_datenqualitaet","datenqualitaet/Belegt","Anteil reclaimed steel am tragenden Stahl | 95 | Materialreport | Tragender Stahl | S4 | belegt","rule_high","label_50q_has_datenqualitaet_datenpunkt",""
"datenpunkt/BedZED_London_Hackbridge__003__Kosten_reclaimed_steel","has_datenqualitaet","datenqualitaet/Belegt","Kosten reclaimed steel | 300 | Kostenvergleich | Stahlbeschaffung | S4 | belegt","rule_high","label_50q_has_datenqualitaet_datenpunkt",""
"datenpunkt/BedZED_London_Hackbridge__004__Vergleichspreis_neuer_Stahl","has_datenqualitaet","datenqualitaet/Belegt","Vergleichspreis neuer Stahl | 313 | Kostenvergleich | Stahlbeschaffung | S4 | belegt","rule_high","label_50q_has_datenqualitaet_datenpunkt",""
"datenpunkt/BedZED_London_Hackbridge__005__Zusatzaufwand_Sourcing_Pr_fung_Stahl","has_datenqualitaet","datenqualitaet/Geschaetzt","Zusatzaufwand Sourcing/Prüfung Stahl | ca. 1.000 | Schätzung | Stahlwiederverwendung | S4 | belegt","rule_medium","label_50q_has_datenqualitaet_datenpunkt",""
"datenpunkt/BedZED_London_Hackbridge__005__Zusatzaufwand_Sourcing_Pr_fung_Stahl","has_datenqualitaet","datenqualitaet/Belegt","Zusatzaufwand Sourcing/Prüfung Stahl | ca. 1.000 | Schätzung | Stahlwiederverwendung | S4 | belegt","rule_high","label_50q_has_datenqualitaet_datenpunkt",""
"datenpunkt/BedZED_London_Hackbridge__006__Gesamte_wiederverwendete_recycelte_Materialien","has_datenqualitaet","datenqualitaet/Belegt","Gesamte wiederverwendete/recycelte Materialien | 3.404 | BioRegional Materials Report | Gesamtprojekt; enthält Reuse + Recycling + subgrade fill | S3 | belegt","rule_high","label_50q_has_datenqualitaet_datenpunkt",""
"datenpunkt/BedZED_London_Hackbridge__007__Anteil_reclaimed_recycled_materials","has_datenqualitaet","datenqualitaet/Belegt","Anteil reclaimed/recycled materials | 15 | BioRegional Materials Report | Gesamtmaterial | S3 | belegt","rule_high","label_50q_has_datenqualitaet_datenpunkt",""
"datenpunkt/BedZED_London_Hackbridge__008__Baustoffe_aus_35_mile_Zielradius","has_datenqualitaet","datenqualitaet/Belegt","Baustoffe aus 35-mile-Zielradius | 52 | BioRegional | Gesamtmaterial | S3 | belegt","rule_high","label_50q_has_datenqualitaet_datenpunkt",""
"datenpunkt/BedZED_London_Hackbridge__009__Durchschnittliche_Bezugsdistanz","has_datenqualitaet","datenqualitaet/Belegt","Durchschnittliche Bezugsdistanz | 66,5 | BioRegional | Gesamtmaterial | S3 | belegt","rule_high","label_50q_has_datenqualitaet_datenpunkt",""
"datenpunkt/BedZED_London_Hackbridge__010__Transportbedingte_CO_Einsparung_durch_lokale_Bes","has_datenqualitaet","datenqualitaet/Belegt","Transportbedingte CO₂-Einsparung durch lokale Beschaffung | 120 | Vergleich zu Durchschnittsdistanzen | Transport / Materialien | S3 | belegt","rule_high","label_50q_has_datenqualitaet_datenpunkt",""
"datenpunkt/BedZED_London_Hackbridge__011__Wohnungsanzahl","has_datenqualitaet","datenqualitaet/Belegt","Wohnungsanzahl | 82 | Projektbeschreibung | Gesamtprojekt | S5, S6 | belegt","rule_high","label_50q_has_datenqualitaet_datenpunkt",""
"datenpunkt/BedZED_London_Hackbridge__012__Arbeits_Gewerbefl_che","has_datenqualitaet","datenqualitaet/Belegt","Arbeits-/Gewerbefläche | 1.405–2.500 | Quellenvergleich | Gesamtprojekt | S5, S6 | teilweise belegt","rule_medium","label_50q_has_datenqualitaet_datenpunkt",""
"datenpunkt/Berlin_Schildow_Pilot_House_2__001__wiederverwendete_Teile","has_datenqualitaet","datenqualitaet/Belegt","wiederverwendete Teile | 200 | PRECS-Falldatenbank | Empfängerhaus Schildow | [S1] | belegt","rule_high","label_50q_has_datenqualitaet_datenpunkt",""
"datenpunkt/Berlin_Schildow_Pilot_House_2__001__wiederverwendete_Teile","has_datenmodell","datenmodell/Materialdatenbank","wiederverwendete Teile | 200 | PRECS-Falldatenbank | [S1]","rule_high","label_50q_has_datenmodell_datenpunkt_method",""
"datenpunkt/Berlin_Schildow_Pilot_House_2__002__wiederverwendetes_Betonvolumen","has_datenqualitaet","datenqualitaet/Belegt","wiederverwendetes Betonvolumen | 245 | PRECS-Falldatenbank | zugeschnittene Teile | [S1] | belegt","rule_high","label_50q_has_datenqualitaet_datenpunkt",""
"datenpunkt/Berlin_Schildow_Pilot_House_2__002__wiederverwendetes_Betonvolumen","has_datenmodell","datenmodell/Materialdatenbank","wiederverwendetes Betonvolumen | 245 | PRECS-Falldatenbank | [S1]","rule_high","label_50q_has_datenmodell_datenpunkt_method",""
"datenpunkt/Berlin_Schildow_Pilot_House_2__003__Ursprungs_Deckenplatten","has_datenqualitaet","datenqualitaet/Belegt","Ursprungs-Deckenplatten | 60 | PRECS-Falldatenbank | Spenderbauteile | [S1] | belegt","rule_high","label_50q_has_datenqualitaet_datenpunkt",""
"datenpunkt/Berlin_Schildow_Pilot_House_2__003__Ursprungs_Deckenplatten","has_datenmodell","datenmodell/Materialdatenbank","Ursprungs-Deckenplatten | 60 | PRECS-Falldatenbank | [S1]","rule_high","label_50q_has_datenmodell_datenpunkt_method",""
"datenpunkt/Berlin_Schildow_Pilot_House_2__004__Ursprungs_Innenwandplatten","has_datenqualitaet","datenqualitaet/Belegt","Ursprungs-Innenwandplatten | 50 | PRECS-Falldatenbank | Spenderbauteile | [S1] | belegt","rule_high","label_50q_has_datenqualitaet_datenpunkt",""
"datenpunkt/Berlin_Schildow_Pilot_House_2__004__Ursprungs_Innenwandplatten","has_datenmodell","datenmodell/Materialdatenbank","Ursprungs-Innenwandplatten | 50 | PRECS-Falldatenbank | [S1]","rule_high","label_50q_has_datenmodell_datenpunkt_method",""
"datenpunkt/Berlin_Schildow_Pilot_House_2__005__Distanz_Spender_Empf_nger","has_datenqualitaet","datenqualitaet/Belegt","Distanz Spender–Empfänger | 33 | PRECS-Falldatenbank | Projektlogistik | [S1] | belegt, aber mit Presseangaben abzugleichen","rule_medium","label_50q_has_datenqualitaet_datenpunkt",""
"datenpunkt/Berlin_Schildow_Pilot_House_2__005__Distanz_Spender_Empf_nger","has_datenmodell","datenmodell/Materialdatenbank","Distanz Spender–Empfänger | 33 | PRECS-Falldatenbank | [S1]","rule_high","label_50q_has_datenmodell_datenpunkt_method",""
"datenpunkt/Berlin_Schildow_Pilot_House_2__006__Bauteilalter_bei_Wiederverwendung","has_datenqualitaet","datenqualitaet/Belegt","Bauteilalter bei Wiederverwendung | 18 | PRECS-Falldatenbank | Betonfertigteile | [S1] | belegt","rule_high","label_50q_has_datenqualitaet_datenpunkt",""
"datenpunkt/Berlin_Schildow_Pilot_House_2__006__Bauteilalter_bei_Wiederverwendung","has_datenmodell","datenmodell/Materialdatenbank","Bauteilalter bei Wiederverwendung | 18 | PRECS-Falldatenbank | [S1]","rule_high","label_50q_has_datenmodell_datenpunkt_method",""
"datenpunkt/Berlin_Schildow_Pilot_House_2__007__Baujahr_Projektstart","has_datenqualitaet","datenqualitaet/Belegt","Baujahr / Projektstart | 2005 | PRECS-Falldatenbank | Empfängerprojekt | [S1] | belegt","rule_high","label_50q_has_datenqualitaet_datenpunkt",""
"datenpunkt/Berlin_Schildow_Pilot_House_2__007__Baujahr_Projektstart","has_datenmodell","datenmodell/Materialdatenbank","Baujahr / Projektstart | 2005 | PRECS-Falldatenbank | [S1]","rule_high","label_50q_has_datenmodell_datenpunkt_method",""
"datenpunkt/Berlin_Schildow_Pilot_House_2__011__Bauzeit","has_datenqualitaet","datenqualitaet/Geschaetzt","Bauzeit | ca. eine Woche länger als vermutet laut Presse | Pressebericht | Rohbau-/Montagephase | [S3] | teilweise belegt","rule_medium","label_50q_has_datenqualitaet_datenpunkt",""
"datenpunkt/Berlin_Schildow_Pilot_House_2__011__Bauzeit","has_datenqualitaet","datenqualitaet/Belegt","Bauzeit | ca. eine Woche länger als vermutet laut Presse | Pressebericht | Rohbau-/Montagephase | [S3] | teilweise belegt","rule_medium","label_50q_has_datenqualitaet_datenpunkt",""
"datenpunkt/Berlin_Schildow_Pilot_House__001__zugeschnittene_wiederverwendete_Teile","has_datenqualitaet","datenqualitaet/Belegt","zugeschnittene wiederverwendete Teile | 200 | PRECS-Fallstudienliste | Empfängergebäude | [S1] | belegt","rule_high","label_50q_has_datenqualitaet_datenpunkt",""
"datenpunkt/Berlin_Schildow_Pilot_House__002__Ursprungs_Deckenplatten","has_datenqualitaet","datenqualitaet/Belegt","Ursprungs-Deckenplatten | 60 | PRECS-Fallstudienliste | Ausgangsbauteile | [S1] | belegt","rule_high","label_50q_has_datenqualitaet_datenpunkt",""
"datenpunkt/Berlin_Schildow_Pilot_House__003__Ursprungs_Innenwandplatten","has_datenqualitaet","datenqualitaet/Belegt","Ursprungs-Innenwandplatten | 50 | PRECS-Fallstudienliste | Ausgangsbauteile | [S1] | belegt","rule_high","label_50q_has_datenqualitaet_datenpunkt",""
"datenpunkt/Berlin_Schildow_Pilot_House__004__Betonvolumen","has_datenqualitaet","datenqualitaet/Belegt","Betonvolumen | 245 | PRECS-Fallstudienliste | wiederverwendetes Betonvolumen | [S1] | belegt","rule_high","label_50q_has_datenqualitaet_datenpunkt",""
"datenpunkt/Berlin_Schildow_Pilot_House__005__Transportdistanz","has_datenqualitaet","datenqualitaet/Belegt","Transportdistanz | 33 | PRECS-Fallstudienliste | Spender zu Empfänger | [S1] | belegt","rule_high","label_50q_has_datenqualitaet_datenpunkt",""
"datenpunkt/Berlin_Schildow_Pilot_House__006__Jahr_Fallstudienstart","has_datenqualitaet","datenqualitaet/Belegt","Jahr/Fallstudienstart | 2005 | PRECS-Fallstudienliste | Projekt | [S1] | belegt","rule_high","label_50q_has_datenqualitaet_datenpunkt",""
"datenpunkt/Berlin_Schildow_Pilot_House__007__Bauteilalter","has_datenqualitaet","datenqualitaet/Geschaetzt","Bauteilalter | ca. 18 | PRECS-Fallstudienliste | Bauteile bei Wiederverwendung | [S1] | belegt","rule_medium","label_50q_has_datenqualitaet_datenpunkt",""
"datenpunkt/Berlin_Schildow_Pilot_House__007__Bauteilalter","has_datenqualitaet","datenqualitaet/Belegt","Bauteilalter | ca. 18 | PRECS-Fallstudienliste | Bauteile bei Wiederverwendung | [S1] | belegt","rule_high","label_50q_has_datenqualitaet_datenpunkt",""
"datenpunkt/Bestandverplanzung_Pavilion_Muenchen__001__Jahr_Baubeginn_Empf_ngerprojekt","has_datenqualitaet","datenqualitaet/Belegt","Jahr / Baubeginn Empfängerprojekt | 2008 | PRECS-Fallstudiendatenbank | Projekt | PRECS/JCP | belegt","rule_high","label_50q_has_datenqualitaet_datenpunkt",""
"datenpunkt/Bestandverplanzung_Pavilion_Muenchen__001__Jahr_Baubeginn_Empf_ngerprojekt","has_datenmodell","datenmodell/Materialdatenbank","Jahr / Baubeginn Empfängerprojekt | 2008 | PRECS-Fallstudiendatenbank | PRECS/JCP","rule_high","label_50q_has_datenmodell_datenpunkt_method",""
"datenpunkt/Bestandverplanzung_Pavilion_Muenchen__002__Alter_der_wiederverwendeten_Komponenten","has_datenqualitaet","datenqualitaet/Geschaetzt","Alter der wiederverwendeten Komponenten | ca. 36 | PRECS-Fallstudiendatenbank | Bauteile aus 1972-Kontext | PRECS/JCP | belegt","rule_medium","label_50q_has_datenqualitaet_datenpunkt",""
"datenpunkt/Bestandverplanzung_Pavilion_Muenchen__002__Alter_der_wiederverwendeten_Komponenten","has_datenqualitaet","datenqualitaet/Belegt","Alter der wiederverwendeten Komponenten | ca. 36 | PRECS-Fallstudiendatenbank | Bauteile aus 1972-Kontext | PRECS/JCP | belegt","rule_high","label_50q_has_datenqualitaet_datenpunkt",""
"datenpunkt/Bestandverplanzung_Pavilion_Muenchen__002__Alter_der_wiederverwendeten_Komponenten","has_datenmodell","datenmodell/Materialdatenbank","Alter der wiederverwendeten Komponenten | ca. 36 | PRECS-Fallstudiendatenbank | PRECS/JCP","rule_high","label_50q_has_datenmodell_datenpunkt_method",""
"datenpunkt/Bestandverplanzung_Pavilion_Muenchen__003__Donor_Umfang","has_datenqualitaet","datenqualitaet/Belegt","Donor-Umfang | 3 | PRECS-Fallstudiendatenbank | Donorgebäude | PRECS/JCP | belegt","rule_high","label_50q_has_datenqualitaet_datenpunkt",""
"datenpunkt/Bestandverplanzung_Pavilion_Muenchen__003__Donor_Umfang","has_datenmodell","datenmodell/Materialdatenbank","Donor-Umfang | 3 | PRECS-Fallstudiendatenbank | PRECS/JCP","rule_high","label_50q_has_datenmodell_datenpunkt_method",""
"datenpunkt/Big_Dig_Building_Boston__001__Projektjahr","has_datenqualitaet","datenqualitaet/Belegt","Projektjahr | 2008 | ArchDaily-Projektdaten | Entwurf | ArchDaily | belegt","rule_high","label_50q_has_datenqualitaet_datenpunkt",""
"datenpunkt/Big_Dig_Building_Boston__002__Site_Area","has_datenqualitaet","datenqualitaet/Belegt","Site Area | 2.335 | ArchDaily-Projektdaten | Entwurf | ArchDaily | belegt","rule_high","label_50q_has_datenqualitaet_datenpunkt",""
"datenpunkt/Big_Dig_Building_Boston__003__Constructed_Area","has_datenqualitaet","datenqualitaet/Belegt","Constructed Area | 2.936 | ArchDaily-Projektdaten | Entwurf | ArchDaily | belegt","rule_high","label_50q_has_datenqualitaet_datenpunkt",""
"datenpunkt/Big_Dig_Building_Boston__004__Auszeichnung","has_datenqualitaet","datenqualitaet/Belegt","Auszeichnung | Holcim Awards Encouragement Prize 2005–2006 North America | Holcim Foundation | Wettbewerb | Holcim | belegt","rule_high","label_50q_has_datenqualitaet_datenpunkt",""
"datenpunkt/Big_Dig_Building_Boston__005__Metropolis_Next_Generation_Prize","has_datenqualitaet","datenqualitaet/Belegt","Metropolis Next Generation Prize | belegt | SsD | Wettbewerb | SsD | belegt","rule_high","label_50q_has_datenqualitaet_datenpunkt",""
"datenpunkt/Big_Dig_Building_Boston__010__Bauzeit","has_datenqualitaet","datenqualitaet/Belegt","Bauzeit | nicht gebaut | Projektstatus | — | JCP/PRECS | teilweise belegt","rule_medium","label_50q_has_datenqualitaet_datenpunkt",""
"datenpunkt/Big_Dig_Building_Boston__011__Realisierter_Wiedereinbau","has_datenqualitaet","datenqualitaet/Unbekannt","Realisierter Wiedereinbau | nein / unbekannt | Quellenlage | — | JCP/PRECS | teilweise belegt","rule_medium","label_50q_has_datenqualitaet_datenpunkt",""
"datenpunkt/Big_Dig_Building_Boston__011__Realisierter_Wiedereinbau","has_datenqualitaet","datenqualitaet/Belegt","Realisierter Wiedereinbau | nein / unbekannt | Quellenlage | — | JCP/PRECS | teilweise belegt","rule_medium","label_50q_has_datenqualitaet_datenpunkt",""
"datenpunkt/Big_Dig_House_Lexington_Massachusetts__001__wiederverwendete_Masse","has_datenqualitaet","datenqualitaet/Belegt","wiederverwendete Masse | 300 | publizierte Projektangabe | steel + concrete from Big Dig | Britannica, New Yorker | belegt","rule_high","label_50q_has_datenqualitaet_datenpunkt",""
"datenpunkt/Big_Dig_House_Lexington_Massachusetts__002__wiederverwendete_Masse","has_datenqualitaet","datenqualitaet/Belegt","wiederverwendete Masse | >600,000 | publizierte Projektangabe | steel + concrete | Project Architecture, Boston.com, Inhabitat | belegt","rule_high","label_50q_has_datenqualitaet_datenpunkt",""
"datenpunkt/Big_Dig_House_Lexington_Massachusetts__003__Fl_che","has_datenqualitaet","datenqualitaet/Belegt","Fläche | 4,000 | Britannica | Gebäude | Britannica | belegt für Quelle","rule_medium","label_50q_has_datenqualitaet_datenpunkt",""
"datenpunkt/Big_Dig_House_Lexington_Massachusetts__004__Fl_che","has_datenqualitaet","datenqualitaet/Belegt","Fläche | 4,027 | Immobilienartikel | Gebäude | Boston Magazine | belegt für Quelle","rule_medium","label_50q_has_datenqualitaet_datenpunkt",""
"datenpunkt/Big_Dig_House_Lexington_Massachusetts__005__Fl_che","has_datenqualitaet","datenqualitaet/Belegt","Fläche | 4,300 | New Yorker | Gebäude | New Yorker | belegt für Quelle","rule_medium","label_50q_has_datenqualitaet_datenpunkt",""
"datenpunkt/Big_Dig_House_Lexington_Massachusetts__006__Fertigstellung","has_datenqualitaet","datenqualitaet/Belegt","Fertigstellung | 2006 | publizierte Projektangabe | Projekt | Britannica, Project Architecture | belegt","rule_high","label_50q_has_datenqualitaet_datenpunkt",""
"datenpunkt/Big_Dig_House_Lexington_Massachusetts__007__Baukosten","has_datenqualitaet","datenqualitaet/Belegt","Baukosten | 645,000 | Britannica | Projektkosten | Britannica | teilweise belegt","rule_medium","label_50q_has_datenqualitaet_datenpunkt",""
"datenpunkt/Big_Dig_House_Lexington_Massachusetts__008__Baukosten","has_datenqualitaet","datenqualitaet/Belegt","Baukosten | 175 | New Yorker | Projektkosten | New Yorker | teilweise belegt","rule_medium","label_50q_has_datenqualitaet_datenpunkt",""
"datenpunkt/Big_Dig_House_Lexington_Massachusetts__009__Baukosten","has_datenqualitaet","datenqualitaet/Belegt","Baukosten | 150 | Inhabitat | Projektkosten | Inhabitat | teilweise belegt","rule_medium","label_50q_has_datenqualitaet_datenpunkt",""
"datenpunkt/Big_Dig_House_Lexington_Massachusetts__010__Montagezeit_Frame","has_datenqualitaet","datenqualitaet/Belegt","Montagezeit Frame | under 3 days | Britannica | Frame assembly | Britannica | teilweise belegt","rule_medium","label_50q_has_datenqualitaet_datenpunkt",""
"datenpunkt/Big_Dig_House_Lexington_Massachusetts__011__Montagezeit_Frame_Floors","has_datenqualitaet","datenqualitaet/Unbekannt","Montagezeit Frame/Floors | 4 days / 12 hours claim | Inhabitat / Busyboo | frame/floors | Inhabitat, Busyboo | unklar","rule_medium","label_50q_has_datenqualitaet_datenpunkt",""
"datenpunkt/Big_Dig_House_Lexington_Massachusetts__011__Montagezeit_Frame_Floors","has_datenqualitaet","datenqualitaet/Belegt","Montagezeit Frame/Floors | 4 days / 12 hours claim | Inhabitat / Busyboo | frame/floors | Inhabitat, Busyboo | unklar","rule_medium","label_50q_has_datenqualitaet_datenpunkt",""
"datenpunkt/Big_Dig_House_Lexington_Massachusetts__012__Roof_capacity_claim","has_datenqualitaet","datenqualitaet/Belegt","Roof capacity claim | 250 | Britannica | Dachtragfähigkeit | Britannica | teilweise belegt","rule_medium","label_50q_has_datenqualitaet_datenpunkt",""
"datenpunkt/BioPartner_5_Leiden_Oegstgeest__001__wiederverwendete_Stahlmasse","has_datenqualitaet","datenqualitaet/Belegt","wiederverwendete Stahlmasse | 165.000 | Projektdokumentation / Nationale Staalprijs / Leiden University | donor steel Gorlaeus → BioPartner 5 | [S2], [S4], [S6] | belegt","rule_high","label_50q_has_datenqualitaet_datenpunkt",""
"datenpunkt/BioPartner_5_Leiden_Oegstgeest__002__alternative_Stahlangaben","has_datenqualitaet","datenqualitaet/Widerspruechlich","alternative Stahlangaben | ca. 150 / 160 / 170 | Quellenvergleich | gleiches Stahlthema, abweichende Quellen | [S1], [S7], [S10] | teilweise belegt","rule_high","label_50q_has_datenqualitaet_datenpunkt",""
"datenpunkt/BioPartner_5_Leiden_Oegstgeest__002__alternative_Stahlangaben","has_datenqualitaet","datenqualitaet/Geschaetzt","alternative Stahlangaben | ca. 150 / 160 / 170 | Quellenvergleich | gleiches Stahlthema, abweichende Quellen | [S1], [S7], [S10] | teilweise belegt","rule_medium","label_50q_has_datenqualitaet_datenpunkt",""
"datenpunkt/BioPartner_5_Leiden_Oegstgeest__002__alternative_Stahlangaben","has_datenqualitaet","datenqualitaet/Belegt","alternative Stahlangaben | ca. 150 / 160 / 170 | Quellenvergleich | gleiches Stahlthema, abweichende Quellen | [S1], [S7], [S10] | teilweise belegt","rule_medium","label_50q_has_datenqualitaet_datenpunkt",""
"datenpunkt/BioPartner_5_Leiden_Oegstgeest__003__Transportdistanz_Stahl","has_datenqualitaet","datenqualitaet/Belegt","Transportdistanz Stahl | 750 | Projektbericht Leiden University / STONE22 | Gorlaeus → Baustelle | [S4], [S6] | belegt","rule_high","label_50q_has_datenqualitaet_datenpunkt",""
"datenpunkt/BioPartner_5_Leiden_Oegstgeest__004__Fl_che","has_datenqualitaet","datenqualitaet/Belegt","Fläche | 6.200–7.000 | Projektangaben | Gebäude | [S5], [S6], [S10] | teilweise belegt","rule_medium","label_50q_has_datenqualitaet_datenpunkt",""
"datenpunkt/BioPartner_5_Leiden_Oegstgeest__005__embodied_carbon","has_datenqualitaet","datenqualitaet/Belegt","embodied carbon | 248 | NIBE/DGBC Paris-Proof-Berechnung | Materialgebundene Emissionen | [S2] | teilweise belegt","rule_medium","label_50q_has_datenqualitaet_datenpunkt",""
"datenpunkt/BioPartner_5_Leiden_Oegstgeest__006__CO_Reduktion","has_datenqualitaet","datenqualitaet/Geschaetzt","CO₂-Reduktion | ca. 40 | Vergleich traditionelle Ausführung | nicht nur Stahlreuse | [S2], [S11] | teilweise belegt","rule_medium","label_50q_has_datenqualitaet_datenpunkt",""
"datenpunkt/BioPartner_5_Leiden_Oegstgeest__006__CO_Reduktion","has_datenqualitaet","datenqualitaet/Belegt","CO₂-Reduktion | ca. 40 | Vergleich traditionelle Ausführung | nicht nur Stahlreuse | [S2], [S11] | teilweise belegt","rule_medium","label_50q_has_datenqualitaet_datenpunkt",""
"datenpunkt/BioPartner_5_Leiden_Oegstgeest__007__Energie","has_datenqualitaet","datenqualitaet/Belegt","Energie | energie-neutral / energiepositiv; A++++ genannt | nicht detailliert | Betrieb | [S2], [S7] | teilweise belegt","rule_medium","label_50q_has_datenqualitaet_datenpunkt",""
"datenpunkt/BioPartner_5_Leiden_Oegstgeest__008__Anzahl_wiederverwendeter_Sanit_robjekte","has_datenqualitaet","datenqualitaet/Belegt","Anzahl wiederverwendeter Sanitärobjekte | 18 Toiletten/Waschbecken | PTSA-Projekttext | Sanitär | [S12] | teilweise belegt","rule_medium","label_50q_has_datenqualitaet_datenpunkt",""
"datenpunkt/BlueCity_Offices_Rotterdam__001__Fl_che_B_rofl_gel","has_datenqualitaet","datenqualitaet/Belegt","Fläche Büroflügel | 1.300 | Projektangabe | erster Büroabschnitt | S1, S2 | belegt","rule_high","label_50q_has_datenqualitaet_datenpunkt",""
"datenpunkt/BlueCity_Offices_Rotterdam__002__Arbeitspl_tze","has_datenqualitaet","datenqualitaet/Belegt","Arbeitsplätze | 100 | Projektangabe | Nutzung | S1, S2 | belegt","rule_high","label_50q_has_datenqualitaet_datenpunkt",""
"datenpunkt/BlueCity_Offices_Rotterdam__003__Circularity_Reuse_Anteil","has_datenqualitaet","datenqualitaet/Unbekannt","Circularity / Reuse-Anteil | 90 | unbekannt | erster Transformationsabschnitt / Büros | S1, S3 | teilweise belegt","rule_medium","label_50q_has_datenqualitaet_datenpunkt",""
"datenpunkt/BlueCity_Offices_Rotterdam__003__Circularity_Reuse_Anteil","has_datenqualitaet","datenqualitaet/Belegt","Circularity / Reuse-Anteil | 90 | unbekannt | erster Transformationsabschnitt / Büros | S1, S3 | teilweise belegt","rule_medium","label_50q_has_datenqualitaet_datenpunkt",""
"datenpunkt/BlueCity_Offices_Rotterdam__004__CO_Reduktion","has_datenqualitaet","datenqualitaet/Unbekannt","CO₂-Reduktion | 68 | Vergleich konventioneller Büroausbau | Büroausbau | S1, S2 | belegt, Methode unbekannt","rule_medium","label_50q_has_datenqualitaet_datenpunkt",""
"datenpunkt/BlueCity_Offices_Rotterdam__004__CO_Reduktion","has_datenqualitaet","datenqualitaet/Belegt","CO₂-Reduktion | 68 | Vergleich konventioneller Büroausbau | Büroausbau | S1, S2 | belegt, Methode unbekannt","rule_medium","label_50q_has_datenqualitaet_datenpunkt",""
"datenpunkt/BlueCity_Offices_Rotterdam__005__CO_Einsparung","has_datenqualitaet","datenqualitaet/Unbekannt","CO₂-Einsparung | 60 | Architekturpreis/BlueCity-Angabe | Bauprozess unbekannt | S5, S8 | teilweise belegt","rule_medium","label_50q_has_datenqualitaet_datenpunkt",""
"datenpunkt/BlueCity_Offices_Rotterdam__005__CO_Einsparung","has_datenqualitaet","datenqualitaet/Belegt","CO₂-Einsparung | 60 | Architekturpreis/BlueCity-Angabe | Bauprozess unbekannt | S5, S8 | teilweise belegt","rule_medium","label_50q_has_datenqualitaet_datenpunkt",""
"datenpunkt/BlueCity_Offices_Rotterdam__009__Bauzeit","has_datenqualitaet","datenqualitaet/Belegt","Bauzeit | innerhalb eines Jahres transformiert | Projektangabe | Büroflügel | S1 | teilweise belegt","rule_medium","label_50q_has_datenqualitaet_datenpunkt",""
"datenpunkt/Boulder_Fire_Station_3__001__wiederverwendete_Stahlmember","has_datenqualitaet","datenqualitaet/Belegt","wiederverwendete Stahlmember | 89 | stockpile catalog / Auswahl | Fire Station 3 | AISC Modern Steel; AISC Awards | belegt","rule_high","label_50q_has_datenqualitaet_datenpunkt",""
"datenpunkt/Boulder_Fire_Station_3__001__wiederverwendete_Stahlmember","has_datenmodell","datenmodell/Materialdatenbank","wiederverwendete Stahlmember | 89 | stockpile catalog / Auswahl | AISC Modern Steel; AISC Awards","rule_high","label_50q_has_datenmodell_datenpunkt_method",""
"datenpunkt/Boulder_Fire_Station_3__002__wiederverwendete_Stahlmasse","has_datenqualitaet","datenqualitaet/Unbekannt","wiederverwendete Stahlmasse | 25 | unbekannt | Fire Station 3 | AISC Modern Steel | belegt","rule_medium","label_50q_has_datenqualitaet_datenpunkt",""
"datenpunkt/Boulder_Fire_Station_3__002__wiederverwendete_Stahlmasse","has_datenqualitaet","datenqualitaet/Belegt","wiederverwendete Stahlmasse | 25 | unbekannt | Fire Station 3 | AISC Modern Steel | belegt","rule_high","label_50q_has_datenqualitaet_datenpunkt",""
"datenpunkt/Boulder_Fire_Station_3__003__Gesamtmenge_salvaged_structural_steel_Hospital","has_datenqualitaet","datenqualitaet/Unbekannt","Gesamtmenge salvaged structural steel Hospital | 161 | unbekannt | Donor Building / Stockpile | AISC Modern Steel | belegt","rule_medium","label_50q_has_datenqualitaet_datenpunkt",""
"datenpunkt/Boulder_Fire_Station_3__003__Gesamtmenge_salvaged_structural_steel_Hospital","has_datenqualitaet","datenqualitaet/Belegt","Gesamtmenge salvaged structural steel Hospital | 161 | unbekannt | Donor Building / Stockpile | AISC Modern Steel | belegt","rule_high","label_50q_has_datenqualitaet_datenpunkt",""
"datenpunkt/Boulder_Fire_Station_3__004__weitere_Projekte_mit_Hospital_Stahl","has_datenqualitaet","datenqualitaet/Unbekannt","weitere Projekte mit Hospital-Stahl | 21 | unbekannt | Stockpile-Reuse-Kette | AISC Modern Steel | belegt","rule_medium","label_50q_has_datenqualitaet_datenpunkt",""
"datenpunkt/Boulder_Fire_Station_3__004__weitere_Projekte_mit_Hospital_Stahl","has_datenqualitaet","datenqualitaet/Belegt","weitere Projekte mit Hospital-Stahl | 21 | unbekannt | Stockpile-Reuse-Kette | AISC Modern Steel | belegt","rule_high","label_50q_has_datenqualitaet_datenpunkt",""
"datenpunkt/Boulder_Fire_Station_3__005__Geb_udefl_che","has_datenqualitaet","datenqualitaet/Unbekannt","Gebäudefläche | 28.300 | unbekannt | Fire Station | AISC Modern Steel | belegt","rule_medium","label_50q_has_datenqualitaet_datenpunkt",""
"datenpunkt/Boulder_Fire_Station_3__005__Geb_udefl_che","has_datenqualitaet","datenqualitaet/Belegt","Gebäudefläche | 28.300 | unbekannt | Fire Station | AISC Modern Steel | belegt","rule_high","label_50q_has_datenqualitaet_datenpunkt",""
"datenpunkt/Boulder_Fire_Station_3__006__Geb_udefl_che","has_datenqualitaet","datenqualitaet/Unbekannt","Gebäudefläche | 28.370 | unbekannt | Fire Station | AISC Awards | belegt; Quellenabweichung","rule_medium","label_50q_has_datenqualitaet_datenpunkt",""
"datenpunkt/Boulder_Fire_Station_3__006__Geb_udefl_che","has_datenqualitaet","datenqualitaet/Belegt","Gebäudefläche | 28.370 | unbekannt | Fire Station | AISC Awards | belegt; Quellenabweichung","rule_medium","label_50q_has_datenqualitaet_datenpunkt",""
"datenpunkt/Boulder_Fire_Station_3__007__Fertigstellung_online","has_datenqualitaet","datenqualitaet/Unbekannt","Fertigstellung / online | November 2024 | unbekannt | Gebäude | City of Boulder | belegt","rule_medium","label_50q_has_datenqualitaet_datenpunkt",""
"datenpunkt/Boulder_Fire_Station_3__007__Fertigstellung_online","has_datenqualitaet","datenqualitaet/Belegt","Fertigstellung / online | November 2024 | unbekannt | Gebäude | City of Boulder | belegt","rule_high","label_50q_has_datenqualitaet_datenpunkt",""
"datenpunkt/Boulder_Fire_Station_3__008__Completion_Date","has_datenqualitaet","datenqualitaet/Unbekannt","Completion Date | Q4 2024 | unbekannt | Projekt | City of Boulder | belegt","rule_medium","label_50q_has_datenqualitaet_datenpunkt",""
"datenpunkt/Boulder_Fire_Station_3__008__Completion_Date","has_datenqualitaet","datenqualitaet/Belegt","Completion Date | Q4 2024 | unbekannt | Projekt | City of Boulder | belegt","rule_high","label_50q_has_datenqualitaet_datenpunkt",""
"datenpunkt/Boulder_Fire_Station_3__009__Diversion_requirement","has_datenqualitaet","datenqualitaet/Belegt","Diversion requirement | 75 | Boulder Ordinance | Deconstruction projects | AISC; STRUCTURE | belegt","rule_high","label_50q_has_datenqualitaet_datenpunkt",""
"datenpunkt/Boulder_Fire_Station_3__010__Hospitalmaterial_vom_Deponieren_vermieden","has_datenqualitaet","datenqualitaet/Unbekannt","Hospitalmaterial vom Deponieren vermieden | 60.8 million | unbekannt | Hospital-Deconstruction, nicht Fire Station allein | AHA | belegt","rule_medium","label_50q_has_datenqualitaet_datenpunkt",""
"datenpunkt/Boulder_Fire_Station_3__010__Hospitalmaterial_vom_Deponieren_vermieden","has_datenqualitaet","datenqualitaet/Belegt","Hospitalmaterial vom Deponieren vermieden | 60.8 million | unbekannt | Hospital-Deconstruction, nicht Fire Station allein | AHA | belegt","rule_high","label_50q_has_datenqualitaet_datenpunkt",""
"datenpunkt/Boulder_Fire_Station_3__011__PV_Stromanteil","has_datenqualitaet","datenqualitaet/Unbekannt","PV-Stromanteil | ca. 65 | unbekannt | Betrieb Fire Station | AISC Awards | teilweise belegt","rule_medium","label_50q_has_datenqualitaet_datenpunkt",""
"datenpunkt/Boulder_Fire_Station_3__011__PV_Stromanteil","has_datenqualitaet","datenqualitaet/Geschaetzt","PV-Stromanteil | ca. 65 | unbekannt | Betrieb Fire Station | AISC Awards | teilweise belegt","rule_medium","label_50q_has_datenqualitaet_datenpunkt",""
"datenpunkt/Boulder_Fire_Station_3__011__PV_Stromanteil","has_datenqualitaet","datenqualitaet/Belegt","PV-Stromanteil | ca. 65 | unbekannt | Betrieb Fire Station | AISC Awards | teilweise belegt","rule_medium","label_50q_has_datenqualitaet_datenpunkt",""
"datenpunkt/Brent_Cross_Town_Primary_Substation_London__001__wiederverwendete_Stahlmenge","has_datenqualitaet","datenqualitaet/Belegt","wiederverwendete Stahlmenge | 33.46 | ASBP/DISRUPT case study | Stahlstruktur Screen | ASBP | belegt","rule_high","label_50q_has_datenqualitaet_datenpunkt",""
"datenpunkt/Brent_Cross_Town_Primary_Substation_London__002__Anteil_reused_steel","has_datenqualitaet","datenqualitaet/Belegt","Anteil reused steel | around 45 | Projektangabe | total designed steelwork | ASBP | belegt","rule_high","label_50q_has_datenqualitaet_datenpunkt",""
"datenpunkt/Brent_Cross_Town_Primary_Substation_London__003__Anteil_salvaged_structural_steel","has_datenqualitaet","datenqualitaet/Belegt","Anteil salvaged structural steel | 42.5 | Projektangabe | structural steel | Arup | belegt","rule_high","label_50q_has_datenqualitaet_datenpunkt",""
"datenpunkt/Brent_Cross_Town_Primary_Substation_London__004__weiterer_Anteil_laut_Bourne","has_datenqualitaet","datenqualitaet/Belegt","weiterer Anteil laut Bourne | approx. 50 | Projektangabe | steel frame | Bourne | teilweise belegt","rule_medium","label_50q_has_datenqualitaet_datenpunkt",""
"datenpunkt/Brent_Cross_Town_Primary_Substation_London__005__CO_e_Einsparung","has_datenqualitaet","datenqualitaet/Belegt","CO₂e-Einsparung | 66 | ASBP | embodied carbon steel reuse | ASBP | belegt","rule_high","label_50q_has_datenqualitaet_datenpunkt",""
"datenpunkt/Brent_Cross_Town_Primary_Substation_London__006__CO_e_Einsparung","has_datenqualitaet","datenqualitaet/Widerspruechlich","CO₂e-Einsparung | 99.2 | Arup | steel frame / Projektangabe | Arup | belegt, aber Quellenkonflikt","rule_high","label_50q_has_datenqualitaet_datenpunkt",""
"datenpunkt/Brent_Cross_Town_Primary_Substation_London__006__CO_e_Einsparung","has_datenqualitaet","datenqualitaet/Belegt","CO₂e-Einsparung | 99.2 | Arup | steel frame / Projektangabe | Arup | belegt, aber Quellenkonflikt","rule_medium","label_50q_has_datenqualitaet_datenpunkt",""
"datenpunkt/Brent_Cross_Town_Primary_Substation_London__007__verpasste_zus_tzliche_Einsparung","has_datenqualitaet","datenqualitaet/Belegt","verpasste zusätzliche Einsparung | 22 | ASBP | nicht realisierte reuse steel substitution | ASBP | teilweise belegt","rule_medium","label_50q_has_datenqualitaet_datenpunkt",""
"datenpunkt/Brent_Cross_Town_Primary_Substation_London__008__H_he","has_datenqualitaet","datenqualitaet/Belegt","Höhe | 21 | Projektangabe | Screen | ASBP, Arup | belegt","rule_high","label_50q_has_datenqualitaet_datenpunkt",""
"datenpunkt/Brent_Cross_Town_Primary_Substation_London__009__Umfang","has_datenqualitaet","datenqualitaet/Belegt","Umfang | 115 | Projektangabe | ovaler Screen | ASBP | belegt","rule_high","label_50q_has_datenqualitaet_datenpunkt",""
"datenpunkt/Brent_Cross_Town_Primary_Substation_London__010__L_nge_Artwork","has_datenqualitaet","datenqualitaet/Belegt","Länge Artwork | 52 | Projektangabe | Kunstwerk / Screen | Arup | belegt","rule_high","label_50q_has_datenqualitaet_datenpunkt",""
"datenpunkt/Brent_Cross_Town_Primary_Substation_London__011__Substation_capacity","has_datenqualitaet","datenqualitaet/Belegt","Substation capacity | 80 | Projektangabe | elektrische Infrastruktur | ASBP | belegt","rule_high","label_50q_has_datenqualitaet_datenpunkt",""
"datenpunkt/Brent_Cross_Town_Primary_Substation_London__012__Stahlbauzeit","has_datenqualitaet","datenqualitaet/Belegt","Stahlbauzeit | Juli–November 2022 | Projektangabe | steel works | ASBP | belegt","rule_high","label_50q_has_datenqualitaet_datenpunkt",""
"datenpunkt/Brent_Cross_Town_Primary_Substation_London__013__Kostenwirkung","has_datenqualitaet","datenqualitaet/Belegt","Kostenwirkung | 25 % lower than new steel inkl. Zusatzkosten / 50 % lower material per tonne | 2021 cost analysis | Reclaimed steel vs new | ASBP | teilweise belegt","rule_medium","label_50q_has_datenqualitaet_datenpunkt",""
"datenpunkt/Brent_Cross_Town_Primary_Substation_London__014__Terminwirkung","has_datenqualitaet","datenqualitaet/Belegt","Terminwirkung | keine | Interview / case study | project timeline | ASBP | teilweise belegt","rule_medium","label_50q_has_datenqualitaet_datenpunkt",""
"datenpunkt/Brighton_Waste_House_Brighton__001__Abfall_berschussmaterial","has_datenqualitaet","datenqualitaet/Unbekannt","Abfall-/Überschussmaterial | >85 | unbekannt | Gesamtmaterialanteil | University of Brighton | belegt","rule_medium","label_50q_has_datenqualitaet_datenpunkt",""
"datenpunkt/Brighton_Waste_House_Brighton__001__Abfall_berschussmaterial","has_datenqualitaet","datenqualitaet/Belegt","Abfall-/Überschussmaterial | >85 | unbekannt | Gesamtmaterialanteil | University of Brighton | belegt","rule_high","label_50q_has_datenqualitaet_datenpunkt",""
"datenpunkt/Brighton_Waste_House_Brighton__002__Alternative_Angabe","has_datenqualitaet","datenqualitaet/Unbekannt","Alternative Angabe | nearly 90 | unbekannt | Gesamtmaterialanteil | University of Brighton award news | teilweise belegt","rule_medium","label_50q_has_datenqualitaet_datenpunkt",""
"datenpunkt/Brighton_Waste_House_Brighton__002__Alternative_Angabe","has_datenqualitaet","datenqualitaet/Belegt","Alternative Angabe | nearly 90 | unbekannt | Gesamtmaterialanteil | University of Brighton award news | teilweise belegt","rule_medium","label_50q_has_datenqualitaet_datenpunkt",""
"datenpunkt/Brighton_Waste_House_Brighton__003__Er_ffnung","has_datenqualitaet","datenqualitaet/Belegt","Eröffnung | 10.06.2014 | Projektangabe | Gebäude | University of Brighton | belegt","rule_high","label_50q_has_datenqualitaet_datenpunkt",""
"datenpunkt/Brighton_Waste_House_Brighton__004__Bauzeit","has_datenqualitaet","datenqualitaet/Belegt","Bauzeit | 2013/2014 | Projektangabe | Gebäude | University of Brighton | belegt","rule_high","label_50q_has_datenqualitaet_datenpunkt",""
"datenpunkt/Brighton_Waste_House_Brighton__005__Zahnb_rsten","has_datenqualitaet","datenqualitaet/Belegt","Zahnbürsten | 19.800–20.000 | Materialzählung | Wandfüllung | University of Brighton | belegt, Mengenstreuung","rule_medium","label_50q_has_datenqualitaet_datenpunkt",""
"datenpunkt/Brighton_Waste_House_Brighton__006__Denim","has_datenqualitaet","datenqualitaet/Belegt","Denim | 2 | Materialzählung | Wandfüllung | University of Brighton | belegt","rule_high","label_50q_has_datenqualitaet_datenpunkt",""
"datenpunkt/Brighton_Waste_House_Brighton__007__Videokassetten","has_datenqualitaet","datenqualitaet/Belegt","Videokassetten | 4.000 | Materialzählung | Wandfüllung | University of Brighton | belegt","rule_high","label_50q_has_datenqualitaet_datenpunkt",""
"datenpunkt/Brighton_Waste_House_Brighton__008__Teppichfliesen","has_datenqualitaet","datenqualitaet/Belegt","Teppichfliesen | 2.000 | Materialzählung | Fassade/Dämmung | University of Brighton | belegt","rule_high","label_50q_has_datenqualitaet_datenpunkt",""
"datenpunkt/Brighton_Waste_House_Brighton__009__DVD_cases","has_datenqualitaet","datenqualitaet/Belegt","DVD cases | 4.000 | Materialzählung | Wandfüllung | University of Brighton 2018 | belegt","rule_high","label_50q_has_datenqualitaet_datenpunkt",""
"datenpunkt/Brighton_Waste_House_Brighton__010__Floppy_Discs","has_datenqualitaet","datenqualitaet/Belegt","Floppy Discs | 4.000 | Materialzählung | Wandfüllung | University of Brighton 2018 | belegt","rule_high","label_50q_has_datenqualitaet_datenpunkt",""
"datenpunkt/Brighton_Waste_House_Brighton__011__Beteiligte_junge_Menschen","has_datenqualitaet","datenqualitaet/Belegt","Beteiligte junge Menschen | 300–365 | Projektangaben | Bauprozess | University of Brighton; Research Brighton | teilweise belegt","rule_medium","label_50q_has_datenqualitaet_datenpunkt",""
"datenpunkt/Brighton_Waste_House_Brighton__012__EPC","has_datenqualitaet","datenqualitaet/Belegt","EPC | A | Energieausweis | Gebäude | University Alliance; LABC | belegt","rule_high","label_50q_has_datenqualitaet_datenpunkt",""
"datenpunkt/Broethen_Twin_House_Hoyerswerda__001__wiederverwendete_Wandplatten","has_datenqualitaet","datenqualitaet/Belegt","wiederverwendete Wandplatten | 26 | PRECS-Falldatenbank | Empfänger-Doppelhaus | [S1] | belegt","rule_high","label_50q_has_datenqualitaet_datenpunkt",""
"datenpunkt/Broethen_Twin_House_Hoyerswerda__001__wiederverwendete_Wandplatten","has_datenmodell","datenmodell/Materialdatenbank","wiederverwendete Wandplatten | 26 | PRECS-Falldatenbank | [S1]","rule_high","label_50q_has_datenmodell_datenpunkt_method",""
"datenpunkt/Broethen_Twin_House_Hoyerswerda__002__wiederverwendete_Deckenplatten","has_datenqualitaet","datenqualitaet/Belegt","wiederverwendete Deckenplatten | 50 | PRECS-Falldatenbank | Empfänger-Doppelhaus | [S1] | belegt","rule_high","label_50q_has_datenqualitaet_datenpunkt",""
"datenpunkt/Broethen_Twin_House_Hoyerswerda__002__wiederverwendete_Deckenplatten","has_datenmodell","datenmodell/Materialdatenbank","wiederverwendete Deckenplatten | 50 | PRECS-Falldatenbank | [S1]","rule_high","label_50q_has_datenmodell_datenpunkt_method",""
"datenpunkt/Broethen_Twin_House_Hoyerswerda__003__wiederverwendete_Bauteile_gesamt","has_datenqualitaet","datenqualitaet/Belegt","wiederverwendete Bauteile gesamt | 76 | Summe aus PRECS-Angaben | Empfänger-Doppelhaus | [S1] | belegt","rule_high","label_50q_has_datenqualitaet_datenpunkt",""
"datenpunkt/Broethen_Twin_House_Hoyerswerda__004__Transportdistanz","has_datenqualitaet","datenqualitaet/Belegt","Transportdistanz | 6 | PRECS-Falldatenbank | Spender–Empfänger | [S1] | belegt","rule_high","label_50q_has_datenqualitaet_datenpunkt",""
"datenpunkt/Broethen_Twin_House_Hoyerswerda__004__Transportdistanz","has_datenmodell","datenmodell/Materialdatenbank","Transportdistanz | 6 | PRECS-Falldatenbank | [S1]","rule_high","label_50q_has_datenmodell_datenpunkt_method",""
"datenpunkt/Broethen_Twin_House_Hoyerswerda__005__Bauteilalter","has_datenqualitaet","datenqualitaet/Belegt","Bauteilalter | 32 | PRECS-Falldatenbank | Plattenbauteile | [S1] | belegt","rule_high","label_50q_has_datenqualitaet_datenpunkt",""
"datenpunkt/Broethen_Twin_House_Hoyerswerda__005__Bauteilalter","has_datenmodell","datenmodell/Materialdatenbank","Bauteilalter | 32 | PRECS-Falldatenbank | [S1]","rule_high","label_50q_has_datenmodell_datenpunkt_method",""
"datenpunkt/Broethen_Twin_House_Hoyerswerda__006__Projektjahr","has_datenqualitaet","datenqualitaet/Belegt","Projektjahr | 2001 | PRECS-Falldatenbank | Empfängerprojekt | [S1] | belegt","rule_high","label_50q_has_datenqualitaet_datenpunkt",""
"datenpunkt/Broethen_Twin_House_Hoyerswerda__006__Projektjahr","has_datenmodell","datenmodell/Materialdatenbank","Projektjahr | 2001 | PRECS-Falldatenbank | [S1]","rule_high","label_50q_has_datenmodell_datenpunkt_method",""
"datenpunkt/CRCLR_House_Impact_Hub_Berlin__001__BGF_Fl_che","has_datenqualitaet","datenqualitaet/Unbekannt","BGF / Fläche | 6.600 / 7.603 / 4.871 | Projektangaben verschiedener Quellen | Gebäude | ZRS / ZAB / CMS | unklar","rule_medium","label_50q_has_datenqualitaet_datenpunkt",""
"datenpunkt/CRCLR_House_Impact_Hub_Berlin__001__BGF_Fl_che","has_datenqualitaet","datenqualitaet/Belegt","BGF / Fläche | 6.600 / 7.603 / 4.871 | Projektangaben verschiedener Quellen | Gebäude | ZRS / ZAB / CMS | unklar","rule_medium","label_50q_has_datenqualitaet_datenpunkt",""
"datenpunkt/CRCLR_House_Impact_Hub_Berlin__002__Nutzfl_che","has_datenqualitaet","datenqualitaet/Belegt","Nutzfläche | 4.690; davon 2.521 Bestand, 2.169 Aufstockung | Projektangabe | Gebäude | ZRS | belegt","rule_high","label_50q_has_datenqualitaet_datenpunkt",""
"datenpunkt/CRCLR_House_Impact_Hub_Berlin__003__Grundst_cksgr_e","has_datenqualitaet","datenqualitaet/Belegt","Grundstücksgröße | 2.158 | Projektangabe | Grundstück | ZRS | belegt","rule_high","label_50q_has_datenqualitaet_datenpunkt",""
"datenpunkt/CRCLR_House_Impact_Hub_Berlin__004__Bauzeit","has_datenqualitaet","datenqualitaet/Belegt","Bauzeit | 2020–2023 | Projektangabe | Bauphase | ZRS | belegt","rule_high","label_50q_has_datenqualitaet_datenpunkt",""
"datenpunkt/CRCLR_House_Impact_Hub_Berlin__005__Stahltr_ger_aus_Dachr_ckbau","has_datenqualitaet","datenqualitaet/Belegt","Stahlträger aus Dachrückbau | 120; bis 18 m Länge | Fallbericht | Dachstahl | BauNetz Wissen | teilweise belegt","rule_medium","label_50q_has_datenqualitaet_datenpunkt",""
"datenpunkt/CRCLR_House_Impact_Hub_Berlin__007__Innenausbau_reuse_recycled_upcycled","has_datenqualitaet","datenqualitaet/Geschaetzt","Innenausbau reuse/recycled/upcycled | ca. 70 | Projektangabe | Innenausbau Impact Hub | CMS | teilweise belegt","rule_medium","label_50q_has_datenqualitaet_datenpunkt",""
"datenpunkt/CRCLR_House_Impact_Hub_Berlin__007__Innenausbau_reuse_recycled_upcycled","has_datenqualitaet","datenqualitaet/Belegt","Innenausbau reuse/recycled/upcycled | ca. 70 | Projektangabe | Innenausbau Impact Hub | CMS | teilweise belegt","rule_medium","label_50q_has_datenqualitaet_datenpunkt",""
"datenpunkt/CRCLR_House_Impact_Hub_Berlin__008__Eingesparter_Beton","has_datenqualitaet","datenqualitaet/Belegt","Eingesparter Beton | 120 | Fallbericht | neue Hallendecke | BauNetz Wissen | teilweise belegt","rule_medium","label_50q_has_datenqualitaet_datenpunkt",""
"datenpunkt/CascadeUp_London_secondary_timber_glulam_demonstrator__001__Abmessung_Pilotstruktur","has_datenqualitaet","datenqualitaet/Geschaetzt","Abmessung Pilotstruktur | ca. 3,5 m hoch, 2,5 m breit, 2,0 m tief | Presse-/Projektangabe | physischer Demonstrator | S4 | belegt","rule_medium","label_50q_has_datenqualitaet_datenpunkt",""
"datenpunkt/CascadeUp_London_secondary_timber_glulam_demonstrator__001__Abmessung_Pilotstruktur","has_datenqualitaet","datenqualitaet/Belegt","Abmessung Pilotstruktur | ca. 3,5 m hoch, 2,5 m breit, 2,0 m tief | Presse-/Projektangabe | physischer Demonstrator | S4 | belegt","rule_high","label_50q_has_datenqualitaet_datenpunkt",""
"datenpunkt/CascadeUp_London_secondary_timber_glulam_demonstrator__005__Ausstellungen","has_datenqualitaet","datenqualitaet/Belegt","Ausstellungen | UCL Festival of Engineering 2024; London Design Festival 2024; Futurebuild 2025 | Projektangabe | Dissemination des Pilots | S1, S2 | belegt","rule_high","label_50q_has_datenqualitaet_datenpunkt",""
"datenpunkt/Charles_Malis_Molenbeek__001__Fl_che","has_datenqualitaet","datenqualitaet/Belegt","Fläche | 1,000 | Projektbeschreibung | Gesamtprojekt | igloo | teilweise belegt","rule_medium","label_50q_has_datenqualitaet_datenpunkt",""
"datenpunkt/Charles_Malis_Molenbeek__002__Anzahl_Schalter","has_datenqualitaet","datenqualitaet/Belegt","Anzahl Schalter | 12 | Projektprogramm | Nutzung | WBA / Mamout | belegt","rule_high","label_50q_has_datenqualitaet_datenpunkt",""
"datenpunkt/Chiro_d_Itterbeek_Dilbeek__001__Nettofl_che","has_datenqualitaet","datenqualitaet/Belegt","Nettofläche | 15 | Construction21 | Gebäude | [S2] | belegt","rule_high","label_50q_has_datenqualitaet_datenpunkt",""
"datenpunkt/Chiro_d_Itterbeek_Dilbeek__002__Kosten_Bau_Renovierung","has_datenqualitaet","datenqualitaet/Belegt","Kosten Bau/Renovierung | 55.000 | Construction21 | Projekt | [S2] | belegt","rule_high","label_50q_has_datenqualitaet_datenpunkt",""
"datenpunkt/Chiro_d_Itterbeek_Dilbeek__003__Kosten_m","has_datenqualitaet","datenqualitaet/Belegt","Kosten/m² | 3.666,67 | Construction21 | Projekt | [S2] | belegt","rule_high","label_50q_has_datenqualitaet_datenpunkt",""
"datenpunkt/Chiro_d_Itterbeek_Dilbeek__004__neue_Materialien","has_datenqualitaet","datenqualitaet/Belegt","neue Materialien | weniger als 1/3 | Projektangabe | gesamte Materialmasse | [S2], [S3] | belegt","rule_high","label_50q_has_datenqualitaet_datenpunkt",""
"datenpunkt/Chiro_d_Itterbeek_Dilbeek__005__Fassadenziegel_Reuse","has_datenqualitaet","datenqualitaet/Belegt","Fassadenziegel Reuse | 30 | Projektangabe | Fassade | [S2], [S4] | belegt","rule_high","label_50q_has_datenqualitaet_datenpunkt",""
"datenpunkt/Chiro_d_Itterbeek_Dilbeek__006__Au_enst_rze_Reuse","has_datenqualitaet","datenqualitaet/Belegt","Außenstürze Reuse | 5 | Projektangabe | Fassade | [S2], [S4] | belegt","rule_high","label_50q_has_datenqualitaet_datenpunkt",""
"datenpunkt/Chiro_d_Itterbeek_Dilbeek__007__Dachziegel_Reuse_Rest","has_datenqualitaet","datenqualitaet/Belegt","Dachziegel Reuse/Rest | 20 | Projektangabe | Dach | [S2], [S4] | belegt","rule_high","label_50q_has_datenqualitaet_datenpunkt",""
"datenpunkt/Chiro_d_Itterbeek_Dilbeek__008__Au_ent_ren_Fenster","has_datenqualitaet","datenqualitaet/Belegt","Außentüren/Fenster | 2 + 2 | Projektangabe | Hülle | [S2], [S4] | belegt","rule_high","label_50q_has_datenqualitaet_datenpunkt",""
"datenpunkt/Chiro_d_Itterbeek_Dilbeek__009__Bodenfliesen_Reuse","has_datenqualitaet","datenqualitaet/Belegt","Bodenfliesen Reuse | 14 | Projektangabe | Boden | [S2], [S4] | belegt","rule_high","label_50q_has_datenqualitaet_datenpunkt",""
"datenpunkt/Chiro_d_Itterbeek_Dilbeek__010__Wandfliesen_Reuse","has_datenqualitaet","datenqualitaet/Belegt","Wandfliesen Reuse | 11 | Projektangabe | Wand | [S2], [S4] | belegt","rule_high","label_50q_has_datenqualitaet_datenpunkt",""
"datenpunkt/Chiro_d_Itterbeek_Dilbeek__011__Sanit_r_Reuse","has_datenqualitaet","datenqualitaet/Belegt","Sanitär Reuse | 4 WCs, 2 Urinale, 3 Waschbecken, 1 Trenner | Projektangabe | Sanitär | [S2], [S4] | belegt","rule_high","label_50q_has_datenqualitaet_datenpunkt",""
"datenpunkt/Chiro_d_Itterbeek_Dilbeek__012__Leuchten_Reuse","has_datenqualitaet","datenqualitaet/Belegt","Leuchten Reuse | 5 | Projektangabe | Elektro/Beleuchtung | [S2], [S4] | belegt","rule_high","label_50q_has_datenqualitaet_datenpunkt",""
"datenpunkt/Chiro_d_Itterbeek_Dilbeek__013__D_mmung_Boden_Wand_Surplus","has_datenqualitaet","datenqualitaet/Belegt","Dämmung Boden/Wand Surplus | 43,3 | Projektangabe | Dämmung | [S2], [S4] | belegt","rule_high","label_50q_has_datenqualitaet_datenpunkt",""
"datenpunkt/Chiro_d_Itterbeek_Dilbeek__014__D_mmung_Decke_Surplus","has_datenqualitaet","datenqualitaet/Belegt","Dämmung Decke Surplus | 18 | Projektangabe | Dämmung | [S2], [S4] | belegt","rule_high","label_50q_has_datenqualitaet_datenpunkt",""
"datenpunkt/Chiro_d_Itterbeek_Dilbeek__015__Betonbl_cke_Surplus","has_datenqualitaet","datenqualitaet/Belegt","Betonblöcke Surplus | 48 | Projektangabe | Rohbau | [S2], [S4] | belegt","rule_high","label_50q_has_datenqualitaet_datenpunkt",""
"datenpunkt/Chiro_d_Itterbeek_Dilbeek__016__Holzrahmen_Surplus","has_datenqualitaet","datenqualitaet/Belegt","Holzrahmen Surplus | 49,2 | Projektangabe | Charpente | [S2], [S4] | belegt","rule_high","label_50q_has_datenqualitaet_datenpunkt",""
"datenpunkt/Chiro_d_Itterbeek_Dilbeek__017__vermiedenes_CO","has_datenqualitaet","datenqualitaet/Belegt","vermiedenes CO₂ | 4.572,702786 | Construction21-Impactberechnung; PMR-Bars/Wickeltisch ausgenommen | Reuse-/Surplus-Materialeinsatz | [S2], [S4] | belegt","rule_high","label_50q_has_datenqualitaet_datenpunkt",""
"datenpunkt/Chiro_d_Itterbeek_Dilbeek__018__vermiedener_Wasserverbrauch","has_datenqualitaet","datenqualitaet/Belegt","vermiedener Wasserverbrauch | 122,8623915 | Construction21-Impactberechnung | Reuse-/Surplus-Materialeinsatz | [S2], [S4] | belegt","rule_high","label_50q_has_datenqualitaet_datenpunkt",""
"datenpunkt/Chiro_d_Itterbeek_Dilbeek__019__vermiedene_Abf_lle","has_datenqualitaet","datenqualitaet/Belegt","vermiedene Abfälle | 5.400,626347 | Construction21-Impactberechnung | Reuse-/Surplus-Materialeinsatz | [S2], [S4] | belegt","rule_high","label_50q_has_datenqualitaet_datenpunkt",""
"datenpunkt/Christ_Pavilion_Volkenroda__001__Wettbewerb","has_datenqualitaet","datenqualitaet/Belegt","Wettbewerb | 1997 | Projektdaten | Entwurf | gmp | belegt","rule_high","label_50q_has_datenqualitaet_datenpunkt",""
"datenpunkt/Christ_Pavilion_Volkenroda__002__Bauzeit_EXPO","has_datenqualitaet","datenqualitaet/Belegt","Bauzeit EXPO | 1999–April 2000 / 1999–2000 | Projektdaten | Ersterrichtung Hannover | gmp | belegt","rule_high","label_50q_has_datenqualitaet_datenpunkt",""
"datenpunkt/Christ_Pavilion_Volkenroda__003__Wiederaufbau","has_datenqualitaet","datenqualitaet/Belegt","Wiederaufbau | Februar–August 2001 / Fertigstellung August 2001 | Projektdaten | Volkenroda | gmp | belegt","rule_high","label_50q_has_datenqualitaet_datenpunkt",""
"datenpunkt/Christ_Pavilion_Volkenroda__004__BGF","has_datenqualitaet","datenqualitaet/Belegt","BGF | 2.004 | Projektdaten | Pavillon | gmp / Structurae | belegt","rule_high","label_50q_has_datenqualitaet_datenpunkt",""
"datenpunkt/Christ_Pavilion_Volkenroda__005__BRI_Volumen","has_datenqualitaet","datenqualitaet/Belegt","BRI / Volumen | 18.548 | Projektdaten | Pavillon | gmp / Structurae | belegt","rule_high","label_50q_has_datenqualitaet_datenpunkt",""
"datenpunkt/Christ_Pavilion_Volkenroda__006__Christusraum","has_datenqualitaet","datenqualitaet/Geschaetzt","Christusraum | ca. 24 × 24 × 18 | Projektdaten | Hauptkirchenraum | gmp | belegt","rule_medium","label_50q_has_datenqualitaet_datenpunkt",""
"datenpunkt/Christ_Pavilion_Volkenroda__006__Christusraum","has_datenqualitaet","datenqualitaet/Belegt","Christusraum | ca. 24 × 24 × 18 | Projektdaten | Hauptkirchenraum | gmp | belegt","rule_high","label_50q_has_datenqualitaet_datenpunkt",""
"datenpunkt/Christ_Pavilion_Volkenroda__007__Tragst_tzen_Christusraum","has_datenqualitaet","datenqualitaet/Belegt","Tragstützen Christusraum | 9 | Projektbeschreibung | Dachtragwerk | gmp | belegt","rule_high","label_50q_has_datenqualitaet_datenpunkt",""
"datenpunkt/Christ_Pavilion_Volkenroda__008__Besucher_Expo","has_datenqualitaet","datenqualitaet/Belegt","Besucher Expo | 1,8 Mio. | ntv/dpa-Bericht | Expo-Nutzung | ntv | teilweise belegt","rule_medium","label_50q_has_datenqualitaet_datenpunkt",""
"datenpunkt/Christ_Pavilion_Volkenroda__009__Gewicht","has_datenqualitaet","datenqualitaet/Belegt","Gewicht | 800 | ntv/dpa-Bericht | Pavillon | ntv | teilweise belegt","rule_medium","label_50q_has_datenqualitaet_datenpunkt",""
"datenpunkt/Circular_Centre_Netherlands_Prinsenhof_A_reuse_pilot__001__demontierte_Bodenelemente","has_datenqualitaet","datenqualitaet/Belegt","demontierte Bodenelemente | 550 | Lagemaat-Projektbericht | Prinsenhof A Demontage | Lagemaat | belegt als Projektangabe","rule_medium","label_50q_has_datenqualitaet_datenpunkt",""
"datenpunkt/Circular_Centre_Netherlands_Prinsenhof_A_reuse_pilot__002__demontierte_Fassadenelemente","has_datenqualitaet","datenqualitaet/Belegt","demontierte Fassadenelemente | 350 | Lagemaat-Projektbericht | Prinsenhof A Demontage | Lagemaat | belegt als Projektangabe","rule_medium","label_50q_has_datenqualitaet_datenpunkt",""
"datenpunkt/Circular_Centre_Netherlands_Prinsenhof_A_reuse_pilot__003__Donor_Fl_che","has_datenqualitaet","datenqualitaet/Belegt","Donor-Fläche | 7.400 | Lagemaat/cepezed | Prinsenhof A | Lagemaat/cepezed | teilweise belegt","rule_medium","label_50q_has_datenqualitaet_datenpunkt",""
"datenpunkt/Circular_Centre_Netherlands_Prinsenhof_A_reuse_pilot__004__Donor_Fl_che_alternative_Quelle","has_datenqualitaet","datenqualitaet/Widerspruechlich","Donor-Fläche alternative Quelle | >8.000 | ReCreate | Prinsenhof A | ReCreate | Quellenkonflikt","rule_high","label_50q_has_datenqualitaet_datenpunkt",""
"datenpunkt/Circular_Centre_Netherlands_Prinsenhof_A_reuse_pilot__004__Donor_Fl_che_alternative_Quelle","has_datenqualitaet","datenqualitaet/Belegt","Donor-Fläche alternative Quelle | >8.000 | ReCreate | Prinsenhof A | ReCreate | Quellenkonflikt","rule_medium","label_50q_has_datenqualitaet_datenpunkt",""
"datenpunkt/Circular_Centre_Netherlands_Prinsenhof_A_reuse_pilot__005__Materialmenge","has_datenqualitaet","datenqualitaet/Belegt","Materialmenge | 17.000 | Lagemaat | Demontage Prinsenhof A | Lagemaat | teilweise belegt, Bilanzgrenze prüfen","rule_medium","label_50q_has_datenqualitaet_datenpunkt",""
"datenpunkt/Circular_Centre_Netherlands_Prinsenhof_A_reuse_pilot__006__Betonmenge","has_datenqualitaet","datenqualitaet/Belegt","Betonmenge | 12.000 | Lagemaat | Demontage Prinsenhof A | Lagemaat | teilweise belegt","rule_medium","label_50q_has_datenqualitaet_datenpunkt",""
"datenpunkt/Circular_Centre_Netherlands_Prinsenhof_A_reuse_pilot__007__CO_Einsparung","has_datenqualitaet","datenqualitaet/Belegt","CO₂-Einsparung | 3.500 | Lagemaat, Methode nicht vollständig offengelegt | Demontage/Wiederverwendung | Lagemaat | teilweise belegt; nicht unabhängig verifiziert","rule_medium","label_50q_has_datenqualitaet_datenpunkt",""
"datenpunkt/Circular_Centre_Netherlands_Prinsenhof_A_reuse_pilot__008__Materialwiederverwendung","has_datenqualitaet","datenqualitaet/Belegt","Materialwiederverwendung | 92 | 12R/Insert-Modell laut Lagemaat | Demontage Prinsenhof A | Lagemaat | teilweise belegt","rule_medium","label_50q_has_datenqualitaet_datenpunkt",""
"datenpunkt/Circular_Pavilion_Paris__001__Fl_che","has_datenqualitaet","datenqualitaet/Belegt","Fläche | 70 | Projektangabe | Pavillon | Encore Heureux | belegt","rule_high","label_50q_has_datenqualitaet_datenpunkt",""
"datenpunkt/Circular_Pavilion_Paris__002__Materialien_mit_erster_Lebensdauer","has_datenqualitaet","datenqualitaet/Belegt","Materialien mit erster Lebensdauer | 60 | Projektangabe | Materialien im Pavillon | Encore Heureux / e-architect | belegt","rule_high","label_50q_has_datenqualitaet_datenpunkt",""
"datenpunkt/Circular_Pavilion_Paris__003__Komponenten_mit_zweiter_dritter_Lebensdauer","has_datenqualitaet","datenqualitaet/Widerspruechlich","Komponenten mit zweiter/dritter Lebensdauer | 80 | journalistische Angabe | building components; andere Grenze | Architect Magazine | teilweise belegt / Quellenkonflikt","rule_high","label_50q_has_datenqualitaet_datenpunkt",""
"datenpunkt/Circular_Pavilion_Paris__003__Komponenten_mit_zweiter_dritter_Lebensdauer","has_datenqualitaet","datenqualitaet/Belegt","Komponenten mit zweiter/dritter Lebensdauer | 80 | journalistische Angabe | building components; andere Grenze | Architect Magazine | teilweise belegt / Quellenkonflikt","rule_medium","label_50q_has_datenqualitaet_datenpunkt",""
"datenpunkt/Circular_Pavilion_Paris__004__Holzt_ren","has_datenqualitaet","datenqualitaet/Belegt","Holztüren | 180 | Bauteilangabe | Fassade | Encore Heureux | belegt","rule_high","label_50q_has_datenqualitaet_datenpunkt",""
"datenpunkt/Circular_Pavilion_Paris__005__St_hle","has_datenqualitaet","datenqualitaet/Belegt","Stühle | 50 | Bauteilangabe | lose Möbel, nicht score-relevant | Encore Heureux | belegt","rule_high","label_50q_has_datenqualitaet_datenpunkt",""
"datenpunkt/Circular_Pavilion_Paris__006__gro_e_Leuchten","has_datenqualitaet","datenqualitaet/Belegt","große Leuchten | 4 | Bauteilangabe | technische Ausstattung | Encore Heureux | belegt","rule_high","label_50q_has_datenqualitaet_datenpunkt",""
"datenpunkt/Circular_Pavilion_Paris__007__Kosten","has_datenqualitaet","datenqualitaet/Belegt","Kosten | 80,000 | Projektangabe | travaux | Encore Heureux | belegt","rule_high","label_50q_has_datenqualitaet_datenpunkt",""
"datenpunkt/ELYS_Kultur_Gewerbehaus_Basel__001__Neue_Reuse_Fassade","has_datenqualitaet","datenqualitaet/Geschaetzt","Neue Reuse-Fassade | ca. 1.000 | Projektangabe | Fassade | DETAIL; Zirkular; BauNetz Wissen | belegt","rule_medium","label_50q_has_datenqualitaet_datenpunkt",""
"datenpunkt/ELYS_Kultur_Gewerbehaus_Basel__001__Neue_Reuse_Fassade","has_datenqualitaet","datenqualitaet/Belegt","Neue Reuse-Fassade | ca. 1.000 | Projektangabe | Fassade | DETAIL; Zirkular; BauNetz Wissen | belegt","rule_high","label_50q_has_datenqualitaet_datenpunkt",""
"datenpunkt/ELYS_Kultur_Gewerbehaus_Basel__002__Fassaden_ffnung","has_datenqualitaet","datenqualitaet/Geschaetzt","Fassadenöffnung | ca. 90 m lang / 10 m hoch | Projektangabe | Fassade | HUSNER | belegt","rule_medium","label_50q_has_datenqualitaet_datenpunkt",""
"datenpunkt/ELYS_Kultur_Gewerbehaus_Basel__002__Fassaden_ffnung","has_datenqualitaet","datenqualitaet/Belegt","Fassadenöffnung | ca. 90 m lang / 10 m hoch | Projektangabe | Fassade | HUSNER | belegt","rule_high","label_50q_has_datenqualitaet_datenpunkt",""
"datenpunkt/ELYS_Kultur_Gewerbehaus_Basel__004__CO_Einsparung_durch_Wiederverwendung","has_datenqualitaet","datenqualitaet/Belegt","CO₂-Einsparung durch Wiederverwendung | 91 | Projekt-/Architektenangabe | Reuse-Materialien | DETAIL; ZAB | belegt","rule_high","label_50q_has_datenqualitaet_datenpunkt",""
"datenpunkt/ELYS_Kultur_Gewerbehaus_Basel__005__CO_e_durch_Erhalt_Tragstruktur","has_datenqualitaet","datenqualitaet/Belegt","CO₂e durch Erhalt Tragstruktur | 7.000 | Architektenangabe | Bestandserhalt / Umnutzung | DETAIL; ZAB | teilweise belegt; nicht Direct Reuse","rule_medium","label_50q_has_datenqualitaet_datenpunkt",""
"datenpunkt/ELYS_Kultur_Gewerbehaus_Basel__006__Fl_che","has_datenqualitaet","datenqualitaet/Unbekannt","Fläche | 20.000 / 25.000 | Projektangaben verschiedener Quellen | Gebäude | Kanton BS / ZAB | unklar","rule_medium","label_50q_has_datenqualitaet_datenpunkt",""
"datenpunkt/ELYS_Kultur_Gewerbehaus_Basel__006__Fl_che","has_datenqualitaet","datenqualitaet/Belegt","Fläche | 20.000 / 25.000 | Projektangaben verschiedener Quellen | Gebäude | Kanton BS / ZAB | unklar","rule_medium","label_50q_has_datenqualitaet_datenpunkt",""
"datenpunkt/ELYS_Kultur_Gewerbehaus_Basel__007__PV_Anlage","has_datenqualitaet","datenqualitaet/Belegt","PV-Anlage | 6.000 | Projektangabe | Dach | Kanton BS | belegt; nicht Direct Reuse","rule_medium","label_50q_has_datenqualitaet_datenpunkt",""
"datenpunkt/ELYS_Kultur_Gewerbehaus_Basel__008__Bauzeit","has_datenqualitaet","datenqualitaet/Belegt","Bauzeit | 2018–2020 Realisierung; 2020 Bezug; 2021 Completion in Zirkular/ZAB | Projektangaben | Gesamtprojekt | Kanton BS; Zirkular; ZAB | teilweise belegt","rule_medium","label_50q_has_datenqualitaet_datenpunkt",""
"datenpunkt/Europa_Building_Brussels__001__Restaurierte_Fensterrahmen","has_datenqualitaet","datenqualitaet/Belegt","Restaurierte Fensterrahmen | 3.750 | Projektangabe | Fassade | Council; Visit Brussels; Jan De Nul | belegt","rule_high","label_50q_has_datenqualitaet_datenpunkt",""
"datenpunkt/Europa_Building_Brussels__002__Bruttogeschossfl_che","has_datenqualitaet","datenqualitaet/Belegt","Bruttogeschossfläche | 81.777 | Projektangabe | Gebäude | Council | belegt","rule_high","label_50q_has_datenqualitaet_datenpunkt",""
"datenpunkt/Europa_Building_Brussels__003__Baukosten","has_datenqualitaet","datenqualitaet/Belegt","Baukosten | 312 Mio. | Endkosten in Preisen März 2016 | Gesamtprojekt, nicht Reuse | Council | belegt","rule_high","label_50q_has_datenqualitaet_datenpunkt",""
"datenpunkt/Europa_Building_Brussels__004__LED_light_tubes","has_datenqualitaet","datenqualitaet/Belegt","LED light tubes | 374 | Projektangabe | TGA/Beleuchtung | Council | belegt","rule_high","label_50q_has_datenqualitaet_datenpunkt",""
"datenpunkt/Europa_Building_Brussels__005__PV_Paneele","has_datenqualitaet","datenqualitaet/Belegt","PV-Paneele | 636 | Projektangabe | Dach | Council story | belegt","rule_high","label_50q_has_datenqualitaet_datenpunkt",""
"datenpunkt/Europa_Building_Brussels__006__Stahlreduktion_Fassadenstruktur","has_datenqualitaet","datenqualitaet/Belegt","Stahlreduktion Fassadenstruktur | 30 | Projekt-/Ausführungsangabe | Fassadenstruktur | Council story; Jan De Nul | teilweise belegt","rule_medium","label_50q_has_datenqualitaet_datenpunkt",""
"datenpunkt/Ferme_du_Rail_Paris__001__Gesamtfl_che","has_datenqualitaet","datenqualitaet/Unbekannt","Gesamtfläche | 2.300 | unbekannt | Projekt | [S3] | belegt","rule_medium","label_50q_has_datenqualitaet_datenpunkt",""
"datenpunkt/Ferme_du_Rail_Paris__001__Gesamtfl_che","has_datenqualitaet","datenqualitaet/Belegt","Gesamtfläche | 2.300 | unbekannt | Projekt | [S3] | belegt","rule_high","label_50q_has_datenqualitaet_datenpunkt",""
"datenpunkt/Ferme_du_Rail_Paris__002__gebaute_Fl_che","has_datenqualitaet","datenqualitaet/Unbekannt","gebaute Fläche | 1.000 | unbekannt | Built | [S3] | belegt","rule_medium","label_50q_has_datenqualitaet_datenpunkt",""
"datenpunkt/Ferme_du_Rail_Paris__002__gebaute_Fl_che","has_datenqualitaet","datenqualitaet/Belegt","gebaute Fläche | 1.000 | unbekannt | Built | [S3] | belegt","rule_high","label_50q_has_datenqualitaet_datenpunkt",""
"datenpunkt/Ferme_du_Rail_Paris__003__SDP","has_datenqualitaet","datenqualitaet/Unbekannt","SDP | 830 | unbekannt | Surface de plancher | [S2] | belegt","rule_medium","label_50q_has_datenqualitaet_datenpunkt",""
"datenpunkt/Ferme_du_Rail_Paris__003__SDP","has_datenqualitaet","datenqualitaet/Belegt","SDP | 830 | unbekannt | Surface de plancher | [S2] | belegt","rule_high","label_50q_has_datenqualitaet_datenpunkt",""
"datenpunkt/Ferme_du_Rail_Paris__004__weitere_Fl_che","has_datenqualitaet","datenqualitaet/Unbekannt","weitere Fläche | 1.466 | unbekannt | Quelle „Non précisé“ | [S2] | teilweise","rule_medium","label_50q_has_datenqualitaet_datenpunkt",""
"datenpunkt/Ferme_du_Rail_Paris__004__weitere_Fl_che","has_datenqualitaet","datenqualitaet/Belegt","weitere Fläche | 1.466 | unbekannt | Quelle „Non précisé“ | [S2] | teilweise","rule_medium","label_50q_has_datenqualitaet_datenpunkt",""
"datenpunkt/Ferme_du_Rail_Paris__005__Baukosten","has_datenqualitaet","datenqualitaet/Unbekannt","Baukosten | 3,3 | unbekannt | travaux | [S2] | belegt","rule_medium","label_50q_has_datenqualitaet_datenpunkt",""
"datenpunkt/Ferme_du_Rail_Paris__005__Baukosten","has_datenqualitaet","datenqualitaet/Belegt","Baukosten | 3,3 | unbekannt | travaux | [S2] | belegt","rule_high","label_50q_has_datenqualitaet_datenpunkt",""
"datenpunkt/Ferme_du_Rail_Paris__006__Anteil_biosourc_und_oder_r_employ","has_datenqualitaet","datenqualitaet/Unbekannt","Anteil biosourcé und/oder réemployé | 90 | unbekannt | Materialien in Trockenbauweise | [S2] | belegt, aber kein reiner Reuse-Anteil","rule_medium","label_50q_has_datenqualitaet_datenpunkt",""
"datenpunkt/Ferme_du_Rail_Paris__006__Anteil_biosourc_und_oder_r_employ","has_datenqualitaet","datenqualitaet/Belegt","Anteil biosourcé und/oder réemployé | 90 | unbekannt | Materialien in Trockenbauweise | [S2] | belegt, aber kein reiner Reuse-Anteil","rule_medium","label_50q_has_datenqualitaet_datenpunkt",""
"datenpunkt/Ferme_du_Rail_Paris__007__Personen_in_Wiedereingliederung","has_datenqualitaet","datenqualitaet/Belegt","Personen in Wiedereingliederung | 15 | Programm | Nutzung | [S2], [S3] | belegt","rule_high","label_50q_has_datenqualitaet_datenpunkt",""
"datenpunkt/Ferme_du_Rail_Paris__008__Studierende","has_datenqualitaet","datenqualitaet/Belegt","Studierende | 5 | Programm | Nutzung | [S2], [S3] | belegt","rule_high","label_50q_has_datenqualitaet_datenpunkt",""
"datenpunkt/Ferme_du_Rail_Paris__009__Transport_Sourcing_Radius_Hauptmaterialien","has_datenqualitaet","datenqualitaet/Unbekannt","Transport-/Sourcing-Radius Hauptmaterialien | 65 | unbekannt | Hauptmaterialien laut CMS | [S3] | belegt","rule_medium","label_50q_has_datenqualitaet_datenpunkt",""
"datenpunkt/Ferme_du_Rail_Paris__009__Transport_Sourcing_Radius_Hauptmaterialien","has_datenqualitaet","datenqualitaet/Belegt","Transport-/Sourcing-Radius Hauptmaterialien | 65 | unbekannt | Hauptmaterialien laut CMS | [S3] | belegt","rule_high","label_50q_has_datenqualitaet_datenpunkt",""
"datenpunkt/Ferme_du_Rail_Paris__013__Kostenwirkung_Reuse","has_datenqualitaet","datenqualitaet/Unbekannt","Kostenwirkung Reuse | ohne Mehrkosten insgesamt behauptet | unbekannt | Reuse vs. neu | [S2] | teilweise; keine Zahl","rule_medium","label_50q_has_datenqualitaet_datenpunkt",""
"datenpunkt/Ferme_du_Rail_Paris__013__Kostenwirkung_Reuse","has_datenqualitaet","datenqualitaet/Belegt","Kostenwirkung Reuse | ohne Mehrkosten insgesamt behauptet | unbekannt | Reuse vs. neu | [S2] | teilweise; keine Zahl","rule_medium","label_50q_has_datenqualitaet_datenpunkt",""
"datenpunkt/Grande_Halle_de_Colombelles__001__Projektfl_che","has_datenqualitaet","datenqualitaet/Unbekannt","Projektfläche | 3.700 | unbekannt | Surface utile / Projektfläche | [S2], [S3] | belegt","rule_medium","label_50q_has_datenqualitaet_datenpunkt",""
"datenpunkt/Grande_Halle_de_Colombelles__001__Projektfl_che","has_datenqualitaet","datenqualitaet/Belegt","Projektfläche | 3.700 | unbekannt | Surface utile / Projektfläche | [S2], [S3] | belegt","rule_high","label_50q_has_datenqualitaet_datenpunkt",""
"datenpunkt/Grande_Halle_de_Colombelles__002__Projektfl_che_alternative","has_datenqualitaet","datenqualitaet/Unbekannt","Projektfläche alternative | 3.080 | unbekannt | Surface bei Albert & Co | [S6] | teilweise, abweichend","rule_medium","label_50q_has_datenqualitaet_datenpunkt",""
"datenpunkt/Grande_Halle_de_Colombelles__002__Projektfl_che_alternative","has_datenqualitaet","datenqualitaet/Widerspruechlich","Projektfläche alternative | 3.080 | unbekannt | Surface bei Albert & Co | [S6] | teilweise, abweichend","rule_high","label_50q_has_datenqualitaet_datenpunkt",""
"datenpunkt/Grande_Halle_de_Colombelles__002__Projektfl_che_alternative","has_datenqualitaet","datenqualitaet/Belegt","Projektfläche alternative | 3.080 | unbekannt | Surface bei Albert & Co | [S6] | teilweise, abweichend","rule_medium","label_50q_has_datenqualitaet_datenpunkt",""
"datenpunkt/Grande_Halle_de_Colombelles__003__Baukosten","has_datenqualitaet","datenqualitaet/Unbekannt","Baukosten | 5,8 | unbekannt | Gebäude gesamt | [S3] | belegt","rule_medium","label_50q_has_datenqualitaet_datenpunkt",""
"datenpunkt/Grande_Halle_de_Colombelles__003__Baukosten","has_datenqualitaet","datenqualitaet/Belegt","Baukosten | 5,8 | unbekannt | Gebäude gesamt | [S3] | belegt","rule_high","label_50q_has_datenqualitaet_datenpunkt",""
"datenpunkt/Grande_Halle_de_Colombelles__004__Baukosten_alternative","has_datenqualitaet","datenqualitaet/Unbekannt","Baukosten alternative | 5,5 | unbekannt | travaux | [S6] | belegt, abweichende Kostenbasis","rule_medium","label_50q_has_datenqualitaet_datenpunkt",""
"datenpunkt/Grande_Halle_de_Colombelles__004__Baukosten_alternative","has_datenqualitaet","datenqualitaet/Widerspruechlich","Baukosten alternative | 5,5 | unbekannt | travaux | [S6] | belegt, abweichende Kostenbasis","rule_high","label_50q_has_datenqualitaet_datenpunkt",""
"datenpunkt/Grande_Halle_de_Colombelles__004__Baukosten_alternative","has_datenqualitaet","datenqualitaet/Belegt","Baukosten alternative | 5,5 | unbekannt | travaux | [S6] | belegt, abweichende Kostenbasis","rule_medium","label_50q_has_datenqualitaet_datenpunkt",""
"datenpunkt/Grande_Halle_de_Colombelles__005__Studienkosten","has_datenqualitaet","datenqualitaet/Unbekannt","Studienkosten | 320.000 | unbekannt | Studien | [S3] | belegt","rule_medium","label_50q_has_datenqualitaet_datenpunkt",""
"datenpunkt/Grande_Halle_de_Colombelles__005__Studienkosten","has_datenqualitaet","datenqualitaet/Belegt","Studienkosten | 320.000 | unbekannt | Studien | [S3] | belegt","rule_high","label_50q_has_datenqualitaet_datenpunkt",""
"datenpunkt/Grande_Halle_de_Colombelles__006__Abfall_vermieden_wiederverwendet","has_datenqualitaet","datenqualitaet/Unbekannt","Abfall vermieden / wiederverwendet | 19 | unbekannt | Reuse-Lot | [S2] | belegt","rule_medium","label_50q_has_datenqualitaet_datenpunkt",""
"datenpunkt/Grande_Halle_de_Colombelles__006__Abfall_vermieden_wiederverwendet","has_datenqualitaet","datenqualitaet/Belegt","Abfall vermieden / wiederverwendet | 19 | unbekannt | Reuse-Lot | [S2] | belegt","rule_high","label_50q_has_datenqualitaet_datenpunkt",""
"datenpunkt/Grande_Halle_de_Colombelles__007__D_mmung","has_datenqualitaet","datenqualitaet/Unbekannt","Dämmung | 430 / 200 | unbekannt | reused insulation | [S1], [S2], [S3], [S5] | teilweise; Quellen differieren","rule_medium","label_50q_has_datenqualitaet_datenpunkt",""
"datenpunkt/Grande_Halle_de_Colombelles__007__D_mmung","has_datenqualitaet","datenqualitaet/Belegt","Dämmung | 430 / 200 | unbekannt | reused insulation | [S1], [S2], [S3], [S5] | teilweise; Quellen differieren","rule_medium","label_50q_has_datenqualitaet_datenpunkt",""
"datenpunkt/Grande_Halle_de_Colombelles__008__Radiatoren","has_datenqualitaet","datenqualitaet/Unbekannt","Radiatoren | 49 / 52 / 59 | unbekannt | Guss + Stahl | [S1], [S2], [S3], [S5] | teilweise; Quellen differieren","rule_medium","label_50q_has_datenqualitaet_datenpunkt",""
"datenpunkt/Grande_Halle_de_Colombelles__008__Radiatoren","has_datenqualitaet","datenqualitaet/Belegt","Radiatoren | 49 / 52 / 59 | unbekannt | Guss + Stahl | [S1], [S2], [S3], [S5] | teilweise; Quellen differieren","rule_medium","label_50q_has_datenqualitaet_datenpunkt",""
"datenpunkt/Grande_Halle_de_Colombelles__009__T_ren","has_datenqualitaet","datenqualitaet/Unbekannt","Türen | 10 / 18 / 33 / 50 | unbekannt | Türen inkl. Brandschutztüren | [S1], [S2], [S3], [S5] | teilweise; Quellen differieren","rule_medium","label_50q_has_datenqualitaet_datenpunkt",""
"datenpunkt/Grande_Halle_de_Colombelles__009__T_ren","has_datenqualitaet","datenqualitaet/Belegt","Türen | 10 / 18 / 33 / 50 | unbekannt | Türen inkl. Brandschutztüren | [S1], [S2], [S3], [S5] | teilweise; Quellen differieren","rule_medium","label_50q_has_datenqualitaet_datenpunkt",""
"datenpunkt/Grande_Halle_de_Colombelles__010__Sanit_robjekte","has_datenqualitaet","datenqualitaet/Unbekannt","Sanitärobjekte | 20 / 30 | unbekannt | WC, Urinale, Waschbecken | [S1], [S2], [S5] | teilweise","rule_medium","label_50q_has_datenqualitaet_datenpunkt",""
"datenpunkt/Grande_Halle_de_Colombelles__010__Sanit_robjekte","has_datenqualitaet","datenqualitaet/Belegt","Sanitärobjekte | 20 / 30 | unbekannt | WC, Urinale, Waschbecken | [S1], [S2], [S5] | teilweise","rule_medium","label_50q_has_datenqualitaet_datenpunkt",""
"datenpunkt/Grande_Halle_de_Colombelles__011__Fliesen_Fayence","has_datenqualitaet","datenqualitaet/Unbekannt","Fliesen/Fayence | 190 / 200 | unbekannt | Beläge | [S1], [S3] | teilweise","rule_medium","label_50q_has_datenqualitaet_datenpunkt",""
"datenpunkt/Grande_Halle_de_Colombelles__011__Fliesen_Fayence","has_datenqualitaet","datenqualitaet/Belegt","Fliesen/Fayence | 190 / 200 | unbekannt | Beläge | [S1], [S3] | teilweise","rule_medium","label_50q_has_datenqualitaet_datenpunkt",""
"datenpunkt/Grande_Halle_de_Colombelles__012__Holzpfetten","has_datenqualitaet","datenqualitaet/Unbekannt","Holzpfetten | 21 / 63 | unbekannt | Balkon / große Nave | [S3] | belegt","rule_medium","label_50q_has_datenqualitaet_datenpunkt",""
"datenpunkt/Grande_Halle_de_Colombelles__012__Holzpfetten","has_datenqualitaet","datenqualitaet/Belegt","Holzpfetten | 21 / 63 | unbekannt | Balkon / große Nave | [S3] | belegt","rule_high","label_50q_has_datenqualitaet_datenpunkt",""
"datenpunkt/Grande_Halle_de_Colombelles__013__Koordinations_Valorisationszeit","has_datenqualitaet","datenqualitaet/Unbekannt","Koordinations-/Valorisationszeit | 2.790 | unbekannt | Reuse-Koordination | [S2] | belegt","rule_medium","label_50q_has_datenqualitaet_datenpunkt",""
"datenpunkt/Grande_Halle_de_Colombelles__013__Koordinations_Valorisationszeit","has_datenqualitaet","datenqualitaet/Belegt","Koordinations-/Valorisationszeit | 2.790 | unbekannt | Reuse-Koordination | [S2] | belegt","rule_high","label_50q_has_datenqualitaet_datenpunkt",""
"datenpunkt/Grande_Halle_de_Colombelles__014__Arbeitspl_tze","has_datenqualitaet","datenqualitaet/Unbekannt","Arbeitsplätze | 3 | unbekannt | Folge Le WIP / Reuse-Aktion | [S2] | belegt","rule_medium","label_50q_has_datenqualitaet_datenpunkt",""
"datenpunkt/Grande_Halle_de_Colombelles__014__Arbeitspl_tze","has_datenqualitaet","datenqualitaet/Belegt","Arbeitsplätze | 3 | unbekannt | Folge Le WIP / Reuse-Aktion | [S2] | belegt","rule_high","label_50q_has_datenqualitaet_datenpunkt",""
"datenpunkt/Grande_Halle_de_Colombelles__016__Wasserersparnis","has_datenqualitaet","datenqualitaet/Unbekannt","Wasserersparnis | 120.529 | unbekannt | Reuse-Effekt | [S2] | belegt nach Quelle","rule_medium","label_50q_has_datenqualitaet_datenpunkt",""
"datenpunkt/Grande_Halle_de_Colombelles__016__Wasserersparnis","has_datenqualitaet","datenqualitaet/Belegt","Wasserersparnis | 120.529 | unbekannt | Reuse-Effekt | [S2] | belegt nach Quelle","rule_medium","label_50q_has_datenqualitaet_datenpunkt",""
"datenpunkt/Grubenstrasse_29_Werkhof_29_Zuerich__001__Projektfl_che","has_datenqualitaet","datenqualitaet/Unbekannt","Projektfläche | 2.600 | unbekannt | Gebäude/Projekt | baubüro in situ | belegt","rule_medium","label_50q_has_datenqualitaet_datenpunkt",""
"datenpunkt/Grubenstrasse_29_Werkhof_29_Zuerich__001__Projektfl_che","has_datenqualitaet","datenqualitaet/Belegt","Projektfläche | 2.600 | unbekannt | Gebäude/Projekt | baubüro in situ | belegt","rule_high","label_50q_has_datenqualitaet_datenpunkt",""
"datenpunkt/Grubenstrasse_29_Werkhof_29_Zuerich__002__B_ro_Gewerbeeinheiten","has_datenqualitaet","datenqualitaet/Unbekannt","Büro-/Gewerbeeinheiten | 8 | unbekannt | Vermietung 2025 | Werkhof29 | belegt","rule_medium","label_50q_has_datenqualitaet_datenpunkt",""
"datenpunkt/Grubenstrasse_29_Werkhof_29_Zuerich__002__B_ro_Gewerbeeinheiten","has_datenqualitaet","datenqualitaet/Belegt","Büro-/Gewerbeeinheiten | 8 | unbekannt | Vermietung 2025 | Werkhof29 | belegt","rule_high","label_50q_has_datenqualitaet_datenpunkt",""
"datenpunkt/Grubenstrasse_29_Werkhof_29_Zuerich__003__Einheitengr_en","has_datenqualitaet","datenqualitaet/Unbekannt","Einheitengrößen | 70–110 | unbekannt | einzelne Mietflächen | Werkhof29 | belegt","rule_medium","label_50q_has_datenqualitaet_datenpunkt",""
"datenpunkt/Grubenstrasse_29_Werkhof_29_Zuerich__003__Einheitengr_en","has_datenqualitaet","datenqualitaet/Belegt","Einheitengrößen | 70–110 | unbekannt | einzelne Mietflächen | Werkhof29 | belegt","rule_high","label_50q_has_datenqualitaet_datenpunkt",""
"datenpunkt/Grubenstrasse_29_Werkhof_29_Zuerich__004__Projektzeitraum","has_datenqualitaet","datenqualitaet/Unbekannt","Projektzeitraum | 2023–2025 | unbekannt | Umbau/Aufstockung | Zirkular | belegt","rule_medium","label_50q_has_datenqualitaet_datenpunkt",""
"datenpunkt/Grubenstrasse_29_Werkhof_29_Zuerich__004__Projektzeitraum","has_datenqualitaet","datenqualitaet/Belegt","Projektzeitraum | 2023–2025 | unbekannt | Umbau/Aufstockung | Zirkular | belegt","rule_high","label_50q_has_datenqualitaet_datenpunkt",""
"datenpunkt/Grubenstrasse_29_Werkhof_29_Zuerich__005__Fertigstellung_Vermietung","has_datenqualitaet","datenqualitaet/Unbekannt","Fertigstellung / Vermietung | 2025 | unbekannt | Gebäude | Werkhof29; BauNetz Wissen | belegt","rule_medium","label_50q_has_datenqualitaet_datenpunkt",""
"datenpunkt/Grubenstrasse_29_Werkhof_29_Zuerich__005__Fertigstellung_Vermietung","has_datenqualitaet","datenqualitaet/Belegt","Fertigstellung / Vermietung | 2025 | unbekannt | Gebäude | Werkhof29; BauNetz Wissen | belegt","rule_high","label_50q_has_datenqualitaet_datenpunkt",""
"datenpunkt/Grubenstrasse_29_Werkhof_29_Zuerich__008__CO_Einsparung","has_datenqualitaet","datenqualitaet/Unbekannt","CO₂-Einsparung | unbekannt / Überprüfung im Gang | unbekannt | Vergleich zu konventionellem Neubau laut Zirkular | Zirkular | teilweise belegt","rule_medium","label_50q_has_datenqualitaet_datenpunkt",""
"datenpunkt/Grubenstrasse_29_Werkhof_29_Zuerich__008__CO_Einsparung","has_datenqualitaet","datenqualitaet/Belegt","CO₂-Einsparung | unbekannt / Überprüfung im Gang | unbekannt | Vergleich zu konventionellem Neubau laut Zirkular | Zirkular | teilweise belegt","rule_medium","label_50q_has_datenqualitaet_datenpunkt",""
"datenpunkt/Harmalanranta_A_Kruunu_ReCreate_mini_pilot_Tampere__001__wiederverwendete_Hohlk_rperdecken","has_datenqualitaet","datenqualitaet/Belegt","wiederverwendete Hohlkörperdecken | 25 | Projektmeldung | Mini-Pilot | ReCreate, Skanska, Uusiouutiset | belegt; eine ReCreate-Folgequelle nennt 24","rule_medium","label_50q_has_datenqualitaet_datenpunkt",""
"datenpunkt/Harmalanranta_A_Kruunu_ReCreate_mini_pilot_Tampere__002__Transportdistanz_Donor_Receiver","has_datenqualitaet","datenqualitaet/Geschaetzt","Transportdistanz Donor–Receiver | ca. 6 | ReCreate-Angabe | Donor Tampere-Zentrum bis Härmälänranta | ReCreate | belegt","rule_medium","label_50q_has_datenqualitaet_datenpunkt",""
"datenpunkt/Harmalanranta_A_Kruunu_ReCreate_mini_pilot_Tampere__002__Transportdistanz_Donor_Receiver","has_datenqualitaet","datenqualitaet/Belegt","Transportdistanz Donor–Receiver | ca. 6 | ReCreate-Angabe | Donor Tampere-Zentrum bis Härmälänranta | ReCreate | belegt","rule_high","label_50q_has_datenqualitaet_datenpunkt",""
"datenpunkt/Harmalanranta_A_Kruunu_ReCreate_mini_pilot_Tampere__003__Wohnungen_im_Geb_ude","has_datenqualitaet","datenqualitaet/Belegt","Wohnungen im Gebäude | 39 | Skanska-Meldung | Gesamtgebäude | Skanska | belegt","rule_high","label_50q_has_datenqualitaet_datenpunkt",""
"datenpunkt/Harmalanranta_A_Kruunu_ReCreate_mini_pilot_Tampere__004__Geschosse","has_datenqualitaet","datenqualitaet/Belegt","Geschosse | 5 | Skanska-Meldung | Gesamtgebäude | Skanska | belegt","rule_high","label_50q_has_datenqualitaet_datenpunkt",""
"datenpunkt/Harmalanranta_A_Kruunu_ReCreate_mini_pilot_Tampere__005__Fertigstellung","has_datenqualitaet","datenqualitaet/Belegt","Fertigstellung | Frühjahr 2025 | Skanska-Meldung | Gesamtgebäude | Skanska | teilweise belegt; aktueller Ist-Status nicht separat verifiziert","rule_medium","label_50q_has_datenqualitaet_datenpunkt",""
"datenpunkt/Hastings_Pier_Visitor_Centre__004__Fl_che_Gesamtprojekt","has_datenqualitaet","datenqualitaet/Belegt","Fläche Gesamtprojekt | 11.720 | Projektangabe | Pier/Gesamtprojekt, nicht Reuse-Fläche | Q3 | belegt","rule_high","label_50q_has_datenqualitaet_datenpunkt",""
"datenpunkt/Hastings_Pier_Visitor_Centre__005__Pierl_nge","has_datenqualitaet","datenqualitaet/Belegt","Pierlänge | 280 | Projektbeschreibung | Gesamtpier | Q5 | belegt","rule_high","label_50q_has_datenqualitaet_datenpunkt",""
"datenpunkt/Hastings_Pier_Visitor_Centre__009__Kosten","has_datenqualitaet","datenqualitaet/Belegt","Kosten | £12.6 Mio. Förder-/Projektbetrag; £11.4 Mio. HLF-Anteil laut dRMM | Projektfinanzierung | Gesamtregeneration, nicht Reuse-Kosten | Q1, Q4 | belegt, aber nicht reuse-spezifisch","rule_medium","label_50q_has_datenqualitaet_datenpunkt",""
"datenpunkt/Haus_HOS_Mehrfamilienhaus_Muehlhausen__001__wiederverwendete_Elemente_gesamt","has_datenqualitaet","datenqualitaet/Belegt","wiederverwendete Elemente gesamt | 58 | Architektenquelle / PRECS | Rohbau | [S1], [S7], [S8] | belegt","rule_high","label_50q_has_datenqualitaet_datenpunkt",""
"datenpunkt/Haus_HOS_Mehrfamilienhaus_Muehlhausen__002__Wandteile","has_datenqualitaet","datenqualitaet/Belegt","Wandteile | 28 | PRECS-Datenbank | Bauteile | [S1], [S3] | belegt","rule_high","label_50q_has_datenqualitaet_datenpunkt",""
"datenpunkt/Haus_HOS_Mehrfamilienhaus_Muehlhausen__002__Wandteile","has_datenmodell","datenmodell/Materialdatenbank","Wandteile | 28 | PRECS-Datenbank | [S1], [S3]","rule_high","label_50q_has_datenmodell_datenpunkt_method",""
"datenpunkt/Haus_HOS_Mehrfamilienhaus_Muehlhausen__003__Deckenteile","has_datenqualitaet","datenqualitaet/Belegt","Deckenteile | 23 | PRECS-Datenbank | Bauteile | [S1], [S3] | belegt","rule_high","label_50q_has_datenqualitaet_datenpunkt",""
"datenpunkt/Haus_HOS_Mehrfamilienhaus_Muehlhausen__003__Deckenteile","has_datenmodell","datenmodell/Materialdatenbank","Deckenteile | 23 | PRECS-Datenbank | [S1], [S3]","rule_high","label_50q_has_datenmodell_datenpunkt_method",""
"datenpunkt/Haus_HOS_Mehrfamilienhaus_Muehlhausen__004__Treppen","has_datenqualitaet","datenqualitaet/Belegt","Treppen | 7 | PRECS-Datenbank | Bauteile | [S1], [S3] | belegt","rule_high","label_50q_has_datenqualitaet_datenpunkt",""
"datenpunkt/Haus_HOS_Mehrfamilienhaus_Muehlhausen__004__Treppen","has_datenmodell","datenmodell/Materialdatenbank","Treppen | 7 | PRECS-Datenbank | [S1], [S3]","rule_high","label_50q_has_datenmodell_datenpunkt_method",""
"datenpunkt/Haus_HOS_Mehrfamilienhaus_Muehlhausen__005__Gesamtgewicht","has_datenqualitaet","datenqualitaet/Geschaetzt","Gesamtgewicht | ca. 190 | Architektenquelle | 58 Elemente | [S7], [S8] | belegt","rule_medium","label_50q_has_datenqualitaet_datenpunkt",""
"datenpunkt/Haus_HOS_Mehrfamilienhaus_Muehlhausen__005__Gesamtgewicht","has_datenqualitaet","datenqualitaet/Belegt","Gesamtgewicht | ca. 190 | Architektenquelle | 58 Elemente | [S7], [S8] | belegt","rule_high","label_50q_has_datenqualitaet_datenpunkt",""
"datenpunkt/Haus_HOS_Mehrfamilienhaus_Muehlhausen__006__Nutzfl_che","has_datenqualitaet","datenqualitaet/Geschaetzt","Nutzfläche | ca. 250 | Architektenquelle | Gebäude | [S7], [S8] | belegt","rule_medium","label_50q_has_datenqualitaet_datenpunkt",""
"datenpunkt/Haus_HOS_Mehrfamilienhaus_Muehlhausen__006__Nutzfl_che","has_datenqualitaet","datenqualitaet/Belegt","Nutzfläche | ca. 250 | Architektenquelle | Gebäude | [S7], [S8] | belegt","rule_high","label_50q_has_datenqualitaet_datenpunkt",""
"datenpunkt/Haus_HOS_Mehrfamilienhaus_Muehlhausen__007__Herstellungskosten","has_datenqualitaet","datenqualitaet/Geschaetzt","Herstellungskosten | ca. 300.000 | Architektenquelle | Gebäude | [S7], [S8] | belegt","rule_medium","label_50q_has_datenqualitaet_datenpunkt",""
"datenpunkt/Haus_HOS_Mehrfamilienhaus_Muehlhausen__007__Herstellungskosten","has_datenqualitaet","datenqualitaet/Belegt","Herstellungskosten | ca. 300.000 | Architektenquelle | Gebäude | [S7], [S8] | belegt","rule_high","label_50q_has_datenqualitaet_datenpunkt",""
"datenpunkt/Haus_HOS_Mehrfamilienhaus_Muehlhausen__008__Wiederverwendungsgrad_Rohbau_Substanz","has_datenqualitaet","datenqualitaet/Geschaetzt","Wiederverwendungsgrad Rohbau-Substanz | ca. 75 | Architektenquelle | Rohbau | [S7], [S8] | belegt","rule_medium","label_50q_has_datenqualitaet_datenpunkt",""
"datenpunkt/Haus_HOS_Mehrfamilienhaus_Muehlhausen__008__Wiederverwendungsgrad_Rohbau_Substanz","has_datenqualitaet","datenqualitaet/Belegt","Wiederverwendungsgrad Rohbau-Substanz | ca. 75 | Architektenquelle | Rohbau | [S7], [S8] | belegt","rule_high","label_50q_has_datenqualitaet_datenpunkt",""
"datenpunkt/Haus_HOS_Mehrfamilienhaus_Muehlhausen__009__Kosteneinsparung","has_datenqualitaet","datenqualitaet/Geschaetzt","Kosteneinsparung | ca. 25 | Architektenquelle | nicht näher definierte Kostenbasis | [S7], [S8] | teilweise belegt","rule_medium","label_50q_has_datenqualitaet_datenpunkt",""
"datenpunkt/Haus_HOS_Mehrfamilienhaus_Muehlhausen__009__Kosteneinsparung","has_datenqualitaet","datenqualitaet/Belegt","Kosteneinsparung | ca. 25 | Architektenquelle | nicht näher definierte Kostenbasis | [S7], [S8] | teilweise belegt","rule_medium","label_50q_has_datenqualitaet_datenpunkt",""
"datenpunkt/Haus_HOS_Mehrfamilienhaus_Muehlhausen__010__Transportdistanz","has_datenqualitaet","datenqualitaet/Geschaetzt","Transportdistanz | ca. 30 / 28 | Architektenquelle / PRECS | Leinefelde–Mühlhausen | [S7], [S1] | belegt","rule_medium","label_50q_has_datenqualitaet_datenpunkt",""
"datenpunkt/Haus_HOS_Mehrfamilienhaus_Muehlhausen__010__Transportdistanz","has_datenqualitaet","datenqualitaet/Belegt","Transportdistanz | ca. 30 / 28 | Architektenquelle / PRECS | Leinefelde–Mühlhausen | [S7], [S1] | belegt","rule_high","label_50q_has_datenqualitaet_datenpunkt",""
"datenpunkt/Haus_HOS_Mehrfamilienhaus_Muehlhausen__011__Fertigstellung","has_datenqualitaet","datenqualitaet/Belegt","Fertigstellung | 2008 | Architektenquelle | Projekt | [S7], [S8] | belegt","rule_high","label_50q_has_datenqualitaet_datenpunkt",""
"datenpunkt/Haus_HOS_Mehrfamilienhaus_Muehlhausen__012__Fallstudienstart","has_datenqualitaet","datenqualitaet/Belegt","Fallstudienstart | 2007 | PRECS | Projekt | [S1] | belegt","rule_high","label_50q_has_datenqualitaet_datenpunkt",""
"datenpunkt/Holbein_Gardens_London__001__wiederverwendeter_Stahl","has_datenqualitaet","datenqualitaet/Belegt","wiederverwendeter Stahl | 25 | IStructE / TERC | im Projekt verbaute reclaimed steel members | [S3], [S5] | belegt","rule_high","label_50q_has_datenqualitaet_datenpunkt",""
"datenpunkt/Holbein_Gardens_London__002__wiederverwendeter_Stahl","has_datenqualitaet","datenqualitaet/Widerspruechlich","wiederverwendeter Stahl | 24 | ASBP DISRUPT / Grosvenor-Angabe 9+15 t | rooftop extension | [S1], [S4] | belegt, abweichend","rule_high","label_50q_has_datenqualitaet_datenpunkt",""
"datenpunkt/Holbein_Gardens_London__002__wiederverwendeter_Stahl","has_datenqualitaet","datenqualitaet/Belegt","wiederverwendeter Stahl | 24 | ASBP DISRUPT / Grosvenor-Angabe 9+15 t | rooftop extension | [S1], [S4] | belegt, abweichend","rule_medium","label_50q_has_datenqualitaet_datenpunkt",""
"datenpunkt/Holbein_Gardens_London__003__Stahl_aus_Grosvenor_Projekten","has_datenqualitaet","datenqualitaet/Belegt","Stahl aus Grosvenor-Projekten | 9 | Projekt-/Fallstudienangabe | donor sites im Portfolio | [S1], [S5] | belegt","rule_high","label_50q_has_datenqualitaet_datenpunkt",""
"datenpunkt/Holbein_Gardens_London__004__Stahl_aus_Cleveland_Steel_stock","has_datenqualitaet","datenqualitaet/Belegt","Stahl aus Cleveland Steel stock | 15–16 | Quellenvergleich | reclaimed stock | [S1], [S5], [S8] | belegt mit Abweichung","rule_medium","label_50q_has_datenqualitaet_datenpunkt",""
"datenpunkt/Holbein_Gardens_London__005__Gesamtstahlbedarf","has_datenqualitaet","datenqualitaet/Geschaetzt","Gesamtstahlbedarf | ca. 70 | Grosvenor/IOM3 | Aufstockung / Stahlwork | [S1], [S12] | belegt","rule_medium","label_50q_has_datenqualitaet_datenpunkt",""
"datenpunkt/Holbein_Gardens_London__005__Gesamtstahlbedarf","has_datenqualitaet","datenqualitaet/Belegt","Gesamtstahlbedarf | ca. 70 | Grosvenor/IOM3 | Aufstockung / Stahlwork | [S1], [S12] | belegt","rule_high","label_50q_has_datenqualitaet_datenpunkt",""
"datenpunkt/Holbein_Gardens_London__006__Anteil_reused_steel_an_Stahltonnage","has_datenqualitaet","datenqualitaet/Geschaetzt","Anteil reused steel an Stahltonnage | 34 / ca. ein Drittel | Fach-/Projektquellen | Stahlstruktur | [S9], [S11] | belegt","rule_medium","label_50q_has_datenqualitaet_datenpunkt",""
"datenpunkt/Holbein_Gardens_London__006__Anteil_reused_steel_an_Stahltonnage","has_datenqualitaet","datenqualitaet/Belegt","Anteil reused steel an Stahltonnage | 34 / ca. ein Drittel | Fach-/Projektquellen | Stahlstruktur | [S9], [S11] | belegt","rule_high","label_50q_has_datenqualitaet_datenpunkt",""
"datenpunkt/Holbein_Gardens_London__007__GIA","has_datenqualitaet","datenqualitaet/Belegt","GIA | 3.536 | HTS Projektseite | Gebäude | [S2] | belegt","rule_high","label_50q_has_datenqualitaet_datenpunkt",""
"datenpunkt/Holbein_Gardens_London__008__Added_area","has_datenqualitaet","datenqualitaet/Belegt","Added area | 2.322 | Optoppen | Aufstockung/Erweiterung | [S8] | teilweise belegt","rule_medium","label_50q_has_datenqualitaet_datenpunkt",""
"datenpunkt/Holbein_Gardens_London__009__Bestandserhalt","has_datenqualitaet","datenqualitaet/Belegt","Bestandserhalt | 90–93 | HTS/NLA | bestehendes Gebäude/Struktur | [S2], [S8] | belegt, aber nicht als Direct Reuse zählen","rule_medium","label_50q_has_datenqualitaet_datenpunkt",""
"datenpunkt/Holbein_Gardens_London__010__CO_Einsparung_Stahlreuse","has_datenqualitaet","datenqualitaet/Belegt","CO₂-Einsparung Stahlreuse | 35 | IStructE / ASBP DISRUPT | Vergleich zu neuem Stahl | [S3], [S5] | belegt","rule_high","label_50q_has_datenqualitaet_datenpunkt",""
"datenpunkt/Holbein_Gardens_London__011__CO_Einsparung_Stahlreuse","has_datenqualitaet","datenqualitaet/Widerspruechlich","CO₂-Einsparung Stahlreuse | 45 | HTS Projektseite | embodied carbon saved by reused steel | [S2] | belegt, abweichend","rule_high","label_50q_has_datenqualitaet_datenpunkt",""
"datenpunkt/Holbein_Gardens_London__011__CO_Einsparung_Stahlreuse","has_datenqualitaet","datenqualitaet/Belegt","CO₂-Einsparung Stahlreuse | 45 | HTS Projektseite | embodied carbon saved by reused steel | [S2] | belegt, abweichend","rule_medium","label_50q_has_datenqualitaet_datenpunkt",""
"datenpunkt/Holbein_Gardens_London__012__CO_Einsparung_Stahlreuse","has_datenqualitaet","datenqualitaet/Widerspruechlich","CO₂-Einsparung Stahlreuse | 60 | Grosvenor/ASBP/IOM3 | beams and columns / total area | [S1], [S7], [S12] | belegt, abweichend","rule_high","label_50q_has_datenqualitaet_datenpunkt",""
"datenpunkt/Holbein_Gardens_London__012__CO_Einsparung_Stahlreuse","has_datenqualitaet","datenqualitaet/Belegt","CO₂-Einsparung Stahlreuse | 60 | Grosvenor/ASBP/IOM3 | beams and columns / total area | [S1], [S7], [S12] | belegt, abweichend","rule_medium","label_50q_has_datenqualitaet_datenpunkt",""
"datenpunkt/Holbein_Gardens_London__013__embodied_carbon_reused_steel","has_datenqualitaet","datenqualitaet/Belegt","embodied carbon reused steel | 0,3 | A1–A5 | wiederverwendeter Stahl nach Fabrication | [S3], [S5] | belegt","rule_high","label_50q_has_datenqualitaet_datenpunkt",""
"datenpunkt/Holbein_Gardens_London__014__embodied_carbon_virgin_steel_Vergleich","has_datenqualitaet","datenqualitaet/Belegt","embodied carbon virgin steel Vergleich | 1,7 | ASBP DISRUPT | virgin steel incl. fabrication | [S5] | belegt","rule_high","label_50q_has_datenqualitaet_datenpunkt",""
"datenpunkt/Holbein_Gardens_London__015__structural_embodied_carbon","has_datenqualitaet","datenqualitaet/Widerspruechlich","structural embodied carbon | 62 / 65 / 67,5 | HTS / IStructE / ASBP | Struktur, teilweise ohne Fassade | [S2], [S3], [S7] | belegt, abweichend","rule_high","label_50q_has_datenqualitaet_datenpunkt",""
"datenpunkt/Holbein_Gardens_London__015__structural_embodied_carbon","has_datenqualitaet","datenqualitaet/Belegt","structural embodied carbon | 62 / 65 / 67,5 | HTS / IStructE / ASBP | Struktur, teilweise ohne Fassade | [S2], [S3], [S7] | belegt, abweichend","rule_medium","label_50q_has_datenqualitaet_datenpunkt",""
"datenpunkt/Holbein_Gardens_London__016__Gesamt_embodied_carbon","has_datenqualitaet","datenqualitaet/Widerspruechlich","Gesamt embodied carbon | 267,9 / 300 | Grosvenor/ASBP/TFT | Gesamtprojekt | [S1], [S7], [S11] | belegt, abweichend","rule_high","label_50q_has_datenqualitaet_datenpunkt",""
"datenpunkt/Holbein_Gardens_London__016__Gesamt_embodied_carbon","has_datenqualitaet","datenqualitaet/Belegt","Gesamt embodied carbon | 267,9 / 300 | Grosvenor/ASBP/TFT | Gesamtprojekt | [S1], [S7], [S11] | belegt, abweichend","rule_medium","label_50q_has_datenqualitaet_datenpunkt",""
"datenpunkt/Holbein_Gardens_London__017__operational_carbon_savings","has_datenqualitaet","datenqualitaet/Belegt","operational carbon savings | 69 | ASBP | Betrieb | [S7] | belegt","rule_high","label_50q_has_datenqualitaet_datenpunkt",""
"datenpunkt/Holbein_Gardens_London__018__site_waste_eliminated","has_datenqualitaet","datenqualitaet/Belegt","site waste eliminated | 99 | TFT | Baustelle | [S11] | teilweise belegt","rule_medium","label_50q_has_datenqualitaet_datenpunkt",""
"datenpunkt/Holbein_Gardens_London__019__Zertifizierungen","has_datenqualitaet","datenqualitaet/Belegt","Zertifizierungen | BREEAM Outstanding, WELL Platinum, NABERS 5 star, WiredScore Gold | Projektangaben | Gebäude | [S7], [S8] | belegt","rule_high","label_50q_has_datenqualitaet_datenpunkt",""
"datenpunkt/House_of_Fraser_318_Oxford_Street_TBC_London_reuse_chain__001__House_of_Fraser_steel_reused_at_TBC","has_datenqualitaet","datenqualitaet/Belegt","House-of-Fraser steel reused at TBC | 16 | Willmott Dixon case study | reclaimed steel incorporated | Willmott Dixon | belegt für diese Quelle","rule_medium","label_50q_has_datenqualitaet_datenpunkt",""
"datenpunkt/House_of_Fraser_318_Oxford_Street_TBC_London_reuse_chain__002__House_of_Fraser_steel_reused_at_TBC","has_datenqualitaet","datenqualitaet/Belegt","House-of-Fraser steel reused at TBC | 20 | Open House / CoStar | TBC reused steel | Open House, CoStar | belegt für diese Quelle","rule_medium","label_50q_has_datenqualitaet_datenpunkt",""
"datenpunkt/House_of_Fraser_318_Oxford_Street_TBC_London_reuse_chain__003__House_of_Fraser_steel_reused_at_TBC","has_datenqualitaet","datenqualitaet/Unbekannt","House-of-Fraser steel reused at TBC | 40 | BD completion article | steel from 1930s | BD | unklar / Quellenkonflikt","rule_medium","label_50q_has_datenqualitaet_datenpunkt",""
"datenpunkt/House_of_Fraser_318_Oxford_Street_TBC_London_reuse_chain__003__House_of_Fraser_steel_reused_at_TBC","has_datenqualitaet","datenqualitaet/Widerspruechlich","House-of-Fraser steel reused at TBC | 40 | BD completion article | steel from 1930s | BD | unklar / Quellenkonflikt","rule_high","label_50q_has_datenqualitaet_datenpunkt",""
"datenpunkt/House_of_Fraser_318_Oxford_Street_TBC_London_reuse_chain__003__House_of_Fraser_steel_reused_at_TBC","has_datenqualitaet","datenqualitaet/Belegt","House-of-Fraser steel reused at TBC | 40 | BD completion article | steel from 1930s | BD | unklar / Quellenkonflikt","rule_medium","label_50q_has_datenqualitaet_datenpunkt",""
"datenpunkt/House_of_Fraser_318_Oxford_Street_TBC_London_reuse_chain__004__Target_claim_early","has_datenqualitaet","datenqualitaet/Belegt","Target/claim early | up to 100 | early construction news | planned/target not final | Construction Index | nicht als erreicht verwenden","rule_medium","label_50q_has_datenqualitaet_datenpunkt",""
"datenpunkt/House_of_Fraser_318_Oxford_Street_TBC_London_reuse_chain__005__Repurposed_Cleveland_steel","has_datenqualitaet","datenqualitaet/Geschaetzt","Repurposed Cleveland steel | ca. 7 | NSC | uppermost floor | NSC | belegt","rule_medium","label_50q_has_datenqualitaet_datenpunkt",""
"datenpunkt/House_of_Fraser_318_Oxford_Street_TBC_London_reuse_chain__005__Repurposed_Cleveland_steel","has_datenqualitaet","datenqualitaet/Belegt","Repurposed Cleveland steel | ca. 7 | NSC | uppermost floor | NSC | belegt","rule_high","label_50q_has_datenqualitaet_datenpunkt",""
"datenpunkt/House_of_Fraser_318_Oxford_Street_TBC_London_reuse_chain__006__Anteil_reused_repurposed_steel_at_TBC","has_datenqualitaet","datenqualitaet/Belegt","Anteil reused/repurposed steel at TBC | around 20 | project claim | total steel used | Open House, Willmott Dixon | teilweise belegt","rule_medium","label_50q_has_datenqualitaet_datenpunkt",""
"datenpunkt/House_of_Fraser_318_Oxford_Street_TBC_London_reuse_chain__007__total_steel_tonnage_TBC","has_datenqualitaet","datenqualitaet/Belegt","total steel tonnage TBC | 640 | NSC fact file | steelwork project | NSC | belegt","rule_high","label_50q_has_datenqualitaet_datenpunkt",""
"datenpunkt/House_of_Fraser_318_Oxford_Street_TBC_London_reuse_chain__008__CO_saving_reused_steel","has_datenqualitaet","datenqualitaet/Belegt","CO₂ saving reused steel | 48 | project comparison | reused steel vs virgin | Willmott Dixon, Open House, CoStar | belegt","rule_high","label_50q_has_datenqualitaet_datenpunkt",""
"datenpunkt/House_of_Fraser_318_Oxford_Street_TBC_London_reuse_chain__009__CO_saved_vs_new_build","has_datenqualitaet","datenqualitaet/Belegt","CO₂ saved vs new build | 6,365 | Willmott Dixon claim | TBC overall vs new build | Willmott Dixon | belegt, aber nicht Direct-Reuse-only","rule_medium","label_50q_has_datenqualitaet_datenpunkt",""
"datenpunkt/House_of_Fraser_318_Oxford_Street_TBC_London_reuse_chain__010__operational_emissions_lower_than_typical_office","has_datenqualitaet","datenqualitaet/Belegt","operational emissions lower than typical office | 71 | Willmott Dixon claim | operation | Willmott Dixon | belegt, nicht Direct-Reuse-only","rule_medium","label_50q_has_datenqualitaet_datenpunkt",""
"datenpunkt/House_of_Fraser_318_Oxford_Street_TBC_London_reuse_chain__011__embodied_carbon_anticipated","has_datenqualitaet","datenqualitaet/Belegt","embodied carbon anticipated | 265 | Willmott Dixon | TBC project | Willmott Dixon | teilweise belegt","rule_medium","label_50q_has_datenqualitaet_datenpunkt",""
"datenpunkt/House_of_Fraser_318_Oxford_Street_TBC_London_reuse_chain__012__GIA_office","has_datenqualitaet","datenqualitaet/Belegt","GIA office | 10,616 | Open House | TBC office | Open House | belegt","rule_high","label_50q_has_datenqualitaet_datenpunkt",""
"datenpunkt/House_of_Fraser_318_Oxford_Street_TBC_London_reuse_chain__013__ancillary_commercial_basement","has_datenqualitaet","datenqualitaet/Belegt","ancillary commercial basement | 1,956 | Open House | TBC basement | Open House | belegt","rule_high","label_50q_has_datenqualitaet_datenpunkt",""
"datenpunkt/House_of_Fraser_318_Oxford_Street_TBC_London_reuse_chain__014__Energiebedarf","has_datenqualitaet","datenqualitaet/Belegt","Energiebedarf | <48 | Willmott Dixon | base build net lettable area | Willmott Dixon | teilweise belegt","rule_medium","label_50q_has_datenqualitaet_datenpunkt",""
"datenpunkt/Impact_Hub_Berlin_CRCLR_Fitout__001__Impact_Hub_Fl_che","has_datenqualitaet","datenqualitaet/Belegt","Impact Hub Fläche | 3.500 | Eigenangabe Impact Hub | Coworking-Space | S4 | belegt","rule_high","label_50q_has_datenqualitaet_datenpunkt",""
"datenpunkt/Impact_Hub_Berlin_CRCLR_Fitout__002__CRCLR_Gesamtfl_che","has_datenqualitaet","datenqualitaet/Belegt","CRCLR-Gesamtfläche | 4.871 | Case-Study-Angabe | Gesamtgebäude | S1 | belegt","rule_high","label_50q_has_datenqualitaet_datenpunkt",""
"datenpunkt/Impact_Hub_Berlin_CRCLR_Fitout__003__Arbeitspl_tze","has_datenqualitaet","datenqualitaet/Belegt","Arbeitsplätze | 100+ | Case-Study-Angabe | Nutzung | S1 | belegt","rule_high","label_50q_has_datenqualitaet_datenpunkt",""
"datenpunkt/Impact_Hub_Berlin_CRCLR_Fitout__004__Materialanteil_recycled_sustainable","has_datenqualitaet","datenqualitaet/Geschaetzt","Materialanteil recycled/sustainable | ca. 70 | LXSY/UBM-Angabe | Innenausbau | S2, S3 | belegt, nicht Direct Reuse","rule_medium","label_50q_has_datenqualitaet_datenpunkt",""
"datenpunkt/Impact_Hub_Berlin_CRCLR_Fitout__004__Materialanteil_recycled_sustainable","has_datenqualitaet","datenqualitaet/Belegt","Materialanteil recycled/sustainable | ca. 70 | LXSY/UBM-Angabe | Innenausbau | S2, S3 | belegt, nicht Direct Reuse","rule_medium","label_50q_has_datenqualitaet_datenpunkt",""
"datenpunkt/Impact_Hub_Berlin_CRCLR_Fitout__005__Materialanteil_sustainable_recycled_upcycled","has_datenqualitaet","datenqualitaet/Belegt","Materialanteil sustainable/recycled/upcycled | 80 | Impact-Hub-Angabe | Impact Hub / CRCLR Space | S4 | teilweise belegt","rule_medium","label_50q_has_datenqualitaet_datenpunkt",""
"datenpunkt/Jeugdkliniek_Ithaka_Emergis_Kloetinge__001__erhaltener_Bestand","has_datenqualitaet","datenqualitaet/Geschaetzt","erhaltener Bestand | ca. 70% / 1.400 | Projektbericht | Bestand Kloetinge; zählt nicht Direct Reuse | [S5] | teilweise belegt","rule_medium","label_50q_has_datenqualitaet_datenpunkt",""
"datenpunkt/Jeugdkliniek_Ithaka_Emergis_Kloetinge__001__erhaltener_Bestand","has_datenqualitaet","datenqualitaet/Belegt","erhaltener Bestand | ca. 70% / 1.400 | Projektbericht | Bestand Kloetinge; zählt nicht Direct Reuse | [S5] | teilweise belegt","rule_medium","label_50q_has_datenqualitaet_datenpunkt",""
"datenpunkt/Jeugdkliniek_Ithaka_Emergis_Kloetinge__002__Neubau","has_datenqualitaet","datenqualitaet/Geschaetzt","Neubau | ca. 2.000 | Projektbericht | neues Klinikteil | [S5] | teilweise belegt","rule_medium","label_50q_has_datenqualitaet_datenpunkt",""
"datenpunkt/Jeugdkliniek_Ithaka_Emergis_Kloetinge__002__Neubau","has_datenqualitaet","datenqualitaet/Belegt","Neubau | ca. 2.000 | Projektbericht | neues Klinikteil | [S5] | teilweise belegt","rule_medium","label_50q_has_datenqualitaet_datenpunkt",""
"datenpunkt/Jeugdkliniek_Ithaka_Emergis_Kloetinge__003__Materialanteil_aus_RWS","has_datenqualitaet","datenqualitaet/Belegt","Materialanteil aus RWS | 30–40 | Emergis/Medienangabe | Materialien/Grundstoffe aus Donorgebäude | [S6], [S11] | teilweise belegt","rule_medium","label_50q_has_datenqualitaet_datenpunkt",""
"datenpunkt/Jeugdkliniek_Ithaka_Emergis_Kloetinge__004__Ziel_Reuse_Anteil_Neubau","has_datenqualitaet","datenqualitaet/Belegt","Ziel Reuse-Anteil Neubau | 50 | Planungsziel | neues Gebäude | [S13] | teilweise belegt","rule_medium","label_50q_has_datenqualitaet_datenpunkt",""
"datenpunkt/Jeugdkliniek_Ithaka_Emergis_Kloetinge__005__Betten","has_datenqualitaet","datenqualitaet/Belegt","Betten | 24–28 | Emergis | Klinik | [S6] | belegt","rule_high","label_50q_has_datenqualitaet_datenpunkt",""
"datenpunkt/Jeugdkliniek_Ithaka_Emergis_Kloetinge__006__Er_ffnung_Nutzung","has_datenqualitaet","datenqualitaet/Belegt","Eröffnung / Nutzung | 2019 | Emergis/Skipr | Projekt | [S3], [S6] | belegt","rule_high","label_50q_has_datenqualitaet_datenpunkt",""
"datenpunkt/Jeugdkliniek_Ithaka_Emergis_Kloetinge__009__Energie","has_datenqualitaet","datenqualitaet/Belegt","Energie | Neubau energieneutral; Renovation Energielabel A | Projektangabe | Betrieb, nicht Direct Reuse | [S3], [S6] | teilweise belegt","rule_medium","label_50q_has_datenqualitaet_datenpunkt",""
"datenpunkt/Jeugdkliniek_Ithaka_Emergis_Kloetinge__010__Materialpass","has_datenqualitaet","datenqualitaet/Belegt","Materialpass | vorhanden | Materialenpaspoort mit Fotos | Dokumentation für zukünftige Reuse | [S5], [S14] | belegt","rule_high","label_50q_has_datenqualitaet_datenpunkt",""
"datenpunkt/Jeugdkliniek_Ithaka_Emergis_Kloetinge__010__Materialpass","has_datenmodell","datenmodell/Materialpass_Schema","Materialpass | vorhanden | Materialenpaspoort mit Fotos | [S5], [S14]","rule_high","label_50q_has_datenmodell_datenpunkt_method",""
"datenpunkt/Juch_Areal_Recyclingzentrum_Zuerich__001__CO_Einsparung_gegen_ber_konventionellem_Neubau","has_datenqualitaet","datenqualitaet/Unbekannt","CO₂-Einsparung gegenüber konventionellem Neubau | fast 600 | Treibhausgasbilanzvergleich | Gewinnerprojekt vs. konventioneller Neubau; genaue Module unbekannt | [S1], [S2], [S3], [S4] | teilweise belegt","rule_medium","label_50q_has_datenqualitaet_datenpunkt",""
"datenpunkt/Juch_Areal_Recyclingzentrum_Zuerich__001__CO_Einsparung_gegen_ber_konventionellem_Neubau","has_datenqualitaet","datenqualitaet/Belegt","CO₂-Einsparung gegenüber konventionellem Neubau | fast 600 | Treibhausgasbilanzvergleich | Gewinnerprojekt vs. konventioneller Neubau; genaue Module unbekannt | [S1], [S2], [S3], [S4] | teilweise belegt","rule_medium","label_50q_has_datenqualitaet_datenpunkt",""
"datenpunkt/Juch_Areal_Recyclingzentrum_Zuerich__002__THG_Reduktion","has_datenqualitaet","datenqualitaet/Belegt","THG-Reduktion | gut 40 / über 40 | Treibhausgasbilanzvergleich | Gesamtprojekt | [S1], [S2], [S3] | teilweise belegt","rule_medium","label_50q_has_datenqualitaet_datenpunkt",""
"datenpunkt/Juch_Areal_Recyclingzentrum_Zuerich__003__Ausf_hrungskredit_neue_einmalige_Ausgaben","has_datenqualitaet","datenqualitaet/Belegt","Ausführungskredit / neue einmalige Ausgaben | 33,1 | Stadt Zürich | Projektierung + Erstellung + Grundstücksübertrag | [S2], [S3] | belegt für Planung","rule_medium","label_50q_has_datenqualitaet_datenpunkt",""
"datenpunkt/Juch_Areal_Recyclingzentrum_Zuerich__004__fr_here_Baukostensch_tzung","has_datenqualitaet","datenqualitaet/Geschaetzt","frühere Baukostenschätzung | ca. 18 | Zirkular-Angabe | Gewinnerprojekt | [S1] | veraltet/teilweise belegt","rule_medium","label_50q_has_datenqualitaet_datenpunkt",""
"datenpunkt/Juch_Areal_Recyclingzentrum_Zuerich__004__fr_here_Baukostensch_tzung","has_datenqualitaet","datenqualitaet/Belegt","frühere Baukostenschätzung | ca. 18 | Zirkular-Angabe | Gewinnerprojekt | [S1] | veraltet/teilweise belegt","rule_medium","label_50q_has_datenqualitaet_datenpunkt",""
"datenpunkt/Juch_Areal_Recyclingzentrum_Zuerich__005__Bausumme_Perita","has_datenqualitaet","datenqualitaet/Widerspruechlich","Bausumme Perita | 25 | Perita-Angabe | Projekt-/Baumanagement | [S6] | teilweise belegt / Quellenkonflikt","rule_high","label_50q_has_datenqualitaet_datenpunkt",""
"datenpunkt/Juch_Areal_Recyclingzentrum_Zuerich__005__Bausumme_Perita","has_datenqualitaet","datenqualitaet/Belegt","Bausumme Perita | 25 | Perita-Angabe | Projekt-/Baumanagement | [S6] | teilweise belegt / Quellenkonflikt","rule_medium","label_50q_has_datenqualitaet_datenpunkt",""
"datenpunkt/Juch_Areal_Recyclingzentrum_Zuerich__006__Fertigstellung","has_datenqualitaet","datenqualitaet/Belegt","Fertigstellung | Q4 2027 | Stadt Zürich | Gesamtprojekt | [S3] | belegt für Planung","rule_medium","label_50q_has_datenqualitaet_datenpunkt",""
"datenpunkt/Juch_Areal_Recyclingzentrum_Zuerich__007__Bauzeit","has_datenqualitaet","datenqualitaet/Belegt","Bauzeit | 2026–2027 | Stadt Zürich | Ausführung | [S2], [S3] | belegt für Planung","rule_medium","label_50q_has_datenqualitaet_datenpunkt",""
"datenpunkt/K118_Kopfbau_Halle_118_Winterthur__001__Fl_che","has_datenqualitaet","datenqualitaet/Belegt","Fläche | 1.100 | Projektangabe | Aufstockung | [S2], [S4] | belegt","rule_high","label_50q_has_datenqualitaet_datenpunkt",""
"datenpunkt/K118_Kopfbau_Halle_118_Winterthur__002__Geschosse_Aufstockung","has_datenqualitaet","datenqualitaet/Belegt","Geschosse Aufstockung | 3 | Projektangabe | Erweiterung | [S1] | belegt","rule_high","label_50q_has_datenqualitaet_datenpunkt",""
"datenpunkt/K118_Kopfbau_Halle_118_Winterthur__003__Wiederverwendungsrate_Gewicht","has_datenqualitaet","datenqualitaet/Belegt","Wiederverwendungsrate Gewicht | 14 | Case Study K.118 | Bauteilgewicht | [S6] | belegt","rule_high","label_50q_has_datenqualitaet_datenpunkt",""
"datenpunkt/K118_Kopfbau_Halle_118_Winterthur__004__Wiederverwendungsrate_Volumen","has_datenqualitaet","datenqualitaet/Belegt","Wiederverwendungsrate Volumen | 41 | Case Study K.118 | Bauteilvolumen | [S6] | belegt","rule_high","label_50q_has_datenqualitaet_datenpunkt",""
"datenpunkt/K118_Kopfbau_Halle_118_Winterthur__005__CO_Reduktion","has_datenqualitaet","datenqualitaet/Belegt","CO₂-Reduktion | 59 | Vergleich mit neuen Bauteilen | Erstellungsphase / Bauteile | [S3], [S7] | belegt","rule_high","label_50q_has_datenqualitaet_datenpunkt",""
"datenpunkt/K118_Kopfbau_Halle_118_Winterthur__006__CO_Reduktion_absolut","has_datenqualitaet","datenqualitaet/Belegt","CO₂-Reduktion absolut | 494 | Vergleichsmodell | Erstellungsphase / Bauteile | [S3], [S7] | belegt","rule_high","label_50q_has_datenqualitaet_datenpunkt",""
"datenpunkt/K118_Kopfbau_Halle_118_Winterthur__007__Prim_rmaterial_eingespart","has_datenqualitaet","datenqualitaet/Geschaetzt","Primärmaterial eingespart | ca. 500 | Vergleichsmodell | Bauteile / Primärmaterial | [S3], [S4] | teilweise belegt","rule_medium","label_50q_has_datenqualitaet_datenpunkt",""
"datenpunkt/K118_Kopfbau_Halle_118_Winterthur__007__Prim_rmaterial_eingespart","has_datenqualitaet","datenqualitaet/Belegt","Primärmaterial eingespart | ca. 500 | Vergleichsmodell | Bauteile / Primärmaterial | [S3], [S4] | teilweise belegt","rule_medium","label_50q_has_datenqualitaet_datenpunkt",""
"datenpunkt/K118_Kopfbau_Halle_118_Winterthur__008__CO_Beitrag_Stahlreuse","has_datenqualitaet","datenqualitaet/Geschaetzt","CO₂-Beitrag Stahlreuse | ca. 80 | Vergleichsmodell | Stahl | [S3], [S7] | teilweise belegt","rule_medium","label_50q_has_datenqualitaet_datenpunkt",""
"datenpunkt/K118_Kopfbau_Halle_118_Winterthur__008__CO_Beitrag_Stahlreuse","has_datenqualitaet","datenqualitaet/Belegt","CO₂-Beitrag Stahlreuse | ca. 80 | Vergleichsmodell | Stahl | [S3], [S7] | teilweise belegt","rule_medium","label_50q_has_datenqualitaet_datenpunkt",""
"datenpunkt/K118_Kopfbau_Halle_118_Winterthur__009__Kostenwirkung","has_datenqualitaet","datenqualitaet/Belegt","Kostenwirkung | vergleichbar mit ähnlichem Neubau | Projektbericht/Artikel | Gesamtkosten | [S3], [S8] | teilweise belegt","rule_medium","label_50q_has_datenqualitaet_datenpunkt",""
"datenpunkt/KA13_Kristian_Augusts_gate_13_Oslo__001__Gesamtfl_che","has_datenqualitaet","datenqualitaet/Belegt","Gesamtfläche | 4.297 | Projektangabe FutureBuilt | Gesamtgebäude | S1 | belegt","rule_high","label_50q_has_datenqualitaet_datenpunkt",""
"datenpunkt/KA13_Kristian_Augusts_gate_13_Oslo__002__Originalgeb_ude","has_datenqualitaet","datenqualitaet/Belegt","Originalgebäude | 2.734 | Projektangabe FutureBuilt | Bestand | S1 | belegt","rule_high","label_50q_has_datenqualitaet_datenpunkt",""
"datenpunkt/KA13_Kristian_Augusts_gate_13_Oslo__003__Basement","has_datenqualitaet","datenqualitaet/Belegt","Basement | 708 | Projektangabe FutureBuilt | Untergeschoss | S1 | belegt","rule_high","label_50q_has_datenqualitaet_datenpunkt",""
"datenpunkt/KA13_Kristian_Augusts_gate_13_Oslo__004__Extension","has_datenqualitaet","datenqualitaet/Belegt","Extension | 855 | Projektangabe FutureBuilt | Erweiterung | S1 | belegt","rule_high","label_50q_has_datenqualitaet_datenpunkt",""
"datenpunkt/KA13_Kristian_Augusts_gate_13_Oslo__005__Ziel_Reuse_Anteil","has_datenqualitaet","datenqualitaet/Belegt","Ziel Reuse-Anteil | mindestens 50 | FutureBuilt-Kriterium/Ziel | Materialien | S1 | belegt","rule_high","label_50q_has_datenqualitaet_datenpunkt",""
"datenpunkt/KA13_Kristian_Augusts_gate_13_Oslo__006__Erreichter_Reuse_Anteil","has_datenqualitaet","datenqualitaet/Belegt","Erreichter Reuse-Anteil | bis/nahe 80 | FutureBuilt/Entra/Norden; vermutlich Gewicht | Gesamtmaterial | S1, S2, S4 | belegt","rule_high","label_50q_has_datenqualitaet_datenpunkt",""
"datenpunkt/KA13_Kristian_Augusts_gate_13_Oslo__007__Treibhausgasreduktion","has_datenqualitaet","datenqualitaet/Belegt","Treibhausgasreduktion | 70 | Vergleich Neubau; Methode im Kurztext nicht vollständig | Materialien/Gebäude | S1, S4 | teilweise belegt","rule_medium","label_50q_has_datenqualitaet_datenpunkt",""
"datenpunkt/KA13_Kristian_Augusts_gate_13_Oslo__008__Hohlk_rperdecken","has_datenqualitaet","datenqualitaet/Sekundaerquelle","Hohlkörperdecken | 21 | Thesis-/Sekundärquelle | HCS aus R4 | S6 | teilweise belegt","rule_medium","label_50q_has_datenqualitaet_datenpunkt",""
"datenpunkt/KA13_Kristian_Augusts_gate_13_Oslo__008__Hohlk_rperdecken","has_datenqualitaet","datenqualitaet/Belegt","Hohlkörperdecken | 21 | Thesis-/Sekundärquelle | HCS aus R4 | S6 | teilweise belegt","rule_medium","label_50q_has_datenqualitaet_datenpunkt",""
"datenpunkt/KA13_Kristian_Augusts_gate_13_Oslo__009__Hohlk_rperdeckenfl_che","has_datenqualitaet","datenqualitaet/Geschaetzt","Hohlkörperdeckenfläche | ca. 160 | Thesis-/Sekundärquelle | HCS aus R4 | S6 | teilweise belegt","rule_medium","label_50q_has_datenqualitaet_datenpunkt",""
"datenpunkt/KA13_Kristian_Augusts_gate_13_Oslo__009__Hohlk_rperdeckenfl_che","has_datenqualitaet","datenqualitaet/Sekundaerquelle","Hohlkörperdeckenfläche | ca. 160 | Thesis-/Sekundärquelle | HCS aus R4 | S6 | teilweise belegt","rule_medium","label_50q_has_datenqualitaet_datenpunkt",""
"datenpunkt/KA13_Kristian_Augusts_gate_13_Oslo__009__Hohlk_rperdeckenfl_che","has_datenqualitaet","datenqualitaet/Belegt","Hohlkörperdeckenfläche | ca. 160 | Thesis-/Sekundärquelle | HCS aus R4 | S6 | teilweise belegt","rule_medium","label_50q_has_datenqualitaet_datenpunkt",""
"datenpunkt/KA13_Kristian_Augusts_gate_13_Oslo__010__HCS_Abmessung","has_datenqualitaet","datenqualitaet/Sekundaerquelle","HCS-Abmessung | 6,5 × 1,2 | Thesis-/Sekundärquelle | HCS | S6 | teilweise belegt","rule_medium","label_50q_has_datenqualitaet_datenpunkt",""
"datenpunkt/KA13_Kristian_Augusts_gate_13_Oslo__010__HCS_Abmessung","has_datenqualitaet","datenqualitaet/Belegt","HCS-Abmessung | 6,5 × 1,2 | Thesis-/Sekundärquelle | HCS | S6 | teilweise belegt","rule_medium","label_50q_has_datenqualitaet_datenpunkt",""
"datenpunkt/KA13_Kristian_Augusts_gate_13_Oslo__011__CO_Reduktion_HCS_gegen_ber_neu","has_datenqualitaet","datenqualitaet/Belegt","CO₂-Reduktion HCS gegenüber neu | 89 | Umweltanalyse laut Thesis | Hohlkörperdecken | S6 | teilweise belegt","rule_medium","label_50q_has_datenqualitaet_datenpunkt",""
"datenpunkt/KA13_Kristian_Augusts_gate_13_Oslo__012__Kosten_HCS_gegen_ber_neu","has_datenqualitaet","datenqualitaet/Sekundaerquelle","Kosten HCS gegenüber neu | 5–6× | Thesis/Sekundärliteratur | Hohlkörperdecken | S6, S8 | teilweise belegt","rule_medium","label_50q_has_datenqualitaet_datenpunkt",""
"datenpunkt/KA13_Kristian_Augusts_gate_13_Oslo__012__Kosten_HCS_gegen_ber_neu","has_datenqualitaet","datenqualitaet/Belegt","Kosten HCS gegenüber neu | 5–6× | Thesis/Sekundärliteratur | Hohlkörperdecken | S6, S8 | teilweise belegt","rule_medium","label_50q_has_datenqualitaet_datenpunkt",""
"datenpunkt/KA13_Kristian_Augusts_gate_13_Oslo__013__Stahl_reused","has_datenqualitaet","datenqualitaet/Geschaetzt","Stahl reused | ca. 75 | Norden case | Stahl | S2 | teilweise belegt","rule_medium","label_50q_has_datenqualitaet_datenpunkt",""
"datenpunkt/KA13_Kristian_Augusts_gate_13_Oslo__013__Stahl_reused","has_datenqualitaet","datenqualitaet/Belegt","Stahl reused | ca. 75 | Norden case | Stahl | S2 | teilweise belegt","rule_medium","label_50q_has_datenqualitaet_datenpunkt",""
"datenpunkt/KA13_Kristian_Augusts_gate_13_Oslo__014__Abfallmaximum_Ziel","has_datenqualitaet","datenqualitaet/Belegt","Abfallmaximum Ziel | 20 | FutureBuilt | Baustellenabfall exkl. demolition | S1 | belegt","rule_high","label_50q_has_datenqualitaet_datenpunkt",""
"datenpunkt/KA13_Kristian_Augusts_gate_13_Oslo__015__Anzahl_donor_buildings_projects","has_datenqualitaet","datenqualitaet/Geschaetzt","Anzahl donor buildings/projects | ca. 25 | Sekundärquellen | Materialherkunft | S9 | teilweise belegt","rule_medium","label_50q_has_datenqualitaet_datenpunkt",""
"datenpunkt/KA13_Kristian_Augusts_gate_13_Oslo__015__Anzahl_donor_buildings_projects","has_datenqualitaet","datenqualitaet/Sekundaerquelle","Anzahl donor buildings/projects | ca. 25 | Sekundärquellen | Materialherkunft | S9 | teilweise belegt","rule_medium","label_50q_has_datenqualitaet_datenpunkt",""
"datenpunkt/KA13_Kristian_Augusts_gate_13_Oslo__015__Anzahl_donor_buildings_projects","has_datenqualitaet","datenqualitaet/Belegt","Anzahl donor buildings/projects | ca. 25 | Sekundärquellen | Materialherkunft | S9 | teilweise belegt","rule_medium","label_50q_has_datenqualitaet_datenpunkt",""
"datenpunkt/Kamikatsu_Zero_Waste_Center_Hotel_WHY__002__Anzahl_wiederverwendeter_Fenster","has_datenqualitaet","datenqualitaet/Geschaetzt","Anzahl wiederverwendeter Fenster | ca. 700 | Quellenangabe | Fassadenfenster | Q3, Q4, Q7 | belegt","rule_medium","label_50q_has_datenqualitaet_datenpunkt",""
"datenpunkt/Kamikatsu_Zero_Waste_Center_Hotel_WHY__002__Anzahl_wiederverwendeter_Fenster","has_datenqualitaet","datenqualitaet/Belegt","Anzahl wiederverwendeter Fenster | ca. 700 | Quellenangabe | Fassadenfenster | Q3, Q4, Q7 | belegt","rule_high","label_50q_has_datenqualitaet_datenpunkt",""
"datenpunkt/Kamikatsu_Zero_Waste_Center_Hotel_WHY__003__Fl_che_Ma_stab","has_datenqualitaet","datenqualitaet/Belegt","Fläche / Maßstab | 5.557 | Projektangabe | Architekturprojekt | Q3 | belegt","rule_high","label_50q_has_datenqualitaet_datenpunkt",""
"datenpunkt/Kamikatsu_Zero_Waste_Center_Hotel_WHY__013__Recyclingrate_Kamikatsu","has_datenqualitaet","datenqualitaet/Geschaetzt","Recyclingrate Kamikatsu | ca. 80 | Betriebs-/Kommunalwert | Gemeindeabfall, nicht Bau-Reuse | Q3, Q8 | belegt, nicht Baukennwert","rule_medium","label_50q_has_datenqualitaet_datenpunkt",""
"datenpunkt/Kamikatsu_Zero_Waste_Center_Hotel_WHY__013__Recyclingrate_Kamikatsu","has_datenqualitaet","datenqualitaet/Belegt","Recyclingrate Kamikatsu | ca. 80 | Betriebs-/Kommunalwert | Gemeindeabfall, nicht Bau-Reuse | Q3, Q8 | belegt, nicht Baukennwert","rule_medium","label_50q_has_datenqualitaet_datenpunkt",""
"datenpunkt/Kamikatsu_Zero_Waste_Center_Hotel_WHY__014__Sortierkategorien","has_datenqualitaet","datenqualitaet/Belegt","Sortierkategorien | 44/45 | Betriebsangabe | Abfallsystem, nicht Bau-Reuse | Q1, Q3, Q6 | teilweise belegt; Quellen variieren","rule_medium","label_50q_has_datenqualitaet_datenpunkt",""
"datenpunkt/Kindergarten_Moeoeslistrasse_Manegg_Zuerich__001__Nutzfl_che","has_datenqualitaet","datenqualitaet/Belegt","Nutzfläche | 271 | Projektangabe | Kindergarten | ZAB | belegt","rule_high","label_50q_has_datenqualitaet_datenpunkt",""
"datenpunkt/Kindergarten_Moeoeslistrasse_Manegg_Zuerich__002__Objektkredit","has_datenqualitaet","datenqualitaet/Belegt","Objektkredit | 1,9 | Stadtratsbeschluss / Projektkredit | BKP 1–9 inkl. MwSt. und Reserven | Stadt Zürich | belegt","rule_high","label_50q_has_datenqualitaet_datenpunkt",""
"datenpunkt/Kindergarten_Moeoeslistrasse_Manegg_Zuerich__003__Bauzeit","has_datenqualitaet","datenqualitaet/Geschaetzt","Bauzeit | ca. 1 | Medienmitteilung | Herbst 2022 bis Mitte August 2023 | Stadt Zürich 2023 | belegt","rule_medium","label_50q_has_datenqualitaet_datenpunkt",""
"datenpunkt/Kindergarten_Moeoeslistrasse_Manegg_Zuerich__003__Bauzeit","has_datenqualitaet","datenqualitaet/Belegt","Bauzeit | ca. 1 | Medienmitteilung | Herbst 2022 bis Mitte August 2023 | Stadt Zürich 2023 | belegt","rule_high","label_50q_has_datenqualitaet_datenpunkt",""
"datenpunkt/Kindergarten_Moeoeslistrasse_Manegg_Zuerich__004__graue_THG_konventionell","has_datenqualitaet","datenqualitaet/Belegt","graue THG konventionell | 2,6 | Fachstudie | Erstellung = Herstellung & Entsorgung; Betrieb nicht enthalten | Stadt Zürich Studie | belegt","rule_high","label_50q_has_datenqualitaet_datenpunkt",""
"datenpunkt/Kindergarten_Moeoeslistrasse_Manegg_Zuerich__005__graue_THG_mit_Re_Use","has_datenqualitaet","datenqualitaet/Belegt","graue THG mit Re-Use | 1,9 | Fachstudie | gleiche Bilanzgrenze | Stadt Zürich Studie | belegt","rule_high","label_50q_has_datenqualitaet_datenpunkt",""
"datenpunkt/Kindergarten_Moeoeslistrasse_Manegg_Zuerich__006__THG_Einsparung","has_datenqualitaet","datenqualitaet/Geschaetzt","THG-Einsparung | rund 30 | Fachstudie | Bauteile, Mobiliar und Geräte im Projekt; Direct-Reuse-only nicht isoliert | Stadt Zürich | belegt","rule_medium","label_50q_has_datenqualitaet_datenpunkt",""
"datenpunkt/Kindergarten_Moeoeslistrasse_Manegg_Zuerich__006__THG_Einsparung","has_datenqualitaet","datenqualitaet/Belegt","THG-Einsparung | rund 30 | Fachstudie | Bauteile, Mobiliar und Geräte im Projekt; Direct-Reuse-only nicht isoliert | Stadt Zürich | belegt","rule_high","label_50q_has_datenqualitaet_datenpunkt",""
"datenpunkt/Kindergarten_Moeoeslistrasse_Manegg_Zuerich__007__CO_Einsparung_absolut","has_datenqualitaet","datenqualitaet/Geschaetzt","CO₂-Einsparung absolut | ca. 12,5 | ZAB-Zusammenfassung | Projektvergleich; enthält auch Mobiliar/Küche/Vordächer/Pergolen | ZAB | teilweise belegt","rule_medium","label_50q_has_datenqualitaet_datenpunkt",""
"datenpunkt/Kindergarten_Moeoeslistrasse_Manegg_Zuerich__007__CO_Einsparung_absolut","has_datenqualitaet","datenqualitaet/Belegt","CO₂-Einsparung absolut | ca. 12,5 | ZAB-Zusammenfassung | Projektvergleich; enthält auch Mobiliar/Küche/Vordächer/Pergolen | ZAB | teilweise belegt","rule_medium","label_50q_has_datenqualitaet_datenpunkt",""
"datenpunkt/Kindergarten_Moeoeslistrasse_Manegg_Zuerich__008__Kostenwirkung_Re_Use_Bauteile","has_datenqualitaet","datenqualitaet/Belegt","Kostenwirkung Re-Use-Bauteile | -9 | Kostenauswertung | Gesamtkosten Re-Use-Bauteile inkl. Honorare/MwSt. ggü. Kostenvoranschlag | Stadt Zürich Kostenstudie | belegt","rule_high","label_50q_has_datenqualitaet_datenpunkt",""
"datenpunkt/Kindergarten_Moeoeslistrasse_Manegg_Zuerich__009__Mehrhonorar_Planung","has_datenqualitaet","datenqualitaet/Belegt","Mehrhonorar Planung | +18 | Kostenauswertung | Planungshonorare | Stadt Zürich Kostenstudie | belegt","rule_high","label_50q_has_datenqualitaet_datenpunkt",""
"datenpunkt/Kindergarten_Moeoeslistrasse_Manegg_Zuerich__010__Gesamtkostenwirkung","has_datenqualitaet","datenqualitaet/Belegt","Gesamtkostenwirkung | kostenneutral | Kostenauswertung | Pilotprojekt | Stadt Zürich Kostenstudie | belegt","rule_high","label_50q_has_datenqualitaet_datenpunkt",""
"datenpunkt/Lo_Reninge_Town_Hall_Facade__001__wiederverwendete_Ziegelfl_che","has_datenqualitaet","datenqualitaet/Unbekannt","wiederverwendete Ziegelfläche | 205 | unbekannt | Fassade / Gebäudehülle | [S4] | teilweise belegt","rule_medium","label_50q_has_datenqualitaet_datenpunkt",""
"datenpunkt/Lo_Reninge_Town_Hall_Facade__001__wiederverwendete_Ziegelfl_che","has_datenqualitaet","datenqualitaet/Belegt","wiederverwendete Ziegelfläche | 205 | unbekannt | Fassade / Gebäudehülle | [S4] | teilweise belegt","rule_medium","label_50q_has_datenqualitaet_datenpunkt",""
"datenpunkt/Lo_Reninge_Town_Hall_Facade__002__Projektfl_che","has_datenqualitaet","datenqualitaet/Unbekannt","Projektfläche | 1.350 | unbekannt | gesamtes Projekt laut noA | [S2] | belegt","rule_medium","label_50q_has_datenqualitaet_datenpunkt",""
"datenpunkt/Lo_Reninge_Town_Hall_Facade__002__Projektfl_che","has_datenqualitaet","datenqualitaet/Belegt","Projektfläche | 1.350 | unbekannt | gesamtes Projekt laut noA | [S2] | belegt","rule_high","label_50q_has_datenqualitaet_datenpunkt",""
"datenpunkt/Lo_Reninge_Town_Hall_Facade__003__Projektfl_che_alternative_Quelle","has_datenqualitaet","datenqualitaet/Unbekannt","Projektfläche alternative Quelle | 940 | unbekannt | gesamtes Projekt laut Sekundärpublikation | [S5] | teilweise belegt","rule_medium","label_50q_has_datenqualitaet_datenpunkt",""
"datenpunkt/Lo_Reninge_Town_Hall_Facade__003__Projektfl_che_alternative_Quelle","has_datenqualitaet","datenqualitaet/Sekundaerquelle","Projektfläche alternative Quelle | 940 | unbekannt | gesamtes Projekt laut Sekundärpublikation | [S5] | teilweise belegt","rule_medium","label_50q_has_datenqualitaet_datenpunkt",""
"datenpunkt/Lo_Reninge_Town_Hall_Facade__003__Projektfl_che_alternative_Quelle","has_datenqualitaet","datenqualitaet/Belegt","Projektfläche alternative Quelle | 940 | unbekannt | gesamtes Projekt laut Sekundärpublikation | [S5] | teilweise belegt","rule_medium","label_50q_has_datenqualitaet_datenpunkt",""
"datenpunkt/Lo_Reninge_Town_Hall_Facade__004__Bauzeit_Zeitraum","has_datenqualitaet","datenqualitaet/Belegt","Bauzeit / Zeitraum | 2008–2011 | Projektangabe | Projekt | [S2] | belegt","rule_high","label_50q_has_datenqualitaet_datenpunkt",""
"datenpunkt/Lo_Reninge_Town_Hall_Facade__005__Fertigstellung","has_datenqualitaet","datenqualitaet/Belegt","Fertigstellung | 01-11-2011 | Projektangabe | Projekt | [S3] | belegt","rule_high","label_50q_has_datenqualitaet_datenpunkt",""
"datenpunkt/Lokomotion_Technology_Centre_mini_pilot_Tampere__001__wiederverwendete_Hohlk_rperdecken","has_datenqualitaet","datenqualitaet/Belegt","wiederverwendete Hohlkörperdecken | 27 | ReCreate Projektdokumentation | Lokomotion-Mini-Pilot | ReCreate 2026 | belegt","rule_high","label_50q_has_datenqualitaet_datenpunkt",""
"datenpunkt/Lokomotion_Technology_Centre_mini_pilot_Tampere__002__Transportdistanz_Donor_Receiver","has_datenqualitaet","datenqualitaet/Belegt","Transportdistanz Donor–Receiver | 7 | ReCreate Angabe | Donor Tampere-Zentrum bis Lahdesjärvi | ReCreate 2026 | belegt","rule_high","label_50q_has_datenqualitaet_datenpunkt",""
"datenpunkt/Lokomotion_Technology_Centre_mini_pilot_Tampere__003__Gesamtfl_che_Phase_1_Lokomotion","has_datenqualitaet","datenqualitaet/Geschaetzt","Gesamtfläche Phase 1 Lokomotion | ca. 34.000 | Skanska Projektmeldung | Gesamtprojekt, nicht Reuse-Anteil | Skanska 2024 | belegt","rule_medium","label_50q_has_datenqualitaet_datenpunkt",""
"datenpunkt/Lokomotion_Technology_Centre_mini_pilot_Tampere__003__Gesamtfl_che_Phase_1_Lokomotion","has_datenqualitaet","datenqualitaet/Belegt","Gesamtfläche Phase 1 Lokomotion | ca. 34.000 | Skanska Projektmeldung | Gesamtprojekt, nicht Reuse-Anteil | Skanska 2024 | belegt","rule_high","label_50q_has_datenqualitaet_datenpunkt",""
"datenpunkt/Lokomotion_Technology_Centre_mini_pilot_Tampere__004__Gesamtfl_che_langfristiger_Komplex","has_datenqualitaet","datenqualitaet/Geschaetzt","Gesamtfläche langfristiger Komplex | ca. 66.000 | Metso/Branchenmeldungen | Gesamtanlage | Metso/Skanska Quellen | teilweise belegt","rule_medium","label_50q_has_datenqualitaet_datenpunkt",""
"datenpunkt/Lokomotion_Technology_Centre_mini_pilot_Tampere__004__Gesamtfl_che_langfristiger_Komplex","has_datenqualitaet","datenqualitaet/Belegt","Gesamtfläche langfristiger Komplex | ca. 66.000 | Metso/Branchenmeldungen | Gesamtanlage | Metso/Skanska Quellen | teilweise belegt","rule_medium","label_50q_has_datenqualitaet_datenpunkt",""
"datenpunkt/Lokomotion_Technology_Centre_mini_pilot_Tampere__005__Baukosten_Auftrag_Skanska","has_datenqualitaet","datenqualitaet/Belegt","Baukosten / Auftrag Skanska | 99 Mio. | Vertragsmeldung | Gesamtauftrag, nicht Reuse | Skanska 2024 | belegt, aber nicht als Reuse-Kosten verwenden","rule_medium","label_50q_has_datenqualitaet_datenpunkt",""
"datenpunkt/Lycee_Michel_Lucius_Conversion_Luxembourg__001__wiederverwendete_Stahlprofile","has_datenqualitaet","datenqualitaet/Belegt","wiederverwendete Stahlprofile | 11,8 | Materialinventar / Opalis-Projektdaten | Stahlprofile aus Block 3000 für Überdachung | [S1] | belegt","rule_high","label_50q_has_datenqualitaet_datenpunkt",""
"datenpunkt/Lycee_Michel_Lucius_Conversion_Luxembourg__001__wiederverwendete_Stahlprofile","has_datenmodell","datenmodell/Materialdatenbank","wiederverwendete Stahlprofile | 11,8 | Materialinventar / Opalis-Projektdaten | [S1]","rule_high","label_50q_has_datenmodell_datenpunkt_method",""
"datenpunkt/Lycee_Michel_Lucius_Conversion_Luxembourg__001__wiederverwendete_Stahlprofile","uses_software_digitaltool","software_digitaltool/Opalis","wiederverwendete Stahlprofile | 11,8 | Materialinventar / Opalis-Projektdaten | [S1]","rule_high","label_50q_uses_software_datenpunkt_method",""
"datenpunkt/Lycee_Michel_Lucius_Conversion_Luxembourg__002__wiederverwendetes_Blech","has_datenqualitaet","datenqualitaet/Belegt","wiederverwendetes Blech | 61 | Materialinventar | Bodenblech Block 3000 zu Fassadenbekleidung Block 6000 | [S1] | belegt","rule_high","label_50q_has_datenqualitaet_datenpunkt",""
"datenpunkt/Lycee_Michel_Lucius_Conversion_Luxembourg__002__wiederverwendetes_Blech","has_datenmodell","datenmodell/Materialdatenbank","wiederverwendetes Blech | 61 | Materialinventar | [S1]","rule_high","label_50q_has_datenmodell_datenpunkt_method",""
"datenpunkt/Lycee_Michel_Lucius_Conversion_Luxembourg__003__wiederverwendete_Akustikpaneele","has_datenqualitaet","datenqualitaet/Belegt","wiederverwendete Akustikpaneele | 419 | Materialinventar | abgehängte Decken Block 3000 zu Block 6000 | [S1] | belegt","rule_high","label_50q_has_datenqualitaet_datenpunkt",""
"datenpunkt/Lycee_Michel_Lucius_Conversion_Luxembourg__003__wiederverwendete_Akustikpaneele","has_datenmodell","datenmodell/Materialdatenbank","wiederverwendete Akustikpaneele | 419 | Materialinventar | [S1]","rule_high","label_50q_has_datenmodell_datenpunkt_method",""
"datenpunkt/Lycee_Michel_Lucius_Conversion_Luxembourg__004__wiederverwendete_Metallpaneele","has_datenqualitaet","datenqualitaet/Belegt","wiederverwendete Metallpaneele | 12 / 4,3 | Materialinventar | abgehängte Decken | [S1] | belegt","rule_high","label_50q_has_datenqualitaet_datenpunkt",""
"datenpunkt/Lycee_Michel_Lucius_Conversion_Luxembourg__004__wiederverwendete_Metallpaneele","has_datenmodell","datenmodell/Materialdatenbank","wiederverwendete Metallpaneele | 12 / 4,3 | Materialinventar | [S1]","rule_high","label_50q_has_datenmodell_datenpunkt_method",""
"datenpunkt/Lycee_Michel_Lucius_Conversion_Luxembourg__005__wiederverwendete_Pflasterplatten","has_datenqualitaet","datenqualitaet/Belegt","wiederverwendete Pflasterplatten | 135 | Liefer-/Wiedereinbauprozess | Außenanlagen/Fahrradbereich | [S1] | belegt","rule_high","label_50q_has_datenqualitaet_datenpunkt",""
"datenpunkt/Lycee_Michel_Lucius_Conversion_Luxembourg__006__wiederverwendete_Fertigbetonelemente","has_datenqualitaet","datenqualitaet/Belegt","wiederverwendete Fertigbetonelemente | 38 | Materialinventar | Rinnen/Kanäle | [S1] | belegt","rule_high","label_50q_has_datenqualitaet_datenpunkt",""
"datenpunkt/Lycee_Michel_Lucius_Conversion_Luxembourg__006__wiederverwendete_Fertigbetonelemente","has_datenmodell","datenmodell/Materialdatenbank","wiederverwendete Fertigbetonelemente | 38 | Materialinventar | [S1]","rule_high","label_50q_has_datenmodell_datenpunkt_method",""
"datenpunkt/Lycee_Michel_Lucius_Conversion_Luxembourg__007__Fl_che_Projektgr_e","has_datenqualitaet","datenqualitaet/Belegt","Fläche / Projektgröße | 2.700 | Daedalus-Projektdaten | Umbau/Rückbau/Außenanlagen | [S2] | belegt","rule_high","label_50q_has_datenqualitaet_datenpunkt",""
"datenpunkt/Lycee_Michel_Lucius_Conversion_Luxembourg__008__Kosten","has_datenqualitaet","datenqualitaet/Belegt","Kosten | 6.500.000 | Daedalus-Projektdaten | Gesamtauftragskosten, nicht Reuse-only | [S2] | belegt","rule_high","label_50q_has_datenqualitaet_datenpunkt",""
"datenpunkt/Lycee_Michel_Lucius_Conversion_Luxembourg__009__Bauzeit","has_datenqualitaet","datenqualitaet/Belegt","Bauzeit | 01.2020–09.2021 | Daedalus-Projektdaten | Bauphase | [S2] | belegt","rule_high","label_50q_has_datenqualitaet_datenpunkt",""
"datenpunkt/Lycee_Michel_Lucius_Conversion_Luxembourg__010__Planungszeit","has_datenqualitaet","datenqualitaet/Belegt","Planungszeit | 01.2018–12.2019 | Daedalus-Projektdaten | Planung | [S2] | belegt","rule_high","label_50q_has_datenqualitaet_datenpunkt",""
"datenpunkt/Lycee_Michel_Lucius_Conversion_Luxembourg__011__CO_Einsparung","has_datenqualitaet","datenqualitaet/Sekundaerquelle","CO₂-Einsparung | 458–792 | Sekundärquelle; nicht Direct-Reuse-only | Umbau-/Strategievergleich | [S6] | teilweise belegt","rule_medium","label_50q_has_datenqualitaet_datenpunkt",""
"datenpunkt/Lycee_Michel_Lucius_Conversion_Luxembourg__011__CO_Einsparung","has_datenqualitaet","datenqualitaet/Belegt","CO₂-Einsparung | 458–792 | Sekundärquelle; nicht Direct-Reuse-only | Umbau-/Strategievergleich | [S6] | teilweise belegt","rule_medium","label_50q_has_datenqualitaet_datenpunkt",""
"datenpunkt/Lycee_Michel_Lucius_Conversion_Luxembourg__012__Abfallvermeidung","has_datenqualitaet","datenqualitaet/Sekundaerquelle","Abfallvermeidung | 79 | Sekundärquelle; nicht Direct-Reuse-only | Abrissabfall/Strategievergleich | [S6] | teilweise belegt","rule_medium","label_50q_has_datenqualitaet_datenpunkt",""
"datenpunkt/Lycee_Michel_Lucius_Conversion_Luxembourg__012__Abfallvermeidung","has_datenqualitaet","datenqualitaet/Belegt","Abfallvermeidung | 79 | Sekundärquelle; nicht Direct-Reuse-only | Abrissabfall/Strategievergleich | [S6] | teilweise belegt","rule_medium","label_50q_has_datenqualitaet_datenpunkt",""
"datenpunkt/Lycee_Michel_Lucius_Conversion_Luxembourg__013__RC_Zuschlag","has_datenqualitaet","datenqualitaet/Belegt","RC-Zuschlag | 60 | Laborversuche/Betonrezeptur | Recyclingbeton; nicht Direct Reuse | [S1] | belegt","rule_high","label_50q_has_datenqualitaet_datenpunkt",""
"datenpunkt/Maison_DnA_Asse__003__Fl_che","has_datenqualitaet","datenqualitaet/Belegt","Fläche | 260 | Projektdaten | Gebäude | [S1] | belegt","rule_high","label_50q_has_datenqualitaet_datenpunkt",""
"datenpunkt/Maison_Vignette_Auderghem__001__wiederverwendete_Ziegel","has_datenqualitaet","datenqualitaet/Belegt","wiederverwendete Ziegel | 3.000 | Projektangabe | Fassadenclaustra | [S2], [S3] | belegt","rule_high","label_50q_has_datenqualitaet_datenpunkt",""
"datenpunkt/Maison_Vignette_Auderghem__002__wiederverwendete_Ziegelfl_che","has_datenqualitaet","datenqualitaet/Belegt","wiederverwendete Ziegelfläche | 36 | Projektangabe | Fassade | [S2], [S3] | belegt","rule_high","label_50q_has_datenqualitaet_datenpunkt",""
"datenpunkt/Maison_Vignette_Auderghem__003__Wandfliesen_Reuse","has_datenqualitaet","datenqualitaet/Belegt","Wandfliesen Reuse | 21 | Projektangabe | Innenausbau | [S2] | belegt","rule_high","label_50q_has_datenqualitaet_datenpunkt",""
"datenpunkt/Maison_Vignette_Auderghem__004__Bodenfliesen_Reuse","has_datenqualitaet","datenqualitaet/Belegt","Bodenfliesen Reuse | 13,5 | Projektangabe | Boden | [S2] | belegt","rule_high","label_50q_has_datenqualitaet_datenpunkt",""
"datenpunkt/Maison_Vignette_Auderghem__005__Blausteinplatten_Reuse","has_datenqualitaet","datenqualitaet/Belegt","Blausteinplatten Reuse | 40 | Projektangabe | Eingang/Terrasse | [S2] | belegt","rule_high","label_50q_has_datenqualitaet_datenpunkt",""
"datenpunkt/Maison_Vignette_Auderghem__006__Fl_che","has_datenqualitaet","datenqualitaet/Belegt","Fläche | 255 | FCRBE case sheet | Gebäude | [S3] | belegt","rule_high","label_50q_has_datenqualitaet_datenpunkt",""
"datenpunkt/Maison_Vignette_Auderghem__007__Fl_che_alternative_Quelle","has_datenqualitaet","datenqualitaet/Belegt","Fläche alternative Quelle | 213 | Presse/Be Exemplary | Gebäude | [S5] | teilweise belegt","rule_medium","label_50q_has_datenqualitaet_datenpunkt",""
"datenpunkt/Maison_Vignette_Auderghem__008__Projektzeitraum","has_datenqualitaet","datenqualitaet/Belegt","Projektzeitraum | 2018–2020 | FCRBE | Projekt | [S3] | belegt","rule_high","label_50q_has_datenqualitaet_datenpunkt",""
"datenpunkt/Mehrow_Pilot_House__001__Wandplatten_wiederverwendet","has_datenqualitaet","datenqualitaet/Belegt","Wandplatten wiederverwendet | 22 | PRECS-Falldatenbank | Empfängerhaus | [S1] | belegt","rule_high","label_50q_has_datenqualitaet_datenpunkt",""
"datenpunkt/Mehrow_Pilot_House__001__Wandplatten_wiederverwendet","has_datenmodell","datenmodell/Materialdatenbank","Wandplatten wiederverwendet | 22 | PRECS-Falldatenbank | [S1]","rule_high","label_50q_has_datenmodell_datenpunkt_method",""
"datenpunkt/Mehrow_Pilot_House__002__Deckenplatten_wiederverwendet","has_datenqualitaet","datenqualitaet/Belegt","Deckenplatten wiederverwendet | 27 | PRECS-Falldatenbank | Empfängerhaus | [S1] | belegt","rule_high","label_50q_has_datenqualitaet_datenpunkt",""
"datenpunkt/Mehrow_Pilot_House__002__Deckenplatten_wiederverwendet","has_datenmodell","datenmodell/Materialdatenbank","Deckenplatten wiederverwendet | 27 | PRECS-Falldatenbank | [S1]","rule_high","label_50q_has_datenmodell_datenpunkt_method",""
"datenpunkt/Mehrow_Pilot_House__003__Bauteile_gesamt","has_datenqualitaet","datenqualitaet/Belegt","Bauteile gesamt | 49 | Summe aus PRECS-Angaben | Empfängerhaus | [S1] | belegt","rule_high","label_50q_has_datenqualitaet_datenpunkt",""
"datenpunkt/Mehrow_Pilot_House__004__Betonvolumen","has_datenqualitaet","datenqualitaet/Belegt","Betonvolumen | 118 | PRECS-Falldatenbank | wiederverwendete Fertigteile | [S1] | belegt","rule_high","label_50q_has_datenqualitaet_datenpunkt",""
"datenpunkt/Mehrow_Pilot_House__004__Betonvolumen","has_datenmodell","datenmodell/Materialdatenbank","Betonvolumen | 118 | PRECS-Falldatenbank | [S1]","rule_high","label_50q_has_datenmodell_datenpunkt_method",""
"datenpunkt/Mehrow_Pilot_House__005__Fl_che","has_datenqualitaet","datenqualitaet/Geschaetzt","Fläche | ca. 200 | Presseangabe | Einfamilienhaus | [S3] | teilweise belegt","rule_medium","label_50q_has_datenqualitaet_datenpunkt",""
"datenpunkt/Mehrow_Pilot_House__005__Fl_che","has_datenqualitaet","datenqualitaet/Belegt","Fläche | ca. 200 | Presseangabe | Einfamilienhaus | [S3] | teilweise belegt","rule_medium","label_50q_has_datenqualitaet_datenpunkt",""
"datenpunkt/Mehrow_Pilot_House__006__Distanz_Spender_Empf_nger","has_datenqualitaet","datenqualitaet/Belegt","Distanz Spender–Empfänger | 8 oder 17 | PRECS-Falldatenbank | Transport | [S1] | teilweise belegt","rule_medium","label_50q_has_datenqualitaet_datenpunkt",""
"datenpunkt/Mehrow_Pilot_House__006__Distanz_Spender_Empf_nger","has_datenmodell","datenmodell/Materialdatenbank","Distanz Spender–Empfänger | 8 oder 17 | PRECS-Falldatenbank | [S1]","rule_high","label_50q_has_datenmodell_datenpunkt_method",""
"datenpunkt/Mehrow_Pilot_House__007__Bauteilalter","has_datenqualitaet","datenqualitaet/Geschaetzt","Bauteilalter | ca. 21 | PRECS-Falldatenbank | Plattenbauteile | [S1] | belegt","rule_medium","label_50q_has_datenqualitaet_datenpunkt",""
"datenpunkt/Mehrow_Pilot_House__007__Bauteilalter","has_datenqualitaet","datenqualitaet/Belegt","Bauteilalter | ca. 21 | PRECS-Falldatenbank | Plattenbauteile | [S1] | belegt","rule_high","label_50q_has_datenqualitaet_datenpunkt",""
"datenpunkt/Mehrow_Pilot_House__007__Bauteilalter","has_datenmodell","datenmodell/Materialdatenbank","Bauteilalter | ca. 21 | PRECS-Falldatenbank | [S1]","rule_high","label_50q_has_datenmodell_datenpunkt_method",""
"datenpunkt/Mehrow_Pilot_House__008__Baujahr_Start","has_datenqualitaet","datenqualitaet/Belegt","Baujahr / Start | 2005 | PRECS-Falldatenbank | Empfängerprojekt | [S1] | belegt","rule_high","label_50q_has_datenqualitaet_datenpunkt",""
"datenpunkt/Mehrow_Pilot_House__008__Baujahr_Start","has_datenmodell","datenmodell/Materialdatenbank","Baujahr / Start | 2005 | PRECS-Falldatenbank | [S1]","rule_high","label_50q_has_datenmodell_datenpunkt_method",""
"datenpunkt/Mehrow_Pilot_House__009__Baukosten","has_datenqualitaet","datenqualitaet/Unbekannt","Baukosten | 840 | Presseangabe nach Biele | Gesamtbaukosten? unklar | [S3] | teilweise belegt","rule_medium","label_50q_has_datenqualitaet_datenpunkt",""
"datenpunkt/Mehrow_Pilot_House__009__Baukosten","has_datenqualitaet","datenqualitaet/Belegt","Baukosten | 840 | Presseangabe nach Biele | Gesamtbaukosten? unklar | [S3] | teilweise belegt","rule_medium","label_50q_has_datenqualitaet_datenpunkt",""
"datenpunkt/Mehrow_Pilot_House__010__Vergleichswert_Baukosten","has_datenqualitaet","datenqualitaet/Unbekannt","Vergleichswert Baukosten | 1.100 | Presseangabe nach Biele | Vergleich Deutschland, unklar | [S3] | teilweise belegt","rule_medium","label_50q_has_datenqualitaet_datenpunkt",""
"datenpunkt/Mehrow_Pilot_House__010__Vergleichswert_Baukosten","has_datenqualitaet","datenqualitaet/Belegt","Vergleichswert Baukosten | 1.100 | Presseangabe nach Biele | Vergleich Deutschland, unklar | [S3] | teilweise belegt","rule_medium","label_50q_has_datenqualitaet_datenpunkt",""
"datenpunkt/Mehrow_Pilot_House__011__Kostenwirkung_PRECS","has_datenqualitaet","datenqualitaet/Belegt","Kostenwirkung PRECS | -15 | JCP Appendix, Quelle Heyn et al. | Vergleich zu konventioneller Bauweise | [S1] | teilweise belegt","rule_medium","label_50q_has_datenqualitaet_datenpunkt",""
"datenpunkt/Melkinlaituri_Primary_School_Daycare_Centre_Helsinki__001__wiederverwendete_Hohlk_rperdecken","has_datenqualitaet","datenqualitaet/Belegt","wiederverwendete Hohlkörperdecken | 64 | ReCreate-Projektdokumentation | Melkinlaituri commercial replication | ReCreate | belegt","rule_high","label_50q_has_datenqualitaet_datenpunkt",""
"datenpunkt/Melkinlaituri_Primary_School_Daycare_Centre_Helsinki__002__wiederverwendete_Fl_che","has_datenqualitaet","datenqualitaet/Geschaetzt","wiederverwendete Fläche | ca. 350 | Projektseite | Erdgeschoss-Hohlkörperdecken | YIT | belegt","rule_medium","label_50q_has_datenqualitaet_datenpunkt",""
"datenpunkt/Melkinlaituri_Primary_School_Daycare_Centre_Helsinki__002__wiederverwendete_Fl_che","has_datenqualitaet","datenqualitaet/Belegt","wiederverwendete Fläche | ca. 350 | Projektseite | Erdgeschoss-Hohlkörperdecken | YIT | belegt","rule_high","label_50q_has_datenqualitaet_datenpunkt",""
"datenpunkt/Melkinlaituri_Primary_School_Daycare_Centre_Helsinki__003__wiederverwendete_Fl_che_alternative_Quelle","has_datenqualitaet","datenqualitaet/Belegt","wiederverwendete Fläche, alternative Quelle | fast 400 | Consolis LinkedIn | Hohlkörperdecken | Consolis | teilweise belegt; Social-Media-Quelle","rule_medium","label_50q_has_datenqualitaet_datenpunkt",""
"datenpunkt/Melkinlaituri_Primary_School_Daycare_Centre_Helsinki__004__Donor_Baujahr","has_datenqualitaet","datenqualitaet/Belegt","Donor-Baujahr | 1981 | ReCreate | Suutarila community centre | ReCreate | belegt","rule_high","label_50q_has_datenqualitaet_datenpunkt",""
"datenpunkt/Melkinlaituri_Primary_School_Daycare_Centre_Helsinki__005__Refurbishment","has_datenqualitaet","datenqualitaet/Belegt","Refurbishment | Mai–Juni 2025 | ReCreate | Werksphase | ReCreate | belegt","rule_high","label_50q_has_datenqualitaet_datenpunkt",""
"datenpunkt/Melkinlaituri_Primary_School_Daycare_Centre_Helsinki__006__Einbau","has_datenqualitaet","datenqualitaet/Belegt","Einbau | Ende Juni 2025 | ReCreate | Baustelle Jätkäsaari | ReCreate | belegt","rule_high","label_50q_has_datenqualitaet_datenpunkt",""
"datenpunkt/Melkinlaituri_Primary_School_Daycare_Centre_Helsinki__007__Fertigstellung_Schulr_ume","has_datenqualitaet","datenqualitaet/Belegt","Fertigstellung Schulräume | spätes Frühjahr 2027 | YIT | Gesamtgebäude | YIT | belegt/angekündigt","rule_medium","label_50q_has_datenqualitaet_datenpunkt",""
"datenpunkt/Montessori_Maassluis__001__Entwurf","has_datenqualitaet","datenqualitaet/Unbekannt","Entwurf | 2024 | unbekannt | Projekt | Kraaijvanger project page | belegt","rule_medium","label_50q_has_datenqualitaet_datenpunkt",""
"datenpunkt/Montessori_Maassluis__001__Entwurf","has_datenqualitaet","datenqualitaet/Belegt","Entwurf | 2024 | unbekannt | Projekt | Kraaijvanger project page | belegt","rule_high","label_50q_has_datenqualitaet_datenpunkt",""
"datenpunkt/Montessori_Maassluis__002__Bauvertrag_unterzeichnet","has_datenqualitaet","datenqualitaet/Unbekannt","Bauvertrag unterzeichnet | 02.02.2026 | unbekannt | Projekt | Kraaijvanger news | belegt","rule_medium","label_50q_has_datenqualitaet_datenpunkt",""
"datenpunkt/Montessori_Maassluis__002__Bauvertrag_unterzeichnet","has_datenqualitaet","datenqualitaet/Belegt","Bauvertrag unterzeichnet | 02.02.2026 | unbekannt | Projekt | Kraaijvanger news | belegt","rule_high","label_50q_has_datenqualitaet_datenpunkt",""
"datenpunkt/Montessori_Maassluis__003__geplante_Fertigstellung","has_datenqualitaet","datenqualitaet/Unbekannt","geplante Fertigstellung | Ende 2026 | unbekannt | Projekt | Kraaijvanger news | belegt","rule_medium","label_50q_has_datenqualitaet_datenpunkt",""
"datenpunkt/Montessori_Maassluis__003__geplante_Fertigstellung","has_datenqualitaet","datenqualitaet/Belegt","geplante Fertigstellung | Ende 2026 | unbekannt | Projekt | Kraaijvanger news | belegt","rule_high","label_50q_has_datenqualitaet_datenpunkt",""
"datenpunkt/Montessori_Maassluis__004__geplante_Nutzung","has_datenqualitaet","datenqualitaet/Unbekannt","geplante Nutzung | Anfang 2027 | unbekannt | Projekt | Kraaijvanger news | belegt","rule_medium","label_50q_has_datenqualitaet_datenpunkt",""
"datenpunkt/Montessori_Maassluis__004__geplante_Nutzung","has_datenqualitaet","datenqualitaet/Belegt","geplante Nutzung | Anfang 2027 | unbekannt | Projekt | Kraaijvanger news | belegt","rule_high","label_50q_has_datenqualitaet_datenpunkt",""
"datenpunkt/Montessori_Maassluis__005__Fl_che_laut_News","has_datenqualitaet","datenqualitaet/Unbekannt","Fläche laut News | ca. 1.508 | unbekannt | Gebäude | Kraaijvanger news | belegt","rule_medium","label_50q_has_datenqualitaet_datenpunkt",""
"datenpunkt/Montessori_Maassluis__005__Fl_che_laut_News","has_datenqualitaet","datenqualitaet/Geschaetzt","Fläche laut News | ca. 1.508 | unbekannt | Gebäude | Kraaijvanger news | belegt","rule_medium","label_50q_has_datenqualitaet_datenpunkt",""
"datenpunkt/Montessori_Maassluis__005__Fl_che_laut_News","has_datenqualitaet","datenqualitaet/Belegt","Fläche laut News | ca. 1.508 | unbekannt | Gebäude | Kraaijvanger news | belegt","rule_high","label_50q_has_datenqualitaet_datenpunkt",""
"datenpunkt/Montessori_Maassluis__006__Fl_che_laut_Projektseite","has_datenqualitaet","datenqualitaet/Unbekannt","Fläche laut Projektseite | 1.534 | unbekannt | Gebäude | Kraaijvanger project page | belegt; Quellenabweichung","rule_medium","label_50q_has_datenqualitaet_datenpunkt",""
"datenpunkt/Montessori_Maassluis__006__Fl_che_laut_Projektseite","has_datenqualitaet","datenqualitaet/Belegt","Fläche laut Projektseite | 1.534 | unbekannt | Gebäude | Kraaijvanger project page | belegt; Quellenabweichung","rule_medium","label_50q_has_datenqualitaet_datenpunkt",""
"datenpunkt/Montessori_Maassluis__007__Unterrichtsgruppen","has_datenqualitaet","datenqualitaet/Unbekannt","Unterrichtsgruppen | 10 | unbekannt | Programm | Kraaijvanger news | belegt","rule_medium","label_50q_has_datenqualitaet_datenpunkt",""
"datenpunkt/Montessori_Maassluis__007__Unterrichtsgruppen","has_datenqualitaet","datenqualitaet/Belegt","Unterrichtsgruppen | 10 | unbekannt | Programm | Kraaijvanger news | belegt","rule_high","label_50q_has_datenqualitaet_datenpunkt",""
"datenpunkt/Montessori_Maassluis__008__geplante_Lebensdauer","has_datenqualitaet","datenqualitaet/Unbekannt","geplante Lebensdauer | mindestens 50 | unbekannt | Gebäude | Kraaijvanger project page | belegt","rule_medium","label_50q_has_datenqualitaet_datenpunkt",""
"datenpunkt/Montessori_Maassluis__008__geplante_Lebensdauer","has_datenqualitaet","datenqualitaet/Belegt","geplante Lebensdauer | mindestens 50 | unbekannt | Gebäude | Kraaijvanger project page | belegt","rule_high","label_50q_has_datenqualitaet_datenpunkt",""
"datenpunkt/Multi_Brussels_Reuse_in_MULTI__001__Fl_che","has_datenqualitaet","datenqualitaet/Belegt","Fläche | 44.200 | Projektangabe Cordeel | Gebäude | S3 | belegt","rule_high","label_50q_has_datenqualitaet_datenpunkt",""
"datenpunkt/Multi_Brussels_Reuse_in_MULTI__002__Fl_che","has_datenqualitaet","datenqualitaet/Belegt","Fläche | 45.000 | Projektangabe CONIX/Rotor | Gebäude | S1, S5 | belegt","rule_high","label_50q_has_datenqualitaet_datenpunkt",""
"datenpunkt/Multi_Brussels_Reuse_in_MULTI__003__Fl_che","has_datenqualitaet","datenqualitaet/Belegt","Fläche | 45.800 | Immobel/Madaster-Angabe | Gebäude | S4 | belegt","rule_high","label_50q_has_datenqualitaet_datenpunkt",""
"datenpunkt/Multi_Brussels_Reuse_in_MULTI__003__Fl_che","uses_software_digitaltool","software_digitaltool/Madaster","Fläche | 45.800 | Immobel/Madaster-Angabe | S4","rule_high","label_50q_uses_software_datenpunkt_method",""
"datenpunkt/Multi_Brussels_Reuse_in_MULTI__004__vorhandener_Beton_erhalten","has_datenqualitaet","datenqualitaet/Belegt","vorhandener Beton erhalten | 89 | Building Circularity Passport / Projektangabe | Bestand | S4, S7 | belegt, aber Bestandserhalt","rule_medium","label_50q_has_datenqualitaet_datenpunkt",""
"datenpunkt/Multi_Brussels_Reuse_in_MULTI__005__Abfall_vermieden_durch_Betonerhalt","has_datenqualitaet","datenqualitaet/Belegt","Abfall vermieden durch Betonerhalt | 20.000 | Projektangabe | Bestandserhalt | S7 | belegt, nicht Direct-Reuse-Kernwert","rule_medium","label_50q_has_datenqualitaet_datenpunkt",""
"datenpunkt/Multi_Brussels_Reuse_in_MULTI__006__Embodied_Carbon_durch_Betonerhalt","has_datenqualitaet","datenqualitaet/Belegt","Embodied Carbon durch Betonerhalt | 3.259 | Projektangabe | Bestandserhalt | S7 | belegt, nicht Direct-Reuse-Kernwert","rule_medium","label_50q_has_datenqualitaet_datenpunkt",""
"datenpunkt/Multi_Brussels_Reuse_in_MULTI__007__Blaustein_demontiert","has_datenqualitaet","datenqualitaet/Geschaetzt","Blaustein demontiert | ca. 280 / 140 | Rotor Salvage-Bericht | Naturstein-Fassade | S6 | teilweise belegt","rule_medium","label_50q_has_datenqualitaet_datenpunkt",""
"datenpunkt/Multi_Brussels_Reuse_in_MULTI__007__Blaustein_demontiert","has_datenqualitaet","datenqualitaet/Belegt","Blaustein demontiert | ca. 280 / 140 | Rotor Salvage-Bericht | Naturstein-Fassade | S6 | teilweise belegt","rule_medium","label_50q_has_datenqualitaet_datenpunkt",""
"datenpunkt/Multi_Brussels_Reuse_in_MULTI__008__Blausteinbl_cke","has_datenqualitaet","datenqualitaet/Belegt","Blausteinblöcke | 82 | Rotor | Naturstein | S2 | belegt","rule_high","label_50q_has_datenqualitaet_datenpunkt",""
"datenpunkt/Multi_Brussels_Reuse_in_MULTI__009__Aluminiumprofile","has_datenqualitaet","datenqualitaet/Belegt","Aluminiumprofile | 1.300 | Projektangabe | Reuse-Bauteile | S3, S4 | belegt","rule_high","label_50q_has_datenqualitaet_datenpunkt",""
"datenpunkt/Multi_Brussels_Reuse_in_MULTI__010__Granitfliesen_Terrasse","has_datenqualitaet","datenqualitaet/Belegt","Granitfliesen Terrasse | 400 | Cordeel | Reuse-Bodenbelag | S3 | belegt","rule_high","label_50q_has_datenqualitaet_datenpunkt",""
"datenpunkt/Multi_Brussels_Reuse_in_MULTI__011__externer_Reuse_Urban_Mining_Anteil","has_datenqualitaet","datenqualitaet/Widerspruechlich","externer Reuse-/Urban-Mining-Anteil | 2 bzw. 3 | Materialpass/Projektangaben | neue Materialien / Gesamtprojekt | S4, S7 | Quellenkonflikt","rule_high","label_50q_has_datenqualitaet_datenpunkt",""
"datenpunkt/Multi_Brussels_Reuse_in_MULTI__011__externer_Reuse_Urban_Mining_Anteil","has_datenqualitaet","datenqualitaet/Belegt","externer Reuse-/Urban-Mining-Anteil | 2 bzw. 3 | Materialpass/Projektangaben | neue Materialien / Gesamtprojekt | S4, S7 | Quellenkonflikt","rule_medium","label_50q_has_datenqualitaet_datenpunkt",""
"datenpunkt/Multi_Brussels_Reuse_in_MULTI__011__externer_Reuse_Urban_Mining_Anteil","has_datenmodell","datenmodell/Materialpass_Schema","externer Reuse-/Urban-Mining-Anteil | 2 bzw. 3 | Materialpass/Projektangaben | S4, S7","rule_high","label_50q_has_datenmodell_datenpunkt_method",""
"datenpunkt/Musee_de_Folklore_Mouscron__001__wiederverwendete_Ziegel","has_datenqualitaet","datenqualitaet/Belegt","wiederverwendete Ziegel | 30.000 | Projekt-/Künstlerangabe | Fassaden | [S2], [S4] | belegt","rule_high","label_50q_has_datenqualitaet_datenpunkt",""
"datenpunkt/Musee_de_Folklore_Mouscron__002__wiederverwendete_Ziegel_alternative_Angabe","has_datenqualitaet","datenqualitaet/Sekundaerquelle","wiederverwendete Ziegel alternative Angabe | 28.500 | Sekundärquelle, Quelle Opalis genannt | Fassaden | [S7] | teilweise belegt","rule_medium","label_50q_has_datenqualitaet_datenpunkt",""
"datenpunkt/Musee_de_Folklore_Mouscron__002__wiederverwendete_Ziegel_alternative_Angabe","has_datenqualitaet","datenqualitaet/Belegt","wiederverwendete Ziegel alternative Angabe | 28.500 | Sekundärquelle, Quelle Opalis genannt | Fassaden | [S7] | teilweise belegt","rule_medium","label_50q_has_datenqualitaet_datenpunkt",""
"datenpunkt/Musee_de_Folklore_Mouscron__002__wiederverwendete_Ziegel_alternative_Angabe","uses_software_digitaltool","software_digitaltool/Opalis","wiederverwendete Ziegel alternative Angabe | 28.500 | Sekundärquelle, Quelle Opalis genannt | [S7]","rule_high","label_50q_uses_software_datenpunkt_method",""
"datenpunkt/Musee_de_Folklore_Mouscron__003__wiederverwendetes_Ziegelvolumen","has_datenqualitaet","datenqualitaet/Geschaetzt","wiederverwendetes Ziegelvolumen | ca. 34 | Sekundärquelle | Fassaden | [S7] | teilweise belegt","rule_medium","label_50q_has_datenqualitaet_datenpunkt",""
"datenpunkt/Musee_de_Folklore_Mouscron__003__wiederverwendetes_Ziegelvolumen","has_datenqualitaet","datenqualitaet/Sekundaerquelle","wiederverwendetes Ziegelvolumen | ca. 34 | Sekundärquelle | Fassaden | [S7] | teilweise belegt","rule_medium","label_50q_has_datenqualitaet_datenpunkt",""
"datenpunkt/Musee_de_Folklore_Mouscron__003__wiederverwendetes_Ziegelvolumen","has_datenqualitaet","datenqualitaet/Belegt","wiederverwendetes Ziegelvolumen | ca. 34 | Sekundärquelle | Fassaden | [S7] | teilweise belegt","rule_medium","label_50q_has_datenqualitaet_datenpunkt",""
"datenpunkt/Musee_de_Folklore_Mouscron__004__Herkunftsquellen","has_datenqualitaet","datenqualitaet/Belegt","Herkunftsquellen | 8 | Projektdokumentation | Ziegellieferung | [S2], [S4] | belegt","rule_high","label_50q_has_datenqualitaet_datenpunkt",""
"datenpunkt/Musee_de_Folklore_Mouscron__005__Reuse_Ziegelanteil","has_datenqualitaet","datenqualitaet/Sekundaerquelle","Reuse-Ziegelanteil | 25 | Sekundärquelle | Fassadenmauerwerk | [S7] | teilweise belegt","rule_medium","label_50q_has_datenqualitaet_datenpunkt",""
"datenpunkt/Musee_de_Folklore_Mouscron__005__Reuse_Ziegelanteil","has_datenqualitaet","datenqualitaet/Belegt","Reuse-Ziegelanteil | 25 | Sekundärquelle | Fassadenmauerwerk | [S7] | teilweise belegt","rule_medium","label_50q_has_datenqualitaet_datenpunkt",""
"datenpunkt/Musee_de_Folklore_Mouscron__006__Extension","has_datenqualitaet","datenqualitaet/Belegt","Extension | 1.470 | V+ Projektangabe | Neubau/Erweiterung | [S3] | belegt","rule_high","label_50q_has_datenqualitaet_datenpunkt",""
"datenpunkt/Musee_de_Folklore_Mouscron__007__Renovation","has_datenqualitaet","datenqualitaet/Belegt","Renovation | 430 | V+ Projektangabe | Bestandsanteil | [S3] | belegt","rule_high","label_50q_has_datenqualitaet_datenpunkt",""
"datenpunkt/Musee_de_Folklore_Mouscron__008__Park","has_datenqualitaet","datenqualitaet/Belegt","Park | 10.200 | V+ Projektangabe | Außenraum | [S3] | belegt","rule_high","label_50q_has_datenqualitaet_datenpunkt",""
"datenpunkt/Musee_de_Folklore_Mouscron__009__Gesamtfl_che_alternative_Quelle","has_datenqualitaet","datenqualitaet/Belegt","Gesamtfläche alternative Quelle | 1.560 | d’a/Architectura | Gebäude | [S6] | teilweise belegt","rule_medium","label_50q_has_datenqualitaet_datenpunkt",""
"datenpunkt/Musee_de_Folklore_Mouscron__010__Architektur_Budget","has_datenqualitaet","datenqualitaet/Belegt","Architektur-Budget | 2.976.107 | V+ Projektangabe | Architektur | [S3] | belegt","rule_high","label_50q_has_datenqualitaet_datenpunkt",""
"datenpunkt/Musee_de_Folklore_Mouscron__011__Kunstintervention_Budget","has_datenqualitaet","datenqualitaet/Belegt","Kunstintervention Budget | 55.788 | Cellule architecture | Kunstintegration | [S4] | belegt","rule_high","label_50q_has_datenqualitaet_datenpunkt",""
"datenpunkt/PLP_London_HQ_Circular_Studio_Fitout__001__Fl_che","has_datenqualitaet","datenqualitaet/Belegt","Fläche | 22,850 / 2,122 | Projektangabe | Fit-out-Fläche | PLP | belegt","rule_high","label_50q_has_datenqualitaet_datenpunkt",""
"datenpunkt/PLP_London_HQ_Circular_Studio_Fitout__002__Reused_donated_materials","has_datenqualitaet","datenqualitaet/Belegt","Reused/donated materials | 92 | Materialpass-/Reporting-Prozess | Gesamt-Fit-out; umfasst Möbel/Spenden | PLP | belegt, aber nicht vollständig Direct Reuse","rule_medium","label_50q_has_datenqualitaet_datenpunkt",""
"datenpunkt/PLP_London_HQ_Circular_Studio_Fitout__002__Reused_donated_materials","has_datenmodell","datenmodell/Materialpass_Schema","Reused/donated materials | 92 | Materialpass-/Reporting-Prozess | PLP","rule_high","label_50q_has_datenmodell_datenpunkt_method",""
"datenpunkt/PLP_London_HQ_Circular_Studio_Fitout__003__Recycled_materials","has_datenqualitaet","datenqualitaet/Belegt","Recycled materials | 7 | Reporting | Gesamt-Fit-out | PLP | belegt","rule_high","label_50q_has_datenqualitaet_datenpunkt",""
"datenpunkt/PLP_London_HQ_Circular_Studio_Fitout__004__Embodied_carbon_reduction","has_datenqualitaet","datenqualitaet/Unbekannt","Embodied-carbon reduction | 75.4 | unbekannt; Maconda-Daten erwähnt | Vergleich zu konventionellem Fit-out | PLP | teilweise belegt","rule_medium","label_50q_has_datenqualitaet_datenpunkt",""
"datenpunkt/PLP_London_HQ_Circular_Studio_Fitout__004__Embodied_carbon_reduction","has_datenqualitaet","datenqualitaet/Belegt","Embodied-carbon reduction | 75.4 | unbekannt; Maconda-Daten erwähnt | Vergleich zu konventionellem Fit-out | PLP | teilweise belegt","rule_medium","label_50q_has_datenqualitaet_datenpunkt",""
"datenpunkt/PLP_London_HQ_Circular_Studio_Fitout__005__CO_diverted_from_landfill","has_datenqualitaet","datenqualitaet/Unbekannt","CO₂ „diverted from landfill“ | 175.78 | unbekannt | Fit-out / Abfallvermeidung; Formulierung nicht LCA-standardisiert | PLP | teilweise belegt","rule_medium","label_50q_has_datenqualitaet_datenpunkt",""
"datenpunkt/PLP_London_HQ_Circular_Studio_Fitout__005__CO_diverted_from_landfill","has_datenqualitaet","datenqualitaet/Belegt","CO₂ „diverted from landfill“ | 175.78 | unbekannt | Fit-out / Abfallvermeidung; Formulierung nicht LCA-standardisiert | PLP | teilweise belegt","rule_medium","label_50q_has_datenqualitaet_datenpunkt",""
"datenpunkt/PLP_London_HQ_Circular_Studio_Fitout__006__Kosten","has_datenqualitaet","datenqualitaet/Belegt","Kosten | 64 | Kostenvergleich | Fit-out | PLP | teilweise belegt","rule_medium","label_50q_has_datenqualitaet_datenpunkt",""
"datenpunkt/PLP_London_HQ_Circular_Studio_Fitout__007__Kostenreduktion","has_datenqualitaet","datenqualitaet/Belegt","Kostenreduktion | 68 | Vergleich mit typischem Londoner Fit-out | nicht unabhängig verifiziert | PLP | teilweise belegt","rule_medium","label_50q_has_datenqualitaet_datenpunkt",""
"datenpunkt/Peoples_Pavilion_Eindhoven__001__Fl_che","has_datenqualitaet","datenqualitaet/Belegt","Fläche | 250 | Projektangabe | Pavillon | bureau SLA / Overtreders W | belegt","rule_high","label_50q_has_datenqualitaet_datenpunkt",""
"datenpunkt/Peoples_Pavilion_Eindhoven__002__Standzeit","has_datenqualitaet","datenqualitaet/Belegt","Standzeit | 9 | Projektangabe | Dutch Design Week 2017 | bureau SLA | belegt","rule_high","label_50q_has_datenqualitaet_datenpunkt",""
"datenpunkt/Peoples_Pavilion_Eindhoven__003__borrowed_materials","has_datenqualitaet","datenqualitaet/Belegt","borrowed materials | 100 | Projektclaim | gesamter Pavillon; umfasst auch nicht-zählbare Elemente | Overtreders W / bureau SLA | belegt als Claim","rule_medium","label_50q_has_datenqualitaet_datenpunkt",""
"datenpunkt/Peoples_Pavilion_Eindhoven__004__Kunststoffschindeln","has_datenqualitaet","datenqualitaet/Sekundaerquelle","Kunststoffschindeln | 9,500 | Sekundärquelle | Fassade / Pretty Plastic | MaterialDistrict | teilweise belegt","rule_medium","label_50q_has_datenqualitaet_datenpunkt",""
"datenpunkt/Peoples_Pavilion_Eindhoven__004__Kunststoffschindeln","has_datenqualitaet","datenqualitaet/Belegt","Kunststoffschindeln | 9,500 | Sekundärquelle | Fassade / Pretty Plastic | MaterialDistrict | teilweise belegt","rule_medium","label_50q_has_datenqualitaet_datenpunkt",""
"datenpunkt/Plattenpalast_Berlin__001__wiederverwendete_Betonplatten","has_datenqualitaet","datenqualitaet/Sekundaerquelle","wiederverwendete Betonplatten | 13 | Projekt-/Sekundärquelle | Plattenpalast | S2, S5 | belegt","rule_medium","label_50q_has_datenqualitaet_datenpunkt",""
"datenpunkt/Plattenpalast_Berlin__001__wiederverwendete_Betonplatten","has_datenqualitaet","datenqualitaet/Belegt","wiederverwendete Betonplatten | 13 | Projekt-/Sekundärquelle | Plattenpalast | S2, S5 | belegt","rule_high","label_50q_has_datenqualitaet_datenpunkt",""
"datenpunkt/Plattenpalast_Berlin__002__Fl_che","has_datenqualitaet","datenqualitaet/Widerspruechlich","Fläche | 30 / 35 / 39 | Quellenkonflikt | Kleinsthaus/Galerie/Wohnprojekt | S4, S5, S6 | teilweise belegt","rule_high","label_50q_has_datenqualitaet_datenpunkt",""
"datenpunkt/Plattenpalast_Berlin__002__Fl_che","has_datenqualitaet","datenqualitaet/Belegt","Fläche | 30 / 35 / 39 | Quellenkonflikt | Kleinsthaus/Galerie/Wohnprojekt | S4, S5, S6 | teilweise belegt","rule_medium","label_50q_has_datenqualitaet_datenpunkt",""
"datenpunkt/Plattenpalast_Berlin__003__Einzelgewicht_Betonplatte","has_datenqualitaet","datenqualitaet/Belegt","Einzelgewicht Betonplatte | 5,4 | Projektbeschreibung | Betonplattenmontage | S2 | teilweise belegt","rule_medium","label_50q_has_datenqualitaet_datenpunkt",""
"datenpunkt/Plattenpalast_Berlin__004__Montagezeit_Plattenaufbau","has_datenqualitaet","datenqualitaet/Belegt","Montagezeit Plattenaufbau | 2 | Projektbeschreibung | Aufbau am Standort | S2 | belegt","rule_high","label_50q_has_datenqualitaet_datenpunkt",""
"datenpunkt/Plattenpalast_Berlin__005__wiederverwendete_Fensterrahmen","has_datenqualitaet","datenqualitaet/Sekundaerquelle","wiederverwendete Fensterrahmen | 12 | Sekundärquelle; Hauptquellen ohne Anzahl | Fenster aus Palast der Republik | S6, S1, S2 | teilweise belegt","rule_medium","label_50q_has_datenqualitaet_datenpunkt",""
"datenpunkt/Plattenpalast_Berlin__005__wiederverwendete_Fensterrahmen","has_datenqualitaet","datenqualitaet/Belegt","wiederverwendete Fensterrahmen | 12 | Sekundärquelle; Hauptquellen ohne Anzahl | Fenster aus Palast der Republik | S6, S1, S2 | teilweise belegt","rule_medium","label_50q_has_datenqualitaet_datenpunkt",""
"datenpunkt/Plattenvereinigung_Berlin__001__Bauteilherk_nfte","has_datenqualitaet","datenqualitaet/Belegt","Bauteilherkünfte | Olympisches Dorf München; PH12-Punkthochhaus Frankfurt/Oder | Projektangabe | Fertigbetonteile | S3, S4 | belegt","rule_high","label_50q_has_datenqualitaet_datenpunkt",""
"datenpunkt/Plattenvereinigung_Berlin__002__Entwicklung_in_Peter_Behrens_Halle","has_datenqualitaet","datenqualitaet/Belegt","Entwicklung in Peter-Behrens-Halle | Jan 2010–Mai 2011 | Projektangabe | Projektphase | S4 | belegt","rule_high","label_50q_has_datenqualitaet_datenpunkt",""
"datenpunkt/Plattenvereinigung_Berlin__003__Umsetzung_Tempelhofer_Feld","has_datenqualitaet","datenqualitaet/Belegt","Umsetzung Tempelhofer Feld | Mai 2011 | Projektangabe | Standortwechsel | S3, S4 | belegt","rule_high","label_50q_has_datenqualitaet_datenpunkt",""
"datenpunkt/ReCrete_footbridge_reused_concrete_blocks__001__Anzahl_Betonbl_cke","has_datenqualitaet","datenqualitaet/Belegt","Anzahl Betonblöcke | 25 | Publikationsangabe | Bogenstruktur | S1, S2 | belegt","rule_high","label_50q_has_datenqualitaet_datenpunkt",""
"datenpunkt/ReCrete_footbridge_reused_concrete_blocks__002__Spannweite","has_datenqualitaet","datenqualitaet/Belegt","Spannweite | 10 | Publikationsangabe | Fußbrückenbogen | S1, S2 | belegt","rule_high","label_50q_has_datenqualitaet_datenpunkt",""
"datenpunkt/ReCrete_footbridge_reused_concrete_blocks__003__Stich_rise","has_datenqualitaet","datenqualitaet/Belegt","Stich / rise | 1,20 | Publikationsangabe | Bogenstruktur | S1 | belegt","rule_high","label_50q_has_datenqualitaet_datenpunkt",""
"datenpunkt/ReCrete_footbridge_reused_concrete_blocks__004__Breite","has_datenqualitaet","datenqualitaet/Belegt","Breite | 1,20 | Publikationsangabe | Bogenstruktur | S1 | belegt","rule_high","label_50q_has_datenqualitaet_datenpunkt",""
"datenpunkt/ReCrete_footbridge_reused_concrete_blocks__005__ffnungswinkel","has_datenqualitaet","datenqualitaet/Belegt","Öffnungswinkel | 26 | Publikationsangabe | Bogenstruktur | S1 | belegt","rule_high","label_50q_has_datenqualitaet_datenpunkt",""
"datenpunkt/ReCrete_footbridge_reused_concrete_blocks__006__Global_Warming_Potential_gegen_ber_Recyclingbeto","has_datenqualitaet","datenqualitaet/Belegt","Global Warming Potential gegenüber Recyclingbeton-Alternative | −71 | vergleichende LCA | Studienbilanz des Brückenprototyps | S1 | belegt","rule_high","label_50q_has_datenqualitaet_datenpunkt",""
"datenpunkt/ReCrete_footbridge_reused_concrete_blocks__007__Global_Warming_Potential_gegen_ber_Stahl_Alterna","has_datenqualitaet","datenqualitaet/Belegt","Global Warming Potential gegenüber Stahl-Alternative | −74 | vergleichende LCA | Studienbilanz des Brückenprototyps | S1 | belegt","rule_high","label_50q_has_datenqualitaet_datenpunkt",""
"datenpunkt/ReCrete_footbridge_reused_concrete_blocks__008__Global_Warming_Potential_gegen_ber_Holz_Alternat","has_datenqualitaet","datenqualitaet/Belegt","Global Warming Potential gegenüber Holz-Alternative | +9 | vergleichende LCA | Studienbilanz des Brückenprototyps | S1 | belegt","rule_high","label_50q_has_datenqualitaet_datenpunkt",""
"datenpunkt/Recyclinghaus_Hannover__001__Fertigstellung_Bezug","has_datenqualitaet","datenqualitaet/Unbekannt","Fertigstellung/Bezug | 2019 | unbekannt | Gebäude | ZAB; DAB | belegt","rule_medium","label_50q_has_datenqualitaet_datenpunkt",""
"datenpunkt/Recyclinghaus_Hannover__001__Fertigstellung_Bezug","has_datenqualitaet","datenqualitaet/Belegt","Fertigstellung/Bezug | 2019 | unbekannt | Gebäude | ZAB; DAB | belegt","rule_high","label_50q_has_datenqualitaet_datenpunkt",""
"datenpunkt/Recyclinghaus_Hannover__002__BGF","has_datenqualitaet","datenqualitaet/Unbekannt","BGF | 285 | unbekannt | Gebäude | ZAB | belegt","rule_medium","label_50q_has_datenqualitaet_datenpunkt",""
"datenpunkt/Recyclinghaus_Hannover__002__BGF","has_datenqualitaet","datenqualitaet/Belegt","BGF | 285 | unbekannt | Gebäude | ZAB | belegt","rule_high","label_50q_has_datenqualitaet_datenpunkt",""
"datenpunkt/Recyclinghaus_Hannover__003__Wohnfl_che","has_datenqualitaet","datenqualitaet/Unbekannt","Wohnfläche | 160 | unbekannt | Wohnnutzung | DAB | belegt","rule_medium","label_50q_has_datenqualitaet_datenpunkt",""
"datenpunkt/Recyclinghaus_Hannover__003__Wohnfl_che","has_datenqualitaet","datenqualitaet/Belegt","Wohnfläche | 160 | unbekannt | Wohnnutzung | DAB | belegt","rule_high","label_50q_has_datenqualitaet_datenpunkt",""
"datenpunkt/Recyclinghaus_Hannover__004__Anteil_wiederverwendeter_Fassadenmaterialien","has_datenqualitaet","datenqualitaet/Unbekannt","Anteil wiederverwendeter Fassadenmaterialien | 90 | unbekannt | Fassade | ZAB; BauNetz Wissen; ELEMENTE | belegt","rule_medium","label_50q_has_datenqualitaet_datenpunkt",""
"datenpunkt/Recyclinghaus_Hannover__004__Anteil_wiederverwendeter_Fassadenmaterialien","has_datenqualitaet","datenqualitaet/Belegt","Anteil wiederverwendeter Fassadenmaterialien | 90 | unbekannt | Fassade | ZAB; BauNetz Wissen; ELEMENTE | belegt","rule_high","label_50q_has_datenqualitaet_datenpunkt",""
"datenpunkt/Recyclinghaus_Hannover__005__Anteil_Altmaterial_im_Recyclingbeton","has_datenqualitaet","datenqualitaet/Unbekannt","Anteil Altmaterial im Recyclingbeton | 42 | unbekannt | Fundament/Bodenplatte | ZAB | belegt, aber Recycling, nicht Reuse","rule_medium","label_50q_has_datenqualitaet_datenpunkt",""
"datenpunkt/Recyclinghaus_Hannover__005__Anteil_Altmaterial_im_Recyclingbeton","has_datenqualitaet","datenqualitaet/Belegt","Anteil Altmaterial im Recyclingbeton | 42 | unbekannt | Fundament/Bodenplatte | ZAB | belegt, aber Recycling, nicht Reuse","rule_medium","label_50q_has_datenqualitaet_datenpunkt",""
"datenpunkt/Recyclinghaus_Hannover__006__gebundener_CO_Anteil","has_datenqualitaet","datenqualitaet/Unbekannt","gebundener CO₂-Anteil | ca. 100 | unbekannt | Gebäude / Materialbindung | ZAB | teilweise belegt; nicht Direct-Reuse-Einsparung","rule_medium","label_50q_has_datenqualitaet_datenpunkt",""
"datenpunkt/Recyclinghaus_Hannover__006__gebundener_CO_Anteil","has_datenqualitaet","datenqualitaet/Geschaetzt","gebundener CO₂-Anteil | ca. 100 | unbekannt | Gebäude / Materialbindung | ZAB | teilweise belegt; nicht Direct-Reuse-Einsparung","rule_medium","label_50q_has_datenqualitaet_datenpunkt",""
"datenpunkt/Recyclinghaus_Hannover__006__gebundener_CO_Anteil","has_datenqualitaet","datenqualitaet/Belegt","gebundener CO₂-Anteil | ca. 100 | unbekannt | Gebäude / Materialbindung | ZAB | teilweise belegt; nicht Direct-Reuse-Einsparung","rule_medium","label_50q_has_datenqualitaet_datenpunkt",""
"datenpunkt/Recyclinghaus_Hannover__007__Anteil_Innenmaterialien_aus_recycelten_gebraucht","has_datenqualitaet","datenqualitaet/Unbekannt","Anteil Innenmaterialien aus recycelten/gebrauchten Beständen | >50 | unbekannt | Innenausbau | DAB | teilweise belegt; Abgrenzung Reuse/Recycling unklar","rule_medium","label_50q_has_datenqualitaet_datenpunkt",""
"datenpunkt/Recyclinghaus_Hannover__007__Anteil_Innenmaterialien_aus_recycelten_gebraucht","has_datenqualitaet","datenqualitaet/Belegt","Anteil Innenmaterialien aus recycelten/gebrauchten Beständen | >50 | unbekannt | Innenausbau | DAB | teilweise belegt; Abgrenzung Reuse/Recycling unklar","rule_medium","label_50q_has_datenqualitaet_datenpunkt",""
"datenpunkt/Recypark_Demets_Anderlecht__001__wiederverwendete_B_gen","has_datenqualitaet","datenqualitaet/Belegt","wiederverwendete Bögen | 20 | Projektdokumentation Rotor | gebrauchte Brettschichtholzbögen | [S1], [S7] | belegt","rule_high","label_50q_has_datenqualitaet_datenpunkt",""
"datenpunkt/Recypark_Demets_Anderlecht__002__urspr_ngliche_Spannweite_Breite_der_B_gen","has_datenqualitaet","datenqualitaet/Belegt","ursprüngliche Spannweite/Breite der Bögen | 26 | Beschreibung Rotor | Reithallenstruktur | [S1] | belegt","rule_high","label_50q_has_datenqualitaet_datenpunkt",""
"datenpunkt/Recypark_Demets_Anderlecht__003__built_surface","has_datenqualitaet","datenqualitaet/Belegt","built surface | 5.000 | 51N4E Projektangabe | Gesamtprojekt | [S2] | belegt","rule_high","label_50q_has_datenqualitaet_datenpunkt",""
"datenpunkt/Recypark_Demets_Anderlecht__004__Designzeitraum","has_datenqualitaet","datenqualitaet/Belegt","Designzeitraum | 2016–2019 | 51N4E | Planung | [S2] | belegt","rule_high","label_50q_has_datenqualitaet_datenpunkt",""
"datenpunkt/Recypark_Demets_Anderlecht__005__Bauzeitraum","has_datenqualitaet","datenqualitaet/Belegt","Bauzeitraum | 2021–2024 | 51N4E | Ausführung | [S2] | belegt","rule_high","label_50q_has_datenqualitaet_datenpunkt",""
"datenpunkt/Recypark_Demets_Anderlecht__006__Fertigstellung","has_datenqualitaet","datenqualitaet/Belegt","Fertigstellung | 2024 | Rotor | Projekt inkl. 20 Bögen | [S1] | belegt","rule_high","label_50q_has_datenqualitaet_datenpunkt",""
"datenpunkt/Recypark_Demets_Anderlecht__007__Kosten_Gesamt","has_datenqualitaet","datenqualitaet/Belegt","Kosten Gesamt | 8,11 Mio. | Greisch-Projektseite | Works cost | [S8] | teilweise belegt","rule_medium","label_50q_has_datenqualitaet_datenpunkt",""
"datenpunkt/Recypark_Demets_Anderlecht__008__Kosten_Hallenteil","has_datenqualitaet","datenqualitaet/Belegt","Kosten Hallenteil | 728.000 | Greisch-Projektseite | hall | [S8] | teilweise belegt","rule_medium","label_50q_has_datenqualitaet_datenpunkt",""
"datenpunkt/Recypark_Demets_Anderlecht__013__Lebensdauer","has_datenqualitaet","datenqualitaet/Belegt","Lebensdauer | „über traditionelle Standards hinaus“ qualitativ erwähnt | Greisch | Holztragwerk | [S6] | teilweise belegt","rule_medium","label_50q_has_datenqualitaet_datenpunkt",""
"datenpunkt/Resilience_La_Ferme_des_Possibles_Stains__001__Fl_che","has_datenqualitaet","datenqualitaet/Unbekannt","Fläche | 1.883 | unbekannt | Gebäude | [S2], [S3], [S5] | belegt","rule_medium","label_50q_has_datenqualitaet_datenpunkt",""
"datenpunkt/Resilience_La_Ferme_des_Possibles_Stains__001__Fl_che","has_datenqualitaet","datenqualitaet/Belegt","Fläche | 1.883 | unbekannt | Gebäude | [S2], [S3], [S5] | belegt","rule_high","label_50q_has_datenqualitaet_datenpunkt",""
"datenpunkt/Resilience_La_Ferme_des_Possibles_Stains__002__Baukosten","has_datenqualitaet","datenqualitaet/Unbekannt","Baukosten | 3.072.000 | unbekannt | Bau | [S2] | belegt","rule_medium","label_50q_has_datenqualitaet_datenpunkt",""
"datenpunkt/Resilience_La_Ferme_des_Possibles_Stains__002__Baukosten","has_datenqualitaet","datenqualitaet/Belegt","Baukosten | 3.072.000 | unbekannt | Bau | [S2] | belegt","rule_high","label_50q_has_datenqualitaet_datenpunkt",""
"datenpunkt/Resilience_La_Ferme_des_Possibles_Stains__003__Baukosten_alternative","has_datenqualitaet","datenqualitaet/Unbekannt","Baukosten alternative | 3.100.000 | unbekannt | travaux | [S5] | belegt","rule_medium","label_50q_has_datenqualitaet_datenpunkt",""
"datenpunkt/Resilience_La_Ferme_des_Possibles_Stains__003__Baukosten_alternative","has_datenqualitaet","datenqualitaet/Belegt","Baukosten alternative | 3.100.000 | unbekannt | travaux | [S5] | belegt","rule_high","label_50q_has_datenqualitaet_datenpunkt",""
"datenpunkt/Resilience_La_Ferme_des_Possibles_Stains__004__Kosten_m","has_datenqualitaet","datenqualitaet/Unbekannt","Kosten/m² | 1.631,44 | unbekannt | Construction21 | [S2] | belegt","rule_medium","label_50q_has_datenqualitaet_datenpunkt",""
"datenpunkt/Resilience_La_Ferme_des_Possibles_Stains__004__Kosten_m","has_datenqualitaet","datenqualitaet/Belegt","Kosten/m² | 1.631,44 | unbekannt | Construction21 | [S2] | belegt","rule_high","label_50q_has_datenqualitaet_datenpunkt",""
"datenpunkt/Resilience_La_Ferme_des_Possibles_Stains__005__Prim_renergie","has_datenqualitaet","datenqualitaet/Belegt","Primärenergie | 100 | RT 2012 | Betrieb | [S2] | belegt","rule_high","label_50q_has_datenqualitaet_datenpunkt",""
"datenpunkt/Resilience_La_Ferme_des_Possibles_Stains__006__Geb_udemasse_ohne_Fundamente_und_Bodenplatte","has_datenqualitaet","datenqualitaet/Unbekannt","Gebäudemasse ohne Fundamente und Bodenplatte | 570,1 | unbekannt | Gebäude ohne Fundamente/Plancher bas béton | [S2] | belegt","rule_medium","label_50q_has_datenqualitaet_datenpunkt",""
"datenpunkt/Resilience_La_Ferme_des_Possibles_Stains__006__Geb_udemasse_ohne_Fundamente_und_Bodenplatte","has_datenqualitaet","datenqualitaet/Belegt","Gebäudemasse ohne Fundamente und Bodenplatte | 570,1 | unbekannt | Gebäude ohne Fundamente/Plancher bas béton | [S2] | belegt","rule_high","label_50q_has_datenqualitaet_datenpunkt",""
"datenpunkt/Resilience_La_Ferme_des_Possibles_Stains__007__Masse_Reuse_Material","has_datenqualitaet","datenqualitaet/Unbekannt","Masse Reuse-Material | 72,24 | unbekannt | gleiche Bilanzgrenze | [S2] | belegt","rule_medium","label_50q_has_datenqualitaet_datenpunkt",""
"datenpunkt/Resilience_La_Ferme_des_Possibles_Stains__007__Masse_Reuse_Material","has_datenqualitaet","datenqualitaet/Belegt","Masse Reuse-Material | 72,24 | unbekannt | gleiche Bilanzgrenze | [S2] | belegt","rule_high","label_50q_has_datenqualitaet_datenpunkt",""
"datenpunkt/Resilience_La_Ferme_des_Possibles_Stains__008__Reuse_Anteil","has_datenqualitaet","datenqualitaet/Belegt","Reuse-Anteil | 12,67 | Masse | gleiche Bilanzgrenze | [S2] | belegt","rule_high","label_50q_has_datenqualitaet_datenpunkt",""
"datenpunkt/Resilience_La_Ferme_des_Possibles_Stains__009__einfache_Holzfenster_reused","has_datenqualitaet","datenqualitaet/Unbekannt","einfache Holzfenster reused | 450 | unbekannt | Fassade | [S2] | belegt","rule_medium","label_50q_has_datenqualitaet_datenpunkt",""
"datenpunkt/Resilience_La_Ferme_des_Possibles_Stains__009__einfache_Holzfenster_reused","has_datenqualitaet","datenqualitaet/Belegt","einfache Holzfenster reused | 450 | unbekannt | Fassade | [S2] | belegt","rule_high","label_50q_has_datenqualitaet_datenpunkt",""
"datenpunkt/Resilience_La_Ferme_des_Possibles_Stains__010__doppelte_Holzfenster_reused","has_datenqualitaet","datenqualitaet/Unbekannt","doppelte Holzfenster reused | 60 | unbekannt | Innenfenster | [S2] | belegt","rule_medium","label_50q_has_datenqualitaet_datenpunkt",""
"datenpunkt/Resilience_La_Ferme_des_Possibles_Stains__010__doppelte_Holzfenster_reused","has_datenqualitaet","datenqualitaet/Belegt","doppelte Holzfenster reused | 60 | unbekannt | Innenfenster | [S2] | belegt","rule_high","label_50q_has_datenqualitaet_datenpunkt",""
"datenpunkt/Resilience_La_Ferme_des_Possibles_Stains__011__mobile_Trennwand","has_datenqualitaet","datenqualitaet/Unbekannt","mobile Trennwand | 11 | unbekannt | Innenausbau | [S2] | belegt","rule_medium","label_50q_has_datenqualitaet_datenpunkt",""
"datenpunkt/Resilience_La_Ferme_des_Possibles_Stains__011__mobile_Trennwand","has_datenqualitaet","datenqualitaet/Belegt","mobile Trennwand | 11 | unbekannt | Innenausbau | [S2] | belegt","rule_high","label_50q_has_datenqualitaet_datenpunkt",""
"datenpunkt/Resilience_La_Ferme_des_Possibles_Stains__012__Glast_ren","has_datenqualitaet","datenqualitaet/Unbekannt","Glastüren | 14 | unbekannt | Innenausbau | [S2] | belegt","rule_medium","label_50q_has_datenqualitaet_datenpunkt",""
"datenpunkt/Resilience_La_Ferme_des_Possibles_Stains__012__Glast_ren","has_datenqualitaet","datenqualitaet/Belegt","Glastüren | 14 | unbekannt | Innenausbau | [S2] | belegt","rule_high","label_50q_has_datenqualitaet_datenpunkt",""
"datenpunkt/Resilience_La_Ferme_des_Possibles_Stains__013__Radiatoren","has_datenqualitaet","datenqualitaet/Unbekannt","Radiatoren | 42 | unbekannt | TGA | [S2] | belegt","rule_medium","label_50q_has_datenqualitaet_datenpunkt",""
"datenpunkt/Resilience_La_Ferme_des_Possibles_Stains__013__Radiatoren","has_datenqualitaet","datenqualitaet/Belegt","Radiatoren | 42 | unbekannt | TGA | [S2] | belegt","rule_high","label_50q_has_datenqualitaet_datenpunkt",""
"datenpunkt/Resilience_La_Ferme_des_Possibles_Stains__014__Sanit_r","has_datenqualitaet","datenqualitaet/Unbekannt","Sanitär | 14 | unbekannt | Plomberie | [S2] | belegt","rule_medium","label_50q_has_datenqualitaet_datenpunkt",""
"datenpunkt/Resilience_La_Ferme_des_Possibles_Stains__014__Sanit_r","has_datenqualitaet","datenqualitaet/Belegt","Sanitär | 14 | unbekannt | Plomberie | [S2] | belegt","rule_high","label_50q_has_datenqualitaet_datenpunkt",""
"datenpunkt/Resilience_La_Ferme_des_Possibles_Stains__015__Leuchten","has_datenqualitaet","datenqualitaet/Unbekannt","Leuchten | 60 | unbekannt | Elektro | [S2] | belegt","rule_medium","label_50q_has_datenqualitaet_datenpunkt",""
"datenpunkt/Resilience_La_Ferme_des_Possibles_Stains__015__Leuchten","has_datenqualitaet","datenqualitaet/Belegt","Leuchten | 60 | unbekannt | Elektro | [S2] | belegt","rule_high","label_50q_has_datenqualitaet_datenpunkt",""
"datenpunkt/Resilience_La_Ferme_des_Possibles_Stains__016__BTC","has_datenqualitaet","datenqualitaet/Unbekannt","BTC | 6.000 / 125 | unbekannt | Mur Trombe | [S2] | belegt","rule_medium","label_50q_has_datenqualitaet_datenpunkt",""
"datenpunkt/Resilience_La_Ferme_des_Possibles_Stains__016__BTC","has_datenqualitaet","datenqualitaet/Belegt","BTC | 6.000 / 125 | unbekannt | Mur Trombe | [S2] | belegt","rule_high","label_50q_has_datenqualitaet_datenpunkt",""
"datenpunkt/Resilience_La_Ferme_des_Possibles_Stains__017__Solivage_Reste","has_datenqualitaet","datenqualitaet/Unbekannt","Solivage-Reste | 140 | unbekannt | Treppenstufen | [S2] | belegt","rule_medium","label_50q_has_datenqualitaet_datenpunkt",""
"datenpunkt/Resilience_La_Ferme_des_Possibles_Stains__017__Solivage_Reste","has_datenqualitaet","datenqualitaet/Belegt","Solivage-Reste | 140 | unbekannt | Treppenstufen | [S2] | belegt","rule_high","label_50q_has_datenqualitaet_datenpunkt",""
"datenpunkt/Resilience_La_Ferme_des_Possibles_Stains__018__Granitpflaster","has_datenqualitaet","datenqualitaet/Unbekannt","Granitpflaster | 140 | unbekannt | Außenflächen | [S2] | belegt","rule_medium","label_50q_has_datenqualitaet_datenpunkt",""
"datenpunkt/Resilience_La_Ferme_des_Possibles_Stains__018__Granitpflaster","has_datenqualitaet","datenqualitaet/Belegt","Granitpflaster | 140 | unbekannt | Außenflächen | [S2] | belegt","rule_high","label_50q_has_datenqualitaet_datenpunkt",""
"datenpunkt/Resilience_La_Ferme_des_Possibles_Stains__019__CO_e_vermieden","has_datenqualitaet","datenqualitaet/Belegt","CO₂e vermieden | 69,22 | INIES | Materialien: WC, Lavabos, Fenster, Türen, Radiatoren, Leuchten, Ziegel, Solives, Pflaster, Trennwand | [S2] | belegt","rule_high","label_50q_has_datenqualitaet_datenpunkt",""
"datenpunkt/Resilience_La_Ferme_des_Possibles_Stains__020__Wasser_vermieden","has_datenqualitaet","datenqualitaet/Belegt","Wasser vermieden | 763,3 | INIES | gleiche Bilanz | [S2] | belegt","rule_high","label_50q_has_datenqualitaet_datenpunkt",""
"datenpunkt/Resilience_La_Ferme_des_Possibles_Stains__021__Abfall_vermieden","has_datenqualitaet","datenqualitaet/Belegt","Abfall vermieden | 88 | INIES | gleiche Bilanz | [S2] | belegt","rule_high","label_50q_has_datenqualitaet_datenpunkt",""
"datenpunkt/Resilience_La_Ferme_des_Possibles_Stains__023__Einsparung_vs_neu","has_datenqualitaet","datenqualitaet/Unbekannt","Einsparung vs. neu | 107.000 | unbekannt | Reuse vs. neue Materialien | [S2] | belegt als Einzelquelle","rule_medium","label_50q_has_datenqualitaet_datenpunkt",""
"datenpunkt/Resilience_La_Ferme_des_Possibles_Stains__023__Einsparung_vs_neu","has_datenqualitaet","datenqualitaet/Belegt","Einsparung vs. neu | 107.000 | unbekannt | Reuse vs. neue Materialien | [S2] | belegt als Einzelquelle","rule_medium","label_50q_has_datenqualitaet_datenpunkt",""
"datenpunkt/Roots_in_the_Sky_Blackfriars_Crown_Court__001__wiederverwendete_Stahlmenge","has_datenqualitaet","datenqualitaet/Belegt","wiederverwendete Stahlmenge | 30 | UKGBC-Projektangabe | geplantes Roots-Tragwerk | [S1] | teilweise belegt","rule_medium","label_50q_has_datenqualitaet_datenpunkt",""
"datenpunkt/Roots_in_the_Sky_Blackfriars_Crown_Court__002__CO_e_Einsparung_durch_30_t_Stahl","has_datenqualitaet","datenqualitaet/Unbekannt","CO₂e-Einsparung durch 30 t Stahl | 74 | Vergleich mit neuem BOF-Stahl | Stahlbauteil A1-A? unbekannt | [S1] | teilweise belegt","rule_medium","label_50q_has_datenqualitaet_datenpunkt",""
"datenpunkt/Roots_in_the_Sky_Blackfriars_Crown_Court__002__CO_e_Einsparung_durch_30_t_Stahl","has_datenqualitaet","datenqualitaet/Belegt","CO₂e-Einsparung durch 30 t Stahl | 74 | Vergleich mit neuem BOF-Stahl | Stahlbauteil A1-A? unbekannt | [S1] | teilweise belegt","rule_medium","label_50q_has_datenqualitaet_datenpunkt",""
"datenpunkt/Roots_in_the_Sky_Blackfriars_Crown_Court__003__gekaufter_salvaged_steel","has_datenqualitaet","datenqualitaet/Belegt","gekaufter / salvaged steel | 139 | AKT II / Architects’ Journal | Stahl aus City-of-London-Demontage | [S2], [S8] | teilweise belegt / Konflikt","rule_medium","label_50q_has_datenqualitaet_datenpunkt",""
"datenpunkt/Roots_in_the_Sky_Blackfriars_Crown_Court__004__Upfront_carbon_Roots","has_datenqualitaet","datenqualitaet/Belegt","Upfront carbon Roots | 767 | UKGBC-Angabe | A1–A5 | [S1] | teilweise belegt","rule_medium","label_50q_has_datenqualitaet_datenpunkt",""
"datenpunkt/Roots_in_the_Sky_Blackfriars_Crown_Court__005__Whole_life_carbon_Roots","has_datenqualitaet","datenqualitaet/Belegt","Whole life carbon Roots | 1.266 | UKGBC-Angabe | A–C ohne B6/B7 | [S1] | teilweise belegt","rule_medium","label_50q_has_datenqualitaet_datenpunkt",""
"datenpunkt/Roots_in_the_Sky_Blackfriars_Crown_Court__006__Projektfl_che_Roots","has_datenqualitaet","datenqualitaet/Widerspruechlich","Projektfläche Roots | 385.000 / 430.000 | Projektangaben | Gesamtprojekt | [S2], [S3], [S10] | Quellenkonflikt","rule_high","label_50q_has_datenqualitaet_datenpunkt",""
"datenpunkt/Roots_in_the_Sky_Blackfriars_Crown_Court__006__Projektfl_che_Roots","has_datenqualitaet","datenqualitaet/Belegt","Projektfläche Roots | 385.000 / 430.000 | Projektangaben | Gesamtprojekt | [S2], [S3], [S10] | Quellenkonflikt","rule_medium","label_50q_has_datenqualitaet_datenpunkt",""
"datenpunkt/Roots_in_the_Sky_Blackfriars_Crown_Court__007__Rooftop_Forest","has_datenqualitaet","datenqualitaet/Belegt","Rooftop Forest | 125 Bäume / 10.000 Pflanzen / 1.000 t Boden | Projektangabe | Dachlandschaft, nicht Direct Reuse | [S2] | belegt für Planung","rule_medium","label_50q_has_datenqualitaet_datenpunkt",""
"datenpunkt/Roots_in_the_Sky_Blackfriars_Crown_Court__008__iQ_Nachfolgeprojekt","has_datenqualitaet","datenqualitaet/Belegt","iQ-Nachfolgeprojekt | 600 Studentenzimmer + 71 Sozialwohnungen | Planning Committee | neues Projekt | [S5], [S6], [S7] | belegt","rule_high","label_50q_has_datenqualitaet_datenpunkt",""
"datenpunkt/Roots_in_the_Sky_Blackfriars_Crown_Court__009__Kosten_Roots","has_datenqualitaet","datenqualitaet/Belegt","Kosten Roots | 180 | Medienangabe | ursprüngliches Projekt | [S10] | teilweise belegt","rule_medium","label_50q_has_datenqualitaet_datenpunkt",""
"datenpunkt/Saxum_Vineyard_Equipment_Barn_Paso_Robles__003__Fl_che","has_datenqualitaet","datenqualitaet/Sekundaerquelle","Fläche | 2.340 | Projektpublikation/Sekundärquelle | Gebäude | [S5] | teilweise belegt","rule_medium","label_50q_has_datenqualitaet_datenpunkt",""
"datenpunkt/Saxum_Vineyard_Equipment_Barn_Paso_Robles__003__Fl_che","has_datenqualitaet","datenqualitaet/Belegt","Fläche | 2.340 | Projektpublikation/Sekundärquelle | Gebäude | [S5] | teilweise belegt","rule_medium","label_50q_has_datenqualitaet_datenpunkt",""
"datenpunkt/Saxum_Vineyard_Equipment_Barn_Paso_Robles__009__Energiebedarf_Erzeugung","has_datenqualitaet","datenqualitaet/Geschaetzt","Energiebedarf / Erzeugung | ca. 87.000–88.700 | PV-Ertragsangabe; kein Reuse-Kennwert | Winery/Irrigation/Barn | [S1], [S3] | belegt","rule_medium","label_50q_has_datenqualitaet_datenpunkt",""
"datenpunkt/Saxum_Vineyard_Equipment_Barn_Paso_Robles__009__Energiebedarf_Erzeugung","has_datenqualitaet","datenqualitaet/Belegt","Energiebedarf / Erzeugung | ca. 87.000–88.700 | PV-Ertragsangabe; kein Reuse-Kennwert | Winery/Irrigation/Barn | [S1], [S3] | belegt","rule_high","label_50q_has_datenqualitaet_datenpunkt",""
"datenpunkt/Superlocal_Expogebouw_Bleijerheide__001__Reuse_Anteil","has_datenqualitaet","datenqualitaet/Belegt","Reuse-Anteil | 95 | Projektangabe | Expogebouw | SUPERLOCAL | belegt","rule_high","label_50q_has_datenqualitaet_datenpunkt",""
"datenpunkt/Superlocal_Expogebouw_Bleijerheide__002__Reuse_Anteil_alternative_Quelle","has_datenqualitaet","datenqualitaet/Widerspruechlich","Reuse-Anteil alternative Quelle | 100 | Projektangabe | „Material harvested from demolition of four gallery flats“ | Maurer United | teilweise belegt; Quellenkonflikt","rule_high","label_50q_has_datenqualitaet_datenpunkt",""
"datenpunkt/Superlocal_Expogebouw_Bleijerheide__002__Reuse_Anteil_alternative_Quelle","has_datenqualitaet","datenqualitaet/Belegt","Reuse-Anteil alternative Quelle | 100 | Projektangabe | „Material harvested from demolition of four gallery flats“ | Maurer United | teilweise belegt; Quellenkonflikt","rule_medium","label_50q_has_datenqualitaet_datenpunkt",""
"datenpunkt/Superlocal_Expogebouw_Bleijerheide__003__Fertigstellung_Lieferung","has_datenqualitaet","datenqualitaet/Belegt","Fertigstellung/Lieferung | 22.02.2018 | Projektangabe | Expogebouw | SUPERLOCAL | belegt","rule_high","label_50q_has_datenqualitaet_datenpunkt",""
"datenpunkt/Superlocal_Expogebouw_Bleijerheide__004__Gro_e_Betonunits","has_datenqualitaet","datenqualitaet/Belegt","Große Betonunits | 3 | Projektangabe | Grundstruktur | SUPERLOCAL | belegt","rule_high","label_50q_has_datenqualitaet_datenpunkt",""
"datenpunkt/Superlocal_Expogebouw_Bleijerheide__005__Gewicht_Betonunits","has_datenqualitaet","datenqualitaet/Widerspruechlich","Gewicht Betonunits | ca. 45 / ca. 40 | Projektmeldungen | Großbauteile | SUPERLOCAL | teilweise belegt; Quellenkonflikt","rule_high","label_50q_has_datenqualitaet_datenpunkt",""
"datenpunkt/Superlocal_Expogebouw_Bleijerheide__005__Gewicht_Betonunits","has_datenqualitaet","datenqualitaet/Geschaetzt","Gewicht Betonunits | ca. 45 / ca. 40 | Projektmeldungen | Großbauteile | SUPERLOCAL | teilweise belegt; Quellenkonflikt","rule_medium","label_50q_has_datenqualitaet_datenpunkt",""
"datenpunkt/Superlocal_Expogebouw_Bleijerheide__005__Gewicht_Betonunits","has_datenqualitaet","datenqualitaet/Belegt","Gewicht Betonunits | ca. 45 / ca. 40 | Projektmeldungen | Großbauteile | SUPERLOCAL | teilweise belegt; Quellenkonflikt","rule_medium","label_50q_has_datenqualitaet_datenpunkt",""
"datenpunkt/Superlocal_Expogebouw_Bleijerheide__006__Kranh_he","has_datenqualitaet","datenqualitaet/Belegt","Kranhöhe | 52 | Projektangabe | Ausbau/Heben | SUPERLOCAL | belegt","rule_high","label_50q_has_datenqualitaet_datenpunkt",""
"datenpunkt/Superlocal_Expogebouw_Bleijerheide__007__Donor_Alter","has_datenqualitaet","datenqualitaet/Geschaetzt","Donor-Alter | ca. 50 | Projektangabe | Hochhausflat | SUPERLOCAL | belegt","rule_medium","label_50q_has_datenqualitaet_datenpunkt",""
"datenpunkt/Superlocal_Expogebouw_Bleijerheide__007__Donor_Alter","has_datenqualitaet","datenqualitaet/Belegt","Donor-Alter | ca. 50 | Projektangabe | Hochhausflat | SUPERLOCAL | belegt","rule_high","label_50q_has_datenqualitaet_datenpunkt",""
"datenpunkt/Superlocal_Expogebouw_Bleijerheide__011__Transportdistanz","has_datenqualitaet","datenqualitaet/Unbekannt","Transportdistanz | lokal, genaue km unbekannt | — | Projektgebiet | SUPERLOCAL | teilweise belegt","rule_medium","label_50q_has_datenqualitaet_datenpunkt",""
"datenpunkt/Superlocal_Expogebouw_Bleijerheide__011__Transportdistanz","has_datenqualitaet","datenqualitaet/Belegt","Transportdistanz | lokal, genaue km unbekannt | — | Projektgebiet | SUPERLOCAL | teilweise belegt","rule_medium","label_50q_has_datenqualitaet_datenpunkt",""
"datenpunkt/Superlocal_Expogebouw_Bleijerheide__012__Materialdatenmodell","has_datenqualitaet","datenqualitaet/Unbekannt","Materialdatenmodell | Track-and-trace, STABU-/QR-Code, Materialpass | Tool im Gesamtprojekt | Gesamtprojekt | SUPERLOCAL | belegt, spezifische Anwendung auf Expogebouw unklar","rule_medium","label_50q_has_datenqualitaet_datenpunkt",""
"datenpunkt/Superlocal_Expogebouw_Bleijerheide__012__Materialdatenmodell","has_datenqualitaet","datenqualitaet/Belegt","Materialdatenmodell | Track-and-trace, STABU-/QR-Code, Materialpass | Tool im Gesamtprojekt | Gesamtprojekt | SUPERLOCAL | belegt, spezifische Anwendung auf Expogebouw unklar","rule_medium","label_50q_has_datenqualitaet_datenpunkt",""
"datenpunkt/Superlocal_Expogebouw_Bleijerheide__012__Materialdatenmodell","has_datenmodell","datenmodell/Materialpass_Schema","Materialdatenmodell | Track-and-trace, STABU-/QR-Code, Materialpass | Tool im Gesamtprojekt | SUPERLOCAL","rule_high","label_50q_has_datenmodell_datenpunkt_method",""
"datenpunkt/Superlocal_Expogebouw_Bleijerheide__012__Materialdatenmodell","has_datenmodell","datenmodell/Bauteil_ID","Materialdatenmodell | Track-and-trace, STABU-/QR-Code, Materialpass | Tool im Gesamtprojekt | SUPERLOCAL","rule_high","label_50q_has_datenmodell_datenpunkt_method",""
"datenpunkt/Superlocal_Expogebouw_Bleijerheide__012__Materialdatenmodell","has_datenmodell","datenmodell/Klassifikation","Materialdatenmodell | Track-and-trace, STABU-/QR-Code, Materialpass | Tool im Gesamtprojekt | SUPERLOCAL","rule_high","label_50q_has_datenmodell_datenpunkt_method",""
"datenpunkt/Superlocal_Expogebouw_Bleijerheide__012__Materialdatenmodell","uses_software_digitaltool","software_digitaltool/QR_RFID_Materialtracking","Materialdatenmodell | Track-and-trace, STABU-/QR-Code, Materialpass | Tool im Gesamtprojekt | SUPERLOCAL","rule_high","label_50q_uses_software_datenpunkt_method",""
"datenpunkt/Svanen_Kindergarten_Gladsaxe__001__Fl_che_Lendager","has_datenqualitaet","datenqualitaet/Belegt","Fläche Lendager | 1.436 | Projektangabe | Gebäude | [S1] | belegt","rule_high","label_50q_has_datenqualitaet_datenpunkt",""
"datenpunkt/Svanen_Kindergarten_Gladsaxe__002__Fl_che_Sweco","has_datenqualitaet","datenqualitaet/Belegt","Fläche Sweco | 1.270 | Projektangabe | Gebäude | [S5] | teilweise belegt","rule_medium","label_50q_has_datenqualitaet_datenpunkt",""
"datenpunkt/Svanen_Kindergarten_Gladsaxe__003__Zeitraum","has_datenqualitaet","datenqualitaet/Belegt","Zeitraum | 2019–2022 | Projektangabe | Planung/Bau | [S1] | belegt","rule_high","label_50q_has_datenqualitaet_datenpunkt",""
"datenpunkt/Svanen_Kindergarten_Gladsaxe__004__ffnung","has_datenqualitaet","datenqualitaet/Belegt","Öffnung | April 2022 | State of Green | Inbetriebnahme geplant/erfolgt | [S2] | teilweise belegt","rule_medium","label_50q_has_datenqualitaet_datenpunkt",""
"datenpunkt/Svanen_Kindergarten_Gladsaxe__005__Materialeinsparung","has_datenqualitaet","datenqualitaet/Belegt","Materialeinsparung | 6.278 | Award-/Presseangabe | Gesamtprojekt, nicht Direct-Reuse-only | [S7], [S9] | teilweise belegt","rule_medium","label_50q_has_datenqualitaet_datenpunkt",""
"datenpunkt/Svanen_Kindergarten_Gladsaxe__006__CO_Einsparung","has_datenqualitaet","datenqualitaet/Unbekannt","CO₂-Einsparung | 177.668 kg / ca. 178 t | Award-/Presseangabe | Gesamtprojekt; Bilanzgrenze unklar | [S7], [S9], [S10] | teilweise belegt","rule_medium","label_50q_has_datenqualitaet_datenpunkt",""
"datenpunkt/Svanen_Kindergarten_Gladsaxe__006__CO_Einsparung","has_datenqualitaet","datenqualitaet/Geschaetzt","CO₂-Einsparung | 177.668 kg / ca. 178 t | Award-/Presseangabe | Gesamtprojekt; Bilanzgrenze unklar | [S7], [S9], [S10] | teilweise belegt","rule_medium","label_50q_has_datenqualitaet_datenpunkt",""
"datenpunkt/Svanen_Kindergarten_Gladsaxe__006__CO_Einsparung","has_datenqualitaet","datenqualitaet/Belegt","CO₂-Einsparung | 177.668 kg / ca. 178 t | Award-/Presseangabe | Gesamtprojekt; Bilanzgrenze unklar | [S7], [S9], [S10] | teilweise belegt","rule_medium","label_50q_has_datenqualitaet_datenpunkt",""
"datenpunkt/Svanen_Kindergarten_Gladsaxe__007__zerkleinerter_Beton","has_datenqualitaet","datenqualitaet/Belegt","zerkleinerter Beton | 6.000 | Synligbeton | Betonrecycling alte Schule | [S6] | teilweise belegt","rule_medium","label_50q_has_datenqualitaet_datenpunkt",""
"datenpunkt/Svanen_Kindergarten_Gladsaxe__008__Recyclingbeton_Zuschlag","has_datenqualitaet","datenqualitaet/Belegt","Recyclingbeton-Zuschlag | 600 | Synligbeton | grober Zuschlag in Fundament/tragenden Konstruktionen | [S6] | teilweise belegt","rule_medium","label_50q_has_datenqualitaet_datenpunkt",""
"datenpunkt/Svanen_Kindergarten_Gladsaxe__011__Transportdistanz","has_datenqualitaet","datenqualitaet/Unbekannt","Transportdistanz | sehr gering / same-site, exakte Distanz unbekannt | Projektlogik | alte Schule → Neubau auf gleichem Gelände | [S1] | teilweise belegt","rule_medium","label_50q_has_datenqualitaet_datenpunkt",""
"datenpunkt/Svanen_Kindergarten_Gladsaxe__011__Transportdistanz","has_datenqualitaet","datenqualitaet/Belegt","Transportdistanz | sehr gering / same-site, exakte Distanz unbekannt | Projektlogik | alte Schule → Neubau auf gleichem Gelände | [S1] | teilweise belegt","rule_medium","label_50q_has_datenqualitaet_datenpunkt",""
"datenpunkt/TRAE_High_Rise_Aarhus__001__H_he","has_datenqualitaet","datenqualitaet/Belegt","Höhe | 78 | Projektangabe | Gebäude | [S1], [S2], [S4] | belegt","rule_high","label_50q_has_datenqualitaet_datenpunkt",""
"datenpunkt/TRAE_High_Rise_Aarhus__002__Geschosse","has_datenqualitaet","datenqualitaet/Belegt","Geschosse | 20 | Projektangabe | höchster Turm | [S2], [S4], [S6] | belegt","rule_high","label_50q_has_datenqualitaet_datenpunkt",""
"datenpunkt/TRAE_High_Rise_Aarhus__003__Fl_che","has_datenqualitaet","datenqualitaet/Belegt","Fläche | 14.850 | Projektangabe | Gesamtprojekt | [S1], [S4] | belegt","rule_high","label_50q_has_datenqualitaet_datenpunkt",""
"datenpunkt/TRAE_High_Rise_Aarhus__004__Zeitraum","has_datenqualitaet","datenqualitaet/Belegt","Zeitraum | 2018–2025 | Lendager | Projekt | [S1] | belegt","rule_high","label_50q_has_datenqualitaet_datenpunkt",""
"datenpunkt/TRAE_High_Rise_Aarhus__005__Er_ffnung","has_datenqualitaet","datenqualitaet/Belegt","Eröffnung | 5. Mai 2025 | PFA | Gebäude | [S6] | belegt","rule_high","label_50q_has_datenqualitaet_datenpunkt",""
"datenpunkt/TRAE_High_Rise_Aarhus__006__embodied_carbon_reduction","has_datenqualitaet","datenqualitaet/Belegt","embodied carbon reduction | 30–50 | LCA nach Lendager | Vergleich konventioneller Beton-Hochbau | [S1] | teilweise belegt","rule_medium","label_50q_has_datenqualitaet_datenpunkt",""
"datenpunkt/TRAE_High_Rise_Aarhus__007__a_gain_CO_Footprint","has_datenqualitaet","datenqualitaet/Unbekannt","a:gain CO₂-Footprint | 130.096 | interne Berechnung | gelieferte Produkte / unbekannte Grenze | [S10] | teilweise belegt","rule_medium","label_50q_has_datenqualitaet_datenpunkt",""
"datenpunkt/TRAE_High_Rise_Aarhus__007__a_gain_CO_Footprint","has_datenqualitaet","datenqualitaet/Belegt","a:gain CO₂-Footprint | 130.096 | interne Berechnung | gelieferte Produkte / unbekannte Grenze | [S10] | teilweise belegt","rule_medium","label_50q_has_datenqualitaet_datenpunkt",""
"datenpunkt/TRAE_High_Rise_Aarhus__008__a_gain_waste_saved","has_datenqualitaet","datenqualitaet/Belegt","a:gain waste saved | 170.534 | interne Berechnung | gelieferte Produkte | [S10] | teilweise belegt","rule_medium","label_50q_has_datenqualitaet_datenpunkt",""
"datenpunkt/TRAE_High_Rise_Aarhus__009__a_gain_Produkte","has_datenqualitaet","datenqualitaet/Belegt","a:gain Produkte | 10.494 m² Akustik; 9.229 m² End-Grain; 7.669 m² Parkett; 110 m² Fenster; 67 m² Glaswand; 1.652 m² Akustik-Wand; 11.967 m Profile | interne Produktliste | gelieferte Produkte | [S10] | teilweise belegt","rule_medium","label_50q_has_datenqualitaet_datenpunkt",""
"datenpunkt/TRAE_High_Rise_Aarhus__010__U_Wert_KRONE_upcycled_windows","has_datenqualitaet","datenqualitaet/Belegt","U-Wert KRONE upcycled windows | 0,85 | Herstellerangabe | Fensterprodukt | [S8] | teilweise belegt","rule_medium","label_50q_has_datenqualitaet_datenpunkt",""
"datenpunkt/TRAE_High_Rise_Aarhus__011__Restlebensdauer_Alu_Fassade","has_datenqualitaet","datenqualitaet/Belegt","Restlebensdauer Alu-Fassade | 80–100 | Vortrag/Artikelangabe | wiederverwendete Alu-Paneele | [S9] | teilweise belegt","rule_medium","label_50q_has_datenqualitaet_datenpunkt",""
"datenpunkt/The_Green_House_Utrecht__004__Gew_chshausfl_che","has_datenqualitaet","datenqualitaet/Belegt","Gewächshausfläche | 80 | Projektangabe | Vertical Farming Greenhouse | Q1, Q2, Q4 | belegt","rule_high","label_50q_has_datenqualitaet_datenpunkt",""
"datenpunkt/The_Green_House_Utrecht__005__geplante_Standortnutzungsdauer","has_datenqualitaet","datenqualitaet/Belegt","geplante Standortnutzungsdauer | 15 | Projektangabe | temporäre Nutzung am Standort | Q1, Q4 | belegt","rule_high","label_50q_has_datenqualitaet_datenpunkt",""
"datenpunkt/The_Green_House_Utrecht__010__Bauzeit","has_datenqualitaet","datenqualitaet/Geschaetzt","Bauzeit | 2016–2018 ungefähr | Projekt-/News-Angaben | Planung/Bau gesamt | Q4, Q6 | teilweise belegt","rule_medium","label_50q_has_datenqualitaet_datenpunkt",""
"datenpunkt/The_Green_House_Utrecht__010__Bauzeit","has_datenqualitaet","datenqualitaet/Belegt","Bauzeit | 2016–2018 ungefähr | Projekt-/News-Angaben | Planung/Bau gesamt | Q4, Q6 | teilweise belegt","rule_medium","label_50q_has_datenqualitaet_datenpunkt",""
"datenpunkt/The_Green_House_Utrecht__013__Lebensdauer","has_datenqualitaet","datenqualitaet/Unbekannt","Lebensdauer | Standort 15; Bauteillebensdauer unbekannt | Projektangabe | Gebäude/Standort | Q1 | teilweise belegt","rule_medium","label_50q_has_datenqualitaet_datenpunkt",""
"datenpunkt/The_Green_House_Utrecht__013__Lebensdauer","has_datenqualitaet","datenqualitaet/Belegt","Lebensdauer | Standort 15; Bauteillebensdauer unbekannt | Projektangabe | Gebäude/Standort | Q1 | teilweise belegt","rule_medium","label_50q_has_datenqualitaet_datenpunkt",""
"datenpunkt/Thoravej_29_Copenhagen__001__Materialwiederverwendung","has_datenqualitaet","datenqualitaet/Belegt","Materialwiederverwendung | 95 | DTU-Analyse laut Projektwebsite | Gebäude/Transformation | Thoravej 29 | teilweise belegt","rule_medium","label_50q_has_datenqualitaet_datenpunkt",""
"datenpunkt/Thoravej_29_Copenhagen__002__CO_Reduktion_gegen_ber_Neubau","has_datenqualitaet","datenqualitaet/Belegt","CO₂-Reduktion gegenüber Neubau | bis 88 | DTU-Analyse laut Projektwebsite | Vergleich Neubau | Thoravej 29 | teilweise belegt","rule_medium","label_50q_has_datenqualitaet_datenpunkt",""
"datenpunkt/Thoravej_29_Copenhagen__003__Abfallreduktion","has_datenqualitaet","datenqualitaet/Belegt","Abfallreduktion | 90 | Projektangabe | Bauprozess | Thoravej 29 | teilweise belegt","rule_medium","label_50q_has_datenqualitaet_datenpunkt",""
"datenpunkt/Thoravej_29_Copenhagen__004__Fl_che","has_datenqualitaet","datenqualitaet/Unbekannt","Fläche | 6.224 / 6.336 | Projektangaben | Gebäude | Pihlmann / Illustrarch-HIC | unklar","rule_medium","label_50q_has_datenqualitaet_datenpunkt",""
"datenpunkt/Thoravej_29_Copenhagen__004__Fl_che","has_datenqualitaet","datenqualitaet/Belegt","Fläche | 6.224 / 6.336 | Projektangaben | Gebäude | Pihlmann / Illustrarch-HIC | unklar","rule_medium","label_50q_has_datenqualitaet_datenpunkt",""
"datenpunkt/Thoravej_29_Copenhagen__005__Fertigstellung","has_datenqualitaet","datenqualitaet/Belegt","Fertigstellung | Anfang 2025 | Projektangabe | Bau | Thoravej 29 | belegt","rule_high","label_50q_has_datenqualitaet_datenpunkt",""
"datenpunkt/Thoravej_29_Copenhagen__006__DGNB_Gold","has_datenqualitaet","datenqualitaet/Belegt","DGNB Gold | Vorzertifizierung 2023 | Zertifizierung | Gebäude | Thoravej 29 | belegt","rule_high","label_50q_has_datenqualitaet_datenpunkt",""
"datenpunkt/Timber_Square_London__002__Wiederverwendeter_Stahl","has_datenqualitaet","datenqualitaet/Belegt","Wiederverwendeter Stahl | 115 | HTS Stockmatcher | reused steel | S2, S7 | belegt","rule_high","label_50q_has_datenqualitaet_datenpunkt",""
"datenpunkt/Timber_Square_London__003__Wiederverwendeter_Stahl","has_datenqualitaet","datenqualitaet/Belegt","Wiederverwendeter Stahl | 116 | Mace | reused steel | S7 | belegt","rule_high","label_50q_has_datenqualitaet_datenpunkt",""
"datenpunkt/Timber_Square_London__004__Wiederverwendeter_Stahl","has_datenqualitaet","datenqualitaet/Belegt","Wiederverwendeter Stahl | 125 | Timber Development UK | reused steel | S8 | teilweise belegt","rule_medium","label_50q_has_datenqualitaet_datenpunkt",""
"datenpunkt/Timber_Square_London__005__CO_Einsparung_reused_steel","has_datenqualitaet","datenqualitaet/Belegt","CO₂-Einsparung reused steel | 216 | HTS project page | reused steel | S1, S2 | belegt, aber Konflikt","rule_medium","label_50q_has_datenqualitaet_datenpunkt",""
"datenpunkt/Timber_Square_London__006__CO_Einsparung_reused_steel","has_datenqualitaet","datenqualitaet/Belegt","CO₂-Einsparung reused steel | 276 | UKGBC / HTS topping out / Mace | reused steel | S3, S7 | belegt, aber Konflikt","rule_medium","label_50q_has_datenqualitaet_datenpunkt",""
"datenpunkt/Timber_Square_London__007__Retained_Print_Building_structure","has_datenqualitaet","datenqualitaet/Geschaetzt","Retained Print Building structure | ca. 80 | HTS/Bennetts/Mace | Bestandserhalt Print Building | S1, S2, S4 | belegt","rule_medium","label_50q_has_datenqualitaet_datenpunkt",""
"datenpunkt/Timber_Square_London__007__Retained_Print_Building_structure","has_datenqualitaet","datenqualitaet/Belegt","Retained Print Building structure | ca. 80 | HTS/Bennetts/Mace | Bestandserhalt Print Building | S1, S2, S4 | belegt","rule_high","label_50q_has_datenqualitaet_datenpunkt",""
"datenpunkt/Timber_Square_London__008__GIA","has_datenqualitaet","datenqualitaet/Belegt","GIA | 52.026 | HTS | Gesamtprojekt | S1, S2 | belegt","rule_high","label_50q_has_datenqualitaet_datenpunkt",""
"datenpunkt/Timber_Square_London__009__Area","has_datenqualitaet","datenqualitaet/Unbekannt","Area | 33.910 | Bennetts | Projektfläche, genaue Definition unklar | S4 | belegt","rule_medium","label_50q_has_datenqualitaet_datenpunkt",""
"datenpunkt/Timber_Square_London__009__Area","has_datenqualitaet","datenqualitaet/Belegt","Area | 33.910 | Bennetts | Projektfläche, genaue Definition unklar | S4 | belegt","rule_high","label_50q_has_datenqualitaet_datenpunkt",""
"datenpunkt/Timber_Square_London__010__Workspace","has_datenqualitaet","datenqualitaet/Belegt","Workspace | 365.000 | Landsec | vermietbare/Arbeitsflächen | S5 | belegt","rule_high","label_50q_has_datenqualitaet_datenpunkt",""
"datenpunkt/Timber_Square_London__011__Gesamtgr_e","has_datenqualitaet","datenqualitaet/Belegt","Gesamtgröße | 380.000 | Mace/Medien | Büro/Retail/Public Space | S7, S10 | teilweise belegt","rule_medium","label_50q_has_datenqualitaet_datenpunkt",""
"datenpunkt/Timber_Square_London__012__Upfront_carbon_total","has_datenqualitaet","datenqualitaet/Belegt","Upfront carbon total | 510 | Bennetts carbon data | A1-A5 total | S4 | belegt","rule_high","label_50q_has_datenqualitaet_datenpunkt",""
"datenpunkt/Timber_Square_London__013__Upfront_carbon_Stage_4","has_datenqualitaet","datenqualitaet/Belegt","Upfront carbon Stage 4 | <550 / 550 | Bennetts older/newer pages | A1-A5 | S4 | teilweise belegt","rule_medium","label_50q_has_datenqualitaet_datenpunkt",""
"datenpunkt/Timber_Square_London__014__Structural_embodied_carbon","has_datenqualitaet","datenqualitaet/Belegt","Structural embodied carbon | 205 | HTS | Struktur | S1 | belegt","rule_high","label_50q_has_datenqualitaet_datenpunkt",""
"datenpunkt/Timber_Square_London__015__Carbon_stored_by_timber","has_datenqualitaet","datenqualitaet/Unbekannt","Carbon stored by timber | 5.300 oder 4.999 | HTS | timber storage | S1, S7 | unklar","rule_medium","label_50q_has_datenqualitaet_datenpunkt",""
"datenpunkt/Timber_Square_London__015__Carbon_stored_by_timber","has_datenqualitaet","datenqualitaet/Belegt","Carbon stored by timber | 5.300 oder 4.999 | HTS | timber storage | S1, S7 | unklar","rule_medium","label_50q_has_datenqualitaet_datenpunkt",""
"datenpunkt/Timber_Square_London__016__Bauzeit_Completion","has_datenqualitaet","datenqualitaet/Unbekannt","Bauzeit/Completion | Q4 2025 / 2026 | Quellenvergleich | Projektstatus | S4, S7, S10 | unklar","rule_medium","label_50q_has_datenqualitaet_datenpunkt",""
"datenpunkt/Timber_Square_London__016__Bauzeit_Completion","has_datenqualitaet","datenqualitaet/Belegt","Bauzeit/Completion | Q4 2025 / 2026 | Quellenvergleich | Projektstatus | S4, S7, S10 | unklar","rule_medium","label_50q_has_datenqualitaet_datenpunkt",""
"datenpunkt/Timber_Square_London__018__Kosten","has_datenqualitaet","datenqualitaet/Unbekannt","Kosten | unbekannt reuse-spezifisch | - | - | - | unbekannt","rule_medium","label_50q_has_datenqualitaet_datenpunkt",""
"datenpunkt/Upcycle_Studios_Copenhagen__001__Reihenh_user","has_datenqualitaet","datenqualitaet/Belegt","Reihenhäuser | 20 | Projektangabe | Projekt | NREP; a:gain; EMF | belegt","rule_high","label_50q_has_datenqualitaet_datenpunkt",""
"datenpunkt/Upcycle_Studios_Copenhagen__002__Fl_che","has_datenqualitaet","datenqualitaet/Belegt","Fläche | 3.440 | Projektangabe | Projekt | NREP | belegt","rule_high","label_50q_has_datenqualitaet_datenpunkt",""
"datenpunkt/Upcycle_Studios_Copenhagen__003__Fl_che","has_datenqualitaet","datenqualitaet/Belegt","Fläche | 3.909 | Projektangabe | Projekt | Lendager | belegt, aber Konflikt","rule_medium","label_50q_has_datenqualitaet_datenpunkt",""
"datenpunkt/Upcycle_Studios_Copenhagen__004__Fertigstellung","has_datenqualitaet","datenqualitaet/Belegt","Fertigstellung | 2018 | Projektangabe | Projekt | NREP; EMF | belegt","rule_high","label_50q_has_datenqualitaet_datenpunkt",""
"datenpunkt/Upcycle_Studios_Copenhagen__005__Fertigstellung","has_datenqualitaet","datenqualitaet/Belegt","Fertigstellung | 2019 | Projektangabe | Projekt | a:gain | Konflikt","rule_medium","label_50q_has_datenqualitaet_datenpunkt",""
"datenpunkt/Upcycle_Studios_Copenhagen__006__Fenster_wiederverwendet","has_datenqualitaet","datenqualitaet/Unbekannt","Fenster wiederverwendet | 75 | unbekannt | Fenster | a:gain; EMF | belegt","rule_medium","label_50q_has_datenqualitaet_datenpunkt",""
"datenpunkt/Upcycle_Studios_Copenhagen__006__Fenster_wiederverwendet","has_datenqualitaet","datenqualitaet/Belegt","Fenster wiederverwendet | 75 | unbekannt | Fenster | a:gain; EMF | belegt","rule_high","label_50q_has_datenqualitaet_datenpunkt",""
"datenpunkt/Upcycle_Studios_Copenhagen__007__Upcycled_recycled_Anteil","has_datenqualitaet","datenqualitaet/Belegt","Upcycled/recycled Anteil | > 2/3 | Projektangabe | Gesamtgebäude | NREP | teilweise belegt","rule_medium","label_50q_has_datenqualitaet_datenpunkt",""
"datenpunkt/Upcycle_Studios_Copenhagen__008__Beton_aus_Metro_Abfall","has_datenqualitaet","datenqualitaet/Unbekannt","Beton aus Metro-Abfall | 904 | unbekannt | Betonmaterial | NREP | belegt","rule_medium","label_50q_has_datenqualitaet_datenpunkt",""
"datenpunkt/Upcycle_Studios_Copenhagen__008__Beton_aus_Metro_Abfall","has_datenqualitaet","datenqualitaet/Belegt","Beton aus Metro-Abfall | 904 | unbekannt | Betonmaterial | NREP | belegt","rule_high","label_50q_has_datenqualitaet_datenpunkt",""
"datenpunkt/Upcycle_Studios_Copenhagen__009__Beton_aus_Metro_Abfall","has_datenqualitaet","datenqualitaet/Belegt","Beton aus Metro-Abfall | 1000 | interne Berechnung | Betonmaterial | a:gain | Konflikt","rule_medium","label_50q_has_datenqualitaet_datenpunkt",""
"datenpunkt/Upcycle_Studios_Copenhagen__010__Beton_aus_Metro_Abfall","has_datenqualitaet","datenqualitaet/Unbekannt","Beton aus Metro-Abfall | 1400 tons / ca. 1270 t | unbekannt | Betonmaterial | EMF | Konflikt","rule_medium","label_50q_has_datenqualitaet_datenpunkt",""
"datenpunkt/Upcycle_Studios_Copenhagen__010__Beton_aus_Metro_Abfall","has_datenqualitaet","datenqualitaet/Geschaetzt","Beton aus Metro-Abfall | 1400 tons / ca. 1270 t | unbekannt | Betonmaterial | EMF | Konflikt","rule_medium","label_50q_has_datenqualitaet_datenpunkt",""
"datenpunkt/Upcycle_Studios_Copenhagen__010__Beton_aus_Metro_Abfall","has_datenqualitaet","datenqualitaet/Belegt","Beton aus Metro-Abfall | 1400 tons / ca. 1270 t | unbekannt | Betonmaterial | EMF | Konflikt","rule_medium","label_50q_has_datenqualitaet_datenpunkt",""
"datenpunkt/Upcycle_Studios_Copenhagen__011__Abfall_vermieden","has_datenqualitaet","datenqualitaet/Belegt","Abfall vermieden | 914.000 | interne Berechnung | Projekt | a:gain | teilweise belegt","rule_medium","label_50q_has_datenqualitaet_datenpunkt",""
"datenpunkt/Upcycle_Studios_Copenhagen__012__CO_Reduktion_Materialien","has_datenqualitaet","datenqualitaet/Belegt","CO₂-Reduktion Materialien | 32 | LCA | Materialphase | NREP | teilweise belegt","rule_medium","label_50q_has_datenqualitaet_datenpunkt",""
"datenpunkt/Upcycle_Studios_Copenhagen__013__CO_Einsparung_ber_50_Jahre","has_datenqualitaet","datenqualitaet/Belegt","CO₂-Einsparung über 50 Jahre | 45 | LCA/LCC | embodied + operation, 50 Jahre | NREP; Lendager | teilweise belegt","rule_medium","label_50q_has_datenqualitaet_datenpunkt",""
"datenpunkt/Upcycle_Studios_Copenhagen__014__CO_Footprint","has_datenqualitaet","datenqualitaet/Unbekannt","CO₂-Footprint | 53.182 | interne Berechnung | unbekannt | a:gain | unklar","rule_medium","label_50q_has_datenqualitaet_datenpunkt",""
"datenpunkt/Upcycle_Studios_Copenhagen__014__CO_Footprint","has_datenqualitaet","datenqualitaet/Belegt","CO₂-Footprint | 53.182 | interne Berechnung | unbekannt | a:gain | unklar","rule_medium","label_50q_has_datenqualitaet_datenpunkt",""
"datenpunkt/Upcycle_Studios_Copenhagen__017__Lebensdauer","has_datenqualitaet","datenqualitaet/Belegt","Lebensdauer | 50 | LCA-Annahme | Betrachtungszeitraum | NREP | teilweise belegt","rule_medium","label_50q_has_datenqualitaet_datenpunkt",""
"datenpunkt/Verbiest_Karreveld_Brussels__001__Karreveld_wiederverwendete_Innenw_nde","has_datenqualitaet","datenqualitaet/Geschaetzt","Karreveld wiederverwendete Innenwände | ca. 450 | Opalis-Projektangabe | Phase 1, in-situ | Q4 | belegt","rule_medium","label_50q_has_datenqualitaet_datenpunkt",""
"datenpunkt/Verbiest_Karreveld_Brussels__001__Karreveld_wiederverwendete_Innenw_nde","has_datenqualitaet","datenqualitaet/Belegt","Karreveld wiederverwendete Innenwände | ca. 450 | Opalis-Projektangabe | Phase 1, in-situ | Q4 | belegt","rule_high","label_50q_has_datenqualitaet_datenpunkt",""
"datenpunkt/Verbiest_Karreveld_Brussels__001__Karreveld_wiederverwendete_Innenw_nde","uses_software_digitaltool","software_digitaltool/Opalis","Karreveld wiederverwendete Innenwände | ca. 450 | Opalis-Projektangabe | Q4","rule_high","label_50q_uses_software_datenpunkt_method",""
"datenpunkt/Verbiest_Karreveld_Brussels__002__Karreveld_wiederverwendete_abgeh_ngte_Decke_Leuc","has_datenqualitaet","datenqualitaet/Geschaetzt","Karreveld wiederverwendete abgehängte Decke + Leuchten | ca. 400 | Opalis-Projektangabe | Phase 1, in-situ | Q4 | belegt","rule_medium","label_50q_has_datenqualitaet_datenpunkt",""
"datenpunkt/Verbiest_Karreveld_Brussels__002__Karreveld_wiederverwendete_abgeh_ngte_Decke_Leuc","has_datenqualitaet","datenqualitaet/Belegt","Karreveld wiederverwendete abgehängte Decke + Leuchten | ca. 400 | Opalis-Projektangabe | Phase 1, in-situ | Q4 | belegt","rule_high","label_50q_has_datenqualitaet_datenpunkt",""
"datenpunkt/Verbiest_Karreveld_Brussels__002__Karreveld_wiederverwendete_abgeh_ngte_Decke_Leuc","uses_software_digitaltool","software_digitaltool/Opalis","Karreveld wiederverwendete abgehängte Decke + Leuchten | ca. 400 | Opalis-Projektangabe | Q4","rule_high","label_50q_uses_software_datenpunkt_method",""
"datenpunkt/Verbiest_Karreveld_Brussels__003__Verbiest_Projektfl_che","has_datenqualitaet","datenqualitaet/Belegt","Verbiest Projektfläche | 610 | AgwA-Projektangabe | Verbiest | Q1 | belegt","rule_high","label_50q_has_datenqualitaet_datenpunkt",""
"datenpunkt/Verbiest_Karreveld_Brussels__004__Verbiest_Bestandslager","has_datenqualitaet","datenqualitaet/Belegt","Verbiest Bestandslager | fast 1000 | AgwA-Text | ursprüngliches Lagerhaus | Q1 | belegt","rule_high","label_50q_has_datenqualitaet_datenpunkt",""
"datenpunkt/Verbiest_Karreveld_Brussels__005__Karreveld_Phase_2_Kosten","has_datenqualitaet","datenqualitaet/Belegt","Karreveld Phase-2-Kosten | 6.000.000 | AgwA-Projektangabe | Gesamtprojektphase, nicht Reuse-Kosten | Q3 | belegt, nicht reuse-spezifisch","rule_medium","label_50q_has_datenqualitaet_datenpunkt",""
"datenpunkt/Verbiest_Karreveld_Brussels__011__Bauzeit","has_datenqualitaet","datenqualitaet/Belegt","Bauzeit | Verbiest bis 2020; Karreveld Phasen bis 2022/2023 | Projektquellen | Projektstatus | Q1, Q3, Q5 | teilweise belegt","rule_medium","label_50q_has_datenqualitaet_datenpunkt",""
"datenpunkt/Villa_Welpeloo_Enschede__001__Anteil_salvaged_reused_materials","has_datenqualitaet","datenqualitaet/Unbekannt","Anteil salvaged/reused materials | ca. 60 | Projektbericht/Sekundärdarstellung | Gesamtmaterial, genaue Methode unbekannt | S2, S6, S7 | teilweise belegt","rule_medium","label_50q_has_datenqualitaet_datenpunkt",""
"datenpunkt/Villa_Welpeloo_Enschede__001__Anteil_salvaged_reused_materials","has_datenqualitaet","datenqualitaet/Geschaetzt","Anteil salvaged/reused materials | ca. 60 | Projektbericht/Sekundärdarstellung | Gesamtmaterial, genaue Methode unbekannt | S2, S6, S7 | teilweise belegt","rule_medium","label_50q_has_datenqualitaet_datenpunkt",""
"datenpunkt/Villa_Welpeloo_Enschede__001__Anteil_salvaged_reused_materials","has_datenqualitaet","datenqualitaet/Sekundaerquelle","Anteil salvaged/reused materials | ca. 60 | Projektbericht/Sekundärdarstellung | Gesamtmaterial, genaue Methode unbekannt | S2, S6, S7 | teilweise belegt","rule_medium","label_50q_has_datenqualitaet_datenpunkt",""
"datenpunkt/Villa_Welpeloo_Enschede__001__Anteil_salvaged_reused_materials","has_datenqualitaet","datenqualitaet/Belegt","Anteil salvaged/reused materials | ca. 60 | Projektbericht/Sekundärdarstellung | Gesamtmaterial, genaue Methode unbekannt | S2, S6, S7 | teilweise belegt","rule_medium","label_50q_has_datenqualitaet_datenpunkt",""
"datenpunkt/Villa_Welpeloo_Enschede__002__Anteil_Innenausbau_reused","has_datenqualitaet","datenqualitaet/Geschaetzt","Anteil Innenausbau reused | ca. 90 | Sekundärquelle | Innenausbau | S5, S7 | teilweise belegt","rule_medium","label_50q_has_datenqualitaet_datenpunkt",""
"datenpunkt/Villa_Welpeloo_Enschede__002__Anteil_Innenausbau_reused","has_datenqualitaet","datenqualitaet/Sekundaerquelle","Anteil Innenausbau reused | ca. 90 | Sekundärquelle | Innenausbau | S5, S7 | teilweise belegt","rule_medium","label_50q_has_datenqualitaet_datenpunkt",""
"datenpunkt/Villa_Welpeloo_Enschede__002__Anteil_Innenausbau_reused","has_datenqualitaet","datenqualitaet/Belegt","Anteil Innenausbau reused | ca. 90 | Sekundärquelle | Innenausbau | S5, S7 | teilweise belegt","rule_medium","label_50q_has_datenqualitaet_datenpunkt",""
"datenpunkt/Villa_Welpeloo_Enschede__003__CO_Reduktion_Struktur_und_Fassade","has_datenqualitaet","datenqualitaet/Geschaetzt","CO₂-Reduktion Struktur und Fassade | ca. 90 | nicht offengelegte Methodik | Konstruktion und Fassade | S1, S6 | teilweise belegt","rule_medium","label_50q_has_datenqualitaet_datenpunkt",""
"datenpunkt/Villa_Welpeloo_Enschede__003__CO_Reduktion_Struktur_und_Fassade","has_datenqualitaet","datenqualitaet/Belegt","CO₂-Reduktion Struktur und Fassade | ca. 90 | nicht offengelegte Methodik | Konstruktion und Fassade | S1, S6 | teilweise belegt","rule_medium","label_50q_has_datenqualitaet_datenpunkt",""
"datenpunkt/Villa_Welpeloo_Enschede__004__Fertigstellung","has_datenqualitaet","datenqualitaet/Belegt","Fertigstellung | 2009 | Projektseite | Projekt | S1, S4 | belegt","rule_high","label_50q_has_datenqualitaet_datenpunkt",""
"datenpunkt/Villa_Welpeloo_Enschede__005__Entwurfsbeginn","has_datenqualitaet","datenqualitaet/Belegt","Entwurfsbeginn | 2005 | Architectuurgids / DASH | Projekt | S4, S8 | teilweise belegt","rule_medium","label_50q_has_datenqualitaet_datenpunkt",""
"datenpunkt/Villa_Welpeloo_Enschede__006__Fl_che","has_datenqualitaet","datenqualitaet/Unbekannt","Fläche | 250 / 312 / 400 | widersprüchliche Quellen | Gebäudefläche | S4, S9, S5 | unklar","rule_medium","label_50q_has_datenqualitaet_datenpunkt",""
"datenpunkt/Villa_Welpeloo_Enschede__006__Fl_che","has_datenqualitaet","datenqualitaet/Widerspruechlich","Fläche | 250 / 312 / 400 | widersprüchliche Quellen | Gebäudefläche | S4, S9, S5 | unklar","rule_high","label_50q_has_datenqualitaet_datenpunkt",""
"datenpunkt/Villa_Welpeloo_Enschede__006__Fl_che","has_datenqualitaet","datenqualitaet/Belegt","Fläche | 250 / 312 / 400 | widersprüchliche Quellen | Gebäudefläche | S4, S9, S5 | unklar","rule_medium","label_50q_has_datenqualitaet_datenpunkt",""
"datenpunkt/Villa_Welpeloo_Enschede__009__Kosten","has_datenqualitaet","datenqualitaet/Unbekannt","Kosten | unbekannt reuse-spezifisch | - | Reuse | - | unbekannt","rule_medium","label_50q_has_datenqualitaet_datenpunkt",""
"datenpunkt/Woongroep_Boschgaard_Den_Bosch__001__Wohneinheiten","has_datenqualitaet","datenqualitaet/Belegt","Wohneinheiten | 19 | Projektangabe | Projekt | Superuse; Zayaz | belegt","rule_high","label_50q_has_datenqualitaet_datenpunkt",""
"datenpunkt/Woongroep_Boschgaard_Den_Bosch__002__Fertigstellung_Nutzung","has_datenqualitaet","datenqualitaet/Belegt","Fertigstellung / Nutzung | Anfang 2024 | Projektangabe | Projekt | Houtbouw Lente | belegt","rule_high","label_50q_has_datenqualitaet_datenpunkt",""
"datenpunkt/Woongroep_Boschgaard_Den_Bosch__003__Sekund_re_Materialien","has_datenqualitaet","datenqualitaet/Unbekannt","Sekundäre Materialien | 84 | unbekannt | alle Materialien / Gebäude, laut Superuse | Superuse | teilweise belegt","rule_medium","label_50q_has_datenqualitaet_datenpunkt",""
"datenpunkt/Woongroep_Boschgaard_Den_Bosch__003__Sekund_re_Materialien","has_datenqualitaet","datenqualitaet/Belegt","Sekundäre Materialien | 84 | unbekannt | alle Materialien / Gebäude, laut Superuse | Superuse | teilweise belegt","rule_medium","label_50q_has_datenqualitaet_datenpunkt",""
"datenpunkt/Woongroep_Boschgaard_Den_Bosch__004__Geerntete_Materialien","has_datenqualitaet","datenqualitaet/Unbekannt","Geerntete Materialien | ca. 85 | unbekannt | Gebäude, laut Houtbouw Lente/Boschgaard | Houtbouw Lente; Boschgaard | teilweise belegt","rule_medium","label_50q_has_datenqualitaet_datenpunkt",""
"datenpunkt/Woongroep_Boschgaard_Den_Bosch__004__Geerntete_Materialien","has_datenqualitaet","datenqualitaet/Geschaetzt","Geerntete Materialien | ca. 85 | unbekannt | Gebäude, laut Houtbouw Lente/Boschgaard | Houtbouw Lente; Boschgaard | teilweise belegt","rule_medium","label_50q_has_datenqualitaet_datenpunkt",""
"datenpunkt/Woongroep_Boschgaard_Den_Bosch__004__Geerntete_Materialien","has_datenqualitaet","datenqualitaet/Belegt","Geerntete Materialien | ca. 85 | unbekannt | Gebäude, laut Houtbouw Lente/Boschgaard | Houtbouw Lente; Boschgaard | teilweise belegt","rule_medium","label_50q_has_datenqualitaet_datenpunkt",""
"datenpunkt/Woongroep_Boschgaard_Den_Bosch__005__Zielwert_Reuse","has_datenqualitaet","datenqualitaet/Belegt","Zielwert Reuse | 90 | Ziel/Planung | Baumaterialien | Boschgaard | teilweise belegt","rule_medium","label_50q_has_datenqualitaet_datenpunkt",""
"datenpunkt/Woongroep_Boschgaard_Den_Bosch__006__CO_Einsparung","has_datenqualitaet","datenqualitaet/Unbekannt","CO₂-Einsparung | 70 | unbekannt | Vergleich mit aktuellem Baustandard | Superuse; Boschgaard-Fassadenartikel | teilweise belegt","rule_medium","label_50q_has_datenqualitaet_datenpunkt",""
"datenpunkt/Woongroep_Boschgaard_Den_Bosch__006__CO_Einsparung","has_datenqualitaet","datenqualitaet/Belegt","CO₂-Einsparung | 70 | unbekannt | Vergleich mit aktuellem Baustandard | Superuse; Boschgaard-Fassadenartikel | teilweise belegt","rule_medium","label_50q_has_datenqualitaet_datenpunkt",""
"datenpunkt/Woongroep_Boschgaard_Den_Bosch__007__vermiedene_Umweltsch_den","has_datenqualitaet","datenqualitaet/Unbekannt","vermiedene Umweltschäden | 700.000 | unbekannt | „future environmental damage“ | Superuse | teilweise belegt","rule_medium","label_50q_has_datenqualitaet_datenpunkt",""
"datenpunkt/Woongroep_Boschgaard_Den_Bosch__007__vermiedene_Umweltsch_den","has_datenqualitaet","datenqualitaet/Belegt","vermiedene Umweltschäden | 700.000 | unbekannt | „future environmental damage“ | Superuse | teilweise belegt","rule_medium","label_50q_has_datenqualitaet_datenpunkt",""
"datenpunkt/Woongroep_Boschgaard_Den_Bosch__008__Anteil_an_Baukosten","has_datenqualitaet","datenqualitaet/Unbekannt","Anteil an Baukosten | 1/5 | unbekannt | Vergleich zu Baukosten | Superuse | teilweise belegt","rule_medium","label_50q_has_datenqualitaet_datenpunkt",""
"datenpunkt/Woongroep_Boschgaard_Den_Bosch__008__Anteil_an_Baukosten","has_datenqualitaet","datenqualitaet/Belegt","Anteil an Baukosten | 1/5 | unbekannt | Vergleich zu Baukosten | Superuse | teilweise belegt","rule_medium","label_50q_has_datenqualitaet_datenpunkt",""
"datenpunkt/Woongroep_Boschgaard_Den_Bosch__009__PV_Anlage","has_datenqualitaet","datenqualitaet/Belegt","PV-Anlage | 234 | Projektangabe | Betrieb / Energie | Boschgaard | belegt","rule_high","label_50q_has_datenqualitaet_datenpunkt",""
"datenpunkt/Woongroep_Boschgaard_Den_Bosch__010__Erdw_rmesonden","has_datenqualitaet","datenqualitaet/Belegt","Erdwärmesonden | 80 | Projektangabe | TGA | Boschgaard | belegt","rule_high","label_50q_has_datenqualitaet_datenpunkt",""
"datenpunkt/Woongroep_Boschgaard_Den_Bosch__011__Regenwasserspeicher","has_datenqualitaet","datenqualitaet/Belegt","Regenwasserspeicher | bis 80 | Projektangabe | Betrieb Wasser | Boschgaard | belegt","rule_high","label_50q_has_datenqualitaet_datenpunkt",""
"datenpunkt/Woongroep_Boschgaard_Den_Bosch__012__wiederverwendete_Dachspanten","has_datenqualitaet","datenqualitaet/Belegt","wiederverwendete Dachspanten | 24 | Presseangabe | Bauteile aus Bibliothek | ED.nl | teilweise belegt","rule_medium","label_50q_has_datenqualitaet_datenpunkt",""
"datenpunkt/Zinneke_Feder_Masui4ever_Brussels__001__erhaltene_Geb_udemasse","has_datenqualitaet","datenqualitaet/Unbekannt","erhaltene Gebäudemasse | 94 | unbekannt | Bestandserhalt | [S3], [S4] | belegt, aber nicht Direct Reuse","rule_medium","label_50q_has_datenqualitaet_datenpunkt",""
"datenpunkt/Zinneke_Feder_Masui4ever_Brussels__001__erhaltene_Geb_udemasse","has_datenqualitaet","datenqualitaet/Belegt","erhaltene Gebäudemasse | 94 | unbekannt | Bestandserhalt | [S3], [S4] | belegt, aber nicht Direct Reuse","rule_medium","label_50q_has_datenqualitaet_datenpunkt",""
"datenpunkt/Zinneke_Feder_Masui4ever_Brussels__002__Anteil_Second_hand_an_neuen_Materialien","has_datenqualitaet","datenqualitaet/Unbekannt","Anteil Second-hand an neuen Materialien | 12 | unbekannt | neue Entwicklungen / neue Einbauten | [S1], [S3], [S4] | belegt","rule_medium","label_50q_has_datenqualitaet_datenpunkt",""
"datenpunkt/Zinneke_Feder_Masui4ever_Brussels__002__Anteil_Second_hand_an_neuen_Materialien","has_datenqualitaet","datenqualitaet/Belegt","Anteil Second-hand an neuen Materialien | 12 | unbekannt | neue Entwicklungen / neue Einbauten | [S1], [S3], [S4] | belegt","rule_high","label_50q_has_datenqualitaet_datenpunkt",""
"datenpunkt/Zinneke_Feder_Masui4ever_Brussels__003__Stahltr_ger_reused","has_datenqualitaet","datenqualitaet/Unbekannt","Stahlträger reused | ca. 30 | unbekannt | neue Öffnungen | [S1], [S3], [S4] | belegt","rule_medium","label_50q_has_datenqualitaet_datenpunkt",""
"datenpunkt/Zinneke_Feder_Masui4ever_Brussels__003__Stahltr_ger_reused","has_datenqualitaet","datenqualitaet/Geschaetzt","Stahlträger reused | ca. 30 | unbekannt | neue Öffnungen | [S1], [S3], [S4] | belegt","rule_medium","label_50q_has_datenqualitaet_datenpunkt",""
"datenpunkt/Zinneke_Feder_Masui4ever_Brussels__003__Stahltr_ger_reused","has_datenqualitaet","datenqualitaet/Belegt","Stahlträger reused | ca. 30 | unbekannt | neue Öffnungen | [S1], [S3], [S4] | belegt","rule_high","label_50q_has_datenqualitaet_datenpunkt",""
"datenpunkt/Zinneke_Feder_Masui4ever_Brussels__004__Fensterrahmen_reused","has_datenqualitaet","datenqualitaet/Unbekannt","Fensterrahmen reused | 5 | unbekannt | rückwärtige Fassade | [S1], [S4] | belegt","rule_medium","label_50q_has_datenqualitaet_datenpunkt",""
"datenpunkt/Zinneke_Feder_Masui4ever_Brussels__004__Fensterrahmen_reused","has_datenqualitaet","datenqualitaet/Belegt","Fensterrahmen reused | 5 | unbekannt | rückwärtige Fassade | [S1], [S4] | belegt","rule_high","label_50q_has_datenqualitaet_datenpunkt",""
"datenpunkt/Zinneke_Feder_Masui4ever_Brussels__005__Steinwolle_D_mmung_reused","has_datenqualitaet","datenqualitaet/Unbekannt","Steinwolle-Dämmung reused | 450 | unbekannt | Dämmplatten | [S1], [S4] | belegt","rule_medium","label_50q_has_datenqualitaet_datenpunkt",""
"datenpunkt/Zinneke_Feder_Masui4ever_Brussels__005__Steinwolle_D_mmung_reused","has_datenqualitaet","datenqualitaet/Belegt","Steinwolle-Dämmung reused | 450 | unbekannt | Dämmplatten | [S1], [S4] | belegt","rule_high","label_50q_has_datenqualitaet_datenpunkt",""
"datenpunkt/Zinneke_Feder_Masui4ever_Brussels__006__Stahl_Treppen_reused","has_datenqualitaet","datenqualitaet/Unbekannt","Stahl-Treppen reused | 2 | unbekannt | Erschließung | [S1], [S4] | belegt","rule_medium","label_50q_has_datenqualitaet_datenpunkt",""
"datenpunkt/Zinneke_Feder_Masui4ever_Brussels__006__Stahl_Treppen_reused","has_datenqualitaet","datenqualitaet/Belegt","Stahl-Treppen reused | 2 | unbekannt | Erschließung | [S1], [S4] | belegt","rule_high","label_50q_has_datenqualitaet_datenpunkt",""
"datenpunkt/Zinneke_Feder_Masui4ever_Brussels__007__Azob_Terrassendielen","has_datenqualitaet","datenqualitaet/Unbekannt","Azobé-Terrassendielen | 90 | unbekannt | Terrasse | [S1], [S4] | belegt","rule_medium","label_50q_has_datenqualitaet_datenpunkt",""
"datenpunkt/Zinneke_Feder_Masui4ever_Brussels__007__Azob_Terrassendielen","has_datenqualitaet","datenqualitaet/Belegt","Azobé-Terrassendielen | 90 | unbekannt | Terrasse | [S1], [S4] | belegt","rule_high","label_50q_has_datenqualitaet_datenpunkt",""
"datenpunkt/Zinneke_Feder_Masui4ever_Brussels__008__Eichenparkett","has_datenqualitaet","datenqualitaet/Unbekannt","Eichenparkett | 300 | unbekannt | Büros | [S1], [S4] | belegt","rule_medium","label_50q_has_datenqualitaet_datenpunkt",""
"datenpunkt/Zinneke_Feder_Masui4ever_Brussels__008__Eichenparkett","has_datenqualitaet","datenqualitaet/Belegt","Eichenparkett | 300 | unbekannt | Büros | [S1], [S4] | belegt","rule_high","label_50q_has_datenqualitaet_datenpunkt",""
"datenpunkt/Zinneke_Feder_Masui4ever_Brussels__009__Heizk_rper","has_datenqualitaet","datenqualitaet/Unbekannt","Heizkörper | ca. 20 | unbekannt | TGA | [S1], [S4] | belegt","rule_medium","label_50q_has_datenqualitaet_datenpunkt",""
"datenpunkt/Zinneke_Feder_Masui4ever_Brussels__009__Heizk_rper","has_datenqualitaet","datenqualitaet/Geschaetzt","Heizkörper | ca. 20 | unbekannt | TGA | [S1], [S4] | belegt","rule_medium","label_50q_has_datenqualitaet_datenpunkt",""
"datenpunkt/Zinneke_Feder_Masui4ever_Brussels__009__Heizk_rper","has_datenqualitaet","datenqualitaet/Belegt","Heizkörper | ca. 20 | unbekannt | TGA | [S1], [S4] | belegt","rule_high","label_50q_has_datenqualitaet_datenpunkt",""
"datenpunkt/Zinneke_Feder_Masui4ever_Brussels__010__T_ren","has_datenqualitaet","datenqualitaet/Unbekannt","Türen | >20 | unbekannt | Innenausbau / Brandschutz teils | [S1], [S4] | belegt","rule_medium","label_50q_has_datenqualitaet_datenpunkt",""
"datenpunkt/Zinneke_Feder_Masui4ever_Brussels__010__T_ren","has_datenqualitaet","datenqualitaet/Belegt","Türen | >20 | unbekannt | Innenausbau / Brandschutz teils | [S1], [S4] | belegt","rule_high","label_50q_has_datenqualitaet_datenpunkt",""
"datenpunkt/Zinneke_Feder_Masui4ever_Brussels__011__L_ftungsgruppe","has_datenqualitaet","datenqualitaet/Unbekannt","Lüftungsgruppe | 1 | unbekannt | TGA | [S1], [S4] | belegt","rule_medium","label_50q_has_datenqualitaet_datenpunkt",""
"datenpunkt/Zinneke_Feder_Masui4ever_Brussels__011__L_ftungsgruppe","has_datenqualitaet","datenqualitaet/Belegt","Lüftungsgruppe | 1 | unbekannt | TGA | [S1], [S4] | belegt","rule_high","label_50q_has_datenqualitaet_datenpunkt",""
"datenpunkt/Zinneke_Feder_Masui4ever_Brussels__012__Fl_che","has_datenqualitaet","datenqualitaet/Unbekannt","Fläche | 2.088 / 4.000 | unbekannt | Gebäude/Facilities je Quelle | [S1], [S2], [S3] | teilweise belegt; Quellen differieren","rule_medium","label_50q_has_datenqualitaet_datenpunkt",""
"datenpunkt/Zinneke_Feder_Masui4ever_Brussels__012__Fl_che","has_datenqualitaet","datenqualitaet/Belegt","Fläche | 2.088 / 4.000 | unbekannt | Gebäude/Facilities je Quelle | [S1], [S2], [S3] | teilweise belegt; Quellen differieren","rule_medium","label_50q_has_datenqualitaet_datenpunkt",""
"datenpunkt/Zinneke_Feder_Masui4ever_Brussels__013__Budget","has_datenqualitaet","datenqualitaet/Unbekannt","Budget | 4,24 | unbekannt | Gesamtbudget Masui4Ever | [S2] | belegt","rule_medium","label_50q_has_datenqualitaet_datenpunkt",""
"datenpunkt/Zinneke_Feder_Masui4ever_Brussels__013__Budget","has_datenqualitaet","datenqualitaet/Belegt","Budget | 4,24 | unbekannt | Gesamtbudget Masui4Ever | [S2] | belegt","rule_high","label_50q_has_datenqualitaet_datenpunkt",""
"datenpunkt/Zinneke_Feder_Masui4ever_Brussels__014__EU_BCR_Budget","has_datenqualitaet","datenqualitaet/Unbekannt","EU + BCR Budget | 4,20 | unbekannt | Förderung | [S2] | belegt","rule_medium","label_50q_has_datenqualitaet_datenpunkt",""
"datenpunkt/Zinneke_Feder_Masui4ever_Brussels__014__EU_BCR_Budget","has_datenqualitaet","datenqualitaet/Belegt","EU + BCR Budget | 4,20 | unbekannt | Förderung | [S2] | belegt","rule_high","label_50q_has_datenqualitaet_datenpunkt",""
"datenpunkt/gjG_House_Gentbrugge__003__Fl_che","has_datenqualitaet","datenqualitaet/Belegt","Fläche | 190 | Projektdaten | Gebäude | [S1], [S2] | belegt","rule_high","label_50q_has_datenqualitaet_datenpunkt",""
"reuse_einsatz/AWM_Muenster_Circular_Office__001__Glastrennw_nde_und_T_ren","uses_software_digitaltool","software_digitaltool/Concular_Plattform","Behrensbau, Düsseldorf, über Concular | S4, S6","rule_high","label_50q_uses_software_reuse_source",""
"reuse_einsatz/Chiro_d_Itterbeek_Dilbeek__001__Fassadenziegel","uses_software_digitaltool","software_digitaltool/Opalis","Franck / Opalis-Händler | [S2], [S3], [S4], [S7]","rule_high","label_50q_uses_software_reuse_source",""
"reuse_einsatz/Chiro_d_Itterbeek_Dilbeek__002__Au_enst_rze","uses_software_digitaltool","software_digitaltool/Opalis","Gebruiktebouwmaterialen / Opalis-Händler | [S2], [S4]","rule_high","label_50q_uses_software_reuse_source",""
"reuse_einsatz/Chiro_d_Itterbeek_Dilbeek__006__Bodenfliesen","uses_software_digitaltool","software_digitaltool/RotorDC","RotorDC | [S2], [S4]","rule_high","label_50q_uses_software_reuse_source",""
"reuse_einsatz/Chiro_d_Itterbeek_Dilbeek__007__Wandfliesen","uses_software_digitaltool","software_digitaltool/RotorDC","RotorDC | [S2], [S4]","rule_high","label_50q_uses_software_reuse_source",""
"reuse_einsatz/Chiro_d_Itterbeek_Dilbeek__008__Sanit_robjekte","uses_software_digitaltool","software_digitaltool/RotorDC","RotorDC | [S2], [S4]","rule_high","label_50q_uses_software_reuse_source",""
"reuse_einsatz/Chiro_d_Itterbeek_Dilbeek__009__Leuchten","uses_software_digitaltool","software_digitaltool/RotorDC","RotorDC | [S2], [S4]","rule_high","label_50q_uses_software_reuse_source",""
"reuse_einsatz/Maison_Vignette_Auderghem__003__Wandfliesen","uses_software_digitaltool","software_digitaltool/RotorDC","Rotor DC | [S2]","rule_high","label_50q_uses_software_reuse_source",""
"reuse_einsatz/Maison_Vignette_Auderghem__004__Bodenfliesen","uses_software_digitaltool","software_digitaltool/RotorDC","Rotor DC | [S2]","rule_high","label_50q_uses_software_reuse_source",""
"reuse_einsatz/Maison_Vignette_Auderghem__006__Sanit_robjekte","uses_software_digitaltool","software_digitaltool/RotorDC","Rotor DC | [S2]","rule_high","label_50q_uses_software_reuse_source",""
"software_digitaltool/BIM","has_datenmodell","datenmodell/IFC","BIM | BIM","rule_medium","label_50q_has_datenmodell_software_profile",""
"software_digitaltool/Bauteilboerse_Bremen","has_tooltyp","tooltyp/Bauteilboerse","Bauteilbörse Bremen | Bauteilboerse_Bremen","rule_medium","label_50q_has_tooltyp_software_profile",""
"software_digitaltool/Bauteilboerse_Hannover","has_tooltyp","tooltyp/Bauteilboerse","Bauteilbörse Hannover | Bauteilboerse_Hannover","rule_medium","label_50q_has_tooltyp_software_profile",""
"software_digitaltool/Bauteilnetz_Deutschland","has_tooltyp","tooltyp/Bauteilboerse","Bauteilnetz Deutschland | Bauteilnetz_Deutschland","rule_medium","label_50q_has_tooltyp_software_profile",""
"software_digitaltool/Bonsai_BlenderBIM","has_datenmodell","datenmodell/IFC","Bonsai BlenderBIM | Bonsai_BlenderBIM","rule_medium","label_50q_has_datenmodell_software_profile",""
"software_digitaltool/CMEx","has_tooltyp","tooltyp/Materialdatenbank","CMEx | CMEx","rule_medium","label_50q_has_tooltyp_software_profile",""
"software_digitaltool/Concular_Plattform","has_datenmodell","datenmodell/Materialpass_Schema","Concular Plattform | Concular_Plattform","rule_medium","label_50q_has_datenmodell_software_profile",""
"software_digitaltool/Dataview","has_tooltyp","tooltyp/Materialdatenbank","Dataview | Dataview","rule_medium","label_50q_has_tooltyp_software_profile",""
"software_digitaltool/Dataview","has_datenmodell","datenmodell/Materialdatenbank","Dataview | Dataview","rule_medium","label_50q_has_datenmodell_software_profile",""
"software_digitaltool/Excess_Materials_Exchange","has_tooltyp","tooltyp/Bauteilboerse","Excess Materials Exchange | Excess_Materials_Exchange","rule_medium","label_50q_has_tooltyp_software_profile",""
"software_digitaltool/GIS_Urban_Mining","has_tooltyp","tooltyp/Materialdatenbank","GIS Urban Mining | GIS_Urban_Mining","rule_medium","label_50q_has_tooltyp_software_profile",""
"software_digitaltool/GIS_Urban_Mining","has_tooltyp","tooltyp/Materialkataster","GIS Urban Mining | GIS_Urban_Mining","rule_medium","label_50q_has_tooltyp_software_profile",""
"software_digitaltool/GIS_Urban_Mining","has_datenmodell","datenmodell/Materialdatenbank","GIS Urban Mining | GIS_Urban_Mining","rule_medium","label_50q_has_datenmodell_software_profile",""
"software_digitaltool/Globechain","has_tooltyp","tooltyp/Bauteilboerse","Globechain | Globechain","rule_medium","label_50q_has_tooltyp_software_profile",""
"software_digitaltool/IFC_Viewer","has_datenmodell","datenmodell/IFC","IFC Viewer | IFC_Viewer","rule_medium","label_50q_has_datenmodell_software_profile",""
"software_digitaltool/IfcOpenShell","has_datenmodell","datenmodell/IFC","IfcOpenShell | IfcOpenShell","rule_medium","label_50q_has_datenmodell_software_profile",""
"software_digitaltool/Library_of_Reuse","has_tooltyp","tooltyp/Bauteilboerse","Library of Reuse | Library_of_Reuse","rule_medium","label_50q_has_tooltyp_software_profile",""
"software_digitaltool/Library_of_Reuse","has_tooltyp","tooltyp/Materialdatenbank","Library of Reuse | Library_of_Reuse","rule_medium","label_50q_has_tooltyp_software_profile",""
"software_digitaltool/Lindner_Group_ReUsed_Products","has_tooltyp","tooltyp/Bauteilboerse","Lindner Group ReUsed Products | Lindner_Group_ReUsed_Products","rule_medium","label_50q_has_tooltyp_software_profile",""
"software_digitaltool/Loopfront","has_datenmodell","datenmodell/Bauteil_ID","Loopfront | Loopfront","rule_medium","label_50q_has_datenmodell_software_profile",""
"software_digitaltool/Maconda_Materialpass","has_tooltyp","tooltyp/Materialdatenbank","Maconda Materialpass | Maconda_Materialpass","rule_medium","label_50q_has_tooltyp_software_profile",""
"software_digitaltool/Maconda_Materialpass","has_tooltyp","tooltyp/Materialkataster","Maconda Materialpass | Maconda_Materialpass","rule_medium","label_50q_has_tooltyp_software_profile",""
"software_digitaltool/Maconda_Materialpass","has_datenmodell","datenmodell/Materialpass_Schema","Maconda Materialpass | Maconda_Materialpass","rule_medium","label_50q_has_datenmodell_software_profile",""
"software_digitaltool/Maconda_Materialpass","has_datenmodell","datenmodell/Materialdatenbank","Maconda Materialpass | Maconda_Materialpass","rule_medium","label_50q_has_datenmodell_software_profile",""
"software_digitaltool/Maconda_ROMULUS","has_tooltyp","tooltyp/Materialdatenbank","Maconda ROMULUS | Maconda_ROMULUS","rule_medium","label_50q_has_tooltyp_software_profile",""
"software_digitaltool/Maconda_ROMULUS","has_tooltyp","tooltyp/Materialkataster","Maconda ROMULUS | Maconda_ROMULUS","rule_medium","label_50q_has_tooltyp_software_profile",""
"software_digitaltool/Maconda_ROMULUS","has_datenmodell","datenmodell/Materialpass_Schema","Maconda ROMULUS | Maconda_ROMULUS","rule_medium","label_50q_has_datenmodell_software_profile",""
"software_digitaltool/Maconda_ROMULUS","has_datenmodell","datenmodell/Materialdatenbank","Maconda ROMULUS | Maconda_ROMULUS","rule_medium","label_50q_has_datenmodell_software_profile",""
"software_digitaltool/Madaster","has_tooltyp","tooltyp/Materialdatenbank","Madaster — vertieftes Forschungsdossier | Madaster","rule_medium","label_50q_has_tooltyp_software_profile",""
"software_digitaltool/Madaster","has_tooltyp","tooltyp/Materialkataster","Madaster — vertieftes Forschungsdossier | Madaster","rule_medium","label_50q_has_tooltyp_software_profile",""
"software_digitaltool/Madaster","has_datenmodell","datenmodell/Materialpass_Schema","Madaster — vertieftes Forschungsdossier | Madaster","rule_medium","label_50q_has_datenmodell_software_profile",""
"software_digitaltool/Madaster","has_datenmodell","datenmodell/Materialdatenbank","Madaster — vertieftes Forschungsdossier | Madaster","rule_medium","label_50q_has_datenmodell_software_profile",""
"software_digitaltool/Material_Index","has_tooltyp","tooltyp/Materialdatenbank","Material Index | Material_Index","rule_medium","label_50q_has_tooltyp_software_profile",""
"software_digitaltool/Material_Index","has_tooltyp","tooltyp/Materialkataster","Material Index | Material_Index","rule_medium","label_50q_has_tooltyp_software_profile",""
"software_digitaltool/Material_Index","has_datenmodell","datenmodell/Materialdatenbank","Material Index | Material_Index","rule_medium","label_50q_has_datenmodell_software_profile",""
"software_digitaltool/Material_Reuse_Portal","has_tooltyp","tooltyp/Bauteilboerse","Material Reuse Portal | Material_Reuse_Portal","rule_medium","label_50q_has_tooltyp_software_profile",""
"software_digitaltool/Opalis","has_tooltyp","tooltyp/Bauteilboerse","Opalis | Opalis","rule_medium","label_50q_has_tooltyp_software_profile",""
"software_digitaltool/Platform_CB23","has_datenmodell","datenmodell/Klassifikation","Platform CB23 | Platform_CB23","rule_medium","label_50q_has_datenmodell_software_profile",""
"software_digitaltool/Pre_Demolition_Audit_Tools","has_tooltyp","tooltyp/Materialdatenbank","Pre Demolition Audit Tools | Pre_Demolition_Audit_Tools","rule_medium","label_50q_has_tooltyp_software_profile",""
"software_digitaltool/Pre_Demolition_Audit_Tools","has_datenmodell","datenmodell/Materialdatenbank","Pre Demolition Audit Tools | Pre_Demolition_Audit_Tools","rule_medium","label_50q_has_datenmodell_software_profile",""
"software_digitaltool/QR_RFID_Materialtracking","has_tooltyp","tooltyp/Materialdatenbank","QR RFID Materialtracking | QR_RFID_Materialtracking","rule_medium","label_50q_has_tooltyp_software_profile",""
"software_digitaltool/QR_RFID_Materialtracking","has_datenmodell","datenmodell/Bauteil_ID","QR RFID Materialtracking | QR_RFID_Materialtracking","rule_medium","label_50q_has_datenmodell_software_profile",""
"software_digitaltool/Qflow","has_tooltyp","tooltyp/Materialdatenbank","Qflow | Qflow","rule_medium","label_50q_has_tooltyp_software_profile",""
"software_digitaltool/Qflow","has_datenmodell","datenmodell/Bauteil_ID","Qflow | Qflow","rule_medium","label_50q_has_datenmodell_software_profile",""
"software_digitaltool/Qflow","has_datenmodell","datenmodell/Klassifikation","Qflow | Qflow","rule_medium","label_50q_has_datenmodell_software_profile",""
"software_digitaltool/Restado","has_tooltyp","tooltyp/Bauteilboerse","Restado | Restado","rule_medium","label_50q_has_tooltyp_software_profile",""
"software_digitaltool/Reusefully_LINK","has_tooltyp","tooltyp/Bauteilboerse","Reusefully LINK | Reusefully_LINK","rule_medium","label_50q_has_tooltyp_software_profile",""
"software_digitaltool/Rheaply","has_tooltyp","tooltyp/Bauteilboerse","Rheaply | Rheaply","rule_medium","label_50q_has_tooltyp_software_profile",""
"software_digitaltool/RotorDB","has_tooltyp","tooltyp/Materialdatenbank","RotorDB | RotorDB","rule_medium","label_50q_has_tooltyp_software_profile",""
"software_digitaltool/RotorDB","has_datenmodell","datenmodell/Materialdatenbank","RotorDB | RotorDB","rule_medium","label_50q_has_datenmodell_software_profile",""
"software_digitaltool/RotorDC","has_tooltyp","tooltyp/Bauteilboerse","RotorDC | RotorDC","rule_medium","label_50q_has_tooltyp_software_profile",""
"software_digitaltool/SalvoWEB","has_tooltyp","tooltyp/Bauteilboerse","SalvoWEB | SalvoWEB","rule_medium","label_50q_has_tooltyp_software_profile",""
"software_digitaltool/Speckle","has_datenmodell","datenmodell/IFC","Speckle | Speckle","rule_medium","label_50q_has_datenmodell_software_profile",""
"software_digitaltool/Superyard","has_tooltyp","tooltyp/Bauteilboerse","Superyard | Superyard","rule_medium","label_50q_has_tooltyp_software_profile",""
"software_digitaltool/Upcyclea","has_tooltyp","tooltyp/Bauteilboerse","Upcyclea | Upcyclea","rule_medium","label_50q_has_tooltyp_software_profile",""
"software_digitaltool/Urban_Mining_Index","has_tooltyp","tooltyp/Materialdatenbank","Urban Mining Index | Urban_Mining_Index","rule_medium","label_50q_has_tooltyp_software_profile",""
"software_digitaltool/Urban_Mining_Index","has_tooltyp","tooltyp/Materialkataster","Urban Mining Index | Urban_Mining_Index","rule_medium","label_50q_has_tooltyp_software_profile",""
"software_digitaltool/Urban_Mining_Index","has_datenmodell","datenmodell/Materialdatenbank","Urban Mining Index | Urban_Mining_Index","rule_medium","label_50q_has_datenmodell_software_profile",""
"software_digitaltool/articonnex","has_tooltyp","tooltyp/Bauteilboerse","Articonnex | articonnex","rule_medium","label_50q_has_tooltyp_software_profile",""
"software_digitaltool/backacia","has_tooltyp","tooltyp/Bauteilboerse","Backacia | backacia","rule_medium","label_50q_has_tooltyp_software_profile",""
"software_digitaltool/baticycle","has_tooltyp","tooltyp/Bauteilboerse","Bâticycle | baticycle","rule_medium","label_50q_has_tooltyp_software_profile",""
"software_digitaltool/batiterre","has_tooltyp","tooltyp/Bauteilboerse","BatiTerre | batiterre","rule_medium","label_50q_has_tooltyp_software_profile",""
"software_digitaltool/batrecup","has_tooltyp","tooltyp/Bauteilboerse","BatRecup | batrecup","rule_medium","label_50q_has_tooltyp_software_profile",""
"software_digitaltool/baukarussell","has_tooltyp","tooltyp/Bauteilboerse","BauKarussell | baukarussell","rule_medium","label_50q_has_tooltyp_software_profile",""
"software_digitaltool/bauteilladen_winterthur","has_tooltyp","tooltyp/Bauteilboerse","Bauteilladen Winterthur | bauteilladen_winterthur","rule_medium","label_50q_has_tooltyp_software_profile",""
"software_digitaltool/building_spares_market","has_tooltyp","tooltyp/Bauteilboerse","Building Spares Market | building_spares_market","rule_medium","label_50q_has_tooltyp_software_profile",""
"software_digitaltool/enviromate","has_tooltyp","tooltyp/Bauteilboerse","Enviromate | enviromate","rule_medium","label_50q_has_tooltyp_software_profile",""
"software_digitaltool/gebruiktebouwmaterialen_gbm","has_tooltyp","tooltyp/Bauteilboerse","Gebruiktebouwmaterialen.com / GBM | gebruiktebouwmaterialen_gbm","rule_medium","label_50q_has_tooltyp_software_profile",""
"software_digitaltool/genbyg","has_tooltyp","tooltyp/Bauteilboerse","Genbyg | genbyg","rule_medium","label_50q_has_tooltyp_software_profile",""
"software_digitaltool/insert_marketplace","has_tooltyp","tooltyp/Bauteilboerse","Insert Marketplace | insert_marketplace","rule_medium","label_50q_has_tooltyp_software_profile",""
"software_digitaltool/materialenbank_leuven_atelier_circuler","has_tooltyp","tooltyp/Bauteilboerse","Materialenbank Leuven / Atelier Circuler | materialenbank_leuven_atelier_circuler","rule_medium","label_50q_has_tooltyp_software_profile",""
"software_digitaltool/materialrest24","has_tooltyp","tooltyp/Bauteilboerse","Materialrest24 | materialrest24","rule_medium","label_50q_has_tooltyp_software_profile",""
"software_digitaltool/oogstkaart_new_horizon","has_tooltyp","tooltyp/Bauteilboerse","Oogstkaart / New Horizon | oogstkaart_new_horizon","rule_medium","label_50q_has_tooltyp_software_profile",""
"software_digitaltool/raedificare","has_tooltyp","tooltyp/Bauteilboerse","RAEDIFICARE | raedificare","rule_medium","label_50q_has_tooltyp_software_profile",""
"software_digitaltool/re_store_harvestmap_vienna","has_tooltyp","tooltyp/Bauteilboerse","re:store / HarvestMAP Vienna | re_store_harvestmap_vienna","rule_medium","label_50q_has_tooltyp_software_profile",""
"software_digitaltool/resource_marktplaats","has_tooltyp","tooltyp/Bauteilboerse","ReSource Marktplaats | resource_marktplaats","rule_medium","label_50q_has_tooltyp_software_profile",""
"software_digitaltool/reuse_and_trade","has_tooltyp","tooltyp/Bauteilboerse","ReUse and Trade | reuse_and_trade","rule_medium","label_50q_has_tooltyp_software_profile",""
"software_digitaltool/salza","has_tooltyp","tooltyp/Bauteilboerse","Salza | salza","rule_medium","label_50q_has_tooltyp_software_profile",""
"software_digitaltool/skop_marketplace","has_tooltyp","tooltyp/Bauteilboerse","Skop Marketplace | skop_marketplace","rule_medium","label_50q_has_tooltyp_software_profile",""
"software_digitaltool/surplus_building_and_plumbing_materials","has_tooltyp","tooltyp/Bauteilboerse","Surplus Building & Plumbing Materials | surplus_building_and_plumbing_materials","rule_medium","label_50q_has_tooltyp_software_profile",""
"software_digitaltool/sustainability_yard","has_tooltyp","tooltyp/Bauteilboerse","Sustainability Yard | sustainability_yard","rule_medium","label_50q_has_tooltyp_software_profile",""
"software_digitaltool/useagain_bauteilclick","has_tooltyp","tooltyp/Bauteilboerse","useagain / Bauteilclick | useagain_bauteilclick","rule_medium","label_50q_has_tooltyp_software_profile",""
"software_digitaltool/warp_it","has_tooltyp","tooltyp/Bauteilboerse","Warp It | warp_it","rule_medium","label_50q_has_tooltyp_software_profile",""
