"legacy_path","top_folder","legacy_type","title","bytes","heading_count","first_headings","url_count","wikilink_count","table_line_count","content_flags","migration_action","target_primary","target_secondary","risk_flags"
"_extract\Gebaeude_Entity_Extraction.md","_extract","""extraction_report""","Gebaeude Entity Extraction","206695","34","Laufzusammenfassung | Dateien Ohne Erkanntes Mapping | Angefragte Entitaeten | abbruchmethode | akteur / person | aufbereitungsmethode | bauteil | bauteilboerse","0","0","1833","furniture_warning;source_conflict;certification_terms;platform_terms;donor_receiver_terms;numeric_or_metric_terms","archive_as_source","90_import_rohdaten_or_quelle/interne_extraktion","","generated_content_may_duplicate_cases"
"abbruchmethode.md","abbruchmethode.md","Type","Abbruchmethode","94","0","","0","0","0","","merge_into_index","rueckbauverfahren/index","","old_schema_file_not_content_node"
"abbruchmethode\Ausbau_von_Bauteilen.md","abbruchmethode","Abbruchmethode","","15699","13","Verknüpfungen | Kurzdefinition | Relevanz für Wiederverwendung im Bauwesen | Fachinhalt | Ziel | Voraussetzungen | Ablauf | Typische Werkzeuge und Hilfsmittel","9","4","0","component_inventory;external_urls;wikilinks;has_sources_section;certification_terms;platform_terms;numeric_or_metric_terms","move_as_knot","rueckbauverfahren/Ausbau_von_Bauteilen","",""
"abbruchmethode\Betonfräsen.md","abbruchmethode","Abbruchmethode","","80","0","","0","0","0","","move_as_knot","rueckbauverfahren/Betonfraesen","",""
"abbruchmethode\Demontage.md","abbruchmethode","Abbruchmethode","","14420","13","Verknüpfungen | Kurzdefinition | Relevanz für Wiederverwendung im Bauwesen | Fachinhalt | Ziel | Grundprinzipien | Ablauf | Typische Werkzeuge","7","4","0","external_urls;wikilinks;has_sources_section;platform_terms;numeric_or_metric_terms","move_as_knot","rueckbauverfahren/Demontage","",""
"abbruchmethode\index.md","abbruchmethode","Abbruchmethode","Abbruchmethoden – Index","5483","6","Verknüpfungen | Kurzüberblick zur Kategorie | Zentrale Unterthemen | Wichtige Dateien dieser Kategorie | Querverbindungen zu anderen Kategorien | Offene Lücken / Ausbaufelder","0","1","0","wikilinks;numeric_or_metric_terms","merge_into_index","rueckbauverfahren/index","","index_content_may_contain_unique_gaps_or_cluster_lists"
"abbruchmethode\Selektiver_Rueckbau.md","abbruchmethode","Abbruchmethode","","15071","13","Verknüpfungen | Kurzdefinition | Relevanz für Wiederverwendung im Bauwesen | Fachinhalt | Ziel | Voraussetzungen | Typischer Ablauf | Typische Werkzeuge und Verfahren","8","5","0","component_inventory;external_urls;wikilinks;has_sources_section;certification_terms;platform_terms;numeric_or_metric_terms","move_as_knot","rueckbauverfahren/Selektiver_Rueckbau","",""
"abbruchmethode\Zerstoerungsarme_Bergung.md","abbruchmethode","Abbruchmethode","","15825","14","Verknüpfungen | Kurzdefinition | Relevanz für Wiederverwendung im Bauwesen | Fachinhalt | Ziel | Entscheidungskriterien | Ablauf | Typische Werkzeuge und Schutzmaßnahmen","7","4","0","external_urls;wikilinks;has_sources_section;platform_terms;numeric_or_metric_terms","move_as_knot","rueckbauverfahren/Zerstoerungsarme_Bergung","",""
"AGENTS.md","AGENTS.md","","","308","0","","0","0","0","","keep_meta","meta/repo_instruction","",""
"akteur\01_oeffentliche_institutionen_foerderung\BBSR_Zukunft_Bau.md","akteur","","","4955","8","Verknüpfungen | Kurzüberblick zur Kategorie | Zentrale Unterthemen | Wichtige Dateien dieser Kategorie mit je 1–3 Sätzen Einordnung | Relevanz für Wiederverwendung / Entwerfen mit Bestand | Querverbindungen zu anderen Kategorien | Offene Lücken / Ausbaufelder | Quellen / Bezugslogik","4","0","0","external_urls;has_sources_section;numeric_or_metric_terms","move_as_core","akteur/BBSR_Zukunft_Bau","akteurtyp/oeffentliche_institutionen_foerderung",""
"akteur\01_oeffentliche_institutionen_foerderung\BIM_Berlin.md","akteur","","BIM Berlin — vertieftes Forschungsdossier","50972","115","Verknüpfungen | Kurzdefinition | Relevanz für Wiederverwendung im Bauwesen | Fachinhalt | Akteursprofil | Typische ReUse-Prozesskette für einen öffentlichen Bestandhalter | Belastbare Kriterien für BIM als ReUse-Akteur | Netzwerkbeziehungen","17","0","0","external_urls;has_sources_section;certification_terms;platform_terms;donor_receiver_terms;numeric_or_metric_terms","move_as_core","akteur/BIM_Berlin","akteurtyp/oeffentliche_institutionen_foerderung",""
"akteur\01_oeffentliche_institutionen_foerderung\Bundesstiftung_Bauakademie.md","akteur","","","5129","8","Verknüpfungen | Kurzüberblick zur Kategorie | Zentrale Unterthemen | Wichtige Dateien dieser Kategorie mit je 1–3 Sätzen Einordnung | Relevanz für Wiederverwendung / Entwerfen mit Bestand | Querverbindungen zu anderen Kategorien | Offene Lücken / Ausbaufelder | Quellen / Bezugslogik","4","0","0","external_urls;has_sources_section;certification_terms;numeric_or_metric_terms","move_as_core","akteur/Bundesstiftung_Bauakademie","akteurtyp/oeffentliche_institutionen_foerderung",""
"akteur\01_oeffentliche_institutionen_foerderung\Bundesstiftung_Baukultur.md","akteur","","","5062","8","Verknüpfungen | Kurzüberblick zur Kategorie | Zentrale Unterthemen | Wichtige Dateien dieser Kategorie mit je 1–3 Sätzen Einordnung | Relevanz für Wiederverwendung / Entwerfen mit Bestand | Querverbindungen zu anderen Kategorien | Offene Lücken / Ausbaufelder | Quellen / Bezugslogik","4","0","0","external_urls;has_sources_section;numeric_or_metric_terms","move_as_core","akteur/Bundesstiftung_Baukultur","akteurtyp/oeffentliche_institutionen_foerderung",""
"akteur\01_oeffentliche_institutionen_foerderung\ReUse_Berlin.md","akteur","","","5324","8","Verknüpfungen | Kurzüberblick zur Kategorie | Zentrale Unterthemen | Wichtige Dateien dieser Kategorie mit je 1–3 Sätzen Einordnung | Relevanz für Wiederverwendung / Entwerfen mit Bestand | Querverbindungen zu anderen Kategorien | Offene Lücken / Ausbaufelder | Quellen / Bezugslogik","4","0","0","external_urls;has_sources_section;certification_terms;numeric_or_metric_terms","move_as_core","akteur/ReUse_Berlin","akteurtyp/oeffentliche_institutionen_foerderung",""
"akteur\01_oeffentliche_institutionen_foerderung\Umweltbundesamt.md","akteur","","","5029","8","Verknüpfungen | Kurzüberblick zur Kategorie | Zentrale Unterthemen | Wichtige Dateien dieser Kategorie mit je 1–3 Sätzen Einordnung | Relevanz für Wiederverwendung / Entwerfen mit Bestand | Querverbindungen zu anderen Kategorien | Offene Lücken / Ausbaufelder | Quellen / Bezugslogik","4","0","0","external_urls;has_sources_section;numeric_or_metric_terms","move_as_core","akteur/Umweltbundesamt","akteurtyp/oeffentliche_institutionen_foerderung",""
"akteur\02_kammern_verbaende_ngos_netzwerke\Architects_for_Future_Deutschland.md","akteur","","","5811","8","Verknüpfungen | Kurzüberblick zur Kategorie | Zentrale Unterthemen | Wichtige Dateien dieser Kategorie mit je 1–3 Sätzen Einordnung | Relevanz für Wiederverwendung / Entwerfen mit Bestand | Querverbindungen zu anderen Kategorien | Offene Lücken / Ausbaufelder | Quellen / Bezugslogik","4","0","0","external_urls;has_sources_section;certification_terms;numeric_or_metric_terms","move_as_core","akteur/Architects_for_Future_Deutschland","akteurtyp/kammern_verbaende_ngos_netzwerke",""
"akteur\02_kammern_verbaende_ngos_netzwerke\Architektenkammer_Berlin_A_Wie_Zirkulaer.md","akteur","","","5072","8","Verknüpfungen | Kurzüberblick zur Kategorie | Zentrale Unterthemen | Wichtige Dateien dieser Kategorie mit je 1–3 Sätzen Einordnung | Relevanz für Wiederverwendung / Entwerfen mit Bestand | Querverbindungen zu anderen Kategorien | Offene Lücken / Ausbaufelder | Quellen / Bezugslogik","4","0","0","external_urls;has_sources_section;numeric_or_metric_terms","move_as_core","akteur/Architektenkammer_Berlin_A_Wie_Zirkulaer","akteurtyp/kammern_verbaende_ngos_netzwerke",""
"akteur\02_kammern_verbaende_ngos_netzwerke\BDA_Bund_Deutscher_Architektinnen_Architekten.md","akteur","","","5179","8","Verknüpfungen | Kurzüberblick zur Kategorie | Zentrale Unterthemen | Wichtige Dateien dieser Kategorie mit je 1–3 Sätzen Einordnung | Relevanz für Wiederverwendung / Entwerfen mit Bestand | Querverbindungen zu anderen Kategorien | Offene Lücken / Ausbaufelder | Quellen / Bezugslogik","5","0","0","external_urls;has_sources_section;certification_terms;numeric_or_metric_terms","move_as_core","akteur/BDA_Bund_Deutscher_Architektinnen_Architekten","akteurtyp/kammern_verbaende_ngos_netzwerke",""
"akteur\02_kammern_verbaende_ngos_netzwerke\C2C_NGO.md","akteur","","","4806","8","Verknüpfungen | Kurzüberblick zur Kategorie | Zentrale Unterthemen | Wichtige Dateien dieser Kategorie mit je 1–3 Sätzen Einordnung | Relevanz für Wiederverwendung / Entwerfen mit Bestand | Querverbindungen zu anderen Kategorien | Offene Lücken / Ausbaufelder | Quellen / Bezugslogik","5","0","0","external_urls;has_sources_section;certification_terms;numeric_or_metric_terms","move_as_core","akteur/C2C_NGO","akteurtyp/kammern_verbaende_ngos_netzwerke",""
"akteur\02_kammern_verbaende_ngos_netzwerke\Circular_Berlin.md","akteur","","","5031","8","Verknüpfungen | Kurzüberblick zur Kategorie | Zentrale Unterthemen | Wichtige Dateien dieser Kategorie mit je 1–3 Sätzen Einordnung | Relevanz für Wiederverwendung / Entwerfen mit Bestand | Querverbindungen zu anderen Kategorien | Offene Lücken / Ausbaufelder | Quellen / Bezugslogik","4","0","0","external_urls;has_sources_section;numeric_or_metric_terms","move_as_core","akteur/Circular_Berlin","akteurtyp/kammern_verbaende_ngos_netzwerke",""
"akteur\02_kammern_verbaende_ngos_netzwerke\DGNB.md","akteur","","","5162","8","Verknüpfungen | Kurzüberblick zur Kategorie | Zentrale Unterthemen | Wichtige Dateien dieser Kategorie mit je 1–3 Sätzen Einordnung | Relevanz für Wiederverwendung / Entwerfen mit Bestand | Querverbindungen zu anderen Kategorien | Offene Lücken / Ausbaufelder | Quellen / Bezugslogik","5","0","0","external_urls;has_sources_section;certification_terms;platform_terms;numeric_or_metric_terms","move_as_core","akteur/DGNB","akteurtyp/kammern_verbaende_ngos_netzwerke",""
"akteur\02_kammern_verbaende_ngos_netzwerke\Phase_Nachhaltigkeit.md","akteur","","","5033","8","Verknüpfungen | Kurzüberblick zur Kategorie | Zentrale Unterthemen | Wichtige Dateien dieser Kategorie mit je 1–3 Sätzen Einordnung | Relevanz für Wiederverwendung / Entwerfen mit Bestand | Querverbindungen zu anderen Kategorien | Offene Lücken / Ausbaufelder | Quellen / Bezugslogik","4","0","0","external_urls;has_sources_section;certification_terms;numeric_or_metric_terms","move_as_core","akteur/Phase_Nachhaltigkeit","akteurtyp/kammern_verbaende_ngos_netzwerke",""
"akteur\02_kammern_verbaende_ngos_netzwerke\re_source_Stiftung.md","akteur","","re!source Stiftung e.V.","3194","7","Verknüpfungen | Kurzdefinition | Relevanz für Wiederverwendung im Bauwesen | Fachinhalt | Praxisbezug / Beispiele | Herausforderungen / offene Fragen | Quellen","4","9","0","external_urls;wikilinks;has_sources_section;certification_terms","move_as_core","akteur/re_source_Stiftung","akteurtyp/kammern_verbaende_ngos_netzwerke",""
"akteur\03_forschung_lehre_wissenstransfer\Bauhaus_Erde.md","akteur","","","4898","8","Verknüpfungen | Kurzüberblick zur Kategorie | Zentrale Unterthemen | Wichtige Dateien dieser Kategorie mit je 1–3 Sätzen Einordnung | Relevanz für Wiederverwendung / Entwerfen mit Bestand | Querverbindungen zu anderen Kategorien | Offene Lücken / Ausbaufelder | Quellen / Bezugslogik","4","0","0","external_urls;has_sources_section;numeric_or_metric_terms","move_as_core","akteur/Bauhaus_Erde","akteurtyp/forschung_lehre_wissenstransfer",""
"akteur\03_forschung_lehre_wissenstransfer\Natural_Building_Lab.md","akteur","","B(e) Ware / Natural Building Lab — vertieftes Forschungsdossier","43300","117","Verknüpfungen | Kurzdefinition | Relevanz für Wiederverwendung im Bauwesen | Fachinhalt | Akteursprofil | Rolle im ReUse-Ökosystem | Methoden | Bedeutung für den Forschungsstand","13","0","0","external_urls;has_sources_section;certification_terms;platform_terms;numeric_or_metric_terms","move_as_core","akteur/Natural_Building_Lab","akteurtyp/forschung_lehre_wissenstransfer",""
"akteur\03_forschung_lehre_wissenstransfer\VDI_ZRE.md","akteur","","","5041","8","Verknüpfungen | Kurzüberblick zur Kategorie | Zentrale Unterthemen | Wichtige Dateien dieser Kategorie mit je 1–3 Sätzen Einordnung | Relevanz für Wiederverwendung / Entwerfen mit Bestand | Querverbindungen zu anderen Kategorien | Offene Lücken / Ausbaufelder | Quellen / Bezugslogik","4","0","0","external_urls;has_sources_section;platform_terms;numeric_or_metric_terms","move_as_core","akteur/VDI_ZRE","akteurtyp/forschung_lehre_wissenstransfer",""
"akteur\03_forschung_lehre_wissenstransfer\Wuppertal_Institut.md","akteur","","","4851","8","Verknüpfungen | Kurzüberblick zur Kategorie | Zentrale Unterthemen | Wichtige Dateien dieser Kategorie mit je 1–3 Sätzen Einordnung | Relevanz für Wiederverwendung / Entwerfen mit Bestand | Querverbindungen zu anderen Kategorien | Offene Lücken / Ausbaufelder | Quellen / Bezugslogik","4","0","0","external_urls;has_sources_section;numeric_or_metric_terms","move_as_core","akteur/Wuppertal_Institut","akteurtyp/forschung_lehre_wissenstransfer",""
"akteur\04_planung_architektur_ingenieurwesen\baubuero_in_situ_zirkular.md","akteur","","baubüro in situ + Zirkular","23231","31","Verknüpfungen | Kurzdefinition | Relevanz für Wiederverwendung im Bauwesen | Fachinhalt | Entwerfen mit vorhandenen Bauteilen | Bauteiljagd, Gebäudescreening und Bauteilkatalog | Planular® als Prozess- und Datenmodell | Neue Arbeitsteilung zwischen Architektur und Reuse-Fachplanung","21","17","0","external_urls;wikilinks;has_sources_section;numeric_or_metric_terms","move_as_core","akteur/baubuero_in_situ_zirkular","akteurtyp/planung_architektur_ingenieurwesen",""
"akteur\04_planung_architektur_ingenieurwesen\Bellastock.md","akteur","","Bellastock","21692","32","Verknüpfungen | Kurzdefinition | Relevanz für Wiederverwendung im Bauwesen | Fachinhalt | Institutionelle Einordnung | Methodischer Kern: vom Gisement zum Domaine d’emploi | ReUse als Entwurfs- und Projektmanagementaufgabe | Territorialer Maßstab und urbane Mine","11","16","0","external_urls;wikilinks;has_sources_section;platform_terms;numeric_or_metric_terms","move_as_core","akteur/Bellastock","akteurtyp/planung_architektur_ingenieurwesen",""
"akteur\04_planung_architektur_ingenieurwesen\Circular_Structural_Design.md","akteur","","Circular Structural Design","11480","23","Verknüpfungen | Kurzdefinition | Relevanz für Wiederverwendung im Bauwesen | Fachinhalt | Zirkuläre Tragwerksplanung | ReCreate und Wiederverwendung von Stahlbetonfertigteilen | Form-Follows-Availability | BIM-gestützter Rückbau und Dokumentation","8","12","0","external_urls;wikilinks;has_sources_section;certification_terms;platform_terms;numeric_or_metric_terms","move_as_core","akteur/Circular_Structural_Design","akteurtyp/planung_architektur_ingenieurwesen",""
"akteur\04_planung_architektur_ingenieurwesen\CITYFOERSTER.md","akteur","","","5140","8","Verknüpfungen | Kurzüberblick zur Kategorie | Zentrale Unterthemen | Wichtige Dateien dieser Kategorie mit je 1–3 Sätzen Einordnung | Relevanz für Wiederverwendung / Entwerfen mit Bestand | Querverbindungen zu anderen Kategorien | Offene Lücken / Ausbaufelder | Quellen / Bezugslogik","4","0","0","external_urls;has_sources_section;certification_terms;numeric_or_metric_terms","move_as_core","akteur/CITYFOERSTER","akteurtyp/planung_architektur_ingenieurwesen",""
"akteur\04_planung_architektur_ingenieurwesen\Huetten_und_Palaeste.md","akteur","","Huetten_und_Palaeste","11773","24","Verknüpfungen | Kurzdefinition | Relevanz für Wiederverwendung im Bauwesen | Fachinhalt | Bestandsaktivierung und minimalinvasive Transformation | Zirkulärer Bau als Raum- und Prozessmodell | Umbaukultur und selektive Entnahme | Flexible und rekonfigurierbare Räume","8","12","0","external_urls;wikilinks;has_sources_section;numeric_or_metric_terms","move_as_core","akteur/Huetten_und_Palaeste","akteurtyp/planung_architektur_ingenieurwesen",""
"akteur\04_planung_architektur_ingenieurwesen\Lendager.md","akteur","","Lendager","20371","27","Verknüpfungen | Kurzdefinition | Relevanz für Wiederverwendung im Bauwesen | Fachinhalt | Entwurfslogik: Form follows availability | Material-Upcycling und Remanufacturing | Skalierung in den Wohnungsbau | Schnittstelle zu A:GAIN","14","15","0","external_urls;wikilinks;has_sources_section;platform_terms;numeric_or_metric_terms","move_as_core","akteur/Lendager","akteurtyp/planung_architektur_ingenieurwesen",""
"akteur\04_planung_architektur_ingenieurwesen\LXSY_Architektur.md","akteur","","LXSY Architektur","11616","23","Verknüpfungen | Kurzdefinition | Relevanz für Wiederverwendung im Bauwesen | Fachinhalt | Zirkulärer Innenausbau | Materialkuratierung und „use as found“ | Produkt- und Materialpässe | Rückbaubare und sortenreine Konstruktionen","7","12","0","external_urls;wikilinks;has_sources_section;platform_terms;numeric_or_metric_terms","move_as_core","akteur/LXSY_Architektur","akteurtyp/planung_architektur_ingenieurwesen",""
"akteur\04_planung_architektur_ingenieurwesen\PARABASE.md","akteur","","PARABASE — vertieftes Forschungsdossier","41954","90","Verknüpfungen | Kurzdefinition | Relevanz für Wiederverwendung im Bauwesen | Fachinhalt | Akteursprofil | Fallstudie „ELEMENTA“, Areal Walkeweg Nord Basel | Methoden | Bedeutung für den Forschungsstand","17","0","0","external_urls;has_sources_section;platform_terms;numeric_or_metric_terms","move_as_core","akteur/PARABASE","akteurtyp/planung_architektur_ingenieurwesen",""
"akteur\04_planung_architektur_ingenieurwesen\Rotor.md","akteur","","Rotor","10300","15","Verknüpfungen | Kurzdefinition | Relevanz für Wiederverwendung im Bauwesen | Fachinhalt | Leistungsfelder | Rotor als Übersetzer zwischen Forschung und Baustelle | Verhältnis zu Opalis | Verhältnis zu RotorDC","6","0","0","external_urls;has_sources_section;platform_terms;numeric_or_metric_terms","move_as_core","akteur/Rotor","akteurtyp/planung_architektur_ingenieurwesen",""
"akteur\04_planung_architektur_ingenieurwesen\Superuse_Studios.md","akteur","","Superuse Studios","18635","22","Verknüpfungen | Kurzdefinition | Relevanz für Wiederverwendung im Bauwesen | Fachinhalt | Harvesting Materials | Oogstkaart / Harvest Map | Circular Building Process | Building Reuse","12","14","0","external_urls;wikilinks;has_sources_section;platform_terms;numeric_or_metric_terms","move_as_core","akteur/Superuse_Studios","akteurtyp/planung_architektur_ingenieurwesen",""
"akteur\04_planung_architektur_ingenieurwesen\Werner_Sobek.md","akteur","","","5064","8","Verknüpfungen | Kurzüberblick zur Kategorie | Zentrale Unterthemen | Wichtige Dateien dieser Kategorie mit je 1–3 Sätzen Einordnung | Relevanz für Wiederverwendung / Entwerfen mit Bestand | Querverbindungen zu anderen Kategorien | Offene Lücken / Ausbaufelder | Quellen / Bezugslogik","4","0","0","external_urls;has_sources_section;certification_terms;platform_terms;numeric_or_metric_terms","move_as_core","akteur/Werner_Sobek","akteurtyp/planung_architektur_ingenieurwesen",""
"akteur\04_planung_architektur_ingenieurwesen\ZRS_Architekten_Ingenieure.md","akteur","","ZRS Architekten Ingenieure","46278","94","Verknüpfungen | Kurzdefinition | Relevanz für Wiederverwendung im Bauwesen | Fachinhalt | Material- und Planungsschwerpunkt | Rolle von Labor und Prüfung | Reallabor B(E) WARE | Normung und Wissenstransfer","24","0","0","external_urls;has_sources_section;certification_terms;platform_terms;numeric_or_metric_terms","move_as_core","akteur/ZRS_Architekten_Ingenieure","akteurtyp/planung_architektur_ingenieurwesen",""
"akteur\05_reuse_beratung_prozessdienstleister\Concular.md","akteur","","Concular — vertieftes Forschungsdossier","51959","138","Verknüpfungen | Kurzdefinition | Relevanz für Wiederverwendung im Bauwesen | Fachinhalt | Akteursprofil | Rolle im ReUse-Ökosystem | Methodische Bausteine | Bedeutung für den Markt","17","0","0","component_inventory;external_urls;has_sources_section;certification_terms;platform_terms;numeric_or_metric_terms","semantic_split","akteur/Concular","software_digitaltool/Concular_Plattform; software_digitaltool/Restado; methode/Pre_Deconstruction_Audit; datenmodell/Gebaeuderessourcenpass; beschaffungsweg/Digitale_Plattform","hybrid_actor_platform_profile;duplicate_with_werkzeug_Concular_Plattform_and_bauteilboerse_restado"
"akteur\05_reuse_beratung_prozessdienstleister\Drees_und_Sommer.md","akteur","","Drees & Sommer","2934","7","Verknüpfungen | Kurzdefinition | Relevanz für Wiederverwendung im Bauwesen | Fachinhalt | Praxisbezug / Beispiele | Herausforderungen / offene Fragen | Quellen","4","9","0","external_urls;wikilinks;has_sources_section;certification_terms;platform_terms;numeric_or_metric_terms","move_as_core","akteur/Drees_und_Sommer","akteurtyp/reuse_beratung_prozessdienstleister",""
"akteur\05_reuse_beratung_prozessdienstleister\EPEA.md","akteur","","","4786","8","Verknüpfungen | Kurzüberblick zur Kategorie | Zentrale Unterthemen | Wichtige Dateien dieser Kategorie mit je 1–3 Sätzen Einordnung | Relevanz für Wiederverwendung / Entwerfen mit Bestand | Querverbindungen zu anderen Kategorien | Offene Lücken / Ausbaufelder | Quellen / Bezugslogik","5","0","0","external_urls;has_sources_section;certification_terms;platform_terms;numeric_or_metric_terms","move_as_core","akteur/EPEA","akteurtyp/reuse_beratung_prozessdienstleister",""
"akteur\05_reuse_beratung_prozessdienstleister\Zirkular_GmbH.md","akteur","","Zirkular GmbH","2880","7","Verknüpfungen | Kurzdefinition | Relevanz für Wiederverwendung im Bauwesen | Fachinhalt | Praxisbezug / Beispiele | Herausforderungen / offene Fragen | Quellen","5","9","0","external_urls;wikilinks;has_sources_section;platform_terms;numeric_or_metric_terms","move_as_core","akteur/Zirkular_GmbH","akteurtyp/reuse_beratung_prozessdienstleister",""
"akteur\06_bauteilboersen_marktplaetze_handel\Bauteilboerse_Bremen.md","akteur","","","4960","8","Verknüpfungen | Kurzüberblick zur Kategorie | Zentrale Unterthemen | Wichtige Dateien dieser Kategorie mit je 1–3 Sätzen Einordnung | Relevanz für Wiederverwendung / Entwerfen mit Bestand | Querverbindungen zu anderen Kategorien | Offene Lücken / Ausbaufelder | Quellen / Bezugslogik","4","0","0","external_urls;has_sources_section;platform_terms;numeric_or_metric_terms","semantic_split","akteur/Bauteilboerse_Bremen","software_digitaltool/Bauteilboerse_Bremen; tooltyp/Bauteilboerse; beschaffungsweg/Bauteilboerse; ressourcenquelle/Bauteilboerse","market_actor_platform_overlap;check_against_bauteilboerse_and_werkzeug_duplicates"
"akteur\06_bauteilboersen_marktplaetze_handel\Bauteilboerse_Hannover.md","akteur","","Bauteilbörse Hannover","2918","7","Verknüpfungen | Kurzdefinition | Relevanz für Wiederverwendung im Bauwesen | Fachinhalt | Praxisbezug / Beispiele | Herausforderungen / offene Fragen | Quellen","4","9","0","external_urls;wikilinks;has_sources_section;platform_terms","semantic_split","akteur/Bauteilboerse_Hannover","software_digitaltool/Bauteilboerse_Hannover; tooltyp/Bauteilboerse; beschaffungsweg/Bauteilboerse; ressourcenquelle/Bauteilboerse","market_actor_platform_overlap;check_against_bauteilboerse_and_werkzeug_duplicates"
"akteur\06_bauteilboersen_marktplaetze_handel\Bauteilnetz_Deutschland.md","akteur","","","4831","8","Verknüpfungen | Kurzüberblick zur Kategorie | Zentrale Unterthemen | Wichtige Dateien dieser Kategorie mit je 1–3 Sätzen Einordnung | Relevanz für Wiederverwendung / Entwerfen mit Bestand | Querverbindungen zu anderen Kategorien | Offene Lücken / Ausbaufelder | Quellen / Bezugslogik","4","0","0","external_urls;has_sources_section;platform_terms;numeric_or_metric_terms","semantic_split","akteur/Bauteilnetz_Deutschland","software_digitaltool/Bauteilnetz_Deutschland; tooltyp/Bauteilboerse; beschaffungsweg/Bauteilboerse; ressourcenquelle/Bauteilboerse","market_actor_platform_overlap;check_against_bauteilboerse_and_werkzeug_duplicates"
"akteur\06_bauteilboersen_marktplaetze_handel\Lindner_Group_ReUsed_Products.md","akteur","","","5282","8","Verknüpfungen | Kurzüberblick zur Kategorie | Zentrale Unterthemen | Wichtige Dateien dieser Kategorie mit je 1–3 Sätzen Einordnung | Relevanz für Wiederverwendung / Entwerfen mit Bestand | Querverbindungen zu anderen Kategorien | Offene Lücken / Ausbaufelder | Quellen / Bezugslogik","4","0","0","external_urls;has_sources_section;certification_terms;platform_terms;numeric_or_metric_terms","semantic_split","akteur/Lindner_Group_ReUsed_Products","software_digitaltool/Lindner_Group_ReUsed_Products; tooltyp/Bauteilboerse; beschaffungsweg/Bauteilboerse; ressourcenquelle/Bauteilboerse","market_actor_platform_overlap;check_against_bauteilboerse_and_werkzeug_duplicates"
"akteur\06_bauteilboersen_marktplaetze_handel\Restado.md","akteur","","","5156","8","Verknüpfungen | Kurzüberblick zur Kategorie | Zentrale Unterthemen | Wichtige Dateien dieser Kategorie mit je 1–3 Sätzen Einordnung | Relevanz für Wiederverwendung / Entwerfen mit Bestand | Querverbindungen zu anderen Kategorien | Offene Lücken / Ausbaufelder | Quellen / Bezugslogik","4","0","0","external_urls;has_sources_section;certification_terms;platform_terms;numeric_or_metric_terms","semantic_split","akteur/Restado","software_digitaltool/Restado; tooltyp/Bauteilboerse; beschaffungsweg/Bauteilboerse; ressourcenquelle/Bauteilboerse","market_actor_platform_overlap;check_against_bauteilboerse_and_werkzeug_duplicates"
"akteur\06_bauteilboersen_marktplaetze_handel\Rotor_DC.md","akteur","","Rotor DC","42676","112","Verknüpfungen | Kurzdefinition | Relevanz für Wiederverwendung im Bauwesen | Fachinhalt | Organisationsmodell | Material- und Produktschwerpunkt | Dienstleistungen | Qualitäts- und Ethikprinzipien","21","0","0","external_urls;has_sources_section;certification_terms;platform_terms;numeric_or_metric_terms","semantic_split","akteur/Rotor_DC","software_digitaltool/Rotor_DC; tooltyp/Bauteilboerse; beschaffungsweg/Bauteilboerse; ressourcenquelle/Bauteilboerse","market_actor_platform_overlap;check_against_bauteilboerse_and_werkzeug_duplicates"
"akteur\07_materialinitiativen_hubs\BIZH.md","akteur","","BIZH","42672","125","Verknüpfungen | Kurzdefinition | Relevanz für Wiederverwendung im Bauwesen | Fachinhalt | Rolle im Ökosystem | Abgrenzung zu anderen Akteursarten | Typische Arbeitsfragen | Kriterien für die Aufnahme in das Forschungsrepo","14","0","0","external_urls;has_sources_section;certification_terms;platform_terms;numeric_or_metric_terms","move_as_core","akteur/BIZH","akteurtyp/materialinitiativen_hubs",""
"akteur\07_materialinitiativen_hubs\CRCLR_House.md","akteur","","CRCLR House","41378","109","Verknüpfungen | Kurzdefinition | Relevanz für Wiederverwendung im Bauwesen | Fachinhalt | Rolle als Fallstudie | Unterschied zu Materialinitiativen | Schnittstelle zu Planung und Nachweis | Praxisbezug / Beispiele","7","0","0","external_urls;has_sources_section;platform_terms;numeric_or_metric_terms","move_as_core","akteur/CRCLR_House","akteurtyp/materialinitiativen_hubs",""
"akteur\07_materialinitiativen_hubs\Haus_der_Materialisierung.md","akteur","","Haus der Materialisierung","43856","129","Verknüpfungen | Kurzdefinition | Relevanz für Wiederverwendung im Bauwesen | Fachinhalt | Rolle als ReUse-Hub | Unterschied zu klassischen Bauteilbörsen | Relevante Materiallogik | Schnittstelle zu Architektur und Bauwesen","20","0","0","external_urls;has_sources_section;certification_terms;platform_terms;numeric_or_metric_terms","move_as_core","akteur/Haus_der_Materialisierung","akteurtyp/materialinitiativen_hubs",""
"akteur\07_materialinitiativen_hubs\IfM_Initiativen_fuer_Materialkreislaeufe.md","akteur","","IfM – Initiativen für Materialkreisläufe","2920","7","Verknüpfungen | Kurzdefinition | Relevanz für Wiederverwendung im Bauwesen | Fachinhalt | Praxisbezug / Beispiele | Herausforderungen / offene Fragen | Quellen","4","9","0","external_urls;wikilinks;has_sources_section;numeric_or_metric_terms","move_as_core","akteur/IfM_Initiativen_fuer_Materialkreislaeufe","akteurtyp/materialinitiativen_hubs",""
"akteur\07_materialinitiativen_hubs\Kunst_Stoffe_Berlin.md","akteur","","Kunst-Stoffe Berlin","40017","121","Verknüpfungen | Kurzdefinition | Relevanz für Wiederverwendung im Bauwesen | Fachinhalt | Grundprinzip | Operative Bausteine | Unterschied zu professionellem Bauteilhandel | Kriterien für baupraktische Nutzung","16","0","0","external_urls;has_sources_section;certification_terms;platform_terms;numeric_or_metric_terms","move_as_core","akteur/Kunst_Stoffe_Berlin","akteurtyp/materialinitiativen_hubs",""
"akteur\07_materialinitiativen_hubs\Material_Mafia.md","akteur","","Material Mafia","2963","7","Verknüpfungen | Kurzdefinition | Relevanz für Wiederverwendung im Bauwesen | Fachinhalt | Praxisbezug / Beispiele | Herausforderungen / offene Fragen | Quellen","5","9","0","external_urls;wikilinks;has_sources_section","move_as_core","akteur/Material_Mafia","akteurtyp/materialinitiativen_hubs",""
"akteur\08_digitale_plattformen_daten\Abriss_Atlas.md","akteur","","","5425","8","Verknüpfungen | Kurzüberblick zur Kategorie | Zentrale Unterthemen | Wichtige Dateien dieser Kategorie mit je 1–3 Sätzen Einordnung | Relevanz für Wiederverwendung / Entwerfen mit Bestand | Querverbindungen zu anderen Kategorien | Offene Lücken / Ausbaufelder | Quellen / Bezugslogik","4","0","0","external_urls;has_sources_section;numeric_or_metric_terms","semantic_move","software_digitaltool/Abriss_Atlas","akteur/Architects_For_Future_Deutschland; methode/Abrissmonitoring; kontextmerkmal/Bestandserhalt_Policy","old_actor_folder_contains_tool_profile"
"akteur\08_digitale_plattformen_daten\Madaster.md","akteur","","Madaster — vertieftes Forschungsdossier","49025","143","Verknüpfungen | Kurzdefinition | Relevanz für Wiederverwendung im Bauwesen | Fachinhalt | Akteursprofil | Rolle im ReUse-Ökosystem | Datenquellen und Detailtiefe | Materialpass vs. Gebäuderessourcenpass","16","0","0","external_urls;has_sources_section;certification_terms;platform_terms;numeric_or_metric_terms","semantic_split","software_digitaltool/Madaster","akteur/Madaster; datenmodell/Materialpass; dokumenttyp/Gebaeuderessourcenpass; tooltyp/Materialkataster","hybrid_actor_platform_profile;duplicate_with_werkzeug_Madaster_Plattform"
"akteur\index.md","akteur","","Index","177","4","Zweck | Enthaltene Entitaeten | Wichtigste Cluster | Fehlende Entitaeten","0","1","0","wikilinks","merge_into_index","akteur/index","","index_content_may_contain_unique_gaps_or_cluster_lists"
"akteur\Research\00_INDEX.md","akteur","","Research-Restbestand","1225","2","Konsolidierte Dossiers | Verbleibende Arbeitsdatei","0","0","0","platform_terms","archive_as_source","quelle/00_INDEX","","index_content_may_contain_unique_gaps_or_cluster_lists"
"akteur\Research\Interviewleitfaden.md","akteur","","","10712","18","Verknüpfungen | Interviewkontext | Relevanz des Akteurs für das Forschungsfeld | Mögliche Themenschwerpunkte | Modul 1: Rolle und Ausgangspunkt | Modul 2: Begriffe und Zielsystem | Modul 3: Bestandserfassung und Materialdaten | Modul 4: Rückbau, Demontage und Qualität","5","0","0","external_urls;has_sources_section;certification_terms;platform_terms;numeric_or_metric_terms","archive_as_source","quelle/Interviewleitfaden","",""
"akteur\Unternehmerverband_Historische_Baustoffe_UHB.md","akteur","","Unternehmerverband Historische Baustoffe e.V. (UHB)","2923","7","Verknüpfungen | Kurzdefinition | Relevanz für Wiederverwendung im Bauwesen | Fachinhalt | Praxisbezug / Beispiele | Herausforderungen / offene Fragen | Quellen","5","10","0","external_urls;wikilinks;has_sources_section;platform_terms","move_as_core","akteur/Unternehmerverband_Historische_Baustoffe_UHB","akteurtyp/Unternehmerverband_Historische_Baustoffe_UHB_md",""
"aufbereitungsmethode.md","aufbereitungsmethode.md","Type","Aufbereitungsmethode","107","0","","0","0","0","","merge_into_index","aufbereitungsverfahren/index","","old_schema_file_not_content_node"
"aufbereitungsmethode\Drahtglasschneiden.md","aufbereitungsmethode","Aufbereitungsmethode","","196","0","","1","1","0","external_urls;wikilinks","move_as_knot","aufbereitungsverfahren/Drahtglasschneiden","",""
"aufbereitungsmethode\Entmoertelung_von_Fliesen.md","aufbereitungsmethode","Aufbereitungsmethode","","11506","12","Verknüpfungen | Kurzdefinition | Relevanz für Wiederverwendung im Bauwesen | Fachinhalt | Abgrenzung und Zielzustand | Voruntersuchung | Typische Verfahrenskette | Verfahrenswahl nach Mörteltyp","5","4","0","external_urls;wikilinks;has_sources_section;certification_terms;platform_terms;numeric_or_metric_terms","move_as_knot","aufbereitungsverfahren/Entmoertelung_von_Fliesen","",""
"aufbereitungsmethode\Holzaufbereitung.md","aufbereitungsmethode","Aufbereitungsmethode","","11159","11","Verknüpfungen | Kurzdefinition | Relevanz für Wiederverwendung im Bauwesen | Fachinhalt | Materialströme | Prozesskette | Tragende Wiederverwendung | Schadstoff- und Abfallrecht","8","3","0","external_urls;wikilinks;has_sources_section;platform_terms;numeric_or_metric_terms","move_as_knot","aufbereitungsverfahren/Holzaufbereitung","",""
"aufbereitungsmethode\index.md","aufbereitungsmethode","Aufbereitungsmethode","Aufbereitungsmethoden – Index","6718","6","Verknüpfungen | Kurzüberblick zur Kategorie | Zentrale Unterthemen | Wichtige Dateien dieser Kategorie | Querverbindungen zu anderen Kategorien | Offene Lücken / Ausbaufelder","0","1","0","wikilinks;numeric_or_metric_terms","merge_into_index","aufbereitungsverfahren/index","","index_content_may_contain_unique_gaps_or_cluster_lists"
"aufbereitungsmethode\Leuchten_Refurbishment.md","aufbereitungsmethode","Aufbereitungsmethode","","10180","11","Verknüpfungen | Kurzdefinition | Relevanz für Wiederverwendung im Bauwesen | Fachinhalt | Abgrenzung | Prozesskette | Rechtlicher und normativer Kern | Qualitätskriterien","3","2","0","external_urls;wikilinks;has_sources_section;platform_terms;numeric_or_metric_terms","move_as_knot","aufbereitungsverfahren/Leuchten_Refurbishment","",""
"aufbereitungsmethode\Qualitaetssicherung.md","aufbereitungsmethode","Aufbereitungsmethode","","10579","12","Verknüpfungen | Kurzdefinition | Relevanz für Wiederverwendung im Bauwesen | Fachinhalt | Grundprinzip: Eignung für einen bestimmten Einsatz | Qualitätssicherungsplan | Prüf- und Nachweismethoden | CE, CPR und Marktzugang","6","6","0","external_urls;wikilinks;has_sources_section;platform_terms;numeric_or_metric_terms","move_as_knot","aufbereitungsverfahren/Qualitaetssicherung","",""
"aufbereitungsmethode\Rekonditionierung.md","aufbereitungsmethode","Aufbereitungsmethode","","9524","11","Verknüpfungen | Kurzdefinition | Relevanz für Wiederverwendung im Bauwesen | Fachinhalt | Ziel und Grenzen | Typische Prozessschritte | Geeignete Bauteilgruppen | Qualitätskriterien","5","4","0","external_urls;wikilinks;has_sources_section;platform_terms;numeric_or_metric_terms","move_as_knot","aufbereitungsverfahren/Rekonditionierung","",""
"aufbereitungsmethode\Reparatur.md","aufbereitungsmethode","Aufbereitungsmethode","","9613","11","Verknüpfungen | Kurzdefinition | Relevanz für Wiederverwendung im Bauwesen | Fachinhalt | Reparaturprozess | Typische Reparaturarten | Materialbezogene Hinweise | Reparaturgrenzen","4","6","0","external_urls;wikilinks;has_sources_section;platform_terms;numeric_or_metric_terms","move_as_knot","aufbereitungsverfahren/Reparatur","",""
"bauteil.md","bauteil.md","Type","Bauteil","82","0","","0","0","0","","merge_into_index","bauteiltyp/index","","old_schema_file_not_content_node"
"bauteil\Betonfertigteil.md","bauteil","Bauteil","","18318","11","Verknüpfungen | Kurzdefinition | Relevanz für Wiederverwendung im Bauwesen | Fachinhalt | Typen und Wiederverwendungslogik | Bewertungs- und Entscheidungsparameter | Prüf- und Nachweiskette | Rechtliche und normative Einordnung","17","6","0","external_urls;wikilinks;has_sources_section;platform_terms;donor_receiver_terms;numeric_or_metric_terms","move_as_knot","bauteiltyp/Betonfertigteil","",""
"bauteil\Brettschichtholzstuetze.md","bauteil","Bauteil","","12790","11","Verknüpfungen | Kurzdefinition | Relevanz für Wiederverwendung im Bauwesen | Fachinhalt | Bauteilfunktion und Tragverhalten | Material- und Produktmerkmale | Prüfung und Bewertung für Wiederverwendung | Entwurfs- und Detailkriterien","0","5","0","wikilinks;has_sources_section;numeric_or_metric_terms","move_as_knot","bauteiltyp/Brettschichtholzstuetze","",""
"bauteil\Brettsperrholzdecke.md","bauteil","Bauteil","","15694","11","Verknüpfungen | Kurzdefinition | Relevanz für Wiederverwendung im Bauwesen | Fachinhalt | Bauteilaufbau und reuse-relevante Merkmale | Prüfung und Bewertung | Entwurfs- und Detailprinzipien für Wiederverwendung | Wiederverwendungsoptionen","12","9","0","external_urls;wikilinks;has_sources_section;certification_terms;donor_receiver_terms;numeric_or_metric_terms","move_as_knot","bauteiltyp/Brettsperrholzdecke","",""
"bauteil\Dachtragwerk.md","bauteil","Bauteil","","12153","13","Verknüpfungen | Kurzdefinition | Relevanz für Wiederverwendung im Bauwesen | Fachinhalt | Tragwerksarten | Lastabtrag und Wiederverwendungsprüfung | Erfassung im Pre-Demolition-Audit | Zerstörungsarme Demontage","0","6","0","wikilinks;has_sources_section;numeric_or_metric_terms","move_as_knot","bauteiltyp/Dachtragwerk","",""
"bauteil\Deckenplatte.md","bauteil","Bauteil","","15483","10","Verknüpfungen | Kurzdefinition | Relevanz für Wiederverwendung im Bauwesen | Fachinhalt | Haupttypen und Wiederverwendungseignung | Kriterien für Wiederverwendbarkeit | Prozess für Deckenplatten-Reuse | Praxisbezug / Beispiele","14","9","0","external_urls;wikilinks;has_sources_section;donor_receiver_terms;numeric_or_metric_terms","move_as_knot","bauteiltyp/Deckenplatte","",""
"bauteil\Fachwerktraeger.md","bauteil","Bauteil","","11461","13","Verknüpfungen | Kurzdefinition | Relevanz für Wiederverwendung im Bauwesen | Fachinhalt | Typen und Materialien | Tragverhalten | Bewertung im Bestand | Rückbau und Zwischenzustände","0","6","0","wikilinks;has_sources_section;certification_terms;numeric_or_metric_terms","move_as_knot","bauteiltyp/Fachwerktraeger","",""
"bauteil\Fassade.md","bauteil","Bauteil","Fassade","915","5","Kurzdefinition | Warum relevant fuer Reuse | Wichtige Verbindungen | Evidenz / Beispiele | Offene Fragen","0","4","0","wikilinks","move_as_knot","bauteiltyp/Fassade","",""
"bauteil\Fenster.md","bauteil","Bauteil","Fenster","956","5","Kurzdefinition | Warum relevant fuer Reuse | Wichtige Verbindungen | Evidenz / Beispiele | Offene Fragen","0","5","0","wikilinks","move_as_knot","bauteiltyp/Fenster","",""
"bauteil\Feuerschutztuer.md","bauteil","Bauteil","Feuerschuetztuer","767","5","Kurzdefinition | Warum relevant fuer Reuse | Wichtige Verbindungen | Evidenz / Beispiele | Offene Fragen","0","0","0","","move_as_knot","bauteiltyp/Feuerschutztuer","",""
"bauteil\Holzrahmenelement.md","bauteil","Bauteil","","14352","11","Verknüpfungen | Kurzdefinition | Relevanz für Wiederverwendung im Bauwesen | Fachinhalt | Bauteilstruktur und reuse-relevante Schichten | Verbindung und Demontierbarkeit | Prüf- und Bewertungskriterien | Wiederverwendungsstrategien","11","5","0","external_urls;wikilinks;has_sources_section;certification_terms;numeric_or_metric_terms","move_as_knot","bauteiltyp/Holzrahmenelement","",""
"bauteil\index.md","bauteil","Bauteil","Bauteile – Index","7924","6","Verknüpfungen | Kurzüberblick zur Kategorie | Zentrale Unterthemen | Wichtige Dateien dieser Kategorie | Querverbindungen zu anderen Kategorien | Offene Lücken / Ausbaufelder","0","0","0","numeric_or_metric_terms","merge_into_index","bauteiltyp/index","","index_content_may_contain_unique_gaps_or_cluster_lists"
"bauteil\Leuchte.md","bauteil","Bauteil","Leuchte","749","5","Kurzdefinition | Warum relevant fuer Reuse | Wichtige Verbindungen | Evidenz / Beispiele | Offene Fragen","0","0","0","","move_as_knot","bauteiltyp/Leuchte","",""
"bauteil\Pfette.md","bauteil","Bauteil","","10531","13","Verknüpfungen | Kurzdefinition | Relevanz für Wiederverwendung im Bauwesen | Fachinhalt | Pfettentypen | Tragverhalten | Erfassung und Sortierung | Holzpfetten","0","6","0","wikilinks;has_sources_section;numeric_or_metric_terms","move_as_knot","bauteiltyp/Pfette","",""
"bauteil\Sanitaerobjekt.md","bauteil","Bauteil","Sanitaerobjekt","806","5","Kurzdefinition | Warum relevant fuer Reuse | Wichtige Verbindungen | Evidenz / Beispiele | Offene Fragen","0","1","0","wikilinks","move_as_knot","bauteiltyp/Sanitaerobjekt","",""
"bauteil\Stuetze.md","bauteil","Bauteil","","10522","11","Verknüpfungen | Kurzdefinition | Relevanz für Wiederverwendung im Bauwesen | Fachinhalt | Tragverhalten | Materialbezogene Bewertung | Prüf- und Entscheidungsprozess | Entwurfsstrategien","0","8","0","wikilinks;has_sources_section;numeric_or_metric_terms","move_as_knot","bauteiltyp/Stuetze","",""
"bauteil\Traeger.md","bauteil","Bauteil","","12077","13","Verknüpfungen | Kurzdefinition | Relevanz für Wiederverwendung im Bauwesen | Fachinhalt | Trägertypen | Tragverhalten und Nachweise | Bestandserfassung | Materialbezogene Prüfung","0","8","0","wikilinks;has_sources_section;numeric_or_metric_terms","move_as_knot","bauteiltyp/Traeger","",""
"bauteil\Treppe.md","bauteil","Bauteil","Treppe","781","5","Kurzdefinition | Warum relevant fuer Reuse | Wichtige Verbindungen | Evidenz / Beispiele | Offene Fragen","0","1","0","wikilinks","move_as_knot","bauteiltyp/Treppe","",""
"bauteil\Treppenwange.md","bauteil","Bauteil","Treppenwange","718","5","Kurzdefinition | Warum relevant fuer Reuse | Wichtige Verbindungen | Evidenz / Beispiele | Offene Fragen","0","0","0","","move_as_knot","bauteiltyp/Treppenwange","",""
"bauteil\Wand.md","bauteil","Bauteil","","16652","10","Verknüpfungen | Kurzdefinition | Relevanz für Wiederverwendung im Bauwesen | Fachinhalt | Untertypen und Wiederverwendungsstrategien | Bewertungsparameter für Wand-Reuse | Entscheidungslogik | Praxisbezug / Beispiele","15","12","0","external_urls;wikilinks;has_sources_section;certification_terms;platform_terms;numeric_or_metric_terms","move_as_knot","bauteiltyp/Wand","",""
"bauteilboerse\articonnex.md","bauteilboerse","Bauteilbörse","Articonnex","2193","17","Kurzbeschreibung | Land / Region | Betreiber | Zielgruppe | Plattformtyp | Bauteilkategorien | Art der Wiederverwendung | Funktionen","3","0","0","external_urls;has_sources_section","split_platform_profile","software_digitaltool/articonnex","akteur/<operator_if_named>; beschaffungsweg/Digitale_Plattform; ressourcenquelle/Bauteilboerse; plattformfunktion/Material_Matching","duplicate_with_akteur_or_werkzeug"
"bauteilboerse\backacia.md","bauteilboerse","Bauteilbörse","Backacia","2076","17","Kurzbeschreibung | Land / Region | Betreiber | Zielgruppe | Plattformtyp | Bauteilkategorien | Art der Wiederverwendung | Funktionen","3","0","0","external_urls;has_sources_section;platform_terms","split_platform_profile","software_digitaltool/backacia","akteur/<operator_if_named>; beschaffungsweg/Digitale_Plattform; ressourcenquelle/Bauteilboerse; plattformfunktion/Material_Matching","duplicate_with_akteur_or_werkzeug"
"bauteilboerse\baticycle.md","bauteilboerse","Bauteilbörse","Bâticycle","2056","17","Kurzbeschreibung | Land / Region | Betreiber | Zielgruppe | Plattformtyp | Bauteilkategorien | Art der Wiederverwendung | Funktionen","3","0","0","external_urls;has_sources_section","split_platform_profile","software_digitaltool/baticycle","akteur/<operator_if_named>; beschaffungsweg/Digitale_Plattform; ressourcenquelle/Bauteilboerse; plattformfunktion/Material_Matching","duplicate_with_akteur_or_werkzeug"
"bauteilboerse\batiterre.md","bauteilboerse","Bauteilbörse","BatiTerre","2565","17","Kurzbeschreibung | Land / Region | Betreiber | Zielgruppe | Plattformtyp | Bauteilkategorien | Art der Wiederverwendung | Funktionen","4","0","0","external_urls;has_sources_section;platform_terms;numeric_or_metric_terms","split_platform_profile","software_digitaltool/batiterre","akteur/<operator_if_named>; beschaffungsweg/Digitale_Plattform; ressourcenquelle/Bauteilboerse; plattformfunktion/Material_Matching","duplicate_with_akteur_or_werkzeug"
"bauteilboerse\batrecup.md","bauteilboerse","Bauteilbörse","BatRecup","2078","17","Kurzbeschreibung | Land / Region | Betreiber | Zielgruppe | Plattformtyp | Bauteilkategorien | Art der Wiederverwendung | Funktionen","3","0","0","external_urls;has_sources_section","split_platform_profile","software_digitaltool/batrecup","akteur/<operator_if_named>; beschaffungsweg/Digitale_Plattform; ressourcenquelle/Bauteilboerse; plattformfunktion/Material_Matching","duplicate_with_akteur_or_werkzeug"
"bauteilboerse\baukarussell.md","bauteilboerse","Bauteilbörse","BauKarussell","2318","17","Kurzbeschreibung | Land / Region | Betreiber | Zielgruppe | Plattformtyp | Bauteilkategorien | Art der Wiederverwendung | Funktionen","3","0","0","external_urls;has_sources_section","split_platform_profile","software_digitaltool/baukarussell","akteur/<operator_if_named>; beschaffungsweg/Digitale_Plattform; ressourcenquelle/Bauteilboerse; plattformfunktion/Material_Matching","duplicate_with_akteur_or_werkzeug"
"bauteilboerse\bauteilboerse-bremen.md","bauteilboerse","Bauteilbörse","Bauteilbörse Bremen","2813","17","Kurzbeschreibung | Land / Region | Betreiber | Zielgruppe | Plattformtyp | Bauteilkategorien | Art der Wiederverwendung | Funktionen","5","0","0","external_urls;has_sources_section","split_platform_profile","software_digitaltool/bauteilboerse_bremen","akteur/<operator_if_named>; beschaffungsweg/Digitale_Plattform; ressourcenquelle/Bauteilboerse; plattformfunktion/Material_Matching","duplicate_with_akteur_or_werkzeug"
"bauteilboerse\bauteilladen-winterthur.md","bauteilboerse","Bauteilbörse","Bauteilladen Winterthur","2265","17","Kurzbeschreibung | Land / Region | Betreiber | Zielgruppe | Plattformtyp | Bauteilkategorien | Art der Wiederverwendung | Funktionen","4","0","0","external_urls;has_sources_section","split_platform_profile","software_digitaltool/bauteilladen_winterthur","akteur/<operator_if_named>; beschaffungsweg/Digitale_Plattform; ressourcenquelle/Bauteilboerse; plattformfunktion/Material_Matching","duplicate_with_akteur_or_werkzeug"
"bauteilboerse\bauteilnetz-deutschland.md","bauteilboerse","Bauteilbörse","Bauteilnetz Deutschland","2626","17","Kurzbeschreibung | Land / Region | Betreiber | Zielgruppe | Plattformtyp | Bauteilkategorien | Art der Wiederverwendung | Funktionen","3","0","0","external_urls;has_sources_section;numeric_or_metric_terms","split_platform_profile","software_digitaltool/bauteilnetz_deutschland","akteur/<operator_if_named>; beschaffungsweg/Digitale_Plattform; ressourcenquelle/Bauteilboerse; plattformfunktion/Material_Matching","duplicate_with_akteur_or_werkzeug"
"bauteilboerse\building-spares-market.md","bauteilboerse","Bauteilbörse","Building Spares Market","2358","17","Kurzbeschreibung | Land / Region | Betreiber | Zielgruppe | Plattformtyp | Bauteilkategorien | Art der Wiederverwendung | Funktionen","4","0","0","external_urls;has_sources_section;certification_terms;numeric_or_metric_terms","split_platform_profile","software_digitaltool/building_spares_market","akteur/<operator_if_named>; beschaffungsweg/Digitale_Plattform; ressourcenquelle/Bauteilboerse; plattformfunktion/Material_Matching","duplicate_with_akteur_or_werkzeug"
"bauteilboerse\cornermat-retrival.md","bauteilboerse","Bauteilbörse","Cornermat / Retrival","1946","17","Kurzbeschreibung | Land / Region | Betreiber | Zielgruppe | Plattformtyp | Bauteilkategorien | Art der Wiederverwendung | Funktionen","3","0","0","external_urls;has_sources_section","split_platform_profile","software_digitaltool/cornermat_retrival","akteur/<operator_if_named>; beschaffungsweg/Digitale_Plattform; ressourcenquelle/Bauteilboerse; plattformfunktion/Material_Matching","duplicate_with_akteur_or_werkzeug"
"bauteilboerse\cycle-up.md","bauteilboerse","Bauteilbörse","Cycle Up","2514","17","Kurzbeschreibung | Land / Region | Betreiber | Zielgruppe | Plattformtyp | Bauteilkategorien | Art der Wiederverwendung | Funktionen","4","0","0","external_urls;has_sources_section;platform_terms;numeric_or_metric_terms","split_platform_profile","software_digitaltool/cycle_up","akteur/<operator_if_named>; beschaffungsweg/Digitale_Plattform; ressourcenquelle/Bauteilboerse; plattformfunktion/Material_Matching","duplicate_with_akteur_or_werkzeug"
"bauteilboerse\cycle-zero.md","bauteilboerse","Bauteilbörse","Cycle Zéro","2180","17","Kurzbeschreibung | Land / Region | Betreiber | Zielgruppe | Plattformtyp | Bauteilkategorien | Art der Wiederverwendung | Funktionen","3","0","0","external_urls;has_sources_section;numeric_or_metric_terms","split_platform_profile","software_digitaltool/cycle_zero","akteur/<operator_if_named>; beschaffungsweg/Digitale_Plattform; ressourcenquelle/Bauteilboerse; plattformfunktion/Material_Matching","duplicate_with_akteur_or_werkzeug"
"bauteilboerse\enviromate.md","bauteilboerse","Bauteilbörse","Enviromate","2229","17","Kurzbeschreibung | Land / Region | Betreiber | Zielgruppe | Plattformtyp | Bauteilkategorien | Art der Wiederverwendung | Funktionen","3","0","0","external_urls;has_sources_section;certification_terms;numeric_or_metric_terms","split_platform_profile","software_digitaltool/enviromate","akteur/<operator_if_named>; beschaffungsweg/Digitale_Plattform; ressourcenquelle/Bauteilboerse; plattformfunktion/Material_Matching","duplicate_with_akteur_or_werkzeug"
"bauteilboerse\gebruiktebouwmaterialen-gbm.md","bauteilboerse","Bauteilbörse","Gebruiktebouwmaterialen.com / GBM","2193","17","Kurzbeschreibung | Land / Region | Betreiber | Zielgruppe | Plattformtyp | Bauteilkategorien | Art der Wiederverwendung | Funktionen","4","0","0","external_urls;has_sources_section;platform_terms","split_platform_profile","software_digitaltool/gebruiktebouwmaterialen_gbm","akteur/<operator_if_named>; beschaffungsweg/Digitale_Plattform; ressourcenquelle/Bauteilboerse; plattformfunktion/Material_Matching","duplicate_with_akteur_or_werkzeug"
"bauteilboerse\genbyg.md","bauteilboerse","Bauteilbörse","Genbyg","2124","17","Kurzbeschreibung | Land / Region | Betreiber | Zielgruppe | Plattformtyp | Bauteilkategorien | Art der Wiederverwendung | Funktionen","3","0","0","external_urls;has_sources_section;platform_terms","split_platform_profile","software_digitaltool/genbyg","akteur/<operator_if_named>; beschaffungsweg/Digitale_Plattform; ressourcenquelle/Bauteilboerse; plattformfunktion/Material_Matching","duplicate_with_akteur_or_werkzeug"
"bauteilboerse\globechain.md","bauteilboerse","Bauteilbörse","Globechain","2564","17","Kurzbeschreibung | Land / Region | Betreiber | Zielgruppe | Plattformtyp | Bauteilkategorien | Art der Wiederverwendung | Funktionen","4","0","0","external_urls;has_sources_section;donor_receiver_terms","split_platform_profile","software_digitaltool/globechain","akteur/<operator_if_named>; beschaffungsweg/Digitale_Plattform; ressourcenquelle/Bauteilboerse; plattformfunktion/Material_Matching","duplicate_with_akteur_or_werkzeug"
"bauteilboerse\insert-marketplace.md","bauteilboerse","Bauteilbörse","Insert Marketplace","2066","17","Kurzbeschreibung | Land / Region | Betreiber | Zielgruppe | Plattformtyp | Bauteilkategorien | Art der Wiederverwendung | Funktionen","2","0","0","external_urls;has_sources_section","split_platform_profile","software_digitaltool/insert_marketplace","akteur/<operator_if_named>; beschaffungsweg/Digitale_Plattform; ressourcenquelle/Bauteilboerse; plattformfunktion/Material_Matching","duplicate_with_akteur_or_werkzeug"
"bauteilboerse\loopfront.md","bauteilboerse","Bauteilbörse","Loopfront","2635","17","Kurzbeschreibung | Land / Region | Betreiber | Zielgruppe | Plattformtyp | Bauteilkategorien | Art der Wiederverwendung | Funktionen","5","0","0","external_urls;has_sources_section;platform_terms;numeric_or_metric_terms","split_platform_profile","software_digitaltool/loopfront","akteur/<operator_if_named>; beschaffungsweg/Digitale_Plattform; ressourcenquelle/Bauteilboerse; plattformfunktion/Material_Matching","duplicate_with_akteur_or_werkzeug"
"bauteilboerse\materialenbank-leuven-atelier-circuler.md","bauteilboerse","Bauteilbörse","Materialenbank Leuven / Atelier Circuler","2573","17","Kurzbeschreibung | Land / Region | Betreiber | Zielgruppe | Plattformtyp | Bauteilkategorien | Art der Wiederverwendung | Funktionen","5","0","0","external_urls;has_sources_section;numeric_or_metric_terms","split_platform_profile","software_digitaltool/materialenbank_leuven_atelier_circuler","akteur/<operator_if_named>; beschaffungsweg/Digitale_Plattform; ressourcenquelle/Bauteilboerse; plattformfunktion/Material_Matching","duplicate_with_akteur_or_werkzeug"
"bauteilboerse\material-index.md","bauteilboerse","Bauteilbörse","Material Index","2631","17","Kurzbeschreibung | Land / Region | Betreiber | Zielgruppe | Plattformtyp | Bauteilkategorien | Art der Wiederverwendung | Funktionen","5","0","0","external_urls;has_sources_section;certification_terms;numeric_or_metric_terms","split_platform_profile","software_digitaltool/material_index","akteur/<operator_if_named>; beschaffungsweg/Digitale_Plattform; ressourcenquelle/Bauteilboerse; plattformfunktion/Material_Matching","duplicate_with_akteur_or_werkzeug"
"bauteilboerse\materialrest24.md","bauteilboerse","Bauteilbörse","Materialrest24","2546","17","Kurzbeschreibung | Land / Region | Betreiber | Zielgruppe | Plattformtyp | Bauteilkategorien | Art der Wiederverwendung | Funktionen","3","0","0","external_urls;has_sources_section;numeric_or_metric_terms","split_platform_profile","software_digitaltool/materialrest24","akteur/<operator_if_named>; beschaffungsweg/Digitale_Plattform; ressourcenquelle/Bauteilboerse; plattformfunktion/Material_Matching","duplicate_with_akteur_or_werkzeug"
"bauteilboerse\material-reuse-portal.md","bauteilboerse","Bauteilbörse","Material Reuse Portal","2386","17","Kurzbeschreibung | Land / Region | Betreiber | Zielgruppe | Plattformtyp | Bauteilkategorien | Art der Wiederverwendung | Funktionen","4","0","0","external_urls;has_sources_section;numeric_or_metric_terms","split_platform_profile","software_digitaltool/material_reuse_portal","akteur/<operator_if_named>; beschaffungsweg/Digitale_Plattform; ressourcenquelle/Bauteilboerse; plattformfunktion/Material_Matching","duplicate_with_akteur_or_werkzeug"
"bauteilboerse\oogstkaart-new-horizon.md","bauteilboerse","Bauteilbörse","Oogstkaart / New Horizon","2293","17","Kurzbeschreibung | Land / Region | Betreiber | Zielgruppe | Plattformtyp | Bauteilkategorien | Art der Wiederverwendung | Funktionen","3","0","0","external_urls;has_sources_section","split_platform_profile","software_digitaltool/oogstkaart_new_horizon","akteur/<operator_if_named>; beschaffungsweg/Digitale_Plattform; ressourcenquelle/Bauteilboerse; plattformfunktion/Material_Matching","duplicate_with_akteur_or_werkzeug"
"bauteilboerse\raedificare.md","bauteilboerse","Bauteilbörse","RAEDIFICARE","1919","17","Kurzbeschreibung | Land / Region | Betreiber | Zielgruppe | Plattformtyp | Bauteilkategorien | Art der Wiederverwendung | Funktionen","3","0","0","external_urls;has_sources_section;donor_receiver_terms","split_platform_profile","software_digitaltool/raedificare","akteur/<operator_if_named>; beschaffungsweg/Digitale_Plattform; ressourcenquelle/Bauteilboerse; plattformfunktion/Material_Matching","duplicate_with_akteur_or_werkzeug"
"bauteilboerse\reempro.md","bauteilboerse","Bauteilbörse","Réempro","1962","17","Kurzbeschreibung | Land / Region | Betreiber | Zielgruppe | Plattformtyp | Bauteilkategorien | Art der Wiederverwendung | Funktionen","3","0","0","external_urls;has_sources_section","split_platform_profile","software_digitaltool/reempro","akteur/<operator_if_named>; beschaffungsweg/Digitale_Plattform; ressourcenquelle/Bauteilboerse; plattformfunktion/Material_Matching","duplicate_with_akteur_or_werkzeug"
"bauteilboerse\resource-marktplaats.md","bauteilboerse","Bauteilbörse","ReSource Marktplaats","1786","17","Kurzbeschreibung | Land / Region | Betreiber | Zielgruppe | Plattformtyp | Bauteilkategorien | Art der Wiederverwendung | Funktionen","2","0","0","external_urls;has_sources_section;certification_terms","split_platform_profile","software_digitaltool/resource_marktplaats","akteur/<operator_if_named>; beschaffungsweg/Digitale_Plattform; ressourcenquelle/Bauteilboerse; plattformfunktion/Material_Matching","duplicate_with_akteur_or_werkzeug"
"bauteilboerse\restado.md","bauteilboerse","Bauteilbörse","Restado","2866","17","Kurzbeschreibung | Land / Region | Betreiber | Zielgruppe | Plattformtyp | Bauteilkategorien | Art der Wiederverwendung | Funktionen","5","0","0","external_urls;has_sources_section;platform_terms;numeric_or_metric_terms","split_platform_profile","software_digitaltool/restado","akteur/<operator_if_named>; beschaffungsweg/Digitale_Plattform; ressourcenquelle/Bauteilboerse; plattformfunktion/Material_Matching","duplicate_with_akteur_or_werkzeug"
"bauteilboerse\re-store-harvestmap-vienna.md","bauteilboerse","Bauteilbörse","re:store / HarvestMAP Vienna","2208","17","Kurzbeschreibung | Land / Region | Betreiber | Zielgruppe | Plattformtyp | Bauteilkategorien | Art der Wiederverwendung | Funktionen","3","0","0","external_urls;has_sources_section","split_platform_profile","software_digitaltool/re_store_harvestmap_vienna","akteur/<operator_if_named>; beschaffungsweg/Digitale_Plattform; ressourcenquelle/Bauteilboerse; plattformfunktion/Material_Matching","duplicate_with_akteur_or_werkzeug"
"bauteilboerse\reuse-and-trade.md","bauteilboerse","Bauteilbörse","ReUse and Trade","2123","17","Kurzbeschreibung | Land / Region | Betreiber | Zielgruppe | Plattformtyp | Bauteilkategorien | Art der Wiederverwendung | Funktionen","3","0","0","external_urls;has_sources_section","split_platform_profile","software_digitaltool/reuse_and_trade","akteur/<operator_if_named>; beschaffungsweg/Digitale_Plattform; ressourcenquelle/Bauteilboerse; plattformfunktion/Material_Matching","duplicate_with_akteur_or_werkzeug"
"bauteilboerse\rotordc.md","bauteilboerse","Bauteilbörse","RotorDC","2594","17","Kurzbeschreibung | Land / Region | Betreiber | Zielgruppe | Plattformtyp | Bauteilkategorien | Art der Wiederverwendung | Funktionen","4","0","0","external_urls;has_sources_section;platform_terms","split_platform_profile","software_digitaltool/rotordc","akteur/<operator_if_named>; beschaffungsweg/Digitale_Plattform; ressourcenquelle/Bauteilboerse; plattformfunktion/Material_Matching","duplicate_with_akteur_or_werkzeug"
"bauteilboerse\r-place.md","bauteilboerse","Bauteilbörse","R-Place","2002","17","Kurzbeschreibung | Land / Region | Betreiber | Zielgruppe | Plattformtyp | Bauteilkategorien | Art der Wiederverwendung | Funktionen","3","0","0","external_urls;has_sources_section","split_platform_profile","software_digitaltool/r_place","akteur/<operator_if_named>; beschaffungsweg/Digitale_Plattform; ressourcenquelle/Bauteilboerse; plattformfunktion/Material_Matching","duplicate_with_akteur_or_werkzeug"
"bauteilboerse\salvoweb.md","bauteilboerse","Bauteilbörse","SalvoWEB","2321","17","Kurzbeschreibung | Land / Region | Betreiber | Zielgruppe | Plattformtyp | Bauteilkategorien | Art der Wiederverwendung | Funktionen","3","0","0","external_urls;has_sources_section;platform_terms","split_platform_profile","software_digitaltool/salvoweb","akteur/<operator_if_named>; beschaffungsweg/Digitale_Plattform; ressourcenquelle/Bauteilboerse; plattformfunktion/Material_Matching","duplicate_with_akteur_or_werkzeug"
"bauteilboerse\salza.md","bauteilboerse","Bauteilbörse","Salza","2107","17","Kurzbeschreibung | Land / Region | Betreiber | Zielgruppe | Plattformtyp | Bauteilkategorien | Art der Wiederverwendung | Funktionen","3","0","0","external_urls;has_sources_section","split_platform_profile","software_digitaltool/salza","akteur/<operator_if_named>; beschaffungsweg/Digitale_Plattform; ressourcenquelle/Bauteilboerse; plattformfunktion/Material_Matching","duplicate_with_akteur_or_werkzeug"
"bauteilboerse\skop-marketplace.md","bauteilboerse","Bauteilbörse","Skop Marketplace","1980","17","Kurzbeschreibung | Land / Region | Betreiber | Zielgruppe | Plattformtyp | Bauteilkategorien | Art der Wiederverwendung | Funktionen","3","0","0","external_urls;has_sources_section","split_platform_profile","software_digitaltool/skop_marketplace","akteur/<operator_if_named>; beschaffungsweg/Digitale_Plattform; ressourcenquelle/Bauteilboerse; plattformfunktion/Material_Matching","duplicate_with_akteur_or_werkzeug"
"bauteilboerse\surplus-building-and-plumbing-materials.md","bauteilboerse","Bauteilbörse","Surplus Building & Plumbing Materials","2214","17","Kurzbeschreibung | Land / Region | Betreiber | Zielgruppe | Plattformtyp | Bauteilkategorien | Art der Wiederverwendung | Funktionen","3","0","0","external_urls;has_sources_section","split_platform_profile","software_digitaltool/surplus_building_and_plumbing_materials","akteur/<operator_if_named>; beschaffungsweg/Digitale_Plattform; ressourcenquelle/Bauteilboerse; plattformfunktion/Material_Matching","duplicate_with_akteur_or_werkzeug"
"bauteilboerse\sustainability-yard.md","bauteilboerse","Bauteilbörse","Sustainability Yard","2263","17","Kurzbeschreibung | Land / Region | Betreiber | Zielgruppe | Plattformtyp | Bauteilkategorien | Art der Wiederverwendung | Funktionen","4","0","0","external_urls;has_sources_section;numeric_or_metric_terms","split_platform_profile","software_digitaltool/sustainability_yard","akteur/<operator_if_named>; beschaffungsweg/Digitale_Plattform; ressourcenquelle/Bauteilboerse; plattformfunktion/Material_Matching","duplicate_with_akteur_or_werkzeug"
"bauteilboerse\useagain-bauteilclick.md","bauteilboerse","Bauteilbörse","useagain / Bauteilclick","2456","17","Kurzbeschreibung | Land / Region | Betreiber | Zielgruppe | Plattformtyp | Bauteilkategorien | Art der Wiederverwendung | Funktionen","4","0","0","external_urls;has_sources_section","split_platform_profile","software_digitaltool/useagain_bauteilclick","akteur/<operator_if_named>; beschaffungsweg/Digitale_Plattform; ressourcenquelle/Bauteilboerse; plattformfunktion/Material_Matching","duplicate_with_akteur_or_werkzeug"
"bauteilboerse\warp-it.md","bauteilboerse","Bauteilbörse","Warp It","2464","17","Kurzbeschreibung | Land / Region | Betreiber | Zielgruppe | Plattformtyp | Bauteilkategorien | Art der Wiederverwendung | Funktionen","4","0","0","external_urls;has_sources_section;numeric_or_metric_terms","split_platform_profile","software_digitaltool/warp_it","akteur/<operator_if_named>; beschaffungsweg/Digitale_Plattform; ressourcenquelle/Bauteilboerse; plattformfunktion/Material_Matching","duplicate_with_akteur_or_werkzeug"
"bauteilbörse.md","bauteilbörse.md","Type","Bauteilbörse","92","0","","0","0","0","","merge_into_index","software_digitaltool/index","tooltyp/Digitale_Bauteilboerse; beschaffungsweg/Digitale_Plattform","old_type_stub_only"
"beispiel.md","beispiel.md","","","0","0","","0","0","0","empty_file","archive_as_source","meta_or_90_import_rohdaten/beispiel","",""
"bericht.md","bericht.md","Type","Bericht","84","0","","0","0","0","","merge_into_index","quelle/index","","old_schema_file_not_content_node"
"bericht\01_BIM_Berlin_detailed.md","bericht","Bericht","BIM Berlin — vertieftes Forschungsdossier","36292","100","1. Executive Summary | 2. Wer ist BIM Berlin institutionell? | Warum das für Re-Use wichtig ist | Organisatorische Einbettung | Vorläufige Forschungsthese | 3. Warum BIM für Entwerfen mit Bestand besonders wertvoll ist | 3.1 Öffentliche-Hand-Perspektive | 3.2 Materialhalter-Perspektive","14","0","0","external_urls;certification_terms;platform_terms;donor_receiver_terms;numeric_or_metric_terms","archive_or_source","quelle/01_BIM_Berlin_detailed","","may_duplicate_existing_actor_or_case_profile"
"bericht\02_Concular_detailed.md","bericht","Bericht","Concular — vertieftes Forschungsdossier","38401","123","1. Executive Summary | 2. Wer oder was ist Concular institutionell? | Belastbar öffentlich sichtbar | Als Selbstdarstellung zu lesen | Warum das für die Forschung wichtig ist | 3. Warum Concular für Entwerfen mit Bestand besonders relevant ist | 3.1 Bestand wird in strukturierte Daten übersetzt | 3.2 Anschlussnutzung wird standardisiert bewertet","13","0","0","component_inventory;external_urls;certification_terms;platform_terms;numeric_or_metric_terms","archive_or_source","quelle/02_Concular_detailed","","may_duplicate_existing_actor_or_case_profile"
"bericht\03_Madaster_detailed.md","bericht","Bericht","Madaster — vertieftes Forschungsdossier","35751","127","1. Executive Summary | 2. Institutionelle Einordnung: Was für ein Akteur ist Madaster? | Charakter des Akteurs | Was Madaster gerade nicht primär ist | Warum das für Entwerfen mit Bestand entscheidend ist | 3. Warum Madaster für „Entwerfen mit Bestand“ wichtig ist | 3.1 Persistenz statt Momentaufnahme | 3.2 Trennung mehrerer Datenebenen","13","0","0","external_urls;platform_terms;numeric_or_metric_terms","archive_or_source","quelle/03_Madaster_detailed","","may_duplicate_existing_actor_or_case_profile"
"bericht\04_Be_Ware_NBL_detailed.md","bericht","Bericht","B(e) Ware / Natural Building Lab — vertieftes Forschungsdossier","30020","101","1. Executive Summary | 2. Institutioneller Kern: Was ist NBL, was ist B(e) Ware? | Wichtige Differenzierung | Förder- und Programmkontekst | Laufzeiten | 3. Warum B(e) Ware für Entwerfen mit Bestand so zentral ist | 3.1 Fokus auf tragende Anwendungen | 3.2 Ganze Wertschöpfungskette statt einzelner Toolfunktion","9","0","0","external_urls;certification_terms;platform_terms;numeric_or_metric_terms","archive_or_source","quelle/04_Be_Ware_NBL_detailed","","may_duplicate_existing_actor_or_case_profile"
"bericht\05_BIZH_Reallabor_detailed.md","bericht","Bericht","BIZH / Reallabor Zirkuläres Bauen — vertieftes Forschungsdossier","30255","108","1. Executive Summary | 2. Institutionelle Einordnung: Was ist das BIZH? | Rechtlich-organisatorische Hinweise | Historischer Vorlauf | Warum das für die Forschung relevant ist | 3. Was ist das Reallabor Zirkuläres Bauen innerhalb des BIZH? | Wichtige Merkmale | Was daraus folgt","8","0","0","external_urls;certification_terms;platform_terms;numeric_or_metric_terms","archive_or_source","quelle/05_BIZH_Reallabor_detailed","","may_duplicate_existing_actor_or_case_profile"
"bericht\06_Haus_der_Materialisierung_detailed.md","bericht","Bericht","Haus der Materialisierung — vertieftes Forschungsdossier","32136","113","1. Executive Summary | 2. Institutionelle Einordnung: Was ist das Haus der Materialisierung? | Zentrale Merkmale | Wichtige historische Markierungen | Warum das forschungsrelevant ist | 3. HdM im Kontext des Haus der Statistik | Was diese Einbettung bedeutet | Relevanz der KOOP5-Struktur","14","0","0","external_urls;certification_terms;platform_terms;numeric_or_metric_terms","archive_or_source","quelle/06_Haus_der_Materialisierung_detailed","","may_duplicate_existing_actor_or_case_profile"
"bericht\07_Kunst_Stoffe_Berlin_detailed.md","bericht","Bericht","Kunst-Stoffe Berlin — vertieftes Forschungsdossier","28588","105","1. Executive Summary | 2. Institutionelle Einordnung: Was für ein Akteur ist Kunst-Stoffe? | Charakter des Akteurs | Seit wann existiert Kunst-Stoffe? | Warum das für Entwerfen mit Bestand wichtig ist | 3. Standortlogik: Pankow und HdM | 3.1 Materialmarkt Pankow | 3.2 Materialmarkt im HdM","9","0","0","external_urls;certification_terms;platform_terms;numeric_or_metric_terms","archive_or_source","quelle/07_Kunst_Stoffe_Berlin_detailed","","may_duplicate_existing_actor_or_case_profile"
"bericht\08_ZRS_Engineering_detailed.md","bericht","Bericht","ZRS Engineering / ZRS Ingenieure — vertieftes Forschungsdossier","33746","76","1. Executive Summary | 2. Ausgangspunkt: Was im bestehenden Kurzprofil bereits richtig erkannt ist | 3. Institutionelle Einordnung: Was für ein Büro ist ZRS? | Warum diese Struktur wichtig ist | Teamgröße und organisatorische Dichte | 4. Profil und Kernkompetenzen | Kernthesen aus dem Büroprofil | Warum das für Entwerfen mit Bestand wichtig ist","16","0","0","external_urls;certification_terms;platform_terms;numeric_or_metric_terms","archive_or_source","quelle/08_ZRS_Engineering_detailed","","may_duplicate_existing_actor_or_case_profile"
"bericht\09_CRCLR_House_detailed.md","bericht","Bericht","CRCLR House — vertieftes Forschungsdossier","34301","98","1. Executive Summary | 2. Projektidentität und Grunddaten | Flächen- und Zeitangaben | Forschungsperspektive | 3. Warum das Projekt für Entwerfen mit Bestand besonders relevant ist | 3.1 Re-Use in gebauter Realität | 3.2 Materialverfügbarkeit beeinflusst den Entwurf | 3.3 Tragende Wiederverwendung ist tatsächlich vorhanden","7","0","0","external_urls;platform_terms;numeric_or_metric_terms","archive_or_source","quelle/09_CRCLR_House_detailed","","may_duplicate_existing_actor_or_case_profile"
"bericht\10_PARABASE_detailed.md","bericht","Bericht","PARABASE — vertieftes Forschungsdossier","28174","75","1. Executive Summary | 2. Wer oder was ist PARABASE? | Gründung und Personen | Bewertung der Abweichung | Beruflicher Hintergrund | Warum das wichtig ist | 3. Selbstverständnis und inhaltliche Haltung | Warum das für Entwerfen mit Bestand wichtig ist","11","0","0","external_urls;platform_terms;numeric_or_metric_terms","archive_or_source","quelle/10_PARABASE_detailed","","may_duplicate_existing_actor_or_case_profile"
"bericht\11_Rotor_Rotor_DC_detailed.md","bericht","Bericht","Rotor / Rotor DC — vertieftes Forschungsdossier","31757","96","1. Executive Summary | 2. Grundunterscheidung: Rotor ist nicht Rotor DC | Rotor | Rotor DC | Warum diese Unterscheidung analytisch so wichtig ist | Forschungsperspektive | 3. Entstehungsgeschichte | Bedeutung für Entwerfen mit Bestand","16","0","0","external_urls;certification_terms;platform_terms;numeric_or_metric_terms","archive_or_source","quelle/11_Rotor_Rotor_DC_detailed","","may_duplicate_existing_actor_or_case_profile"
"bericht\2021-Schweiz.md","bericht","Bericht","","205","0","","1","0","0","external_urls","archive_or_source","quelle/2021_Schweiz","","may_duplicate_existing_actor_or_case_profile"
"bericht\index.md","bericht","Bericht","Index","187","4","Zweck | Enthaltene Entitaeten | Wichtigste Cluster | Fehlende Entitaeten","0","1","0","wikilinks","merge_into_index","quelle/index","","index_content_may_contain_unique_gaps_or_cluster_lists"
"bericht\Research_Prompts_Entities_Obsidian.md","bericht","Bericht","Research Prompts Entities Obsidian","762","5","Kurzdefinition | Warum relevant fuer Reuse | Wichtige Verbindungen | Evidenz / Beispiele | Offene Fragen","0","0","0","","archive_or_source","quelle/Research_Prompts_Entities_Obsidian","","may_duplicate_existing_actor_or_case_profile"
"bericht\Ueberblick_Entwerfen_mit_Bestand_Kurzfassung.md","bericht","Bericht","Ueberblick Entwerfen mit Bestand Kurzfassung","782","5","Kurzdefinition | Warum relevant fuer Reuse | Wichtige Verbindungen | Evidenz / Beispiele | Offene Fragen","0","0","0","","archive_or_source","quelle/Ueberblick_Entwerfen_mit_Bestand_Kurzfassung","","may_duplicate_existing_actor_or_case_profile"
"datenmodell.md","datenmodell.md","Type","Datenmodell","91","0","","0","0","0","","merge_into_index","datenmodell/index","","old_schema_file_not_content_node"
"datenmodell\Bauteil_ID.md","datenmodell","Datenmodell","Bauteil_ID","13500","17","Verknüpfungen | Kurzdefinition | Relevanz für Wiederverwendung im Bauwesen | Fachinhalt | Abgrenzung zu verwandten Identifikatoren | Empfohlene Granularität | Grundprinzipien eines robusten ID-Schemas | Minimaler Datensatz zur Bauteil_ID","9","11","9","source_conflict;external_urls;wikilinks;has_sources_section;platform_terms;numeric_or_metric_terms","move_as_knot","datenmodell/Bauteil_ID","",""
"datenmodell\IFC.md","datenmodell","Datenmodell","IFC","12780","16","Verknüpfungen | Kurzdefinition | Relevanz für Wiederverwendung im Bauwesen | Fachinhalt | Grundstruktur von IFC | IFC und ReUse-Daten | Empfohlene ReUse-Property-Set-Struktur | IFC als Austauschschicht, nicht als alleinige Datenbank","10","14","12","external_urls;wikilinks;has_sources_section;platform_terms;numeric_or_metric_terms","move_as_knot","datenmodell/IFC","",""
"datenmodell\index.md","datenmodell","Datenmodell","","38","0","","0","0","0","","merge_into_index","datenmodell/index","","index_content_may_contain_unique_gaps_or_cluster_lists"
"datenmodell\Klassifikation.md","datenmodell","Datenmodell","Klassifikation","12762","16","Verknüpfungen | Kurzdefinition | Relevanz für Wiederverwendung im Bauwesen | Fachinhalt | Bausteine einer Klassifikation | Facetten statt Ein-System-Denken | Verhältnis zu IFC | Verhältnis zu Taxonomie und Ontologie","12","11","20","external_urls;wikilinks;has_sources_section;platform_terms;numeric_or_metric_terms","move_as_knot","datenmodell/Klassifikation","",""
"datenmodell\Materialpass_Schema.md","datenmodell","Datenmodell","Materialpass_Schema","13803","15","Verknüpfungen | Kurzdefinition | Relevanz für Wiederverwendung im Bauwesen | Fachinhalt | Ebenen eines Materialpasses | Pflichtbereiche eines ReUse-tauglichen Schemas | Schema-Designprinzipien | Beispielhafter Schemaausschnitt","12","10","0","external_urls;wikilinks;has_sources_section;certification_terms;platform_terms;numeric_or_metric_terms","move_as_knot","datenmodell/Materialpass_Schema","",""
"datenmodell\Ontologie.md","datenmodell","Datenmodell","Ontologie","12360","17","Verknüpfungen | Kurzdefinition | Relevanz für Wiederverwendung im Bauwesen | Fachinhalt | Abgrenzung zu Taxonomie und Klassifikation | Grundbausteine einer ReUse-Ontologie | Beispielhafte Aussagen als Wissensgraph | Beziehung zu IFC und ifcOWL","12","9","5","external_urls;wikilinks;has_sources_section;numeric_or_metric_terms","move_as_knot","datenmodell/Ontologie","",""
"datenmodell\Taxonomie.md","datenmodell","Datenmodell","Taxonomie","12780","17","Verknüpfungen | Kurzdefinition | Relevanz für Wiederverwendung im Bauwesen | Fachinhalt | Grundprinzipien einer guten ReUse-Taxonomie | Empfohlene Taxonomieachsen für ReUse | Taxonomie im Repo | SKOS als Publikationsform","10","10","0","external_urls;wikilinks;has_sources_section;certification_terms;platform_terms;numeric_or_metric_terms","move_as_knot","datenmodell/Taxonomie","",""
"dirk-hebel.md","dirk-hebel.md","Person","Dirk Hebel","151","3","Role | Contact | Notes","0","2","0","wikilinks","move_as_core","akteur/Dirk_Hebel","akteurtyp/Person",""
"dokument.md","dokument.md","Type","Dokument","81","0","","0","0","0","","merge_into_index","dokumenttyp/index","","old_schema_file_not_content_node"
"dokument\Auditbericht.md","dokument","Dokument","","12064","11","Verknüpfungen | Kurzdefinition | Relevanz für Wiederverwendung im Bauwesen | Fachinhalt | Dokumenttyp | Mindestlogik für belastbare Auditberichte | Abgrenzung zu verwandten Dokumenten | Qualitätskriterien","7","6","9","external_urls;wikilinks;has_sources_section;certification_terms;numeric_or_metric_terms","move_as_knot","dokumenttyp/Auditbericht","",""
"dokument\Ausschreibungstext.md","dokument","Dokument","Ausschreibungstext","8892","15","Kurzdefinition | Relevanz für Wiederverwendung im Bauwesen | Fachinhalt | Funktionen | Beschaffungsszenarien | Mindestbausteine | Qualitäts- und Rechtslogik | Praxisbezug / Beispiele","7","14","0","external_urls;wikilinks;has_sources_section;platform_terms;numeric_or_metric_terms","move_as_knot","dokumenttyp/Ausschreibungstext","",""
"dokument\Bauteilkatalog.md","dokument","Dokument","","7267","11","Verknüpfungen | Kurzdefinition | Relevanz für Wiederverwendung im Bauwesen | Fachinhalt | Granularität | Mindestdaten | Bewertungslogik | Prozess","7","16","0","external_urls;wikilinks;has_sources_section;platform_terms;numeric_or_metric_terms","move_as_knot","dokumenttyp/Bauteilkatalog","",""
"dokument\Bauwerksdiagnose.md","dokument","Dokument","","11564","11","Verknüpfungen | Kurzdefinition | Relevanz für Wiederverwendung im Bauwesen | Fachinhalt | Dokumenttyp | Typische Untersuchungsfelder | Differenzierung innerhalb der Bestandsanalyse | Mindestkriterien für Wiederverwendungsfähigkeit aus Diagnoseperspektive","7","6","0","external_urls;wikilinks;has_sources_section;numeric_or_metric_terms","move_as_knot","dokumenttyp/Bauwerksdiagnose","",""
"dokument\Bestandsaufnahme.md","dokument","Dokument","","10646","10","Verknüpfungen | Kurzdefinition | Relevanz für Wiederverwendung im Bauwesen | Fachinhalt | Dokumenttyp | Inhaltliche Ebenen | Qualitätsstufen | Praxisbezug / Beispiele","7","7","0","external_urls;wikilinks;has_sources_section;certification_terms;platform_terms;numeric_or_metric_terms","move_as_knot","dokumenttyp/Bestandsaufnahme","",""
"dokument\index.md","dokument","Dokument","Dokumente – Index","7505","6","Verknüpfungen | Kurzüberblick zur Kategorie | Zentrale Unterthemen | Wichtige Dateien dieser Kategorie | Querverbindungen zu anderen Kategorien | Offene Lücken / Ausbaufelder","0","1","0","wikilinks;certification_terms;platform_terms;numeric_or_metric_terms","merge_into_index","dokumenttyp/index","","index_content_may_contain_unique_gaps_or_cluster_lists"
"dokument\LCA.md","dokument","Dokument","LCA","9051","16","Kurzdefinition | Relevanz für Wiederverwendung im Bauwesen | Fachinhalt | Normlogik | Lebenszyklusmodule | Bilanzierungsansätze bei Wiederverwendung | Funktionelle Äquivalenz | Datenbedarf","9","33","0","external_urls;wikilinks;has_sources_section;certification_terms;platform_terms;numeric_or_metric_terms","move_as_knot","dokumenttyp/LCA","",""
"dokument\Materialdatenbank.md","dokument","Dokument","Materialdatenbank","7568","16","Kurzdefinition | Relevanz für Wiederverwendung im Bauwesen | Fachinhalt | Datentypen | Granularität | Mindestdaten für Re-Use | Datenqualität | Interoperabilität","10","15","0","external_urls;wikilinks;has_sources_section;platform_terms;numeric_or_metric_terms","move_as_knot","datenmodell/Materialdatenbank","",""
"dokument\Materialinventar.md","dokument","Dokument","","11352","12","Verknüpfungen | Kurzdefinition | Relevanz für Wiederverwendung im Bauwesen | Fachinhalt | Dokumenttyp | Abgrenzung: Materialinventar vs. Materialpass | Mindestdatenfelder | Datenqualitätslogik","9","8","9","external_urls;wikilinks;has_sources_section;certification_terms;platform_terms;numeric_or_metric_terms","move_as_knot","dokumenttyp/Materialinventar","",""
"dokument\Materialpass.md","dokument","Dokument","","12411","11","Verknüpfungen | Kurzdefinition | Relevanz für Wiederverwendung im Bauwesen | Fachinhalt | Dokumenttyp | Inhaltliche Mindestfelder | Abgrenzung und Zusammenspiel mit Materialinventar | Gebäude-, Bauteil- und Produktpässe","10","15","0","external_urls;wikilinks;has_sources_section;certification_terms;platform_terms;numeric_or_metric_terms","move_as_knot","dokumenttyp/Materialpass","",""
"dokument\Materialsheet.md","dokument","Dokument","Materialsheet","7739","15","Kurzdefinition | Relevanz für Wiederverwendung im Bauwesen | Fachinhalt | Typischer Inhalt | Granularität | Typische Materialgruppen | Rolle in der Spezifikation | Praxisbezug / Beispiele","8","13","0","external_urls;wikilinks;has_sources_section;platform_terms;numeric_or_metric_terms","move_as_knot","dokumenttyp/Materialsheet","",""
"dokument\Opalis_Datenbank.md","dokument","Dokument","Opalis Datenbank","7207","14","Kurzdefinition | Relevanz für Wiederverwendung im Bauwesen | Fachinhalt | Plattformstruktur | Rolle in Projektphasen | Abgrenzung | Praxisbezug / Beispiele | Herausforderungen / offene Fragen","11","13","0","external_urls;wikilinks;has_sources_section;platform_terms;numeric_or_metric_terms","move_as_knot","software_digitaltool/Opalis","datenmodell/Materialdatenbank",""
"dokument\Pre_Demolition_Audit.md","dokument","Dokument","","11807","11","Verknüpfungen | Kurzdefinition | Relevanz für Wiederverwendung im Bauwesen | Fachinhalt | Dokumenttyp | Kernbestandteile | Mindestkriterien für Reuse-Potenzial im Pre-Demolition Audit | Verhältnis zu DIN SPEC 91484 und FCRBE","10","10","0","external_urls;wikilinks;has_sources_section;platform_terms;numeric_or_metric_terms","move_as_knot","dokumenttyp/Pre_Demolition_Audit","",""
"dokument\Publikation.md","dokument","Dokument","Publikation","7117","15","Kurzdefinition | Relevanz für Wiederverwendung im Bauwesen | Fachinhalt | Publikationstypen | Qualitätskriterien | Evidenzgrade | Mindestmetadaten | Praxisbezug / Beispiele","10","14","0","external_urls;wikilinks;has_sources_section;platform_terms;numeric_or_metric_terms","move_as_knot","dokumenttyp/Publikation","",""
"dokument\ReUse_Toolkit.md","dokument","Dokument","ReUse Toolkit","6989","14","Kurzdefinition | Relevanz für Wiederverwendung im Bauwesen | Fachinhalt | Toolkit-Module | Einsatz nach Projektphasen | Anforderungen | Praxisbezug / Beispiele | Herausforderungen / offene Fragen","8","15","0","external_urls;wikilinks;has_sources_section;platform_terms;numeric_or_metric_terms","move_as_knot","dokumenttyp/ReUse_Toolkit","",""
"dokument\Reversibilitaetskonzept.md","dokument","Dokument","Reversibilitaetskonzept","7710","14","Kurzdefinition | Relevanz für Wiederverwendung im Bauwesen | Fachinhalt | Grundprinzipien | Inhalt eines Reversibilitätskonzepts | Fügungstypen | Praxisbezug / Beispiele | Herausforderungen / offene Fragen","7","14","0","external_urls;wikilinks;has_sources_section;platform_terms;numeric_or_metric_terms","move_as_knot","dokumenttyp/Reversibilitaetskonzept","",""
"dokument\Rueckbaukataster.md","dokument","Dokument","","11960","12","Verknüpfungen | Kurzdefinition | Relevanz für Wiederverwendung im Bauwesen | Fachinhalt | Dokumenttyp | Mindeststruktur eines Rückbaukatasters | Datenfelder für Wiederverwendung | Rückbaukataster vs. Materialinventar","12","6","0","external_urls;wikilinks;has_sources_section;certification_terms;numeric_or_metric_terms","move_as_knot","dokumenttyp/Rueckbaukataster","",""
"dokument\Specification_Method.md","dokument","Dokument","Specification Method","7735","18","Kurzdefinition | Relevanz für Wiederverwendung im Bauwesen | Fachinhalt | Methode A: bekanntes Bestandsbauteil | Methode B: funktionale Spezifikation unbekannter Re-Use-Bauteile | Methode C: Re-Use-Zielwert | Methode D: Varianten / Alternativpositionen | Methode E: Re-Use als Prozessleistung","8","14","0","external_urls;wikilinks;has_sources_section;platform_terms;numeric_or_metric_terms","move_as_knot","dokumenttyp/Specification_Method","",""
"fallstudie.md","fallstudie.md","Type","Fallstudie","90","0","","0","0","0","","merge_into_index","fallstudie/index","","old_schema_file_not_content_node"
"fallstudie\Be_Ware.md","fallstudie","Fallstudie","B(e) Ware – Gebäudetragwerke aus Sekundärmaterialien Made in Berlin","15331","20","Verknüpfungen | Übergeordnete Themen | Verwandte Dateien | Relevante Akteure / Fallstudien / Materialien / Standards / Methoden | Kurzdefinition | Relevanz für Wiederverwendung im Bauwesen | Fachinhalt | Ausgangslage","6","0","0","external_urls;has_sources_section;numeric_or_metric_terms","keep_or_split_case","fallstudie/Be_Ware","",""
"fallstudie\BIZH_Reallabor.md","fallstudie","Fallstudie","BIZH – Reallabor Zirkuläres Bauen / Drahtglasscheiben Halle 2","12613","20","Verknüpfungen | Übergeordnete Themen | Verwandte Dateien | Relevante Akteure / Fallstudien / Materialien / Standards / Methoden | Kurzdefinition | Relevanz für Wiederverwendung im Bauwesen | Fachinhalt | Ausgangslage und Bestand","3","0","0","external_urls;has_sources_section;platform_terms;numeric_or_metric_terms","keep_or_split_case","fallstudie/BIZH_Reallabor","",""
"fallstudie\CRCLR_House.md","fallstudie","Fallstudie","","17317","14","Verknüpfungen | Kurzdefinition | Relevanz für Wiederverwendung im Bauwesen | Fachinhalt | Projektcharakter und Nutzung | Umbau- und Aufstockungsstrategie | Wiederverwendete Bauteile und Materialien | Entwurfsprinzipien","6","7","0","external_urls;wikilinks;has_sources_section;certification_terms;platform_terms;numeric_or_metric_terms","keep_or_split_case","fallstudie/CRCLR_House","",""
"fallstudie\ELEMENTA.md","fallstudie","Fallstudie","ELEMENTA – ReUse-Wohnungsbau Walkeweg Basel","14972","20","Verknüpfungen | Übergeordnete Themen | Verwandte Dateien | Relevante Akteure / Fallstudien / Materialien / Standards / Methoden | Kurzdefinition | Relevanz für Wiederverwendung im Bauwesen | Fachinhalt | Ausgangslage","8","2","0","external_urls;wikilinks;has_sources_section;numeric_or_metric_terms","keep_or_split_case","fallstudie/ELEMENTA","",""
"fallstudie\Halle_2.md","fallstudie","Fallstudie","","156","0","","1","0","0","external_urls","keep_or_split_case","fallstudie/Halle_2","",""
"fallstudie\Haus_der_Materialisierung.md","fallstudie","Fallstudie","","16670","16","Verknüpfungen | Kurzdefinition | Relevanz für Wiederverwendung im Bauwesen | Fachinhalt | Rolle im Haus-der-Statistik-Komplex | Handlungsfelder | Angebote und räumliche Programme | Materialflüsse","7","4","0","external_urls;wikilinks;has_sources_section;certification_terms;platform_terms;numeric_or_metric_terms","keep_or_split_case","fallstudie/Haus_der_Materialisierung","",""
"fallstudie\index.md","fallstudie","Fallstudie","Index","190","4","Zweck | Enthaltene Entitaeten | Wichtigste Cluster | Fehlende Entitaeten","0","1","0","wikilinks","merge_into_index","fallstudie/index","","index_content_may_contain_unique_gaps_or_cluster_lists"
"fallstudie\Kunst_Stoffe_Berlin.md","fallstudie","Fallstudie","","15165","15","Verknüpfungen | Kurzdefinition | Relevanz für Wiederverwendung im Bauwesen | Fachinhalt | Organisationsprofil | Materialarten und Anwendungslogiken | Standorte und Netzwerke | Werkstätten als Ermöglichungsstruktur","7","3","0","external_urls;wikilinks;has_sources_section;certification_terms;platform_terms;donor_receiver_terms;numeric_or_metric_terms","keep_or_split_case","fallstudie/Kunst_Stoffe_Berlin","",""
"fallstudie\Opalis.md","fallstudie","Fallstudie","","17852","17","Verknüpfungen | Kurzdefinition | Relevanz für Wiederverwendung im Bauwesen | Fachinhalt | Plattformlogik | Händlerverzeichnis | Materialkategorien | Produktoperationen und Aufbereitung","8","5","0","external_urls;wikilinks;has_sources_section;certification_terms;platform_terms;numeric_or_metric_terms","keep_or_split_case","software_digitaltool/Opalis","fallstudie/Opalis_Plattformfall",""
"fallstudie\Permanently_Temporary_Pavilion.md","fallstudie","Fallstudie","Permanently Temporary Pavilion","757","5","Kurzdefinition | Warum relevant fuer Reuse | Wichtige Verbindungen | Evidenz / Beispiele | Offene Fragen","0","0","0","","keep_or_split_case","fallstudie/Permanently_Temporary_Pavilion","",""
"fallstudie\PREUSE.md","fallstudie","Fallstudie","PREUSE – Public Responses to Enable the Use of Salvaged Building Elements","13459","20","Verknüpfungen | Übergeordnete Themen | Verwandte Dateien | Relevante Akteure / Fallstudien / Materialien / Standards / Methoden | Kurzdefinition | Relevanz für Wiederverwendung im Bauwesen | Fachinhalt | Ausgangslage","3","0","0","external_urls;has_sources_section;numeric_or_metric_terms","keep_or_split_case","foerderprogramm/PREUSE","projekt/PREUSE",""
"fallstudie\Rotor_DC_Brussels_Model.md","fallstudie","Fallstudie","Rotor DC Brussels Model","743","5","Kurzdefinition | Warum relevant fuer Reuse | Wichtige Verbindungen | Evidenz / Beispiele | Offene Fragen","0","0","0","","keep_or_split_case","fallstudie/Rotor_DC_Brussels_Model","",""
"foerderprogramm\BBSM.md","foerderprogramm","Förderprogramm","BBSM – Le Bâti Bruxellois, Source de nouveaux Matériaux","11359","15","Verknüpfungen | Kurzdefinition | Relevanz für Wiederverwendung im Bauwesen | Fachinhalt | Träger, Laufzeit und Finanzierung | Zielsetzung | Zentrale Outputs | Bewertung des Beitrags","6","4","0","external_urls;wikilinks;has_sources_section;platform_terms;numeric_or_metric_terms","move_as_core_or_context","foerderprogramm/BBSM","",""
"foerderprogramm\FCRBE.md","foerderprogramm","Förderprogramm","FCRBE – Facilitating the Circulation of Reclaimed Building Elements in Northwestern Europe","12752","16","Verknüpfungen | Kurzdefinition | Relevanz für Wiederverwendung im Bauwesen | Fachinhalt | Träger, Laufzeit und Konsortium | Ausgangsproblem | Zielsetzung | Wichtige Outputs","7","1","0","external_urls;wikilinks;has_sources_section;platform_terms;numeric_or_metric_terms","move_as_core_or_context","foerderprogramm/FCRBE","",""
"foerderprogramm\index.md","foerderprogramm","Förderprogramm","Index","195","4","Zweck | Enthaltene Entitaeten | Wichtigste Cluster | Fehlende Entitaeten","0","1","0","wikilinks","merge_into_index","foerderprogramm/index","","index_content_may_contain_unique_gaps_or_cluster_lists"
"foerderprogramm\PREUSE.md","foerderprogramm","Förderprogramm","PREUSE – Public Responses to Enable the Use of Salvaged Building Elements","11592","17","Verknüpfungen | Kurzdefinition | Relevanz für Wiederverwendung im Bauwesen | Fachinhalt | Träger, Laufzeit und Konsortium | Ausgangspunkt | Zielsetzung | Pilotoperationen","6","1","0","external_urls;wikilinks;has_sources_section;platform_terms;numeric_or_metric_terms","move_as_core_or_context","foerderprogramm/PREUSE","",""
"foerderprogramm\Reallabor_Be_Ware.md","foerderprogramm","Förderprogramm","Reallabor B(e) Ware – Gebäudetragwerke aus Sekundärmaterialien Made in Berlin","12773","16","Verknüpfungen | Kurzdefinition | Relevanz für Wiederverwendung im Bauwesen | Fachinhalt | Träger, Laufzeit und Förderung | Zielsetzung | Prozessmodell | Outputs und erwartete Wirkungen","4","0","0","external_urls;has_sources_section;certification_terms;numeric_or_metric_terms","move_as_core_or_context","foerderprogramm/Reallabor_Be_Ware","",""
"foerderprogramm\Zukunftbau.md","foerderprogramm","Förderprogramm","","84","0","","1","0","0","external_urls","move_as_core_or_context","foerderprogramm/Zukunftbau","",""
"förderprogramm.md","förderprogramm.md","Type","Förderprogramm","101","0","","0","0","0","","merge_into_index","foerderprogramm/index","","old_schema_file_not_content_node"
"gastprofessur.md","gastprofessur.md","Type","Gastprofessur","70","0","","0","0","0","","merge_into_index","akteurtyp/Gastprofessur","programm_kontext/Lehre_Forschung","old_type_stub_only"
"gebaeude\Altes_Hobelwerk_Winterthur.md","gebaeude","Gebäude","Altes Hobelwerk, Winterthur","7850","7","Verknüpfungen | Kurzdefinition | Relevanz für Wiederverwendung im Bauwesen | Fachinhalt | Praxisbezug / Beispiele | Herausforderungen / offene Fragen | Quellen","5","2","0","external_urls;wikilinks;has_sources_section;numeric_or_metric_terms","split_into_case_graph","fallstudie/Altes_Hobelwerk_Winterthur","projekt/Altes_Hobelwerk_Winterthur; bauobjekt/<from_content>; reuse_einsatz/<per_component>",""
"gebaeude\Analyse_Entitaeten_Erweiterung_Gebaeude_Fallstudien.md","gebaeude","","Analyse aller Gebäude-`.md`-Fallstudien und Vorschlag für eine angepasste/erweiterte Entitätenstruktur","23410","48","1. Kurzfazit | 2. Auswertung der 92 Gebäude-Dateien | 2.1 Normalisierte Entscheidung | 2.2 Normalisierte Bewertung | 2.3 Normalisierter Projektstatus | 2.4 Häufigste Entitäten im Mapping | 2.5 Häufigste neue/ungeklärte Entitätsvorschläge aus den Fallstudien | 3. Hauptprobleme der aktuellen Struktur","0","0","194","entity_mapping_table;component_inventory;process_logistics;bestanderhalt_warning;furniture_warning;source_conflict;proposes_new_entity;donor_receiver_terms;numeric_or_metric_terms","archive_as_source","90_import_rohdaten/Analyse_Entitaeten_Erweiterung_Gebaeude_Fallstudien","","contains_multiple_cases_or_schema_notes"
"gebaeude\Areal_Walkeweg_Nord.md","gebaeude","Gebäude","","17179","15","Verknüpfungen | Kurzdefinition | Relevanz für Wiederverwendung im Bauwesen | Fachinhalt | Gebäudetyp und Programm | Bestandssituation | Konstruktive Strategie | Material- und Bauteilpotenziale","22","4","0","component_inventory;source_conflict;external_urls;wikilinks;has_sources_section;certification_terms;platform_terms;donor_receiver_terms;numeric_or_metric_terms","split_into_case_graph","fallstudie/Areal_Walkeweg_Nord","projekt/Areal_Walkeweg_Nord; bauobjekt/<from_content>; reuse_einsatz/<per_component>",""
"gebaeude\Bestandshalle_CRCLR_House.md","gebaeude","Gebäude","","17631","15","Verknüpfungen | Kurzdefinition | Relevanz für Wiederverwendung im Bauwesen | Fachinhalt | Gebäudetyp und Bestand | Bestandserhalt und Tragwerk | Innenausbau als Re-Use-System | Räumliche Organisation","24","6","0","source_conflict;external_urls;wikilinks;has_sources_section;certification_terms;platform_terms;numeric_or_metric_terms","split_into_case_graph","fallstudie/Bestandshalle_CRCLR_House","projekt/Bestandshalle_CRCLR_House; bauobjekt/<from_content>; reuse_einsatz/<per_component>",""
"gebaeude\BOELL_LAB_Berlin.md","gebaeude","Gebäude","BOELL.LAB, Berlin","14496","7","Verknüpfungen | Kurzdefinition | Relevanz für Wiederverwendung im Bauwesen | Fachinhalt | Praxisbezug / Beispiele | Herausforderungen / offene Fragen | Quellen","10","3","0","source_conflict;external_urls;wikilinks;has_sources_section;certification_terms;numeric_or_metric_terms","split_into_case_graph","fallstudie/BOELL_LAB_Berlin","projekt/BOELL_LAB_Berlin; bauobjekt/<from_content>; reuse_einsatz/<per_component>",""
"gebaeude\Da_Vinci_Business_District.md","gebaeude","Gebäude","","16821","15","Verknüpfungen | Kurzdefinition | Relevanz für Wiederverwendung im Bauwesen | Fachinhalt | Gebäudetyp und Bestand | Geplante Transformation | Bauteil- und Materiallogik | Konstruktive Eigenschaften und Potenziale","21","2","0","external_urls;wikilinks;has_sources_section;certification_terms;platform_terms;numeric_or_metric_terms","split_into_case_graph","fallstudie/Da_Vinci_Business_District","projekt/Da_Vinci_Business_District; bauobjekt/<from_content>; reuse_einsatz/<per_component>",""
"gebaeude\Elementa.md","gebaeude","Gebäude","","3769","0","","2","0","0","external_urls;numeric_or_metric_terms","split_into_case_graph","fallstudie/Elementa","projekt/Elementa; bauobjekt/<from_content>; reuse_einsatz/<per_component>",""
"gebaeude\ELYS_Kultur_und_Gewerbehaus_Basel_Lysbuechelareal.md","gebaeude","Gebäude","ELYS Kultur- und Gewerbehaus, Basel / Lysbüchelareal","10047","7","Verknüpfungen | Kurzdefinition | Relevanz für Wiederverwendung im Bauwesen | Fachinhalt | Praxisbezug / Beispiele | Herausforderungen / offene Fragen | Quellen","7","2","0","external_urls;wikilinks;has_sources_section;numeric_or_metric_terms","split_into_case_graph","fallstudie/ELYS_Kultur_und_Gewerbehaus_Basel_Lysbuechelareal","projekt/ELYS_Kultur_und_Gewerbehaus_Basel_Lysbuechelareal; bauobjekt/<from_content>; reuse_einsatz/<per_component>",""
"gebaeude\gebäude_wiederverwendung_direct_reuse_examples.md","gebaeude","Gebäude","Wiederverwendung / Direct Reuse Architecture Examples","22399","6","Inclusion logic | Rating logic | Master ordered list | Strongest examples to prioritise first | Verification / follow-up flags | Suggested sorting categories","0","0","72","platform_terms;numeric_or_metric_terms","archive_as_source","90_import_rohdaten/gebaeude_wiederverwendung_direct_reuse_examples","","contains_multiple_cases_or_schema_notes"
"gebaeude\gebäude2_wiederverwendung_direct_reuse_examples.md","gebaeude","Gebäude","Additional Wiederverwendung / Direct Reuse Examples — Batch 2","18848","4","Rating logic used here | Newly collected examples, ordered by priority | Recommended placement in the master list | Caveats / verification tasks","33","0","32","external_urls;certification_terms;donor_receiver_terms;numeric_or_metric_terms","archive_as_source","90_import_rohdaten/gebaeude2_wiederverwendung_direct_reuse_examples","","contains_multiple_cases_or_schema_notes"
"gebaeude\gebäude3_wiederverwendung_direct_reuse_examples.md","gebaeude","Gebäude","Consolidated Wiederverwendung / Direct Reuse Architecture Examples — priority order","48954","9","Rating logic | A. Highest-priority built references — complex structural / envelope reuse | B. High-priority built / near-built examples — strong structural or envelope relevance | C. Mid-priority built reuse — envelope, components, pilots, transformations | D. Lower-priority pavilions, demonstrators, proposals and small-scale reuse | E. Very low direct-reuse relevance / interiors only | Watchlist / not main-ranked unless more evidence appears | Practical shortlist for presentations / thesis argument","140","0","114","external_urls;platform_terms;donor_receiver_terms;numeric_or_metric_terms","archive_as_source","90_import_rohdaten/gebaeude3_wiederverwendung_direct_reuse_examples","","contains_multiple_cases_or_schema_notes"
"gebaeude\gebäude4_wiederverwendung_direct_reuse_examples.md","gebaeude","","Corrected Wiederverwendung / Direct Reuse Priority List","26524","9","1. Corrected definition | 2. Corrected rating logic | 3. Highest priority — load-bearing Wiederverwendung central | 4. High priority — partial load-bearing reuse or very strong envelope/spatial reuse | 5. Medium priority — construction-element reuse, but mostly envelope, spatial interior, technical systems, or transformation | 6. Lower priority — pavilions, prototypes, demonstrators, proposals, competitions | 7. Remove or keep only if fixed spatial reuse is verified | 8. Main correction summary","0","0","120","donor_receiver_terms;numeric_or_metric_terms","archive_as_source","90_import_rohdaten/gebaeude4_wiederverwendung_direct_reuse_examples","","contains_multiple_cases_or_schema_notes"
"gebaeude\Hobelwerk_Haus_D_Oberwinterthur.md","gebaeude","Gebäude","Hobelwerk Haus D, Oberwinterthur","8405","7","Verknüpfungen | Kurzdefinition | Relevanz für Wiederverwendung im Bauwesen | Fachinhalt | Praxisbezug / Beispiele | Herausforderungen / offene Fragen | Quellen","6","2","0","external_urls;wikilinks;has_sources_section;numeric_or_metric_terms","split_into_case_graph","fallstudie/Hobelwerk_Haus_D_Oberwinterthur","projekt/Hobelwerk_Haus_D_Oberwinterthur; bauobjekt/<from_content>; reuse_einsatz/<per_component>",""
"gebaeude\index.md","gebaeude","Gebäude","Index","188","4","Zweck | Enthaltene Entitaeten | Wichtigste Cluster | Fehlende Entitaeten","0","1","0","wikilinks","merge_into_index","bauobjekt_and_fallstudie/index","","index_content_may_contain_unique_gaps_or_cluster_lists"
"gebaeude\K118_Kopfbau_Halle_118_Winterthur.md","gebaeude","Gebäude","K.118 – Kopfbau Halle 118, Winterthur","8804","7","Verknüpfungen | Kurzdefinition | Relevanz für Wiederverwendung im Bauwesen | Fachinhalt | Praxisbezug / Beispiele | Herausforderungen / offene Fragen | Quellen","6","3","0","external_urls;wikilinks;has_sources_section;numeric_or_metric_terms","split_into_case_graph","fallstudie/K118_Kopfbau_Halle_118_Winterthur","projekt/K118_Kopfbau_Halle_118_Winterthur; bauobjekt/<from_content>; reuse_einsatz/<per_component>",""
"gebaeude\Kindl_Areal.md","gebaeude","Gebäude","","17333","16","Verknüpfungen | Kurzdefinition | Relevanz für Wiederverwendung im Bauwesen | Fachinhalt | Gebäudetyp und Arealstruktur | Historischer Bestand | Vollgut-Areal und großmaßstäbliche Umnutzung | CRCLR House als Teil des Areals","25","3","0","external_urls;wikilinks;has_sources_section;certification_terms;platform_terms;numeric_or_metric_terms","split_into_case_graph","fallstudie/Kindl_Areal","projekt/Kindl_Areal; bauobjekt/<from_content>; reuse_einsatz/<per_component>",""
"gebaeude\Lysbuechel_Parkhaus.md","gebaeude","Gebäude","","17167","15","Verknüpfungen | Kurzdefinition | Relevanz für Wiederverwendung im Bauwesen | Fachinhalt | Gebäudetyp | Bestandssituation und Materialbank | Konstruktive Potenziale | Risiken bei Parkhausbauteilen","22","4","0","external_urls;wikilinks;has_sources_section;certification_terms;platform_terms;donor_receiver_terms;numeric_or_metric_terms","split_into_case_graph","fallstudie/Lysbuechel_Parkhaus","projekt/Lysbuechel_Parkhaus; bauobjekt/<from_content>; reuse_einsatz/<per_component>",""
"gebaeude\LysP8_Basel_Lysbuechelareal.md","gebaeude","Gebäude","LysP8, Basel / Lysbüchelareal","8776","7","Verknüpfungen | Kurzdefinition | Relevanz für Wiederverwendung im Bauwesen | Fachinhalt | Praxisbezug / Beispiele | Herausforderungen / offene Fragen | Quellen","7","3","0","external_urls;wikilinks;has_sources_section;certification_terms;donor_receiver_terms;numeric_or_metric_terms","split_into_case_graph","fallstudie/LysP8_Basel_Lysbuechelareal","projekt/LysP8_Basel_Lysbuechelareal; bauobjekt/<from_content>; reuse_einsatz/<per_component>",""
"gebaeude\ReUseBox_Heilbronn.md","gebaeude","Gebäude","ReUseBox, Heilbronn","12449","7","Verknüpfungen | Kurzdefinition | Relevanz für Wiederverwendung im Bauwesen | Fachinhalt | Praxisbezug / Beispiele | Herausforderungen / offene Fragen | Quellen","8","1","0","external_urls;wikilinks;has_sources_section;certification_terms;numeric_or_metric_terms","split_into_case_graph","fallstudie/ReUseBox_Heilbronn","projekt/ReUseBox_Heilbronn; bauobjekt/<from_content>; reuse_einsatz/<per_component>",""
"gebäude.md","gebäude.md","Type","Gebäude","91","0","","0","0","0","","merge_into_index","fallstudie_and_bauobjekt/index","","old_schema_file_not_content_node"
"Gebäude\55_Great_Suffolk_Street_London.md","Gebäude","","55 Great Suffolk Street, London — Fallstudie Direct Reuse / zirkuläres Bauen","27876","15","1. EINORDNUNG | 2. ENTITÄTEN-MAPPING | Vorgeschlagene neue Entität | 3. FALLSTUDIE | 4. REUSE-STRATEGIE | 5. BAUTEIL-INVENTAR | 6. PROZESS UND LOGISTIK | 7. TECHNIK, LEISTUNG, NORMEN","8","0","111","component_inventory;process_logistics;bestanderhalt_warning;furniture_warning;source_conflict;proposes_new_entity;external_urls;has_sources_section;certification_terms;donor_receiver_terms;numeric_or_metric_terms","split_into_case_graph","fallstudie/55_Great_Suffolk_Street_London","projekt/55_Great_Suffolk_Street_London; bauobjekt/<from_content>; reuse_einsatz/<per_component>","do_not_treat_file_as_single_gebaeude_only"
"Gebäude\Association_house_Groeditz.md","Gebäude","","Association house, Gröditz — Fallstudie Direct Reuse / Wiederverwendung von Betonfertigteilen","19435","15","1. EINORDNUNG | 2. ENTITÄTEN-MAPPING | Vorgeschlagene neue Entität | 3. FALLSTUDIE | 4. REUSE-STRATEGIE | 5. BAUTEIL-INVENTAR | 6. PROZESS UND LOGISTIK | 7. TECHNIK, LEISTUNG, NORMEN","7","0","79","component_inventory;process_logistics;bestanderhalt_warning;furniture_warning;proposes_new_entity;external_urls;has_sources_section;donor_receiver_terms;numeric_or_metric_terms","split_into_case_graph","fallstudie/Association_house_Groeditz","projekt/Association_house_Groeditz; bauobjekt/<from_content>; reuse_einsatz/<per_component>","do_not_treat_file_as_single_gebaeude_only"
"Gebäude\Association_house_Plauen.md","Gebäude","","Association house, Plauen — Fallstudie Direct Reuse / Wiederverwendung von Betonfertigteilen","19819","15","1. EINORDNUNG | 2. ENTITÄTEN-MAPPING | Vorgeschlagene neue Entität | 3. FALLSTUDIE | 4. REUSE-STRATEGIE | 5. BAUTEIL-INVENTAR | 6. PROZESS UND LOGISTIK | 7. TECHNIK, LEISTUNG, NORMEN","6","0","79","component_inventory;process_logistics;bestanderhalt_warning;furniture_warning;proposes_new_entity;external_urls;has_sources_section;donor_receiver_terms;numeric_or_metric_terms","split_into_case_graph","fallstudie/Association_house_Plauen","projekt/Association_house_Plauen; bauobjekt/<from_content>; reuse_einsatz/<per_component>","do_not_treat_file_as_single_gebaeude_only"
"Gebäude\AWM_Muenster_Circular_Office.md","Gebäude","","AWM Münster – Zirkulärer Büroausbau 3. OG – Fallstudie Direct Reuse / zirkuläres Bauen","23258","15","1. EINORDNUNG | 2. ENTITÄTEN-MAPPING | Vorgeschlagene neue Entität | 3. FALLSTUDIE | 4. REUSE-STRATEGIE | 5. BAUTEIL-INVENTAR | 6. PROZESS UND LOGISTIK | 7. TECHNIK, LEISTUNG, NORMEN","6","0","91","component_inventory;process_logistics;bestanderhalt_warning;furniture_warning;source_conflict;proposes_new_entity;external_urls;has_sources_section;platform_terms;numeric_or_metric_terms","split_into_case_graph","fallstudie/AWM_Muenster_Circular_Office","projekt/AWM_Muenster_Circular_Office; bauobjekt/<from_content>; reuse_einsatz/<per_component>","do_not_treat_file_as_single_gebaeude_only"
"Gebäude\BedZED_London_Hackbridge.md","Gebäude","","BedZED, London / Hackbridge — Fallstudie Direct Reuse / Bauteilwiederverwendung","26900","20","1. EINORDNUNG | 2. ENTITÄTEN-MAPPING | Vorgeschlagene neue Entität | 3. FALLSTUDIE | 4. REUSE-STRATEGIE | 5. BAUTEIL-INVENTAR | 6. PROZESS UND LOGISTIK | 7. TECHNIK, LEISTUNG, NORMEN","7","0","100","component_inventory;process_logistics;bestanderhalt_warning;furniture_warning;proposes_new_entity;external_urls;has_sources_section;donor_receiver_terms;numeric_or_metric_terms","split_into_case_graph","fallstudie/BedZED_London_Hackbridge","projekt/BedZED_London_Hackbridge; bauobjekt/<from_content>; reuse_einsatz/<per_component>","do_not_treat_file_as_single_gebaeude_only"
"Gebäude\Berlin_Schildow_Pilot_House.md","Gebäude","","Berlin-Schildow Pilot House — Fallstudie Direct Reuse / Wiederverwendung von WBS70-Plattenbauteilen","21635","15","1. EINORDNUNG | 2. ENTITÄTEN-MAPPING | Vorgeschlagene neue Entität | 3. FALLSTUDIE | 4. REUSE-STRATEGIE | 5. BAUTEIL-INVENTAR | 6. PROZESS UND LOGISTIK | 7. TECHNIK, LEISTUNG, NORMEN","9","0","80","component_inventory;process_logistics;bestanderhalt_warning;furniture_warning;proposes_new_entity;external_urls;has_sources_section;donor_receiver_terms;numeric_or_metric_terms","split_into_case_graph","fallstudie/Berlin_Schildow_Pilot_House","projekt/Berlin_Schildow_Pilot_House; bauobjekt/<from_content>; reuse_einsatz/<per_component>","do_not_treat_file_as_single_gebaeude_only"
"Gebäude\Berlin_Schildow_Pilot_House_2.md","Gebäude","","Berlin-Schildow Pilot House 2 — Fallstudie Direct Reuse / Wiederverwendung von WBS70-Plattenbauteilen","22134","15","1. EINORDNUNG | 2. ENTITÄTEN-MAPPING | Vorgeschlagene neue Entität | 3. FALLSTUDIE | 4. REUSE-STRATEGIE | 5. BAUTEIL-INVENTAR | 6. PROZESS UND LOGISTIK | 7. TECHNIK, LEISTUNG, NORMEN","4","0","84","component_inventory;process_logistics;bestanderhalt_warning;furniture_warning;proposes_new_entity;external_urls;has_sources_section;donor_receiver_terms;numeric_or_metric_terms","split_into_case_graph","fallstudie/Berlin_Schildow_Pilot_House_2","projekt/Berlin_Schildow_Pilot_House_2; bauobjekt/<from_content>; reuse_einsatz/<per_component>","do_not_treat_file_as_single_gebaeude_only"
"Gebäude\Bestandverplanzung_Pavilion_Muenchen.md","Gebäude","","Bestandverplanzung Pavilion, München — Fallstudie Direct Reuse / zirkuläres Bauen","18571","15","1. EINORDNUNG | 2. ENTITÄTEN-MAPPING | Vorgeschlagene neue Entität | 3. FALLSTUDIE | 4. REUSE-STRATEGIE | 5. BAUTEIL-INVENTAR | 6. PROZESS UND LOGISTIK | 7. TECHNIK, LEISTUNG, NORMEN","5","0","78","component_inventory;process_logistics;bestanderhalt_warning;furniture_warning;proposes_new_entity;external_urls;has_sources_section;donor_receiver_terms;numeric_or_metric_terms","split_into_case_graph","fallstudie/Bestandverplanzung_Pavilion_Muenchen","projekt/Bestandverplanzung_Pavilion_Muenchen; bauobjekt/<from_content>; reuse_einsatz/<per_component>","do_not_treat_file_as_single_gebaeude_only"
"Gebäude\Big_Dig_Building_Boston.md","Gebäude","","Big Dig Building, Boston/Cambridge — Fallstudie Direct Reuse / zirkuläres Bauen","19657","15","1. EINORDNUNG | 2. ENTITÄTEN-MAPPING | Vorgeschlagene neue Entität | 3. FALLSTUDIE | 4. REUSE-STRATEGIE | 5. BAUTEIL-INVENTAR | 6. PROZESS UND LOGISTIK | 7. TECHNIK, LEISTUNG, NORMEN","6","0","79","component_inventory;process_logistics;bestanderhalt_warning;furniture_warning;proposes_new_entity;external_urls;has_sources_section;certification_terms;donor_receiver_terms;numeric_or_metric_terms","split_into_case_graph","fallstudie/Big_Dig_Building_Boston","projekt/Big_Dig_Building_Boston; bauobjekt/<from_content>; reuse_einsatz/<per_component>","do_not_treat_file_as_single_gebaeude_only"
"Gebäude\Big_Dig_House_Lexington_Massachusetts.md","Gebäude","","Big Dig House, Lexington, Massachusetts — Fallstudie Direct Reuse / zirkuläres Bauen","25286","15","1. EINORDNUNG | 2. ENTITÄTEN-MAPPING | Vorgeschlagene neue Entität | 3. FALLSTUDIE | 4. REUSE-STRATEGIE | 5. BAUTEIL-INVENTAR | 6. PROZESS UND LOGISTIK | 7. TECHNIK, LEISTUNG, NORMEN","8","0","107","component_inventory;process_logistics;bestanderhalt_warning;furniture_warning;source_conflict;proposes_new_entity;external_urls;has_sources_section;donor_receiver_terms;numeric_or_metric_terms","split_into_case_graph","fallstudie/Big_Dig_House_Lexington_Massachusetts","projekt/Big_Dig_House_Lexington_Massachusetts; bauobjekt/<from_content>; reuse_einsatz/<per_component>","do_not_treat_file_as_single_gebaeude_only"
"Gebäude\BioPartner_5_Leiden_Oegstgeest.md","Gebäude","","BioPartner 5, Leiden / Oegstgeest — Fallstudie Direct Reuse / Wiederverwendung","26477","20","1. EINORDNUNG | 2. ENTITÄTEN-MAPPING | Vorgeschlagene neue Entität | 3. FALLSTUDIE | 4. REUSE-STRATEGIE | 5. BAUTEIL-INVENTAR | 6. PROZESS UND LOGISTIK | 7. TECHNIK, LEISTUNG, NORMEN","12","0","100","component_inventory;process_logistics;bestanderhalt_warning;furniture_warning;proposes_new_entity;external_urls;has_sources_section;certification_terms;donor_receiver_terms;numeric_or_metric_terms","split_into_case_graph","fallstudie/BioPartner_5_Leiden_Oegstgeest","projekt/BioPartner_5_Leiden_Oegstgeest; bauobjekt/<from_content>; reuse_einsatz/<per_component>","do_not_treat_file_as_single_gebaeude_only"
"Gebäude\BlueCity_Offices_Rotterdam.md","Gebäude","","BlueCity Offices Rotterdam – Fallstudie Direct Reuse / zirkuläres Bauen","20593","15","1. EINORDNUNG | 2. ENTITÄTEN-MAPPING | Vorgeschlagene neue Entität | 3. FALLSTUDIE | 4. REUSE-STRATEGIE | 5. BAUTEIL-INVENTAR | 6. PROZESS UND LOGISTIK | 7. TECHNIK, LEISTUNG, NORMEN","8","0","82","component_inventory;process_logistics;bestanderhalt_warning;furniture_warning;proposes_new_entity;external_urls;has_sources_section;donor_receiver_terms;numeric_or_metric_terms","split_into_case_graph","fallstudie/BlueCity_Offices_Rotterdam","projekt/BlueCity_Offices_Rotterdam; bauobjekt/<from_content>; reuse_einsatz/<per_component>","do_not_treat_file_as_single_gebaeude_only"
"Gebäude\Boulder_Fire_Station_3.md","Gebäude","","Boulder Fire Station 3, Boulder, Colorado — Fallstudie Direct Reuse / zirkuläres Bauen","25916","15","1. EINORDNUNG | 2. ENTITÄTEN-MAPPING | Vorgeschlagene neue Entität | 3. FALLSTUDIE | 4. REUSE-STRATEGIE | 5. BAUTEIL-INVENTAR | 6. PROZESS UND LOGISTIK | 7. TECHNIK, LEISTUNG, NORMEN","9","0","98","component_inventory;process_logistics;bestanderhalt_warning;furniture_warning;proposes_new_entity;external_urls;has_sources_section;donor_receiver_terms;numeric_or_metric_terms","split_into_case_graph","fallstudie/Boulder_Fire_Station_3","projekt/Boulder_Fire_Station_3; bauobjekt/<from_content>; reuse_einsatz/<per_component>","do_not_treat_file_as_single_gebaeude_only"
"Gebäude\Brent_Cross_Town_Primary_Substation_London.md","Gebäude","","Brent Cross Town Primary Substation, London — Fallstudie Direct Reuse / zirkuläres Bauen","25064","15","1. EINORDNUNG | 2. ENTITÄTEN-MAPPING | Vorgeschlagene neue Entität | 3. FALLSTUDIE | 4. REUSE-STRATEGIE | 5. BAUTEIL-INVENTAR | 6. PROZESS UND LOGISTIK | 7. TECHNIK, LEISTUNG, NORMEN","6","0","104","component_inventory;process_logistics;bestanderhalt_warning;furniture_warning;source_conflict;proposes_new_entity;external_urls;has_sources_section;donor_receiver_terms;numeric_or_metric_terms","split_into_case_graph","fallstudie/Brent_Cross_Town_Primary_Substation_London","projekt/Brent_Cross_Town_Primary_Substation_London; bauobjekt/<from_content>; reuse_einsatz/<per_component>","do_not_treat_file_as_single_gebaeude_only"
"Gebäude\Brighton_Waste_House_Brighton.md","Gebäude","","Brighton Waste House / Wild House, Brighton — Fallstudie Bauteil- und Materialwiederverwendung","25197","15","1. EINORDNUNG | 2. ENTITÄTEN-MAPPING | Vorgeschlagene neue Entität | 3. FALLSTUDIE | 4. REUSE-STRATEGIE | 5. BAUTEIL-INVENTAR | 6. PROZESS UND LOGISTIK | 7. TECHNIK, LEISTUNG, NORMEN","8","0","98","component_inventory;process_logistics;bestanderhalt_warning;furniture_warning;proposes_new_entity;external_urls;has_sources_section;donor_receiver_terms;numeric_or_metric_terms","split_into_case_graph","fallstudie/Brighton_Waste_House_Brighton","projekt/Brighton_Waste_House_Brighton; bauobjekt/<from_content>; reuse_einsatz/<per_component>","do_not_treat_file_as_single_gebaeude_only"
"Gebäude\Broethen_Twin_House_Hoyerswerda.md","Gebäude","","Bröthen Twin-House, Hoyerswerda — Fallstudie Direct Reuse / Wiederverwendung von P2-Plattenbauteilen","17485","15","1. EINORDNUNG | 2. ENTITÄTEN-MAPPING | Vorgeschlagene neue Entität | 3. FALLSTUDIE | 4. REUSE-STRATEGIE | 5. BAUTEIL-INVENTAR | 6. PROZESS UND LOGISTIK | 7. TECHNIK, LEISTUNG, NORMEN","2","0","84","component_inventory;process_logistics;bestanderhalt_warning;furniture_warning;proposes_new_entity;external_urls;has_sources_section;donor_receiver_terms;numeric_or_metric_terms","split_into_case_graph","fallstudie/Broethen_Twin_House_Hoyerswerda","projekt/Broethen_Twin_House_Hoyerswerda; bauobjekt/<from_content>; reuse_einsatz/<per_component>","do_not_treat_file_as_single_gebaeude_only"
"Gebäude\CascadeUp_London_secondary_timber_glulam_demonstrator.md","Gebäude","","CascadeUp / London secondary-timber glulam demonstrator — Fallstudie Direct Reuse","19887","15","1. EINORDNUNG | 2. ENTITÄTEN-MAPPING | Vorgeschlagene neue Entität | 3. FALLSTUDIE | 4. REUSE-STRATEGIE | 5. BAUTEIL-INVENTAR | 6. PROZESS UND LOGISTIK | 7. TECHNIK, LEISTUNG, NORMEN","6","0","59","component_inventory;process_logistics;bestanderhalt_warning;furniture_warning;proposes_new_entity;external_urls;has_sources_section;donor_receiver_terms;numeric_or_metric_terms","split_into_case_graph","fallstudie/CascadeUp_London_secondary_timber_glulam_demonstrator","projekt/CascadeUp_London_secondary_timber_glulam_demonstrator; bauobjekt/<from_content>; reuse_einsatz/<per_component>","do_not_treat_file_as_single_gebaeude_only"
"Gebäude\Charles_Malis_Molenbeek.md","Gebäude","","Charles Malis / Antenne administrative Molenbeek-Saint-Jean — Fallstudie Direct Reuse","19447","15","1. EINORDNUNG | 2. ENTITÄTEN-MAPPING | Vorgeschlagene neue Entität | 3. FALLSTUDIE | 4. REUSE-STRATEGIE | 5. BAUTEIL-INVENTAR | 6. PROZESS UND LOGISTIK | 7. TECHNIK, LEISTUNG, NORMEN","5","0","77","component_inventory;process_logistics;bestanderhalt_warning;furniture_warning;proposes_new_entity;external_urls;has_sources_section;certification_terms;numeric_or_metric_terms","split_into_case_graph","fallstudie/Charles_Malis_Molenbeek","projekt/Charles_Malis_Molenbeek; bauobjekt/<from_content>; reuse_einsatz/<per_component>","do_not_treat_file_as_single_gebaeude_only"
"Gebäude\Chiro_d_Itterbeek_Dilbeek.md","Gebäude","","Chiro d’Itterbeek / Sanitary block, Dilbeek – Fallstudie Direct Reuse","26313","15","1. EINORDNUNG | 2. ENTITÄTEN-MAPPING | Vorgeschlagene neue Entität | 3. FALLSTUDIE | 4. REUSE-STRATEGIE | 5. BAUTEIL-INVENTAR | 6. PROZESS UND LOGISTIK | 7. TECHNIK, LEISTUNG, NORMEN","6","0","102","component_inventory;process_logistics;bestanderhalt_warning;furniture_warning;proposes_new_entity;external_urls;has_sources_section;platform_terms;donor_receiver_terms;numeric_or_metric_terms","split_into_case_graph","fallstudie/Chiro_d_Itterbeek_Dilbeek","projekt/Chiro_d_Itterbeek_Dilbeek; bauobjekt/<from_content>; reuse_einsatz/<per_component>","do_not_treat_file_as_single_gebaeude_only"
"Gebäude\Christ_Pavilion_Volkenroda.md","Gebäude","","Christus-Pavillon / Christ Pavilion, Volkenroda — Fallstudie Direct Reuse / zirkuläres Bauen","22914","15","1. EINORDNUNG | 2. ENTITÄTEN-MAPPING | Vorgeschlagene neue Entität | 3. FALLSTUDIE | 4. REUSE-STRATEGIE | 5. BAUTEIL-INVENTAR | 6. PROZESS UND LOGISTIK | 7. TECHNIK, LEISTUNG, NORMEN","8","0","88","component_inventory;process_logistics;bestanderhalt_warning;furniture_warning;proposes_new_entity;external_urls;has_sources_section;donor_receiver_terms;numeric_or_metric_terms","split_into_case_graph","fallstudie/Christ_Pavilion_Volkenroda","projekt/Christ_Pavilion_Volkenroda; bauobjekt/<from_content>; reuse_einsatz/<per_component>","do_not_treat_file_as_single_gebaeude_only"
"Gebäude\Circular_Centre_Netherlands_Prinsenhof_A_reuse_pilot.md","Gebäude","","Circular Centre Netherlands / Prinsenhof A reuse pilot — Fallstudie Wiederverwendung / Direct Reuse","20838","15","1. EINORDNUNG | 2. ENTITÄTEN-MAPPING | Vorgeschlagene neue Entität | 3. FALLSTUDIE | 4. REUSE-STRATEGIE | 5. BAUTEIL-INVENTAR | 6. PROZESS UND LOGISTIK | 7. TECHNIK, LEISTUNG, NORMEN","7","0","78","component_inventory;process_logistics;bestanderhalt_warning;furniture_warning;source_conflict;proposes_new_entity;external_urls;has_sources_section;donor_receiver_terms;numeric_or_metric_terms","split_into_case_graph","fallstudie/Circular_Centre_Netherlands_Prinsenhof_A_reuse_pilot","projekt/Circular_Centre_Netherlands_Prinsenhof_A_reuse_pilot; bauobjekt/<from_content>; reuse_einsatz/<per_component>","do_not_treat_file_as_single_gebaeude_only"
"Gebäude\Circular_Pavilion_Paris.md","Gebäude","","Pavillon Circulaire / Circular Pavilion, Paris — Fallstudie Direct Reuse","21292","15","1. EINORDNUNG | 2. ENTITÄTEN-MAPPING | Vorgeschlagene neue Entität | 3. FALLSTUDIE | 4. REUSE-STRATEGIE | 5. BAUTEIL-INVENTAR | 6. PROZESS UND LOGISTIK | 7. TECHNIK, LEISTUNG, NORMEN","5","0","84","component_inventory;process_logistics;bestanderhalt_warning;furniture_warning;source_conflict;proposes_new_entity;external_urls;has_sources_section;donor_receiver_terms;numeric_or_metric_terms","split_into_case_graph","fallstudie/Circular_Pavilion_Paris","projekt/Circular_Pavilion_Paris; bauobjekt/<from_content>; reuse_einsatz/<per_component>","do_not_treat_file_as_single_gebaeude_only"
"Gebäude\CRCLR_House_Impact_Hub_Berlin.md","Gebäude","","CRCLR House / Impact Hub Berlin – Fallstudie Direct Reuse","22651","15","1. EINORDNUNG | 2. ENTITÄTEN-MAPPING | Vorgeschlagene neue Entität | 3. FALLSTUDIE | 4. REUSE-STRATEGIE | 5. BAUTEIL-INVENTAR | 6. PROZESS UND LOGISTIK | 7. TECHNIK, LEISTUNG, NORMEN","7","0","79","component_inventory;process_logistics;bestanderhalt_warning;furniture_warning;source_conflict;proposes_new_entity;external_urls;has_sources_section;numeric_or_metric_terms","split_into_case_graph","fallstudie/CRCLR_House_Impact_Hub_Berlin","projekt/CRCLR_House_Impact_Hub_Berlin; bauobjekt/<from_content>; reuse_einsatz/<per_component>","do_not_treat_file_as_single_gebaeude_only"
"Gebäude\ELYS_Kultur_Gewerbehaus_Basel.md","Gebäude","","ELYS Kultur- & Gewerbehaus, Basel – Fallstudie Direct Reuse","22159","15","1. EINORDNUNG | 2. ENTITÄTEN-MAPPING | Vorgeschlagene neue Entität | 3. FALLSTUDIE | 4. REUSE-STRATEGIE | 5. BAUTEIL-INVENTAR | 6. PROZESS UND LOGISTIK | 7. TECHNIK, LEISTUNG, NORMEN","8","0","78","component_inventory;process_logistics;bestanderhalt_warning;furniture_warning;proposes_new_entity;external_urls;has_sources_section;numeric_or_metric_terms","split_into_case_graph","fallstudie/ELYS_Kultur_Gewerbehaus_Basel","projekt/ELYS_Kultur_Gewerbehaus_Basel; bauobjekt/<from_content>; reuse_einsatz/<per_component>","do_not_treat_file_as_single_gebaeude_only"
"Gebäude\Europa_Building_Brussels.md","Gebäude","","Europa Building, Brussels – Fallstudie Direct Reuse","19687","15","1. EINORDNUNG | 2. ENTITÄTEN-MAPPING | Vorgeschlagene neue Entität | 3. FALLSTUDIE | 4. REUSE-STRATEGIE | 5. BAUTEIL-INVENTAR | 6. PROZESS UND LOGISTIK | 7. TECHNIK, LEISTUNG, NORMEN","6","0","74","component_inventory;process_logistics;bestanderhalt_warning;furniture_warning;proposes_new_entity;external_urls;has_sources_section;donor_receiver_terms;numeric_or_metric_terms","split_into_case_graph","fallstudie/Europa_Building_Brussels","projekt/Europa_Building_Brussels; bauobjekt/<from_content>; reuse_einsatz/<per_component>","do_not_treat_file_as_single_gebaeude_only"
"Gebäude\Ferme_du_Rail_Paris.md","Gebäude","","La Ferme du Rail, Paris — Fallstudie Direct Reuse / zirkuläres Bauen","25055","15","1. EINORDNUNG | 2. ENTITÄTEN-MAPPING | Vorgeschlagene neue Entität | 3. FALLSTUDIE | 4. REUSE-STRATEGIE | 5. BAUTEIL-INVENTAR | 6. PROZESS UND LOGISTIK | 7. TECHNIK, LEISTUNG, NORMEN","6","0","102","component_inventory;process_logistics;bestanderhalt_warning;furniture_warning;proposes_new_entity;external_urls;has_sources_section;donor_receiver_terms;numeric_or_metric_terms","split_into_case_graph","fallstudie/Ferme_du_Rail_Paris","projekt/Ferme_du_Rail_Paris; bauobjekt/<from_content>; reuse_einsatz/<per_component>","do_not_treat_file_as_single_gebaeude_only"
"Gebäude\gjG_House_Gentbrugge.md","Gebäude","","gjG House, Gentbrugge / Ghent — Fallstudie Direct Reuse / zirkuläres Bauen","19679","15","1. EINORDNUNG | 2. ENTITÄTEN-MAPPING | Vorgeschlagene neue Entität | 3. FALLSTUDIE | 4. REUSE-STRATEGIE | 5. BAUTEIL-INVENTAR | 6. PROZESS UND LOGISTIK | 7. TECHNIK, LEISTUNG, NORMEN","4","0","91","component_inventory;process_logistics;bestanderhalt_warning;furniture_warning;proposes_new_entity;external_urls;has_sources_section;numeric_or_metric_terms","split_into_case_graph","fallstudie/gjG_House_Gentbrugge","projekt/gjG_House_Gentbrugge; bauobjekt/<from_content>; reuse_einsatz/<per_component>","do_not_treat_file_as_single_gebaeude_only"
"Gebäude\Grande_Halle_de_Colombelles.md","Gebäude","","Grande Halle de Colombelles / Le WIP — Fallstudie Direct Reuse / zirkuläres Bauen","24691","15","1. EINORDNUNG | 2. ENTITÄTEN-MAPPING | Vorgeschlagene neue Entität | 3. FALLSTUDIE | 4. REUSE-STRATEGIE | 5. BAUTEIL-INVENTAR | 6. PROZESS UND LOGISTIK | 7. TECHNIK, LEISTUNG, NORMEN","8","0","101","component_inventory;process_logistics;bestanderhalt_warning;furniture_warning;proposes_new_entity;external_urls;has_sources_section;donor_receiver_terms;numeric_or_metric_terms","split_into_case_graph","fallstudie/Grande_Halle_de_Colombelles","projekt/Grande_Halle_de_Colombelles; bauobjekt/<from_content>; reuse_einsatz/<per_component>","do_not_treat_file_as_single_gebaeude_only"
"Gebäude\Grubenstrasse_29_Werkhof_29_Zuerich.md","Gebäude","","Grubenstrasse 29 / Werkhof 29, Zürich — Fallstudie Direct Reuse / zirkuläres Bauen","27885","15","1. EINORDNUNG | 2. ENTITÄTEN-MAPPING | Vorgeschlagene neue Entität | 3. FALLSTUDIE | 4. REUSE-STRATEGIE | 5. BAUTEIL-INVENTAR | 6. PROZESS UND LOGISTIK | 7. TECHNIK, LEISTUNG, NORMEN","9","0","104","component_inventory;process_logistics;bestanderhalt_warning;furniture_warning;proposes_new_entity;external_urls;has_sources_section;numeric_or_metric_terms","split_into_case_graph","fallstudie/Grubenstrasse_29_Werkhof_29_Zuerich","projekt/Grubenstrasse_29_Werkhof_29_Zuerich; bauobjekt/<from_content>; reuse_einsatz/<per_component>","do_not_treat_file_as_single_gebaeude_only"
"Gebäude\Harmalanranta_A_Kruunu_ReCreate_mini_pilot_Tampere.md","Gebäude","","Härmälänranta / A-Kruunu ReCreate mini-pilot, Tampere — Fallstudie Wiederverwendung / Direct Reuse","17266","15","1. EINORDNUNG | 2. ENTITÄTEN-MAPPING | Vorgeschlagene neue Entität | 3. FALLSTUDIE | 4. REUSE-STRATEGIE | 5. BAUTEIL-INVENTAR | 6. PROZESS UND LOGISTIK | 7. TECHNIK, LEISTUNG, NORMEN","5","0","70","component_inventory;process_logistics;bestanderhalt_warning;furniture_warning;proposes_new_entity;external_urls;has_sources_section;donor_receiver_terms;numeric_or_metric_terms","split_into_case_graph","fallstudie/Harmalanranta_A_Kruunu_ReCreate_mini_pilot_Tampere","projekt/Harmalanranta_A_Kruunu_ReCreate_mini_pilot_Tampere; bauobjekt/<from_content>; reuse_einsatz/<per_component>","do_not_treat_file_as_single_gebaeude_only"
"Gebäude\Hastings_Pier_Visitor_Centre.md","Gebäude","","Hastings Pier Visitor Centre / Pavilion Cladding, Hastings","24371","15","1. EINORDNUNG | 2. ENTITÄTEN-MAPPING | Vorgeschlagene neue Entität | 3. FALLSTUDIE | 4. REUSE-STRATEGIE | 5. BAUTEIL-INVENTAR | 6. PROZESS UND LOGISTIK | 7. TECHNIK, LEISTUNG, NORMEN","7","0","93","component_inventory;process_logistics;bestanderhalt_warning;furniture_warning;source_conflict;proposes_new_entity;external_urls;has_sources_section;certification_terms;numeric_or_metric_terms","split_into_case_graph","fallstudie/Hastings_Pier_Visitor_Centre","projekt/Hastings_Pier_Visitor_Centre; bauobjekt/<from_content>; reuse_einsatz/<per_component>","do_not_treat_file_as_single_gebaeude_only"
"Gebäude\Haus_HOS_Mehrfamilienhaus_Muehlhausen.md","Gebäude","","Haus HOS / Mehrfamilienhaus Mühlhausen — Fallstudie Direct Reuse / Wiederverwendung von WBS70-Plattenbauteilen","21137","15","1. EINORDNUNG | 2. ENTITÄTEN-MAPPING | Vorgeschlagene neue Entität | 3. FALLSTUDIE | 4. REUSE-STRATEGIE | 5. BAUTEIL-INVENTAR | 6. PROZESS UND LOGISTIK | 7. TECHNIK, LEISTUNG, NORMEN","9","0","84","component_inventory;process_logistics;bestanderhalt_warning;furniture_warning;proposes_new_entity;external_urls;has_sources_section;donor_receiver_terms;numeric_or_metric_terms","split_into_case_graph","fallstudie/Haus_HOS_Mehrfamilienhaus_Muehlhausen","projekt/Haus_HOS_Mehrfamilienhaus_Muehlhausen; bauobjekt/<from_content>; reuse_einsatz/<per_component>","do_not_treat_file_as_single_gebaeude_only"
"Gebäude\Holbein_Gardens_London.md","Gebäude","","Holbein Gardens, London — Fallstudie Direct Reuse / Wiederverwendung von Tragwerksstahl","26452","15","1. EINORDNUNG | 2. ENTITÄTEN-MAPPING | Vorgeschlagene neue Entität | 3. FALLSTUDIE | 4. REUSE-STRATEGIE | 5. BAUTEIL-INVENTAR | 6. PROZESS UND LOGISTIK | 7. TECHNIK, LEISTUNG, NORMEN","13","0","97","component_inventory;process_logistics;bestanderhalt_warning;furniture_warning;proposes_new_entity;external_urls;has_sources_section;certification_terms;donor_receiver_terms;numeric_or_metric_terms","split_into_case_graph","fallstudie/Holbein_Gardens_London","projekt/Holbein_Gardens_London; bauobjekt/<from_content>; reuse_einsatz/<per_component>","do_not_treat_file_as_single_gebaeude_only"
"Gebäude\House_of_Fraser_318_Oxford_Street_TBC_London_reuse_chain.md","Gebäude","","House of Fraser / 318 Oxford Street â†’ TBC.London / Tower Bridge Court — Fallstudie Reuse-Kette","29706","15","1. EINORDNUNG | 2. ENTITÄTEN-MAPPING | Vorgeschlagene neue Entität | 3. FALLSTUDIE | 4. REUSE-STRATEGIE | 5. BAUTEIL-INVENTAR | 6. PROZESS UND LOGISTIK | 7. TECHNIK, LEISTUNG, NORMEN","10","0","111","component_inventory;process_logistics;bestanderhalt_warning;furniture_warning;source_conflict;proposes_new_entity;external_urls;has_sources_section;certification_terms;donor_receiver_terms;numeric_or_metric_terms","split_into_case_graph","fallstudie/House_of_Fraser_318_Oxford_Street_TBC_London_reuse_chain","projekt/House_of_Fraser_318_Oxford_Street_TBC_London_reuse_chain; bauobjekt/<from_content>; reuse_einsatz/<per_component>","do_not_treat_file_as_single_gebaeude_only"
"Gebäude\Impact_Hub_Berlin_CRCLR_Fitout.md","Gebäude","","Impact Hub Berlin Interior / CRCLR Fit-out – Fallstudie Direct Reuse / zirkuläres Bauen","21879","15","1. EINORDNUNG | 2. ENTITÄTEN-MAPPING | Vorgeschlagene neue Entität | 3. FALLSTUDIE | 4. REUSE-STRATEGIE | 5. BAUTEIL-INVENTAR | 6. PROZESS UND LOGISTIK | 7. TECHNIK, LEISTUNG, NORMEN","7","0","84","component_inventory;process_logistics;bestanderhalt_warning;furniture_warning;proposes_new_entity;external_urls;has_sources_section;platform_terms;numeric_or_metric_terms","split_into_case_graph","fallstudie/Impact_Hub_Berlin_CRCLR_Fitout","projekt/Impact_Hub_Berlin_CRCLR_Fitout; bauobjekt/<from_content>; reuse_einsatz/<per_component>","do_not_treat_file_as_single_gebaeude_only"
"Gebäude\Institut_de_Botanique_ULg_Liege.md","Gebäude","","Institut de Botanique de l’ULg, Liège — Fallstudie Direct Reuse / zirkuläres Bauen","17049","15","1. EINORDNUNG | 2. ENTITÄTEN-MAPPING | Vorgeschlagene neue Entität | 3. FALLSTUDIE | 4. REUSE-STRATEGIE | 5. BAUTEIL-INVENTAR | 6. PROZESS UND LOGISTIK | 7. TECHNIK, LEISTUNG, NORMEN","2","0","74","component_inventory;process_logistics;bestanderhalt_warning;furniture_warning;proposes_new_entity;external_urls;has_sources_section;platform_terms;numeric_or_metric_terms","split_into_case_graph","fallstudie/Institut_de_Botanique_ULg_Liege","projekt/Institut_de_Botanique_ULg_Liege; bauobjekt/<from_content>; reuse_einsatz/<per_component>","do_not_treat_file_as_single_gebaeude_only"
"Gebäude\Jeugdkliniek_Ithaka_Emergis_Kloetinge.md","Gebäude","","Jeugdkliniek Ithaka / Emergis, Kloetinge","25769","15","1. EINORDNUNG | 2. ENTITÄTEN-MAPPING | Vorgeschlagene neue Entität | 3. FALLSTUDIE | 4. REUSE-STRATEGIE | 5. BAUTEIL-INVENTAR | 6. PROZESS UND LOGISTIK | 7. TECHNIK, LEISTUNG, NORMEN","15","0","93","component_inventory;process_logistics;bestanderhalt_warning;furniture_warning;proposes_new_entity;external_urls;has_sources_section;donor_receiver_terms;numeric_or_metric_terms","split_into_case_graph","fallstudie/Jeugdkliniek_Ithaka_Emergis_Kloetinge","projekt/Jeugdkliniek_Ithaka_Emergis_Kloetinge; bauobjekt/<from_content>; reuse_einsatz/<per_component>","do_not_treat_file_as_single_gebaeude_only"
"Gebäude\Juch_Areal_Recyclingzentrum_Zuerich.md","Gebäude","","Juch-Areal Recyclingzentrum, Zürich-Altstetten","24327","15","1. EINORDNUNG | 2. ENTITÄTEN-MAPPING | Vorgeschlagene neue Entität | 3. FALLSTUDIE | 4. REUSE-STRATEGIE | 5. BAUTEIL-INVENTAR | 6. PROZESS UND LOGISTIK | 7. TECHNIK, LEISTUNG, NORMEN","9","0","83","component_inventory;process_logistics;bestanderhalt_warning;furniture_warning;source_conflict;proposes_new_entity;external_urls;has_sources_section;donor_receiver_terms;numeric_or_metric_terms","split_into_case_graph","fallstudie/Juch_Areal_Recyclingzentrum_Zuerich","projekt/Juch_Areal_Recyclingzentrum_Zuerich; bauobjekt/<from_content>; reuse_einsatz/<per_component>","do_not_treat_file_as_single_gebaeude_only"
"Gebäude\K118_Kopfbau_Halle_118_Winterthur.md","Gebäude","","K.118 / Kopfbau Halle 118, Winterthur — Fallstudie Direct Reuse / Wiederverwendung","24985","20","1. EINORDNUNG | 2. ENTITÄTEN-MAPPING | Vorgeschlagene neue Entität | 3. FALLSTUDIE | 4. REUSE-STRATEGIE | 5. BAUTEIL-INVENTAR | 6. PROZESS UND LOGISTIK | 7. TECHNIK, LEISTUNG, NORMEN","9","0","103","component_inventory;process_logistics;bestanderhalt_warning;furniture_warning;proposes_new_entity;external_urls;has_sources_section;donor_receiver_terms;numeric_or_metric_terms","split_into_case_graph","fallstudie/K118_Kopfbau_Halle_118_Winterthur","projekt/K118_Kopfbau_Halle_118_Winterthur; bauobjekt/<from_content>; reuse_einsatz/<per_component>","do_not_treat_file_as_single_gebaeude_only"
"Gebäude\KA13_Kristian_Augusts_gate_13_Oslo.md","Gebäude","","KA13 / Kristian Augusts gate 13, Oslo — Fallstudie Direct Reuse / Bauteilwiederverwendung","27596","20","1. EINORDNUNG | 2. ENTITÄTEN-MAPPING | Vorgeschlagene neue Entität | 3. FALLSTUDIE | 4. REUSE-STRATEGIE | 5. BAUTEIL-INVENTAR | 6. PROZESS UND LOGISTIK | 7. TECHNIK, LEISTUNG, NORMEN","9","0","107","component_inventory;process_logistics;bestanderhalt_warning;furniture_warning;proposes_new_entity;external_urls;has_sources_section;donor_receiver_terms;numeric_or_metric_terms","split_into_case_graph","fallstudie/KA13_Kristian_Augusts_gate_13_Oslo","projekt/KA13_Kristian_Augusts_gate_13_Oslo; bauobjekt/<from_content>; reuse_einsatz/<per_component>","do_not_treat_file_as_single_gebaeude_only"
"Gebäude\Kamikatsu_Zero_Waste_Center_Hotel_WHY.md","Gebäude","","Kamikatsu Zero Waste Center / Hotel WHY, Kamikatsu","25858","15","1. EINORDNUNG | 2. ENTITÄTEN-MAPPING | Vorgeschlagene neue Entität | 3. FALLSTUDIE | 4. REUSE-STRATEGIE | 5. BAUTEIL-INVENTAR | 6. PROZESS UND LOGISTIK | 7. TECHNIK, LEISTUNG, NORMEN","8","0","98","component_inventory;process_logistics;bestanderhalt_warning;furniture_warning;proposes_new_entity;external_urls;has_sources_section;donor_receiver_terms;numeric_or_metric_terms","split_into_case_graph","fallstudie/Kamikatsu_Zero_Waste_Center_Hotel_WHY","projekt/Kamikatsu_Zero_Waste_Center_Hotel_WHY; bauobjekt/<from_content>; reuse_einsatz/<per_component>","do_not_treat_file_as_single_gebaeude_only"
"Gebäude\Kindergarten_Moeoeslistrasse_Manegg_Zuerich.md","Gebäude","","Kindergarten Mööslistrasse / Manegg, Zürich — Fallstudie Bauteilwiederverwendung / Direct Reuse","27086","15","1. EINORDNUNG | 2. ENTITÄTEN-MAPPING | Vorgeschlagene neue Entität | 3. FALLSTUDIE | 4. REUSE-STRATEGIE | 5. BAUTEIL-INVENTAR | 6. PROZESS UND LOGISTIK | 7. TECHNIK, LEISTUNG, NORMEN","9","0","102","component_inventory;process_logistics;bestanderhalt_warning;furniture_warning;proposes_new_entity;external_urls;has_sources_section;donor_receiver_terms;numeric_or_metric_terms","split_into_case_graph","fallstudie/Kindergarten_Moeoeslistrasse_Manegg_Zuerich","projekt/Kindergarten_Moeoeslistrasse_Manegg_Zuerich; bauobjekt/<from_content>; reuse_einsatz/<per_component>","do_not_treat_file_as_single_gebaeude_only"
"Gebäude\Liander_Alliander_HQ_Duiven.md","Gebäude","","Liander / Alliander HQ, Duiven — Fallstudie Direct Reuse / zirkuläres Bauen","19559","15","1. EINORDNUNG | 2. ENTITÄTEN-MAPPING | Vorgeschlagene neue Entität | 3. FALLSTUDIE | 4. REUSE-STRATEGIE | 5. BAUTEIL-INVENTAR | 6. PROZESS UND LOGISTIK | 7. TECHNIK, LEISTUNG, NORMEN","5","0","77","component_inventory;process_logistics;bestanderhalt_warning;furniture_warning;proposes_new_entity;external_urls;has_sources_section;certification_terms;platform_terms;donor_receiver_terms;numeric_or_metric_terms","split_into_case_graph","fallstudie/Liander_Alliander_HQ_Duiven","projekt/Liander_Alliander_HQ_Duiven; bauobjekt/<from_content>; reuse_einsatz/<per_component>","do_not_treat_file_as_single_gebaeude_only"
"Gebäude\Lo_Reninge_Town_Hall_Facade.md","Gebäude","","Lo-Reninge Town Hall façade / Stadhuis Lo – Fallstudie Direct Reuse","20068","15","1. EINORDNUNG | 2. ENTITÄTEN-MAPPING | Vorgeschlagene neue Entität | 3. FALLSTUDIE | 4. REUSE-STRATEGIE | 5. BAUTEIL-INVENTAR | 6. PROZESS UND LOGISTIK | 7. TECHNIK, LEISTUNG, NORMEN","4","0","80","component_inventory;process_logistics;bestanderhalt_warning;furniture_warning;proposes_new_entity;external_urls;has_sources_section;platform_terms;numeric_or_metric_terms","split_into_case_graph","fallstudie/Lo_Reninge_Town_Hall_Facade","projekt/Lo_Reninge_Town_Hall_Facade; bauobjekt/<from_content>; reuse_einsatz/<per_component>","do_not_treat_file_as_single_gebaeude_only"
"Gebäude\Lokomotion_Technology_Centre_mini_pilot_Tampere.md","Gebäude","","Lokomotion Technology Centre mini-pilot, Tampere — Fallstudie Wiederverwendung / Direct Reuse","19726","15","1. EINORDNUNG | 2. ENTITÄTEN-MAPPING | Vorgeschlagene neue Entität | 3. FALLSTUDIE | 4. REUSE-STRATEGIE | 5. BAUTEIL-INVENTAR | 6. PROZESS UND LOGISTIK | 7. TECHNIK, LEISTUNG, NORMEN","5","0","73","component_inventory;process_logistics;bestanderhalt_warning;furniture_warning;proposes_new_entity;external_urls;has_sources_section;donor_receiver_terms;numeric_or_metric_terms","split_into_case_graph","fallstudie/Lokomotion_Technology_Centre_mini_pilot_Tampere","projekt/Lokomotion_Technology_Centre_mini_pilot_Tampere; bauobjekt/<from_content>; reuse_einsatz/<per_component>","do_not_treat_file_as_single_gebaeude_only"
"Gebäude\Lycee_Michel_Lucius_Conversion_Luxembourg.md","Gebäude","","Lycée Michel Lucius Conversion, Luxembourg — Fallstudie Direct Reuse / zirkuläres Bauen","26392","15","1. EINORDNUNG | 2. ENTITÄTEN-MAPPING | Vorgeschlagene neue Entität | 3. FALLSTUDIE | 4. REUSE-STRATEGIE | 5. BAUTEIL-INVENTAR | 6. PROZESS UND LOGISTIK | 7. TECHNIK, LEISTUNG, NORMEN","6","0","101","component_inventory;process_logistics;bestanderhalt_warning;furniture_warning;proposes_new_entity;external_urls;has_sources_section;platform_terms;numeric_or_metric_terms","split_into_case_graph","fallstudie/Lycee_Michel_Lucius_Conversion_Luxembourg","projekt/Lycee_Michel_Lucius_Conversion_Luxembourg; bauobjekt/<from_content>; reuse_einsatz/<per_component>","do_not_treat_file_as_single_gebaeude_only"
"Gebäude\Maison_des_Canaux_Paris.md","Gebäude","","Maison des Canaux, Paris — Fallstudie Direct Reuse / zirkuläres Bauen","18887","15","1. EINORDNUNG | 2. ENTITÄTEN-MAPPING | Vorgeschlagene neue Entität | 3. FALLSTUDIE | 4. REUSE-STRATEGIE | 5. BAUTEIL-INVENTAR | 6. PROZESS UND LOGISTIK | 7. TECHNIK, LEISTUNG, NORMEN","4","0","77","component_inventory;process_logistics;bestanderhalt_warning;furniture_warning;proposes_new_entity;external_urls;has_sources_section;platform_terms;donor_receiver_terms;numeric_or_metric_terms","split_into_case_graph","fallstudie/Maison_des_Canaux_Paris","projekt/Maison_des_Canaux_Paris; bauobjekt/<from_content>; reuse_einsatz/<per_component>","do_not_treat_file_as_single_gebaeude_only"
"Gebäude\Maison_DnA_Asse.md","Gebäude","","Maison DnA / dnA House, Asse — Fallstudie Direct Reuse / zirkuläres Bauen","19698","15","1. EINORDNUNG | 2. ENTITÄTEN-MAPPING | Vorgeschlagene neue Entität | 3. FALLSTUDIE | 4. REUSE-STRATEGIE | 5. BAUTEIL-INVENTAR | 6. PROZESS UND LOGISTIK | 7. TECHNIK, LEISTUNG, NORMEN","3","0","89","component_inventory;process_logistics;bestanderhalt_warning;furniture_warning;proposes_new_entity;external_urls;has_sources_section;numeric_or_metric_terms","split_into_case_graph","fallstudie/Maison_DnA_Asse","projekt/Maison_DnA_Asse; bauobjekt/<from_content>; reuse_einsatz/<per_component>","do_not_treat_file_as_single_gebaeude_only"
"Gebäude\Maison_Vignette_Auderghem.md","Gebäude","","Maison Vignette, Auderghem – Fallstudie Direct Reuse","21934","15","1. EINORDNUNG | 2. ENTITÄTEN-MAPPING | Vorgeschlagene neue Entität | 3. FALLSTUDIE | 4. REUSE-STRATEGIE | 5. BAUTEIL-INVENTAR | 6. PROZESS UND LOGISTIK | 7. TECHNIK, LEISTUNG, NORMEN","4","0","91","component_inventory;process_logistics;bestanderhalt_warning;furniture_warning;proposes_new_entity;external_urls;has_sources_section;platform_terms;numeric_or_metric_terms","split_into_case_graph","fallstudie/Maison_Vignette_Auderghem","projekt/Maison_Vignette_Auderghem; bauobjekt/<from_content>; reuse_einsatz/<per_component>","do_not_treat_file_as_single_gebaeude_only"
"Gebäude\Mehrow_Pilot_House.md","Gebäude","","Mehrow Pilot House — Fallstudie Direct Reuse / Wiederverwendung von WBS70-Plattenbauteilen","19994","15","1. EINORDNUNG | 2. ENTITÄTEN-MAPPING | Vorgeschlagene neue Entität | 3. FALLSTUDIE | 4. REUSE-STRATEGIE | 5. BAUTEIL-INVENTAR | 6. PROZESS UND LOGISTIK | 7. TECHNIK, LEISTUNG, NORMEN","4","0","85","component_inventory;process_logistics;bestanderhalt_warning;furniture_warning;source_conflict;proposes_new_entity;external_urls;has_sources_section;donor_receiver_terms;numeric_or_metric_terms","split_into_case_graph","fallstudie/Mehrow_Pilot_House","projekt/Mehrow_Pilot_House; bauobjekt/<from_content>; reuse_einsatz/<per_component>","do_not_treat_file_as_single_gebaeude_only"
"Gebäude\Melkinlaituri_Primary_School_Daycare_Centre_Helsinki.md","Gebäude","","Melkinlaituri Primary School and Day-care Centre, Helsinki — Fallstudie Wiederverwendung / Direct Reuse","18224","15","1. EINORDNUNG | 2. ENTITÄTEN-MAPPING | Vorgeschlagene neue Entität | 3. FALLSTUDIE | 4. REUSE-STRATEGIE | 5. BAUTEIL-INVENTAR | 6. PROZESS UND LOGISTIK | 7. TECHNIK, LEISTUNG, NORMEN","5","0","74","component_inventory;process_logistics;bestanderhalt_warning;furniture_warning;source_conflict;proposes_new_entity;external_urls;has_sources_section;donor_receiver_terms;numeric_or_metric_terms","split_into_case_graph","fallstudie/Melkinlaituri_Primary_School_Daycare_Centre_Helsinki","projekt/Melkinlaituri_Primary_School_Daycare_Centre_Helsinki; bauobjekt/<from_content>; reuse_einsatz/<per_component>","do_not_treat_file_as_single_gebaeude_only"
"Gebäude\Montessori_Maassluis.md","Gebäude","","Montessori Maassluis — Fallstudie Direct Reuse / zirkuläres Bauen","23287","15","1. EINORDNUNG | 2. ENTITÄTEN-MAPPING | Vorgeschlagene neue Entität | 3. FALLSTUDIE | 4. REUSE-STRATEGIE | 5. BAUTEIL-INVENTAR | 6. PROZESS UND LOGISTIK | 7. TECHNIK, LEISTUNG, NORMEN","4","0","99","component_inventory;process_logistics;bestanderhalt_warning;furniture_warning;proposes_new_entity;external_urls;has_sources_section;donor_receiver_terms;numeric_or_metric_terms","split_into_case_graph","fallstudie/Montessori_Maassluis","projekt/Montessori_Maassluis; bauobjekt/<from_content>; reuse_einsatz/<per_component>","do_not_treat_file_as_single_gebaeude_only"
"Gebäude\Multi_Brussels_Reuse_in_MULTI.md","Gebäude","","Multi Brussels / Reuse in MULTI – Fallstudie Direct Reuse / zirkuläres Bauen","22371","15","1. EINORDNUNG | 2. ENTITÄTEN-MAPPING | Vorgeschlagene neue Entität | 3. FALLSTUDIE | 4. REUSE-STRATEGIE | 5. BAUTEIL-INVENTAR | 6. PROZESS UND LOGISTIK | 7. TECHNIK, LEISTUNG, NORMEN","9","0","85","component_inventory;process_logistics;bestanderhalt_warning;furniture_warning;source_conflict;proposes_new_entity;external_urls;has_sources_section;certification_terms;platform_terms;numeric_or_metric_terms","split_into_case_graph","fallstudie/Multi_Brussels_Reuse_in_MULTI","projekt/Multi_Brussels_Reuse_in_MULTI; bauobjekt/<from_content>; reuse_einsatz/<per_component>","do_not_treat_file_as_single_gebaeude_only"
"Gebäude\Musee_de_Folklore_Mouscron.md","Gebäude","","Musée de Folklore Vie Frontalière / MUSEF, Mouscron – Fallstudie Direct Reuse","21823","15","1. EINORDNUNG | 2. ENTITÄTEN-MAPPING | Vorgeschlagene neue Entität | 3. FALLSTUDIE | 4. REUSE-STRATEGIE | 5. BAUTEIL-INVENTAR | 6. PROZESS UND LOGISTIK | 7. TECHNIK, LEISTUNG, NORMEN","6","0","84","component_inventory;process_logistics;bestanderhalt_warning;furniture_warning;proposes_new_entity;external_urls;has_sources_section;platform_terms;numeric_or_metric_terms","split_into_case_graph","fallstudie/Musee_de_Folklore_Mouscron","projekt/Musee_de_Folklore_Mouscron; bauobjekt/<from_content>; reuse_einsatz/<per_component>","do_not_treat_file_as_single_gebaeude_only"
"Gebäude\Peoples_Pavilion_Eindhoven.md","Gebäude","","People’s Pavilion, Eindhoven — Fallstudie Direct Reuse","20427","15","1. EINORDNUNG | 2. ENTITÄTEN-MAPPING | Vorgeschlagene neue Entität | 3. FALLSTUDIE | 4. REUSE-STRATEGIE | 5. BAUTEIL-INVENTAR | 6. PROZESS UND LOGISTIK | 7. TECHNIK, LEISTUNG, NORMEN","4","0","82","component_inventory;process_logistics;bestanderhalt_warning;furniture_warning;proposes_new_entity;external_urls;has_sources_section;donor_receiver_terms;numeric_or_metric_terms","split_into_case_graph","fallstudie/Peoples_Pavilion_Eindhoven","projekt/Peoples_Pavilion_Eindhoven; bauobjekt/<from_content>; reuse_einsatz/<per_component>","do_not_treat_file_as_single_gebaeude_only"
"Gebäude\Plattenpalast_Berlin.md","Gebäude","","Plattenpalast Berlin — Fallstudie Direct Reuse","20256","15","1. EINORDNUNG | 2. ENTITÄTEN-MAPPING | Vorgeschlagene neue Entität | 3. FALLSTUDIE | 4. REUSE-STRATEGIE | 5. BAUTEIL-INVENTAR | 6. PROZESS UND LOGISTIK | 7. TECHNIK, LEISTUNG, NORMEN","6","0","67","component_inventory;process_logistics;bestanderhalt_warning;furniture_warning;source_conflict;proposes_new_entity;external_urls;has_sources_section;donor_receiver_terms;numeric_or_metric_terms","split_into_case_graph","fallstudie/Plattenpalast_Berlin","projekt/Plattenpalast_Berlin; bauobjekt/<from_content>; reuse_einsatz/<per_component>","do_not_treat_file_as_single_gebaeude_only"
"Gebäude\Plattenvereinigung_Berlin.md","Gebäude","","Plattenvereinigung Berlin — Fallstudie Direct Reuse","20430","15","1. EINORDNUNG | 2. ENTITÄTEN-MAPPING | Vorgeschlagene neue Entität | 3. FALLSTUDIE | 4. REUSE-STRATEGIE | 5. BAUTEIL-INVENTAR | 6. PROZESS UND LOGISTIK | 7. TECHNIK, LEISTUNG, NORMEN","6","0","66","component_inventory;process_logistics;bestanderhalt_warning;furniture_warning;proposes_new_entity;external_urls;has_sources_section;donor_receiver_terms;numeric_or_metric_terms","split_into_case_graph","fallstudie/Plattenvereinigung_Berlin","projekt/Plattenvereinigung_Berlin; bauobjekt/<from_content>; reuse_einsatz/<per_component>","do_not_treat_file_as_single_gebaeude_only"
"Gebäude\PLP_London_HQ_Circular_Studio_Fitout.md","Gebäude","","PLP Architecture HQ / Circular Studio Fit-out, London — Fallstudie Direct Reuse","21360","15","1. EINORDNUNG | 2. ENTITÄTEN-MAPPING | Vorgeschlagene neue Entität | 3. FALLSTUDIE | 4. REUSE-STRATEGIE | 5. BAUTEIL-INVENTAR | 6. PROZESS UND LOGISTIK | 7. TECHNIK, LEISTUNG, NORMEN","4","0","81","component_inventory;process_logistics;bestanderhalt_warning;furniture_warning;proposes_new_entity;external_urls;has_sources_section;numeric_or_metric_terms","split_into_case_graph","fallstudie/PLP_London_HQ_Circular_Studio_Fitout","projekt/PLP_London_HQ_Circular_Studio_Fitout; bauobjekt/<from_content>; reuse_einsatz/<per_component>","do_not_treat_file_as_single_gebaeude_only"
"Gebäude\ReCrete_footbridge_reused_concrete_blocks.md","Gebäude","","Re:Crete footbridge — Fallstudie Direct Reuse","19515","15","1. EINORDNUNG | 2. ENTITÄTEN-MAPPING | Vorgeschlagene neue Entität | 3. FALLSTUDIE | 4. REUSE-STRATEGIE | 5. BAUTEIL-INVENTAR | 6. PROZESS UND LOGISTIK | 7. TECHNIK, LEISTUNG, NORMEN","5","0","64","component_inventory;process_logistics;bestanderhalt_warning;furniture_warning;proposes_new_entity;external_urls;has_sources_section;donor_receiver_terms;numeric_or_metric_terms","split_into_case_graph","fallstudie/ReCrete_footbridge_reused_concrete_blocks","projekt/ReCrete_footbridge_reused_concrete_blocks; bauobjekt/<from_content>; reuse_einsatz/<per_component>","do_not_treat_file_as_single_gebaeude_only"
"Gebäude\Recyclinghaus_Hannover.md","Gebäude","","Recyclinghaus Hannover — Fallstudie Direct Reuse / zirkuläres Bauen","27969","15","1. EINORDNUNG | 2. ENTITÄTEN-MAPPING | Vorgeschlagene neue Entität | 3. FALLSTUDIE | 4. REUSE-STRATEGIE | 5. BAUTEIL-INVENTAR | 6. PROZESS UND LOGISTIK | 7. TECHNIK, LEISTUNG, NORMEN","13","0","110","component_inventory;process_logistics;bestanderhalt_warning;furniture_warning;proposes_new_entity;external_urls;has_sources_section;certification_terms;numeric_or_metric_terms","split_into_case_graph","fallstudie/Recyclinghaus_Hannover","projekt/Recyclinghaus_Hannover; bauobjekt/<from_content>; reuse_einsatz/<per_component>","do_not_treat_file_as_single_gebaeude_only"
"Gebäude\Recypark_Demets_Anderlecht.md","Gebäude","","Recypark Demets / Recypark Anderlecht, Brüssel — Fallstudie Direct Reuse / Wiederverwendung","24350","20","1. EINORDNUNG | 2. ENTITÄTEN-MAPPING | Vorgeschlagene neue Entität | 3. FALLSTUDIE | 4. REUSE-STRATEGIE | 5. BAUTEIL-INVENTAR | 6. PROZESS UND LOGISTIK | 7. TECHNIK, LEISTUNG, NORMEN","9","0","99","component_inventory;process_logistics;bestanderhalt_warning;furniture_warning;proposes_new_entity;external_urls;has_sources_section;platform_terms;donor_receiver_terms;numeric_or_metric_terms","split_into_case_graph","fallstudie/Recypark_Demets_Anderlecht","projekt/Recypark_Demets_Anderlecht; bauobjekt/<from_content>; reuse_einsatz/<per_component>","do_not_treat_file_as_single_gebaeude_only"
"Gebäude\Resilience_La_Ferme_des_Possibles_Stains.md","Gebäude","","Résilience / La Ferme des Possibles, Stains — Fallstudie Direct Reuse / zirkuläres Bauen","27620","15","1. EINORDNUNG | 2. ENTITÄTEN-MAPPING | Vorgeschlagene neue Entität | 3. FALLSTUDIE | 4. REUSE-STRATEGIE | 5. BAUTEIL-INVENTAR | 6. PROZESS UND LOGISTIK | 7. TECHNIK, LEISTUNG, NORMEN","7","0","114","component_inventory;process_logistics;bestanderhalt_warning;furniture_warning;proposes_new_entity;external_urls;has_sources_section;donor_receiver_terms;numeric_or_metric_terms","split_into_case_graph","fallstudie/Resilience_La_Ferme_des_Possibles_Stains","projekt/Resilience_La_Ferme_des_Possibles_Stains; bauobjekt/<from_content>; reuse_einsatz/<per_component>","do_not_treat_file_as_single_gebaeude_only"
"Gebäude\Resource_Rows_Copenhagen.md","Gebäude","","Resource Rows, Copenhagen — Fallstudie Direct Reuse / zirkuläres Bauen","20040","15","1. EINORDNUNG | 2. ENTITÄTEN-MAPPING | Vorgeschlagene neue Entität | 3. FALLSTUDIE | 4. REUSE-STRATEGIE | 5. BAUTEIL-INVENTAR | 6. PROZESS UND LOGISTIK | 7. TECHNIK, LEISTUNG, NORMEN","5","0","82","component_inventory;process_logistics;bestanderhalt_warning;furniture_warning;proposes_new_entity;external_urls;has_sources_section;donor_receiver_terms;numeric_or_metric_terms","split_into_case_graph","fallstudie/Resource_Rows_Copenhagen","projekt/Resource_Rows_Copenhagen; bauobjekt/<from_content>; reuse_einsatz/<per_component>","do_not_treat_file_as_single_gebaeude_only"
"Gebäude\Roots_in_the_Sky_Blackfriars_Crown_Court.md","Gebäude","","Roots in the Sky / Blackfriars Crown Court, London","23512","15","1. EINORDNUNG | 2. ENTITÄTEN-MAPPING | Vorgeschlagene neue Entität | 3. FALLSTUDIE | 4. REUSE-STRATEGIE | 5. BAUTEIL-INVENTAR | 6. PROZESS UND LOGISTIK | 7. TECHNIK, LEISTUNG, NORMEN","11","0","80","component_inventory;process_logistics;bestanderhalt_warning;furniture_warning;source_conflict;proposes_new_entity;external_urls;has_sources_section;certification_terms;donor_receiver_terms;numeric_or_metric_terms","split_into_case_graph","fallstudie/Roots_in_the_Sky_Blackfriars_Crown_Court","projekt/Roots_in_the_Sky_Blackfriars_Crown_Court; bauobjekt/<from_content>; reuse_einsatz/<per_component>","do_not_treat_file_as_single_gebaeude_only"
"Gebäude\Saxum_Vineyard_Equipment_Barn_Paso_Robles.md","Gebäude","","Saxum Vineyard Equipment Barn, Paso Robles — Fallstudie Direct Reuse / zirkuläres Bauen","22345","15","1. EINORDNUNG | 2. ENTITÄTEN-MAPPING | Vorgeschlagene neue Entität | 3. FALLSTUDIE | 4. REUSE-STRATEGIE | 5. BAUTEIL-INVENTAR | 6. PROZESS UND LOGISTIK | 7. TECHNIK, LEISTUNG, NORMEN","5","0","93","component_inventory;process_logistics;bestanderhalt_warning;furniture_warning;proposes_new_entity;external_urls;has_sources_section;certification_terms;donor_receiver_terms;numeric_or_metric_terms","split_into_case_graph","fallstudie/Saxum_Vineyard_Equipment_Barn_Paso_Robles","projekt/Saxum_Vineyard_Equipment_Barn_Paso_Robles; bauobjekt/<from_content>; reuse_einsatz/<per_component>","do_not_treat_file_as_single_gebaeude_only"
"Gebäude\Superlocal_Expogebouw_Bleijerheide.md","Gebäude","","SUPERLOCAL Expogebouw, Bleijerheide/Kerkrade — Fallstudie Direct Reuse / zirkuläres Bauen","24696","15","1. EINORDNUNG | 2. ENTITÄTEN-MAPPING | Vorgeschlagene neue Entität | 3. FALLSTUDIE | 4. REUSE-STRATEGIE | 5. BAUTEIL-INVENTAR | 6. PROZESS UND LOGISTIK | 7. TECHNIK, LEISTUNG, NORMEN","7","0","94","component_inventory;process_logistics;bestanderhalt_warning;furniture_warning;source_conflict;proposes_new_entity;external_urls;has_sources_section;donor_receiver_terms;numeric_or_metric_terms","split_into_case_graph","fallstudie/Superlocal_Expogebouw_Bleijerheide","projekt/Superlocal_Expogebouw_Bleijerheide; bauobjekt/<from_content>; reuse_einsatz/<per_component>","do_not_treat_file_as_single_gebaeude_only"
"Gebäude\Svanen_Kindergarten_Gladsaxe.md","Gebäude","","Svanen / The Swan Kindergarten, Gladsaxe — Fallstudie Direct Reuse / Wiederverwendung","26245","20","1. EINORDNUNG | 2. ENTITÄTEN-MAPPING | Vorgeschlagene neue Entität | 3. FALLSTUDIE | 4. REUSE-STRATEGIE | 5. BAUTEIL-INVENTAR | 6. PROZESS UND LOGISTIK | 7. TECHNIK, LEISTUNG, NORMEN","10","0","101","component_inventory;process_logistics;bestanderhalt_warning;furniture_warning;proposes_new_entity;external_urls;has_sources_section;certification_terms;donor_receiver_terms;numeric_or_metric_terms","split_into_case_graph","fallstudie/Svanen_Kindergarten_Gladsaxe","projekt/Svanen_Kindergarten_Gladsaxe; bauobjekt/<from_content>; reuse_einsatz/<per_component>","do_not_treat_file_as_single_gebaeude_only"
"Gebäude\The_Green_House_Utrecht.md","Gebäude","","The Green House, Utrecht","24901","15","1. EINORDNUNG | 2. ENTITÄTEN-MAPPING | Vorgeschlagene neue Entität | 3. FALLSTUDIE | 4. REUSE-STRATEGIE | 5. BAUTEIL-INVENTAR | 6. PROZESS UND LOGISTIK | 7. TECHNIK, LEISTUNG, NORMEN","7","0","99","component_inventory;process_logistics;bestanderhalt_warning;furniture_warning;proposes_new_entity;external_urls;has_sources_section;numeric_or_metric_terms","split_into_case_graph","fallstudie/The_Green_House_Utrecht","projekt/The_Green_House_Utrecht; bauobjekt/<from_content>; reuse_einsatz/<per_component>","do_not_treat_file_as_single_gebaeude_only"
"Gebäude\Thoravej_29_Copenhagen.md","Gebäude","","Thoravej 29, Copenhagen – Fallstudie Direct Reuse","20149","15","1. EINORDNUNG | 2. ENTITÄTEN-MAPPING | Vorgeschlagene neue Entität | 3. FALLSTUDIE | 4. REUSE-STRATEGIE | 5. BAUTEIL-INVENTAR | 6. PROZESS UND LOGISTIK | 7. TECHNIK, LEISTUNG, NORMEN","7","0","74","component_inventory;process_logistics;bestanderhalt_warning;furniture_warning;proposes_new_entity;external_urls;has_sources_section;certification_terms;numeric_or_metric_terms","split_into_case_graph","fallstudie/Thoravej_29_Copenhagen","projekt/Thoravej_29_Copenhagen; bauobjekt/<from_content>; reuse_einsatz/<per_component>","do_not_treat_file_as_single_gebaeude_only"
"Gebäude\Timber_Square_London.md","Gebäude","","Timber Square, London — Fallstudie Direct Reuse / Bauteilwiederverwendung","26801","20","1. EINORDNUNG | 2. ENTITÄTEN-MAPPING | Vorgeschlagene neue Entität | 3. FALLSTUDIE | 4. REUSE-STRATEGIE | 5. BAUTEIL-INVENTAR | 6. PROZESS UND LOGISTIK | 7. TECHNIK, LEISTUNG, NORMEN","10","0","103","component_inventory;process_logistics;bestanderhalt_warning;furniture_warning;source_conflict;proposes_new_entity;external_urls;has_sources_section;certification_terms;donor_receiver_terms;numeric_or_metric_terms","split_into_case_graph","fallstudie/Timber_Square_London","projekt/Timber_Square_London; bauobjekt/<from_content>; reuse_einsatz/<per_component>","do_not_treat_file_as_single_gebaeude_only"
"Gebäude\TRAE_High_Rise_Aarhus.md","Gebäude","","TRÆ High-Rise, Aarhus","23544","15","1. EINORDNUNG | 2. ENTITÄTEN-MAPPING | Vorgeschlagene neue Entität | 3. FALLSTUDIE | 4. REUSE-STRATEGIE | 5. BAUTEIL-INVENTAR | 6. PROZESS UND LOGISTIK | 7. TECHNIK, LEISTUNG, NORMEN","12","0","87","component_inventory;process_logistics;bestanderhalt_warning;furniture_warning;proposes_new_entity;external_urls;has_sources_section;donor_receiver_terms;numeric_or_metric_terms","split_into_case_graph","fallstudie/TRAE_High_Rise_Aarhus","projekt/TRAE_High_Rise_Aarhus; bauobjekt/<from_content>; reuse_einsatz/<per_component>","do_not_treat_file_as_single_gebaeude_only"
"Gebäude\Upcycle_Studios_Copenhagen.md","Gebäude","","Upcycle Studios, Copenhagen — Fallstudie Bauteilwiederverwendung / Direct Reuse","21682","15","1. EINORDNUNG | 2. ENTITÄTEN-MAPPING | Vorgeschlagene neue Entität | 3. FALLSTUDIE | 4. REUSE-STRATEGIE | 5. BAUTEIL-INVENTAR | 6. PROZESS UND LOGISTIK | 7. TECHNIK, LEISTUNG, NORMEN","6","0","96","component_inventory;process_logistics;bestanderhalt_warning;furniture_warning;source_conflict;proposes_new_entity;external_urls;has_sources_section;donor_receiver_terms;numeric_or_metric_terms","split_into_case_graph","fallstudie/Upcycle_Studios_Copenhagen","projekt/Upcycle_Studios_Copenhagen; bauobjekt/<from_content>; reuse_einsatz/<per_component>","do_not_treat_file_as_single_gebaeude_only"
"Gebäude\Verbiest_Karreveld_Brussels.md","Gebäude","","Verbiest + Karreveld, Brüssel / Molenbeek","29436","15","1. EINORDNUNG | 2. ENTITÄTEN-MAPPING | Vorgeschlagene neue Entität | 3. FALLSTUDIE | 4. REUSE-STRATEGIE | 5. BAUTEIL-INVENTAR | 6. PROZESS UND LOGISTIK | 7. TECHNIK, LEISTUNG, NORMEN","9","0","109","component_inventory;process_logistics;bestanderhalt_warning;furniture_warning;proposes_new_entity;external_urls;has_sources_section;platform_terms;numeric_or_metric_terms","split_into_case_graph","fallstudie/Verbiest_Karreveld_Brussels","projekt/Verbiest_Karreveld_Brussels; bauobjekt/<from_content>; reuse_einsatz/<per_component>","do_not_treat_file_as_single_gebaeude_only"
"Gebäude\Villa_Welpeloo_Enschede.md","Gebäude","","Villa Welpeloo, Enschede — Fallstudie Direct Reuse / Bauteilwiederverwendung","25998","20","1. EINORDNUNG | 2. ENTITÄTEN-MAPPING | Vorgeschlagene neue Entität | 3. FALLSTUDIE | 4. REUSE-STRATEGIE | 5. BAUTEIL-INVENTAR | 6. PROZESS UND LOGISTIK | 7. TECHNIK, LEISTUNG, NORMEN","10","0","98","component_inventory;process_logistics;bestanderhalt_warning;furniture_warning;source_conflict;proposes_new_entity;external_urls;has_sources_section;certification_terms;numeric_or_metric_terms","split_into_case_graph","fallstudie/Villa_Welpeloo_Enschede","projekt/Villa_Welpeloo_Enschede; bauobjekt/<from_content>; reuse_einsatz/<per_component>","do_not_treat_file_as_single_gebaeude_only"
"Gebäude\Woongroep_Boschgaard_Den_Bosch.md","Gebäude","","Woongroep Boschgaard, Den Bosch — Fallstudie Bauteilwiederverwendung / Direct Reuse","26152","15","1. EINORDNUNG | 2. ENTITÄTEN-MAPPING | Vorgeschlagene neue Entität | 3. FALLSTUDIE | 4. REUSE-STRATEGIE | 5. BAUTEIL-INVENTAR | 6. PROZESS UND LOGISTIK | 7. TECHNIK, LEISTUNG, NORMEN","10","0","99","component_inventory;process_logistics;bestanderhalt_warning;furniture_warning;source_conflict;proposes_new_entity;external_urls;has_sources_section;donor_receiver_terms;numeric_or_metric_terms","split_into_case_graph","fallstudie/Woongroep_Boschgaard_Den_Bosch","projekt/Woongroep_Boschgaard_Den_Bosch; bauobjekt/<from_content>; reuse_einsatz/<per_component>","do_not_treat_file_as_single_gebaeude_only"
"Gebäude\Zinneke_Feder_Masui4ever_Brussels.md","Gebäude","","Zinneke / FEDER Masui4ever, Brüssel — Fallstudie Direct Reuse / zirkuläres Bauen","23297","15","1. EINORDNUNG | 2. ENTITÄTEN-MAPPING | Vorgeschlagene neue Entität | 3. FALLSTUDIE | 4. REUSE-STRATEGIE | 5. BAUTEIL-INVENTAR | 6. PROZESS UND LOGISTIK | 7. TECHNIK, LEISTUNG, NORMEN","4","0","98","component_inventory;process_logistics;bestanderhalt_warning;furniture_warning;proposes_new_entity;external_urls;has_sources_section;donor_receiver_terms;numeric_or_metric_terms","split_into_case_graph","fallstudie/Zinneke_Feder_Masui4ever_Brussels","projekt/Zinneke_Feder_Masui4ever_Brussels; bauobjekt/<from_content>; reuse_einsatz/<per_component>","do_not_treat_file_as_single_gebaeude_only"
"huerde\Ausschreibungsproblem.md","huerde","Hürde","","17229","11","Verknüpfungen | Kurzdefinition | Relevanz für Wiederverwendung im Bauwesen | Fachinhalt | 1. Grundkonflikt: Produktlogik versus Bestandslogik | 2. Typische Ausschreibungsbarrieren | 3. Beschaffungsmodelle für Wiederverwendung | 4. Belastbare Kriterien für eine Re-Use-taugliche Ausschreibung","9","4","0","external_urls;wikilinks;has_sources_section;numeric_or_metric_terms","move_as_knot","huerde/Ausschreibungsproblem","",""
"huerde\Brandschutzkonflikt.md","huerde","Hürde","","15844","11","Verknüpfungen | Kurzdefinition | Relevanz für Wiederverwendung im Bauwesen | Fachinhalt | 1. Brandschutzanforderungen als Nachweisregime | 2. Typische Ursachen des Konflikts | 3. Re-Use-Eignung nach Brandschutzrisiko | 4. Lösungsansätze und Entscheidungskriterien","9","10","0","external_urls;wikilinks;has_sources_section;numeric_or_metric_terms","move_as_knot","huerde/Brandschutzkonflikt","",""
"huerde\Datenluecke.md","huerde","Hürde","","15071","12","Verknüpfungen | Kurzdefinition | Relevanz für Wiederverwendung im Bauwesen | Fachinhalt | 1. Typen von Datenlücken | 2. Ursachen von Datenlücken | 3. Mindestdaten für Wiederverwendungsentscheidungen | 4. Methoden zum Schließen von Datenlücken","9","3","0","external_urls;wikilinks;has_sources_section;platform_terms;numeric_or_metric_terms","move_as_knot","huerde/Datenluecke","",""
"huerde\Fehlende_Datenstandards.md","huerde","Hürde","","15586","12","Verknüpfungen | Kurzdefinition | Relevanz für Wiederverwendung im Bauwesen | Fachinhalt | 1. Abgrenzung zur Datenlücke | 2. Zentrale Standardisierungslücken | 3. Bestehende Standardisierungsansätze | 4. Anforderungen an einen Re-Use-Datenstandard","11","2","0","external_urls;wikilinks;has_sources_section;numeric_or_metric_terms","move_as_knot","huerde/Fehlende_Datenstandards","",""
"huerde\Fehlende_Lagerflaeche.md","huerde","Hürde","","13989","12","Verknüpfungen | Kurzdefinition | Relevanz für Wiederverwendung im Bauwesen | Fachinhalt | 1. Warum Lagerung im linearen Bauprozess fehlt | 2. Arten von Lagerflächen | 3. Anforderungen an geeignete Lagerung | 4. Wirtschaftliche Logik","9","4","0","external_urls;wikilinks;has_sources_section;certification_terms;platform_terms;donor_receiver_terms;numeric_or_metric_terms","move_as_knot","huerde/Fehlende_Lagerflaeche","",""
"huerde\Fehlende_Standardisierung.md","huerde","Hürde","Fehlende Standardisierung","17307","12","Verknüpfungen | Kurzdefinition | Relevanz für Wiederverwendung im Bauwesen | Fachinhalt | 1. Ebenen fehlender Standardisierung | 2. Abgrenzung zu bestehenden Regelwerken | 3. Typische Auswirkungen und Gegenmaßnahmen | 4. Belastbare Kriterien für planungsreife Reuse-Bauteile","11","5","11","external_urls;wikilinks;has_sources_section;certification_terms;numeric_or_metric_terms","move_as_knot","huerde/Fehlende_Standardisierung","",""
"huerde\Gewaehrleistung.md","huerde","Hürde","Gewährleistung","15656","14","Verknüpfungen | Kurzdefinition | Relevanz für Wiederverwendung im Bauwesen | Fachinhalt | 1. Gewährleistung vs. Haftung vs. Garantie | 2. Vertragsketten im Reuse-Projekt | 3. Werkvertragsrechtliche Grundlogik | 4. Beschaffenheitsvereinbarung als Kerninstrument","10","8","5","external_urls;wikilinks;has_sources_section;numeric_or_metric_terms","move_as_knot","huerde/Gewaehrleistung","",""
"huerde\Haftung.md","huerde","Hürde","Haftung","15803","13","Verknüpfungen | Kurzdefinition | Relevanz für Wiederverwendung im Bauwesen | Fachinhalt | 1. Haftung und Gewährleistung trennen | 2. Haftungsarten im Reuse-Kontext | 3. Akteursbezogene Haftungsrisiken | 4. Risikoklassen für Haftungsentscheidungen","12","13","11","external_urls;wikilinks;has_sources_section;numeric_or_metric_terms","move_as_knot","huerde/Haftung","",""
"huerde\index.md","huerde","Hürde","Hürden – Index","10583","6","Verknüpfungen | Kurzüberblick zur Kategorie | Zentrale Unterthemen | Wichtige Dateien dieser Kategorie | Querverbindungen zu anderen Kategorien | Offene Lücken / Ausbaufelder","0","1","0","wikilinks;numeric_or_metric_terms","merge_into_index","huerde/index","","index_content_may_contain_unique_gaps_or_cluster_lists"
"huerde\Logistikproblem.md","huerde","Hürde","","14547","11","Verknüpfungen | Kurzdefinition | Relevanz für Wiederverwendung im Bauwesen | Fachinhalt | 1. Unterschied zur Neuproduktlogistik | 2. Prozesskette der Re-Use-Logistik | 3. Typische Engpässe | 4. Systemische Lösungsansätze","10","5","0","external_urls;wikilinks;has_sources_section;platform_terms;donor_receiver_terms;numeric_or_metric_terms","move_as_knot","huerde/Logistikproblem","",""
"huerde\Schadstoffbelastung.md","huerde","Hürde","Schadstoffbelastung","14608","12","Verknüpfungen | Kurzdefinition | Relevanz für Wiederverwendung im Bauwesen | Fachinhalt | 1. Typische Schadstoffgruppen im Reuse-Kontext | 2. Schadstoffbelastung als Prozesshürde | 3. Auswirkungen auf Nachweise | 4. Entscheidungslogik für wiederverwendbare Bauteile","12","10","10","external_urls;wikilinks;has_sources_section;certification_terms;numeric_or_metric_terms","move_as_knot","huerde/Schadstoffbelastung","",""
"huerde\Terminunsicherheit.md","huerde","Hürde","Terminunsicherheit","13473","12","Verknüpfungen | Kurzdefinition | Relevanz für Wiederverwendung im Bauwesen | Fachinhalt | 1. Ursachen der Terminunsicherheit | 2. Terminunsicherheit in Projektphasen | 3. Markt- und Prozesslogik | 4. Terminrelevante Nachweise","8","6","10","external_urls;wikilinks;has_sources_section;platform_terms;donor_receiver_terms;numeric_or_metric_terms","move_as_knot","huerde/Terminunsicherheit","",""
"huerde\Toleranzen.md","huerde","Hürde","","134","0","","0","0","0","","move_as_knot","huerde/Toleranzen","",""
"huerde\Verfuegbarkeitsproblem.md","huerde","Hürde","Verfügbarkeitsproblem","15013","13","Verknüpfungen | Kurzdefinition | Relevanz für Wiederverwendung im Bauwesen | Fachinhalt | 1. Dimensionen von Verfügbarkeit | 2. Marktlogik des Verfügbarkeitsproblems | 3. Prozesslogik des Verfügbarkeitsproblems | 4. Auswirkungen auf Planung und Beschaffung","10","5","9","external_urls;wikilinks;has_sources_section;platform_terms;numeric_or_metric_terms","move_as_knot","huerde/Verfuegbarkeitsproblem","",""
"hürde.md","hürde.md","Type","Hürde","86","0","","0","0","0","","merge_into_index","huerde/index","","old_schema_file_not_content_node"
"interview.md","interview.md","Type","Interview","93","0","","0","0","0","","merge_into_index","quelle/index","quellentyp/Interview","old_type_stub_only"
"kennwert.md","kennwert.md","Type","Kennwert","79","0","","0","0","0","","merge_into_index","kennwertdefinition/index","","old_schema_file_not_content_node"
"kennwert\CO2_Einsparung.md","kennwert","Kennwert","CO2-Einsparung","16073","15","Verknüpfungen | Kurzdefinition | Relevanz für Wiederverwendung im Bauwesen | Fachinhalt | Abgrenzung zu Grauer Energie | Übliche Einheit und Bezugsgrößen | Berechnungslogik | Lebenszyklusmodule","8","6","0","external_urls;wikilinks;has_sources_section;certification_terms;platform_terms;numeric_or_metric_terms","move_as_knot","kennwertdefinition/CO2_Einsparung","",""
"kennwert\Demontagegrad.md","kennwert","Kennwert","Demontagegrad","13497","14","Verknüpfungen | Kurzdefinition | Relevanz für Wiederverwendung im Bauwesen | Fachinhalt | Bewertungsdimensionen | Beispielhafte Demontageklassen | Quantitative Berechnung | Demontagefaktoren für Verbindungen","7","6","7","external_urls;wikilinks;has_sources_section;certification_terms;platform_terms;numeric_or_metric_terms","move_as_knot","kennwertdefinition/Demontagegrad","",""
"kennwert\Graue_Energie.md","kennwert","Kennwert","Graue Energie","12435","14","Verknüpfungen | Kurzdefinition | Relevanz für Wiederverwendung im Bauwesen | Fachinhalt | Abgrenzung zu CO2-Einsparung | Indikatoren und Begriffe | Berechnungslogik | Lebenszyklusmodule","7","6","0","external_urls;wikilinks;has_sources_section;certification_terms;numeric_or_metric_terms","move_as_knot","kennwertdefinition/Graue_Energie","",""
"kennwert\index.md","kennwert","Kennwert","Kennwerte – Index","7136","6","Verknüpfungen | Kurzüberblick zur Kategorie | Zentrale Unterthemen | Wichtige Dateien dieser Kategorie | Querverbindungen zu anderen Kategorien | Offene Lücken / Ausbaufelder","0","0","0","certification_terms;platform_terms;numeric_or_metric_terms","merge_into_index","kennwertdefinition/index","","index_content_may_contain_unique_gaps_or_cluster_lists"
"kennwert\Materialwert.md","kennwert","Kennwert","Materialwert","13134","13","Verknüpfungen | Kurzdefinition | Relevanz für Wiederverwendung im Bauwesen | Fachinhalt | Berechnungslogik | Bewertungsparameter | Materialwert vs. Baukosten | Typische Datenquellen","8","7","0","external_urls;wikilinks;has_sources_section;certification_terms;platform_terms;numeric_or_metric_terms","move_as_knot","kennwertdefinition/Materialwert","",""
"kennwert\Wiederverwendungsquote.md","kennwert","Kennwert","Wiederverwendungsquote","13095","13","Verknüpfungen | Kurzdefinition | Relevanz für Wiederverwendung im Bauwesen | Fachinhalt | Haupttypen der Wiederverwendungsquote | Abgrenzung zu Recyclingquote und Verwertungsquote | Einheiten | Typische Datenquellen","9","6","9","external_urls;wikilinks;has_sources_section;certification_terms;platform_terms;numeric_or_metric_terms","move_as_knot","kennwertdefinition/Wiederverwendungsquote","",""
"kerstin-müller.md","kerstin-müller.md","Person","Kerstin Müller","185","0","","0","2","0","wikilinks","move_as_core","akteur/Kerstin_Mueller","akteurtyp/Person",""
"leistungsanforderung.md","leistungsanforderung.md","Type","Leistungsanforderung","104","0","","0","0","0","","merge_into_index","leistungsanforderung/index","","old_schema_file_not_content_node"
"leistungsanforderung\Brandschutz.md","leistungsanforderung","Leistungsanforderung","Brandschutz","11970","10","Verknüpfungen | Kurzdefinition | Relevanz für Wiederverwendung im Bauwesen | Fachinhalt | Zentrale Leistungsgrößen | Nachweiskette für gebrauchte Bauteile | Materialspezifische ReUse-Aspekte | Praxisbezug / Beispiele","6","20","0","external_urls;wikilinks;has_sources_section;certification_terms;numeric_or_metric_terms","move_as_knot","leistungsanforderung/Brandschutz","",""
"leistungsanforderung\Dauerhaftigkeit.md","leistungsanforderung","Leistungsanforderung","Dauerhaftigkeit","10167","11","Verknüpfungen | Kurzdefinition | Relevanz für Wiederverwendung im Bauwesen | Fachinhalt | Grundprinzipien | Bewertungsschritte für ReUse-Bauteile | Materialspezifische Kriterien | Dauerhaftigkeit als Entwurfsparameter","6","12","0","external_urls;wikilinks;has_sources_section;certification_terms;numeric_or_metric_terms","move_as_knot","leistungsanforderung/Dauerhaftigkeit","",""
"leistungsanforderung\Feuchteschutz.md","leistungsanforderung","Leistungsanforderung","Feuchteschutz","9451","11","Verknüpfungen | Kurzdefinition | Relevanz für Wiederverwendung im Bauwesen | Fachinhalt | Feuchtequellen und Schadensmechanismen | Nachweiskriterien für ReUse | Normative und methodische Bezüge | ReUse-gerechte Feuchteschutzprinzipien","4","7","0","external_urls;wikilinks;has_sources_section;numeric_or_metric_terms","move_as_knot","leistungsanforderung/Feuchteschutz","",""
"leistungsanforderung\index.md","leistungsanforderung","Leistungsanforderung","Leistungsanforderungen – Index","7824","6","Verknüpfungen | Kurzüberblick zur Kategorie | Zentrale Unterthemen | Wichtige Dateien dieser Kategorie | Querverbindungen zu anderen Kategorien | Offene Lücken / Ausbaufelder","0","2","0","wikilinks;numeric_or_metric_terms","merge_into_index","leistungsanforderung/index","","index_content_may_contain_unique_gaps_or_cluster_lists"
"leistungsanforderung\Rueckbaubarkeit.md","leistungsanforderung","Leistungsanforderung","Rueckbaubarkeit","10278","11","Verknüpfungen | Kurzdefinition | Relevanz für Wiederverwendung im Bauwesen | Fachinhalt | Rückbaubarkeit als messbare Qualität | Zusammenhang mit Leistungsanforderungen | Entwurfsprinzipien | Bewertungsstufen","6","7","0","external_urls;wikilinks;has_sources_section;certification_terms;numeric_or_metric_terms","move_as_knot","leistungsanforderung/Rueckbaubarkeit","",""
"leistungsanforderung\Schadstofffreiheit.md","leistungsanforderung","Leistungsanforderung","Schadstofffreiheit","9348","10","Verknüpfungen | Kurzdefinition | Relevanz für Wiederverwendung im Bauwesen | Fachinhalt | Schadstoffgruppen mit hoher ReUse-Relevanz | Bewertungslogik | Kriterien für ReUse-Freigabe | Praxisbezug / Beispiele","8","12","0","external_urls;wikilinks;has_sources_section;numeric_or_metric_terms","move_as_knot","leistungsanforderung/Schadstofffreiheit","",""
"leistungsanforderung\Schallschutz.md","leistungsanforderung","Leistungsanforderung","Schallschutz","8786","11","Verknüpfungen | Kurzdefinition | Relevanz für Wiederverwendung im Bauwesen | Fachinhalt | Schallarten und Leistungsgrößen | ReUse-spezifische Prüfpunkte | Materialien und Systeme | ReUse-gerechte Akustikprinzipien","3","10","0","external_urls;wikilinks;has_sources_section;numeric_or_metric_terms","move_as_knot","leistungsanforderung/Schallschutz","",""
"leistungsanforderung\Tragfaehigkeit.md","leistungsanforderung","Leistungsanforderung","Tragfaehigkeit","10366","11","Verknüpfungen | Kurzdefinition | Relevanz für Wiederverwendung im Bauwesen | Fachinhalt | Grundanforderung | Nachweiskette für tragende ReUse-Bauteile | Materialspezifische Aspekte | Bemessungs- und Sicherheitsprinzipien","7","12","0","external_urls;wikilinks;has_sources_section;numeric_or_metric_terms","move_as_knot","leistungsanforderung/Tragfaehigkeit","",""
"leistungsanforderung\Waermeschutz.md","leistungsanforderung","Leistungsanforderung","Waermeschutz","10080","11","Verknüpfungen | Kurzdefinition | Relevanz für Wiederverwendung im Bauwesen | Fachinhalt | Leistungsgrößen | ReUse-spezifische Bewertung | Materialien und Systeme | Entwurfsprinzipien","6","8","0","external_urls;wikilinks;has_sources_section;numeric_or_metric_terms","move_as_knot","leistungsanforderung/Waermeschutz","",""
"logistik.md","logistik.md","Type","Logistik","81","0","","0","0","0","","merge_into_index","logistik/index","","old_schema_file_not_content_node"
"logistik\index.md","logistik","Logistik","Logistik – Index","7712","6","Verknüpfungen | Kurzüberblick zur Kategorie | Zentrale Unterthemen | Wichtige Dateien dieser Kategorie | Querverbindungen zu anderen Kategorien | Offene Lücken / Ausbaufelder","0","0","0","numeric_or_metric_terms","merge_into_index","logistik/index","","index_content_may_contain_unique_gaps_or_cluster_lists"
"logistik\Lagerflaeche.md","logistik","Logistik","Lagerfläche","13993","12","Verknüpfungen | Kurzdefinition | Relevanz für Wiederverwendung im Bauwesen | Fachinhalt | Grundtypen von Lagerflächen | Flächenbestandteile | Flächenbemessung | Standortkriterien","8","5","0","external_urls;wikilinks;has_sources_section;platform_terms;numeric_or_metric_terms","move_as_knot","logistik/Lagerflaeche","",""
"logistik\Lagerung.md","logistik","Logistik","Lagerung","13034","11","Verknüpfungen | Kurzdefinition | Relevanz für Wiederverwendung im Bauwesen | Fachinhalt | Statuslogik der Lagerung | Material- und bauteilspezifische Lageranforderungen | Verpackung, Kennzeichnung und Inventar | Arbeitsschutz, Brandschutz und Haftung","6","21","0","external_urls;wikilinks;has_sources_section;platform_terms;numeric_or_metric_terms","move_as_knot","logistik/Lagerung","",""
"logistik\Materialmatching.md","logistik","Logistik","Materialmatching","12869","12","Verknüpfungen | Kurzdefinition | Relevanz für Wiederverwendung im Bauwesen | Fachinhalt | Matching-Dimensionen | Matching-Modelle | Datenfelder für Matching | Rolle digitaler Werkzeuge","9","5","0","external_urls;wikilinks;has_sources_section;platform_terms;numeric_or_metric_terms","move_as_knot","logistik/Materialmatching","",""
"logistik\Materialverfuegbarkeit.md","logistik","Logistik","Materialverfügbarkeit","12982","11","Verknüpfungen | Kurzdefinition | Relevanz für Wiederverwendung im Bauwesen | Fachinhalt | Verfügbarkeitsstufen | Verfügbarkeitsdimensionen | Verfügbarkeitsrisiken | Strategien zur Absicherung","11","5","0","external_urls;wikilinks;has_sources_section;platform_terms;numeric_or_metric_terms","move_as_knot","logistik/Materialverfuegbarkeit","",""
"logistik\ReUse_Centre.md","logistik","Logistik","ReUse Centre","12490","11","Verknüpfungen | Kurzdefinition | Relevanz für Wiederverwendung im Bauwesen | Fachinhalt | Kernfunktionen | Typologien | Geschäfts- und Betriebsmodelle | Qualitäts- und Vertrauensfunktion","13","6","0","external_urls;wikilinks;has_sources_section;platform_terms;numeric_or_metric_terms","move_as_knot","bauobjektklasse/Reuse_Centre","reuse_kettenstation/Reuse_Centre",""
"logistik\Transport.md","logistik","Logistik","Transport","12466","12","Verknüpfungen | Kurzdefinition | Relevanz für Wiederverwendung im Bauwesen | Fachinhalt | Transportketten | Transportvorbereitung | Material- und bauteilspezifische Hinweise | Ökobilanz und Transportentfernung","8","19","0","external_urls;wikilinks;has_sources_section;platform_terms;numeric_or_metric_terms","move_as_knot","logistik/Transport","",""
"logistik\Zwischenlagerung.md","logistik","Logistik","Zwischenlagerung","11320","13","Verknüpfungen | Kurzdefinition | Relevanz für Wiederverwendung im Bauwesen | Fachinhalt | Abgrenzung zu Lagerung und ReUse Centre | Typische Szenarien | Entscheidungslogik: Wann lohnt Zwischenlagerung? | Prozessschritte der Zwischenlagerung","7","11","0","external_urls;wikilinks;has_sources_section;platform_terms;numeric_or_metric_terms","move_as_knot","logistik/Zwischenlagerung","",""
"material.md","material.md","Type","Material","83","0","","0","0","0","","merge_into_index","material/index","","old_schema_file_not_content_node"
"material\Beton.md","material","Material","","15338","15","Verknüpfungen | Kurzdefinition | Relevanz für Wiederverwendung im Bauwesen | Fachinhalt | Typische Vorkommen im Bestand | Relevante Eigenschaften für Wiederverwendung | Demontagefähigkeit | Alterung und Schadensmechanismen","8","10","0","external_urls;wikilinks;has_sources_section;platform_terms;numeric_or_metric_terms","move_as_knot","material/Beton","",""
"material\Beton-Fertigteile_Verbindungen.md","material","Material","Verbindungen im Betonbau / Fertigteile","17837","4","Prompt 1 | Bericht 1 | Prompt 2 | Bericht 2","0","0","0","numeric_or_metric_terms","split_into_knots","fuegung_verbindung/Beton_Fertigteile_Verbindungen","material/Beton_Fertigteile","old_folder_name_hides_connection_entity"
"material\Brettschichtholz.md","material","Material","","12632","15","Verknüpfungen | Kurzdefinition | Relevanz für Wiederverwendung im Bauwesen | Fachinhalt | Typische Vorkommen im Bestand | Relevante Eigenschaften | Demontagefähigkeit | Alterung und Schadensbilder","6","6","0","external_urls;wikilinks;has_sources_section;platform_terms;numeric_or_metric_terms","move_as_knot","material/Brettschichtholz","",""
"material\Brettsperrholz.md","material","Material","","13053","15","Verknüpfungen | Kurzdefinition | Relevanz für Wiederverwendung im Bauwesen | Fachinhalt | Typische Vorkommen im Bestand | Relevante Eigenschaften | Demontagefähigkeit | Alterung und Schadensbilder","7","5","0","external_urls;wikilinks;has_sources_section;platform_terms;numeric_or_metric_terms","move_as_knot","material/Brettsperrholz","",""
"material\Composite_Verbindungen.md","material","Material","Verbindungen im Verbundbau","19334","4","Prompt 1 | Bericht 1 | Prompt 2 | Bericht 2","0","0","0","numeric_or_metric_terms","split_into_knots","fuegung_verbindung/Composite_Verbindungen","material/Composite","old_folder_name_hides_connection_entity"
"material\Glas.md","material","Material","Glas","16193","14","Verknüpfungen | Kurzdefinition | Relevanz für Wiederverwendung im Bauwesen | Fachinhalt | 1. ReUse-fähige Glasströme | 2. Entwurfs- und Rückbaukriterien | 3. Prüfung und Sortierung | 4. Beschädigungen und Wiederverwendungsgrenzen","9","13","12","external_urls;wikilinks;has_sources_section;certification_terms;platform_terms;numeric_or_metric_terms","move_as_knot","material/Glas","",""
"material\Holz.md","material","Material","","13945","15","Verknüpfungen | Kurzdefinition | Relevanz für Wiederverwendung im Bauwesen | Fachinhalt | Typische Vorkommen im Bestand | Relevante Eigenschaften | Demontagefähigkeit | Alterung","6","15","0","external_urls;wikilinks;has_sources_section;certification_terms;platform_terms;numeric_or_metric_terms","move_as_knot","material/Holz","",""
"material\Holz_Verbindungen.md","material","Material","Verbindungen im Holzbau","23708","4","Prompt 1 | Bericht 1 | Prompt 2 | Bericht 2","0","0","0","certification_terms;numeric_or_metric_terms","split_into_knots","fuegung_verbindung/Holz_Verbindungen","material/Holz","old_folder_name_hides_connection_entity"
"material\index.md","material","Material","Materialien – Index","6885","6","Verknüpfungen | Kurzüberblick zur Kategorie | Zentrale Unterthemen | Wichtige Dateien dieser Kategorie | Querverbindungen zu anderen Kategorien | Offene Lücken / Ausbaufelder","0","0","0","numeric_or_metric_terms","merge_into_index","material/index","","index_content_may_contain_unique_gaps_or_cluster_lists"
"material\Keramik.md","material","Material","Keramik","14376","13","Verknüpfungen | Kurzdefinition | Relevanz für Wiederverwendung im Bauwesen | Fachinhalt | 1. Keramische ReUse-Ströme | 2. Verbindung entscheidet über Wiederverwendung | 3. Prüfung und Sortierung | 4. Schadstoff- und Kontaminationsbezug","8","9","10","external_urls;wikilinks;has_sources_section;numeric_or_metric_terms","move_as_knot","material/Keramik","",""
"material\Lehm.md","material","Material","Lehm","14235","13","Verknüpfungen | Kurzdefinition | Relevanz für Wiederverwendung im Bauwesen | Fachinhalt | 1. Lehmströme im Bestand | 2. Wiederverwendungswege | 3. Prüfung und Qualitätssicherung | 4. Normen und Leistungsanforderungen","11","11","10","external_urls;wikilinks;has_sources_section;numeric_or_metric_terms","move_as_knot","material/Lehm","",""
"material\Recyclingbeton.md","material","Material","","14705","16","Verknüpfungen | Kurzdefinition | Relevanz für Wiederverwendung im Bauwesen | Fachinhalt | Abgrenzung zu Betonwiederverwendung | Typische Ausgangsmaterialien | Rezyklierte Gesteinskörnung | Materialeigenschaften","8","2","0","external_urls;wikilinks;has_sources_section;numeric_or_metric_terms","move_as_knot","material/Recyclingbeton","",""
"material\Sanitarkeramik.md","material","Material","Sanitärkeramik","14541","14","Verknüpfungen | Kurzdefinition | Relevanz für Wiederverwendung im Bauwesen | Fachinhalt | 1. Abgrenzung zu Keramik | 2. ReUse-fähige Sanitärkeramik | 3. Rückbau und Aufbereitung | 4. Prüfung und Entscheidungskriterien","7","5","14","external_urls;wikilinks;has_sources_section;numeric_or_metric_terms","move_as_knot","material/Sanitarkeramik","",""
"material\Sekundaerstahl.md","material","Material","","15512","15","Verknüpfungen | Kurzdefinition | Relevanz für Wiederverwendung im Bauwesen | Fachinhalt | Typische Vorkommen im Bestand | Materialtechnische Eigenschaften | Demontagefähigkeit | Marktperspektive","12","8","0","external_urls;wikilinks;has_sources_section;numeric_or_metric_terms","move_as_knot","material/Sekundaerstahl","",""
"material\Stahl.md","material","Material","","199","0","","0","3","0","wikilinks","move_as_knot","material/Stahl","",""
"material\Stahl_Verbindungen.md","material","Material","Verbindungen im Stahlbau","19622","4","Prompt 1 | Bericht 1 | Prompt 2 | Bericht 2","0","0","0","numeric_or_metric_terms","split_into_knots","fuegung_verbindung/Stahl_Verbindungen","material/Stahl","old_folder_name_hides_connection_entity"
"material\Stroh.md","material","Material","Stroh","13698","13","Verknüpfungen | Kurzdefinition | Relevanz für Wiederverwendung im Bauwesen | Fachinhalt | 1. Strohformen im Bau und ReUse-Potenzial | 2. Traditionelle und aktuelle Anwendung | 3. Rückbau und Wiederverwendungswege | 4. Prüfung und Qualitätssicherung","9","7","9","external_urls;wikilinks;has_sources_section;certification_terms;numeric_or_metric_terms","move_as_knot","material/Stroh","",""
"meta\Dataview_Abfragen.md","meta","","Dataview Abfragen","9038","9","Verknüpfungen | Zweck | Struktur / Regeln / Anwendung | Voraussetzungen | Konventionen für Queries | Standardabfragen | Anwendung | Empfehlungen für das Repo","3","0","0","external_urls;has_sources_section;numeric_or_metric_terms","keep_meta","meta/Dataview_Abfragen","",""
"meta\Entity_Schema.md","meta","","Entity Schema","11727","10","Verknüpfungen | Zweck | Struktur / Regeln / Anwendung | Granularität | Entitäten (jede entspricht einem Top-Level-Ordner unter `reuse/research/`) | Beziehungen | Pflichtfelder pro Inhaltsdatei | Abbildung auf SQL","0","0","32","proposes_new_entity;has_sources_section;platform_terms;numeric_or_metric_terms","keep_meta","meta/Entity_Schema","",""
"meta\index.md","meta","","index","12","0","","0","0","0","","keep_meta","meta/index","","index_content_may_contain_unique_gaps_or_cluster_lists"
"meta\Namenskonvention.md","meta","","Namenskonvention","9517","16","Verknüpfungen | Zweck | Struktur / Regeln / Anwendung | Grundprinzipien | Transkription Umlaute / ß | Ordnernamen (Entitäten) | Dateinamen (Instanzen) | Frontmatter-`slug`","4","0","16","external_urls;has_sources_section;numeric_or_metric_terms","keep_meta","meta/Namenskonvention","",""
"meta\Recherche_Workflow.md","meta","","Recherche Workflow","12763","14","Verknüpfungen | Zweck | Struktur / Regeln / Anwendung | Stufe 1 – Thema einordnen (vor jeder Recherche) | Stufe 2 – Datei anlegen | Stufe 3 – Tiefenrecherche (Deep Research) | Stufe 4 – Quellen sichern | Stufe 5 – Chunking (Inhalt strukturieren)","3","0","6","external_urls;has_sources_section;platform_terms;numeric_or_metric_terms","keep_meta","meta/Recherche_Workflow","",""
"methode.md","methode.md","Type","Methode","82","0","","0","0","0","","merge_into_index","methode/index","","old_schema_file_not_content_node"
"methode\Bauteilkatalogisierung.md","methode","Methode","","14987","13","Verknüpfungen | Kurzdefinition | Relevanz für Wiederverwendung im Bauwesen | Fachinhalt | Abgrenzung | Katalogisierungsprozess | Zentrale Datenfelder | Qualitäts- und Risikoklassen","12","7","0","source_conflict;external_urls;wikilinks;has_sources_section;certification_terms;platform_terms;numeric_or_metric_terms","move_as_knot","methode/Bauteilkatalogisierung","",""
"methode\Bestandserhalt.md","methode","Methode","","12467","23","Verknüpfungen | Definition | Relevanz für Wiederverwendung und Kreislaufwirtschaft | Abgrenzung | Typische Anwendungslogik | 1. Erhaltungsziel klären | 2. Bestand belastbar erfassen | 3. Qualitäten und Defizite unterscheiden","6","5","0","external_urls;wikilinks;has_sources_section;certification_terms;numeric_or_metric_terms","move_as_knot","reuse_strategie/Bestandserhalt","bewertungslogik_abgrenzung/Bestandserhalt_separat",""
"methode\Building_Material_Scouting.md","methode","Methode","","14161","13","Verknüpfungen | Kurzdefinition | Relevanz für Wiederverwendung im Bauwesen | Fachinhalt | Suchräume | Scouting-Prozess | Kriterien für die Vorbewertung | Typische Suchprofile nach Bauteilgruppen","12","0","0","external_urls;has_sources_section;certification_terms;platform_terms;numeric_or_metric_terms","move_as_knot","methode/Building_Material_Scouting","",""
"methode\Design_for_Disassembly.md","methode","Methode","","17293","13","Verknüpfungen | Kurzdefinition | Relevanz für Wiederverwendung im Bauwesen | Fachinhalt | Begriffliche Abgrenzung | Grundprinzipien | Kriterien nach Bauteilgruppen | Planungs- und Nachweislogik","9","15","0","external_urls;wikilinks;has_sources_section;certification_terms;numeric_or_metric_terms","move_as_knot","reuse_strategie/Design_for_Disassembly","methode/Design_for_Disassembly",""
"methode\Form_Follows_Availability.md","methode","Methode","","14352","13","Verknüpfungen | Kurzdefinition | Relevanz für Wiederverwendung im Bauwesen | Fachinhalt | Grundlogik | Was „Availability“ umfasst | Entwurfsprozess | Entwurfsstrategien","11","0","0","external_urls;has_sources_section;certification_terms;platform_terms;numeric_or_metric_terms","move_as_knot","methode/Form_Follows_Availability","",""
"methode\index.md","methode","Methode","Methoden – Index","7194","6","Verknüpfungen | Kurzüberblick zur Kategorie | Zentrale Unterthemen | Wichtige Dateien dieser Kategorie | Querverbindungen zu anderen Kategorien | Offene Lücken / Ausbaufelder","0","1","0","wikilinks;numeric_or_metric_terms","merge_into_index","methode/index","","index_content_may_contain_unique_gaps_or_cluster_lists"
"methode\Materialinventur.md","methode","Methode","","11472","20","Verknüpfungen | Definition | Zweck | Abgrenzung | Mindestinhalte einer Materialinventur | Typische Arbeitsschritte | 1. Ziel und Bilanzgrenzen festlegen | 2. Dokumente auswerten","6","5","18","external_urls;wikilinks;has_sources_section;numeric_or_metric_terms","move_as_knot","methode/Materialinventur","",""
"methode\Materialpass.md","methode","Methode","Materialpass","103315","32","Kurzdefinition | Warum relevant fuer Reuse | Wichtige Verbindungen | Evidenz / Beispiele | Offene Fragen | Kurzdefinition | Warum relevant fuer Reuse | Wichtige Verbindungen","7","13","0","component_inventory;external_urls;wikilinks;has_sources_section;certification_terms;platform_terms;numeric_or_metric_terms","semantic_move","dokumenttyp/Materialpass","datenmodell/Materialpass_Schema",""
"methode\ReUse_Assessment.md","methode","Methode","","10421","23","Verknüpfungen | Definition | Ziel | Bewertungsdimensionen | 1. Technische Eignung | 2. Schadstoffe und Materialgesundheit | 3. Demontierbarkeit | 4. Rechtliche Einsetzbarkeit","6","10","9","external_urls;wikilinks;has_sources_section;numeric_or_metric_terms","move_as_knot","methode/ReUse_Assessment","",""
"methode\Reversibilitaet.md","methode","Methode","","10689","25","Verknüpfungen | Definition | Abgrenzung | Relevanz | Grundprinzipien | 1. Schichten trennen | 2. Mechanische Verbindungen bevorzugen | 3. Zugänglichkeit sichern","6","11","10","external_urls;wikilinks;has_sources_section;numeric_or_metric_terms","move_as_knot","methode/Reversibilitaet","",""
"methode\Urban_Mining.md","methode","Methode","","11546","24","Verknüpfungen | Definition | Abgrenzung | Relevanz | Ziel | Urban-Mining-Prozess | 1. Prospektion: Wo liegen die Materialien? | 2. Exploration: Was ist enthalten?","7","19","0","external_urls;wikilinks;has_sources_section;certification_terms;platform_terms;numeric_or_metric_terms","move_as_knot","methode/Urban_Mining","",""
"methode\Zirkulaere_Ausschreibung.md","methode","Methode","","15594","14","Verknüpfungen | Kurzdefinition | Relevanz für Wiederverwendung im Bauwesen | Fachinhalt | Vergaberechtliche Grundlogik | Beschaffungslogiken | Leistungsbeschreibung | Nachweisanforderungen","12","0","0","external_urls;has_sources_section;certification_terms;numeric_or_metric_terms","move_as_knot","methode/Zirkulaere_Ausschreibung","",""
"nachhaltiges-bauen.md","nachhaltiges-bauen.md","Professur","Nachhaltiges Bauen","49","0","","0","0","0","","move_as_core","akteur/Nachhaltiges_Bauen","akteurtyp/Professur; programm_kontext/Lehre_Forschung","very_short_profile_needs_enrichment"
"norm.md","norm.md","Type","Norm","86","0","","0","0","0","","merge_into_index","norm/index","","old_schema_file_not_content_node"
"norm\Brandschutzanforderung.md","norm","Norm","Brandschutzanforderung","14858","16","Verknüpfungen | Kurzdefinition | Relevanz für Wiederverwendung im Bauwesen | Fachinhalt | Anforderungen sind keine Klassifikationen | Typische Brandschutzanforderungen an Bauteile | Nachweissystematik | Normative Grenzen und regionale Unterschiede","7","8","6","external_urls;wikilinks;has_sources_section;certification_terms;numeric_or_metric_terms","semantic_move","leistungsanforderung/Brandschutzanforderung","norm/linked_standard_if_named","requirement_misfiled_as_norm"
"norm\DIN_18940.md","norm","Norm","DIN 18940","11284","12","Verknüpfungen | Kurzdefinition | Relevanz für Wiederverwendung im Bauwesen | Fachinhalt | 1. Geltungsbereich und Relevanzgrenzen | 2. Kernaussagen für kreislauffähige Planung | 3. Verbindung zu ISO 20887 | 4. Bewertung wiedergewonnener Lehmsteine","4","4","10","external_urls;wikilinks;has_sources_section;numeric_or_metric_terms","move_as_knot","norm/DIN_18940","",""
"norm\DIN_EN_15804.md","norm","Norm","DIN EN 15804","10856","13","Verknüpfungen | Kurzdefinition | Relevanz für Wiederverwendung im Bauwesen | Fachinhalt | 1. Geltungsbereich | 2. Lebenszyklusmodule | 3. Deklarationseinheit und funktionale Einheit | 4. Abgrenzung zu DIN EN 15978","4","7","11","external_urls;wikilinks;has_sources_section;certification_terms;numeric_or_metric_terms","move_as_knot","norm/DIN_EN_15804","",""
"norm\DIN_EN_15978.md","norm","Norm","DIN EN 15978","11533","14","Verknüpfungen | Kurzdefinition | Relevanz für Wiederverwendung im Bauwesen | Fachinhalt | 1. Geltungsbereich | 2. Funktionales Äquivalent | 3. Lebenszyklusmodule im Gebäude | 4. Abgrenzung zu DIN EN 15804","6","7","14","external_urls;wikilinks;has_sources_section;certification_terms;numeric_or_metric_terms","move_as_knot","norm/DIN_EN_15978","",""
"norm\EN_15804.md","norm","Norm","EN 15804","19127","22","Verknüpfungen | Kurzdefinition | Relevanz für Wiederverwendung im Bauwesen | Fachinhalt | 1. Normcharakter und Geltungsbereich | 2. Verhältnis zu ISO 14040, ISO 14044 und ISO 14025 | 3. Abgrenzung zu DIN EN 15804 und DIN EN 15978 | 4. Lebenszyklusmodule","8","11","31","external_urls;wikilinks;has_sources_section;certification_terms;numeric_or_metric_terms","move_as_knot","norm/EN_15804","",""
"norm\EU_Taxonomie.md","norm","Norm","EU-Taxonomie","11457","13","Verknüpfungen | Kurzdefinition | Relevanz für Wiederverwendung im Bauwesen | Fachinhalt | 1. Grundlogik der Taxonomie | 2. Bau- und Immobilienaktivitäten | 3. Klimaschutz-Logik im Gebäudebereich | 4. Kreislaufwirtschafts-Logik im Environmental Delegated Act","7","5","0","component_inventory;external_urls;wikilinks;has_sources_section;certification_terms;numeric_or_metric_terms","move_as_knot","rechtliche_bedingung/EU_Taxonomie","datenmodell/Taxonomie",""
"norm\F90.md","norm","Norm","F90","12172","17","Verknüpfungen | Kurzdefinition | Relevanz für Wiederverwendung im Bauwesen | Fachinhalt | Bedeutung des Buchstabens F | F 90, F 90-A, F 90-B, F 90-AB | F 90 und „feuerbeständig“ | Verhältnis zu REI 90, R 90 und EI 90","6","8","0","external_urls;wikilinks;has_sources_section;numeric_or_metric_terms","semantic_move","leistungsanforderung/F90","norm/linked_standard_if_named","requirement_misfiled_as_norm"
"norm\Feuerwiderstand.md","norm","Norm","Feuerwiderstand","13348","15","Verknüpfungen | Kurzdefinition | Relevanz für Wiederverwendung im Bauwesen | Fachinhalt | Feuerwiderstand ist eine Bauteil- oder Bauartleistung | Klassifikationssysteme | Prüfprinzip | ReUse-Prüflogik","5","8","0","external_urls;wikilinks;has_sources_section;numeric_or_metric_terms","semantic_move","leistungsanforderung/Feuerwiderstand","norm/linked_standard_if_named","requirement_misfiled_as_norm"
"norm\index.md","norm","Norm","Standards und Normen – Index","7291","6","Verknüpfungen | Kurzüberblick zur Kategorie | Zentrale Unterthemen | Wichtige Dateien dieser Kategorie | Querverbindungen zu anderen Kategorien | Offene Lücken / Ausbaufelder","0","4","0","wikilinks;numeric_or_metric_terms","merge_into_index","norm/index","","index_content_may_contain_unique_gaps_or_cluster_lists"
"norm\ISO_14040.md","norm","Norm","ISO 14040","17562","20","Verknüpfungen | Kurzdefinition | Relevanz für Wiederverwendung im Bauwesen | Fachinhalt | 1. Normcharakter und Geltungsbereich | 2. Zentrale Grundsätze | 3. Die vier Phasen einer Ökobilanz | 4. Funktionale Einheit und Referenzfluss","5","9","19","external_urls;wikilinks;has_sources_section;certification_terms;numeric_or_metric_terms","move_as_knot","norm/ISO_14040","",""
"norm\ISO_14044.md","norm","Norm","ISO 14044","18082","22","Verknüpfungen | Kurzdefinition | Relevanz für Wiederverwendung im Bauwesen | Fachinhalt | 1. Verhältnis zu ISO 14040 | 2. Ziel und Untersuchungsrahmen | 3. Funktionale Einheit und technische Gleichwertigkeit | 4. Sachbilanz / Life Cycle Inventory","5","9","17","external_urls;wikilinks;has_sources_section;numeric_or_metric_terms","move_as_knot","norm/ISO_14044","",""
"norm\ISO_20887.md","norm","Norm","ISO 20887","11457","14","Verknüpfungen | Kurzdefinition | Relevanz für Wiederverwendung im Bauwesen | Fachinhalt | 1. Geltungsbereich | 2. Grundprinzip: Anpassungsfähigkeit | 3. Grundprinzip: Rückbaubarkeit | 4. Gebäudeschichten und Lebensdauern","5","6","15","external_urls;wikilinks;has_sources_section;numeric_or_metric_terms","move_as_knot","norm/ISO_20887","",""
"norm\R90.md","norm","Norm","R90","11432","16","Verknüpfungen | Kurzdefinition | Relevanz für Wiederverwendung im Bauwesen | Fachinhalt | Bedeutung von R im europäischen System | R 90 ist nicht REI 90 | Nationale Mehrdeutigkeit: R90 bei Rohrabschottungen | Nachweiswege für R 90 bei Tragwerken","4","8","7","external_urls;wikilinks;has_sources_section;numeric_or_metric_terms","semantic_move","leistungsanforderung/R90","norm/linked_standard_if_named","requirement_misfiled_as_norm"
"norm\REI90.md","norm","Norm","REI90","12494","16","Verknüpfungen | Kurzdefinition | Relevanz für Wiederverwendung im Bauwesen | Fachinhalt | R, E und I als kumulative Kriterien | Anwendungsbereich | Prüfung und Klassifizierung | REI 90 und F 90","6","8","0","external_urls;wikilinks;has_sources_section;numeric_or_metric_terms","semantic_move","leistungsanforderung/REI90","norm/linked_standard_if_named","requirement_misfiled_as_norm"
"norm\Wiederverwendungskriterien.md","norm","Norm","Wiederverwendungskriterien","17997","25","Verknüpfungen | Kurzdefinition | Relevanz für Wiederverwendung im Bauwesen | Fachinhalt | 1. Grundsatz: Wiederverwendung ist eine Eignungsentscheidung | 2. Entscheidungsebenen | 3. Technische Kriterien | 4. Schadstoff- und Gesundheitskriterien","12","9","24","external_urls;wikilinks;has_sources_section;platform_terms;numeric_or_metric_terms","move_as_knot","norm/Wiederverwendungskriterien","",""
"ort.md","ort.md","Type","Ort","72","0","","0","0","0","","merge_into_index","ort/index","","old_schema_file_not_content_node"
"ort\Barcelona.md","ort","Ort","Barcelona","13102","13","Verknüpfungen | Kurzdefinition | Relevanz für Wiederverwendung im Bauwesen | Fachinhalt | 1. Regulatorischer Rahmen Spanien | 2. Katalonischer Rahmen | 3. Barcelona als kommunaler Kontext | 4. Digitale Werkzeuge und Daten","13","2","0","component_inventory;external_urls;wikilinks;has_sources_section;certification_terms;numeric_or_metric_terms","move_as_knot","ort/Barcelona","",""
"ort\Basel.md","ort","Ort","Basel","10392","13","Verknüpfungen | Kurzdefinition | Relevanz für Wiederverwendung im Bauwesen | Fachinhalt | 1. Räumlicher Kontext | 2. Kantonale Klimastrategie und öffentliche Immobilien | 3. Smart City Lab Basel und regionale Kreisläufe | 4. Bauteilinventar und Rückbau","12","5","0","component_inventory;external_urls;wikilinks;has_sources_section;platform_terms;numeric_or_metric_terms","move_as_knot","ort/Basel","",""
"ort\Berlin.md","ort","Ort","Berlin","11350","13","Verknüpfungen | Kurzdefinition | Relevanz für Wiederverwendung im Bauwesen | Fachinhalt | 1. Politisch-administrativer Rahmen | 2. Bau- und Abbruchabfälle | 3. Öffentliche Bauherrschaft und Vergabe | 4. ReUse-Orte und Netzwerke","12","4","0","external_urls;wikilinks;has_sources_section;certification_terms;platform_terms;numeric_or_metric_terms","move_as_knot","ort/Berlin","",""
"ort\Berlin_Neukoelln.md","ort","Ort","Berlin Neukoelln","803","5","Kurzdefinition | Warum relevant fuer Reuse | Wichtige Verbindungen | Evidenz / Beispiele | Offene Fragen","0","2","0","wikilinks","move_as_knot","ort/Berlin_Neukoelln","",""
"ort\Bruessel.md","ort","Ort","Bruessel","760","5","Kurzdefinition | Warum relevant fuer Reuse | Wichtige Verbindungen | Evidenz / Beispiele | Offene Fragen","0","1","0","wikilinks","move_as_knot","ort/Bruessel","",""
"ort\Deutschland.md","ort","Ort","Deutschland","12708","14","Verknüpfungen | Kurzdefinition | Relevanz für Wiederverwendung im Bauwesen | Fachinhalt | 1. Regulatorischer Rahmen | 2. Gebäuderessourcenpass und Materialdokumentation | 3. DIN SPEC 91484 und Pre-Demolition-Audit | 4. Öffentliche Hand als Hebel","15","5","0","external_urls;wikilinks;has_sources_section;certification_terms;platform_terms;numeric_or_metric_terms","move_as_knot","ort/Deutschland","",""
"ort\Europa.md","ort","Ort","Europa","14805","14","Verknüpfungen | Kurzdefinition | Relevanz für Wiederverwendung im Bauwesen | Fachinhalt | 1. Politischer Rahmen | 2. Abfallrecht und Status gebrauchter Bauteile | 3. EU Construction and Demolition Waste Management Protocol | 4. Bauprodukte, CE-Kennzeichnung und Leistungsnachweis","15","11","0","external_urls;wikilinks;has_sources_section;certification_terms;platform_terms;numeric_or_metric_terms","move_as_knot","ort/Europa","",""
"ort\Evere.md","ort","Ort","Evere","754","5","Kurzdefinition | Warum relevant fuer Reuse | Wichtige Verbindungen | Evidenz / Beispiele | Offene Fragen","0","1","0","wikilinks","move_as_knot","ort/Evere","",""
"ort\index.md","ort","Ort","Index","183","4","Zweck | Enthaltene Entitaeten | Wichtigste Cluster | Fehlende Entitaeten","0","1","0","wikilinks","merge_into_index","ort/index","","index_content_may_contain_unique_gaps_or_cluster_lists"
"ort\Kindl_Areal_Standort.md","ort","Ort","Kindl Areal Standort","730","5","Kurzdefinition | Warum relevant fuer Reuse | Wichtige Verbindungen | Evidenz / Beispiele | Offene Fragen","0","0","0","","move_as_knot","ort/Kindl_Areal_Standort","",""
"ort\Mueggelsee.md","ort","Ort","Mueggelsee","710","5","Kurzdefinition | Warum relevant fuer Reuse | Wichtige Verbindungen | Evidenz / Beispiele | Offene Fragen","0","0","0","","move_as_knot","ort/Mueggelsee","",""
"ort\Scwheiz.md","ort","Ort","Schweiz","11288","12","Verknüpfungen | Kurzdefinition | Relevanz für Wiederverwendung im Bauwesen | Fachinhalt | 1. Rechtlicher und normativer Rahmen | 2. Labels und Instrumente | 3. Prozesslogik der Bauteilwiederverwendung | 4. Geeignete Bauteilgruppen","14","3","0","component_inventory;external_urls;wikilinks;has_sources_section;platform_terms;numeric_or_metric_terms","move_as_knot","ort/Schweiz","","typo_source_path_Scwheiz_should_be_Schweiz"
"ort\Walkeweg.md","ort","Ort","Walkeweg","746","5","Kurzdefinition | Warum relevant fuer Reuse | Wichtige Verbindungen | Evidenz / Beispiele | Offene Fragen","0","1","0","wikilinks","move_as_knot","ort/Walkeweg","",""
"person.md","person.md","Type","Person","32","0","","0","0","0","","merge_into_index","akteur/index","akteurtyp/Person","old_schema_file_not_content_node"
"person\1wiederverwendung_interviewkontakte_geprueft_erweitert.md","person","","Wiederverwendung - Interviewkontakte","22660","0","","182","0","39","external_urls;platform_terms;numeric_or_metric_terms","archive_as_source","quelle/1wiederverwendung_interviewkontakte_geprueft_erweitert","","contains_many_people_do_not_import_as_one_person"
"person\A_reuse_priority_A_contacts2.md","person","","","26817","0","","162","0","0","external_urls;platform_terms;numeric_or_metric_terms","archive_as_source","quelle/A_reuse_priority_A_contacts2","","contains_many_people_do_not_import_as_one_person"
"person\B_Wiederverwendung_Interview_Prioritaet.md","person","","B — Wiederverwendung / Interview-Priorität","13667","0","","84","0","0","external_urls;certification_terms;numeric_or_metric_terms","archive_as_source","quelle/B_Wiederverwendung_Interview_Prioritaet","","contains_many_people_do_not_import_as_one_person"
"person\C_Wiederverwendung_Interview_Prioritaet.md","person","","C — Wiederverwendung / Interview-Priorität","20050","0","","139","0","0","external_urls;platform_terms;numeric_or_metric_terms","archive_as_source","quelle/C_Wiederverwendung_Interview_Prioritaet","","contains_many_people_do_not_import_as_one_person"
"person\cirkla_akteure_hohe_mittlere_relevanz.md","person","","Wiederverwendung – zusätzliche Cirkla-Akteure mit hoher und mittlerer Relevanz","9855","2","Hohe Relevanz | Mittlere Relevanz","74","0","27","external_urls;numeric_or_metric_terms","archive_as_source","quelle/cirkla_akteure_hohe_mittlere_relevanz","","contains_many_people_do_not_import_as_one_person"
"person\desiree_mann.md","person","","Désirée / Desiree Mann — relevance to reuse","3662","6","Reuse relevance at a glance | Why her work matters for reuse | Link to reuse practice | Best way to describe her in a reuse-focused project | Public-information limitation | Sources","5","0","0","external_urls;has_sources_section;platform_terms;numeric_or_metric_terms","move_as_core","akteur/desiree_mann","akteurtyp/Person",""
"person\ellen_macarthur.md","person","","Dame Ellen MacArthur — relevance to reuse","3647","6","Reuse relevance at a glance | Why her work matters for reuse | Link to construction reuse | Best way to describe her in a reuse-focused project | Important distinction | Sources","5","0","0","external_urls;has_sources_section;numeric_or_metric_terms","move_as_core","akteur/ellen_macarthur","akteurtyp/Person",""
"person\fred_mudge.md","person","","Fred Mudge — relevance to reuse","3096","5","Reuse relevance at a glance | Why his work matters for reuse | Link to ReCreate | Best way to describe him in a reuse-focused project | Sources","4","0","0","external_urls;has_sources_section;numeric_or_metric_terms","move_as_core","akteur/fred_mudge","akteurtyp/Person",""
"person\full updated 2 wiederverwendung_akteursliste_sterne_einliste.md","person","","Wiederverwendung — geprüfte Akteursliste mit Sterne-Priorität","52371","1","Entfernt aus dieser Version","330","0","131","external_urls;platform_terms;numeric_or_metric_terms","archive_as_source","quelle/full_updated_2_wiederverwendung_akteursliste_sterne_einliste","","contains_many_people_do_not_import_as_one_person"
"person\full updated 3 wiederverwendung_akteursliste_sterne_einliste.md","person","","Wiederverwendung — Akteursliste sauber sortiert","48179","5","Gebaute Reuse-Projekte: Struktur / Hülle / Designâ†’Build | Tragwerk / Energie / CO₂ / Nachweis | Bauteilernte / Rückbau / Beschaffung / Markt | Kleiner Maßstab / Fit-out / Pavillon / nicht tragend | Konzept / Future-Reuse / System / Forschung","316","0","126","external_urls;platform_terms;numeric_or_metric_terms","archive_as_source","quelle/full_updated_3_wiederverwendung_akteursliste_sterne_einliste","","contains_many_people_do_not_import_as_one_person"
"person\full updated 4 v2 wiederverwendung_akteursliste_sterne_einliste.md","person","","Wiederverwendung — Akteure nach Rolle","49661","5","Designer:innen / bauende Praxis | Technik / Forschung / Nachweis | Bauteilbörse / Bauteilernte / Markt | Organisation / Bildung / Wissenstransfer | Konzept / Future-Reuse / System","320","0","125","external_urls;platform_terms;numeric_or_metric_terms","archive_as_source","quelle/full_updated_4_v2_wiederverwendung_akteursliste_sterne_einliste","","contains_many_people_do_not_import_as_one_person"
"person\full updated 4 wiederverwendung_akteursliste_sterne_einliste.md","person","","Wiederverwendung — Akteursliste sauber sortiert","49352","5","Gebaute Reuse-Projekte: Struktur / Hülle / Designâ†’Build | Tragwerk / Energie / CO₂ / Nachweis | Bauteilernte / Rückbau / Beschaffung / Markt | Kleiner Maßstab / Fit-out / Pavillon / nicht tragend | Konzept / Future-Reuse / System / Forschung","320","0","125","external_urls;platform_terms;numeric_or_metric_terms","archive_as_source","quelle/full_updated_4_wiederverwendung_akteursliste_sterne_einliste","","contains_many_people_do_not_import_as_one_person"
"person\full updated wiederverwendung_akteursliste_sterne_einliste.md","person","","Wiederverwendung — Akteursliste als eine Prioritätsliste","37911","0","","255","0","143","external_urls;platform_terms;numeric_or_metric_terms","archive_as_source","quelle/full_updated_wiederverwendung_akteursliste_sterne_einliste","","contains_many_people_do_not_import_as_one_person"
"person\gj_bart_van_den_brink.md","person","","G.J. / Bart van den Brink — relevance to reuse","3461","6","Reuse relevance at a glance | Why his work matters for reuse | Link to ReCreate and related reuse research | Best way to describe him in a reuse-focused project | Public-information limitation | Sources","4","0","0","external_urls;has_sources_section;numeric_or_metric_terms","move_as_core","akteur/gj_bart_van_den_brink","akteurtyp/Person",""
"person\interviewkontakte_entwerfen_mit_bestand.md","person","","Wiederverwendung - Interviewkontakte geprüft/erweitert","18809","0","","156","0","38","external_urls;platform_terms;numeric_or_metric_terms","archive_as_source","quelle/interviewkontakte_entwerfen_mit_bestand","","contains_many_people_do_not_import_as_one_person"
"person\last wiederverwendung_interview_links_aktualisiert.md","person","","Wiederverwendung - Interviewkontakte","17382","0","","146","0","39","external_urls;platform_terms;numeric_or_metric_terms","archive_as_source","quelle/last_wiederverwendung_interview_links_aktualisiert","","contains_many_people_do_not_import_as_one_person"
"person\lets wiederverwendung_must_interview_tragende_bauteile.md","person","","","5781","0","","51","0","25","external_urls","archive_as_source","quelle/lets_wiederverwendung_must_interview_tragende_bauteile","","contains_many_people_do_not_import_as_one_person"
"person\patrick_teuffel.md","person","","Patrick Teuffel — relevance to reuse","3122","5","Reuse relevance at a glance | Why his work matters for reuse | Link to ReCreate | Best way to describe him in a reuse-focused project | Sources","5","0","0","external_urls;has_sources_section;numeric_or_metric_terms","move_as_core","akteur/patrick_teuffel","akteurtyp/Person",""
"person\README.md","person","","Wienerberger PDF — Extracted Names","593","2","Files | Note","0","0","0","numeric_or_metric_terms","archive_as_source","quelle/README","","contains_many_people_do_not_import_as_one_person"
"person\wiederverwendung_must_interview_prioritaet.md","person","","","6657","0","","56","0","27","external_urls","archive_as_source","quelle/wiederverwendung_must_interview_prioritaet","","contains_many_people_do_not_import_as_one_person"
"person\wiederverwendung_must_interview_prioritaet_direkt_reuse.md","person","","","9882","0","","83","0","40","external_urls;platform_terms","archive_as_source","quelle/wiederverwendung_must_interview_prioritaet_direkt_reuse","","contains_many_people_do_not_import_as_one_person"
"person\wiederverwendung_must_interview_prioritaet_erweitert.md","person","","","10312","0","","87","0","42","external_urls;platform_terms","archive_as_source","quelle/wiederverwendung_must_interview_prioritaet_erweitert","","contains_many_people_do_not_import_as_one_person"
"person\wiederverwendung_prioritaet_kompakt.md","person","","","42722","0","","301","0","0","external_urls;platform_terms;numeric_or_metric_terms","archive_as_source","quelle/wiederverwendung_prioritaet_kompakt","","contains_many_people_do_not_import_as_one_person"
"person\wiederverwendung_structural_elements_filtered.md","person","","Filtered actors — Wiederverwendung mit tragenden / strukturellen Bauteilen","5377","1","Removed from the strict list","0","0","22","platform_terms;numeric_or_metric_terms","archive_as_source","quelle/wiederverwendung_structural_elements_filtered","","contains_many_people_do_not_import_as_one_person"
"professur.md","professur.md","Type","Professur","62","0","","0","0","0","","merge_into_index","akteurtyp/Professur","programm_kontext/Lehre_Forschung","old_type_stub_only"
"projekt.md","projekt.md","Type","Projekt","84","0","","0","0","0","","merge_into_index","projekt_and_bauaufgabe_intervention/index","bauaufgabe_intervention/index","old_schema_file_not_content_node"
"projekt\Aufstockung.md","projekt","Projekt","","15055","12","Verknüpfungen | Kurzdefinition | Relevanz für Wiederverwendung im Bauwesen | Fachinhalt | Typische Zielsetzungen | Akteurskonstellation | Prozesslogik | Relevante Methoden","11","2","0","source_conflict;external_urls;wikilinks;has_sources_section;certification_terms;numeric_or_metric_terms","semantic_move","bauaufgabe_intervention/Aufstockung","",""
"projekt\index.md","projekt","Projekt","","34","0","","0","0","0","","merge_into_index","bauaufgabe_intervention/index","","index_content_may_contain_unique_gaps_or_cluster_lists"
"projekt\Pilotprojekt.md","projekt","Projekt","","15088","13","Verknüpfungen | Kurzdefinition | Relevanz für Wiederverwendung im Bauwesen | Fachinhalt | Typische Zielsetzungen | Typen von Pilotprojekten | Akteurskonstellation | Prozesslogik","14","0","0","external_urls;has_sources_section;certification_terms;numeric_or_metric_terms","semantic_move","kontextmerkmal/Pilotprojekt","",""
"projekt\Temporarer_Wiedereinbau.md","projekt","Projekt","","13167","12","Verknüpfungen | Kurzdefinition | Relevanz für Wiederverwendung im Bauwesen | Fachinhalt | Typische Zielsetzungen | Typische Anwendungsfälle | Prozesslogik | Relevante Methoden","12","1","0","external_urls;wikilinks;has_sources_section;numeric_or_metric_terms","semantic_move","reuse_einsatzstatus/Temporaer","reuse_strategie/Temporaerer_Wiedereinbau",""
"projekt\Umbau.md","projekt","Projekt","","13082","12","Verknüpfungen | Kurzdefinition | Relevanz für Wiederverwendung im Bauwesen | Fachinhalt | Typische Zielsetzungen | Prozesslogik | Akteurskonstellation | Relevante Methoden","13","0","0","external_urls;has_sources_section;certification_terms;numeric_or_metric_terms","semantic_move","bauaufgabe_intervention/Umbau","",""
"projekt\Umnutzung.md","projekt","Projekt","","14331","13","Verknüpfungen | Kurzdefinition | Relevanz für Wiederverwendung im Bauwesen | Fachinhalt | Typische Zielsetzungen | Typologie- und Passungsprüfung | Prozesslogik | Akteurskonstellation","14","0","0","external_urls;has_sources_section;certification_terms;numeric_or_metric_terms","semantic_move","bauaufgabe_intervention/Umnutzung","",""
"prompts.md","prompts.md","","Prompts","2172","0","","0","0","0","","archive_as_source","meta_or_90_import_rohdaten/prompts","",""
"prozessphase.md","prozessphase.md","Type","Prozessphase","89","0","","0","0","0","","merge_into_index","prozessphase/index","","old_schema_file_not_content_node"
"prozessphase\Aufbereitung.md","prozessphase","Prozessphase","","14777","15","Verknüpfungen | Kurzdefinition | Relevanz für Wiederverwendung im Bauwesen | Fachinhalt | Ziele der Phase | Inputs | Outputs | Typische Akteure","11","7","0","external_urls;wikilinks;has_sources_section;platform_terms;donor_receiver_terms;numeric_or_metric_terms","move_as_knot","prozessphase/Aufbereitung","",""
"prozessphase\Ausschreibung.md","prozessphase","Prozessphase","","16061","16","Verknüpfungen | Kurzdefinition | Relevanz für Wiederverwendung im Bauwesen | Fachinhalt | Ziele der Phase | Inputs | Outputs | Typische Akteure","11","8","0","external_urls;wikilinks;has_sources_section;platform_terms;numeric_or_metric_terms","move_as_knot","prozessphase/Ausschreibung","",""
"prozessphase\Bestandserfassung.md","prozessphase","Prozessphase","","15003","14","Verknüpfungen | Kurzdefinition | Relevanz für Wiederverwendung im Bauwesen | Fachinhalt | Ziele der Phase | Inputs | Outputs | Typische Akteure","11","7","0","external_urls;wikilinks;has_sources_section;platform_terms;numeric_or_metric_terms","move_as_knot","prozessphase/Bestandserfassung","",""
"prozessphase\Betrieb_und_Rueckbauplanung.md","prozessphase","Prozessphase","","13396","15","Verknüpfungen | Kurzdefinition | Relevanz für Wiederverwendung im Bauwesen | Fachinhalt | Ziele der Phase | Inputs | Outputs | Typische Akteure","11","6","0","external_urls;wikilinks;has_sources_section;certification_terms;platform_terms;numeric_or_metric_terms","move_as_knot","prozessphase/Betrieb_und_Rueckbauplanung","",""
"prozessphase\Entwurf.md","prozessphase","Prozessphase","","14607","14","Verknüpfungen | Kurzdefinition | Relevanz für Wiederverwendung im Bauwesen | Fachinhalt | Ziele der Phase | Inputs | Outputs | Typische Akteure","11","8","0","external_urls;wikilinks;has_sources_section;platform_terms;numeric_or_metric_terms","move_as_knot","prozessphase/Entwurf","",""
"prozessphase\index.md","prozessphase","Prozessphase","Prozessphasen – Index","6535","6","Verknüpfungen | Kurzüberblick zur Kategorie | Zentrale Unterthemen | Wichtige Dateien dieser Kategorie | Querverbindungen zu anderen Kategorien | Offene Lücken / Ausbaufelder","0","0","0","numeric_or_metric_terms","merge_into_index","prozessphase/index","","index_content_may_contain_unique_gaps_or_cluster_lists"
"prozessphase\Lagerung.md","prozessphase","Prozessphase","","13251","16","Verknüpfungen | Kurzdefinition | Relevanz für Wiederverwendung im Bauwesen | Fachinhalt | Ziele der Phase | Inputs | Outputs | Typische Akteure","11","5","0","external_urls;wikilinks;has_sources_section;platform_terms;numeric_or_metric_terms","move_as_knot","prozessphase/Lagerung","",""
"prozessphase\Rueckbau.md","prozessphase","Prozessphase","","13935","15","Verknüpfungen | Kurzdefinition | Relevanz für Wiederverwendung im Bauwesen | Fachinhalt | Ziele der Phase | Inputs | Outputs | Typische Akteure","11","10","0","external_urls;wikilinks;has_sources_section;platform_terms;numeric_or_metric_terms","move_as_knot","prozessphase/Rueckbau","",""
"prozessphase\Transport.md","prozessphase","Prozessphase","","12836","16","Verknüpfungen | Kurzdefinition | Relevanz für Wiederverwendung im Bauwesen | Fachinhalt | Ziele der Phase | Inputs | Outputs | Typische Akteure","11","5","0","external_urls;wikilinks;has_sources_section;platform_terms;numeric_or_metric_terms","move_as_knot","prozessphase/Transport","",""
"prozessphase\Wiedereinbau.md","prozessphase","Prozessphase","","13653","15","Verknüpfungen | Kurzdefinition | Relevanz für Wiederverwendung im Bauwesen | Fachinhalt | Ziele der Phase | Inputs | Outputs | Typische Akteure","11","8","0","external_urls;wikilinks;has_sources_section;platform_terms;numeric_or_metric_terms","move_as_knot","prozessphase/Wiedereinbau","",""
"pruefung\Abbrandbemessung.md","pruefung","Prüfung","","18713","18","Verknüpfungen | Kurzdefinition | Relevanz für Wiederverwendung im Bauwesen | Fachinhalt | Abgrenzung zum Brandnachweis | Grundprinzip | Spezifische Eingangsgrößen bei wiederverwendetem Holz | Bemessungslogik","4","8","0","external_urls;wikilinks;has_sources_section;numeric_or_metric_terms","move_as_knot","pruefung_nachweis/Abbrandbemessung","",""
"pruefung\Brandnachweis.md","pruefung","Prüfung","","19137","18","Verknüpfungen | Kurzdefinition | Relevanz für Wiederverwendung im Bauwesen | Fachinhalt | Schutzziele und Nachweisebene | Brandverhalten und Feuerwiderstand | Nachweisarten | Prüffragen für wiederverwendete Bauteile","4","15","0","external_urls;wikilinks;has_sources_section;numeric_or_metric_terms","move_as_knot","pruefung_nachweis/Brandnachweis","",""
"pruefung\Eignungspruefung_Baulehm.md","pruefung","Prüfung","","17035","17","Verknüpfungen | Kurzdefinition | Relevanz für Wiederverwendung im Bauwesen | Fachinhalt | Normenlage | Materialqualität | Prüfmethoden | Einsatzgrenzen","4","6","0","external_urls;wikilinks;has_sources_section;numeric_or_metric_terms","move_as_knot","pruefung_nachweis/Eignungspruefung_Baulehm","",""
"pruefung\Geometrische_Vermessung.md","pruefung","Prüfung","","13521","13","Verknüpfungen | Kurzdefinition | Relevanz für Wiederverwendung im Bauwesen | Fachinhalt | Ziel | Typischer Ablauf | Typische Methoden | Aussagekraft","5","1","0","external_urls;wikilinks;has_sources_section;certification_terms;numeric_or_metric_terms","move_as_knot","pruefung_nachweis/Geometrische_Vermessung","",""
"pruefung\index.md","pruefung","Prüfung","Prüfungen – Index","8735","6","Verknüpfungen | Kurzüberblick zur Kategorie | Zentrale Unterthemen | Wichtige Dateien dieser Kategorie | Querverbindungen zu anderen Kategorien | Offene Lücken / Ausbaufelder","0","0","0","numeric_or_metric_terms","merge_into_index","pruefung_nachweis/index","","index_content_may_contain_unique_gaps_or_cluster_lists"
"pruefung\Materialpruefung.md","pruefung","Prüfung","","16038","13","Verknüpfungen | Kurzdefinition | Relevanz für Wiederverwendung im Bauwesen | Fachinhalt | Ziel | Typischer Ablauf | Typische Methoden nach Material | Aussagekraft","4","6","0","external_urls;wikilinks;has_sources_section;numeric_or_metric_terms","move_as_knot","pruefung_nachweis/Materialpruefung","",""
"pruefung\Schadstoffscreening.md","pruefung","Prüfung","","16088","13","Verknüpfungen | Kurzdefinition | Relevanz für Wiederverwendung im Bauwesen | Fachinhalt | Ziel | Typischer Ablauf | Häufige Schadstoffgruppen | Aussagekraft","9","6","0","external_urls;wikilinks;has_sources_section;certification_terms;numeric_or_metric_terms","move_as_knot","pruefung_nachweis/Schadstoffscreening","",""
"pruefung\Schweissbarkeitspruefung.md","pruefung","Prüfung","","16971","19","Verknüpfungen | Kurzdefinition | Relevanz für Wiederverwendung im Bauwesen | Fachinhalt | Prüfziel | Materialidentifikation | Chemische Analyse und Kohlenstoffäquivalent | Mechanische und metallurgische Prüfungen","2","7","0","external_urls;wikilinks;has_sources_section;numeric_or_metric_terms","move_as_knot","pruefung_nachweis/Schweissbarkeitspruefung","",""
"pruefung\Sichtpruefung.md","pruefung","Prüfung","","13120","14","Verknüpfungen | Kurzdefinition | Relevanz für Wiederverwendung im Bauwesen | Fachinhalt | Ziel | Typischer Ablauf | Typische Werkzeuge | Typische sichtbare Befunde","5","6","0","component_inventory;external_urls;wikilinks;has_sources_section;certification_terms;numeric_or_metric_terms","move_as_knot","pruefung_nachweis/Sichtpruefung","",""
"pruefung\Statische_Nachweisfuehrung.md","pruefung","Prüfung","","17509","18","Verknüpfungen | Kurzdefinition | Relevanz für Wiederverwendung im Bauwesen | Fachinhalt | Nachweisebenen | Grundnormen und Bewertungsrahmen | Beweiskette für Wiederverwendung | Materialbezogene Besonderheiten","5","13","0","external_urls;wikilinks;has_sources_section;numeric_or_metric_terms","move_as_knot","pruefung_nachweis/Statische_Nachweisfuehrung","",""
"pruefung\Zugversuch.md","pruefung","Prüfung","","16237","19","Verknüpfungen | Kurzdefinition | Relevanz für Wiederverwendung im Bauwesen | Fachinhalt | Normative Grundlage | Prüfgrößen | Probenentnahme bei Sekundärstahl | Stichproben und Statistik","3","4","0","external_urls;wikilinks;has_sources_section;numeric_or_metric_terms","move_as_knot","pruefung_nachweis/Zugversuch","",""
"pruefung\Zustandsbewertung.md","pruefung","Prüfung","","14864","13","Verknüpfungen | Kurzdefinition | Relevanz für Wiederverwendung im Bauwesen | Fachinhalt | Ziel | Typischer Ablauf | Bewertungsdimensionen | Aussagekraft","7","7","0","external_urls;wikilinks;has_sources_section;certification_terms;numeric_or_metric_terms","move_as_knot","pruefung_nachweis/Zustandsbewertung","",""
"prüfung.md","prüfung.md","Type","Prüfung","88","0","","0","0","0","","merge_into_index","pruefung_nachweis/index","","old_schema_file_not_content_node"
"recht.md","recht.md","Type","Recht","73","0","","0","0","0","","merge_into_index","rechtliche_bedingung/index","","old_schema_file_not_content_node"
"recht\Bauordnungsrecht.md","recht","Recht","","20736","15","Verknüpfungen | Kurzdefinition | Relevanz für Wiederverwendung im Bauwesen | Fachinhalt | 1. Grundlogik des Bauordnungsrechts | 2. Bauprodukt, Bausatz, Bauart | 3. Technische Baubestimmungen und MVV TB | 4. CE-Kennzeichnung, Ü-Zeichen und nationale Nachweise","9","14","0","external_urls;wikilinks;has_sources_section;numeric_or_metric_terms","move_as_knot","rechtliche_bedingung/Bauordnungsrecht","",""
"recht\Gewaehrleistung.md","recht","Recht","","17347","15","Verknüpfungen | Kurzdefinition | Relevanz für Wiederverwendung im Bauwesen | Fachinhalt | 1. Gewährleistung nach BGB bei Bauleistungen | 2. Gewährleistung nach VOB/B | 3. Kaufrechtliche Gewährleistung für gebrauchte Bauteile | 4. Beschaffenheitsvereinbarung als zentrales Reuse-Instrument","8","7","0","external_urls;wikilinks;has_sources_section;numeric_or_metric_terms","move_as_knot","rechtliche_bedingung/Gewaehrleistung","",""
"recht\index.md","recht","Recht","Recht – Index","6511","6","Verknüpfungen | Kurzüberblick zur Kategorie | Zentrale Unterthemen | Wichtige Dateien dieser Kategorie | Querverbindungen zu anderen Kategorien | Offene Lücken / Ausbaufelder","0","0","0","numeric_or_metric_terms","merge_into_index","rechtliche_bedingung/index","","index_content_may_contain_unique_gaps_or_cluster_lists"
"recht\Produkthaftung.md","recht","Recht","","16925","14","Verknüpfungen | Kurzdefinition | Relevanz für Wiederverwendung im Bauwesen | Fachinhalt | 1. Grundstruktur des deutschen Produkthaftungsrechts | 2. Wer ist Hersteller? | 3. Fehlerarten bei wiederverwendeten Bauprodukten | 4. Wiederverwendung, Aufbereitung und „wesentliche Veränderung“","9","7","0","external_urls;wikilinks;has_sources_section;platform_terms;numeric_or_metric_terms","move_as_knot","rechtliche_bedingung/Produkthaftung","",""
"recht\Vergaberecht.md","recht","Recht","","17429","16","Verknüpfungen | Kurzdefinition | Relevanz für Wiederverwendung im Bauwesen | Fachinhalt | 1. Grundprinzipien | 2. Reuse in der Leistungsbeschreibung | 3. Zulässige Kriterien | 4. Lebenszykluskosten und Wirtschaftlichkeit","11","9","0","component_inventory;external_urls;wikilinks;has_sources_section;certification_terms;numeric_or_metric_terms","move_as_knot","rechtliche_bedingung/Vergaberecht","",""
"recht\Zulassung_im_Einzelfall.md","recht","Recht","","17061","15","Verknüpfungen | Kurzdefinition | Relevanz für Wiederverwendung im Bauwesen | Fachinhalt | 1. Systematik: allgemeiner Nachweis vor Einzelfallnachweis | 2. ZiE für Bauprodukte | 3. vBG für Bauarten | 4. Zuständigkeit und Landesunterschiede","11","5","0","external_urls;wikilinks;has_sources_section;numeric_or_metric_terms","move_as_knot","rechtliche_bedingung/Zulassung_im_Einzelfall","",""
"reuse_strategie\Adaptives_ReUse.md","reuse_strategie","Reuse-Strategie","Adaptives ReUse","14564","14","Verknüpfungen | Kurzdefinition | Relevanz für Wiederverwendung im Bauwesen | Fachinhalt | Typische Einsatzsituationen | Voraussetzungen | Entwurfsprinzipien | Bewertungskriterien","7","0","0","external_urls;has_sources_section;numeric_or_metric_terms","move_as_knot","reuse_strategie/Adaptives_ReUse","",""
"reuse_strategie\Design_for_Disassembly.md","reuse_strategie","Reuse-Strategie","Design for Disassembly","15597","14","Verknüpfungen | Kurzdefinition | Relevanz für Wiederverwendung im Bauwesen | Fachinhalt | Grundprinzipien | Anforderungen nach Gebäudeschicht | Kriterien für DfD-taugliche Planung | Strategische Entscheidungen","10","8","0","external_urls;wikilinks;has_sources_section;certification_terms;platform_terms;numeric_or_metric_terms","move_as_knot","reuse_strategie/Design_for_Disassembly","",""
"reuse_strategie\Direkte_Wiederverwendung.md","reuse_strategie","Reuse-Strategie","Direkte Wiederverwendung","16622","13","Verknüpfungen | Kurzdefinition | Relevanz für Wiederverwendung im Bauwesen | Fachinhalt | Typische Einsatzsituationen | Voraussetzungen | Belastbare Kriterien für Eignung | Vorteile","12","9","0","component_inventory;external_urls;wikilinks;has_sources_section;platform_terms;donor_receiver_terms;numeric_or_metric_terms","move_as_knot","reuse_strategie/Direkte_Wiederverwendung","",""
"reuse_strategie\index.md","reuse_strategie","Reuse-Strategie","Reuse-Strategien – Index","5995","6","Verknüpfungen | Kurzüberblick zur Kategorie | Zentrale Unterthemen | Wichtige Dateien dieser Kategorie | Querverbindungen zu anderen Kategorien | Offene Lücken / Ausbaufelder","0","3","0","wikilinks;numeric_or_metric_terms","merge_into_index","reuse_strategie/index","","index_content_may_contain_unique_gaps_or_cluster_lists"
"reuse_strategie\Refurbishment.md","reuse_strategie","Reuse-Strategie","Refurbishment","15062","13","Verknüpfungen | Kurzdefinition | Relevanz für Wiederverwendung im Bauwesen | Fachinhalt | Typische Einsatzsituationen | Voraussetzungen | Typische Maßnahmen nach Bauteilgruppe | Vorteile","9","9","0","external_urls;wikilinks;has_sources_section;certification_terms;platform_terms;numeric_or_metric_terms","move_as_knot","reuse_strategie/Refurbishment","",""
"reuse_strategie\Umnutzung.md","reuse_strategie","Reuse-Strategie","Umnutzung","14386","13","Verknüpfungen | Kurzdefinition | Relevanz für Wiederverwendung im Bauwesen | Fachinhalt | Typische Einsatzsituationen | Voraussetzungen | Belastbare Kriterien zur Bewertung | Vorteile","6","4","0","external_urls;wikilinks;has_sources_section;certification_terms;numeric_or_metric_terms","move_as_knot","reuse_strategie/Umnutzung","",""
"reuse_strategie\Weiterbauen_im_Bestand.md","reuse_strategie","Reuse-Strategie","Weiterbauen im Bestand","14269","14","Verknüpfungen | Kurzdefinition | Relevanz für Wiederverwendung im Bauwesen | Fachinhalt | Typische Einsatzsituationen | Voraussetzungen | Entwurfs- und Konstruktionsprinzipien | Bewertungskriterien","12","2","0","external_urls;wikilinks;has_sources_section;numeric_or_metric_terms","move_as_knot","reuse_strategie/Weiterbauen_im_Bestand","",""
"reuse-strategie.md","reuse-strategie.md","Type","Reuse-Strategie","96","0","","0","0","0","","merge_into_index","reuse_strategie/index","","old_schema_file_not_content_node"
"schadstoff.md","schadstoff.md","Type","Schadstoff","90","0","","0","0","0","","merge_into_index","schadstoff/index","","old_schema_file_not_content_node"
"schadstoff\Asbest.md","schadstoff","Schadstoff","","12865","12","Verknüpfungen | Kurzdefinition | Relevanz für Wiederverwendung im Bauwesen | Fachinhalt | Erkennung und typische Vorkommen | Gesundheits- und Umweltrelevanz | Rückbaukonsequenzen | Prüfstrategien","9","9","0","external_urls;wikilinks;has_sources_section;certification_terms;numeric_or_metric_terms","move_as_knot","schadstoff/Asbest","",""
"schadstoff\Bleifarbe.md","schadstoff","Schadstoff","","11455","12","Verknüpfungen | Kurzdefinition | Relevanz für Wiederverwendung im Bauwesen | Fachinhalt | Erkennung und typische Vorkommen | Gesundheits- und Umweltrelevanz | Rückbaukonsequenzen | Prüfstrategien","8","6","0","external_urls;wikilinks;has_sources_section;certification_terms;numeric_or_metric_terms","move_as_knot","schadstoff/Bleifarbe","",""
"schadstoff\Holzschutzmittel.md","schadstoff","Schadstoff","","12380","12","Verknüpfungen | Kurzdefinition | Relevanz für Wiederverwendung im Bauwesen | Fachinhalt | Erkennung und typische Vorkommen | Gesundheits- und Umweltrelevanz | Rückbaukonsequenzen | Prüfstrategien","9","7","0","external_urls;wikilinks;has_sources_section;certification_terms;numeric_or_metric_terms","move_as_knot","schadstoff/Holzschutzmittel","",""
"schadstoff\index.md","schadstoff","Schadstoff","Schadstoffe – Index","6911","6","Verknüpfungen | Kurzüberblick zur Kategorie | Zentrale Unterthemen | Wichtige Dateien dieser Kategorie | Querverbindungen zu anderen Kategorien | Offene Lücken / Ausbaufelder","0","0","0","numeric_or_metric_terms","merge_into_index","schadstoff/index","","index_content_may_contain_unique_gaps_or_cluster_lists"
"schadstoff\PAK.md","schadstoff","Schadstoff","","11475","12","Verknüpfungen | Kurzdefinition | Relevanz für Wiederverwendung im Bauwesen | Fachinhalt | Erkennung und typische Vorkommen | Gesundheits- und Umweltrelevanz | Rückbaukonsequenzen | Prüfstrategien","9","9","0","external_urls;wikilinks;has_sources_section;certification_terms;numeric_or_metric_terms","move_as_knot","schadstoff/PAK","",""
"schadstoff\PCB.md","schadstoff","Schadstoff","","12703","12","Verknüpfungen | Kurzdefinition | Relevanz für Wiederverwendung im Bauwesen | Fachinhalt | Erkennung und typische Vorkommen | Gesundheits- und Umweltrelevanz | Rückbaukonsequenzen | Prüfstrategien","9","8","0","external_urls;wikilinks;has_sources_section;certification_terms;numeric_or_metric_terms","move_as_knot","schadstoff/PCB","",""
"software.md","software.md","Type","Software","91","0","","0","0","0","","merge_into_index","software_digitaltool/index","tooltyp/index","old_schema_file_not_content_node"
"software\klimaschutz-konfigurator\index.md","software","Software","","131","0","","1","0","0","external_urls","move_as_core","software_digitaltool/klimaschutz_konfigurator","","nested_index_is_content_node_not_category_index"
"software\one-click-lca\index.md","software","Software","","25558","0","","42","0","0","external_urls;certification_terms;numeric_or_metric_terms","move_as_core","software_digitaltool/one_click_lca","","nested_index_is_content_node_not_category_index"
"software\Rhino.md","software","Software","","23","0","","0","0","0","","move_as_core","software_digitaltool/Rhino","",""
"software\sia-261-bezugshöhe\index.md","software","Software","","43","0","","1","0","0","external_urls","move_as_core","software_digitaltool/sia_261_bezugshoehe","","nested_index_is_content_node_not_category_index"
"tool.md","tool.md","Type","Tool","75","0","","0","0","0","","merge_into_index","software_digitaltool/index","tooltyp/index","old_type_stub_only"
"tools\mirakel.md","tools","Tool","MIRAKEL — Mixed Reality and AI for urban mining and reuse assessment","5164","10","Research positioning | Main reuse problem addressed | How it supports reuse | Typical data inputs | Typical outputs | Place in a reuse workflow | Relevance to circular construction research | Strengths for reuse","3","0","0","external_urls;numeric_or_metric_terms","move_as_core","software_digitaltool/mirakel","",""
"tools\recreate_studio.md","tools","Tool","ReCreate Studio","5812","10","Research positioning | Main reuse problem addressed | How it supports reuse | Typical data inputs | Typical outputs | Place in a reuse workflow | Relevance to circular construction research | Strengths for reuse","3","0","0","external_urls;donor_receiver_terms;numeric_or_metric_terms","move_as_core","software_digitaltool/recreate_studio","",""
"tragwerkssystem.md","tragwerkssystem.md","Type","Tragwerkssystem","101","0","","0","0","0","","merge_into_index","bauweise_bausystem_tragwerk/index","","old_schema_file_not_content_node"
"tragwerkssystem\Aufstockung_in_Holzbauweise.md","tragwerkssystem","Tragwerkssystem","","10466","11","Verknüpfungen | Kurzdefinition | Relevanz für Wiederverwendung im Bauwesen | Fachinhalt | Systemlogik | Fügungsprinzipien | Demontierbarkeit und Bauteilpass | Prüf- und Nachweisfragen","6","6","0","external_urls;wikilinks;has_sources_section;certification_terms;numeric_or_metric_terms","semantic_split","bauaufgabe_intervention/Aufstockung","bauweise/Holzbauweise; tragwerkstyp/Holztragwerk","old_type_tragwerkssystem_overgeneralized"
"tragwerkssystem\Betonfertigteil_System.md","tragwerkssystem","Tragwerkssystem","","9805","11","Verknüpfungen | Kurzdefinition | Relevanz für Wiederverwendung im Bauwesen | Fachinhalt | Systemtypen | Fügungs- und Demontageprinzipien | Prüf- und Nachweisfragen | ReUse-Potenziale","5","6","0","external_urls;wikilinks;has_sources_section;numeric_or_metric_terms","semantic_split","bausystem/Betonfertigteil_System","tragwerkstyp/Betonfertigteiltragwerk; bauteiltyp/Betonfertigteil","old_type_tragwerkssystem_overgeneralized"
"tragwerkssystem\Dachtragwerk_und_Fachwerk.md","tragwerkssystem","Tragwerkssystem","","8794","11","Verknüpfungen | Kurzdefinition | Relevanz für Wiederverwendung im Bauwesen | Fachinhalt | Typologien | Fügungsprinzipien | Demontage und Wiederverwendung | Prüf- und Schadensbilder","5","3","0","external_urls;wikilinks;has_sources_section;numeric_or_metric_terms","semantic_split","tragwerkstyp/Dachtragwerk","tragwerksprinzip/Fachwerk; bauteiltyp/Fachwerktraeger","old_type_tragwerkssystem_overgeneralized"
"tragwerkssystem\Design_for_Disassembly.md","tragwerkssystem","Tragwerkssystem","","9257","11","Verknüpfungen | Kurzdefinition | Relevanz für Wiederverwendung im Bauwesen | Fachinhalt | Grundprinzipien | Entwurfsregeln für Tragwerkssysteme | DfD auf Systemebene | Bewertungskriterien","9","5","0","external_urls;wikilinks;has_sources_section;certification_terms;numeric_or_metric_terms","semantic_split","reuse_strategie/Design_for_Disassembly","methode/Design_for_Disassembly; tragwerkstyp/Demontierbares_Tragwerk","old_type_tragwerkssystem_overgeneralized"
"tragwerkssystem\Holz_Skelettbau.md","tragwerkssystem","Tragwerkssystem","","8357","11","Verknüpfungen | Kurzdefinition | Relevanz für Wiederverwendung im Bauwesen | Fachinhalt | Systemlogik | Fügungen | Prüfung und Re-Qualifizierung | ReUse-Potenziale","4","6","0","external_urls;wikilinks;has_sources_section;numeric_or_metric_terms","semantic_split","bausystem/Holz_Skelettbau","tragwerkstyp/Holz_Skeletttragwerk; material/Holz","old_type_tragwerkssystem_overgeneralized"
"tragwerkssystem\index.md","tragwerkssystem","Tragwerkssystem","Tragwerkssysteme – Index","6674","6","Verknüpfungen | Kurzüberblick zur Kategorie | Zentrale Unterthemen | Wichtige Dateien dieser Kategorie | Querverbindungen zu anderen Kategorien | Offene Lücken / Ausbaufelder","0","3","0","wikilinks;certification_terms;numeric_or_metric_terms","merge_into_index","bauweise_bausystem_tragwerk/index","","index_content_may_contain_unique_gaps_or_cluster_lists"
"tragwerkssystem\Reversible_Fuegung.md","tragwerkssystem","Tragwerkssystem","","9037","11","Verknüpfungen | Kurzdefinition | Relevanz für Wiederverwendung im Bauwesen | Fachinhalt | Grundanforderungen | Verbindungstypen | Entwurfsprinzipien | Bewertungsfragen","7","9","0","external_urls;wikilinks;has_sources_section;numeric_or_metric_terms","semantic_split","fuegung_verbindung/Reversible_Fuegung","tragwerkstyp/Demontierbares_Tragwerk","old_type_tragwerkssystem_overgeneralized"
"tragwerkssystem\Skelettbauweise.md","tragwerkssystem","Tragwerkssystem","","8152","11","Verknüpfungen | Kurzdefinition | Relevanz für Wiederverwendung im Bauwesen | Fachinhalt | Systemlogik | Differenzierung zu Stahl- und Holz-Skelettbau | DfD-Kriterien für Skelettsysteme | ReUse-Szenarien","5","11","0","external_urls;wikilinks;has_sources_section;certification_terms;numeric_or_metric_terms","semantic_split","tragwerksprinzip/Skelettbauweise","tragwerkstyp/Skeletttragwerk","old_type_tragwerkssystem_overgeneralized"
"tragwerkssystem\Stahl_Skelettbau.md","tragwerkssystem","Tragwerkssystem","","8410","11","Verknüpfungen | Kurzdefinition | Relevanz für Wiederverwendung im Bauwesen | Fachinhalt | Systemtypen | ReUse-Hierarchie | Fügungsprinzipien | Prüfung und Nachweis","6","4","0","external_urls;wikilinks;has_sources_section","semantic_split","bausystem/Stahl_Skelettbau","tragwerkstyp/Stahl_Skeletttragwerk; material/Stahl","old_type_tragwerkssystem_overgeneralized"
"tragwerkssystem\to_sort\Betonfertigteile.md","tragwerkssystem","Tragwerkssystem","","38959","9","Prompt 1 | Bericht 1: Wiederverwendung von Baukomponenten und Baumaterialien in Betonfertigteilsystemen – Ein technischer und strategischer Leitfaden | 1. Executive Summary | Prompt 2 | Bericht 2: Wiederverwendung von Baukomponenten im Tragwerk – Fokus Betonfertigteiltragwerke | 1. Kurzfassung | Prompt 3 | Bericht 3: Technischer Bericht – Wiederverwendung von Betonfertigteilen im Tragwerk","0","0","0","source_conflict;certification_terms;donor_receiver_terms;numeric_or_metric_terms","semantic_review_split","bauteiltyp/Betonfertigteil","bausystem/Betonfertigteil_System","unsorted_content_do_not_autoload"
"tragwerkssystem\to_sort\Deckenplatten.md","tragwerkssystem","Tragwerkssystem","","31246","0","","0","0","0","platform_terms;numeric_or_metric_terms","semantic_review_split","bauteiltyp/Deckenplatte","tragwerkstyp/Plattentragwerk","unsorted_content_do_not_autoload"
"tragwerkssystem\to_sort\Holztragwerk.md","tragwerkssystem","Tragwerkssystem","","45563","12","Prompt 1 | Bericht 1: Wiederverwendung von Baukomponenten und Baumaterialien in Holztragwerken | 1. Executive Summary | Anhang | Bericht 1 (Variante 2): Wiederverwendung von Baukomponenten und Baumaterialien in Holztragwerken | 1. Executive Summary | Prompt 2 | Bericht 2: Wiederverwendung von Baukomponenten und Baumaterialien im Tragwerk – Fokus auf Holztragwerke / Holzskelettbau / Holzmodulbau / Mass Timber / CLT / Brettschichtholz","0","6","0","source_conflict;wikilinks;numeric_or_metric_terms","semantic_review_split","tragwerkstyp/Holztragwerk","material/Holz","unsorted_content_do_not_autoload"
"tragwerkssystem\to_sort\index.md","tragwerkssystem","Tragwerkssystem","Allgemeines Tragwerk – Wiederverwendung im Bauwesen","63144","22","Inhaltsverzeichnis | Sektion 1 – Ausgangslage und Relevanz | Prompt | Bericht – Strategische Relevanz tragender Bestandsstrukturen für die Kreislaufwirtschaft | Sektion 2 – Normative und rechtliche Grundlagen | Prompt | Bericht – Normative und rechtliche Grundlagen der Tragwerkswiederverwendung | Sektion 3 – Technische Bewertung nach Materialgruppen","0","0","62","certification_terms;platform_terms;numeric_or_metric_terms","merge_into_index","bauweise_bausystem_tragwerk/index","","index_content_may_contain_unique_gaps_or_cluster_lists"
"tragwerkssystem\to_sort\Ortbeton.md","tragwerkssystem","Tragwerkssystem","","40973","7","Prompt 1 | Bericht 1: Technischer Bericht – Wiederverwendung von Baukomponenten aus Ort- und Stahlbeton | 1. Executive Summary | Anhang | Prompt 2 | Bericht 2: Wiederverwendung von Baukomponenten und Baumaterialien im Tragwerk – Fokus auf Ortbeton- und Stahlbetontragwerke | 1. Kurzfassung","2","0","0","source_conflict;external_urls;platform_terms;donor_receiver_terms;numeric_or_metric_terms","semantic_review_split","bauweise/Ortbetonbauweise","tragwerkstyp/Ortbetontragwerk; material/Beton","unsorted_content_do_not_autoload"
"tragwerkssystem\to_sort\Tragende_Wände_Kerne.md","tragwerkssystem","Tragwerkssystem","","22889","0","","0","0","0","platform_terms;numeric_or_metric_terms","semantic_review_split","bauteiltyp/Tragende_Wand","bauteiltyp/Kern; tragwerksprinzip/Wand_Kern_Tragwerk","unsorted_content_do_not_autoload"
"tragwerkssystem\to_sort\Träger.md","tragwerkssystem","Tragwerkssystem","","25256","4","Bericht 1: Zirkuläre Tragwerksplanung – Technische und regulatorische Leitlinien für die Wiederverwendung von Trägern und Balken | 1. Paradigmenwechsel im Bauwesen: Von der Abfallwirtschaft zur zirkulären Wertschöpfung | Bericht 2: Wiederverwendung von Tragwerkselementen (Stahl, Holz, Beton) und Sekundärbauteilen | 1. Definition und Abgrenzung","0","0","0","platform_terms;donor_receiver_terms;numeric_or_metric_terms","semantic_review_split","bauteiltyp/Traeger","","unsorted_content_do_not_autoload"
"tragwerkssystem\Tragende_Wand.md","tragwerkssystem","Tragwerkssystem","","8263","11","Verknüpfungen | Kurzdefinition | Relevanz für Wiederverwendung im Bauwesen | Fachinhalt | Systemtypen | Umbaustrategien im Bestand | Demontierbarkeit | Prüf- und Nachweisfragen","4","5","0","external_urls;wikilinks;has_sources_section;numeric_or_metric_terms","semantic_split","bauteiltyp/Tragende_Wand","tragwerksprinzip/Wandtragwerk","old_type_tragwerkssystem_overgeneralized"
"verbindung.md","verbindung.md","Type","Verbindung","85","0","","0","0","0","","merge_into_index","fuegung_verbindung/index","","old_schema_file_not_content_node"
"verbindung\index.md","verbindung","Verbindung","Verbindungen – Index","6047","6","Verknüpfungen | Kurzüberblick zur Kategorie | Zentrale Unterthemen | Wichtige Dateien dieser Kategorie | Querverbindungen zu anderen Kategorien | Offene Lücken / Ausbaufelder","0","0","0","numeric_or_metric_terms","merge_into_index","fuegung_verbindung/index","","index_content_may_contain_unique_gaps_or_cluster_lists"
"verbindung\Klemmverbindung.md","verbindung","Verbindung","","13541","12","Verknüpfungen | Kurzdefinition | Relevanz für Wiederverwendung im Bauwesen | Fachinhalt | Wirkprinzipien | Lösbar oder nicht lösbar | Bemessungs- und Nachweisaspekte | Prüfbarkeit","7","11","7","external_urls;wikilinks;has_sources_section;certification_terms;numeric_or_metric_terms","move_as_knot","fuegung_verbindung/Klemmverbindung","",""
"verbindung\Stahlseil.md","verbindung","Verbindung","","73","0","","0","0","0","","move_as_knot","fuegung_verbindung/Stahlseil","",""
"verbindung\Steckverbindung.md","verbindung","Verbindung","","12077","12","Verknüpfungen | Kurzdefinition | Relevanz für Wiederverwendung im Bauwesen | Fachinhalt | Wirkprinzipien | Lösbar oder nicht lösbar | Tragwerks- und bauphysikalische Aspekte | Prüfbarkeit","3","8","7","external_urls;wikilinks;has_sources_section;numeric_or_metric_terms","move_as_knot","fuegung_verbindung/Steckverbindung","",""
"verbindung\Verleimung.md","verbindung","Verbindung","","13077","13","Verknüpfungen | Kurzdefinition | Relevanz für Wiederverwendung im Bauwesen | Fachinhalt | Klebstoffarten und Einsatzlogik | Lösbar oder nicht lösbar | Tragende Verleimung im Holzbau | Flächige Verklebung und Materialverbund","3","6","7","external_urls;wikilinks;has_sources_section;numeric_or_metric_terms","move_as_knot","fuegung_verbindung/Verleimung","",""
"verbindung\Vermoertelung.md","verbindung","Verbindung","","12053","12","Verknüpfungen | Kurzdefinition | Relevanz für Wiederverwendung im Bauwesen | Fachinhalt | Funktionen von Mörtelverbindungen | Mörtelarten und ReUse-Wirkung | Lösbar oder nicht lösbar | Prüfung und Bewertung","3","5","7","external_urls;wikilinks;has_sources_section;numeric_or_metric_terms","move_as_knot","fuegung_verbindung/Vermoertelung","",""
"verbindung\Verschraubung.md","verbindung","Verbindung","","12742","12","Verknüpfungen | Kurzdefinition | Relevanz für Wiederverwendung im Bauwesen | Fachinhalt | Arten von Schraubverbindungen | Lösbar oder nicht lösbar | Bemessungs- und Leistungsanforderungen | Prüfbarkeit","4","6","7","external_urls;wikilinks;has_sources_section;numeric_or_metric_terms","move_as_knot","fuegung_verbindung/Verschraubung","",""
"verbindung\Verschweissung.md","verbindung","Verbindung","","12553","12","Verknüpfungen | Kurzdefinition | Relevanz für Wiederverwendung im Bauwesen | Fachinhalt | Wirkprinzip und Auswirkungen | Lösbar oder nicht lösbar | Normen, Ausführung und Prüfung | Rückbau und Trennschnitt","7","5","7","external_urls;wikilinks;has_sources_section;numeric_or_metric_terms","move_as_knot","fuegung_verbindung/Verschweissung","",""
"werkzeug.md","werkzeug.md","Type","Werkzeug","81","0","","0","0","0","","merge_into_index","software_digitaltool/index","tooltyp/index","old_schema_file_not_content_node"
"werkzeug\BIM.md","werkzeug","Werkzeug","","14648","14","Verknüpfungen | Kurzdefinition | Relevanz für Wiederverwendung im Bauwesen | Fachinhalt | Informationsanforderungen für Wiederverwendung | Datenebenen | Schnittstellen | BIM für Bestand","6","22","0","external_urls;wikilinks;has_sources_section;certification_terms;platform_terms;numeric_or_metric_terms","semantic_move","software_digitaltool/BIM","datenmodell_or_methode_review","may_duplicate_bauteilboerse_or_akteur"
"werkzeug\Bonsai_BlenderBIM.md","werkzeug","Werkzeug","","6170","11","Verknüpfungen | Kurzdefinition | Relevanz für Wiederverwendung im Bauwesen | Fachinhalt | Funktionsweise | Reuse-relevante Datentypen | Einsatzszenarien | Schnittstellen","5","7","0","external_urls;wikilinks;has_sources_section;numeric_or_metric_terms","semantic_move","software_digitaltool/Bonsai_BlenderBIM","datenmodell_or_methode_review","may_duplicate_bauteilboerse_or_akteur"
"werkzeug\CMEx.md","werkzeug","Werkzeug","CMEx","7651","12","Verknüpfungen | Kurzdefinition | Relevanz für Wiederverwendung im Bauwesen | Fachinhalt | Zielsetzung | Typische Datentypen | Plattformlogik | Unterschied zu EME","6","4","0","external_urls;wikilinks;has_sources_section;numeric_or_metric_terms","semantic_move","software_digitaltool/CMEx","","may_duplicate_bauteilboerse_or_akteur"
"werkzeug\Concular_Plattform.md","werkzeug","Werkzeug","","11742","13","Verknüpfungen | Kurzdefinition | Relevanz für Wiederverwendung im Bauwesen | Fachinhalt | Funktionsweise | Datentypen | Plattform als Marktinfrastruktur | Schnittstellen","8","16","0","external_urls;wikilinks;has_sources_section;certification_terms;platform_terms;numeric_or_metric_terms","semantic_move","software_digitaltool/Concular_Plattform","","may_duplicate_bauteilboerse_or_akteur"
"werkzeug\Cycle_Up.md","werkzeug","Werkzeug","Cycle Up","8305","11","Verknüpfungen | Kurzdefinition | Relevanz für Wiederverwendung im Bauwesen | Fachinhalt | Funktionsweise | Datentypen | Einsatzszenarien | Schnittstellen und Systemrolle","6","7","0","external_urls;wikilinks;has_sources_section;platform_terms","semantic_move","software_digitaltool/Cycle_Up","","may_duplicate_bauteilboerse_or_akteur"
"werkzeug\Dataview.md","werkzeug","Werkzeug","","10158","14","Verknüpfungen | Kurzdefinition | Relevanz für Wiederverwendung im Bauwesen | Fachinhalt | Funktionsweise | Datentypen für das Forschungsrepo | Abfragebeispiele | Einsatzszenarien","6","9","0","external_urls;wikilinks;has_sources_section;certification_terms","semantic_move","software_digitaltool/Dataview","","may_duplicate_bauteilboerse_or_akteur"
"werkzeug\DGNB_Gebaeuderessourcenpass.md","werkzeug","Werkzeug","","7428","10","Verknüpfungen | Kurzdefinition | Relevanz für Wiederverwendung im Bauwesen | Fachinhalt | Rolle im Werkzeugökosystem | Mögliche Inhalte | Einsatzszenarien | Praxisbezug / Beispiele","5","7","0","external_urls;wikilinks;has_sources_section;certification_terms;platform_terms;numeric_or_metric_terms","semantic_move","dokumenttyp/Gebaeuderessourcenpass","zertifizierung_bewertungssystem/DGNB","may_duplicate_bauteilboerse_or_akteur"
"werkzeug\Excess_Materials_Exchange.md","werkzeug","Werkzeug","Excess Materials Exchange","9158","12","Verknüpfungen | Kurzdefinition | Relevanz für Wiederverwendung im Bauwesen | Fachinhalt | Systemlogik | Datentypen | Wiederverwendungsniveau | Schnittstellen und Rollen","5","6","0","external_urls;wikilinks;has_sources_section;numeric_or_metric_terms","semantic_move","software_digitaltool/Excess_Materials_Exchange","","may_duplicate_bauteilboerse_or_akteur"
"werkzeug\GIS_Urban_Mining.md","werkzeug","Werkzeug","","6500","11","Verknüpfungen | Kurzdefinition | Relevanz für Wiederverwendung im Bauwesen | Fachinhalt | Datenquellen | Methodik | Reuse-relevante Auswertungen | Abgrenzung","5","4","0","external_urls;wikilinks;has_sources_section;numeric_or_metric_terms","semantic_move","software_digitaltool/GIS_Urban_Mining","datenmodell_or_methode_review","may_duplicate_bauteilboerse_or_akteur"
"werkzeug\Globechain.md","werkzeug","Werkzeug","Globechain","6757","11","Verknüpfungen | Kurzdefinition | Relevanz für Wiederverwendung im Bauwesen | Fachinhalt | Funktionsweise | Datentypen | Geeignete Materialgruppen | Einordnung gegenüber Bauspezialplattformen","5","7","0","external_urls;wikilinks;has_sources_section;platform_terms;donor_receiver_terms;numeric_or_metric_terms","semantic_move","software_digitaltool/Globechain","","may_duplicate_bauteilboerse_or_akteur"
"werkzeug\IFC_Viewer.md","werkzeug","Werkzeug","","10932","14","Verknüpfungen | Kurzdefinition | Relevanz für Wiederverwendung im Bauwesen | Fachinhalt | Abgrenzung der Ebenen | IFC-Daten, die für Wiederverwendung relevant sind | Prüffragen im IFC-Viewer | Typische Viewer- und Prüfwerkzeuge","10","14","0","external_urls;wikilinks;has_sources_section;platform_terms","semantic_move","software_digitaltool/IFC_Viewer","","may_duplicate_bauteilboerse_or_akteur"
"werkzeug\IfcOpenShell.md","werkzeug","Werkzeug","","5970","11","Verknüpfungen | Kurzdefinition | Relevanz für Wiederverwendung im Bauwesen | Fachinhalt | Kernfunktionen | Reuse-relevante Operationen | Typische Datenpipeline | Abgrenzung","5","5","0","external_urls;wikilinks;has_sources_section;numeric_or_metric_terms","semantic_move","software_digitaltool/IfcOpenShell","","may_duplicate_bauteilboerse_or_akteur"
"werkzeug\index.md","werkzeug","Werkzeug","Index","188","4","Zweck | Enthaltene Entitaeten | Wichtigste Cluster | Fehlende Entitaeten","0","1","0","wikilinks","merge_into_index","software_digitaltool/index","","index_content_may_contain_unique_gaps_or_cluster_lists"
"werkzeug\Klimaschutz_Konfigurator.md","werkzeug","Werkzeug","","136","0","","1","0","0","external_urls","semantic_move","software_digitaltool/Klimaschutz_Konfigurator","","may_duplicate_bauteilboerse_or_akteur"
"werkzeug\Library_of_Reuse.md","werkzeug","Werkzeug","Library of Reuse","5794","11","Verknüpfungen | Kurzdefinition | Relevanz für Wiederverwendung im Bauwesen | Fachinhalt | Funktionsweise | Datentypen | Einsatzszenarien | Abgrenzung","6","6","0","external_urls;wikilinks;has_sources_section","semantic_move","software_digitaltool/Library_of_Reuse","","may_duplicate_bauteilboerse_or_akteur"
"werkzeug\Loopfront.md","werkzeug","Werkzeug","Loopfront","9799","11","Verknüpfungen | Kurzdefinition | Relevanz für Wiederverwendung im Bauwesen | Fachinhalt | Typische Datentypen | Funktionsweise | Schnittstellen | Einordnung gegenüber ähnlichen Werkzeugen","5","8","0","external_urls;wikilinks;has_sources_section;platform_terms;numeric_or_metric_terms","semantic_move","software_digitaltool/Loopfront","","may_duplicate_bauteilboerse_or_akteur"
"werkzeug\Maconda_Materialpass.md","werkzeug","Werkzeug","","8684","11","Verknüpfungen | Kurzdefinition | Relevanz für Wiederverwendung im Bauwesen | Fachinhalt | Funktion im Reuse-Prozess | Typische Datenfelder | Schnittstellen | Abgrenzung","6","7","0","external_urls;wikilinks;has_sources_section;certification_terms;platform_terms;numeric_or_metric_terms","semantic_move","software_digitaltool/Maconda_Materialpass","","may_duplicate_bauteilboerse_or_akteur"
"werkzeug\Maconda_ROMULUS.md","werkzeug","Werkzeug","Maconda ROMULUS","8392","12","Verknüpfungen | Kurzdefinition | Relevanz für Wiederverwendung im Bauwesen | Fachinhalt | Grundproblem | Funktionsweise | Datentypen | Beziehung zu Maconda","8","5","0","external_urls;wikilinks;has_sources_section;platform_terms;numeric_or_metric_terms","semantic_move","software_digitaltool/Maconda_ROMULUS","","may_duplicate_bauteilboerse_or_akteur"
"werkzeug\Madaster_Plattform.md","werkzeug","Werkzeug","","11594","15","Verknüpfungen | Kurzdefinition | Relevanz für Wiederverwendung im Bauwesen | Fachinhalt | Funktionsweise | Datentypen | IFC- und Excel-Logik | Materialpass und Circularity Indicator","10","21","0","external_urls;wikilinks;has_sources_section;certification_terms;platform_terms;numeric_or_metric_terms","semantic_move","software_digitaltool/Madaster_Plattform","","may_duplicate_bauteilboerse_or_akteur"
"werkzeug\Material_Index.md","werkzeug","Werkzeug","Material Index","7397","11","Verknüpfungen | Kurzdefinition | Relevanz für Wiederverwendung im Bauwesen | Fachinhalt | Funktionsweise | Datentypen | Einsatzszenarien | Abgrenzung","7","6","0","external_urls;wikilinks;has_sources_section;certification_terms;platform_terms","semantic_move","software_digitaltool/Material_Index","","may_duplicate_bauteilboerse_or_akteur"
"werkzeug\Material_Reuse_Portal.md","werkzeug","Werkzeug","Material Reuse Portal","8435","12","Verknüpfungen | Kurzdefinition | Relevanz für Wiederverwendung im Bauwesen | Fachinhalt | Aggregatorprinzip | Datentypen | Klassifikation und BIM-Bezug | Funktionale Einordnung","7","10","0","external_urls;wikilinks;has_sources_section;platform_terms;numeric_or_metric_terms","semantic_move","software_digitaltool/Material_Reuse_Portal","","may_duplicate_bauteilboerse_or_akteur"
"werkzeug\Materialdatenbank.md","werkzeug","Werkzeug","","11352","12","Verknüpfungen | Kurzdefinition | Relevanz für Wiederverwendung im Bauwesen | Fachinhalt | Zentrale Datenarten | Typen von Materialdatenbanken | Datenbanklogik für Wiederverwendung | Schnittstellen","8","33","0","external_urls;wikilinks;has_sources_section;certification_terms;platform_terms;numeric_or_metric_terms","semantic_move","software_digitaltool/Materialdatenbank","","may_duplicate_bauteilboerse_or_akteur"
"werkzeug\One_Click_Lca.md","werkzeug","Werkzeug","","25803","0","","42","0","0","external_urls;certification_terms;numeric_or_metric_terms","semantic_move","software_digitaltool/One_Click_Lca","","may_duplicate_bauteilboerse_or_akteur"
"werkzeug\One_Click_LCA_Building_Circularity.md","werkzeug","Werkzeug","","6604","11","Verknüpfungen | Kurzdefinition | Relevanz für Wiederverwendung im Bauwesen | Fachinhalt | Funktionsweise | Reuse-relevante Eingabedaten | Einsatzszenarien | Abgrenzung","5","7","0","external_urls;wikilinks;has_sources_section;certification_terms;platform_terms;numeric_or_metric_terms","semantic_move","software_digitaltool/One_Click_LCA_Building_Circularity","","may_duplicate_bauteilboerse_or_akteur"
"werkzeug\Opalis_Plattform.md","werkzeug","Werkzeug","","9485","13","Verknüpfungen | Kurzdefinition | Relevanz für Wiederverwendung im Bauwesen | Fachinhalt | Funktionsweise | Datentypen | Plattform als Marktinfrastruktur | Materialgruppen","8","12","0","external_urls;wikilinks;has_sources_section;platform_terms;numeric_or_metric_terms","semantic_move","software_digitaltool/Opalis_Plattform","","may_duplicate_bauteilboerse_or_akteur"
"werkzeug\Platform_CB23.md","werkzeug","Werkzeug","","5981","11","Verknüpfungen | Kurzdefinition | Relevanz für Wiederverwendung im Bauwesen | Fachinhalt | Messlogik | Passports for the Construction Sector | Einsatz in digitalen Werkzeugen | Abgrenzung","5","5","0","external_urls;wikilinks;has_sources_section;certification_terms;platform_terms;numeric_or_metric_terms","semantic_move","software_digitaltool/Platform_CB23","","may_duplicate_bauteilboerse_or_akteur"
"werkzeug\Pre_Demolition_Audit_Tools.md","werkzeug","Werkzeug","","6904","11","Verknüpfungen | Kurzdefinition | Relevanz für Wiederverwendung im Bauwesen | Fachinhalt | Audit-Typen | Typische Datenfelder | Digitaler Workflow | Schnittstellen","5","8","0","external_urls;wikilinks;has_sources_section;platform_terms;numeric_or_metric_terms","semantic_move","software_digitaltool/Pre_Demolition_Audit_Tools","datenmodell_or_methode_review","may_duplicate_bauteilboerse_or_akteur"
"werkzeug\Qflow.md","werkzeug","Werkzeug","","6822","11","Verknüpfungen | Kurzdefinition | Relevanz für Wiederverwendung im Bauwesen | Fachinhalt | Funktionsweise | Datentypen | Einsatzszenarien | Schnittstellen","5","4","0","external_urls;wikilinks;has_sources_section;platform_terms;numeric_or_metric_terms","semantic_move","software_digitaltool/Qflow","","may_duplicate_bauteilboerse_or_akteur"
"werkzeug\QR_RFID_Materialtracking.md","werkzeug","Werkzeug","","6490","11","Verknüpfungen | Kurzdefinition | Relevanz für Wiederverwendung im Bauwesen | Fachinhalt | Technologietypen | Datenmodell | Einsatzszenarien | Schnittstellen","5","7","0","external_urls;wikilinks;has_sources_section;platform_terms;numeric_or_metric_terms","semantic_move","software_digitaltool/QR_RFID_Materialtracking","datenmodell_or_methode_review","may_duplicate_bauteilboerse_or_akteur"
"werkzeug\Restado.md","werkzeug","Werkzeug","restado","5960","11","Verknüpfungen | Kurzdefinition | Relevanz für Wiederverwendung im Bauwesen | Fachinhalt | Funktionsweise | Datentypen | Einsatzszenarien | Abgrenzung","4","4","0","external_urls;wikilinks;has_sources_section;platform_terms;numeric_or_metric_terms","semantic_move","software_digitaltool/Restado","","may_duplicate_bauteilboerse_or_akteur"
"werkzeug\ReUse_Toolkit.md","werkzeug","Werkzeug","","10093","14","Verknüpfungen | Kurzdefinition | Relevanz für Wiederverwendung im Bauwesen | Fachinhalt | Bestandteile | Material Sheets | Reclamation Audit | Beschaffungsstrategien","7","6","0","external_urls;wikilinks;has_sources_section;platform_terms;numeric_or_metric_terms","semantic_move","software_digitaltool/ReUse_Toolkit","","may_duplicate_bauteilboerse_or_akteur"
"werkzeug\Reusefully_LINK.md","werkzeug","Werkzeug","Reusefully LINK","7489","11","Verknüpfungen | Kurzdefinition | Relevanz für Wiederverwendung im Bauwesen | Fachinhalt | Technische Idee | Typische Datentypen | Rolle von Reusefully | Einordnung","5","3","0","external_urls;wikilinks;has_sources_section;platform_terms;numeric_or_metric_terms","semantic_move","software_digitaltool/Reusefully_LINK","","may_duplicate_bauteilboerse_or_akteur"
"werkzeug\Rheaply.md","werkzeug","Werkzeug","Rheaply","6632","11","Verknüpfungen | Kurzdefinition | Relevanz für Wiederverwendung im Bauwesen | Fachinhalt | Funktionsweise | Typische Datentypen | Reuse-Ebenen | Schnittstellen","5","5","0","external_urls;wikilinks;has_sources_section;platform_terms;donor_receiver_terms;numeric_or_metric_terms","semantic_move","software_digitaltool/Rheaply","","may_duplicate_bauteilboerse_or_akteur"
"werkzeug\Rhino.md","werkzeug","Werkzeug","","9577","12","Verknüpfungen | Kurzdefinition | Relevanz für Wiederverwendung im Bauwesen | Fachinhalt | Funktionsweise | Rhino im Re-Use-Workflow | Relevante Erweiterungen | Nutzen","9","8","0","external_urls;wikilinks;has_sources_section","semantic_move","software_digitaltool/Rhino","","may_duplicate_bauteilboerse_or_akteur"
"werkzeug\RotorDB.md","werkzeug","Werkzeug","RotorDB","6627","11","Verknüpfungen | Kurzdefinition | Relevanz für Wiederverwendung im Bauwesen | Fachinhalt | Funktionsweise | Datentypen | Einsatzszenarien | Abgrenzung","6","7","0","external_urls;wikilinks;has_sources_section;platform_terms","semantic_move","software_digitaltool/RotorDB","","may_duplicate_bauteilboerse_or_akteur"
"werkzeug\RotorDC.md","werkzeug","Werkzeug","RotorDC","7020","11","Verknüpfungen | Kurzdefinition | Relevanz für Wiederverwendung im Bauwesen | Fachinhalt | Funktionsweise | Typische Materialgruppen | Datentypen im digitalen Katalog | Einordnung","7","6","0","external_urls;wikilinks;has_sources_section;platform_terms;numeric_or_metric_terms","semantic_move","software_digitaltool/RotorDC","","may_duplicate_bauteilboerse_or_akteur"
"werkzeug\SalvoWEB.md","werkzeug","Werkzeug","SalvoWEB","7143","11","Verknüpfungen | Kurzdefinition | Relevanz für Wiederverwendung im Bauwesen | Fachinhalt | Funktionsweise | Typische Datentypen | Typische Materialgruppen | Einordnung als Markt- und Dateninfrastruktur","5","5","0","external_urls;wikilinks;has_sources_section;platform_terms","semantic_move","software_digitaltool/SalvoWEB","","may_duplicate_bauteilboerse_or_akteur"
"werkzeug\Speckle.md","werkzeug","Werkzeug","","6523","11","Verknüpfungen | Kurzdefinition | Relevanz für Wiederverwendung im Bauwesen | Fachinhalt | Grundprinzip | Datentypen | Einsatzszenarien | Schnittstellen","5","8","0","external_urls;wikilinks;has_sources_section","semantic_move","software_digitaltool/Speckle","","may_duplicate_bauteilboerse_or_akteur"
"werkzeug\Superyard.md","werkzeug","Werkzeug","Superyard","5284","11","Verknüpfungen | Kurzdefinition | Relevanz für Wiederverwendung im Bauwesen | Fachinhalt | Funktionsweise | Datentypen | Einsatzszenarien | Abgrenzung","6","4","0","external_urls;wikilinks;has_sources_section;numeric_or_metric_terms","semantic_move","software_digitaltool/Superyard","","may_duplicate_bauteilboerse_or_akteur"
"werkzeug\Upcyclea.md","werkzeug","Werkzeug","Upcyclea","7550","11","Verknüpfungen | Kurzdefinition | Relevanz für Wiederverwendung im Bauwesen | Fachinhalt | Plattformmodule | Datentypen | Verhältnis zu BIM | Verhältnis zu Madaster","6","8","0","external_urls;wikilinks;has_sources_section;platform_terms","semantic_move","software_digitaltool/Upcyclea","","may_duplicate_bauteilboerse_or_akteur"
"werkzeug\Urban_Mining_Index.md","werkzeug","Werkzeug","","6458","11","Verknüpfungen | Kurzdefinition | Relevanz für Wiederverwendung im Bauwesen | Fachinhalt | Bewertungslogik | Reuse-relevante Kriterien | Einsatzszenarien | Abgrenzung zu LCA","4","7","0","external_urls;wikilinks;has_sources_section;certification_terms;platform_terms;numeric_or_metric_terms","semantic_move","software_digitaltool/Urban_Mining_Index","","may_duplicate_bauteilboerse_or_akteur"
"wirtschaft.md","wirtschaft.md","Type","Wirtschaft","92","0","","0","0","0","","merge_into_index","wirtschaft/index","","old_schema_file_not_content_node"
"wirtschaft\Finanzierung.md","wirtschaft","Wirtschaft","","18708","20","Verknüpfungen | Übergeordnete Themen | Verwandte Dateien | Relevante Akteure / Fallstudien / Materialien / Standards / Methoden | Kurzdefinition | Relevanz für Wiederverwendung im Bauwesen | Fachinhalt | 1. Finanzierungslogik entlang der ReUse-Kette","9","9","10","external_urls;wikilinks;has_sources_section;certification_terms;platform_terms;numeric_or_metric_terms","move_as_knot","wirtschaft/Finanzierung","",""
"wirtschaft\Geschaeftsmodell.md","wirtschaft","Wirtschaft","","18163","22","Verknüpfungen | Übergeordnete Themen | Verwandte Dateien | Relevante Akteure / Fallstudien / Materialien / Standards / Methoden | Kurzdefinition | Relevanz für Wiederverwendung im Bauwesen | Fachinhalt | 1. Grundtypen von Geschäftsmodellen","14","7","11","external_urls;wikilinks;has_sources_section;certification_terms;platform_terms;numeric_or_metric_terms","move_as_knot","wirtschaft/Geschaeftsmodell","",""
"wirtschaft\index.md","wirtschaft","Wirtschaft","Wirtschaft – Index","7588","6","Verknüpfungen | Kurzüberblick zur Kategorie | Zentrale Unterthemen | Wichtige Dateien dieser Kategorie | Querverbindungen zu anderen Kategorien | Offene Lücken / Ausbaufelder","0","0","0","certification_terms;platform_terms;numeric_or_metric_terms","merge_into_index","wirtschaft/index","","index_content_may_contain_unique_gaps_or_cluster_lists"
"wirtschaft\Kostenvergleich.md","wirtschaft","Wirtschaft","","16195","23","Verknüpfungen | Übergeordnete Themen | Verwandte Dateien | Relevante Akteure / Fallstudien / Materialien / Standards / Methoden | Kurzdefinition | Relevanz für Wiederverwendung im Bauwesen | Fachinhalt | 1. Abgrenzung zu Lebenszykluskosten","6","9","11","external_urls;wikilinks;has_sources_section;numeric_or_metric_terms","move_as_knot","wirtschaft/Kostenvergleich","",""
"wirtschaft\Lebenszykluskosten.md","wirtschaft","Wirtschaft","","15726","23","Verknüpfungen | Übergeordnete Themen | Verwandte Dateien | Relevante Akteure / Fallstudien / Materialien / Standards / Methoden | Kurzdefinition | Relevanz für Wiederverwendung im Bauwesen | Fachinhalt | 1. Abgrenzung zu Kostenvergleich","7","8","9","external_urls;wikilinks;has_sources_section;certification_terms;platform_terms;numeric_or_metric_terms","move_as_knot","wirtschaft/Lebenszykluskosten","",""
"wirtschaft\Preisbildung.md","wirtschaft","Wirtschaft","","15878","23","Verknüpfungen | Übergeordnete Themen | Verwandte Dateien | Relevante Akteure / Fallstudien / Materialien / Standards / Methoden | Kurzdefinition | Relevanz für Wiederverwendung im Bauwesen | Fachinhalt | 1. Besonderheiten der Preisbildung bei ReUse-Bauteilen","12","8","0","external_urls;wikilinks;has_sources_section;platform_terms;numeric_or_metric_terms","move_as_knot","wirtschaft/Preisbildung","",""
"wirtschaft\Restwert.md","wirtschaft","Wirtschaft","","14721","24","Verknüpfungen | Übergeordnete Themen | Verwandte Dateien | Relevante Akteure / Fallstudien / Materialien / Standards / Methoden | Kurzdefinition | Relevanz für Wiederverwendung im Bauwesen | Fachinhalt | 1. Restwertbegriffe","7","9","13","external_urls;wikilinks;has_sources_section;platform_terms;numeric_or_metric_terms","move_as_knot","wirtschaft/Restwert","",""
