"fallstudie","datenpunkt","legacy_path","kennwert","wert","einheit"
"55_Great_Suffolk_Street_London","55_Great_Suffolk_Street_London__001__Reused_steel_intended","Gebäude\55_Great_Suffolk_Street_London.md","Reused steel intended","20.35","t"
"55_Great_Suffolk_Street_London","55_Great_Suffolk_Street_London__002__Gesamtstahlwerk_am_Kern","Gebäude\55_Great_Suffolk_Street_London.md","Gesamtstahlwerk am Kern","20.98","t"
"55_Great_Suffolk_Street_London","55_Great_Suffolk_Street_London__003__Anteil_reused_steel_am_Kernstahl","Gebäude\55_Great_Suffolk_Street_London.md","Anteil reused steel am Kernstahl","97","%"
"55_Great_Suffolk_Street_London","55_Great_Suffolk_Street_London__004__Stahl_aus_donor_site_1_Broadgate","Gebäude\55_Great_Suffolk_Street_London.md","Stahl aus donor site 1 Broadgate","8.3","t"
"55_Great_Suffolk_Street_London","55_Great_Suffolk_Street_London__005__Reclaimed_stock_Cleveland","Gebäude\55_Great_Suffolk_Street_London.md","Reclaimed stock Cleveland","11.1","t"
"55_Great_Suffolk_Street_London","55_Great_Suffolk_Street_London__006__Gesamtstahlkauf_Fabrix","Gebäude\55_Great_Suffolk_Street_London.md","Gesamtstahlkauf Fabrix","139","t"
"55_Great_Suffolk_Street_London","55_Great_Suffolk_Street_London__007__CO_Einsparung_Stahlreuse","Gebäude\55_Great_Suffolk_Street_London.md","CO₂-Einsparung Stahlreuse","ca. 50","t CO₂ / CO₂e"
"55_Great_Suffolk_Street_London","55_Great_Suffolk_Street_London__008__Upfront_embodied_carbon","Gebäude\55_Great_Suffolk_Street_London.md","Upfront embodied carbon","386","kgCO₂e/m²"
"55_Great_Suffolk_Street_London","55_Great_Suffolk_Street_London__009__Fr_here_RIBA_Stage_2_Sch_tzung","Gebäude\55_Great_Suffolk_Street_London.md","Frühere RIBA Stage 2 Schätzung","406","kgCO₂/m²"
"55_Great_Suffolk_Street_London","55_Great_Suffolk_Street_London__010__Reduktion_gg_LETI_2020_target","Gebäude\55_Great_Suffolk_Street_London.md","Reduktion ggü. LETI 2020 target","36","%"
"55_Great_Suffolk_Street_London","55_Great_Suffolk_Street_London__011__Fl_che","Gebäude\55_Great_Suffolk_Street_London.md","Fläche","1412","m²"
"55_Great_Suffolk_Street_London","55_Great_Suffolk_Street_London__012__Workspace_Fl_che","Gebäude\55_Great_Suffolk_Street_London.md","Workspace-Fläche","10,000 / 15,000","sq ft"
"Association_house_Groeditz","Association_house_Groeditz__001__Fertigteile_aus_Dresden_Typ_Schule","Gebäude\Association_house_Groeditz.md","Fertigteile aus Dresden-Typ-Schule","279","Stück"
"Association_house_Groeditz","Association_house_Groeditz__002__WBS70_Paneele_aus_weiterem_Geb_ude","Gebäude\Association_house_Groeditz.md","WBS70-Paneele aus weiterem Gebäude","159","Stück"
"Association_house_Groeditz","Association_house_Groeditz__003__dokumentierte_Fertigteile_gesamt","Gebäude\Association_house_Groeditz.md","dokumentierte Fertigteile gesamt","438","Stück"
"Association_house_Groeditz","Association_house_Groeditz__004__Transportdistanz","Gebäude\Association_house_Groeditz.md","Transportdistanz","ca. 2,5","km"
"Association_house_Groeditz","Association_house_Groeditz__005__Jahr_Fallstudienstart","Gebäude\Association_house_Groeditz.md","Jahr/Fallstudienstart","2007","Jahr"
"Association_house_Plauen","Association_house_Plauen__001__wiederverwendete_Fertigteile_gesamt","Gebäude\Association_house_Plauen.md","wiederverwendete Fertigteile gesamt","189","Stück"
"Association_house_Plauen","Association_house_Plauen__002__Decken_Bodenplatten","Gebäude\Association_house_Plauen.md","Decken-/Bodenplatten","145","Stück"
"Association_house_Plauen","Association_house_Plauen__003__Au_enw_nde","Gebäude\Association_house_Plauen.md","Außenwände","19","Stück"
"Association_house_Plauen","Association_house_Plauen__004__Innenw_nde","Gebäude\Association_house_Plauen.md","Innenwände","14","Stück"
"Association_house_Plauen","Association_house_Plauen__005__Kellerw_nde","Gebäude\Association_house_Plauen.md","Kellerwände","11","Stück"
"Association_house_Plauen","Association_house_Plauen__006__Transportdistanz","Gebäude\Association_house_Plauen.md","Transportdistanz","ca. 7","km"
"Association_house_Plauen","Association_house_Plauen__007__Jahr_Fallstudienstart","Gebäude\Association_house_Plauen.md","Jahr/Fallstudienstart","2007","Jahr"
"AWM_Muenster_Circular_Office","AWM_Muenster_Circular_Office__001__Fl_che","Gebäude\AWM_Muenster_Circular_Office.md","Fläche","250","m²"
"AWM_Muenster_Circular_Office","AWM_Muenster_Circular_Office__002__Fl_che","Gebäude\AWM_Muenster_Circular_Office.md","Fläche","200","m²"
"AWM_Muenster_Circular_Office","AWM_Muenster_Circular_Office__003__wiedergewonnene_Materialien","Gebäude\AWM_Muenster_Circular_Office.md","wiedergewonnene Materialien","6,9","t"
"AWM_Muenster_Circular_Office","AWM_Muenster_Circular_Office__004__Abfallvermeidung","Gebäude\AWM_Muenster_Circular_Office.md","Abfallvermeidung","6,9","t"
"AWM_Muenster_Circular_Office","AWM_Muenster_Circular_Office__005__CO_Einsparung","Gebäude\AWM_Muenster_Circular_Office.md","CO₂-Einsparung","13,32","t CO₂e"
"AWM_Muenster_Circular_Office","AWM_Muenster_Circular_Office__006__CO_Reduktion","Gebäude\AWM_Muenster_Circular_Office.md","CO₂-Reduktion","82","%"
"AWM_Muenster_Circular_Office","AWM_Muenster_Circular_Office__007__Wassereinsparung","Gebäude\AWM_Muenster_Circular_Office.md","Wassereinsparung","32","%"
"AWM_Muenster_Circular_Office","AWM_Muenster_Circular_Office__008__c2c_inspiriert_oder_ReUse","Gebäude\AWM_Muenster_Circular_Office.md","c2c-inspiriert oder ReUse","95,6","% Produkte"
"AWM_Muenster_Circular_Office","AWM_Muenster_Circular_Office__009__CO_Einsparung_Glastrennw_nde","Gebäude\AWM_Muenster_Circular_Office.md","CO₂-Einsparung Glastrennwände","4,39","t CO₂"
"AWM_Muenster_Circular_Office","AWM_Muenster_Circular_Office__010__CO_Einsparung_Hanfkalk","Gebäude\AWM_Muenster_Circular_Office.md","CO₂-Einsparung Hanfkalk","1,7","t CO₂e"
"AWM_Muenster_Circular_Office","AWM_Muenster_Circular_Office__011__alte_Holzst_hle_f_r_Wandverkleidung","Gebäude\AWM_Muenster_Circular_Office.md","alte Holzstühle für Wandverkleidung",">500 / 550","Stück"
"AWM_Muenster_Circular_Office","AWM_Muenster_Circular_Office__012__Kostenwirkung","Gebäude\AWM_Muenster_Circular_Office.md","Kostenwirkung","vergleichbare Kosten","qualitativ"
"BedZED_London_Hackbridge","BedZED_London_Hackbridge__001__Wiederverwendeter_struktureller_Stahl","Gebäude\BedZED_London_Hackbridge.md","Wiederverwendeter struktureller Stahl","98","t"
"BedZED_London_Hackbridge","BedZED_London_Hackbridge__002__Anteil_reclaimed_steel_am_tragenden_Stahl","Gebäude\BedZED_London_Hackbridge.md","Anteil reclaimed steel am tragenden Stahl","95","%"
"BedZED_London_Hackbridge","BedZED_London_Hackbridge__003__Kosten_reclaimed_steel","Gebäude\BedZED_London_Hackbridge.md","Kosten reclaimed steel","300","£/t"
"BedZED_London_Hackbridge","BedZED_London_Hackbridge__004__Vergleichspreis_neuer_Stahl","Gebäude\BedZED_London_Hackbridge.md","Vergleichspreis neuer Stahl","313","£/t"
"BedZED_London_Hackbridge","BedZED_London_Hackbridge__005__Zusatzaufwand_Sourcing_Pr_fung_Stahl","Gebäude\BedZED_London_Hackbridge.md","Zusatzaufwand Sourcing/Prüfung Stahl","ca. 1.000","£"
"BedZED_London_Hackbridge","BedZED_London_Hackbridge__006__Gesamte_wiederverwendete_recycelte_Materialien","Gebäude\BedZED_London_Hackbridge.md","Gesamte wiederverwendete/recycelte Materialien","3.404","t"
"BedZED_London_Hackbridge","BedZED_London_Hackbridge__007__Anteil_reclaimed_recycled_materials","Gebäude\BedZED_London_Hackbridge.md","Anteil reclaimed/recycled materials","15","% Gewicht"
"BedZED_London_Hackbridge","BedZED_London_Hackbridge__008__Baustoffe_aus_35_mile_Zielradius","Gebäude\BedZED_London_Hackbridge.md","Baustoffe aus 35-mile-Zielradius","52","% Gewicht"
"BedZED_London_Hackbridge","BedZED_London_Hackbridge__009__Durchschnittliche_Bezugsdistanz","Gebäude\BedZED_London_Hackbridge.md","Durchschnittliche Bezugsdistanz","66,5","miles"
"BedZED_London_Hackbridge","BedZED_London_Hackbridge__010__Transportbedingte_CO_Einsparung_durch_lokale_Bes","Gebäude\BedZED_London_Hackbridge.md","Transportbedingte CO₂-Einsparung durch lokale Beschaffung","120","t CO₂"
"BedZED_London_Hackbridge","BedZED_London_Hackbridge__011__Wohnungsanzahl","Gebäude\BedZED_London_Hackbridge.md","Wohnungsanzahl","82","Stück"
"BedZED_London_Hackbridge","BedZED_London_Hackbridge__012__Arbeits_Gewerbefl_che","Gebäude\BedZED_London_Hackbridge.md","Arbeits-/Gewerbefläche","1.405–2.500","m²"
"Berlin_Schildow_Pilot_House","Berlin_Schildow_Pilot_House__001__zugeschnittene_wiederverwendete_Teile","Gebäude\Berlin_Schildow_Pilot_House.md","zugeschnittene wiederverwendete Teile","200","Stück"
"Berlin_Schildow_Pilot_House","Berlin_Schildow_Pilot_House__002__Ursprungs_Deckenplatten","Gebäude\Berlin_Schildow_Pilot_House.md","Ursprungs-Deckenplatten","60","Stück"
"Berlin_Schildow_Pilot_House","Berlin_Schildow_Pilot_House__003__Ursprungs_Innenwandplatten","Gebäude\Berlin_Schildow_Pilot_House.md","Ursprungs-Innenwandplatten","50","Stück"
"Berlin_Schildow_Pilot_House","Berlin_Schildow_Pilot_House__004__Betonvolumen","Gebäude\Berlin_Schildow_Pilot_House.md","Betonvolumen","245","m³"
"Berlin_Schildow_Pilot_House","Berlin_Schildow_Pilot_House__005__Transportdistanz","Gebäude\Berlin_Schildow_Pilot_House.md","Transportdistanz","33","km"
"Berlin_Schildow_Pilot_House","Berlin_Schildow_Pilot_House__006__Jahr_Fallstudienstart","Gebäude\Berlin_Schildow_Pilot_House.md","Jahr/Fallstudienstart","2005","Jahr"
"Berlin_Schildow_Pilot_House","Berlin_Schildow_Pilot_House__007__Bauteilalter","Gebäude\Berlin_Schildow_Pilot_House.md","Bauteilalter","ca. 18","Jahre"
"Berlin_Schildow_Pilot_House_2","Berlin_Schildow_Pilot_House_2__001__wiederverwendete_Teile","Gebäude\Berlin_Schildow_Pilot_House_2.md","wiederverwendete Teile","200","Stück"
"Berlin_Schildow_Pilot_House_2","Berlin_Schildow_Pilot_House_2__002__wiederverwendetes_Betonvolumen","Gebäude\Berlin_Schildow_Pilot_House_2.md","wiederverwendetes Betonvolumen","245","m³"
"Berlin_Schildow_Pilot_House_2","Berlin_Schildow_Pilot_House_2__003__Ursprungs_Deckenplatten","Gebäude\Berlin_Schildow_Pilot_House_2.md","Ursprungs-Deckenplatten","60","Stück"
"Berlin_Schildow_Pilot_House_2","Berlin_Schildow_Pilot_House_2__004__Ursprungs_Innenwandplatten","Gebäude\Berlin_Schildow_Pilot_House_2.md","Ursprungs-Innenwandplatten","50","Stück"
"Berlin_Schildow_Pilot_House_2","Berlin_Schildow_Pilot_House_2__005__Distanz_Spender_Empf_nger","Gebäude\Berlin_Schildow_Pilot_House_2.md","Distanz Spender–Empfänger","33","km"
"Berlin_Schildow_Pilot_House_2","Berlin_Schildow_Pilot_House_2__006__Bauteilalter_bei_Wiederverwendung","Gebäude\Berlin_Schildow_Pilot_House_2.md","Bauteilalter bei Wiederverwendung","18","Jahre"
"Berlin_Schildow_Pilot_House_2","Berlin_Schildow_Pilot_House_2__007__Baujahr_Projektstart","Gebäude\Berlin_Schildow_Pilot_House_2.md","Baujahr / Projektstart","2005","Jahr"
"Berlin_Schildow_Pilot_House_2","Berlin_Schildow_Pilot_House_2__011__Bauzeit","Gebäude\Berlin_Schildow_Pilot_House_2.md","Bauzeit","ca. eine Woche länger als vermutet laut Presse","Zeit"
"Bestandverplanzung_Pavilion_Muenchen","Bestandverplanzung_Pavilion_Muenchen__001__Jahr_Baubeginn_Empf_ngerprojekt","Gebäude\Bestandverplanzung_Pavilion_Muenchen.md","Jahr / Baubeginn Empfängerprojekt","2008","Jahr"
"Bestandverplanzung_Pavilion_Muenchen","Bestandverplanzung_Pavilion_Muenchen__002__Alter_der_wiederverwendeten_Komponenten","Gebäude\Bestandverplanzung_Pavilion_Muenchen.md","Alter der wiederverwendeten Komponenten","ca. 36","Jahre"
"Bestandverplanzung_Pavilion_Muenchen","Bestandverplanzung_Pavilion_Muenchen__003__Donor_Umfang","Gebäude\Bestandverplanzung_Pavilion_Muenchen.md","Donor-Umfang","3","Bungalows"
"Big_Dig_Building_Boston","Big_Dig_Building_Boston__001__Projektjahr","Gebäude\Big_Dig_Building_Boston.md","Projektjahr","2008","Jahr"
"Big_Dig_Building_Boston","Big_Dig_Building_Boston__002__Site_Area","Gebäude\Big_Dig_Building_Boston.md","Site Area","2.335","m²"
"Big_Dig_Building_Boston","Big_Dig_Building_Boston__003__Constructed_Area","Gebäude\Big_Dig_Building_Boston.md","Constructed Area","2.936","m²"
"Big_Dig_Building_Boston","Big_Dig_Building_Boston__004__Auszeichnung","Gebäude\Big_Dig_Building_Boston.md","Auszeichnung","Holcim Awards Encouragement Prize 2005–2006 North America","—"
"Big_Dig_Building_Boston","Big_Dig_Building_Boston__005__Metropolis_Next_Generation_Prize","Gebäude\Big_Dig_Building_Boston.md","Metropolis Next Generation Prize","belegt","—"
"Big_Dig_Building_Boston","Big_Dig_Building_Boston__010__Bauzeit","Gebäude\Big_Dig_Building_Boston.md","Bauzeit","nicht gebaut","—"
"Big_Dig_Building_Boston","Big_Dig_Building_Boston__011__Realisierter_Wiedereinbau","Gebäude\Big_Dig_Building_Boston.md","Realisierter Wiedereinbau","nein / unbekannt","—"
"Big_Dig_House_Lexington_Massachusetts","Big_Dig_House_Lexington_Massachusetts__001__wiederverwendete_Masse","Gebäude\Big_Dig_House_Lexington_Massachusetts.md","wiederverwendete Masse","300","tons"
"Big_Dig_House_Lexington_Massachusetts","Big_Dig_House_Lexington_Massachusetts__002__wiederverwendete_Masse","Gebäude\Big_Dig_House_Lexington_Massachusetts.md","wiederverwendete Masse",">600,000","lb"
"Big_Dig_House_Lexington_Massachusetts","Big_Dig_House_Lexington_Massachusetts__003__Fl_che","Gebäude\Big_Dig_House_Lexington_Massachusetts.md","Fläche","4,000","sq ft"
"Big_Dig_House_Lexington_Massachusetts","Big_Dig_House_Lexington_Massachusetts__004__Fl_che","Gebäude\Big_Dig_House_Lexington_Massachusetts.md","Fläche","4,027","sq ft"
"Big_Dig_House_Lexington_Massachusetts","Big_Dig_House_Lexington_Massachusetts__005__Fl_che","Gebäude\Big_Dig_House_Lexington_Massachusetts.md","Fläche","4,300","sq ft"
"Big_Dig_House_Lexington_Massachusetts","Big_Dig_House_Lexington_Massachusetts__006__Fertigstellung","Gebäude\Big_Dig_House_Lexington_Massachusetts.md","Fertigstellung","2006","Jahr"
"Big_Dig_House_Lexington_Massachusetts","Big_Dig_House_Lexington_Massachusetts__007__Baukosten","Gebäude\Big_Dig_House_Lexington_Massachusetts.md","Baukosten","645,000","USD, excl. land"
"Big_Dig_House_Lexington_Massachusetts","Big_Dig_House_Lexington_Massachusetts__008__Baukosten","Gebäude\Big_Dig_House_Lexington_Massachusetts.md","Baukosten","175","USD/sq ft"
"Big_Dig_House_Lexington_Massachusetts","Big_Dig_House_Lexington_Massachusetts__009__Baukosten","Gebäude\Big_Dig_House_Lexington_Massachusetts.md","Baukosten","150","USD/sq ft"
"Big_Dig_House_Lexington_Massachusetts","Big_Dig_House_Lexington_Massachusetts__010__Montagezeit_Frame","Gebäude\Big_Dig_House_Lexington_Massachusetts.md","Montagezeit Frame","under 3 days","Zeit"
"Big_Dig_House_Lexington_Massachusetts","Big_Dig_House_Lexington_Massachusetts__011__Montagezeit_Frame_Floors","Gebäude\Big_Dig_House_Lexington_Massachusetts.md","Montagezeit Frame/Floors","4 days / 12 hours claim","Zeit"
"Big_Dig_House_Lexington_Massachusetts","Big_Dig_House_Lexington_Massachusetts__012__Roof_capacity_claim","Gebäude\Big_Dig_House_Lexington_Massachusetts.md","Roof capacity claim","250","psf"
"BioPartner_5_Leiden_Oegstgeest","BioPartner_5_Leiden_Oegstgeest__001__wiederverwendete_Stahlmasse","Gebäude\BioPartner_5_Leiden_Oegstgeest.md","wiederverwendete Stahlmasse","165.000","kg"
"BioPartner_5_Leiden_Oegstgeest","BioPartner_5_Leiden_Oegstgeest__002__alternative_Stahlangaben","Gebäude\BioPartner_5_Leiden_Oegstgeest.md","alternative Stahlangaben","ca. 150 / 160 / 170","t"
"BioPartner_5_Leiden_Oegstgeest","BioPartner_5_Leiden_Oegstgeest__003__Transportdistanz_Stahl","Gebäude\BioPartner_5_Leiden_Oegstgeest.md","Transportdistanz Stahl","750","m"
"BioPartner_5_Leiden_Oegstgeest","BioPartner_5_Leiden_Oegstgeest__004__Fl_che","Gebäude\BioPartner_5_Leiden_Oegstgeest.md","Fläche","6.200–7.000","m²"
"BioPartner_5_Leiden_Oegstgeest","BioPartner_5_Leiden_Oegstgeest__005__embodied_carbon","Gebäude\BioPartner_5_Leiden_Oegstgeest.md","embodied carbon","248","kg CO₂-eq/m²"
"BioPartner_5_Leiden_Oegstgeest","BioPartner_5_Leiden_Oegstgeest__006__CO_Reduktion","Gebäude\BioPartner_5_Leiden_Oegstgeest.md","CO₂-Reduktion","ca. 40","%"
"BioPartner_5_Leiden_Oegstgeest","BioPartner_5_Leiden_Oegstgeest__007__Energie","Gebäude\BioPartner_5_Leiden_Oegstgeest.md","Energie","energie-neutral / energiepositiv; A++++ genannt","qualitativ / Label"
"BioPartner_5_Leiden_Oegstgeest","BioPartner_5_Leiden_Oegstgeest__008__Anzahl_wiederverwendeter_Sanit_robjekte","Gebäude\BioPartner_5_Leiden_Oegstgeest.md","Anzahl wiederverwendeter Sanitärobjekte","18 Toiletten/Waschbecken","Stück"
"BlueCity_Offices_Rotterdam","BlueCity_Offices_Rotterdam__001__Fl_che_B_rofl_gel","Gebäude\BlueCity_Offices_Rotterdam.md","Fläche Büroflügel","1.300","m²"
"BlueCity_Offices_Rotterdam","BlueCity_Offices_Rotterdam__002__Arbeitspl_tze","Gebäude\BlueCity_Offices_Rotterdam.md","Arbeitsplätze","100","Stück"
"BlueCity_Offices_Rotterdam","BlueCity_Offices_Rotterdam__003__Circularity_Reuse_Anteil","Gebäude\BlueCity_Offices_Rotterdam.md","Circularity / Reuse-Anteil","90","%"
"BlueCity_Offices_Rotterdam","BlueCity_Offices_Rotterdam__004__CO_Reduktion","Gebäude\BlueCity_Offices_Rotterdam.md","CO₂-Reduktion","68","%"
"BlueCity_Offices_Rotterdam","BlueCity_Offices_Rotterdam__005__CO_Einsparung","Gebäude\BlueCity_Offices_Rotterdam.md","CO₂-Einsparung","60","t CO₂"
"BlueCity_Offices_Rotterdam","BlueCity_Offices_Rotterdam__009__Bauzeit","Gebäude\BlueCity_Offices_Rotterdam.md","Bauzeit","innerhalb eines Jahres transformiert","Zeitraum"
"Boulder_Fire_Station_3","Boulder_Fire_Station_3__001__wiederverwendete_Stahlmember","Gebäude\Boulder_Fire_Station_3.md","wiederverwendete Stahlmember","89","Anzahl"
"Boulder_Fire_Station_3","Boulder_Fire_Station_3__002__wiederverwendete_Stahlmasse","Gebäude\Boulder_Fire_Station_3.md","wiederverwendete Stahlmasse","25","tons"
"Boulder_Fire_Station_3","Boulder_Fire_Station_3__003__Gesamtmenge_salvaged_structural_steel_Hospital","Gebäude\Boulder_Fire_Station_3.md","Gesamtmenge salvaged structural steel Hospital","161","tons"
"Boulder_Fire_Station_3","Boulder_Fire_Station_3__004__weitere_Projekte_mit_Hospital_Stahl","Gebäude\Boulder_Fire_Station_3.md","weitere Projekte mit Hospital-Stahl","21","Anzahl"
"Boulder_Fire_Station_3","Boulder_Fire_Station_3__005__Geb_udefl_che","Gebäude\Boulder_Fire_Station_3.md","Gebäudefläche","28.300","sq ft"
"Boulder_Fire_Station_3","Boulder_Fire_Station_3__006__Geb_udefl_che","Gebäude\Boulder_Fire_Station_3.md","Gebäudefläche","28.370","sq ft"
"Boulder_Fire_Station_3","Boulder_Fire_Station_3__007__Fertigstellung_online","Gebäude\Boulder_Fire_Station_3.md","Fertigstellung / online","November 2024","Datum"
"Boulder_Fire_Station_3","Boulder_Fire_Station_3__008__Completion_Date","Gebäude\Boulder_Fire_Station_3.md","Completion Date","Q4 2024","Zeitraum"
"Boulder_Fire_Station_3","Boulder_Fire_Station_3__009__Diversion_requirement","Gebäude\Boulder_Fire_Station_3.md","Diversion requirement","75","% by weight"
"Boulder_Fire_Station_3","Boulder_Fire_Station_3__010__Hospitalmaterial_vom_Deponieren_vermieden","Gebäude\Boulder_Fire_Station_3.md","Hospitalmaterial vom Deponieren vermieden","60.8 million","pounds"
"Boulder_Fire_Station_3","Boulder_Fire_Station_3__011__PV_Stromanteil","Gebäude\Boulder_Fire_Station_3.md","PV-Stromanteil","ca. 65","% annual electric consumption offset"
"Brent_Cross_Town_Primary_Substation_London","Brent_Cross_Town_Primary_Substation_London__001__wiederverwendete_Stahlmenge","Gebäude\Brent_Cross_Town_Primary_Substation_London.md","wiederverwendete Stahlmenge","33.46","t"
"Brent_Cross_Town_Primary_Substation_London","Brent_Cross_Town_Primary_Substation_London__002__Anteil_reused_steel","Gebäude\Brent_Cross_Town_Primary_Substation_London.md","Anteil reused steel","around 45","%"
"Brent_Cross_Town_Primary_Substation_London","Brent_Cross_Town_Primary_Substation_London__003__Anteil_salvaged_structural_steel","Gebäude\Brent_Cross_Town_Primary_Substation_London.md","Anteil salvaged structural steel","42.5","%"
"Brent_Cross_Town_Primary_Substation_London","Brent_Cross_Town_Primary_Substation_London__004__weiterer_Anteil_laut_Bourne","Gebäude\Brent_Cross_Town_Primary_Substation_London.md","weiterer Anteil laut Bourne","approx. 50","%"
"Brent_Cross_Town_Primary_Substation_London","Brent_Cross_Town_Primary_Substation_London__005__CO_e_Einsparung","Gebäude\Brent_Cross_Town_Primary_Substation_London.md","CO₂e-Einsparung","66","t CO₂e"
"Brent_Cross_Town_Primary_Substation_London","Brent_Cross_Town_Primary_Substation_London__006__CO_e_Einsparung","Gebäude\Brent_Cross_Town_Primary_Substation_London.md","CO₂e-Einsparung","99.2","t CO₂e"
"Brent_Cross_Town_Primary_Substation_London","Brent_Cross_Town_Primary_Substation_London__007__verpasste_zus_tzliche_Einsparung","Gebäude\Brent_Cross_Town_Primary_Substation_London.md","verpasste zusätzliche Einsparung","22","t embodied carbon"
"Brent_Cross_Town_Primary_Substation_London","Brent_Cross_Town_Primary_Substation_London__008__H_he","Gebäude\Brent_Cross_Town_Primary_Substation_London.md","Höhe","21","m"
"Brent_Cross_Town_Primary_Substation_London","Brent_Cross_Town_Primary_Substation_London__009__Umfang","Gebäude\Brent_Cross_Town_Primary_Substation_London.md","Umfang","115","m"
"Brent_Cross_Town_Primary_Substation_London","Brent_Cross_Town_Primary_Substation_London__010__L_nge_Artwork","Gebäude\Brent_Cross_Town_Primary_Substation_London.md","Länge Artwork","52","m"
"Brent_Cross_Town_Primary_Substation_London","Brent_Cross_Town_Primary_Substation_London__011__Substation_capacity","Gebäude\Brent_Cross_Town_Primary_Substation_London.md","Substation capacity","80","MVA"
"Brent_Cross_Town_Primary_Substation_London","Brent_Cross_Town_Primary_Substation_London__012__Stahlbauzeit","Gebäude\Brent_Cross_Town_Primary_Substation_London.md","Stahlbauzeit","Juli–November 2022","Zeitraum"
"Brent_Cross_Town_Primary_Substation_London","Brent_Cross_Town_Primary_Substation_London__013__Kostenwirkung","Gebäude\Brent_Cross_Town_Primary_Substation_London.md","Kostenwirkung","25 % lower than new steel inkl. Zusatzkosten / 50 % lower material per tonne","%"
"Brent_Cross_Town_Primary_Substation_London","Brent_Cross_Town_Primary_Substation_London__014__Terminwirkung","Gebäude\Brent_Cross_Town_Primary_Substation_London.md","Terminwirkung","keine","qualitativ"
"Brighton_Waste_House_Brighton","Brighton_Waste_House_Brighton__001__Abfall_berschussmaterial","Gebäude\Brighton_Waste_House_Brighton.md","Abfall-/Überschussmaterial",">85","%"
"Brighton_Waste_House_Brighton","Brighton_Waste_House_Brighton__002__Alternative_Angabe","Gebäude\Brighton_Waste_House_Brighton.md","Alternative Angabe","nearly 90","%"
"Brighton_Waste_House_Brighton","Brighton_Waste_House_Brighton__003__Er_ffnung","Gebäude\Brighton_Waste_House_Brighton.md","Eröffnung","10.06.2014","Datum"
"Brighton_Waste_House_Brighton","Brighton_Waste_House_Brighton__004__Bauzeit","Gebäude\Brighton_Waste_House_Brighton.md","Bauzeit","2013/2014","Jahre"
"Brighton_Waste_House_Brighton","Brighton_Waste_House_Brighton__005__Zahnb_rsten","Gebäude\Brighton_Waste_House_Brighton.md","Zahnbürsten","19.800–20.000","Stück"
"Brighton_Waste_House_Brighton","Brighton_Waste_House_Brighton__006__Denim","Gebäude\Brighton_Waste_House_Brighton.md","Denim","2","tonnes"
"Brighton_Waste_House_Brighton","Brighton_Waste_House_Brighton__007__Videokassetten","Gebäude\Brighton_Waste_House_Brighton.md","Videokassetten","4.000","Stück"
"Brighton_Waste_House_Brighton","Brighton_Waste_House_Brighton__008__Teppichfliesen","Gebäude\Brighton_Waste_House_Brighton.md","Teppichfliesen","2.000","Stück"
"Brighton_Waste_House_Brighton","Brighton_Waste_House_Brighton__009__DVD_cases","Gebäude\Brighton_Waste_House_Brighton.md","DVD cases","4.000","Stück"
"Brighton_Waste_House_Brighton","Brighton_Waste_House_Brighton__010__Floppy_Discs","Gebäude\Brighton_Waste_House_Brighton.md","Floppy Discs","4.000","Stück"
"Brighton_Waste_House_Brighton","Brighton_Waste_House_Brighton__011__Beteiligte_junge_Menschen","Gebäude\Brighton_Waste_House_Brighton.md","Beteiligte junge Menschen","300–365","Personen"
"Brighton_Waste_House_Brighton","Brighton_Waste_House_Brighton__012__EPC","Gebäude\Brighton_Waste_House_Brighton.md","EPC","A","Klasse"
"Broethen_Twin_House_Hoyerswerda","Broethen_Twin_House_Hoyerswerda__001__wiederverwendete_Wandplatten","Gebäude\Broethen_Twin_House_Hoyerswerda.md","wiederverwendete Wandplatten","26","Stück"
"Broethen_Twin_House_Hoyerswerda","Broethen_Twin_House_Hoyerswerda__002__wiederverwendete_Deckenplatten","Gebäude\Broethen_Twin_House_Hoyerswerda.md","wiederverwendete Deckenplatten","50","Stück"
"Broethen_Twin_House_Hoyerswerda","Broethen_Twin_House_Hoyerswerda__003__wiederverwendete_Bauteile_gesamt","Gebäude\Broethen_Twin_House_Hoyerswerda.md","wiederverwendete Bauteile gesamt","76","Stück"
"Broethen_Twin_House_Hoyerswerda","Broethen_Twin_House_Hoyerswerda__004__Transportdistanz","Gebäude\Broethen_Twin_House_Hoyerswerda.md","Transportdistanz","6","km"
"Broethen_Twin_House_Hoyerswerda","Broethen_Twin_House_Hoyerswerda__005__Bauteilalter","Gebäude\Broethen_Twin_House_Hoyerswerda.md","Bauteilalter","32","Jahre"
"Broethen_Twin_House_Hoyerswerda","Broethen_Twin_House_Hoyerswerda__006__Projektjahr","Gebäude\Broethen_Twin_House_Hoyerswerda.md","Projektjahr","2001","Jahr"
"CascadeUp_London_secondary_timber_glulam_demonstrator","CascadeUp_London_secondary_timber_glulam_demonstrator__001__Abmessung_Pilotstruktur","Gebäude\CascadeUp_London_secondary_timber_glulam_demonstrator.md","Abmessung Pilotstruktur","ca. 3,5 m hoch, 2,5 m breit, 2,0 m tief","m"
"CascadeUp_London_secondary_timber_glulam_demonstrator","CascadeUp_London_secondary_timber_glulam_demonstrator__005__Ausstellungen","Gebäude\CascadeUp_London_secondary_timber_glulam_demonstrator.md","Ausstellungen","UCL Festival of Engineering 2024; London Design Festival 2024; Futurebuild 2025","Stationen/Jahre"
"Charles_Malis_Molenbeek","Charles_Malis_Molenbeek__001__Fl_che","Gebäude\Charles_Malis_Molenbeek.md","Fläche","1,000","m²"
"Charles_Malis_Molenbeek","Charles_Malis_Molenbeek__002__Anzahl_Schalter","Gebäude\Charles_Malis_Molenbeek.md","Anzahl Schalter","12","Stück"
"Chiro_d_Itterbeek_Dilbeek","Chiro_d_Itterbeek_Dilbeek__001__Nettofl_che","Gebäude\Chiro_d_Itterbeek_Dilbeek.md","Nettofläche","15","m²"
"Chiro_d_Itterbeek_Dilbeek","Chiro_d_Itterbeek_Dilbeek__002__Kosten_Bau_Renovierung","Gebäude\Chiro_d_Itterbeek_Dilbeek.md","Kosten Bau/Renovierung","55.000","€"
"Chiro_d_Itterbeek_Dilbeek","Chiro_d_Itterbeek_Dilbeek__003__Kosten_m","Gebäude\Chiro_d_Itterbeek_Dilbeek.md","Kosten/m²","3.666,67","€/m²"
"Chiro_d_Itterbeek_Dilbeek","Chiro_d_Itterbeek_Dilbeek__004__neue_Materialien","Gebäude\Chiro_d_Itterbeek_Dilbeek.md","neue Materialien","weniger als 1/3","% Masse"
"Chiro_d_Itterbeek_Dilbeek","Chiro_d_Itterbeek_Dilbeek__005__Fassadenziegel_Reuse","Gebäude\Chiro_d_Itterbeek_Dilbeek.md","Fassadenziegel Reuse","30","m²"
"Chiro_d_Itterbeek_Dilbeek","Chiro_d_Itterbeek_Dilbeek__006__Au_enst_rze_Reuse","Gebäude\Chiro_d_Itterbeek_Dilbeek.md","Außenstürze Reuse","5","lfm"
"Chiro_d_Itterbeek_Dilbeek","Chiro_d_Itterbeek_Dilbeek__007__Dachziegel_Reuse_Rest","Gebäude\Chiro_d_Itterbeek_Dilbeek.md","Dachziegel Reuse/Rest","20","m²"
"Chiro_d_Itterbeek_Dilbeek","Chiro_d_Itterbeek_Dilbeek__008__Au_ent_ren_Fenster","Gebäude\Chiro_d_Itterbeek_Dilbeek.md","Außentüren/Fenster","2 + 2","Stück"
"Chiro_d_Itterbeek_Dilbeek","Chiro_d_Itterbeek_Dilbeek__009__Bodenfliesen_Reuse","Gebäude\Chiro_d_Itterbeek_Dilbeek.md","Bodenfliesen Reuse","14","m²"
"Chiro_d_Itterbeek_Dilbeek","Chiro_d_Itterbeek_Dilbeek__010__Wandfliesen_Reuse","Gebäude\Chiro_d_Itterbeek_Dilbeek.md","Wandfliesen Reuse","11","m²"
"Chiro_d_Itterbeek_Dilbeek","Chiro_d_Itterbeek_Dilbeek__011__Sanit_r_Reuse","Gebäude\Chiro_d_Itterbeek_Dilbeek.md","Sanitär Reuse","4 WCs, 2 Urinale, 3 Waschbecken, 1 Trenner","Stück"
"Chiro_d_Itterbeek_Dilbeek","Chiro_d_Itterbeek_Dilbeek__012__Leuchten_Reuse","Gebäude\Chiro_d_Itterbeek_Dilbeek.md","Leuchten Reuse","5","Stück"
"Chiro_d_Itterbeek_Dilbeek","Chiro_d_Itterbeek_Dilbeek__013__D_mmung_Boden_Wand_Surplus","Gebäude\Chiro_d_Itterbeek_Dilbeek.md","Dämmung Boden/Wand Surplus","43,3","m²"
"Chiro_d_Itterbeek_Dilbeek","Chiro_d_Itterbeek_Dilbeek__014__D_mmung_Decke_Surplus","Gebäude\Chiro_d_Itterbeek_Dilbeek.md","Dämmung Decke Surplus","18","m²"
"Chiro_d_Itterbeek_Dilbeek","Chiro_d_Itterbeek_Dilbeek__015__Betonbl_cke_Surplus","Gebäude\Chiro_d_Itterbeek_Dilbeek.md","Betonblöcke Surplus","48","m²"
"Chiro_d_Itterbeek_Dilbeek","Chiro_d_Itterbeek_Dilbeek__016__Holzrahmen_Surplus","Gebäude\Chiro_d_Itterbeek_Dilbeek.md","Holzrahmen Surplus","49,2","lfm"
"Chiro_d_Itterbeek_Dilbeek","Chiro_d_Itterbeek_Dilbeek__017__vermiedenes_CO","Gebäude\Chiro_d_Itterbeek_Dilbeek.md","vermiedenes CO₂","4.572,702786","kg CO₂"
"Chiro_d_Itterbeek_Dilbeek","Chiro_d_Itterbeek_Dilbeek__018__vermiedener_Wasserverbrauch","Gebäude\Chiro_d_Itterbeek_Dilbeek.md","vermiedener Wasserverbrauch","122,8623915","m³"
"Chiro_d_Itterbeek_Dilbeek","Chiro_d_Itterbeek_Dilbeek__019__vermiedene_Abf_lle","Gebäude\Chiro_d_Itterbeek_Dilbeek.md","vermiedene Abfälle","5.400,626347","kg"
"Christ_Pavilion_Volkenroda","Christ_Pavilion_Volkenroda__001__Wettbewerb","Gebäude\Christ_Pavilion_Volkenroda.md","Wettbewerb","1997","Jahr"
"Christ_Pavilion_Volkenroda","Christ_Pavilion_Volkenroda__002__Bauzeit_EXPO","Gebäude\Christ_Pavilion_Volkenroda.md","Bauzeit EXPO","1999–April 2000 / 1999–2000","Zeitraum"
"Christ_Pavilion_Volkenroda","Christ_Pavilion_Volkenroda__003__Wiederaufbau","Gebäude\Christ_Pavilion_Volkenroda.md","Wiederaufbau","Februar–August 2001 / Fertigstellung August 2001","Zeitraum"
"Christ_Pavilion_Volkenroda","Christ_Pavilion_Volkenroda__004__BGF","Gebäude\Christ_Pavilion_Volkenroda.md","BGF","2.004","m²"
"Christ_Pavilion_Volkenroda","Christ_Pavilion_Volkenroda__005__BRI_Volumen","Gebäude\Christ_Pavilion_Volkenroda.md","BRI / Volumen","18.548","m³"
"Christ_Pavilion_Volkenroda","Christ_Pavilion_Volkenroda__006__Christusraum","Gebäude\Christ_Pavilion_Volkenroda.md","Christusraum","ca. 24 × 24 × 18","m"
"Christ_Pavilion_Volkenroda","Christ_Pavilion_Volkenroda__007__Tragst_tzen_Christusraum","Gebäude\Christ_Pavilion_Volkenroda.md","Tragstützen Christusraum","9","Stück"
"Christ_Pavilion_Volkenroda","Christ_Pavilion_Volkenroda__008__Besucher_Expo","Gebäude\Christ_Pavilion_Volkenroda.md","Besucher Expo","1,8 Mio.","Personen"
"Christ_Pavilion_Volkenroda","Christ_Pavilion_Volkenroda__009__Gewicht","Gebäude\Christ_Pavilion_Volkenroda.md","Gewicht","800","t"
"Circular_Centre_Netherlands_Prinsenhof_A_reuse_pilot","Circular_Centre_Netherlands_Prinsenhof_A_reuse_pilot__001__demontierte_Bodenelemente","Gebäude\Circular_Centre_Netherlands_Prinsenhof_A_reuse_pilot.md","demontierte Bodenelemente","550","Stück"
"Circular_Centre_Netherlands_Prinsenhof_A_reuse_pilot","Circular_Centre_Netherlands_Prinsenhof_A_reuse_pilot__002__demontierte_Fassadenelemente","Gebäude\Circular_Centre_Netherlands_Prinsenhof_A_reuse_pilot.md","demontierte Fassadenelemente","350","Stück"
"Circular_Centre_Netherlands_Prinsenhof_A_reuse_pilot","Circular_Centre_Netherlands_Prinsenhof_A_reuse_pilot__003__Donor_Fl_che","Gebäude\Circular_Centre_Netherlands_Prinsenhof_A_reuse_pilot.md","Donor-Fläche","7.400","m²"
"Circular_Centre_Netherlands_Prinsenhof_A_reuse_pilot","Circular_Centre_Netherlands_Prinsenhof_A_reuse_pilot__004__Donor_Fl_che_alternative_Quelle","Gebäude\Circular_Centre_Netherlands_Prinsenhof_A_reuse_pilot.md","Donor-Fläche alternative Quelle",">8.000","m²"
"Circular_Centre_Netherlands_Prinsenhof_A_reuse_pilot","Circular_Centre_Netherlands_Prinsenhof_A_reuse_pilot__005__Materialmenge","Gebäude\Circular_Centre_Netherlands_Prinsenhof_A_reuse_pilot.md","Materialmenge","17.000","t"
"Circular_Centre_Netherlands_Prinsenhof_A_reuse_pilot","Circular_Centre_Netherlands_Prinsenhof_A_reuse_pilot__006__Betonmenge","Gebäude\Circular_Centre_Netherlands_Prinsenhof_A_reuse_pilot.md","Betonmenge","12.000","t"
"Circular_Centre_Netherlands_Prinsenhof_A_reuse_pilot","Circular_Centre_Netherlands_Prinsenhof_A_reuse_pilot__007__CO_Einsparung","Gebäude\Circular_Centre_Netherlands_Prinsenhof_A_reuse_pilot.md","CO₂-Einsparung","3.500","t CO₂"
"Circular_Centre_Netherlands_Prinsenhof_A_reuse_pilot","Circular_Centre_Netherlands_Prinsenhof_A_reuse_pilot__008__Materialwiederverwendung","Gebäude\Circular_Centre_Netherlands_Prinsenhof_A_reuse_pilot.md","Materialwiederverwendung","92","%"
"Circular_Pavilion_Paris","Circular_Pavilion_Paris__001__Fl_che","Gebäude\Circular_Pavilion_Paris.md","Fläche","70","m²"
"Circular_Pavilion_Paris","Circular_Pavilion_Paris__002__Materialien_mit_erster_Lebensdauer","Gebäude\Circular_Pavilion_Paris.md","Materialien mit erster Lebensdauer","60","%"
"Circular_Pavilion_Paris","Circular_Pavilion_Paris__003__Komponenten_mit_zweiter_dritter_Lebensdauer","Gebäude\Circular_Pavilion_Paris.md","Komponenten mit zweiter/dritter Lebensdauer","80","%"
"Circular_Pavilion_Paris","Circular_Pavilion_Paris__004__Holzt_ren","Gebäude\Circular_Pavilion_Paris.md","Holztüren","180","Stück"
"Circular_Pavilion_Paris","Circular_Pavilion_Paris__005__St_hle","Gebäude\Circular_Pavilion_Paris.md","Stühle","50","Stück"
"Circular_Pavilion_Paris","Circular_Pavilion_Paris__006__gro_e_Leuchten","Gebäude\Circular_Pavilion_Paris.md","große Leuchten","4","Stück"
"Circular_Pavilion_Paris","Circular_Pavilion_Paris__007__Kosten","Gebäude\Circular_Pavilion_Paris.md","Kosten","80,000","€ HT"
"CRCLR_House_Impact_Hub_Berlin","CRCLR_House_Impact_Hub_Berlin__001__BGF_Fl_che","Gebäude\CRCLR_House_Impact_Hub_Berlin.md","BGF / Fläche","6.600 / 7.603 / 4.871","m²"
"CRCLR_House_Impact_Hub_Berlin","CRCLR_House_Impact_Hub_Berlin__002__Nutzfl_che","Gebäude\CRCLR_House_Impact_Hub_Berlin.md","Nutzfläche","4.690; davon 2.521 Bestand, 2.169 Aufstockung","m²"
"CRCLR_House_Impact_Hub_Berlin","CRCLR_House_Impact_Hub_Berlin__003__Grundst_cksgr_e","Gebäude\CRCLR_House_Impact_Hub_Berlin.md","Grundstücksgröße","2.158","m²"
"CRCLR_House_Impact_Hub_Berlin","CRCLR_House_Impact_Hub_Berlin__004__Bauzeit","Gebäude\CRCLR_House_Impact_Hub_Berlin.md","Bauzeit","2020–2023","Jahre"
"CRCLR_House_Impact_Hub_Berlin","CRCLR_House_Impact_Hub_Berlin__005__Stahltr_ger_aus_Dachr_ckbau","Gebäude\CRCLR_House_Impact_Hub_Berlin.md","Stahlträger aus Dachrückbau","120; bis 18 m Länge","Stück / m"
"CRCLR_House_Impact_Hub_Berlin","CRCLR_House_Impact_Hub_Berlin__007__Innenausbau_reuse_recycled_upcycled","Gebäude\CRCLR_House_Impact_Hub_Berlin.md","Innenausbau reuse/recycled/upcycled","ca. 70","%"
"CRCLR_House_Impact_Hub_Berlin","CRCLR_House_Impact_Hub_Berlin__008__Eingesparter_Beton","Gebäude\CRCLR_House_Impact_Hub_Berlin.md","Eingesparter Beton","120","m³"
"ELYS_Kultur_Gewerbehaus_Basel","ELYS_Kultur_Gewerbehaus_Basel__001__Neue_Reuse_Fassade","Gebäude\ELYS_Kultur_Gewerbehaus_Basel.md","Neue Reuse-Fassade","ca. 1.000","m²"
"ELYS_Kultur_Gewerbehaus_Basel","ELYS_Kultur_Gewerbehaus_Basel__002__Fassaden_ffnung","Gebäude\ELYS_Kultur_Gewerbehaus_Basel.md","Fassadenöffnung","ca. 90 m lang / 10 m hoch","m"
"ELYS_Kultur_Gewerbehaus_Basel","ELYS_Kultur_Gewerbehaus_Basel__003__Fenster","Gebäude\ELYS_Kultur_Gewerbehaus_Basel.md","Fenster","200","Stück"
"ELYS_Kultur_Gewerbehaus_Basel","ELYS_Kultur_Gewerbehaus_Basel__004__CO_Einsparung_durch_Wiederverwendung","Gebäude\ELYS_Kultur_Gewerbehaus_Basel.md","CO₂-Einsparung durch Wiederverwendung","91","t CO₂"
"ELYS_Kultur_Gewerbehaus_Basel","ELYS_Kultur_Gewerbehaus_Basel__005__CO_e_durch_Erhalt_Tragstruktur","Gebäude\ELYS_Kultur_Gewerbehaus_Basel.md","CO₂e durch Erhalt Tragstruktur","7.000","t CO₂e"
"ELYS_Kultur_Gewerbehaus_Basel","ELYS_Kultur_Gewerbehaus_Basel__006__Fl_che","Gebäude\ELYS_Kultur_Gewerbehaus_Basel.md","Fläche","20.000 / 25.000","m²"
"ELYS_Kultur_Gewerbehaus_Basel","ELYS_Kultur_Gewerbehaus_Basel__007__PV_Anlage","Gebäude\ELYS_Kultur_Gewerbehaus_Basel.md","PV-Anlage","6.000","m²"
"ELYS_Kultur_Gewerbehaus_Basel","ELYS_Kultur_Gewerbehaus_Basel__008__Bauzeit","Gebäude\ELYS_Kultur_Gewerbehaus_Basel.md","Bauzeit","2018–2020 Realisierung; 2020 Bezug; 2021 Completion in Zirkular/ZAB","Jahre"
"Europa_Building_Brussels","Europa_Building_Brussels__001__Restaurierte_Fensterrahmen","Gebäude\Europa_Building_Brussels.md","Restaurierte Fensterrahmen","3.750","Stück"
"Europa_Building_Brussels","Europa_Building_Brussels__002__Bruttogeschossfl_che","Gebäude\Europa_Building_Brussels.md","Bruttogeschossfläche","81.777","m²"
"Europa_Building_Brussels","Europa_Building_Brussels__003__Baukosten","Gebäude\Europa_Building_Brussels.md","Baukosten","312 Mio.","Euro"
"Europa_Building_Brussels","Europa_Building_Brussels__004__LED_light_tubes","Gebäude\Europa_Building_Brussels.md","LED light tubes","374","Stück"
"Europa_Building_Brussels","Europa_Building_Brussels__005__PV_Paneele","Gebäude\Europa_Building_Brussels.md","PV-Paneele","636","Stück"
"Europa_Building_Brussels","Europa_Building_Brussels__006__Stahlreduktion_Fassadenstruktur","Gebäude\Europa_Building_Brussels.md","Stahlreduktion Fassadenstruktur","30","%"
"Ferme_du_Rail_Paris","Ferme_du_Rail_Paris__001__Gesamtfl_che","Gebäude\Ferme_du_Rail_Paris.md","Gesamtfläche","2.300","m²"
"Ferme_du_Rail_Paris","Ferme_du_Rail_Paris__002__gebaute_Fl_che","Gebäude\Ferme_du_Rail_Paris.md","gebaute Fläche","1.000","m²"
"Ferme_du_Rail_Paris","Ferme_du_Rail_Paris__003__SDP","Gebäude\Ferme_du_Rail_Paris.md","SDP","830","m²"
"Ferme_du_Rail_Paris","Ferme_du_Rail_Paris__004__weitere_Fl_che","Gebäude\Ferme_du_Rail_Paris.md","weitere Fläche","1.466","m²"
"Ferme_du_Rail_Paris","Ferme_du_Rail_Paris__005__Baukosten","Gebäude\Ferme_du_Rail_Paris.md","Baukosten","3,3","Mio. € HT"
"Ferme_du_Rail_Paris","Ferme_du_Rail_Paris__006__Anteil_biosourc_und_oder_r_employ","Gebäude\Ferme_du_Rail_Paris.md","Anteil biosourcé und/oder réemployé","90","%"
"Ferme_du_Rail_Paris","Ferme_du_Rail_Paris__007__Personen_in_Wiedereingliederung","Gebäude\Ferme_du_Rail_Paris.md","Personen in Wiedereingliederung","15","Personen"
"Ferme_du_Rail_Paris","Ferme_du_Rail_Paris__008__Studierende","Gebäude\Ferme_du_Rail_Paris.md","Studierende","5","Personen"
"Ferme_du_Rail_Paris","Ferme_du_Rail_Paris__009__Transport_Sourcing_Radius_Hauptmaterialien","Gebäude\Ferme_du_Rail_Paris.md","Transport-/Sourcing-Radius Hauptmaterialien","65","km"
"Ferme_du_Rail_Paris","Ferme_du_Rail_Paris__013__Kostenwirkung_Reuse","Gebäude\Ferme_du_Rail_Paris.md","Kostenwirkung Reuse","ohne Mehrkosten insgesamt behauptet","—"
"gjG_House_Gentbrugge","gjG_House_Gentbrugge__003__Fl_che","Gebäude\gjG_House_Gentbrugge.md","Fläche","190","m²"
"Grande_Halle_de_Colombelles","Grande_Halle_de_Colombelles__001__Projektfl_che","Gebäude\Grande_Halle_de_Colombelles.md","Projektfläche","3.700","m²"
"Grande_Halle_de_Colombelles","Grande_Halle_de_Colombelles__002__Projektfl_che_alternative","Gebäude\Grande_Halle_de_Colombelles.md","Projektfläche alternative","3.080","m²"
"Grande_Halle_de_Colombelles","Grande_Halle_de_Colombelles__003__Baukosten","Gebäude\Grande_Halle_de_Colombelles.md","Baukosten","5,8","Mio. €"
"Grande_Halle_de_Colombelles","Grande_Halle_de_Colombelles__004__Baukosten_alternative","Gebäude\Grande_Halle_de_Colombelles.md","Baukosten alternative","5,5","Mio. € HT"
"Grande_Halle_de_Colombelles","Grande_Halle_de_Colombelles__005__Studienkosten","Gebäude\Grande_Halle_de_Colombelles.md","Studienkosten","320.000","€"
"Grande_Halle_de_Colombelles","Grande_Halle_de_Colombelles__006__Abfall_vermieden_wiederverwendet","Gebäude\Grande_Halle_de_Colombelles.md","Abfall vermieden / wiederverwendet","19","t"
"Grande_Halle_de_Colombelles","Grande_Halle_de_Colombelles__007__D_mmung","Gebäude\Grande_Halle_de_Colombelles.md","Dämmung","430 / 200","m²"
"Grande_Halle_de_Colombelles","Grande_Halle_de_Colombelles__008__Radiatoren","Gebäude\Grande_Halle_de_Colombelles.md","Radiatoren","49 / 52 / 59","Stück"
"Grande_Halle_de_Colombelles","Grande_Halle_de_Colombelles__009__T_ren","Gebäude\Grande_Halle_de_Colombelles.md","Türen","10 / 18 / 33 / 50","Stück"
"Grande_Halle_de_Colombelles","Grande_Halle_de_Colombelles__010__Sanit_robjekte","Gebäude\Grande_Halle_de_Colombelles.md","Sanitärobjekte","20 / 30","Stück"
"Grande_Halle_de_Colombelles","Grande_Halle_de_Colombelles__011__Fliesen_Fayence","Gebäude\Grande_Halle_de_Colombelles.md","Fliesen/Fayence","190 / 200","m²"
"Grande_Halle_de_Colombelles","Grande_Halle_de_Colombelles__012__Holzpfetten","Gebäude\Grande_Halle_de_Colombelles.md","Holzpfetten","21 / 63","Stück / ml"
"Grande_Halle_de_Colombelles","Grande_Halle_de_Colombelles__013__Koordinations_Valorisationszeit","Gebäude\Grande_Halle_de_Colombelles.md","Koordinations-/Valorisationszeit","2.790","Stunden"
"Grande_Halle_de_Colombelles","Grande_Halle_de_Colombelles__014__Arbeitspl_tze","Gebäude\Grande_Halle_de_Colombelles.md","Arbeitsplätze","3","dauerhaft geschaffen"
"Grande_Halle_de_Colombelles","Grande_Halle_de_Colombelles__016__Wasserersparnis","Gebäude\Grande_Halle_de_Colombelles.md","Wasserersparnis","120.529","Liter"
"Grubenstrasse_29_Werkhof_29_Zuerich","Grubenstrasse_29_Werkhof_29_Zuerich__001__Projektfl_che","Gebäude\Grubenstrasse_29_Werkhof_29_Zuerich.md","Projektfläche","2.600","m²"
"Grubenstrasse_29_Werkhof_29_Zuerich","Grubenstrasse_29_Werkhof_29_Zuerich__002__B_ro_Gewerbeeinheiten","Gebäude\Grubenstrasse_29_Werkhof_29_Zuerich.md","Büro-/Gewerbeeinheiten","8","Anzahl"
"Grubenstrasse_29_Werkhof_29_Zuerich","Grubenstrasse_29_Werkhof_29_Zuerich__003__Einheitengr_en","Gebäude\Grubenstrasse_29_Werkhof_29_Zuerich.md","Einheitengrößen","70–110","m²"
"Grubenstrasse_29_Werkhof_29_Zuerich","Grubenstrasse_29_Werkhof_29_Zuerich__004__Projektzeitraum","Gebäude\Grubenstrasse_29_Werkhof_29_Zuerich.md","Projektzeitraum","2023–2025","Jahre"
"Grubenstrasse_29_Werkhof_29_Zuerich","Grubenstrasse_29_Werkhof_29_Zuerich__005__Fertigstellung_Vermietung","Gebäude\Grubenstrasse_29_Werkhof_29_Zuerich.md","Fertigstellung / Vermietung","2025","Jahr"
"Grubenstrasse_29_Werkhof_29_Zuerich","Grubenstrasse_29_Werkhof_29_Zuerich__008__CO_Einsparung","Gebäude\Grubenstrasse_29_Werkhof_29_Zuerich.md","CO₂-Einsparung","unbekannt / Überprüfung im Gang","kg CO₂e"
"Harmalanranta_A_Kruunu_ReCreate_mini_pilot_Tampere","Harmalanranta_A_Kruunu_ReCreate_mini_pilot_Tampere__001__wiederverwendete_Hohlk_rperdecken","Gebäude\Harmalanranta_A_Kruunu_ReCreate_mini_pilot_Tampere.md","wiederverwendete Hohlkörperdecken","25","Stück"
"Harmalanranta_A_Kruunu_ReCreate_mini_pilot_Tampere","Harmalanranta_A_Kruunu_ReCreate_mini_pilot_Tampere__002__Transportdistanz_Donor_Receiver","Gebäude\Harmalanranta_A_Kruunu_ReCreate_mini_pilot_Tampere.md","Transportdistanz Donor–Receiver","ca. 6","km"
"Harmalanranta_A_Kruunu_ReCreate_mini_pilot_Tampere","Harmalanranta_A_Kruunu_ReCreate_mini_pilot_Tampere__003__Wohnungen_im_Geb_ude","Gebäude\Harmalanranta_A_Kruunu_ReCreate_mini_pilot_Tampere.md","Wohnungen im Gebäude","39","Wohnungen"
"Harmalanranta_A_Kruunu_ReCreate_mini_pilot_Tampere","Harmalanranta_A_Kruunu_ReCreate_mini_pilot_Tampere__004__Geschosse","Gebäude\Harmalanranta_A_Kruunu_ReCreate_mini_pilot_Tampere.md","Geschosse","5","Geschosse"
"Harmalanranta_A_Kruunu_ReCreate_mini_pilot_Tampere","Harmalanranta_A_Kruunu_ReCreate_mini_pilot_Tampere__005__Fertigstellung","Gebäude\Harmalanranta_A_Kruunu_ReCreate_mini_pilot_Tampere.md","Fertigstellung","Frühjahr 2025","Datum"
"Hastings_Pier_Visitor_Centre","Hastings_Pier_Visitor_Centre__004__Fl_che_Gesamtprojekt","Gebäude\Hastings_Pier_Visitor_Centre.md","Fläche Gesamtprojekt","11.720","m²"
"Hastings_Pier_Visitor_Centre","Hastings_Pier_Visitor_Centre__005__Pierl_nge","Gebäude\Hastings_Pier_Visitor_Centre.md","Pierlänge","280","m"
"Hastings_Pier_Visitor_Centre","Hastings_Pier_Visitor_Centre__009__Kosten","Gebäude\Hastings_Pier_Visitor_Centre.md","Kosten","£12.6 Mio. Förder-/Projektbetrag; £11.4 Mio. HLF-Anteil laut dRMM","GBP"
"Haus_HOS_Mehrfamilienhaus_Muehlhausen","Haus_HOS_Mehrfamilienhaus_Muehlhausen__001__wiederverwendete_Elemente_gesamt","Gebäude\Haus_HOS_Mehrfamilienhaus_Muehlhausen.md","wiederverwendete Elemente gesamt","58","Stück"
"Haus_HOS_Mehrfamilienhaus_Muehlhausen","Haus_HOS_Mehrfamilienhaus_Muehlhausen__002__Wandteile","Gebäude\Haus_HOS_Mehrfamilienhaus_Muehlhausen.md","Wandteile","28","Stück"
"Haus_HOS_Mehrfamilienhaus_Muehlhausen","Haus_HOS_Mehrfamilienhaus_Muehlhausen__003__Deckenteile","Gebäude\Haus_HOS_Mehrfamilienhaus_Muehlhausen.md","Deckenteile","23","Stück"
"Haus_HOS_Mehrfamilienhaus_Muehlhausen","Haus_HOS_Mehrfamilienhaus_Muehlhausen__004__Treppen","Gebäude\Haus_HOS_Mehrfamilienhaus_Muehlhausen.md","Treppen","7","Stück"
"Haus_HOS_Mehrfamilienhaus_Muehlhausen","Haus_HOS_Mehrfamilienhaus_Muehlhausen__005__Gesamtgewicht","Gebäude\Haus_HOS_Mehrfamilienhaus_Muehlhausen.md","Gesamtgewicht","ca. 190","t"
"Haus_HOS_Mehrfamilienhaus_Muehlhausen","Haus_HOS_Mehrfamilienhaus_Muehlhausen__006__Nutzfl_che","Gebäude\Haus_HOS_Mehrfamilienhaus_Muehlhausen.md","Nutzfläche","ca. 250","m²"
"Haus_HOS_Mehrfamilienhaus_Muehlhausen","Haus_HOS_Mehrfamilienhaus_Muehlhausen__007__Herstellungskosten","Gebäude\Haus_HOS_Mehrfamilienhaus_Muehlhausen.md","Herstellungskosten","ca. 300.000","EUR"
"Haus_HOS_Mehrfamilienhaus_Muehlhausen","Haus_HOS_Mehrfamilienhaus_Muehlhausen__008__Wiederverwendungsgrad_Rohbau_Substanz","Gebäude\Haus_HOS_Mehrfamilienhaus_Muehlhausen.md","Wiederverwendungsgrad Rohbau-Substanz","ca. 75","%"
"Haus_HOS_Mehrfamilienhaus_Muehlhausen","Haus_HOS_Mehrfamilienhaus_Muehlhausen__009__Kosteneinsparung","Gebäude\Haus_HOS_Mehrfamilienhaus_Muehlhausen.md","Kosteneinsparung","ca. 25","%"
"Haus_HOS_Mehrfamilienhaus_Muehlhausen","Haus_HOS_Mehrfamilienhaus_Muehlhausen__010__Transportdistanz","Gebäude\Haus_HOS_Mehrfamilienhaus_Muehlhausen.md","Transportdistanz","ca. 30 / 28","km"
"Haus_HOS_Mehrfamilienhaus_Muehlhausen","Haus_HOS_Mehrfamilienhaus_Muehlhausen__011__Fertigstellung","Gebäude\Haus_HOS_Mehrfamilienhaus_Muehlhausen.md","Fertigstellung","2008","Jahr"
"Haus_HOS_Mehrfamilienhaus_Muehlhausen","Haus_HOS_Mehrfamilienhaus_Muehlhausen__012__Fallstudienstart","Gebäude\Haus_HOS_Mehrfamilienhaus_Muehlhausen.md","Fallstudienstart","2007","Jahr"
"Holbein_Gardens_London","Holbein_Gardens_London__001__wiederverwendeter_Stahl","Gebäude\Holbein_Gardens_London.md","wiederverwendeter Stahl","25","t"
"Holbein_Gardens_London","Holbein_Gardens_London__002__wiederverwendeter_Stahl","Gebäude\Holbein_Gardens_London.md","wiederverwendeter Stahl","24","t"
"Holbein_Gardens_London","Holbein_Gardens_London__003__Stahl_aus_Grosvenor_Projekten","Gebäude\Holbein_Gardens_London.md","Stahl aus Grosvenor-Projekten","9","t"
"Holbein_Gardens_London","Holbein_Gardens_London__004__Stahl_aus_Cleveland_Steel_stock","Gebäude\Holbein_Gardens_London.md","Stahl aus Cleveland Steel stock","15–16","t"
"Holbein_Gardens_London","Holbein_Gardens_London__005__Gesamtstahlbedarf","Gebäude\Holbein_Gardens_London.md","Gesamtstahlbedarf","ca. 70","t"
"Holbein_Gardens_London","Holbein_Gardens_London__006__Anteil_reused_steel_an_Stahltonnage","Gebäude\Holbein_Gardens_London.md","Anteil reused steel an Stahltonnage","34 / ca. ein Drittel","%"
"Holbein_Gardens_London","Holbein_Gardens_London__007__GIA","Gebäude\Holbein_Gardens_London.md","GIA","3.536","m²"
"Holbein_Gardens_London","Holbein_Gardens_London__008__Added_area","Gebäude\Holbein_Gardens_London.md","Added area","2.322","m²"
"Holbein_Gardens_London","Holbein_Gardens_London__009__Bestandserhalt","Gebäude\Holbein_Gardens_London.md","Bestandserhalt","90–93","%"
"Holbein_Gardens_London","Holbein_Gardens_London__010__CO_Einsparung_Stahlreuse","Gebäude\Holbein_Gardens_London.md","CO₂-Einsparung Stahlreuse","35","t CO₂e"
"Holbein_Gardens_London","Holbein_Gardens_London__011__CO_Einsparung_Stahlreuse","Gebäude\Holbein_Gardens_London.md","CO₂-Einsparung Stahlreuse","45","t CO₂e"
"Holbein_Gardens_London","Holbein_Gardens_London__012__CO_Einsparung_Stahlreuse","Gebäude\Holbein_Gardens_London.md","CO₂-Einsparung Stahlreuse","60","t CO₂e"
"Holbein_Gardens_London","Holbein_Gardens_London__013__embodied_carbon_reused_steel","Gebäude\Holbein_Gardens_London.md","embodied carbon reused steel","0,3","kgCO₂e/kg"
"Holbein_Gardens_London","Holbein_Gardens_London__014__embodied_carbon_virgin_steel_Vergleich","Gebäude\Holbein_Gardens_London.md","embodied carbon virgin steel Vergleich","1,7","kgCO₂e/kg"
"Holbein_Gardens_London","Holbein_Gardens_London__015__structural_embodied_carbon","Gebäude\Holbein_Gardens_London.md","structural embodied carbon","62 / 65 / 67,5","kgCO₂e/m²"
"Holbein_Gardens_London","Holbein_Gardens_London__016__Gesamt_embodied_carbon","Gebäude\Holbein_Gardens_London.md","Gesamt embodied carbon","267,9 / 300","kgCO₂e/m²"
"Holbein_Gardens_London","Holbein_Gardens_London__017__operational_carbon_savings","Gebäude\Holbein_Gardens_London.md","operational carbon savings","69","%"
"Holbein_Gardens_London","Holbein_Gardens_London__018__site_waste_eliminated","Gebäude\Holbein_Gardens_London.md","site waste eliminated","99","%"
"Holbein_Gardens_London","Holbein_Gardens_London__019__Zertifizierungen","Gebäude\Holbein_Gardens_London.md","Zertifizierungen","BREEAM Outstanding, WELL Platinum, NABERS 5 star, WiredScore Gold","-"
"House_of_Fraser_318_Oxford_Street_TBC_London_reuse_chain","House_of_Fraser_318_Oxford_Street_TBC_London_reuse_chain__001__House_of_Fraser_steel_reused_at_TBC","Gebäude\House_of_Fraser_318_Oxford_Street_TBC_London_reuse_chain.md","House-of-Fraser steel reused at TBC","16","t"
"House_of_Fraser_318_Oxford_Street_TBC_London_reuse_chain","House_of_Fraser_318_Oxford_Street_TBC_London_reuse_chain__002__House_of_Fraser_steel_reused_at_TBC","Gebäude\House_of_Fraser_318_Oxford_Street_TBC_London_reuse_chain.md","House-of-Fraser steel reused at TBC","20","t"
"House_of_Fraser_318_Oxford_Street_TBC_London_reuse_chain","House_of_Fraser_318_Oxford_Street_TBC_London_reuse_chain__003__House_of_Fraser_steel_reused_at_TBC","Gebäude\House_of_Fraser_318_Oxford_Street_TBC_London_reuse_chain.md","House-of-Fraser steel reused at TBC","40","t"
"House_of_Fraser_318_Oxford_Street_TBC_London_reuse_chain","House_of_Fraser_318_Oxford_Street_TBC_London_reuse_chain__004__Target_claim_early","Gebäude\House_of_Fraser_318_Oxford_Street_TBC_London_reuse_chain.md","Target/claim early","up to 100","t"
"House_of_Fraser_318_Oxford_Street_TBC_London_reuse_chain","House_of_Fraser_318_Oxford_Street_TBC_London_reuse_chain__005__Repurposed_Cleveland_steel","Gebäude\House_of_Fraser_318_Oxford_Street_TBC_London_reuse_chain.md","Repurposed Cleveland steel","ca. 7","t"
"House_of_Fraser_318_Oxford_Street_TBC_London_reuse_chain","House_of_Fraser_318_Oxford_Street_TBC_London_reuse_chain__006__Anteil_reused_repurposed_steel_at_TBC","Gebäude\House_of_Fraser_318_Oxford_Street_TBC_London_reuse_chain.md","Anteil reused/repurposed steel at TBC","around 20","%"
"House_of_Fraser_318_Oxford_Street_TBC_London_reuse_chain","House_of_Fraser_318_Oxford_Street_TBC_London_reuse_chain__007__total_steel_tonnage_TBC","Gebäude\House_of_Fraser_318_Oxford_Street_TBC_London_reuse_chain.md","total steel tonnage TBC","640","t"
"House_of_Fraser_318_Oxford_Street_TBC_London_reuse_chain","House_of_Fraser_318_Oxford_Street_TBC_London_reuse_chain__008__CO_saving_reused_steel","Gebäude\House_of_Fraser_318_Oxford_Street_TBC_London_reuse_chain.md","CO₂ saving reused steel","48","t CO₂ / embodied carbon"
"House_of_Fraser_318_Oxford_Street_TBC_London_reuse_chain","House_of_Fraser_318_Oxford_Street_TBC_London_reuse_chain__009__CO_saved_vs_new_build","Gebäude\House_of_Fraser_318_Oxford_Street_TBC_London_reuse_chain.md","CO₂ saved vs new build","6,365","t CO₂"
"House_of_Fraser_318_Oxford_Street_TBC_London_reuse_chain","House_of_Fraser_318_Oxford_Street_TBC_London_reuse_chain__010__operational_emissions_lower_than_typical_office","Gebäude\House_of_Fraser_318_Oxford_Street_TBC_London_reuse_chain.md","operational emissions lower than typical office","71","%"
"House_of_Fraser_318_Oxford_Street_TBC_London_reuse_chain","House_of_Fraser_318_Oxford_Street_TBC_London_reuse_chain__011__embodied_carbon_anticipated","Gebäude\House_of_Fraser_318_Oxford_Street_TBC_London_reuse_chain.md","embodied carbon anticipated","265","kgCO₂e/m²"
"House_of_Fraser_318_Oxford_Street_TBC_London_reuse_chain","House_of_Fraser_318_Oxford_Street_TBC_London_reuse_chain__012__GIA_office","Gebäude\House_of_Fraser_318_Oxford_Street_TBC_London_reuse_chain.md","GIA office","10,616","m²"
"House_of_Fraser_318_Oxford_Street_TBC_London_reuse_chain","House_of_Fraser_318_Oxford_Street_TBC_London_reuse_chain__013__ancillary_commercial_basement","Gebäude\House_of_Fraser_318_Oxford_Street_TBC_London_reuse_chain.md","ancillary commercial basement","1,956","m² GIA"
"House_of_Fraser_318_Oxford_Street_TBC_London_reuse_chain","House_of_Fraser_318_Oxford_Street_TBC_London_reuse_chain__014__Energiebedarf","Gebäude\House_of_Fraser_318_Oxford_Street_TBC_London_reuse_chain.md","Energiebedarf","<48","kWh/m² GIA/year"
"Impact_Hub_Berlin_CRCLR_Fitout","Impact_Hub_Berlin_CRCLR_Fitout__001__Impact_Hub_Fl_che","Gebäude\Impact_Hub_Berlin_CRCLR_Fitout.md","Impact Hub Fläche","3.500","m²"
"Impact_Hub_Berlin_CRCLR_Fitout","Impact_Hub_Berlin_CRCLR_Fitout__002__CRCLR_Gesamtfl_che","Gebäude\Impact_Hub_Berlin_CRCLR_Fitout.md","CRCLR-Gesamtfläche","4.871","m²"
"Impact_Hub_Berlin_CRCLR_Fitout","Impact_Hub_Berlin_CRCLR_Fitout__003__Arbeitspl_tze","Gebäude\Impact_Hub_Berlin_CRCLR_Fitout.md","Arbeitsplätze","100+","Stück"
"Impact_Hub_Berlin_CRCLR_Fitout","Impact_Hub_Berlin_CRCLR_Fitout__004__Materialanteil_recycled_sustainable","Gebäude\Impact_Hub_Berlin_CRCLR_Fitout.md","Materialanteil recycled/sustainable","ca. 70","%"
"Impact_Hub_Berlin_CRCLR_Fitout","Impact_Hub_Berlin_CRCLR_Fitout__005__Materialanteil_sustainable_recycled_upcycled","Gebäude\Impact_Hub_Berlin_CRCLR_Fitout.md","Materialanteil sustainable/recycled/upcycled","80","%"
"Jeugdkliniek_Ithaka_Emergis_Kloetinge","Jeugdkliniek_Ithaka_Emergis_Kloetinge__001__erhaltener_Bestand","Gebäude\Jeugdkliniek_Ithaka_Emergis_Kloetinge.md","erhaltener Bestand","ca. 70% / 1.400","% / m²"
"Jeugdkliniek_Ithaka_Emergis_Kloetinge","Jeugdkliniek_Ithaka_Emergis_Kloetinge__002__Neubau","Gebäude\Jeugdkliniek_Ithaka_Emergis_Kloetinge.md","Neubau","ca. 2.000","m²"
"Jeugdkliniek_Ithaka_Emergis_Kloetinge","Jeugdkliniek_Ithaka_Emergis_Kloetinge__003__Materialanteil_aus_RWS","Gebäude\Jeugdkliniek_Ithaka_Emergis_Kloetinge.md","Materialanteil aus RWS","30–40","%"
"Jeugdkliniek_Ithaka_Emergis_Kloetinge","Jeugdkliniek_Ithaka_Emergis_Kloetinge__004__Ziel_Reuse_Anteil_Neubau","Gebäude\Jeugdkliniek_Ithaka_Emergis_Kloetinge.md","Ziel Reuse-Anteil Neubau","50","%"
"Jeugdkliniek_Ithaka_Emergis_Kloetinge","Jeugdkliniek_Ithaka_Emergis_Kloetinge__005__Betten","Gebäude\Jeugdkliniek_Ithaka_Emergis_Kloetinge.md","Betten","24–28","Anzahl"
"Jeugdkliniek_Ithaka_Emergis_Kloetinge","Jeugdkliniek_Ithaka_Emergis_Kloetinge__006__Er_ffnung_Nutzung","Gebäude\Jeugdkliniek_Ithaka_Emergis_Kloetinge.md","Eröffnung / Nutzung","2019","Jahr"
"Jeugdkliniek_Ithaka_Emergis_Kloetinge","Jeugdkliniek_Ithaka_Emergis_Kloetinge__009__Energie","Gebäude\Jeugdkliniek_Ithaka_Emergis_Kloetinge.md","Energie","Neubau energieneutral; Renovation Energielabel A","qualitativ"
"Jeugdkliniek_Ithaka_Emergis_Kloetinge","Jeugdkliniek_Ithaka_Emergis_Kloetinge__010__Materialpass","Gebäude\Jeugdkliniek_Ithaka_Emergis_Kloetinge.md","Materialpass","vorhanden","ja/nein"
"Juch_Areal_Recyclingzentrum_Zuerich","Juch_Areal_Recyclingzentrum_Zuerich__001__CO_Einsparung_gegen_ber_konventionellem_Neubau","Gebäude\Juch_Areal_Recyclingzentrum_Zuerich.md","CO₂-Einsparung gegenüber konventionellem Neubau","fast 600","t CO₂"
"Juch_Areal_Recyclingzentrum_Zuerich","Juch_Areal_Recyclingzentrum_Zuerich__002__THG_Reduktion","Gebäude\Juch_Areal_Recyclingzentrum_Zuerich.md","THG-Reduktion","gut 40 / über 40","%"
"Juch_Areal_Recyclingzentrum_Zuerich","Juch_Areal_Recyclingzentrum_Zuerich__003__Ausf_hrungskredit_neue_einmalige_Ausgaben","Gebäude\Juch_Areal_Recyclingzentrum_Zuerich.md","Ausführungskredit / neue einmalige Ausgaben","33,1","Mio. CHF"
"Juch_Areal_Recyclingzentrum_Zuerich","Juch_Areal_Recyclingzentrum_Zuerich__004__fr_here_Baukostensch_tzung","Gebäude\Juch_Areal_Recyclingzentrum_Zuerich.md","frühere Baukostenschätzung","ca. 18","Mio. CHF"
"Juch_Areal_Recyclingzentrum_Zuerich","Juch_Areal_Recyclingzentrum_Zuerich__005__Bausumme_Perita","Gebäude\Juch_Areal_Recyclingzentrum_Zuerich.md","Bausumme Perita","25","Mio. CHF"
"Juch_Areal_Recyclingzentrum_Zuerich","Juch_Areal_Recyclingzentrum_Zuerich__006__Fertigstellung","Gebäude\Juch_Areal_Recyclingzentrum_Zuerich.md","Fertigstellung","Q4 2027","Jahr/Quartal"
"Juch_Areal_Recyclingzentrum_Zuerich","Juch_Areal_Recyclingzentrum_Zuerich__007__Bauzeit","Gebäude\Juch_Areal_Recyclingzentrum_Zuerich.md","Bauzeit","2026–2027","Jahre"
"K118_Kopfbau_Halle_118_Winterthur","K118_Kopfbau_Halle_118_Winterthur__001__Fl_che","Gebäude\K118_Kopfbau_Halle_118_Winterthur.md","Fläche","1.100","m²"
"K118_Kopfbau_Halle_118_Winterthur","K118_Kopfbau_Halle_118_Winterthur__002__Geschosse_Aufstockung","Gebäude\K118_Kopfbau_Halle_118_Winterthur.md","Geschosse Aufstockung","3","Geschosse"
"K118_Kopfbau_Halle_118_Winterthur","K118_Kopfbau_Halle_118_Winterthur__003__Wiederverwendungsrate_Gewicht","Gebäude\K118_Kopfbau_Halle_118_Winterthur.md","Wiederverwendungsrate Gewicht","14","%"
"K118_Kopfbau_Halle_118_Winterthur","K118_Kopfbau_Halle_118_Winterthur__004__Wiederverwendungsrate_Volumen","Gebäude\K118_Kopfbau_Halle_118_Winterthur.md","Wiederverwendungsrate Volumen","41","%"
"K118_Kopfbau_Halle_118_Winterthur","K118_Kopfbau_Halle_118_Winterthur__005__CO_Reduktion","Gebäude\K118_Kopfbau_Halle_118_Winterthur.md","CO₂-Reduktion","59","%"
"K118_Kopfbau_Halle_118_Winterthur","K118_Kopfbau_Halle_118_Winterthur__006__CO_Reduktion_absolut","Gebäude\K118_Kopfbau_Halle_118_Winterthur.md","CO₂-Reduktion absolut","494","t CO₂"
"K118_Kopfbau_Halle_118_Winterthur","K118_Kopfbau_Halle_118_Winterthur__007__Prim_rmaterial_eingespart","Gebäude\K118_Kopfbau_Halle_118_Winterthur.md","Primärmaterial eingespart","ca. 500","t"
"K118_Kopfbau_Halle_118_Winterthur","K118_Kopfbau_Halle_118_Winterthur__008__CO_Beitrag_Stahlreuse","Gebäude\K118_Kopfbau_Halle_118_Winterthur.md","CO₂-Beitrag Stahlreuse","ca. 80","t CO₂ / 16 %"
"K118_Kopfbau_Halle_118_Winterthur","K118_Kopfbau_Halle_118_Winterthur__009__Kostenwirkung","Gebäude\K118_Kopfbau_Halle_118_Winterthur.md","Kostenwirkung","vergleichbar mit ähnlichem Neubau","qualitativ"
"KA13_Kristian_Augusts_gate_13_Oslo","KA13_Kristian_Augusts_gate_13_Oslo__001__Gesamtfl_che","Gebäude\KA13_Kristian_Augusts_gate_13_Oslo.md","Gesamtfläche","4.297","m²"
"KA13_Kristian_Augusts_gate_13_Oslo","KA13_Kristian_Augusts_gate_13_Oslo__002__Originalgeb_ude","Gebäude\KA13_Kristian_Augusts_gate_13_Oslo.md","Originalgebäude","2.734","m²"
"KA13_Kristian_Augusts_gate_13_Oslo","KA13_Kristian_Augusts_gate_13_Oslo__003__Basement","Gebäude\KA13_Kristian_Augusts_gate_13_Oslo.md","Basement","708","m²"
"KA13_Kristian_Augusts_gate_13_Oslo","KA13_Kristian_Augusts_gate_13_Oslo__004__Extension","Gebäude\KA13_Kristian_Augusts_gate_13_Oslo.md","Extension","855","m²"
"KA13_Kristian_Augusts_gate_13_Oslo","KA13_Kristian_Augusts_gate_13_Oslo__005__Ziel_Reuse_Anteil","Gebäude\KA13_Kristian_Augusts_gate_13_Oslo.md","Ziel Reuse-Anteil","mindestens 50","%"
"KA13_Kristian_Augusts_gate_13_Oslo","KA13_Kristian_Augusts_gate_13_Oslo__006__Erreichter_Reuse_Anteil","Gebäude\KA13_Kristian_Augusts_gate_13_Oslo.md","Erreichter Reuse-Anteil","bis/nahe 80","%"
"KA13_Kristian_Augusts_gate_13_Oslo","KA13_Kristian_Augusts_gate_13_Oslo__007__Treibhausgasreduktion","Gebäude\KA13_Kristian_Augusts_gate_13_Oslo.md","Treibhausgasreduktion","70","%"
"KA13_Kristian_Augusts_gate_13_Oslo","KA13_Kristian_Augusts_gate_13_Oslo__008__Hohlk_rperdecken","Gebäude\KA13_Kristian_Augusts_gate_13_Oslo.md","Hohlkörperdecken","21","Stück"
"KA13_Kristian_Augusts_gate_13_Oslo","KA13_Kristian_Augusts_gate_13_Oslo__009__Hohlk_rperdeckenfl_che","Gebäude\KA13_Kristian_Augusts_gate_13_Oslo.md","Hohlkörperdeckenfläche","ca. 160","m²"
"KA13_Kristian_Augusts_gate_13_Oslo","KA13_Kristian_Augusts_gate_13_Oslo__010__HCS_Abmessung","Gebäude\KA13_Kristian_Augusts_gate_13_Oslo.md","HCS-Abmessung","6,5 × 1,2","m"
"KA13_Kristian_Augusts_gate_13_Oslo","KA13_Kristian_Augusts_gate_13_Oslo__011__CO_Reduktion_HCS_gegen_ber_neu","Gebäude\KA13_Kristian_Augusts_gate_13_Oslo.md","CO₂-Reduktion HCS gegenüber neu","89","%"
"KA13_Kristian_Augusts_gate_13_Oslo","KA13_Kristian_Augusts_gate_13_Oslo__012__Kosten_HCS_gegen_ber_neu","Gebäude\KA13_Kristian_Augusts_gate_13_Oslo.md","Kosten HCS gegenüber neu","5–6×","Faktor"
"KA13_Kristian_Augusts_gate_13_Oslo","KA13_Kristian_Augusts_gate_13_Oslo__013__Stahl_reused","Gebäude\KA13_Kristian_Augusts_gate_13_Oslo.md","Stahl reused","ca. 75","%"
"KA13_Kristian_Augusts_gate_13_Oslo","KA13_Kristian_Augusts_gate_13_Oslo__014__Abfallmaximum_Ziel","Gebäude\KA13_Kristian_Augusts_gate_13_Oslo.md","Abfallmaximum Ziel","20","kg/m²"
"KA13_Kristian_Augusts_gate_13_Oslo","KA13_Kristian_Augusts_gate_13_Oslo__015__Anzahl_donor_buildings_projects","Gebäude\KA13_Kristian_Augusts_gate_13_Oslo.md","Anzahl donor buildings/projects","ca. 25","Stück"
"Kamikatsu_Zero_Waste_Center_Hotel_WHY","Kamikatsu_Zero_Waste_Center_Hotel_WHY__002__Anzahl_wiederverwendeter_Fenster","Gebäude\Kamikatsu_Zero_Waste_Center_Hotel_WHY.md","Anzahl wiederverwendeter Fenster","ca. 700","Stück"
"Kamikatsu_Zero_Waste_Center_Hotel_WHY","Kamikatsu_Zero_Waste_Center_Hotel_WHY__003__Fl_che_Ma_stab","Gebäude\Kamikatsu_Zero_Waste_Center_Hotel_WHY.md","Fläche / Maßstab","5.557","m²"
"Kamikatsu_Zero_Waste_Center_Hotel_WHY","Kamikatsu_Zero_Waste_Center_Hotel_WHY__013__Recyclingrate_Kamikatsu","Gebäude\Kamikatsu_Zero_Waste_Center_Hotel_WHY.md","Recyclingrate Kamikatsu","ca. 80","%"
"Kamikatsu_Zero_Waste_Center_Hotel_WHY","Kamikatsu_Zero_Waste_Center_Hotel_WHY__014__Sortierkategorien","Gebäude\Kamikatsu_Zero_Waste_Center_Hotel_WHY.md","Sortierkategorien","44/45","Anzahl"
"Kindergarten_Moeoeslistrasse_Manegg_Zuerich","Kindergarten_Moeoeslistrasse_Manegg_Zuerich__001__Nutzfl_che","Gebäude\Kindergarten_Moeoeslistrasse_Manegg_Zuerich.md","Nutzfläche","271","m²"
"Kindergarten_Moeoeslistrasse_Manegg_Zuerich","Kindergarten_Moeoeslistrasse_Manegg_Zuerich__002__Objektkredit","Gebäude\Kindergarten_Moeoeslistrasse_Manegg_Zuerich.md","Objektkredit","1,9","Mio. CHF"
"Kindergarten_Moeoeslistrasse_Manegg_Zuerich","Kindergarten_Moeoeslistrasse_Manegg_Zuerich__003__Bauzeit","Gebäude\Kindergarten_Moeoeslistrasse_Manegg_Zuerich.md","Bauzeit","ca. 1","Jahr"
"Kindergarten_Moeoeslistrasse_Manegg_Zuerich","Kindergarten_Moeoeslistrasse_Manegg_Zuerich__004__graue_THG_konventionell","Gebäude\Kindergarten_Moeoeslistrasse_Manegg_Zuerich.md","graue THG konventionell","2,6","kg CO₂e/m²a"
"Kindergarten_Moeoeslistrasse_Manegg_Zuerich","Kindergarten_Moeoeslistrasse_Manegg_Zuerich__005__graue_THG_mit_Re_Use","Gebäude\Kindergarten_Moeoeslistrasse_Manegg_Zuerich.md","graue THG mit Re-Use","1,9","kg CO₂e/m²a"
"Kindergarten_Moeoeslistrasse_Manegg_Zuerich","Kindergarten_Moeoeslistrasse_Manegg_Zuerich__006__THG_Einsparung","Gebäude\Kindergarten_Moeoeslistrasse_Manegg_Zuerich.md","THG-Einsparung","rund 30","%"
"Kindergarten_Moeoeslistrasse_Manegg_Zuerich","Kindergarten_Moeoeslistrasse_Manegg_Zuerich__007__CO_Einsparung_absolut","Gebäude\Kindergarten_Moeoeslistrasse_Manegg_Zuerich.md","CO₂-Einsparung absolut","ca. 12,5","t CO₂e"
"Kindergarten_Moeoeslistrasse_Manegg_Zuerich","Kindergarten_Moeoeslistrasse_Manegg_Zuerich__008__Kostenwirkung_Re_Use_Bauteile","Gebäude\Kindergarten_Moeoeslistrasse_Manegg_Zuerich.md","Kostenwirkung Re-Use-Bauteile","-9","%"
"Kindergarten_Moeoeslistrasse_Manegg_Zuerich","Kindergarten_Moeoeslistrasse_Manegg_Zuerich__009__Mehrhonorar_Planung","Gebäude\Kindergarten_Moeoeslistrasse_Manegg_Zuerich.md","Mehrhonorar Planung","+18","%"
"Kindergarten_Moeoeslistrasse_Manegg_Zuerich","Kindergarten_Moeoeslistrasse_Manegg_Zuerich__010__Gesamtkostenwirkung","Gebäude\Kindergarten_Moeoeslistrasse_Manegg_Zuerich.md","Gesamtkostenwirkung","kostenneutral","qualitativ"
"Lo_Reninge_Town_Hall_Facade","Lo_Reninge_Town_Hall_Facade__001__wiederverwendete_Ziegelfl_che","Gebäude\Lo_Reninge_Town_Hall_Facade.md","wiederverwendete Ziegelfläche","205","m²"
"Lo_Reninge_Town_Hall_Facade","Lo_Reninge_Town_Hall_Facade__002__Projektfl_che","Gebäude\Lo_Reninge_Town_Hall_Facade.md","Projektfläche","1.350","m²"
"Lo_Reninge_Town_Hall_Facade","Lo_Reninge_Town_Hall_Facade__003__Projektfl_che_alternative_Quelle","Gebäude\Lo_Reninge_Town_Hall_Facade.md","Projektfläche alternative Quelle","940","m²"
"Lo_Reninge_Town_Hall_Facade","Lo_Reninge_Town_Hall_Facade__004__Bauzeit_Zeitraum","Gebäude\Lo_Reninge_Town_Hall_Facade.md","Bauzeit / Zeitraum","2008–2011","Jahre"
"Lo_Reninge_Town_Hall_Facade","Lo_Reninge_Town_Hall_Facade__005__Fertigstellung","Gebäude\Lo_Reninge_Town_Hall_Facade.md","Fertigstellung","01-11-2011","Datum"
"Lokomotion_Technology_Centre_mini_pilot_Tampere","Lokomotion_Technology_Centre_mini_pilot_Tampere__001__wiederverwendete_Hohlk_rperdecken","Gebäude\Lokomotion_Technology_Centre_mini_pilot_Tampere.md","wiederverwendete Hohlkörperdecken","27","Stück"
"Lokomotion_Technology_Centre_mini_pilot_Tampere","Lokomotion_Technology_Centre_mini_pilot_Tampere__002__Transportdistanz_Donor_Receiver","Gebäude\Lokomotion_Technology_Centre_mini_pilot_Tampere.md","Transportdistanz Donor–Receiver","7","km"
"Lokomotion_Technology_Centre_mini_pilot_Tampere","Lokomotion_Technology_Centre_mini_pilot_Tampere__003__Gesamtfl_che_Phase_1_Lokomotion","Gebäude\Lokomotion_Technology_Centre_mini_pilot_Tampere.md","Gesamtfläche Phase 1 Lokomotion","ca. 34.000","m² BGF"
"Lokomotion_Technology_Centre_mini_pilot_Tampere","Lokomotion_Technology_Centre_mini_pilot_Tampere__004__Gesamtfl_che_langfristiger_Komplex","Gebäude\Lokomotion_Technology_Centre_mini_pilot_Tampere.md","Gesamtfläche langfristiger Komplex","ca. 66.000","m²"
"Lokomotion_Technology_Centre_mini_pilot_Tampere","Lokomotion_Technology_Centre_mini_pilot_Tampere__005__Baukosten_Auftrag_Skanska","Gebäude\Lokomotion_Technology_Centre_mini_pilot_Tampere.md","Baukosten / Auftrag Skanska","99 Mio.","EUR"
"Lycee_Michel_Lucius_Conversion_Luxembourg","Lycee_Michel_Lucius_Conversion_Luxembourg__001__wiederverwendete_Stahlprofile","Gebäude\Lycee_Michel_Lucius_Conversion_Luxembourg.md","wiederverwendete Stahlprofile","11,8","t"
"Lycee_Michel_Lucius_Conversion_Luxembourg","Lycee_Michel_Lucius_Conversion_Luxembourg__002__wiederverwendetes_Blech","Gebäude\Lycee_Michel_Lucius_Conversion_Luxembourg.md","wiederverwendetes Blech","61","m²"
"Lycee_Michel_Lucius_Conversion_Luxembourg","Lycee_Michel_Lucius_Conversion_Luxembourg__003__wiederverwendete_Akustikpaneele","Gebäude\Lycee_Michel_Lucius_Conversion_Luxembourg.md","wiederverwendete Akustikpaneele","419","m²"
"Lycee_Michel_Lucius_Conversion_Luxembourg","Lycee_Michel_Lucius_Conversion_Luxembourg__004__wiederverwendete_Metallpaneele","Gebäude\Lycee_Michel_Lucius_Conversion_Luxembourg.md","wiederverwendete Metallpaneele","12 / 4,3","Stück / m²"
"Lycee_Michel_Lucius_Conversion_Luxembourg","Lycee_Michel_Lucius_Conversion_Luxembourg__005__wiederverwendete_Pflasterplatten","Gebäude\Lycee_Michel_Lucius_Conversion_Luxembourg.md","wiederverwendete Pflasterplatten","135","m²"
"Lycee_Michel_Lucius_Conversion_Luxembourg","Lycee_Michel_Lucius_Conversion_Luxembourg__006__wiederverwendete_Fertigbetonelemente","Gebäude\Lycee_Michel_Lucius_Conversion_Luxembourg.md","wiederverwendete Fertigbetonelemente","38","Stück"
"Lycee_Michel_Lucius_Conversion_Luxembourg","Lycee_Michel_Lucius_Conversion_Luxembourg__007__Fl_che_Projektgr_e","Gebäude\Lycee_Michel_Lucius_Conversion_Luxembourg.md","Fläche / Projektgröße","2.700","m²"
"Lycee_Michel_Lucius_Conversion_Luxembourg","Lycee_Michel_Lucius_Conversion_Luxembourg__008__Kosten","Gebäude\Lycee_Michel_Lucius_Conversion_Luxembourg.md","Kosten","6.500.000","EUR ohne MwSt"
"Lycee_Michel_Lucius_Conversion_Luxembourg","Lycee_Michel_Lucius_Conversion_Luxembourg__009__Bauzeit","Gebäude\Lycee_Michel_Lucius_Conversion_Luxembourg.md","Bauzeit","01.2020–09.2021","Zeitraum"
"Lycee_Michel_Lucius_Conversion_Luxembourg","Lycee_Michel_Lucius_Conversion_Luxembourg__010__Planungszeit","Gebäude\Lycee_Michel_Lucius_Conversion_Luxembourg.md","Planungszeit","01.2018–12.2019","Zeitraum"
"Lycee_Michel_Lucius_Conversion_Luxembourg","Lycee_Michel_Lucius_Conversion_Luxembourg__011__CO_Einsparung","Gebäude\Lycee_Michel_Lucius_Conversion_Luxembourg.md","CO₂-Einsparung","458–792","t CO₂e"
"Lycee_Michel_Lucius_Conversion_Luxembourg","Lycee_Michel_Lucius_Conversion_Luxembourg__012__Abfallvermeidung","Gebäude\Lycee_Michel_Lucius_Conversion_Luxembourg.md","Abfallvermeidung","79","%"
"Lycee_Michel_Lucius_Conversion_Luxembourg","Lycee_Michel_Lucius_Conversion_Luxembourg__013__RC_Zuschlag","Gebäude\Lycee_Michel_Lucius_Conversion_Luxembourg.md","RC-Zuschlag","60","%"
"Maison_DnA_Asse","Maison_DnA_Asse__003__Fl_che","Gebäude\Maison_DnA_Asse.md","Fläche","260","m²"
"Maison_Vignette_Auderghem","Maison_Vignette_Auderghem__001__wiederverwendete_Ziegel","Gebäude\Maison_Vignette_Auderghem.md","wiederverwendete Ziegel","3.000","Stück"
"Maison_Vignette_Auderghem","Maison_Vignette_Auderghem__002__wiederverwendete_Ziegelfl_che","Gebäude\Maison_Vignette_Auderghem.md","wiederverwendete Ziegelfläche","36","m²"
"Maison_Vignette_Auderghem","Maison_Vignette_Auderghem__003__Wandfliesen_Reuse","Gebäude\Maison_Vignette_Auderghem.md","Wandfliesen Reuse","21","m²"
"Maison_Vignette_Auderghem","Maison_Vignette_Auderghem__004__Bodenfliesen_Reuse","Gebäude\Maison_Vignette_Auderghem.md","Bodenfliesen Reuse","13,5","m²"
"Maison_Vignette_Auderghem","Maison_Vignette_Auderghem__005__Blausteinplatten_Reuse","Gebäude\Maison_Vignette_Auderghem.md","Blausteinplatten Reuse","40","m²"
"Maison_Vignette_Auderghem","Maison_Vignette_Auderghem__006__Fl_che","Gebäude\Maison_Vignette_Auderghem.md","Fläche","255","m²"
"Maison_Vignette_Auderghem","Maison_Vignette_Auderghem__007__Fl_che_alternative_Quelle","Gebäude\Maison_Vignette_Auderghem.md","Fläche alternative Quelle","213","m²"
"Maison_Vignette_Auderghem","Maison_Vignette_Auderghem__008__Projektzeitraum","Gebäude\Maison_Vignette_Auderghem.md","Projektzeitraum","2018–2020","Jahre"
"Mehrow_Pilot_House","Mehrow_Pilot_House__001__Wandplatten_wiederverwendet","Gebäude\Mehrow_Pilot_House.md","Wandplatten wiederverwendet","22","Stück"
"Mehrow_Pilot_House","Mehrow_Pilot_House__002__Deckenplatten_wiederverwendet","Gebäude\Mehrow_Pilot_House.md","Deckenplatten wiederverwendet","27","Stück"
"Mehrow_Pilot_House","Mehrow_Pilot_House__003__Bauteile_gesamt","Gebäude\Mehrow_Pilot_House.md","Bauteile gesamt","49","Stück"
"Mehrow_Pilot_House","Mehrow_Pilot_House__004__Betonvolumen","Gebäude\Mehrow_Pilot_House.md","Betonvolumen","118","m³"
"Mehrow_Pilot_House","Mehrow_Pilot_House__005__Fl_che","Gebäude\Mehrow_Pilot_House.md","Fläche","ca. 200","m²"
"Mehrow_Pilot_House","Mehrow_Pilot_House__006__Distanz_Spender_Empf_nger","Gebäude\Mehrow_Pilot_House.md","Distanz Spender–Empfänger","8 oder 17","km"
"Mehrow_Pilot_House","Mehrow_Pilot_House__007__Bauteilalter","Gebäude\Mehrow_Pilot_House.md","Bauteilalter","ca. 21","Jahre"
"Mehrow_Pilot_House","Mehrow_Pilot_House__008__Baujahr_Start","Gebäude\Mehrow_Pilot_House.md","Baujahr / Start","2005","Jahr"
"Mehrow_Pilot_House","Mehrow_Pilot_House__009__Baukosten","Gebäude\Mehrow_Pilot_House.md","Baukosten","840","EUR/m²"
"Mehrow_Pilot_House","Mehrow_Pilot_House__010__Vergleichswert_Baukosten","Gebäude\Mehrow_Pilot_House.md","Vergleichswert Baukosten","1.100","EUR/m²"
"Mehrow_Pilot_House","Mehrow_Pilot_House__011__Kostenwirkung_PRECS","Gebäude\Mehrow_Pilot_House.md","Kostenwirkung PRECS","-15","%"
"Melkinlaituri_Primary_School_Daycare_Centre_Helsinki","Melkinlaituri_Primary_School_Daycare_Centre_Helsinki__001__wiederverwendete_Hohlk_rperdecken","Gebäude\Melkinlaituri_Primary_School_Daycare_Centre_Helsinki.md","wiederverwendete Hohlkörperdecken","64","Stück"
"Melkinlaituri_Primary_School_Daycare_Centre_Helsinki","Melkinlaituri_Primary_School_Daycare_Centre_Helsinki__002__wiederverwendete_Fl_che","Gebäude\Melkinlaituri_Primary_School_Daycare_Centre_Helsinki.md","wiederverwendete Fläche","ca. 350","m²"
"Melkinlaituri_Primary_School_Daycare_Centre_Helsinki","Melkinlaituri_Primary_School_Daycare_Centre_Helsinki__003__wiederverwendete_Fl_che_alternative_Quelle","Gebäude\Melkinlaituri_Primary_School_Daycare_Centre_Helsinki.md","wiederverwendete Fläche, alternative Quelle","fast 400","m²"
"Melkinlaituri_Primary_School_Daycare_Centre_Helsinki","Melkinlaituri_Primary_School_Daycare_Centre_Helsinki__004__Donor_Baujahr","Gebäude\Melkinlaituri_Primary_School_Daycare_Centre_Helsinki.md","Donor-Baujahr","1981","Jahr"
"Melkinlaituri_Primary_School_Daycare_Centre_Helsinki","Melkinlaituri_Primary_School_Daycare_Centre_Helsinki__005__Refurbishment","Gebäude\Melkinlaituri_Primary_School_Daycare_Centre_Helsinki.md","Refurbishment","Mai–Juni 2025","Zeitraum"
"Melkinlaituri_Primary_School_Daycare_Centre_Helsinki","Melkinlaituri_Primary_School_Daycare_Centre_Helsinki__006__Einbau","Gebäude\Melkinlaituri_Primary_School_Daycare_Centre_Helsinki.md","Einbau","Ende Juni 2025","Datum"
"Melkinlaituri_Primary_School_Daycare_Centre_Helsinki","Melkinlaituri_Primary_School_Daycare_Centre_Helsinki__007__Fertigstellung_Schulr_ume","Gebäude\Melkinlaituri_Primary_School_Daycare_Centre_Helsinki.md","Fertigstellung Schulräume","spätes Frühjahr 2027","Datum"
"Montessori_Maassluis","Montessori_Maassluis__001__Entwurf","Gebäude\Montessori_Maassluis.md","Entwurf","2024","Jahr"
"Montessori_Maassluis","Montessori_Maassluis__002__Bauvertrag_unterzeichnet","Gebäude\Montessori_Maassluis.md","Bauvertrag unterzeichnet","02.02.2026","Datum"
"Montessori_Maassluis","Montessori_Maassluis__003__geplante_Fertigstellung","Gebäude\Montessori_Maassluis.md","geplante Fertigstellung","Ende 2026","Zeitraum"
"Montessori_Maassluis","Montessori_Maassluis__004__geplante_Nutzung","Gebäude\Montessori_Maassluis.md","geplante Nutzung","Anfang 2027","Zeitraum"
"Montessori_Maassluis","Montessori_Maassluis__005__Fl_che_laut_News","Gebäude\Montessori_Maassluis.md","Fläche laut News","ca. 1.508","m² BVO"
"Montessori_Maassluis","Montessori_Maassluis__006__Fl_che_laut_Projektseite","Gebäude\Montessori_Maassluis.md","Fläche laut Projektseite","1.534","m² GFA"
"Montessori_Maassluis","Montessori_Maassluis__007__Unterrichtsgruppen","Gebäude\Montessori_Maassluis.md","Unterrichtsgruppen","10","Anzahl"
"Montessori_Maassluis","Montessori_Maassluis__008__geplante_Lebensdauer","Gebäude\Montessori_Maassluis.md","geplante Lebensdauer","mindestens 50","Jahre"
"Multi_Brussels_Reuse_in_MULTI","Multi_Brussels_Reuse_in_MULTI__001__Fl_che","Gebäude\Multi_Brussels_Reuse_in_MULTI.md","Fläche","44.200","m²"
"Multi_Brussels_Reuse_in_MULTI","Multi_Brussels_Reuse_in_MULTI__002__Fl_che","Gebäude\Multi_Brussels_Reuse_in_MULTI.md","Fläche","45.000","m²"
"Multi_Brussels_Reuse_in_MULTI","Multi_Brussels_Reuse_in_MULTI__003__Fl_che","Gebäude\Multi_Brussels_Reuse_in_MULTI.md","Fläche","45.800","m²"
"Multi_Brussels_Reuse_in_MULTI","Multi_Brussels_Reuse_in_MULTI__004__vorhandener_Beton_erhalten","Gebäude\Multi_Brussels_Reuse_in_MULTI.md","vorhandener Beton erhalten","89","%"
"Multi_Brussels_Reuse_in_MULTI","Multi_Brussels_Reuse_in_MULTI__005__Abfall_vermieden_durch_Betonerhalt","Gebäude\Multi_Brussels_Reuse_in_MULTI.md","Abfall vermieden durch Betonerhalt","20.000","t"
"Multi_Brussels_Reuse_in_MULTI","Multi_Brussels_Reuse_in_MULTI__006__Embodied_Carbon_durch_Betonerhalt","Gebäude\Multi_Brussels_Reuse_in_MULTI.md","Embodied Carbon durch Betonerhalt","3.259","t CO₂e"
"Multi_Brussels_Reuse_in_MULTI","Multi_Brussels_Reuse_in_MULTI__007__Blaustein_demontiert","Gebäude\Multi_Brussels_Reuse_in_MULTI.md","Blaustein demontiert","ca. 280 / 140","m² / t"
"Multi_Brussels_Reuse_in_MULTI","Multi_Brussels_Reuse_in_MULTI__008__Blausteinbl_cke","Gebäude\Multi_Brussels_Reuse_in_MULTI.md","Blausteinblöcke","82","Stück"
"Multi_Brussels_Reuse_in_MULTI","Multi_Brussels_Reuse_in_MULTI__009__Aluminiumprofile","Gebäude\Multi_Brussels_Reuse_in_MULTI.md","Aluminiumprofile","1.300","m"
"Multi_Brussels_Reuse_in_MULTI","Multi_Brussels_Reuse_in_MULTI__010__Granitfliesen_Terrasse","Gebäude\Multi_Brussels_Reuse_in_MULTI.md","Granitfliesen Terrasse","400","Stück"
"Multi_Brussels_Reuse_in_MULTI","Multi_Brussels_Reuse_in_MULTI__011__externer_Reuse_Urban_Mining_Anteil","Gebäude\Multi_Brussels_Reuse_in_MULTI.md","externer Reuse-/Urban-Mining-Anteil","2 bzw. 3","%"
"Musee_de_Folklore_Mouscron","Musee_de_Folklore_Mouscron__001__wiederverwendete_Ziegel","Gebäude\Musee_de_Folklore_Mouscron.md","wiederverwendete Ziegel","30.000","Stück"
"Musee_de_Folklore_Mouscron","Musee_de_Folklore_Mouscron__002__wiederverwendete_Ziegel_alternative_Angabe","Gebäude\Musee_de_Folklore_Mouscron.md","wiederverwendete Ziegel alternative Angabe","28.500","Stück"
"Musee_de_Folklore_Mouscron","Musee_de_Folklore_Mouscron__003__wiederverwendetes_Ziegelvolumen","Gebäude\Musee_de_Folklore_Mouscron.md","wiederverwendetes Ziegelvolumen","ca. 34","m³"
"Musee_de_Folklore_Mouscron","Musee_de_Folklore_Mouscron__004__Herkunftsquellen","Gebäude\Musee_de_Folklore_Mouscron.md","Herkunftsquellen","8","Abbruchorte"
"Musee_de_Folklore_Mouscron","Musee_de_Folklore_Mouscron__005__Reuse_Ziegelanteil","Gebäude\Musee_de_Folklore_Mouscron.md","Reuse-Ziegelanteil","25","%"
"Musee_de_Folklore_Mouscron","Musee_de_Folklore_Mouscron__006__Extension","Gebäude\Musee_de_Folklore_Mouscron.md","Extension","1.470","m²"
"Musee_de_Folklore_Mouscron","Musee_de_Folklore_Mouscron__007__Renovation","Gebäude\Musee_de_Folklore_Mouscron.md","Renovation","430","m²"
"Musee_de_Folklore_Mouscron","Musee_de_Folklore_Mouscron__008__Park","Gebäude\Musee_de_Folklore_Mouscron.md","Park","10.200","m²"
"Musee_de_Folklore_Mouscron","Musee_de_Folklore_Mouscron__009__Gesamtfl_che_alternative_Quelle","Gebäude\Musee_de_Folklore_Mouscron.md","Gesamtfläche alternative Quelle","1.560","m²"
"Musee_de_Folklore_Mouscron","Musee_de_Folklore_Mouscron__010__Architektur_Budget","Gebäude\Musee_de_Folklore_Mouscron.md","Architektur-Budget","2.976.107","€"
"Musee_de_Folklore_Mouscron","Musee_de_Folklore_Mouscron__011__Kunstintervention_Budget","Gebäude\Musee_de_Folklore_Mouscron.md","Kunstintervention Budget","55.788","€"
"Peoples_Pavilion_Eindhoven","Peoples_Pavilion_Eindhoven__001__Fl_che","Gebäude\Peoples_Pavilion_Eindhoven.md","Fläche","250","m²"
"Peoples_Pavilion_Eindhoven","Peoples_Pavilion_Eindhoven__002__Standzeit","Gebäude\Peoples_Pavilion_Eindhoven.md","Standzeit","9","Tage"
"Peoples_Pavilion_Eindhoven","Peoples_Pavilion_Eindhoven__003__borrowed_materials","Gebäude\Peoples_Pavilion_Eindhoven.md","borrowed materials","100","%"
"Peoples_Pavilion_Eindhoven","Peoples_Pavilion_Eindhoven__004__Kunststoffschindeln","Gebäude\Peoples_Pavilion_Eindhoven.md","Kunststoffschindeln","9,500","Stück"
"Plattenpalast_Berlin","Plattenpalast_Berlin__001__wiederverwendete_Betonplatten","Gebäude\Plattenpalast_Berlin.md","wiederverwendete Betonplatten","13","Stück"
"Plattenpalast_Berlin","Plattenpalast_Berlin__002__Fl_che","Gebäude\Plattenpalast_Berlin.md","Fläche","30 / 35 / 39","m²"
"Plattenpalast_Berlin","Plattenpalast_Berlin__003__Einzelgewicht_Betonplatte","Gebäude\Plattenpalast_Berlin.md","Einzelgewicht Betonplatte","5,4","t je Platte laut Beschreibung mehrerer Platten"
"Plattenpalast_Berlin","Plattenpalast_Berlin__004__Montagezeit_Plattenaufbau","Gebäude\Plattenpalast_Berlin.md","Montagezeit Plattenaufbau","2","Tage"
"Plattenpalast_Berlin","Plattenpalast_Berlin__005__wiederverwendete_Fensterrahmen","Gebäude\Plattenpalast_Berlin.md","wiederverwendete Fensterrahmen","12","Stück"
"Plattenvereinigung_Berlin","Plattenvereinigung_Berlin__001__Bauteilherk_nfte","Gebäude\Plattenvereinigung_Berlin.md","Bauteilherkünfte","Olympisches Dorf München; PH12-Punkthochhaus Frankfurt/Oder","Orte/Donorquellen"
"Plattenvereinigung_Berlin","Plattenvereinigung_Berlin__002__Entwicklung_in_Peter_Behrens_Halle","Gebäude\Plattenvereinigung_Berlin.md","Entwicklung in Peter-Behrens-Halle","Jan 2010–Mai 2011","Zeitraum"
"Plattenvereinigung_Berlin","Plattenvereinigung_Berlin__003__Umsetzung_Tempelhofer_Feld","Gebäude\Plattenvereinigung_Berlin.md","Umsetzung Tempelhofer Feld","Mai 2011","Datum/Monat"
"PLP_London_HQ_Circular_Studio_Fitout","PLP_London_HQ_Circular_Studio_Fitout__001__Fl_che","Gebäude\PLP_London_HQ_Circular_Studio_Fitout.md","Fläche","22,850 / 2,122","sq ft / m²"
"PLP_London_HQ_Circular_Studio_Fitout","PLP_London_HQ_Circular_Studio_Fitout__002__Reused_donated_materials","Gebäude\PLP_London_HQ_Circular_Studio_Fitout.md","Reused/donated materials","92","%"
"PLP_London_HQ_Circular_Studio_Fitout","PLP_London_HQ_Circular_Studio_Fitout__003__Recycled_materials","Gebäude\PLP_London_HQ_Circular_Studio_Fitout.md","Recycled materials","7","%"
"PLP_London_HQ_Circular_Studio_Fitout","PLP_London_HQ_Circular_Studio_Fitout__004__Embodied_carbon_reduction","Gebäude\PLP_London_HQ_Circular_Studio_Fitout.md","Embodied-carbon reduction","75.4","%"
"PLP_London_HQ_Circular_Studio_Fitout","PLP_London_HQ_Circular_Studio_Fitout__005__CO_diverted_from_landfill","Gebäude\PLP_London_HQ_Circular_Studio_Fitout.md","CO₂ „diverted from landfill“","175.78","t CO₂"
"PLP_London_HQ_Circular_Studio_Fitout","PLP_London_HQ_Circular_Studio_Fitout__006__Kosten","Gebäude\PLP_London_HQ_Circular_Studio_Fitout.md","Kosten","64","£/sq ft"
"PLP_London_HQ_Circular_Studio_Fitout","PLP_London_HQ_Circular_Studio_Fitout__007__Kostenreduktion","Gebäude\PLP_London_HQ_Circular_Studio_Fitout.md","Kostenreduktion","68","%"
"ReCrete_footbridge_reused_concrete_blocks","ReCrete_footbridge_reused_concrete_blocks__001__Anzahl_Betonbl_cke","Gebäude\ReCrete_footbridge_reused_concrete_blocks.md","Anzahl Betonblöcke","25","Stück"
"ReCrete_footbridge_reused_concrete_blocks","ReCrete_footbridge_reused_concrete_blocks__002__Spannweite","Gebäude\ReCrete_footbridge_reused_concrete_blocks.md","Spannweite","10","m"
"ReCrete_footbridge_reused_concrete_blocks","ReCrete_footbridge_reused_concrete_blocks__003__Stich_rise","Gebäude\ReCrete_footbridge_reused_concrete_blocks.md","Stich / rise","1,20","m"
"ReCrete_footbridge_reused_concrete_blocks","ReCrete_footbridge_reused_concrete_blocks__004__Breite","Gebäude\ReCrete_footbridge_reused_concrete_blocks.md","Breite","1,20","m"
"ReCrete_footbridge_reused_concrete_blocks","ReCrete_footbridge_reused_concrete_blocks__005__ffnungswinkel","Gebäude\ReCrete_footbridge_reused_concrete_blocks.md","Öffnungswinkel","26","Grad"
"ReCrete_footbridge_reused_concrete_blocks","ReCrete_footbridge_reused_concrete_blocks__006__Global_Warming_Potential_gegen_ber_Recyclingbeto","Gebäude\ReCrete_footbridge_reused_concrete_blocks.md","Global Warming Potential gegenüber Recyclingbeton-Alternative","−71","%"
"ReCrete_footbridge_reused_concrete_blocks","ReCrete_footbridge_reused_concrete_blocks__007__Global_Warming_Potential_gegen_ber_Stahl_Alterna","Gebäude\ReCrete_footbridge_reused_concrete_blocks.md","Global Warming Potential gegenüber Stahl-Alternative","−74","%"
"ReCrete_footbridge_reused_concrete_blocks","ReCrete_footbridge_reused_concrete_blocks__008__Global_Warming_Potential_gegen_ber_Holz_Alternat","Gebäude\ReCrete_footbridge_reused_concrete_blocks.md","Global Warming Potential gegenüber Holz-Alternative","+9","%"
"Recyclinghaus_Hannover","Recyclinghaus_Hannover__001__Fertigstellung_Bezug","Gebäude\Recyclinghaus_Hannover.md","Fertigstellung/Bezug","2019","Jahr"
"Recyclinghaus_Hannover","Recyclinghaus_Hannover__002__BGF","Gebäude\Recyclinghaus_Hannover.md","BGF","285","m²"
"Recyclinghaus_Hannover","Recyclinghaus_Hannover__003__Wohnfl_che","Gebäude\Recyclinghaus_Hannover.md","Wohnfläche","160","m²"
"Recyclinghaus_Hannover","Recyclinghaus_Hannover__004__Anteil_wiederverwendeter_Fassadenmaterialien","Gebäude\Recyclinghaus_Hannover.md","Anteil wiederverwendeter Fassadenmaterialien","90","%"
"Recyclinghaus_Hannover","Recyclinghaus_Hannover__005__Anteil_Altmaterial_im_Recyclingbeton","Gebäude\Recyclinghaus_Hannover.md","Anteil Altmaterial im Recyclingbeton","42","%"
"Recyclinghaus_Hannover","Recyclinghaus_Hannover__006__gebundener_CO_Anteil","Gebäude\Recyclinghaus_Hannover.md","gebundener CO₂-Anteil","ca. 100","t CO₂"
"Recyclinghaus_Hannover","Recyclinghaus_Hannover__007__Anteil_Innenmaterialien_aus_recycelten_gebraucht","Gebäude\Recyclinghaus_Hannover.md","Anteil Innenmaterialien aus recycelten/gebrauchten Beständen",">50","%"
"Recypark_Demets_Anderlecht","Recypark_Demets_Anderlecht__001__wiederverwendete_B_gen","Gebäude\Recypark_Demets_Anderlecht.md","wiederverwendete Bögen","20","Stück"
"Recypark_Demets_Anderlecht","Recypark_Demets_Anderlecht__002__urspr_ngliche_Spannweite_Breite_der_B_gen","Gebäude\Recypark_Demets_Anderlecht.md","ursprüngliche Spannweite/Breite der Bögen","26","m"
"Recypark_Demets_Anderlecht","Recypark_Demets_Anderlecht__003__built_surface","Gebäude\Recypark_Demets_Anderlecht.md","built surface","5.000","m²"
"Recypark_Demets_Anderlecht","Recypark_Demets_Anderlecht__004__Designzeitraum","Gebäude\Recypark_Demets_Anderlecht.md","Designzeitraum","2016–2019","Jahre"
"Recypark_Demets_Anderlecht","Recypark_Demets_Anderlecht__005__Bauzeitraum","Gebäude\Recypark_Demets_Anderlecht.md","Bauzeitraum","2021–2024","Jahre"
"Recypark_Demets_Anderlecht","Recypark_Demets_Anderlecht__006__Fertigstellung","Gebäude\Recypark_Demets_Anderlecht.md","Fertigstellung","2024","Jahr"
"Recypark_Demets_Anderlecht","Recypark_Demets_Anderlecht__007__Kosten_Gesamt","Gebäude\Recypark_Demets_Anderlecht.md","Kosten Gesamt","8,11 Mio.","€ excl. VAT"
"Recypark_Demets_Anderlecht","Recypark_Demets_Anderlecht__008__Kosten_Hallenteil","Gebäude\Recypark_Demets_Anderlecht.md","Kosten Hallenteil","728.000","€"
"Recypark_Demets_Anderlecht","Recypark_Demets_Anderlecht__013__Lebensdauer","Gebäude\Recypark_Demets_Anderlecht.md","Lebensdauer","„über traditionelle Standards hinaus“ qualitativ erwähnt","—"
"Resilience_La_Ferme_des_Possibles_Stains","Resilience_La_Ferme_des_Possibles_Stains__001__Fl_che","Gebäude\Resilience_La_Ferme_des_Possibles_Stains.md","Fläche","1.883","m² SHON / Nettofläche"
"Resilience_La_Ferme_des_Possibles_Stains","Resilience_La_Ferme_des_Possibles_Stains__002__Baukosten","Gebäude\Resilience_La_Ferme_des_Possibles_Stains.md","Baukosten","3.072.000","€"
"Resilience_La_Ferme_des_Possibles_Stains","Resilience_La_Ferme_des_Possibles_Stains__003__Baukosten_alternative","Gebäude\Resilience_La_Ferme_des_Possibles_Stains.md","Baukosten alternative","3.100.000","€ HT"
"Resilience_La_Ferme_des_Possibles_Stains","Resilience_La_Ferme_des_Possibles_Stains__004__Kosten_m","Gebäude\Resilience_La_Ferme_des_Possibles_Stains.md","Kosten/m²","1.631,44","€/m²"
"Resilience_La_Ferme_des_Possibles_Stains","Resilience_La_Ferme_des_Possibles_Stains__005__Prim_renergie","Gebäude\Resilience_La_Ferme_des_Possibles_Stains.md","Primärenergie","100","kWhep/m²·a"
"Resilience_La_Ferme_des_Possibles_Stains","Resilience_La_Ferme_des_Possibles_Stains__006__Geb_udemasse_ohne_Fundamente_und_Bodenplatte","Gebäude\Resilience_La_Ferme_des_Possibles_Stains.md","Gebäudemasse ohne Fundamente und Bodenplatte","570,1","t"
"Resilience_La_Ferme_des_Possibles_Stains","Resilience_La_Ferme_des_Possibles_Stains__007__Masse_Reuse_Material","Gebäude\Resilience_La_Ferme_des_Possibles_Stains.md","Masse Reuse-Material","72,24","t"
"Resilience_La_Ferme_des_Possibles_Stains","Resilience_La_Ferme_des_Possibles_Stains__008__Reuse_Anteil","Gebäude\Resilience_La_Ferme_des_Possibles_Stains.md","Reuse-Anteil","12,67","%"
"Resilience_La_Ferme_des_Possibles_Stains","Resilience_La_Ferme_des_Possibles_Stains__009__einfache_Holzfenster_reused","Gebäude\Resilience_La_Ferme_des_Possibles_Stains.md","einfache Holzfenster reused","450","m²"
"Resilience_La_Ferme_des_Possibles_Stains","Resilience_La_Ferme_des_Possibles_Stains__010__doppelte_Holzfenster_reused","Gebäude\Resilience_La_Ferme_des_Possibles_Stains.md","doppelte Holzfenster reused","60","m²"
"Resilience_La_Ferme_des_Possibles_Stains","Resilience_La_Ferme_des_Possibles_Stains__011__mobile_Trennwand","Gebäude\Resilience_La_Ferme_des_Possibles_Stains.md","mobile Trennwand","11","m²"
"Resilience_La_Ferme_des_Possibles_Stains","Resilience_La_Ferme_des_Possibles_Stains__012__Glast_ren","Gebäude\Resilience_La_Ferme_des_Possibles_Stains.md","Glastüren","14","Stück"
"Resilience_La_Ferme_des_Possibles_Stains","Resilience_La_Ferme_des_Possibles_Stains__013__Radiatoren","Gebäude\Resilience_La_Ferme_des_Possibles_Stains.md","Radiatoren","42","Stück"
"Resilience_La_Ferme_des_Possibles_Stains","Resilience_La_Ferme_des_Possibles_Stains__014__Sanit_r","Gebäude\Resilience_La_Ferme_des_Possibles_Stains.md","Sanitär","14","Stück"
"Resilience_La_Ferme_des_Possibles_Stains","Resilience_La_Ferme_des_Possibles_Stains__015__Leuchten","Gebäude\Resilience_La_Ferme_des_Possibles_Stains.md","Leuchten","60","Stück"
"Resilience_La_Ferme_des_Possibles_Stains","Resilience_La_Ferme_des_Possibles_Stains__016__BTC","Gebäude\Resilience_La_Ferme_des_Possibles_Stains.md","BTC","6.000 / 125","Stück / m²"
"Resilience_La_Ferme_des_Possibles_Stains","Resilience_La_Ferme_des_Possibles_Stains__017__Solivage_Reste","Gebäude\Resilience_La_Ferme_des_Possibles_Stains.md","Solivage-Reste","140","ml"
"Resilience_La_Ferme_des_Possibles_Stains","Resilience_La_Ferme_des_Possibles_Stains__018__Granitpflaster","Gebäude\Resilience_La_Ferme_des_Possibles_Stains.md","Granitpflaster","140","m²"
"Resilience_La_Ferme_des_Possibles_Stains","Resilience_La_Ferme_des_Possibles_Stains__019__CO_e_vermieden","Gebäude\Resilience_La_Ferme_des_Possibles_Stains.md","CO₂e vermieden","69,22","t CO₂e"
"Resilience_La_Ferme_des_Possibles_Stains","Resilience_La_Ferme_des_Possibles_Stains__020__Wasser_vermieden","Gebäude\Resilience_La_Ferme_des_Possibles_Stains.md","Wasser vermieden","763,3","m³"
"Resilience_La_Ferme_des_Possibles_Stains","Resilience_La_Ferme_des_Possibles_Stains__021__Abfall_vermieden","Gebäude\Resilience_La_Ferme_des_Possibles_Stains.md","Abfall vermieden","88","t"
"Resilience_La_Ferme_des_Possibles_Stains","Resilience_La_Ferme_des_Possibles_Stains__023__Einsparung_vs_neu","Gebäude\Resilience_La_Ferme_des_Possibles_Stains.md","Einsparung vs. neu","107.000","€"
"Roots_in_the_Sky_Blackfriars_Crown_Court","Roots_in_the_Sky_Blackfriars_Crown_Court__001__wiederverwendete_Stahlmenge","Gebäude\Roots_in_the_Sky_Blackfriars_Crown_Court.md","wiederverwendete Stahlmenge","30","t"
"Roots_in_the_Sky_Blackfriars_Crown_Court","Roots_in_the_Sky_Blackfriars_Crown_Court__002__CO_e_Einsparung_durch_30_t_Stahl","Gebäude\Roots_in_the_Sky_Blackfriars_Crown_Court.md","CO₂e-Einsparung durch 30 t Stahl","74","t CO₂e"
"Roots_in_the_Sky_Blackfriars_Crown_Court","Roots_in_the_Sky_Blackfriars_Crown_Court__003__gekaufter_salvaged_steel","Gebäude\Roots_in_the_Sky_Blackfriars_Crown_Court.md","gekaufter / salvaged steel","139","t"
"Roots_in_the_Sky_Blackfriars_Crown_Court","Roots_in_the_Sky_Blackfriars_Crown_Court__004__Upfront_carbon_Roots","Gebäude\Roots_in_the_Sky_Blackfriars_Crown_Court.md","Upfront carbon Roots","767","kgCO₂e/m²"
"Roots_in_the_Sky_Blackfriars_Crown_Court","Roots_in_the_Sky_Blackfriars_Crown_Court__005__Whole_life_carbon_Roots","Gebäude\Roots_in_the_Sky_Blackfriars_Crown_Court.md","Whole life carbon Roots","1.266","kgCO₂e/m²"
"Roots_in_the_Sky_Blackfriars_Crown_Court","Roots_in_the_Sky_Blackfriars_Crown_Court__006__Projektfl_che_Roots","Gebäude\Roots_in_the_Sky_Blackfriars_Crown_Court.md","Projektfläche Roots","385.000 / 430.000","sq ft"
"Roots_in_the_Sky_Blackfriars_Crown_Court","Roots_in_the_Sky_Blackfriars_Crown_Court__007__Rooftop_Forest","Gebäude\Roots_in_the_Sky_Blackfriars_Crown_Court.md","Rooftop Forest","125 Bäume / 10.000 Pflanzen / 1.000 t Boden","Anzahl / t"
"Roots_in_the_Sky_Blackfriars_Crown_Court","Roots_in_the_Sky_Blackfriars_Crown_Court__008__iQ_Nachfolgeprojekt","Gebäude\Roots_in_the_Sky_Blackfriars_Crown_Court.md","iQ-Nachfolgeprojekt","600 Studentenzimmer + 71 Sozialwohnungen","Anzahl"
"Roots_in_the_Sky_Blackfriars_Crown_Court","Roots_in_the_Sky_Blackfriars_Crown_Court__009__Kosten_Roots","Gebäude\Roots_in_the_Sky_Blackfriars_Crown_Court.md","Kosten Roots","180","Mio. £"
"Saxum_Vineyard_Equipment_Barn_Paso_Robles","Saxum_Vineyard_Equipment_Barn_Paso_Robles__003__Fl_che","Gebäude\Saxum_Vineyard_Equipment_Barn_Paso_Robles.md","Fläche","2.340","ft²"
"Saxum_Vineyard_Equipment_Barn_Paso_Robles","Saxum_Vineyard_Equipment_Barn_Paso_Robles__009__Energiebedarf_Erzeugung","Gebäude\Saxum_Vineyard_Equipment_Barn_Paso_Robles.md","Energiebedarf / Erzeugung","ca. 87.000–88.700","kWh/a"
"Superlocal_Expogebouw_Bleijerheide","Superlocal_Expogebouw_Bleijerheide__001__Reuse_Anteil","Gebäude\Superlocal_Expogebouw_Bleijerheide.md","Reuse-Anteil","95","%"
"Superlocal_Expogebouw_Bleijerheide","Superlocal_Expogebouw_Bleijerheide__002__Reuse_Anteil_alternative_Quelle","Gebäude\Superlocal_Expogebouw_Bleijerheide.md","Reuse-Anteil alternative Quelle","100","%"
"Superlocal_Expogebouw_Bleijerheide","Superlocal_Expogebouw_Bleijerheide__003__Fertigstellung_Lieferung","Gebäude\Superlocal_Expogebouw_Bleijerheide.md","Fertigstellung/Lieferung","22.02.2018","Datum"
"Superlocal_Expogebouw_Bleijerheide","Superlocal_Expogebouw_Bleijerheide__004__Gro_e_Betonunits","Gebäude\Superlocal_Expogebouw_Bleijerheide.md","Große Betonunits","3","Stück"
"Superlocal_Expogebouw_Bleijerheide","Superlocal_Expogebouw_Bleijerheide__005__Gewicht_Betonunits","Gebäude\Superlocal_Expogebouw_Bleijerheide.md","Gewicht Betonunits","ca. 45 / ca. 40","t je Element"
"Superlocal_Expogebouw_Bleijerheide","Superlocal_Expogebouw_Bleijerheide__006__Kranh_he","Gebäude\Superlocal_Expogebouw_Bleijerheide.md","Kranhöhe","52","m"
"Superlocal_Expogebouw_Bleijerheide","Superlocal_Expogebouw_Bleijerheide__007__Donor_Alter","Gebäude\Superlocal_Expogebouw_Bleijerheide.md","Donor-Alter","ca. 50","Jahre"
"Superlocal_Expogebouw_Bleijerheide","Superlocal_Expogebouw_Bleijerheide__011__Transportdistanz","Gebäude\Superlocal_Expogebouw_Bleijerheide.md","Transportdistanz","lokal, genaue km unbekannt","km"
"Superlocal_Expogebouw_Bleijerheide","Superlocal_Expogebouw_Bleijerheide__012__Materialdatenmodell","Gebäude\Superlocal_Expogebouw_Bleijerheide.md","Materialdatenmodell","Track-and-trace, STABU-/QR-Code, Materialpass","—"
"Svanen_Kindergarten_Gladsaxe","Svanen_Kindergarten_Gladsaxe__001__Fl_che_Lendager","Gebäude\Svanen_Kindergarten_Gladsaxe.md","Fläche Lendager","1.436","m²"
"Svanen_Kindergarten_Gladsaxe","Svanen_Kindergarten_Gladsaxe__002__Fl_che_Sweco","Gebäude\Svanen_Kindergarten_Gladsaxe.md","Fläche Sweco","1.270","m²"
"Svanen_Kindergarten_Gladsaxe","Svanen_Kindergarten_Gladsaxe__003__Zeitraum","Gebäude\Svanen_Kindergarten_Gladsaxe.md","Zeitraum","2019–2022","Jahre"
"Svanen_Kindergarten_Gladsaxe","Svanen_Kindergarten_Gladsaxe__004__ffnung","Gebäude\Svanen_Kindergarten_Gladsaxe.md","Öffnung","April 2022","Monat/Jahr"
"Svanen_Kindergarten_Gladsaxe","Svanen_Kindergarten_Gladsaxe__005__Materialeinsparung","Gebäude\Svanen_Kindergarten_Gladsaxe.md","Materialeinsparung","6.278","t"
"Svanen_Kindergarten_Gladsaxe","Svanen_Kindergarten_Gladsaxe__006__CO_Einsparung","Gebäude\Svanen_Kindergarten_Gladsaxe.md","CO₂-Einsparung","177.668 kg / ca. 178 t","kg / t CO₂"
"Svanen_Kindergarten_Gladsaxe","Svanen_Kindergarten_Gladsaxe__007__zerkleinerter_Beton","Gebäude\Svanen_Kindergarten_Gladsaxe.md","zerkleinerter Beton","6.000","t"
"Svanen_Kindergarten_Gladsaxe","Svanen_Kindergarten_Gladsaxe__008__Recyclingbeton_Zuschlag","Gebäude\Svanen_Kindergarten_Gladsaxe.md","Recyclingbeton-Zuschlag","600","t"
"Svanen_Kindergarten_Gladsaxe","Svanen_Kindergarten_Gladsaxe__011__Transportdistanz","Gebäude\Svanen_Kindergarten_Gladsaxe.md","Transportdistanz","sehr gering / same-site, exakte Distanz unbekannt","—"
"The_Green_House_Utrecht","The_Green_House_Utrecht__004__Gew_chshausfl_che","Gebäude\The_Green_House_Utrecht.md","Gewächshausfläche","80","m²"
"The_Green_House_Utrecht","The_Green_House_Utrecht__005__geplante_Standortnutzungsdauer","Gebäude\The_Green_House_Utrecht.md","geplante Standortnutzungsdauer","15","Jahre"
"The_Green_House_Utrecht","The_Green_House_Utrecht__010__Bauzeit","Gebäude\The_Green_House_Utrecht.md","Bauzeit","2016–2018 ungefähr","Jahre"
"The_Green_House_Utrecht","The_Green_House_Utrecht__013__Lebensdauer","Gebäude\The_Green_House_Utrecht.md","Lebensdauer","Standort 15; Bauteillebensdauer unbekannt","Jahre"
"Thoravej_29_Copenhagen","Thoravej_29_Copenhagen__001__Materialwiederverwendung","Gebäude\Thoravej_29_Copenhagen.md","Materialwiederverwendung","95","%"
"Thoravej_29_Copenhagen","Thoravej_29_Copenhagen__002__CO_Reduktion_gegen_ber_Neubau","Gebäude\Thoravej_29_Copenhagen.md","CO₂-Reduktion gegenüber Neubau","bis 88","%"
"Thoravej_29_Copenhagen","Thoravej_29_Copenhagen__003__Abfallreduktion","Gebäude\Thoravej_29_Copenhagen.md","Abfallreduktion","90","%"
"Thoravej_29_Copenhagen","Thoravej_29_Copenhagen__004__Fl_che","Gebäude\Thoravej_29_Copenhagen.md","Fläche","6.224 / 6.336","m²"
"Thoravej_29_Copenhagen","Thoravej_29_Copenhagen__005__Fertigstellung","Gebäude\Thoravej_29_Copenhagen.md","Fertigstellung","Anfang 2025","Jahr"
"Thoravej_29_Copenhagen","Thoravej_29_Copenhagen__006__DGNB_Gold","Gebäude\Thoravej_29_Copenhagen.md","DGNB Gold","Vorzertifizierung 2023","-"
"Timber_Square_London","Timber_Square_London__001__Wiederverwendete_Stahltr_ger","Gebäude\Timber_Square_London.md","Wiederverwendete Stahlträger",">500","Stück"
"Timber_Square_London","Timber_Square_London__002__Wiederverwendeter_Stahl","Gebäude\Timber_Square_London.md","Wiederverwendeter Stahl","115","t"
"Timber_Square_London","Timber_Square_London__003__Wiederverwendeter_Stahl","Gebäude\Timber_Square_London.md","Wiederverwendeter Stahl","116","t"
"Timber_Square_London","Timber_Square_London__004__Wiederverwendeter_Stahl","Gebäude\Timber_Square_London.md","Wiederverwendeter Stahl","125","t"
"Timber_Square_London","Timber_Square_London__005__CO_Einsparung_reused_steel","Gebäude\Timber_Square_London.md","CO₂-Einsparung reused steel","216","tCO₂e"
"Timber_Square_London","Timber_Square_London__006__CO_Einsparung_reused_steel","Gebäude\Timber_Square_London.md","CO₂-Einsparung reused steel","276","tCO₂e"
"Timber_Square_London","Timber_Square_London__007__Retained_Print_Building_structure","Gebäude\Timber_Square_London.md","Retained Print Building structure","ca. 80","%"
"Timber_Square_London","Timber_Square_London__008__GIA","Gebäude\Timber_Square_London.md","GIA","52.026","m²"
"Timber_Square_London","Timber_Square_London__009__Area","Gebäude\Timber_Square_London.md","Area","33.910","m²"
"Timber_Square_London","Timber_Square_London__010__Workspace","Gebäude\Timber_Square_London.md","Workspace","365.000","sq ft"
"Timber_Square_London","Timber_Square_London__011__Gesamtgr_e","Gebäude\Timber_Square_London.md","Gesamtgröße","380.000","sq ft"
"Timber_Square_London","Timber_Square_London__012__Upfront_carbon_total","Gebäude\Timber_Square_London.md","Upfront carbon total","510","kgCO₂e/m²"
"Timber_Square_London","Timber_Square_London__013__Upfront_carbon_Stage_4","Gebäude\Timber_Square_London.md","Upfront carbon Stage 4","<550 / 550","kgCO₂e/m²"
"Timber_Square_London","Timber_Square_London__014__Structural_embodied_carbon","Gebäude\Timber_Square_London.md","Structural embodied carbon","205","kgCO₂e/m²"
"Timber_Square_London","Timber_Square_London__015__Carbon_stored_by_timber","Gebäude\Timber_Square_London.md","Carbon stored by timber","5.300 oder 4.999","tCO₂e"
"Timber_Square_London","Timber_Square_London__016__Bauzeit_Completion","Gebäude\Timber_Square_London.md","Bauzeit/Completion","Q4 2025 / 2026","Jahr/Quartal"
"Timber_Square_London","Timber_Square_London__018__Kosten","Gebäude\Timber_Square_London.md","Kosten","unbekannt reuse-spezifisch","-"
"TRAE_High_Rise_Aarhus","TRAE_High_Rise_Aarhus__001__H_he","Gebäude\TRAE_High_Rise_Aarhus.md","Höhe","78","m"
"TRAE_High_Rise_Aarhus","TRAE_High_Rise_Aarhus__002__Geschosse","Gebäude\TRAE_High_Rise_Aarhus.md","Geschosse","20","Anzahl"
"TRAE_High_Rise_Aarhus","TRAE_High_Rise_Aarhus__003__Fl_che","Gebäude\TRAE_High_Rise_Aarhus.md","Fläche","14.850","m²"
"TRAE_High_Rise_Aarhus","TRAE_High_Rise_Aarhus__004__Zeitraum","Gebäude\TRAE_High_Rise_Aarhus.md","Zeitraum","2018–2025","Jahre"
"TRAE_High_Rise_Aarhus","TRAE_High_Rise_Aarhus__005__Er_ffnung","Gebäude\TRAE_High_Rise_Aarhus.md","Eröffnung","5. Mai 2025","Datum"
"TRAE_High_Rise_Aarhus","TRAE_High_Rise_Aarhus__006__embodied_carbon_reduction","Gebäude\TRAE_High_Rise_Aarhus.md","embodied carbon reduction","30–50","%"
"TRAE_High_Rise_Aarhus","TRAE_High_Rise_Aarhus__007__a_gain_CO_Footprint","Gebäude\TRAE_High_Rise_Aarhus.md","a:gain CO₂-Footprint","130.096","kg CO₂e"
"TRAE_High_Rise_Aarhus","TRAE_High_Rise_Aarhus__008__a_gain_waste_saved","Gebäude\TRAE_High_Rise_Aarhus.md","a:gain waste saved","170.534","kg"
"TRAE_High_Rise_Aarhus","TRAE_High_Rise_Aarhus__009__a_gain_Produkte","Gebäude\TRAE_High_Rise_Aarhus.md","a:gain Produkte","10.494 m² Akustik; 9.229 m² End-Grain; 7.669 m² Parkett; 110 m² Fenster; 67 m² Glaswand; 1.652 m² Akustik-Wand; 11.967 m Profile","m² / m"
"TRAE_High_Rise_Aarhus","TRAE_High_Rise_Aarhus__010__U_Wert_KRONE_upcycled_windows","Gebäude\TRAE_High_Rise_Aarhus.md","U-Wert KRONE upcycled windows","0,85","W/m²K"
"TRAE_High_Rise_Aarhus","TRAE_High_Rise_Aarhus__011__Restlebensdauer_Alu_Fassade","Gebäude\TRAE_High_Rise_Aarhus.md","Restlebensdauer Alu-Fassade","80–100","Jahre"
"Upcycle_Studios_Copenhagen","Upcycle_Studios_Copenhagen__001__Reihenh_user","Gebäude\Upcycle_Studios_Copenhagen.md","Reihenhäuser","20","Stück"
"Upcycle_Studios_Copenhagen","Upcycle_Studios_Copenhagen__002__Fl_che","Gebäude\Upcycle_Studios_Copenhagen.md","Fläche","3.440","m²"
"Upcycle_Studios_Copenhagen","Upcycle_Studios_Copenhagen__003__Fl_che","Gebäude\Upcycle_Studios_Copenhagen.md","Fläche","3.909","m²"
"Upcycle_Studios_Copenhagen","Upcycle_Studios_Copenhagen__004__Fertigstellung","Gebäude\Upcycle_Studios_Copenhagen.md","Fertigstellung","2018","Jahr"
"Upcycle_Studios_Copenhagen","Upcycle_Studios_Copenhagen__005__Fertigstellung","Gebäude\Upcycle_Studios_Copenhagen.md","Fertigstellung","2019","Jahr"
"Upcycle_Studios_Copenhagen","Upcycle_Studios_Copenhagen__006__Fenster_wiederverwendet","Gebäude\Upcycle_Studios_Copenhagen.md","Fenster wiederverwendet","75","% der Fenster"
"Upcycle_Studios_Copenhagen","Upcycle_Studios_Copenhagen__007__Upcycled_recycled_Anteil","Gebäude\Upcycle_Studios_Copenhagen.md","Upcycled/recycled Anteil","> 2/3","Anteil Gebäude"
"Upcycle_Studios_Copenhagen","Upcycle_Studios_Copenhagen__008__Beton_aus_Metro_Abfall","Gebäude\Upcycle_Studios_Copenhagen.md","Beton aus Metro-Abfall","904","t"
"Upcycle_Studios_Copenhagen","Upcycle_Studios_Copenhagen__009__Beton_aus_Metro_Abfall","Gebäude\Upcycle_Studios_Copenhagen.md","Beton aus Metro-Abfall","1000","t"
"Upcycle_Studios_Copenhagen","Upcycle_Studios_Copenhagen__010__Beton_aus_Metro_Abfall","Gebäude\Upcycle_Studios_Copenhagen.md","Beton aus Metro-Abfall","1400 tons / ca. 1270 t","tons/t"
"Upcycle_Studios_Copenhagen","Upcycle_Studios_Copenhagen__011__Abfall_vermieden","Gebäude\Upcycle_Studios_Copenhagen.md","Abfall vermieden","914.000","kg"
"Upcycle_Studios_Copenhagen","Upcycle_Studios_Copenhagen__012__CO_Reduktion_Materialien","Gebäude\Upcycle_Studios_Copenhagen.md","CO₂-Reduktion Materialien","32","%"
"Upcycle_Studios_Copenhagen","Upcycle_Studios_Copenhagen__013__CO_Einsparung_ber_50_Jahre","Gebäude\Upcycle_Studios_Copenhagen.md","CO₂-Einsparung über 50 Jahre","45","%"
"Upcycle_Studios_Copenhagen","Upcycle_Studios_Copenhagen__014__CO_Footprint","Gebäude\Upcycle_Studios_Copenhagen.md","CO₂-Footprint","53.182","kg CO₂e"
"Upcycle_Studios_Copenhagen","Upcycle_Studios_Copenhagen__017__Lebensdauer","Gebäude\Upcycle_Studios_Copenhagen.md","Lebensdauer","50","Jahre"
"Verbiest_Karreveld_Brussels","Verbiest_Karreveld_Brussels__001__Karreveld_wiederverwendete_Innenw_nde","Gebäude\Verbiest_Karreveld_Brussels.md","Karreveld wiederverwendete Innenwände","ca. 450","m²"
"Verbiest_Karreveld_Brussels","Verbiest_Karreveld_Brussels__002__Karreveld_wiederverwendete_abgeh_ngte_Decke_Leuc","Gebäude\Verbiest_Karreveld_Brussels.md","Karreveld wiederverwendete abgehängte Decke + Leuchten","ca. 400","m²"
"Verbiest_Karreveld_Brussels","Verbiest_Karreveld_Brussels__003__Verbiest_Projektfl_che","Gebäude\Verbiest_Karreveld_Brussels.md","Verbiest Projektfläche","610","m²"
"Verbiest_Karreveld_Brussels","Verbiest_Karreveld_Brussels__004__Verbiest_Bestandslager","Gebäude\Verbiest_Karreveld_Brussels.md","Verbiest Bestandslager","fast 1000","m²"
"Verbiest_Karreveld_Brussels","Verbiest_Karreveld_Brussels__005__Karreveld_Phase_2_Kosten","Gebäude\Verbiest_Karreveld_Brussels.md","Karreveld Phase-2-Kosten","6.000.000","EUR exkl. MwSt."
"Verbiest_Karreveld_Brussels","Verbiest_Karreveld_Brussels__011__Bauzeit","Gebäude\Verbiest_Karreveld_Brussels.md","Bauzeit","Verbiest bis 2020; Karreveld Phasen bis 2022/2023","Jahre"
"Villa_Welpeloo_Enschede","Villa_Welpeloo_Enschede__001__Anteil_salvaged_reused_materials","Gebäude\Villa_Welpeloo_Enschede.md","Anteil salvaged/reused materials","ca. 60","%"
"Villa_Welpeloo_Enschede","Villa_Welpeloo_Enschede__002__Anteil_Innenausbau_reused","Gebäude\Villa_Welpeloo_Enschede.md","Anteil Innenausbau reused","ca. 90","%"
"Villa_Welpeloo_Enschede","Villa_Welpeloo_Enschede__003__CO_Reduktion_Struktur_und_Fassade","Gebäude\Villa_Welpeloo_Enschede.md","CO₂-Reduktion Struktur und Fassade","ca. 90","%"
"Villa_Welpeloo_Enschede","Villa_Welpeloo_Enschede__004__Fertigstellung","Gebäude\Villa_Welpeloo_Enschede.md","Fertigstellung","2009","Jahr"
"Villa_Welpeloo_Enschede","Villa_Welpeloo_Enschede__005__Entwurfsbeginn","Gebäude\Villa_Welpeloo_Enschede.md","Entwurfsbeginn","2005","Jahr"
"Villa_Welpeloo_Enschede","Villa_Welpeloo_Enschede__006__Fl_che","Gebäude\Villa_Welpeloo_Enschede.md","Fläche","250 / 312 / 400","m²"
"Villa_Welpeloo_Enschede","Villa_Welpeloo_Enschede__009__Kosten","Gebäude\Villa_Welpeloo_Enschede.md","Kosten","unbekannt reuse-spezifisch","-"
"Woongroep_Boschgaard_Den_Bosch","Woongroep_Boschgaard_Den_Bosch__001__Wohneinheiten","Gebäude\Woongroep_Boschgaard_Den_Bosch.md","Wohneinheiten","19","Einheiten"
"Woongroep_Boschgaard_Den_Bosch","Woongroep_Boschgaard_Den_Bosch__002__Fertigstellung_Nutzung","Gebäude\Woongroep_Boschgaard_Den_Bosch.md","Fertigstellung / Nutzung","Anfang 2024","Jahr"
"Woongroep_Boschgaard_Den_Bosch","Woongroep_Boschgaard_Den_Bosch__003__Sekund_re_Materialien","Gebäude\Woongroep_Boschgaard_Den_Bosch.md","Sekundäre Materialien","84","%"
"Woongroep_Boschgaard_Den_Bosch","Woongroep_Boschgaard_Den_Bosch__004__Geerntete_Materialien","Gebäude\Woongroep_Boschgaard_Den_Bosch.md","Geerntete Materialien","ca. 85","%"
"Woongroep_Boschgaard_Den_Bosch","Woongroep_Boschgaard_Den_Bosch__005__Zielwert_Reuse","Gebäude\Woongroep_Boschgaard_Den_Bosch.md","Zielwert Reuse","90","%"
"Woongroep_Boschgaard_Den_Bosch","Woongroep_Boschgaard_Den_Bosch__006__CO_Einsparung","Gebäude\Woongroep_Boschgaard_Den_Bosch.md","CO₂-Einsparung","70","%"
"Woongroep_Boschgaard_Den_Bosch","Woongroep_Boschgaard_Den_Bosch__007__vermiedene_Umweltsch_den","Gebäude\Woongroep_Boschgaard_Den_Bosch.md","vermiedene Umweltschäden","700.000","€"
"Woongroep_Boschgaard_Den_Bosch","Woongroep_Boschgaard_Den_Bosch__008__Anteil_an_Baukosten","Gebäude\Woongroep_Boschgaard_Den_Bosch.md","Anteil an Baukosten","1/5","Anteil"
"Woongroep_Boschgaard_Den_Bosch","Woongroep_Boschgaard_Den_Bosch__009__PV_Anlage","Gebäude\Woongroep_Boschgaard_Den_Bosch.md","PV-Anlage","234","Module"
"Woongroep_Boschgaard_Den_Bosch","Woongroep_Boschgaard_Den_Bosch__010__Erdw_rmesonden","Gebäude\Woongroep_Boschgaard_Den_Bosch.md","Erdwärmesonden","80","m Länge"
"Woongroep_Boschgaard_Den_Bosch","Woongroep_Boschgaard_Den_Bosch__011__Regenwasserspeicher","Gebäude\Woongroep_Boschgaard_Den_Bosch.md","Regenwasserspeicher","bis 80","m³"
"Woongroep_Boschgaard_Den_Bosch","Woongroep_Boschgaard_Den_Bosch__012__wiederverwendete_Dachspanten","Gebäude\Woongroep_Boschgaard_Den_Bosch.md","wiederverwendete Dachspanten","24","Stück"
"Zinneke_Feder_Masui4ever_Brussels","Zinneke_Feder_Masui4ever_Brussels__001__erhaltene_Geb_udemasse","Gebäude\Zinneke_Feder_Masui4ever_Brussels.md","erhaltene Gebäudemasse","94","% Masse"
"Zinneke_Feder_Masui4ever_Brussels","Zinneke_Feder_Masui4ever_Brussels__002__Anteil_Second_hand_an_neuen_Materialien","Gebäude\Zinneke_Feder_Masui4ever_Brussels.md","Anteil Second-hand an neuen Materialien","12","% Masse"
"Zinneke_Feder_Masui4ever_Brussels","Zinneke_Feder_Masui4ever_Brussels__003__Stahltr_ger_reused","Gebäude\Zinneke_Feder_Masui4ever_Brussels.md","Stahlträger reused","ca. 30","Stück"
"Zinneke_Feder_Masui4ever_Brussels","Zinneke_Feder_Masui4ever_Brussels__004__Fensterrahmen_reused","Gebäude\Zinneke_Feder_Masui4ever_Brussels.md","Fensterrahmen reused","5","Stück"
"Zinneke_Feder_Masui4ever_Brussels","Zinneke_Feder_Masui4ever_Brussels__005__Steinwolle_D_mmung_reused","Gebäude\Zinneke_Feder_Masui4ever_Brussels.md","Steinwolle-Dämmung reused","450","m²"
"Zinneke_Feder_Masui4ever_Brussels","Zinneke_Feder_Masui4ever_Brussels__006__Stahl_Treppen_reused","Gebäude\Zinneke_Feder_Masui4ever_Brussels.md","Stahl-Treppen reused","2","Stück"
"Zinneke_Feder_Masui4ever_Brussels","Zinneke_Feder_Masui4ever_Brussels__007__Azob_Terrassendielen","Gebäude\Zinneke_Feder_Masui4ever_Brussels.md","Azobé-Terrassendielen","90","m²"
"Zinneke_Feder_Masui4ever_Brussels","Zinneke_Feder_Masui4ever_Brussels__008__Eichenparkett","Gebäude\Zinneke_Feder_Masui4ever_Brussels.md","Eichenparkett","300","m²"
"Zinneke_Feder_Masui4ever_Brussels","Zinneke_Feder_Masui4ever_Brussels__009__Heizk_rper","Gebäude\Zinneke_Feder_Masui4ever_Brussels.md","Heizkörper","ca. 20","Stück"
"Zinneke_Feder_Masui4ever_Brussels","Zinneke_Feder_Masui4ever_Brussels__010__T_ren","Gebäude\Zinneke_Feder_Masui4ever_Brussels.md","Türen",">20","Stück"
"Zinneke_Feder_Masui4ever_Brussels","Zinneke_Feder_Masui4ever_Brussels__011__L_ftungsgruppe","Gebäude\Zinneke_Feder_Masui4ever_Brussels.md","Lüftungsgruppe","1","Stück"
"Zinneke_Feder_Masui4ever_Brussels","Zinneke_Feder_Masui4ever_Brussels__012__Fl_che","Gebäude\Zinneke_Feder_Masui4ever_Brussels.md","Fläche","2.088 / 4.000","m²"
"Zinneke_Feder_Masui4ever_Brussels","Zinneke_Feder_Masui4ever_Brussels__013__Budget","Gebäude\Zinneke_Feder_Masui4ever_Brussels.md","Budget","4,24","Mio. €"
"Zinneke_Feder_Masui4ever_Brussels","Zinneke_Feder_Masui4ever_Brussels__014__EU_BCR_Budget","Gebäude\Zinneke_Feder_Masui4ever_Brussels.md","EU + BCR Budget","4,20","Mio. €"
